profile,actor,DPS,increase,
Single,VW_DH_VW_VF_yshaarj_nzoth_yogg_3977567263842285_IN_IV_ME,38029,104.93%,
Single,VW_DH_VW_VF_yshaarj_nzoth_yogg_3977567263842285_IN_IV_DR,37530,102.24%,
Single,VW_DH_VW_VF_yshaarj_nzoth_yogg_3977567263841775_IN_IV_ME,37499,102.08%,
Single,VW_DH_VW_VF_nzoth_yogg_cthun_3132996304822253_IN_IV_ME,37348,101.26%,
Single,VW_DH_VW_VF_nzoth_yogg_cthun_3150313612959725_IN_IV_ME,37320,101.11%,
Single,VW_DH_TV_VF_nzoth_yogg_cthun_3150313612959725_IN_IV_ME,37315,101.08%,
Single,VW_DH_TV_VF_nzoth_yogg_cthun_3132859939610605_IN_IV_ME,37315,101.08%,
Single,VW_DH_VW_VF_nzoth_yogg_cthun_3132859939610605_IN_IV_ME,37289,100.94%,
Single,VW_DH_VW_VF_nzoth_yogg_cthun_3132858865876973_IN_IV_ME,37178,100.34%,
Single,VW_DH_TV_VF_nzoth_yogg_cthun_3132996304822253_IN_IV_ME,37169,100.30%,
Single,VW_DH_TV_VF_nzoth_yogg_cthun_3132858865876973_IN_IV_DR,37149,100.19%,
Single,VW_DH_VW_VF_yshaarj_nzoth_yogg_3977567263841775_IN_IV_DR,37133,100.10%,
Single,VW_DH_VW_VF_nzoth_yogg_cthun_3132867455803373_IN_IV_ME,37127,100.07%,
Single,VW_DH_TV_VF_nzoth_yogg_cthun_3132859939610605_IN_IV_DR,37117,100.01%,
Single,VW_DH_TV_VF_nzoth_yogg_cthun_3150313612959725_IN_IV_DR,37075,99.79%,
Single,VW_DH_TV_VF_nzoth_yogg_cthun_3132858865876973_IN_IV_ME,37069,99.76%,
Single,VW_DH_VW_VF_nzoth_yogg_cthun_3150313612959725_IN_IV_DR,37039,99.59%,
Single,VW_DH_VW_VF_nzoth_yogg_cthun_3132859939610605_IN_IV_DR,37027,99.53%,
Single,VW_DH_TV_VF_nzoth_yogg_cthun_3132867455803373_IN_IV_ME,37013,99.46%,
Single,VW_DH_TV_VF_nzoth_yogg_cthun_3132858932977645_IN_IV_ME,36967,99.21%,
Single,VW_DH_VW_VF_yshaarj_nzoth_yogg_3977567263842285_IN_AM_DR,36959,99.16%,
Single,VW_DH_VW_VF_yshaarj_nzoth_yogg_4049515482243053_IN_IV_ME,36940,99.06%,
Single,VW_DH_VW_VF_nzoth_yogg_cthun_3132859939610095_IN_IV_ME,36935,99.03%,
Single,VW_DH_TV_VF_nzoth_yogg_cthun_3132858866393069_IN_IV_ME,36933,99.03%,
Single,VW_DH_VW_VF_yshaarj_nzoth_yogg_3977567263842285_IN_AM_ME,36933,99.02%,
Single,VW_DH_TV_VF_nzoth_yogg_cthun_3132996304822253_IN_IV_DR,36923,98.97%,
Single,VW_DH_VW_VF_nzoth_yogg_cthun_3132858865876973_IN_IV_DR,36906,98.88%,
Single,VW_DH_VW_VF_nzoth_yogg_cthun_3150313612959215_IN_IV_ME,36903,98.86%,
Single,VW_DH_VW_VF_nzoth_yogg_cthun_3132858866393069_IN_IV_ME,36891,98.80%,
Single,VW_DH_VW_VF_nzoth_yogg_cthun_3132996304822253_IN_IV_DR,36878,98.73%,
Single,VW_DH_TV_VF_yshaarj_nzoth_yogg_3977567263842285_IN_IV_ME,36848,98.57%,
Single,VW_DH_VW_VF_nzoth_yogg_cthun_3132858932977645_IN_IV_ME,36830,98.47%,
Single,VW_DH_TV_VF_nzoth_yogg_cthun_3150313612959215_IN_IV_ME,36815,98.39%,
Single,VW_DH_VW_VF_nzoth_yogg_cthun_3150313612959215_IN_IV_DR,36788,98.24%,
Single,VW_DH_TV_VF_nzoth_yogg_cthun_3132859939610095_IN_IV_ME,36738,97.97%,
Single,VW_DH_VW_VF_yshaarj_nzoth_yogg_4049515482243053_IN_IV_DR,36718,97.86%,
Single,VW_DH_VW_VF_yshaarj_nzoth_yogg_3979696493879277_IN_IV_ME,36709,97.82%,
Single,VW_DH_VW_VF_nzoth_yogg_cthun_3132867455803373_IN_IV_DR,36706,97.80%,
Single,VW_DH_TV_VF_nzoth_yogg_cthun_3132867455803373_IN_IV_DR,36685,97.69%,
Single,VW_DH_TV_VF_nzoth_yogg_cthun_3150313612959215_IN_IV_DR,36665,97.58%,
Single,VW_DH_TV_VF_nzoth_yogg_cthun_3132859939610095_IN_IV_DR,36635,97.42%,
Single,VW_DH_VW_VF_yshaarj_nzoth_yogg_3979696493879277_IN_IV_DR,36631,97.40%,
Single,VW_DH_TV_VF_nzoth_yogg_cthun_3132858932977645_IN_IV_DR,36621,97.34%,
Single,VW_DH_VW_VF_nzoth_yogg_cthun_3132858932977645_IN_IV_DR,36612,97.30%,
Single,VW_DH_VW_VF_yshaarj_nzoth_yogg_3977567263841775_IN_AM_ME,36582,97.13%,
Single,VW_DH_TV_VF_nzoth_yogg_cthun_3132996304821743_IN_IV_ME,36577,97.11%,
Single,VW_DH_VW_VF_yshaarj_nzoth_cthun_3696297371820013_IN_IV_DR,36568,97.06%,
Single,VW_DH_TV_VF_nzoth_yogg_cthun_3132858865876463_IN_IV_ME,36566,97.05%,
Single,VW_DH_VW_VF_nzoth_yogg_cthun_3132996304821743_IN_IV_ME,36514,96.77%,
Single,VW_DH_VW_VF_nzoth_yogg_cthun_3132858865876463_IN_IV_ME,36514,96.76%,
Single,VW_DH_TV_VF_nzoth_yogg_cthun_3132858866393069_IN_IV_DR,36496,96.67%,
Single,VW_DH_TV_VF_nzoth_yogg_cthun_3132858865876463_IN_IV_DR,36462,96.49%,
Single,VW_DH_TV_VF_nzoth_yogg_cthun_3132859939610605_IN_AM_ME,36449,96.41%,
Single,VW_DH_VW_VF_nzoth_yogg_cthun_3132859939610095_IN_IV_DR,36447,96.41%,
Single,VW_DH_TV_VF_nzoth_yogg_cthun_3132867455802863_IN_IV_ME,36443,96.38%,
Single,VW_DH_TV_VF_yshaarj_nzoth_yogg_3977567263841775_IN_IV_ME,36436,96.35%,
Single,VW_DH_TV_VF_yshaarj_nzoth_yogg_3977567263842285_IN_IV_DR,36430,96.31%,
Single,VW_DH_VW_VF_nzoth_yogg_cthun_3132858866393069_IN_IV_DR,36427,96.30%,
Single,VW_DH_TV_VF_nzoth_yogg_cthun_3132858866392559_IN_IV_ME,36422,96.27%,
Single,VW_DH_VW_VF_yshaarj_nzoth_yogg_3977567263841775_IN_AM_DR,36420,96.26%,
Single,VW_DH_VW_VF_yshaarj_nzoth_yogg_4049515482242543_IN_IV_ME,36415,96.23%,
Single,VW_DH_VW_VF_yshaarj_nzoth_cthun_3696297371820013_IN_IV_ME,36410,96.20%,
Single,VW_DH_VW_VF_nzoth_yogg_cthun_3132867455802863_IN_IV_ME,36404,96.17%,
Single,VW_DH_VW_VF_yshaarj_nzoth_yogg_3977772348530669_IN_IV_ME,36399,96.15%,
Single,VW_DH_VW_VF_nzoth_yogg_cthun_3132876045737965_IN_IV_ME_DS,36398,96.14%,
Single,VW_DH_VW_VF_nzoth_yogg_cthun_3132996304821743_IN_IV_DR,36397,96.14%,
Single,VW_DH_VW_VF_yshaarj_nzoth_yogg_3977497470631917_IN_IV_DR,36389,96.09%,
Single,VW_DH_VW_VF_yshaarj_nzoth_yogg_3979696493878767_IN_IV_ME,36387,96.08%,
Single,VW_DH_VW_VF_nzoth_yogg_cthun_3132858865876463_IN_IV_DR,36377,96.03%,
Single,VW_DH_VW_VF_nzoth_yogg_cthun_3132858932977135_IN_IV_ME,36373,96.01%,
Single,VW_DH_VW_VF_yshaarj_nzoth_yogg_4049515482242543_IN_IV_DR,36367,95.97%,
Single,VW_DH_VW_VF_yshaarj_nzoth_yogg_3977634909577197_IN_IV_ME,36359,95.93%,
Single,VW_DH_VW_VF_yshaarj_nzoth_yogg_3977634909577197_IN_IV_DR,36354,95.91%,
Single,VW_DH_VW_VF_nzoth_yogg_cthun_3150313612959725_IN_AM_ME,36346,95.86%,
Single,VW_DH_VW_VF_nzoth_yogg_cthun_3132858866392559_IN_IV_ME,36346,95.86%,
Single,VW_DH_TV_VF_nzoth_yogg_cthun_3132876045737965_IN_IV_ME_DS,36316,95.70%,
Single,VW_DH_TV_VF_nzoth_yogg_cthun_3132996304821743_IN_IV_DR,36309,95.66%,
Single,VW_DH_VW_VF_yshaarj_nzoth_yogg_3977497470631407_IN_IV_DR,36279,95.50%,
Single,VW_DH_TV_VF_yshaarj_nzoth_yogg_4049515482243053_IN_IV_ME,36257,95.38%,
Single,VW_DH_VW_VF_yshaarj_nzoth_yogg_3977497470631917_IN_IV_ME,36254,95.36%,
Single,VW_DH_VW_VF_yshaarj_nzoth_yogg_3979696493878767_IN_IV_DR,36250,95.34%,
Single,VW_DH_VW_VF_yshaarj_nzoth_yogg_4049516555984877_IN_IV_ME,36244,95.31%,
Single,VW_DH_VW_VF_nzoth_yogg_cthun_3132859939610605_IN_AM_ME,36237,95.27%,
Single,VW_DH_VW_VF_yshaarj_nzoth_yogg_3977772348530669_IN_IV_DR,36226,95.22%,
Single,VW_DH_VW_VF_nzoth_yogg_cthun_3150313612959725_IN_AM_DR,36220,95.18%,
Single,VW_DH_TV_VF_nzoth_yogg_cthun_3132859939610605_IN_AM_DR,36210,95.13%,
Single,VW_DH_TV_VF_nzoth_yogg_cthun_3132996304822253_IN_AM_ME,36189,95.01%,
Single,VW_DH_TV_VF_nzoth_yogg_cthun_3132867455802863_IN_IV_DR,36185,94.99%,
Single,VW_DH_TV_VF_nzoth_yogg_cthun_3150313612959725_IN_AM_DR,36180,94.96%,
Single,VW_DH_TV_VF_yshaarj_nzoth_yogg_4049515482243053_IN_IV_DR,36159,94.85%,
Single,VW_DH_VW_VF_nzoth_yogg_cthun_3132859939610605_IN_AM_DR,36157,94.84%,
Single,VW_DH_TV_VF_nzoth_yogg_cthun_3132858932977135_IN_IV_ME,36139,94.74%,
Single,VW_DH_TV_VF_nzoth_yogg_cthun_3150243819749357_IN_IV_DR,36136,94.73%,
Single,VW_DH_VW_VF_yshaarj_nzoth_yogg_3977634909576687_IN_IV_DR,36114,94.61%,
Single,VW_DH_TV_VF_nzoth_yogg_cthun_3132876045737965_IN_IV_DR_DS,36109,94.59%,
Single,VW_DH_VW_VF_yshaarj_nzoth_yogg_3979697567621101_IN_IV_ME,36102,94.54%,
Single,VW_DH_TV_VF_nzoth_yogg_cthun_3150313612959725_IN_AM_ME,36093,94.50%,
Single,VW_DH_VW_VF_nzoth_yogg_cthun_3132876045737965_IN_IV_DR_DS,36093,94.50%,
Single,VW_DH_VW_VF_nzoth_yogg_cthun_3132858932977135_IN_IV_DR,36078,94.42%,
Single,VW_DH_VW_VF_yshaarj_nzoth_yogg_3977499618107373_IN_IV_ME,36070,94.37%,
Single,VW_DH_VW_VF_yshaarj_nzoth_yogg_3979712600006637_IN_IV_DR_DS,36064,94.34%,
Single,VW_DH_VW_VF_yshaarj_nzoth_yogg_4049515482243053_IN_AM_DR,36060,94.32%,
Single,VW_DH_VW_VF_yshaarj_nzoth_cthun_3768322899632109_IN_IV_DR_DS,36058,94.31%,
Single,VW_DH_TV_VF_yshaarj_nzoth_yogg_3977567263841775_IN_IV_DR,36057,94.30%,
Single,VW_DH_VW_VF_nzoth_yogg_cthun_3132858866392559_IN_IV_DR,36043,94.23%,
Single,VW_DH_VW_VF_yshaarj_nzoth_yogg_3977497537732589_IN_IV_DR,36037,94.20%,
Single,VW_DH_TV_VF_nzoth_yogg_cthun_3132996304822253_IN_AM_DR,36027,94.14%,
Single,VW_DH_TV_VF_nzoth_yogg_cthun_3132858932977135_IN_IV_DR,36009,94.05%,
Single,VW_DH_VW_VF_nzoth_yogg_cthun_3132996304822253_IN_AM_DR,36003,94.01%,
Single,VW_DH_TV_VF_nzoth_yogg_cthun_3132858866392559_IN_IV_DR,35995,93.97%,
Single,VW_DH_TV_VF_nzoth_yogg_cthun_3132867455803373_IN_AM_ME,35992,93.95%,
Single,VW_DH_VW_VF_yshaarj_nzoth_yogg_4049516555984877_IN_IV_DR,35983,93.90%,
Single,VW_DH_VW_VF_yshaarj_nzoth_yogg_3979712600006637_IN_IV_ME_DS,35967,93.82%,
Single,VW_DH_VW_VF_nzoth_yogg_cthun_3132996304822253_IN_AM_ME,35949,93.72%,
Single,VW_DH_VW_VF_nzoth_yogg_cthun_3150243819749357_IN_IV_DR,35933,93.63%,
Single,VW_DH_TV_VF_nzoth_yogg_cthun_3132926511611885_IN_IV_DR,35917,93.55%,
Single,VW_DH_VW_VF_yshaarj_nzoth_yogg_3977514650492909_IN_IV_DR_DS,35913,93.53%,
Single,VW_DH_TV_VF_nzoth_yogg_cthun_3150518697648109_IN_IV_DR,35911,93.52%,
Single,VW_DH_TV_VF_nzoth_yogg_cthun_3150243886850029_IN_IV_DR,35910,93.51%,
Single,VW_DH_VW_VF_yshaarj_nzoth_cthun_3696297371819503_IN_IV_DR,35910,93.51%,
Single,VW_DH_TV_VF_nzoth_yogg_cthun_3150313612959215_IN_AM_DR,35909,93.50%,
Single,VW_DH_VW_VF_yshaarj_nzoth_yogg_4049516555984367_IN_IV_ME,35906,93.49%,
Single,VW_DH_VW_VF_yshaarj_nzoth_yogg_3979697567621101_IN_IV_DR,35902,93.47%,
Single,VW_DH_VW_VF_yshaarj_nzoth_yogg_3977497537732589_IN_IV_ME,35900,93.46%,
Single,VW_DH_VW_VF_yshaarj_nzoth_yogg_4049531588370413_IN_IV_ME_DS,35891,93.41%,
Single,VW_DH_VW_VF_yshaarj_nzoth_cthun_3696297371820013_IN_AM_DR,35890,93.40%,
Single,VW_DH_TV_VF_nzoth_yogg_cthun_3150313612959215_IN_AM_ME,35888,93.39%,
Single,VW_DH_VW_VF_yshaarj_nzoth_cthun_3696298445561837_IN_IV_ME,35885,93.37%,
Single,VW_DH_VW_VF_nzoth_yogg_cthun_3132926511611885_IN_IV_DR,35881,93.35%,
Single,VW_DH_TV_VF_nzoth_yogg_cthun_3132859939610095_IN_AM_ME,35868,93.28%,
Single,VW_DH_VW_VF_nzoth_yogg_cthun_3132867455803373_IN_AM_ME,35866,93.28%,
Single,VW_DH_VW_VF_yshaarj_nzoth_yogg_3977497470631407_IN_IV_ME,35865,93.27%,
Single,VW_DH_VW_VF_yshaarj_nzoth_yogg_3977634909576687_IN_IV_ME,35856,93.22%,
Single,VW_DH_TV_VF_nzoth_yogg_cthun_3132858932977645_IN_AM_DR,35854,93.21%,
Single,VW_DH_TV_VF_nzoth_yogg_cthun_3132858932977645_IN_AM_ME,35849,93.18%,
Single,VW_DH_VW_VF_nzoth_yogg_cthun_3132858865868287_IN_IV_ME,35848,93.18%,
Single,VW_DH_VW_VF_yshaarj_nzoth_yogg_4049515482243053_IN_AM_ME,35847,93.17%,
Single,VW_DH_TV_VF_yshaarj_nzoth_yogg_3977567263842285_IN_AM_ME,35846,93.17%,
Single,VW_DH_TV_VF_nzoth_yogg_cthun_3132858866393069_IN_AM_DR,35833,93.10%,
Single,VW_DH_VW_VF_yshaarj_nzoth_yogg_3977513576759277_IN_IV_DR_DS,35832,93.09%,
Single,VW_DH_TV_VF_nzoth_yogg_cthun_3132858865868287_IN_IV_ME,35829,93.08%,
Single,VW_DH_VW_VF_nzoth_yogg_cthun_3150313612959215_IN_AM_DR,35828,93.07%,
Single,VW_DH_VW_VF_yshaarj_nzoth_cthun_3696298445561837_IN_IV_DR,35827,93.06%,
Single,VW_DH_VW_VF_yshaarj_nzoth_yogg_3977497471148013_IN_IV_DR,35825,93.05%,
Single,VW_DH_VW_VF_yshaarj_nzoth_yogg_4049524072177645_IN_IV_DR_DS,35812,92.98%,
Single,VW_DH_TV_VF_yshaarj_nzoth_yogg_3979696493879277_IN_IV_ME,35811,92.98%,
Single,VW_DH_VW_VF_nzoth_yogg_cthun_3132876045737455_IN_IV_ME_DS,35809,92.97%,
Single,VW_DH_VW_VF_yshaarj_nzoth_yogg_3979696493879277_IN_AM_DR,35809,92.97%,
Single,VW_DH_VW_VF_nzoth_yogg_cthun_3132858932977645_IN_AM_ME,35809,92.97%,
Single,VW_DH_VW_VF_yshaarj_nzoth_cthun_3696297371819503_IN_IV_ME,35807,92.96%,
Single,VW_DH_TV_VF_nzoth_yogg_cthun_3132876045737455_IN_IV_ME_DS,35804,92.94%,
Single,VW_DH_VW_VF_nzoth_yogg_cthun_3132867455802863_IN_IV_DR,35803,92.93%,
Single,VW_DH_VW_VF_nzoth_yogg_cthun_3132858865876973_IN_AM_ME,35798,92.91%,
Single,VW_DH_VW_VF_yshaarj_nzoth_yogg_4049531588370413_IN_IV_DR_DS,35795,92.89%,
Single,VW_DH_TV_VF_nzoth_yogg_cthun_3132859939610095_IN_AM_DR,35790,92.86%,
Single,VW_DH_VW_VF_nzoth_yogg_cthun_3132858865876973_IN_AM_DR,35781,92.82%,
Single,VW_DH_VW_VF_yshaarj_nzoth_cthun_3696313477947373_IN_IV_DR_DS,35780,92.81%,
Single,VW_DH_VW_VF_yshaarj_nzoth_yogg_4049515482242543_IN_AM_DR,35779,92.81%,
Single,VW_DH_TV_VF_nzoth_yogg_cthun_3132867455803373_IN_AM_DR,35778,92.80%,
Single,VW_DH_VW_VF_yshaarj_nzoth_yogg_3977514650492909_IN_IV_ME_DS,35765,92.73%,
Single,VW_DH_VW_VF_nzoth_yogg_cthun_3150243819748847_IN_IV_DR,35760,92.70%,
Single,VW_DH_TV_VF_yshaarj_nzoth_yogg_4049515482242543_IN_IV_ME,35758,92.69%,
Single,VW_DH_VW_VF_yshaarj_nzoth_yogg_3979696493879277_IN_AM_ME,35758,92.69%,
Single,VW_DH_VW_VF_yshaarj_nzoth_yogg_4049522998444013_IN_IV_DR_DS,35754,92.67%,
Single,VW_DH_VW_VF_yshaarj_nzoth_yogg_4049531588369903_IN_IV_ME_DS,35754,92.67%,
Single,VW_DH_VW_VF_nzoth_yogg_cthun_3150243886850029_IN_IV_DR,35753,92.67%,
Single,VW_DH_VW_VF_yshaarj_nzoth_yogg_4049660437389293_IN_IV_DR_DS,35749,92.64%,
Single,VW_DH_TV_VF_nzoth_yogg_cthun_3132996304821743_IN_AM_ME,35749,92.64%,
Single,VW_DH_VW_VF_nzoth_yogg_cthun_3132859939610095_IN_AM_ME,35738,92.58%,
Single,VW_DH_TV_VF_nzoth_yogg_cthun_3132858865876973_IN_AM_DR,35730,92.54%,
Single,VW_DH_TV_VF_nzoth_yogg_cthun_3132858865876973_IN_AM_ME,35727,92.53%,
Single,VW_DH_TV_VF_yshaarj_nzoth_yogg_4049515482242543_IN_IV_DR,35723,92.51%,
Single,VW_DH_VW_VF_nzoth_yogg_cthun_3134996685840365_IN_IV_DR,35713,92.45%,
Single,VW_DH_VW_VF_yshaarj_nzoth_yogg_3977635983319021_IN_IV_ME,35711,92.44%,
Single,VW_DH_VW_VF_yshaarj_nzoth_yogg_3977497470623231_IN_IV_DR,35708,92.43%,
Single,VW_DH_TV_VF_nzoth_yogg_cthun_3134996685840365_IN_IV_ME,35708,92.43%,
Single,VW_DH_VW_VF_yshaarj_nzoth_yogg_3977772348530159_IN_IV_ME,35708,92.42%,
Single,VW_DH_TV_VF_nzoth_yogg_cthun_3134996685840365_IN_IV_DR,35707,92.42%,
Single,VW_DH_TV_VF_yshaarj_nzoth_yogg_3979696493879277_IN_IV_DR,35705,92.40%,
Single,VW_DH_VW_VF_yshaarj_nzoth_cthun_3696297371820013_IN_AM_ME,35703,92.39%,
Single,VW_DH_TV_VF_nzoth_yogg_cthun_3132858866393069_IN_AM_ME,35701,92.39%,
Single,VW_DH_VW_VF_yshaarj_nzoth_yogg_3979696493878767_IN_AM_DR,35700,92.38%,
Single,VW_DH_VW_VF_yshaarj_nzoth_yogg_3977498544373741_IN_IV_DR,35696,92.36%,
Single,VW_DH_VW_VF_yshaarj_nzoth_cthun_3768322899632109_IN_IV_ME_DS,35694,92.35%,
Single,VW_DH_TV_VF_yshaarj_nzoth_yogg_3977567263842285_IN_AM_DR,35688,92.32%,
Single,VW_DH_TV_VF_nzoth_yogg_cthun_3132935101538285_IN_IV_DR,35686,92.30%,
Single,VW_DH_VW_VF_nzoth_yogg_cthun_3132996304821743_IN_AM_ME,35681,92.28%,
Single,VW_DH_VW_VF_yshaarj_nzoth_yogg_3977497470623231_IN_IV_ME,35679,92.26%,
Single,VW_DH_VW_VF_yshaarj_nzoth_yogg_3977499618107373_IN_IV_DR,35674,92.24%,
Single,VW_DH_VW_VF_nzoth_yogg_cthun_3132858866393069_IN_AM_ME,35671,92.23%,
Single,VW_DH_VW_VF_yshaarj_nzoth_yogg_3977497537732079_IN_IV_DR,35670,92.22%,
Single,VW_DH_VW_VF_nzoth_yogg_cthun_3150313612959215_IN_AM_ME,35662,92.18%,
Single,VW_DH_VW_VF_nzoth_yogg_cthun_3150518697648109_IN_IV_DR,35657,92.15%,
Single,VW_DH_VW_VF_nzoth_yogg_cthun_3132859939610095_IN_AM_DR,35652,92.12%,
Single,VW_DH_VW_VF_yshaarj_nzoth_yogg_3979697567620591_IN_IV_DR,35642,92.07%,
Single,VW_DH_VW_VF_nzoth_yogg_cthun_3134996685840365_IN_IV_ME,35640,92.06%,
Single,VW_DH_VW_VF_yshaarj_nzoth_yogg_3977651015704557_IN_IV_DR_DS,35639,92.05%,
Single,VW_DH_TV_VF_nzoth_yogg_cthun_3150243819748847_IN_IV_DR,35632,92.01%,
Single,VW_DH_VW_VF_yshaarj_nzoth_yogg_3979697567620591_IN_IV_ME,35630,92.00%,
Single,VW_DH_VW_VF_yshaarj_nzoth_cthun_3696313477947373_IN_IV_ME_DS,35629,92.00%,
Single,VW_DH_VW_VF_yshaarj_nzoth_yogg_3977497471148013_IN_IV_ME,35628,91.99%,
Single,VW_DH_TV_VF_nzoth_yogg_cthun_3132858865868287_IN_IV_DR,35625,91.98%,
Single,VW_DH_VW_VF_nzoth_yogg_cthun_3132858932977645_IN_AM_DR,35622,91.96%,
Single,VW_DH_TV_VF_nzoth_yogg_cthun_3150252409675757_IN_IV_DR,35620,91.95%,
Single,VW_DH_VW_VF_yshaarj_nzoth_yogg_3979712600006127_IN_IV_ME_DS,35616,91.93%,
Single,VW_DH_TV_VF_yshaarj_nzoth_cthun_3696297371820013_IN_IV_DR,35602,91.85%,
Single,VW_DH_VW_VF_yshaarj_nzoth_yogg_3977498544373741_IN_IV_ME,35600,91.84%,
Single,VW_DH_VW_VF_yshaarj_nzoth_yogg_3977497537732079_IN_IV_ME,35599,91.83%,
Single,VW_DH_VW_VF_yshaarj_nzoth_yogg_4049523065544685_IN_IV_DR_DS,35597,91.83%,
Single,VW_DH_VW_VF_yshaarj_nzoth_yogg_4049797876342765_IN_IV_DR_DS,35596,91.82%,
Single,VW_DH_VW_VF_nzoth_yogg_cthun_3132926578712557_IN_IV_DR,35594,91.81%,
Single,VW_DH_VW_VF_yshaarj_nzoth_yogg_3977773422272493_IN_IV_ME,35592,91.80%,
Single,VW_DH_TV_VF_nzoth_yogg_cthun_3205372946210797_IN_IV_DR_DS,35590,91.79%,
Single,VW_DH_VW_VF_yshaarj_nzoth_yogg_4049524072177645_IN_IV_ME_DS,35589,91.78%,
Single,VW_DH_VW_VF_yshaarj_nzoth_yogg_4049660437388783_IN_IV_DR_DS,35584,91.76%,
Single,VW_DH_TV_VF_nzoth_yogg_cthun_3152458949124077_IN_IV_DR_DS,35580,91.73%,
Single,VW_DH_VW_VF_nzoth_yogg_cthun_3132867455803373_IN_AM_DR,35577,91.71%,
Single,VW_DH_VW_VF_nzoth_yogg_cthun_3150252409675757_IN_IV_DR,35571,91.68%,
Single,VW_DH_VW_VF_yshaarj_nzoth_yogg_3979712600006127_IN_IV_DR_DS,35565,91.65%,
Single,VW_DH_VW_VF_yshaarj_nzoth_yogg_3977634909577197_IN_AM_DR,35560,91.62%,
Single,VW_DH_VW_VF_nzoth_yogg_cthun_3150243886850029_IN_IV_ME,35559,91.62%,
Single,VW_DH_VW_VF_yshaarj_nzoth_yogg_3977772348530669_IN_AM_DR,35553,91.59%,
Single,VW_DH_TV_VF_nzoth_yogg_cthun_3132791220142061_IN_IV_DR,35545,91.55%,
Single,VW_DH_TV_VF_nzoth_yogg_cthun_3132926511611885_IN_IV_ME,35540,91.52%,
Single,VW_DH_VW_VF_nzoth_yogg_cthun_3132876045737455_IN_IV_DR_DS,35537,91.50%,
Single,VW_DH_TV_VF_nzoth_yogg_cthun_3132797662593005_IN_IV_DR,35534,91.49%,
Single,VW_DH_TV_VF_nzoth_yogg_cthun_3132876045737455_IN_IV_DR_DS,35527,91.45%,
Single,VW_DH_VW_VF_nzoth_yogg_cthun_3150243819749357_IN_IV_ME,35524,91.43%,
Single,VW_DH_TV_VF_nzoth_yogg_cthun_3132926578712557_IN_IV_DR,35520,91.41%,
Single,VW_DH_VW_VF_nzoth_yogg_cthun_3132858866393069_IN_AM_DR,35520,91.41%,
Single,VW_DH_VW_VF_yshaarj_nzoth_yogg_3977651015704557_IN_IV_ME_DS,35514,91.38%,
Single,VW_DH_VW_VF_nzoth_yogg_cthun_3205372946210797_IN_IV_DR_DS,35504,91.32%,
Single,VW_DH_VW_VF_nzoth_yogg_cthun_3132858865868287_IN_IV_DR,35501,91.31%,
Single,VW_DH_TV_VF_nzoth_yogg_cthun_3150243819749357_IN_IV_ME,35500,91.30%,
Single,VW_DH_VW_VF_yshaarj_nzoth_yogg_4049516555984367_IN_IV_DR,35497,91.29%,
Single,VW_DH_VW_VF_yshaarj_nzoth_yogg_4049531588369903_IN_IV_DR_DS,35496,91.28%,
Single,VW_DH_VW_VF_nzoth_yogg_cthun_3132797662593005_IN_IV_DR,35485,91.22%,
Single,VW_DH_TV_VF_yshaarj_nzoth_yogg_4049516555984877_IN_IV_ME,35485,91.22%,
Single,VW_DH_VW_VF_yshaarj_nzoth_yogg_3977635983319021_IN_IV_DR,35482,91.21%,
Single,VW_DH_TV_VF_nzoth_yogg_cthun_3135005275774957_IN_IV_DR_DS,35480,91.19%,
Single,VW_DH_VW_VF_yshaarj_nzoth_yogg_3979696493878767_IN_AM_ME,35479,91.19%,
Single,VW_DH_TV_VF_yshaarj_nzoth_cthun_3768322899632109_IN_IV_DR_DS,35478,91.18%,
Single,VW_DH_VW_VF_yshaarj_nzoth_yogg_3977788454658029_IN_IV_ME_DS,35477,91.18%,
Single,VW_DH_TV_VF_nzoth_yogg_cthun_3150245967224813_IN_IV_DR,35476,91.17%,
Single,VW_DH_TV_VF_nzoth_yogg_cthun_3132926578712557_IN_IV_ME,35472,91.15%,
Single,VW_DH_VW_VF_yshaarj_nzoth_yogg_3977499618106863_IN_IV_ME,35465,91.11%,
Single,VW_DH_TV_VF_yshaarj_nzoth_yogg_3977567263841775_IN_AM_ME,35464,91.11%,
Single,VW_DH_TV_VF_nzoth_yogg_cthun_3150243886850029_IN_IV_ME,35462,91.10%,
Single,VW_DH_TV_VF_nzoth_yogg_cthun_3205372946210797_IN_IV_ME_DS,35458,91.08%,
Single,VW_DH_TV_VF_yshaarj_nzoth_yogg_4049515482243053_IN_AM_DR,35451,91.04%,
Single,VW_DH_VW_VF_yshaarj_nzoth_yogg_4049516555984877_IN_AM_DR,35449,91.03%,
Single,VW_DH_VW_VF_nzoth_yogg_cthun_3132996304821743_IN_AM_DR,35440,90.98%,
Single,VW_DH_TV_VF_yshaarj_nzoth_yogg_4049516555984877_IN_IV_DR,35436,90.95%,
Single,VW_DH_VW_VF_nzoth_yogg_cthun_3150518697648109_IN_IV_ME,35434,90.95%,
Single,VW_DH_VW_VF_nzoth_yogg_cthun_3132935101538285_IN_IV_DR,35431,90.93%,
Single,VW_DH_VW_VF_yshaarj_nzoth_yogg_3977788454658029_IN_IV_DR_DS,35429,90.92%,
Single,VW_DH_TV_VF_nzoth_yogg_cthun_3150244893491181_IN_IV_DR,35427,90.91%,
Single,VW_DH_VW_VF_yshaarj_nzoth_yogg_3977497471147503_IN_IV_DR,35426,90.90%,
Single,VW_DH_TV_VF_nzoth_yogg_cthun_3150518697648109_IN_IV_ME,35424,90.89%,
Single,VW_DH_TV_VF_yshaarj_nzoth_yogg_3977497470631917_IN_IV_DR,35423,90.88%,
Single,VW_DH_VW_VF_yshaarj_nzoth_yogg_4049522998443503_IN_IV_DR_DS,35421,90.88%,
Single,VW_DH_VW_VF_yshaarj_nzoth_yogg_3977497470631917_IN_AM_DR,35420,90.87%,
Single,VW_DH_VW_VF_yshaarj_nzoth_yogg_4049797876342765_IN_IV_ME_DS,35416,90.85%,
Single,VW_DH_TV_VF_nzoth_yogg_cthun_3135004202041325_IN_IV_DR_DS,35415,90.84%,
Single,VW_DH_TV_VF_yshaarj_nzoth_yogg_3979696493878767_IN_IV_DR,35413,90.84%,
Single,VW_DH_VW_VF_yshaarj_nzoth_yogg_4049660437389293_IN_IV_ME_DS,35405,90.79%,
Single,VW_DH_TV_VF_yshaarj_nzoth_cthun_3696297371820013_IN_IV_ME,35400,90.76%,
Single,VW_DH_TV_VF_nzoth_yogg_cthun_3132867455802863_IN_AM_ME,35399,90.76%,
Single,VW_DH_VW_VF_yshaarj_nzoth_yogg_4049515482242543_IN_AM_ME,35396,90.74%,
Single,VW_DH_VW_VF_yshaarj_nzoth_yogg_3977772348530159_IN_IV_DR,35393,90.72%,
Single,VW_DH_VW_VF_nzoth_yogg_cthun_3152458949124077_IN_IV_DR_DS,35392,90.72%,
Single,VW_DH_TV_VF_nzoth_yogg_cthun_3132996304821743_IN_AM_DR,35392,90.72%,
Single,VW_DH_VW_VF_nzoth_yogg_cthun_3150252409675757_IN_IV_ME,35392,90.72%,
Single,VW_DH_VW_VF_yshaarj_nzoth_yogg_3977497471147503_IN_IV_ME,35391,90.71%,
Single,VW_DH_VW_VF_yshaarj_nzoth_yogg_3977513643859949_IN_IV_ME_DS,35389,90.70%,
Single,VW_DH_TV_VF_yshaarj_nzoth_yogg_4049531588370413_IN_IV_ME_DS,35385,90.68%,
Single,VW_DH_VW_VF_yshaarj_nzoth_yogg_3977773422272493_IN_IV_DR,35383,90.67%,
Single,VW_DH_VW_VF_yshaarj_nzoth_yogg_3977498544373231_IN_IV_DR,35383,90.67%,
Single,VW_DH_VW_VF_nzoth_yogg_cthun_3132926511611885_IN_IV_ME,35382,90.67%,
Single,VW_DH_TV_VF_nzoth_yogg_cthun_3132935101538285_IN_IV_ME,35377,90.64%,
Single,VW_DH_TV_VF_nzoth_yogg_cthun_3132926511611375_IN_IV_DR,35373,90.62%,
Single,VW_DH_VW_VF_yshaarj_nzoth_yogg_3977497537732589_IN_AM_DR,35373,90.62%,
Single,VW_DH_TV_VF_nzoth_yogg_cthun_3132927585353709_IN_IV_DR,35370,90.60%,
Single,VW_DH_VW_VF_yshaarj_nzoth_yogg_4049523065544685_IN_IV_ME_DS,35360,90.55%,
Single,VW_DH_TV_VF_nzoth_yogg_cthun_3150243886849519_IN_IV_DR,35360,90.55%,
Single,VW_DH_VW_VF_yshaarj_nzoth_yogg_4049531588370413_IN_AM_DR_DS,35354,90.51%,
Single,VW_DH_VW_VF_nzoth_yogg_cthun_3132926578712557_IN_IV_ME,35354,90.51%,
Single,VW_DH_VW_VF_nzoth_yogg_cthun_3132858865876463_IN_AM_DR,35351,90.50%,
Single,VW_DH_VW_VF_yshaarj_nzoth_yogg_3977498611474413_IN_IV_ME,35348,90.48%,
Single,VW_DH_TV_VF_yshaarj_nzoth_yogg_3977634909577197_IN_IV_DR,35346,90.47%,
Single,VW_DH_VW_VF_yshaarj_nzoth_cthun_3696298445561327_IN_IV_ME,35345,90.47%,
Single,VW_DH_VW_VF_yshaarj_nzoth_yogg_3977499618106863_IN_IV_DR,35337,90.43%,
Single,VW_DH_VW_VF_yshaarj_nzoth_yogg_4049524072177135_IN_IV_DR_DS,35333,90.40%,
Single,VW_DH_TV_VF_yshaarj_nzoth_yogg_4049531588370413_IN_IV_DR_DS,35332,90.40%,
Single,VW_DH_VW_VF_nzoth_yogg_cthun_3132858932977135_IN_AM_ME,35329,90.38%,
Single,VW_DH_TV_VF_nzoth_yogg_cthun_3150252409675757_IN_IV_ME,35323,90.35%,
Single,VW_DH_VW_VF_yshaarj_nzoth_yogg_4049516555984877_IN_AM_ME,35321,90.34%,
Single,VW_DH_VW_VF_yshaarj_nzoth_yogg_3977513643859949_IN_IV_DR_DS,35318,90.32%,
Single,VW_DH_TV_VF_yshaarj_nzoth_yogg_3977634909577197_IN_IV_ME,35316,90.31%,
Single,VW_DH_VW_VF_yshaarj_nzoth_cthun_3696313477946863_IN_IV_ME_DS,35312,90.29%,
Single,VW_DH_VW_VF_nzoth_yogg_cthun_3150244893491181_IN_IV_DR,35310,90.28%,
Single,VW_DH_VW_VF_yshaarj_nzoth_cthun_3768322899631599_IN_IV_DR_DS,35310,90.28%,
Single,VW_DH_TV_VF_yshaarj_nzoth_yogg_3977567263841775_IN_AM_DR,35306,90.26%,
Single,VW_DH_VW_VF_nzoth_yogg_cthun_3150243819748847_IN_IV_ME,35304,90.25%,
Single,VW_DH_VW_VF_yshaarj_nzoth_yogg_3977513576759277_IN_IV_ME_DS,35298,90.21%,
Single,VW_DH_TV_VF_yshaarj_nzoth_yogg_4049524072177645_IN_IV_DR_DS,35297,90.21%,
Single,VW_DH_VW_VF_yshaarj_nzoth_yogg_3977514650492399_IN_IV_ME_DS,35293,90.19%,
Single,VW_DH_TV_VF_nzoth_yogg_cthun_3150244960591853_IN_IV_DR,35291,90.18%,
Single,VW_DH_VW_VF_yshaarj_nzoth_cthun_3696313477946863_IN_IV_DR_DS,35290,90.17%,
Single,VW_DH_VW_VF_yshaarj_nzoth_yogg_3977635983318511_IN_IV_ME,35285,90.14%,
Single,VW_DH_VW_VF_nzoth_yogg_cthun_3132935101538285_IN_IV_ME,35283,90.13%,
Single,VW_DH_VW_VF_nzoth_yogg_cthun_3150260999610349_IN_IV_DR_DS,35282,90.13%,
Single,VW_DH_TV_VF_nzoth_yogg_cthun_3134996685839855_IN_IV_DR,35279,90.11%,
Single,VW_DH_TV_VF_nzoth_yogg_cthun_3132858866392559_IN_AM_ME,35275,90.09%,
Single,VW_DH_TV_VF_nzoth_yogg_cthun_3150252409675247_IN_IV_DR,35272,90.07%,
Single,VW_DH_VW_VF_nzoth_yogg_cthun_3150245967224813_IN_IV_DR,35267,90.05%,
Single,VW_DH_VW_VF_yshaarj_nzoth_yogg_4049522998444013_IN_IV_ME_DS,35266,90.04%,
Single,VW_DH_TV_VF_yshaarj_nzoth_yogg_4049660437389293_IN_IV_DR_DS,35261,90.01%,
Single,VW_DH_VW_VF_yshaarj_nzoth_yogg_3977634909577197_IN_AM_ME,35260,90.01%,
Single,VW_DH_VW_VF_nzoth_yogg_cthun_3132867455802863_IN_AM_ME,35254,89.98%,
Single,VW_DH_TV_VF_nzoth_yogg_cthun_3132876045737965_IN_AM_DR_DS,35254,89.97%,
Single,VW_DH_VW_VF_yshaarj_nzoth_yogg_3977651015704047_IN_IV_ME_DS,35253,89.97%,
Single,VW_DH_TV_VF_nzoth_yogg_cthun_3150243820265453_IN_IV_DR,35252,89.97%,
Single,VW_DH_VW_VF_yshaarj_nzoth_yogg_3977513576758767_IN_IV_DR_DS,35251,89.96%,
Single,VW_DH_VW_VF_nzoth_yogg_cthun_3132927585353709_IN_IV_DR,35250,89.96%,
Single,VW_DH_VW_VF_yshaarj_nzoth_cthun_3696313477947373_IN_AM_DR_DS,35247,89.94%,
Single,VW_DH_TV_VF_nzoth_yogg_cthun_3132797662593005_IN_IV_ME,35247,89.94%,
Single,VW_DH_TV_VF_nzoth_yogg_cthun_3132797729693677_IN_IV_DR,35244,89.92%,
Single,VW_DH_VW_VF_yshaarj_nzoth_yogg_3977567263842285_Mis_IV_ME,35243,89.92%,
Single,VW_DH_VW_VF_nzoth_yogg_cthun_3134996685839855_IN_IV_ME,35241,89.91%,
Single,VW_DH_VW_VF_nzoth_yogg_cthun_3133347418398701_IN_IV_DR,35240,89.90%,
Single,VW_DH_TV_VF_nzoth_yogg_cthun_3150519771389933_IN_IV_DR,35237,89.88%,
Single,VW_DH_VW_VF_nzoth_yogg_cthun_3132926511611375_IN_IV_DR,35236,89.88%,
Single,VW_DH_TV_VF_yshaarj_nzoth_yogg_4049515482242543_IN_AM_DR,35235,89.87%,
Single,VW_DH_VW_VF_nzoth_yogg_cthun_3150243820265453_IN_IV_DR,35235,89.87%,
Single,VW_DH_VW_VF_nzoth_yogg_cthun_3132791220142061_IN_IV_DR,35234,89.87%,
Single,VW_DH_TV_VF_nzoth_yogg_cthun_3132858932977135_IN_AM_ME,35233,89.87%,
Single,VW_DH_VW_VF_nzoth_yogg_cthun_3150245967224813_IN_IV_ME,35232,89.86%,
Single,VW_DH_VW_VF_yshaarj_nzoth_yogg_3977514650492399_IN_IV_DR_DS,35230,89.85%,
Single,VW_DH_TV_VF_nzoth_yogg_cthun_3150243819740671_IN_IV_DR,35227,89.83%,
Single,VW_DH_VW_VF_yshaarj_nzoth_yogg_3977651015704047_IN_IV_DR_DS,35225,89.82%,
Single,VW_DH_VW_VF_nzoth_yogg_cthun_3132876045737965_IN_AM_ME_DS,35225,89.82%,
Single,VW_DH_VW_VF_nzoth_yogg_cthun_3132858865876463_IN_AM_ME,35225,89.82%,
Single,VW_DH_VW_VF_nzoth_yogg_cthun_3135005275774957_IN_IV_DR_DS,35221,89.80%,
Single,VW_DH_TV_VF_nzoth_yogg_cthun_3132876045737965_IN_AM_ME_DS,35220,89.79%,
Single,VW_DH_TV_VF_nzoth_yogg_cthun_3132867455802863_IN_AM_DR,35220,89.79%,
Single,VW_DH_VW_VF_yshaarj_nzoth_cthun_3768322899632109_IN_AM_DR_DS,35220,89.79%,
Single,VW_DH_TV_VF_nzoth_yogg_cthun_3150245967224813_IN_IV_ME,35217,89.78%,
Single,VW_DH_VW_VF_yshaarj_nzoth_yogg_3977635983318511_IN_IV_DR,35215,89.77%,
Single,VW_DH_TV_VF_nzoth_yogg_cthun_3150243886850029_IN_AM_DR,35213,89.76%,
Single,VW_DH_TV_VF_yshaarj_nzoth_cthun_3768322899632109_IN_IV_ME_DS,35213,89.75%,
Single,VW_DH_VW_VF_nzoth_yogg_cthun_3134997759582189_IN_IV_ME,35211,89.75%,
Single,VW_DH_VW_VF_nzoth_yogg_cthun_3132876045737965_IN_AM_DR_DS,35211,89.74%,
Single,VW_DH_VW_VF_nzoth_yogg_cthun_3132867455802863_IN_AM_DR,35206,89.72%,
Single,VW_DH_TV_VF_nzoth_yogg_cthun_3150518697647599_IN_IV_DR,35204,89.71%,
Single,VW_DH_VW_VF_nzoth_yogg_cthun_3150243886849519_IN_IV_DR,35201,89.69%,
Single,VW_DH_VW_VF_nzoth_yogg_cthun_3205372946210797_IN_IV_ME_DS,35200,89.69%,
Single,VW_DH_VW_VF_nzoth_yogg_cthun_3132858932977135_IN_AM_DR,35198,89.67%,
Single,VW_DH_VW_VF_yshaarj_nzoth_yogg_3979697567621101_IN_AM_DR,35194,89.65%,
Single,VW_DH_VW_VF_yshaarj_nzoth_yogg_3977497537732589_IN_AM_ME,35193,89.65%,
Single,VW_DH_VW_VF_yshaarj_nzoth_yogg_3977498611474413_IN_IV_DR,35192,89.64%,
Single,VW_DH_VW_VF_yshaarj_nzoth_yogg_4049524072177135_IN_IV_ME_DS,35192,89.64%,
Single,VW_DH_VW_VF_nzoth_yogg_cthun_3132858866392559_IN_AM_ME,35187,89.62%,
Single,VW_DH_TV_VF_nzoth_yogg_cthun_3132858932977135_IN_AM_DR,35184,89.60%,
Single,VW_DH_VW_VF_yshaarj_nzoth_yogg_3977772348530669_IN_AM_ME,35182,89.59%,
Single,VW_DH_VW_VF_yshaarj_nzoth_yogg_3979712600006637_IN_AM_DR_DS,35180,89.58%,
Single,VW_DH_VW_VF_nzoth_yogg_cthun_3150252409675247_IN_IV_DR,35178,89.57%,
Single,VW_DH_TV_VF_yshaarj_nzoth_yogg_4049515482243053_IN_AM_ME,35177,89.56%,
Single,VW_DH_TV_VF_nzoth_yogg_cthun_3132928659087341_IN_IV_DR,35176,89.55%,
Single,VW_DH_TV_VF_nzoth_yogg_cthun_3134996685839855_IN_IV_ME,35174,89.55%,
Single,VW_DH_VW_VF_yshaarj_nzoth_cthun_3696297371819503_IN_AM_ME,35163,89.49%,
Single,VW_DH_VW_VF_nzoth_yogg_cthun_3150518697647599_IN_IV_DR,35162,89.48%,
Single,VW_DH_TV_VF_nzoth_yogg_cthun_3150243819748847_IN_IV_ME,35161,89.48%,
Single,VW_DH_TV_VF_nzoth_yogg_cthun_3152458949124077_IN_IV_ME_DS,35158,89.46%,
Single,VW_DH_TV_VF_nzoth_yogg_cthun_3132858865876463_IN_AM_ME,35155,89.44%,
Single,VW_DH_VW_VF_yshaarj_nzoth_yogg_3977634909576687_IN_AM_ME,35154,89.44%,
Single,VW_DH_TV_VF_nzoth_yogg_cthun_3132791220142061_IN_IV_ME,35154,89.44%,
Single,VW_DH_TV_VF_nzoth_yogg_cthun_3152458949123567_IN_IV_DR_DS,35151,89.42%,
Single,VW_DH_VW_VF_nzoth_yogg_cthun_3135005275774957_IN_IV_ME_DS,35150,89.41%,
Single,VW_DH_VW_VF_yshaarj_nzoth_yogg_3977515724234733_IN_IV_ME_DS,35149,89.41%,
Single,VW_DH_TV_VF_yshaarj_nzoth_yogg_3979696493878767_IN_IV_ME,35147,89.40%,
Single,VW_DH_VW_VF_yshaarj_nzoth_cthun_3696298445561837_IN_AM_DR,35142,89.37%,
Single,VW_DH_TV_VF_nzoth_yogg_cthun_3150259925876717_IN_IV_DR_DS,35142,89.37%,
Single,VW_DH_TV_VF_nzoth_yogg_cthun_3134997759582189_IN_IV_ME,35142,89.37%,
Single,VW_DH_VW_VF_nzoth_yogg_cthun_3135004202041325_IN_IV_DR_DS,35142,89.37%,
Single,VW_DH_TV_VF_yshaarj_nzoth_yogg_3977497470631917_IN_IV_ME,35139,89.36%,
Single,VW_DH_TV_VF_nzoth_yogg_cthun_3150313612959725_Mis_IV_ME,35136,89.34%,
Single,VW_DH_VW_VF_nzoth_yogg_cthun_3132797662593005_IN_IV_ME,35135,89.34%,
Single,VW_DH_TV_VF_nzoth_yogg_cthun_3132858865876463_IN_AM_DR,35131,89.31%,
Single,VW_DH_TV_VF_yshaarj_nzoth_yogg_3977497537732589_IN_IV_DR,35129,89.30%,
Single,VW_DH_TV_VF_nzoth_yogg_cthun_3150243886849519_IN_IV_ME,35127,89.29%,
Single,VW_DH_TV_VF_nzoth_yogg_cthun_3134997759582189_IN_IV_DR,35126,89.29%,
Single,VW_DH_VW_VF_yshaarj_nzoth_yogg_3977513576758767_IN_IV_ME_DS,35125,89.28%,
Single,VW_DH_VW_VF_yshaarj_nzoth_cthun_3696297371819503_IN_AM_DR,35123,89.27%,
Single,VW_DH_VW_VF_yshaarj_nzoth_yogg_3977497471148013_IN_AM_DR,35120,89.26%,
Single,VW_DH_TV_VF_yshaarj_nzoth_yogg_4049531588369903_IN_IV_ME_DS,35117,89.24%,
Single,VW_DH_TV_VF_nzoth_yogg_cthun_3132926578712047_IN_IV_DR,35117,89.24%,
Single,VW_DH_VW_VF_yshaarj_nzoth_cthun_3768322899631599_IN_IV_ME_DS,35115,89.23%,
Single,VW_DH_TV_VF_nzoth_yogg_cthun_3150260999610349_IN_IV_DR_DS,35115,89.23%,
Single,VW_DH_TV_VF_nzoth_yogg_cthun_3132926512127981_IN_IV_DR,35115,89.23%,
Single,VW_DH_TV_VF_nzoth_yogg_cthun_3134996685840365_IN_AM_DR,35114,89.22%,
Single,VW_DH_VW_VF_yshaarj_nzoth_yogg_4049525145919469_IN_IV_DR_DS,35113,89.22%,
Single,VW_DH_TV_VF_nzoth_yogg_cthun_3132858866392559_IN_AM_DR,35112,89.21%,
Single,VW_DH_TV_VF_nzoth_yogg_cthun_3132806252527597_IN_IV_DR_DS,35110,89.20%,
Single,VW_DH_TV_VF_nzoth_yogg_cthun_3150252409675247_IN_IV_ME,35110,89.20%,
Single,VW_DH_VW_VF_yshaarj_nzoth_yogg_3977567263842285_Mis_IV_DR,35106,89.18%,
Single,VW_DH_VW_VF_nzoth_yogg_cthun_3152458949124077_IN_IV_ME_DS,35104,89.17%,
Single,VW_DH_VW_VF_yshaarj_nzoth_yogg_3979697567621101_IN_AM_ME,35100,89.15%,
Single,VW_DH_TV_VF_nzoth_yogg_cthun_3150245967224303_IN_IV_DR,35097,89.13%,
Single,VW_DH_VW_VF_nzoth_yogg_cthun_3150243820265453_IN_IV_ME,35097,89.13%,
Single,VW_DH_VW_VF_yshaarj_nzoth_yogg_3977634909576687_IN_AM_DR,35095,89.12%,
Single,VW_DH_TV_VF_nzoth_yogg_cthun_3132942617739245_IN_IV_DR_DS,35091,89.10%,
Single,VW_DH_TV_VF_nzoth_yogg_cthun_3150313612959725_Mis_IV_DR,35089,89.09%,
Single,VW_DH_TV_VF_yshaarj_nzoth_yogg_4049522998444013_IN_IV_DR_DS,35089,89.08%,
Single,VW_DH_VW_VF_nzoth_yogg_cthun_3134996685839855_IN_IV_DR,35088,89.08%,
Single,VW_DH_VW_VF_nzoth_yogg_cthun_3132928659087341_IN_IV_DR,35087,89.08%,
Single,VW_DH_VW_VF_nzoth_yogg_cthun_3150244960591853_IN_IV_DR,35086,89.07%,
Single,VW_DH_VW_VF_yshaarj_nzoth_yogg_3977498611473903_IN_IV_ME,35086,89.07%,
Single,VW_DH_VW_VF_yshaarj_nzoth_yogg_4049531588370413_IN_AM_ME_DS,35083,89.05%,
Single,VW_DH_TV_VF_yshaarj_nzoth_yogg_3977772348530669_IN_IV_ME,35076,89.02%,
Single,VW_DH_TV_VF_yshaarj_nzoth_yogg_4049797876342765_IN_IV_DR_DS,35073,89.00%,
Single,VW_DH_VW_VF_nzoth_yogg_cthun_3150519771389933_IN_IV_DR,35072,88.99%,
Single,VW_DH_VW_VF_yshaarj_nzoth_cthun_3696298445561327_IN_IV_DR,35068,88.98%,
Single,VW_DH_VW_VF_yshaarj_nzoth_yogg_3977513577275373_IN_IV_ME_DS,35066,88.96%,
Single,VW_DH_VW_VF_yshaarj_nzoth_yogg_4049660437389293_IN_AM_DR_DS,35066,88.96%,
Single,VW_DH_VW_VF_yshaarj_nzoth_yogg_3977513643859439_IN_IV_ME_DS,35066,88.96%,
Single,VW_DH_VW_VF_nzoth_yogg_cthun_3150259925876717_IN_IV_DR_DS,35065,88.96%,
Single,VW_DH_VW_VF_yshaarj_nzoth_yogg_3977498544889837_IN_IV_ME,35064,88.95%,
Single,VW_DH_VW_VF_nzoth_yogg_cthun_3152458949123567_IN_IV_DR_DS,35058,88.92%,
Single,VW_DH_TV_VF_yshaarj_nzoth_cthun_3696297371819503_IN_IV_DR,35057,88.91%,
Single,VW_DH_TV_VF_nzoth_yogg_cthun_3150243820265453_IN_IV_ME,35056,88.91%,
Single,VW_DH_TV_VF_nzoth_yogg_cthun_3135005275774957_IN_IV_ME_DS,35049,88.87%,
Single,VW_DH_TV_VF_yshaarj_nzoth_cthun_3696297371820013_IN_AM_DR,35049,88.87%,
Single,VW_DH_TV_VF_nzoth_yogg_cthun_3150244960591853_IN_IV_ME,35046,88.86%,
Single,VW_DH_TV_VF_nzoth_yogg_cthun_3150243819749357_IN_AM_DR,35046,88.85%,
Single,VW_DH_VW_VF_nzoth_yogg_cthun_3150244893491181_IN_IV_ME,35046,88.85%,
Single,VW_DH_VW_VF_nzoth_yogg_cthun_3150243886849519_IN_IV_ME,35045,88.85%,
Single,VW_DH_VW_VF_yshaarj_nzoth_yogg_4049516555984367_IN_AM_DR,35045,88.85%,
Single,VW_DH_TV_VF_yshaarj_nzoth_yogg_3977772348530669_IN_IV_DR,35042,88.83%,
Single,VW_DH_VW_VF_yshaarj_nzoth_yogg_4049660437388783_IN_IV_ME_DS,35042,88.83%,
Single,VW_DH_TV_VF_yshaarj_nzoth_yogg_3977497537732589_IN_IV_ME,35041,88.83%,
Single,VW_DH_VW_VF_nzoth_yogg_cthun_3134996685840365_IN_AM_DR,35037,88.81%,
Single,VW_DH_TV_VF_nzoth_yogg_cthun_3135004269141997_IN_IV_DR_DS,35036,88.80%,
Single,VW_DH_VW_VF_yshaarj_nzoth_yogg_3977498544373231_IN_IV_ME,35036,88.80%,
Single,VW_DH_TV_VF_nzoth_yogg_cthun_3150253483417581_IN_IV_ME,35035,88.80%,
Single,VW_DH_VW_VF_yshaarj_nzoth_yogg_3977497470631407_IN_AM_DR,35035,88.79%,
Single,VW_DH_TV_VF_nzoth_yogg_cthun_3135012791967725_IN_IV_ME_DS,35034,88.79%,
Single,VW_DH_TV_VF_nzoth_yogg_cthun_3132797729693677_IN_IV_ME,35033,88.78%,
Single,VW_DH_TV_VF_nzoth_yogg_cthun_3150244893491181_IN_IV_ME,35028,88.76%,
Single,VW_DH_VW_VF_nzoth_yogg_cthun_3150313612959725_Mis_IV_DR,35027,88.75%,
Single,VW_DH_VW_VF_yshaarj_nzoth_yogg_4049523065544175_IN_IV_DR_DS,35026,88.75%,
Single,VW_DH_VW_VF_yshaarj_nzoth_yogg_3977497470631917_IN_AM_ME,35024,88.74%,
Single,VW_DH_TV_VF_nzoth_yogg_cthun_3150253483417581_IN_IV_DR,35019,88.71%,
Single,VW_DH_VW_VF_yshaarj_nzoth_yogg_3977514650492909_IN_AM_DR_DS,35019,88.71%,
Single,VW_DH_TV_VF_yshaarj_nzoth_cthun_3696298445561837_IN_IV_DR,35019,88.71%,
Single,VW_DH_VW_VF_nzoth_yogg_cthun_3150244960591853_IN_IV_ME,35013,88.68%,
Single,VW_DH_VW_VF_yshaarj_nzoth_yogg_4049522998443503_IN_IV_ME_DS,35011,88.67%,
Single,VW_DH_VW_VF_nzoth_yogg_cthun_3132936175280109_IN_IV_ME,35011,88.66%,
Single,VW_DH_TV_VF_yshaarj_nzoth_yogg_3977634909576687_IN_IV_ME,35009,88.65%,
Single,VW_DH_TV_VF_nzoth_yogg_cthun_3150259992977389_IN_IV_DR_DS,35008,88.65%,
Single,VW_DH_VW_VF_nzoth_yogg_cthun_3150243819749357_IN_AM_DR,35007,88.65%,
Single,VW_DH_VW_VF_nzoth_yogg_cthun_3150243819740671_IN_IV_DR,35007,88.65%,
Single,VW_DH_TV_VF_nzoth_yogg_cthun_3132943691472877_IN_IV_DR_DS,35007,88.64%,
Single,VW_DH_VW_VF_yshaarj_nzoth_yogg_4049522998960109_IN_IV_DR_DS,35002,88.62%,
Single,VW_DH_VW_VF_yshaarj_nzoth_cthun_3696298445561837_IN_AM_ME,35000,88.61%,
Single,VW_DH_VW_VF_nzoth_yogg_cthun_3132926512127981_IN_IV_ME,34997,88.59%,
Single,VW_DH_TV_VF_yshaarj_nzoth_cthun_3696298445561837_IN_IV_ME,34991,88.56%,
Single,VW_DH_VW_VF_nzoth_yogg_cthun_3132926512127981_IN_IV_DR,34991,88.56%,
Single,VW_DH_VW_VF_yshaarj_nzoth_yogg_3977773422271983_IN_IV_ME,34990,88.55%,
Single,VW_DH_VW_VF_nzoth_yogg_cthun_3150518697648109_IN_AM_DR,34988,88.54%,
Single,VW_DH_VW_VF_nzoth_yogg_cthun_3150313612959725_Mis_IV_ME,34987,88.54%,
Single,VW_DH_TV_VF_nzoth_yogg_cthun_3150244893490671_IN_IV_DR,34986,88.53%,
Single,VW_DH_VW_VF_yshaarj_nzoth_yogg_3977498544365055_IN_IV_ME,34985,88.53%,
Single,VW_DH_TV_VF_nzoth_yogg_cthun_3132927652454381_IN_IV_DR,34985,88.53%,
Single,VW_DH_TV_VF_yshaarj_nzoth_yogg_4049516555984367_IN_IV_ME,34984,88.52%,
Single,VW_DH_VW_VF_nzoth_yogg_cthun_3135004269141997_IN_IV_DR_DS,34980,88.50%,
Single,VW_DH_VW_VF_nzoth_yogg_cthun_3132928659087341_IN_IV_ME,34980,88.50%,
Single,VW_DH_VW_VF_nzoth_yogg_cthun_3150243819740671_IN_IV_ME,34978,88.49%,
Single,VW_DH_VW_VF_nzoth_yogg_cthun_3132858866392559_IN_AM_DR,34976,88.48%,
Single,VW_DH_VW_VF_nzoth_yogg_cthun_3132791220142061_IN_IV_ME,34974,88.47%,
Single,VW_DH_TV_VF_yshaarj_nzoth_yogg_3977497470631407_IN_IV_DR,34968,88.43%,
Single,VW_DH_VW_VF_nzoth_yogg_cthun_3132797662592495_IN_IV_DR,34968,88.43%,
Single,VW_DH_TV_VF_nzoth_yogg_cthun_3150518697648109_IN_AM_DR,34963,88.41%,
Single,VW_DH_VW_VF_nzoth_yogg_cthun_3150243820264943_IN_IV_DR,34960,88.39%,
Single,VW_DH_VW_VF_yshaarj_nzoth_yogg_4049516555984367_IN_AM_ME,34958,88.38%,
Single,VW_DH_VW_VF_nzoth_yogg_cthun_3150244893490671_IN_IV_DR,34957,88.37%,
Single,VW_DH_VW_VF_nzoth_yogg_cthun_3132943691472877_IN_IV_DR_DS,34956,88.37%,
Single,VW_DH_VW_VF_nzoth_yogg_cthun_3134997759582189_IN_IV_DR,34954,88.36%,
Single,VW_DH_VW_VF_nzoth_yogg_cthun_3134996685840365_IN_AM_ME,34954,88.36%,
Single,VW_DH_VW_VF_nzoth_yogg_cthun_3150253483417581_IN_IV_DR,34951,88.35%,
Single,VW_DH_VW_VF_nzoth_yogg_cthun_3132797729693677_IN_IV_ME,34950,88.34%,
Single,VW_DH_VW_VF_yshaarj_nzoth_yogg_3979712600006637_IN_AM_ME_DS,34948,88.33%,
Single,VW_DH_TV_VF_nzoth_yogg_cthun_3132926511611885_IN_AM_DR,34947,88.32%,
Single,VW_DH_VW_VF_yshaarj_nzoth_yogg_4049797876342255_IN_IV_ME_DS,34945,88.31%,
Single,VW_DH_TV_VF_nzoth_yogg_cthun_3150534803775469_IN_IV_DR_DS,34945,88.31%,
Single,VW_DH_VW_VF_yshaarj_nzoth_yogg_4049525145919469_IN_IV_ME_DS,34945,88.31%,
Single,VW_DH_TV_VF_nzoth_yogg_cthun_3135012791967725_IN_IV_DR_DS,34942,88.30%,
Single,VW_DH_VW_VF_nzoth_yogg_cthun_3133347418398701_IN_IV_ME,34941,88.29%,
Single,VW_DH_VW_VF_nzoth_yogg_cthun_3150245967224303_IN_IV_DR,34939,88.28%,
Single,VW_DH_VW_VF_nzoth_yogg_cthun_3132942617739245_IN_IV_DR_DS,34939,88.28%,
Single,VW_DH_VW_VF_nzoth_yogg_cthun_3135004202041325_IN_IV_ME_DS,34936,88.26%,
Single,VW_DH_VW_VF_nzoth_yogg_cthun_3132858865868287_IN_AM_ME,34936,88.26%,
Single,VW_DH_TV_VF_yshaarj_nzoth_yogg_4049515482242543_IN_AM_ME,34934,88.25%,
Single,VW_DH_TV_VF_nzoth_yogg_cthun_3134996685840365_IN_AM_ME,34933,88.25%,
Single,VW_DH_TV_VF_nzoth_yogg_cthun_3132799810068461_IN_IV_ME,34933,88.25%,
Single,VW_DH_TV_VF_nzoth_yogg_cthun_3132928659087341_IN_IV_ME,34933,88.24%,
Single,VW_DH_VW_VF_nzoth_yogg_cthun_3132926578712047_IN_IV_DR,34927,88.21%,
Single,VW_DH_TV_VF_nzoth_yogg_cthun_3132927652454381_IN_IV_ME,34924,88.20%,
Single,VW_DH_TV_VF_nzoth_yogg_cthun_3132797662592495_IN_IV_DR,34923,88.19%,
Single,VW_DH_VW_VF_nzoth_yogg_cthun_3150253483417581_IN_IV_ME,34921,88.18%,
Single,VW_DH_TV_VF_yshaarj_nzoth_yogg_4049531588369903_IN_IV_DR_DS,34920,88.17%,
Single,VW_DH_VW_VF_yshaarj_nzoth_cthun_3696313477947373_IN_AM_ME_DS,34919,88.17%,
Single,VW_DH_TV_VF_yshaarj_nzoth_yogg_3979697567621101_IN_IV_ME,34916,88.15%,
Single,VW_DH_TV_VF_yshaarj_nzoth_yogg_4049524072177135_IN_IV_DR_DS,34914,88.14%,
Single,VW_DH_TV_VF_yshaarj_nzoth_cthun_3696313477947373_IN_IV_DR_DS,34912,88.13%,
Single,VW_DH_TV_VF_nzoth_yogg_cthun_3150519771389933_IN_IV_ME,34909,88.11%,
Single,VW_DH_VW_VF_nzoth_yogg_cthun_3150243886850029_IN_AM_DR,34907,88.10%,
Single,VW_DH_TV_VF_yshaarj_nzoth_yogg_3977497470631407_IN_IV_ME,34907,88.10%,
Single,VW_DH_TV_VF_nzoth_yogg_cthun_3135004202041325_IN_IV_ME_DS,34906,88.10%,
Single,VW_DH_TV_VF_yshaarj_nzoth_yogg_3979712600006637_IN_IV_ME_DS,34903,88.08%,
Single,VW_DH_TV_VF_nzoth_yogg_cthun_3132798736334829_IN_IV_DR,34899,88.06%,
Single,VW_DH_VW_VF_yshaarj_nzoth_yogg_3977513577275373_IN_IV_DR_DS,34897,88.05%,
Single,VW_DH_VW_VF_nzoth_yogg_cthun_3150518697647599_IN_IV_ME,34896,88.05%,
Single,VW_DH_TV_VF_yshaarj_nzoth_yogg_4049524072177645_IN_IV_ME_DS,34896,88.05%,
Single,VW_DH_VW_VF_yshaarj_nzoth_yogg_3977788454657519_IN_IV_ME_DS,34895,88.04%,
Single,VW_DH_TV_VF_nzoth_yogg_cthun_3132935101537775_IN_IV_DR,34893,88.03%,
Single,VW_DH_VW_VF_yshaarj_nzoth_yogg_3977635983319021_IN_AM_DR,34892,88.03%,
Single,VW_DH_TV_VF_nzoth_yogg_cthun_3150244960591343_IN_IV_DR,34891,88.02%,
Single,VW_DH_TV_VF_yshaarj_nzoth_yogg_4049516555984367_IN_IV_DR,34888,88.00%,
Single,VW_DH_VW_VF_yshaarj_nzoth_yogg_3977497470623231_IN_AM_DR,34888,88.00%,
Single,VW_DH_VW_VF_nzoth_yogg_cthun_3132926511611885_IN_AM_DR,34883,87.98%,
Single,VW_DH_VW_VF_nzoth_yogg_cthun_3205372946210287_IN_IV_DR_DS,34883,87.98%,
Single,VW_DH_TV_VF_nzoth_yogg_cthun_3132791287242733_IN_IV_DR,34881,87.97%,
Single,VW_DH_VW_VF_yshaarj_nzoth_yogg_3977498611473903_IN_IV_DR,34878,87.95%,
Single,VW_DH_TV_VF_yshaarj_nzoth_cthun_3696297371819503_IN_IV_ME,34875,87.94%,
Single,VW_DH_TV_VF_nzoth_yogg_cthun_3150252409675757_IN_AM_DR,34875,87.93%,
Single,VW_DH_TV_VF_yshaarj_nzoth_cthun_3768322899631599_IN_IV_DR_DS,34874,87.93%,
Single,VW_DH_TV_VF_yshaarj_nzoth_yogg_3979712600006637_IN_IV_DR_DS,34874,87.93%,
Single,VW_DH_TV_VF_nzoth_yogg_cthun_3150243820264943_IN_IV_DR,34874,87.93%,
Single,VW_DH_VW_VF_nzoth_yogg_cthun_3150259992977389_IN_IV_DR_DS,34872,87.92%,
Single,VW_DH_TV_VF_nzoth_yogg_cthun_3133347418398701_IN_IV_DR,34872,87.92%,
Single,VW_DH_VW_VF_nzoth_yogg_cthun_3132927652454381_IN_IV_ME,34871,87.91%,
Single,VW_DH_VW_VF_nzoth_yogg_cthun_3150252409675247_IN_IV_ME,34869,87.90%,
Single,VW_DH_VW_VF_nzoth_yogg_cthun_3150260999609839_IN_IV_DR_DS,34864,87.88%,
Single,VW_DH_VW_VF_yshaarj_nzoth_yogg_3977515724234733_IN_IV_DR_DS,34863,87.87%,
Single,VW_DH_VW_VF_nzoth_yogg_cthun_3150260999610349_IN_IV_ME_DS,34860,87.85%,
Single,VW_DH_VW_VF_yshaarj_nzoth_yogg_3979697567620591_IN_AM_DR,34860,87.85%,
Single,VW_DH_TV_VF_nzoth_yogg_cthun_3150518697647599_IN_IV_ME,34860,87.85%,
Single,VW_DH_TV_VF_nzoth_yogg_cthun_3132942684839917_IN_IV_DR_DS,34859,87.85%,
Single,VW_DH_VW_VF_yshaarj_nzoth_yogg_4049797876342255_IN_IV_DR_DS,34857,87.84%,
Single,VW_DH_VW_VF_nzoth_yogg_cthun_3132806252527597_IN_IV_DR_DS,34854,87.82%,
Single,VW_DH_TV_VF_yshaarj_nzoth_yogg_4049523065544685_IN_IV_DR_DS,34854,87.82%,
Single,VW_DH_TV_VF_nzoth_yogg_cthun_3132797663109101_IN_IV_DR,34854,87.82%,
Single,VW_DH_VW_VF_yshaarj_nzoth_yogg_3977772348530159_IN_AM_DR,34853,87.81%,
Single,VW_DH_VW_VF_yshaarj_nzoth_yogg_3977497537732079_IN_AM_DR,34852,87.81%,
Single,VW_DH_VW_VF_yshaarj_nzoth_yogg_3977772348530159_IN_AM_ME,34852,87.81%,
Single,VW_DH_TV_VF_yshaarj_nzoth_yogg_3979697567621101_IN_IV_DR,34851,87.80%,
Single,VW_DH_TV_VF_nzoth_yogg_cthun_3132791220141551_IN_IV_DR,34850,87.80%,
Single,VW_DH_VW_VF_yshaarj_nzoth_yogg_4049524072177645_IN_AM_DR_DS,34849,87.80%,
Single,VW_DH_VW_VF_yshaarj_nzoth_yogg_4049522998960109_IN_IV_ME_DS,34849,87.79%,
Single,VW_DH_VW_VF_nzoth_yogg_cthun_3150252409675757_IN_AM_DR,34846,87.78%,
Single,VW_DH_TV_VF_nzoth_yogg_cthun_3132935101538285_IN_AM_DR,34840,87.74%,
Single,VW_DH_VW_VF_yshaarj_nzoth_yogg_3977514650492909_IN_AM_ME_DS,34839,87.74%,
Single,VW_DH_VW_VF_yshaarj_nzoth_yogg_3977498544889837_IN_IV_DR,34839,87.74%,
Single,VW_DH_VW_VF_yshaarj_nzoth_yogg_3979712600006127_IN_AM_DR_DS,34838,87.74%,
Single,VW_DH_TV_VF_yshaarj_nzoth_yogg_4049660437388783_IN_IV_DR_DS,34837,87.73%,
Single,VW_DH_VW_VF_yshaarj_nzoth_yogg_3977499618107373_IN_AM_DR,34837,87.73%,
Single,VW_DH_VW_VF_nzoth_yogg_cthun_3150268515803117_IN_IV_DR_DS,34836,87.73%,
Single,VW_DH_VW_VF_nzoth_yogg_cthun_3132798736334829_IN_IV_DR,34835,87.72%,
Single,VW_DH_VW_VF_yshaarj_nzoth_yogg_3977499618107373_IN_AM_ME,34833,87.71%,
Single,VW_DH_VW_VF_yshaarj_nzoth_cthun_3768322899632109_IN_AM_ME_DS,34829,87.69%,
Single,VW_DH_TV_VF_nzoth_yogg_cthun_3132996304822253_Mis_IV_ME,34828,87.68%,
Single,VW_DH_TV_VF_nzoth_yogg_cthun_3132926578712557_IN_AM_DR,34827,87.68%,
Single,VW_DH_VW_VF_yshaarj_nzoth_yogg_4049531588369903_IN_AM_DR_DS,34827,87.68%,
Single,VW_DH_VW_VF_nzoth_yogg_cthun_3132797729693677_IN_IV_DR,34821,87.64%,
Single,VW_DH_TV_VF_nzoth_yogg_cthun_3150245967224303_IN_IV_ME,34819,87.63%,
Single,VW_DH_VW_VF_nzoth_yogg_cthun_3132858865868287_IN_AM_DR,34811,87.59%,
Single,VW_DH_TV_VF_nzoth_yogg_cthun_3132927585353709_IN_IV_ME,34809,87.58%,
Single,VW_DH_TV_VF_nzoth_yogg_cthun_3132926512127981_IN_IV_ME,34808,87.57%,
Single,VW_DH_VW_VF_yshaarj_nzoth_yogg_3977513643859439_IN_IV_DR_DS,34805,87.56%,
Single,VW_DH_VW_VF_yshaarj_nzoth_yogg_4049524072177645_IN_AM_ME_DS,34805,87.56%,
Single,VW_DH_TV_VF_nzoth_yogg_cthun_3205372946210287_IN_IV_ME_DS,34802,87.54%,
Single,VW_DH_TV_VF_yshaarj_nzoth_cthun_3696313477947373_IN_IV_ME_DS,34802,87.54%,
Single,VW_DH_VW_VF_nzoth_yogg_cthun_3150519771389933_IN_IV_ME,34801,87.54%,
Single,VW_DH_TV_VF_nzoth_yogg_cthun_3205372946210287_IN_IV_DR_DS,34798,87.52%,
Single,VW_DH_TV_VF_nzoth_yogg_cthun_3150243819740671_IN_IV_ME,34797,87.52%,
Single,VW_DH_VW_VF_nzoth_yogg_cthun_3132996304822253_Mis_IV_ME,34797,87.51%,
Single,VW_DH_TV_VF_yshaarj_nzoth_yogg_3977513576759277_IN_IV_DR_DS,34797,87.51%,
Single,VW_DH_VW_VF_yshaarj_nzoth_yogg_3977498544889327_IN_IV_ME,34795,87.50%,
Single,VW_DH_TV_VF_nzoth_yogg_cthun_3132791287242733_IN_IV_ME,34795,87.50%,
Single,VW_DH_VW_VF_nzoth_yogg_cthun_3150244960591343_IN_IV_DR,34794,87.50%,
Single,VW_DH_VW_VF_yshaarj_nzoth_yogg_3979697567620591_IN_AM_ME,34794,87.50%,
Single,VW_DH_TV_VF_nzoth_yogg_cthun_3132936175280109_IN_IV_ME,34794,87.50%,
Single,VW_DH_VW_VF_nzoth_yogg_cthun_3132799810068461_IN_IV_ME,34794,87.50%,
Single,VW_DH_TV_VF_yshaarj_nzoth_yogg_4049531588370413_IN_AM_DR_DS,34792,87.49%,
Single,VW_DH_TV_VF_nzoth_yogg_cthun_3132858865868287_IN_AM_ME,34791,87.48%,
Single,VW_DH_VW_VF_nzoth_yogg_cthun_3132798736334829_IN_IV_ME,34789,87.47%,
Single,VW_DH_TV_VF_yshaarj_nzoth_yogg_3977499618107373_IN_IV_ME,34789,87.47%,
Single,VW_DH_VW_VF_yshaarj_nzoth_yogg_3977497471148013_IN_AM_ME,34787,87.46%,
Single,VW_DH_VW_VF_nzoth_yogg_cthun_3150313612959215_Mis_IV_ME,34787,87.46%,
Single,VW_DH_TV_VF_yshaarj_nzoth_yogg_3977634909576687_IN_IV_DR,34787,87.46%,
Single,VW_DH_TV_VF_nzoth_yogg_cthun_3152458949123567_IN_IV_ME_DS,34785,87.45%,
Single,VW_DH_VW_VF_yshaarj_nzoth_yogg_3977513576750591_IN_IV_ME_DS,34785,87.45%,
Single,VW_DH_VW_VF_nzoth_yogg_cthun_3150534803775469_IN_IV_DR_DS,34784,87.44%,
Single,VW_DH_VW_VF_yshaarj_nzoth_yogg_3977499618106863_IN_AM_ME,34780,87.42%,
Single,VW_DH_VW_VF_yshaarj_nzoth_yogg_3977651015704557_IN_AM_DR_DS,34777,87.41%,
Single,VW_DH_VW_VF_yshaarj_nzoth_yogg_4049523065544175_IN_IV_ME_DS,34774,87.39%,
Single,VW_DH_VW_VF_nzoth_yogg_cthun_3150259992977389_IN_IV_ME_DS,34774,87.39%,
Single,VW_DH_TV_VF_nzoth_yogg_cthun_3150268515803117_IN_IV_DR_DS,34773,87.38%,
Single,VW_DH_VW_VF_nzoth_yogg_cthun_3152458949123567_IN_IV_ME_DS,34768,87.36%,
Single,VW_DH_VW_VF_nzoth_yogg_cthun_3132797663109101_IN_IV_ME,34768,87.36%,
Single,VW_DH_TV_VF_yshaarj_nzoth_yogg_3977635983319021_IN_IV_ME,34767,87.35%,
Single,VW_DH_VW_VF_yshaarj_nzoth_yogg_3977513577274863_IN_IV_ME_DS,34766,87.35%,
Single,VW_DH_VW_VF_nzoth_yogg_cthun_3132935101537775_IN_IV_ME,34765,87.34%,
Single,VW_DH_VW_VF_nzoth_yogg_cthun_3135004269141997_IN_IV_ME_DS,34764,87.34%,
Single,VW_DH_TV_VF_yshaarj_nzoth_yogg_4049522998444013_IN_IV_ME_DS,34763,87.33%,
Single,VW_DH_VW_VF_yshaarj_nzoth_yogg_4049531588369903_IN_AM_ME_DS,34762,87.32%,
Single,VW_DH_VW_VF_yshaarj_nzoth_yogg_3977497537732079_IN_AM_ME,34760,87.32%,
Single,VW_DH_VW_VF_nzoth_yogg_cthun_3132936175280109_IN_IV_DR,34760,87.32%,
Single,VW_DH_TV_VF_nzoth_yogg_cthun_3150260999610349_IN_IV_ME_DS,34760,87.31%,
Single,VW_DH_VW_VF_nzoth_yogg_cthun_3132859939610605_Mis_IV_ME,34757,87.30%,
Single,VW_DH_VW_VF_nzoth_yogg_cthun_3132799810068461_IN_IV_DR,34757,87.30%,
Single,AR_EC_VF_nzoth_yogg_cthun_3150313537527789_IN_IV_DR,34755,87.29%,
Single,AR_SP_VF_nzoth_yogg_cthun_3150313537527789_IN_IV_DR,34754,87.28%,
Single,VW_DH_TV_VF_yshaarj_nzoth_yogg_3977514650492909_IN_IV_DR_DS,34754,87.28%,
Single,VW_DH_TV_VF_nzoth_yogg_cthun_3135004202040815_IN_IV_DR_DS,34754,87.28%,
Single,VW_DH_TV_VF_yshaarj_nzoth_yogg_3979696493879277_IN_AM_DR,34753,87.27%,
Single,VW_DH_VW_VF_nzoth_yogg_cthun_3135012791967725_IN_IV_DR_DS,34752,87.27%,
Single,VW_DH_VW_VF_nzoth_yogg_cthun_3135005275774447_IN_IV_DR_DS,34752,87.27%,
Single,VW_DH_VW_VF_nzoth_yogg_cthun_3135012791967725_IN_IV_ME_DS,34750,87.26%,
Single,VW_DH_TV_VF_nzoth_yogg_cthun_3150259925876207_IN_IV_DR_DS,34748,87.25%,
Single,VW_DH_VW_VF_nzoth_yogg_cthun_3132935101537775_IN_IV_DR,34747,87.24%,
Single,VW_DH_VW_VF_nzoth_yogg_cthun_3132927585353709_IN_IV_ME,34745,87.23%,
Single,VW_DH_VW_VF_nzoth_yogg_cthun_3132927652454381_IN_IV_DR,34745,87.23%,
Single,VW_DH_TV_VF_yshaarj_nzoth_yogg_4049797876342765_IN_IV_ME_DS,34743,87.22%,
Single,VW_DH_TV_VF_nzoth_yogg_cthun_3132928659086831_IN_IV_DR,34742,87.22%,
Single,VW_DH_VW_VF_yshaarj_nzoth_yogg_3977499618106863_IN_AM_DR,34741,87.21%,
Single,VW_DH_TV_VF_nzoth_yogg_cthun_3135004202557421_IN_IV_DR_DS,34740,87.21%,
Single,VW_DH_TV_VF_yshaarj_nzoth_yogg_4049516555984877_IN_AM_DR,34739,87.20%,
Single,VW_DH_VW_VF_nzoth_yogg_cthun_3132876045737455_IN_AM_ME_DS,34738,87.20%,
Single,VW_DH_VW_VF_nzoth_yogg_cthun_3205372946210287_IN_IV_ME_DS,34737,87.19%,
Single,VW_DH_VW_VF_yshaarj_nzoth_yogg_3977773422272493_IN_AM_DR,34737,87.19%,
Single,VW_DH_TV_VF_nzoth_yogg_cthun_3132926578712047_IN_IV_ME,34735,87.18%,
Single,VW_DH_TV_VF_nzoth_yogg_cthun_3132943691472877_IN_IV_ME_DS,34731,87.16%,
Single,VW_DH_TV_VF_nzoth_yogg_cthun_3152458949124077_IN_AM_DR_DS,34730,87.15%,
Single,VW_DH_TV_VF_nzoth_yogg_cthun_3132936175280109_IN_IV_DR,34729,87.15%,
Single,VW_DH_VW_VF_nzoth_yogg_cthun_3150245967224303_IN_IV_ME,34728,87.14%,
Single,VW_DH_TV_VF_nzoth_yogg_cthun_3150518697648109_IN_AM_ME,34726,87.13%,
Single,VW_DH_TV_VF_nzoth_yogg_cthun_3133347418398701_IN_IV_ME,34722,87.11%,
Single,VW_DH_TV_VF_nzoth_yogg_cthun_3132799810068461_IN_IV_DR,34721,87.11%,
Single,VW_DH_VW_VF_nzoth_yogg_cthun_3132943691472877_IN_IV_ME_DS,34719,87.09%,
Single,VW_DH_TV_VF_nzoth_yogg_cthun_3150252409675757_IN_AM_ME,34718,87.09%,
Single,VW_DH_VW_VF_yshaarj_nzoth_yogg_3977513576750591_IN_IV_DR_DS,34718,87.09%,
Single,VW_DH_TV_VF_yshaarj_nzoth_yogg_3979696493879277_IN_AM_ME,34717,87.08%,
Single,VW_DH_TV_VF_nzoth_yogg_cthun_3132859939610605_Mis_IV_ME,34717,87.08%,
Single,VW_DH_VW_VF_yshaarj_nzoth_yogg_4049797876342765_IN_AM_DR_DS,34717,87.08%,
Single,VW_DH_VW_VF_nzoth_yogg_cthun_3135004202040815_IN_IV_DR_DS,34715,87.07%,
Single,VW_DH_VW_VF_yshaarj_nzoth_cthun_3696298445561327_IN_AM_ME,34715,87.07%,
Single,VW_DH_VW_VF_nzoth_yogg_cthun_3132791287242733_IN_IV_DR,34710,87.04%,
Single,VW_DH_TV_VF_nzoth_yogg_cthun_3132935101537775_IN_IV_ME,34709,87.04%,
Single,VW_DH_TV_VF_nzoth_yogg_cthun_3150243819748847_IN_AM_DR,34707,87.03%,
Single,VW_DH_TV_VF_nzoth_yogg_cthun_3150259992976879_IN_IV_DR_DS,34703,87.01%,
Single,VW_DH_TV_VF_nzoth_yogg_cthun_3150243886850029_IN_AM_ME,34702,87.00%,
Single,VW_DH_TV_VF_nzoth_yogg_cthun_3132791220658157_IN_IV_DR,34702,87.00%,
Single,VW_DH_VW_VF_yshaarj_nzoth_yogg_3977788454657519_IN_IV_DR_DS,34701,87.00%,
Single,VW_DH_VW_VF_nzoth_yogg_cthun_3150259925876207_IN_IV_DR_DS,34700,86.99%,
Single,VW_DH_TV_VF_nzoth_yogg_cthun_3132996304822253_Mis_IV_DR,34699,86.99%,
Single,AR_SW_VF_nzoth_yogg_cthun_3150313537527789_IN_IV_DR,34698,86.98%,
Single,VW_DH_VW_VF_yshaarj_nzoth_yogg_3977515724234223_IN_IV_ME_DS,34698,86.98%,
Single,VW_DH_VW_VF_yshaarj_nzoth_yogg_3977567263841775_Mis_IV_ME,34697,86.97%,
Single,VW_DH_VW_VF_nzoth_yogg_cthun_3132806252527597_IN_IV_ME_DS,34696,86.97%,
Single,VW_DH_TV_VF_nzoth_yogg_cthun_3132806319628269_IN_IV_DR_DS,34696,86.97%,
Single,VW_DH_VW_VF_nzoth_yogg_cthun_3152458949124077_IN_AM_DR_DS,34695,86.97%,
Single,VW_DH_TV_VF_nzoth_yogg_cthun_3132926511611375_IN_IV_ME,34695,86.96%,
Single,VW_DH_VW_VF_yshaarj_nzoth_yogg_3977651015704557_IN_AM_ME_DS,34692,86.95%,
Single,VW_DH_TV_VF_nzoth_yogg_cthun_3150243820264943_IN_IV_ME,34692,86.95%,
Single,VW_DH_VW_VF_nzoth_yogg_cthun_3132926511611375_IN_IV_ME,34691,86.94%,
Single,VW_DH_VW_VF_nzoth_yogg_cthun_3150253483417071_IN_IV_ME,34691,86.94%,
Single,VW_DH_VW_VF_nzoth_yogg_cthun_3132791220141551_IN_IV_DR,34691,86.94%,
Single,VW_DH_TV_VF_nzoth_yogg_cthun_3132797663109101_IN_IV_ME,34687,86.92%,
Single,VW_DH_TV_VF_nzoth_yogg_cthun_3150244894007277_IN_IV_DR,34687,86.92%,
Single,AR_EC_VF_nzoth_yogg_cthun_3150313537527789_IN_IV_ME,34686,86.91%,
Single,VW_DH_TV_VF_yshaarj_nzoth_yogg_3977651015704557_IN_IV_ME_DS,34683,86.90%,
Single,VW_DH_VW_VF_nzoth_yogg_cthun_3132926512127471_IN_IV_DR,34682,86.89%,
Single,VW_DH_VW_VF_nzoth_yogg_cthun_3132797663109101_IN_IV_DR,34682,86.89%,
Single,VW_DH_VW_VF_yshaarj_nzoth_yogg_3977773422271983_IN_IV_DR,34681,86.89%,
Single,VW_DH_VW_VF_nzoth_yogg_cthun_3132797662592495_IN_IV_ME,34679,86.88%,
Single,VW_DH_TV_VF_yshaarj_nzoth_yogg_3977497471148013_IN_IV_ME,34679,86.88%,
Single,VW_DH_VW_VF_yshaarj_nzoth_yogg_3977498544373741_IN_AM_DR,34675,86.86%,
Single,VW_DH_TV_VF_nzoth_yogg_cthun_3150259992977389_IN_IV_ME_DS,34672,86.84%,
Single,VW_DH_VW_VF_nzoth_yogg_cthun_3132996304822253_Mis_IV_DR,34671,86.84%,
Single,VW_DH_TV_VF_nzoth_yogg_cthun_3132797729693167_IN_IV_DR,34669,86.82%,
Single,VW_DH_VW_VF_nzoth_yogg_cthun_3132942684839917_IN_IV_DR_DS,34668,86.82%,
Single,AR_SP_VF_nzoth_yogg_cthun_3150313537527789_IN_IV_ME,34664,86.80%,
Single,VW_DH_TV_VF_nzoth_yogg_cthun_3132858865868287_IN_AM_DR,34664,86.80%,
Single,VW_DH_VW_VF_nzoth_yogg_cthun_3150243820264943_IN_IV_ME,34664,86.80%,
Single,VW_DH_TV_VF_nzoth_yogg_cthun_3135006349516781_IN_IV_DR_DS,34655,86.75%,
Single,VW_DH_VW_VF_nzoth_yogg_cthun_3132927585869805_IN_IV_DR,34653,86.74%,
Single,VW_DH_VW_VF_yshaarj_nzoth_yogg_3977635983319021_IN_AM_ME,34652,86.73%,
Single,VW_DH_TV_VF_nzoth_yogg_cthun_3132942617739245_IN_IV_ME_DS,34651,86.73%,
Single,VW_DH_TV_VF_nzoth_yogg_cthun_3132876045737455_IN_AM_ME_DS,34651,86.73%,
Single,VW_DH_TV_VF_nzoth_yogg_cthun_3150253483417071_IN_IV_DR,34650,86.72%,
Single,VW_DH_TV_VF_yshaarj_nzoth_yogg_3977498544373741_IN_IV_DR,34650,86.72%,
Single,VW_DH_VW_VF_nzoth_yogg_cthun_3132935101538285_IN_AM_DR,34648,86.71%,
Single,VW_DH_TV_VF_nzoth_yogg_cthun_3135005275774447_IN_IV_DR_DS,34647,86.71%,
Single,VW_DH_TV_VF_nzoth_yogg_cthun_3150243886849519_IN_AM_DR,34645,86.69%,
Single,VW_DH_VW_VF_yshaarj_nzoth_yogg_3977498544889327_IN_IV_DR,34645,86.69%,
Single,VW_DH_TV_VF_nzoth_yogg_cthun_3150313612959215_Mis_IV_ME,34644,86.69%,
Single,VW_DH_VW_VF_yshaarj_nzoth_cthun_3768322899631599_IN_AM_DR_DS,34644,86.69%,
Single,VW_DH_TV_VF_yshaarj_nzoth_yogg_3977514650492909_IN_IV_ME_DS,34643,86.69%,
Single,VW_DH_VW_VF_nzoth_yogg_cthun_3150518697648109_IN_AM_ME,34643,86.68%,
Single,VW_DH_TV_VF_yshaarj_nzoth_yogg_4049524072177135_IN_IV_ME_DS,34642,86.68%,
Single,VW_DH_TV_VF_nzoth_yogg_cthun_3132926511603199_IN_IV_DR,34641,86.67%,
Single,VW_DH_TV_VF_nzoth_yogg_cthun_3150244893490671_IN_IV_ME,34640,86.67%,
Single,VW_DH_VW_VF_nzoth_yogg_cthun_3150259925876717_IN_IV_ME_DS,34640,86.67%,
Single,VW_DH_TV_VF_nzoth_yogg_cthun_3132806252527597_IN_IV_ME_DS,34640,86.67%,
Single,VW_DH_VW_VF_nzoth_yogg_cthun_3150268515803117_IN_IV_ME_DS,34639,86.66%,
Single,VW_DH_TV_VF_nzoth_yogg_cthun_3132814842453997_IN_IV_DR_DS,34639,86.66%,
Single,VW_DH_VW_VF_nzoth_yogg_cthun_3150534803775469_IN_IV_ME_DS,34639,86.66%,
Single,VW_DH_TV_VF_nzoth_yogg_cthun_3150313612959215_Mis_IV_DR,34639,86.66%,
Single,VW_DH_VW_VF_nzoth_yogg_cthun_3205372946210797_IN_AM_DR_DS,34636,86.65%,
Single,VW_DH_TV_VF_nzoth_yogg_cthun_3150245967224813_IN_AM_DR,34635,86.64%,
Single,VW_DH_VW_VF_yshaarj_nzoth_yogg_3977497470631407_IN_AM_ME,34634,86.64%,
Single,VW_DH_VW_VF_nzoth_yogg_cthun_3150253483417071_IN_IV_DR,34633,86.63%,
Single,VW_DH_VW_VF_nzoth_yogg_cthun_3150244894007277_IN_IV_ME,34633,86.63%,
Single,VW_DH_TV_VF_yshaarj_nzoth_yogg_3977497537732079_IN_IV_ME,34632,86.62%,
Single,VW_DH_VW_VF_nzoth_yogg_cthun_3132926578712557_IN_AM_DR,34631,86.62%,
Single,VW_DH_TV_VF_nzoth_yogg_cthun_3150259925876717_IN_IV_ME_DS,34630,86.61%,
Single,VW_DH_VW_VF_yshaarj_nzoth_yogg_3977567263841775_Mis_IV_DR,34629,86.61%,
Single,VW_DH_VW_VF_nzoth_yogg_cthun_3132928659086831_IN_IV_ME,34629,86.61%,
Single,VW_DH_TV_VF_nzoth_yogg_cthun_3132813768720365_IN_IV_DR_DS,34628,86.60%,
Single,VW_DH_VW_VF_yshaarj_nzoth_cthun_3696298445561327_IN_AM_DR,34628,86.60%,
Single,VW_DH_VW_VF_yshaarj_nzoth_yogg_4049522998444013_IN_AM_DR_DS,34627,86.60%,
Single,VW_DH_TV_VF_nzoth_yogg_cthun_3132797662592495_IN_IV_ME,34626,86.59%,
Single,VW_DH_TV_VF_nzoth_yogg_cthun_3150260999609839_IN_IV_DR_DS,34626,86.59%,
Single,VW_DH_TV_VF_yshaarj_nzoth_yogg_4049660437389293_IN_IV_ME_DS,34625,86.59%,
Single,VW_DH_VW_VF_nzoth_yogg_cthun_3132791220658157_IN_IV_ME,34625,86.59%,
Single,VW_DH_VW_VF_yshaarj_nzoth_yogg_3977498611474413_IN_AM_DR,34625,86.59%,
Single,VW_DH_VW_VF_yshaarj_nzoth_yogg_3977497471147503_IN_AM_DR,34622,86.57%,
Single,VW_DH_VW_VF_nzoth_yogg_cthun_3132791287242733_IN_IV_ME,34619,86.55%,
Single,VW_DH_TV_VF_yshaarj_nzoth_yogg_3977497471148013_IN_IV_DR,34616,86.54%,
Single,VW_DH_TV_VF_nzoth_yogg_cthun_3150244960591343_IN_IV_ME,34615,86.53%,
Single,VW_DH_TV_VF_yshaarj_nzoth_cthun_3768322899632109_IN_AM_DR_DS,34615,86.53%,
Single,VW_DH_TV_VF_yshaarj_nzoth_yogg_3979712600006127_IN_IV_ME_DS,34610,86.50%,
Single,VW_DH_VW_VF_yshaarj_nzoth_yogg_3977567263842285_Mis_AM_ME,34609,86.50%,
Single,VW_DH_VW_VF_yshaarj_nzoth_yogg_3977515724234223_IN_IV_DR_DS,34608,86.49%,
Single,VW_DH_VW_VF_nzoth_yogg_cthun_3150243886850029_IN_AM_ME,34605,86.48%,
Single,VW_DH_VW_VF_yshaarj_nzoth_yogg_3977498544365055_IN_IV_DR,34604,86.47%,
Single,VW_DH_VW_VF_nzoth_yogg_cthun_3150244960591343_IN_IV_ME,34604,86.47%,
Single,VW_DH_VW_VF_yshaarj_nzoth_cthun_3696313477946863_IN_AM_DR_DS,34604,86.47%,
Single,VW_DH_VW_VF_yshaarj_nzoth_yogg_3977497470623231_IN_AM_ME,34602,86.46%,
Single,VW_DH_VW_VF_yshaarj_nzoth_yogg_4049660437389293_IN_AM_ME_DS,34600,86.45%,
Single,VW_DH_TV_VF_yshaarj_nzoth_yogg_3977772348530159_IN_IV_ME,34599,86.45%,
Single,VW_DH_TV_VF_nzoth_yogg_cthun_3205372946210797_IN_AM_DR_DS,34599,86.44%,
Single,VW_DH_VW_VF_nzoth_yogg_cthun_3132926511603199_IN_IV_DR,34598,86.44%,
Single,VW_DH_TV_VF_nzoth_yogg_cthun_3132926511603199_IN_IV_ME,34596,86.43%,
Single,VW_DH_TV_VF_nzoth_yogg_cthun_3132927585353199_IN_IV_DR,34594,86.42%,
Single,VW_DH_VW_VF_nzoth_yogg_cthun_3135006349516781_IN_IV_DR_DS,34592,86.41%,
Single,VW_DH_TV_VF_nzoth_yogg_cthun_3134997759581679_IN_IV_ME,34592,86.41%,
Single,VW_DH_TV_VF_yshaarj_nzoth_yogg_3977497470623231_IN_IV_ME,34591,86.41%,
Single,VW_DH_VW_VF_nzoth_yogg_cthun_3132813768720365_IN_IV_DR_DS,34591,86.40%,
Single,VW_DH_VW_VF_yshaarj_nzoth_yogg_3977788454658029_IN_AM_DR_DS,34590,86.40%,
Single,VW_DH_TV_VF_nzoth_yogg_cthun_3135004269141997_IN_IV_ME_DS,34590,86.40%,
Single,VW_DH_TV_VF_yshaarj_nzoth_yogg_4049523065544685_IN_IV_ME_DS,34589,86.40%,
Single,VW_DH_VW_VF_nzoth_yogg_cthun_3132858865876973_Mis_IV_ME,34588,86.39%,
Single,VW_DH_VW_VF_nzoth_yogg_cthun_3150313612959215_Mis_IV_DR,34588,86.39%,
Single,VW_DH_VW_VF_yshaarj_nzoth_yogg_3977513576759277_IN_AM_DR_DS,34588,86.39%,
Single,VW_DH_VW_VF_nzoth_yogg_cthun_3132797662593005_IN_AM_DR,34588,86.39%,
Single,VW_DH_TV_VF_nzoth_yogg_cthun_3132951207665645_IN_IV_ME_DS,34587,86.38%,
Single,VW_DH_TV_VF_nzoth_yogg_cthun_3135006349516781_IN_IV_ME_DS,34585,86.37%,
Single,VW_DH_TV_VF_nzoth_yogg_cthun_3135005275774957_IN_AM_DR_DS,34581,86.35%,
Single,VW_DH_TV_VF_nzoth_yogg_cthun_3132814842453997_IN_IV_ME_DS,34581,86.35%,
Single,VW_DH_TV_VF_nzoth_yogg_cthun_3132876045737455_IN_AM_DR_DS,34581,86.35%,
Single,VW_DH_TV_VF_yshaarj_nzoth_yogg_3977634909577197_IN_AM_DR,34579,86.34%,
Single,VW_DH_VW_VF_yshaarj_nzoth_yogg_4049523065544685_IN_AM_DR_DS,34579,86.34%,
Single,VW_DH_TV_VF_nzoth_yogg_cthun_3150260999609839_IN_IV_ME_DS,34579,86.34%,
Single,VW_DH_TV_VF_nzoth_yogg_cthun_3132942617738735_IN_IV_DR_DS,34576,86.32%,
Single,VW_DH_VW_VF_yshaarj_nzoth_yogg_3979712600006127_IN_AM_ME_DS,34574,86.31%,
Single,VW_DH_TV_VF_nzoth_yogg_cthun_3132942684839917_IN_IV_ME_DS,34573,86.30%,
Single,VW_DH_VW_VF_nzoth_yogg_cthun_3132926578712047_IN_IV_ME,34573,86.30%,
Single,VW_DH_TV_VF_nzoth_yogg_cthun_3150244894007277_IN_IV_ME,34572,86.30%,
Single,VW_DH_TV_VF_yshaarj_nzoth_yogg_3977651015704557_IN_IV_DR_DS,34571,86.29%,
Single,AR_EC_VF_yshaarj_nzoth_yogg_4013438755266541_IN_IV_DR,34569,86.29%,
Single,VW_DH_TV_VF_nzoth_yogg_cthun_3132798736334829_IN_IV_ME,34568,86.28%,
Single,VW_DH_VW_VF_yshaarj_nzoth_yogg_3977788454658029_IN_AM_ME_DS,34566,86.27%,
Single,VW_DH_TV_VF_yshaarj_nzoth_yogg_3979697567620591_IN_IV_ME,34566,86.27%,
Single,VW_DH_VW_VF_nzoth_yogg_cthun_3132926511603199_IN_IV_ME,34565,86.26%,
Single,VW_DH_VW_VF_nzoth_yogg_cthun_3135004202557421_IN_IV_DR_DS,34564,86.26%,
Single,VW_DH_VW_VF_yshaarj_nzoth_yogg_4049660437388783_IN_AM_DR_DS,34561,86.24%,
Single,VW_DH_VW_VF_nzoth_yogg_cthun_3150259992976879_IN_IV_DR_DS,34560,86.24%,
Single,VW_DH_VW_VF_yshaarj_nzoth_yogg_4049524072177135_IN_AM_DR_DS,34558,86.23%,
Single,VW_DH_VW_VF_nzoth_yogg_cthun_3132927585353199_IN_IV_DR,34555,86.21%,
Single,VW_DH_TV_VF_yshaarj_nzoth_yogg_3977497537732079_IN_IV_DR,34550,86.18%,
Single,VW_DH_TV_VF_nzoth_yogg_cthun_3132859939610605_Mis_IV_DR,34548,86.17%,
Single,VW_DH_VW_VF_nzoth_yogg_cthun_3132876045737455_IN_AM_DR_DS,34548,86.17%,
Single,VW_DH_TV_VF_yshaarj_nzoth_yogg_4049660437388783_IN_IV_ME_DS,34547,86.16%,
Single,VW_DH_VW_VF_yshaarj_nzoth_yogg_3977773422272493_IN_AM_ME,34546,86.16%,
Single,VW_DH_VW_VF_nzoth_yogg_cthun_3135006349516781_IN_IV_ME_DS,34546,86.16%,
Single,VW_DH_TV_VF_yshaarj_nzoth_yogg_4049516555984877_IN_AM_ME,34544,86.15%,
Single,VW_DH_TV_VF_yshaarj_nzoth_yogg_4049522998443503_IN_IV_DR_DS,34544,86.15%,
Single,VW_DH_VW_VF_nzoth_yogg_cthun_3132791220658157_IN_IV_DR,34544,86.15%,
Single,VW_DH_TV_VF_nzoth_yogg_cthun_3132797662584319_IN_IV_ME,34542,86.14%,
Single,VW_DH_VW_VF_nzoth_yogg_cthun_3132814842453997_IN_IV_DR_DS,34539,86.12%,
Single,VW_DH_VW_VF_nzoth_yogg_cthun_3150243886849519_IN_AM_DR,34539,86.12%,
Single,VW_DH_VW_VF_nzoth_yogg_cthun_3150245967224813_IN_AM_DR,34537,86.11%,
Single,VW_DH_TV_VF_nzoth_yogg_cthun_3150534803775469_IN_IV_ME_DS,34533,86.09%,
Single,VW_DH_VW_VF_nzoth_yogg_cthun_3133348492140525_IN_IV_ME,34533,86.09%,
Single,VW_DH_VW_VF_nzoth_yogg_cthun_3132858866393069_Mis_IV_ME,34531,86.08%,
Single,VW_DH_VW_VF_nzoth_yogg_cthun_3132859939610605_Mis_IV_DR,34531,86.08%,
Single,VW_DH_VW_VF_nzoth_yogg_cthun_3132928659086831_IN_IV_DR,34530,86.07%,
Single,VW_DH_VW_VF_nzoth_yogg_cthun_3132806319628269_IN_IV_DR_DS,34529,86.07%,
Single,VW_DH_TV_VF_nzoth_yogg_cthun_3150244960591853_IN_AM_DR,34529,86.07%,
Single,VW_DH_TV_VF_nzoth_yogg_cthun_3132858932977645_Mis_IV_ME,34526,86.05%,
Single,VW_DH_TV_VF_nzoth_yogg_cthun_3150519771389933_IN_AM_DR,34526,86.05%,
Single,VW_DH_TV_VF_nzoth_yogg_cthun_3132943691472367_IN_IV_DR_DS,34525,86.05%,
Single,VW_DH_TV_VF_nzoth_yogg_cthun_3150260999610349_IN_AM_DR_DS,34525,86.05%,
Single,VW_DH_TV_VF_yshaarj_nzoth_yogg_3977499618107373_IN_IV_DR,34521,86.03%,
Single,VW_DH_VW_VF_nzoth_yogg_cthun_3132867455803373_Mis_IV_ME,34521,86.03%,
Single,VW_DH_TV_VF_nzoth_yogg_cthun_3132927585869805_IN_IV_DR,34518,86.01%,
Single,VW_DH_VW_VF_nzoth_yogg_cthun_3134997759581679_IN_IV_ME,34514,85.99%,
Single,VW_DH_TV_VF_nzoth_yogg_cthun_3150313612959725_Mis_AM_DR,34514,85.99%,
Single,VW_DH_TV_VF_yshaarj_nzoth_yogg_4049531588370413_IN_AM_ME_DS,34513,85.98%,
Single,VW_DH_TV_VF_nzoth_yogg_cthun_3132791220141551_IN_IV_ME,34512,85.98%,
Single,VW_DH_TV_VF_yshaarj_nzoth_yogg_3979712600006127_IN_IV_DR_DS,34511,85.97%,
Single,VW_DH_TV_VF_nzoth_yogg_cthun_3132951207665645_IN_IV_DR_DS,34510,85.97%,
Single,VW_DH_TV_VF_nzoth_yogg_cthun_3150268515803117_IN_IV_ME_DS,34508,85.96%,
Single,VW_DH_TV_VF_nzoth_yogg_cthun_3150244893482495_IN_IV_DR,34504,85.94%,
Single,VW_DH_VW_VF_yshaarj_nzoth_yogg_4049525145918959_IN_IV_DR_DS,34503,85.93%,
Single,VW_DH_TV_VF_nzoth_yogg_cthun_3150519771389423_IN_IV_DR,34500,85.91%,
Single,VW_DH_VW_VF_yshaarj_nzoth_yogg_3977635983318511_IN_AM_ME,34499,85.91%,
Single,VW_DH_VW_VF_nzoth_yogg_cthun_3150252409675757_IN_AM_ME,34498,85.90%,
Single,VW_DH_VW_VF_nzoth_yogg_cthun_3150244894007277_IN_IV_DR,34498,85.90%,
Single,VW_DH_VW_VF_nzoth_yogg_cthun_3132951207665645_IN_IV_ME_DS,34497,85.90%,
Single,VW_DH_VW_VF_yshaarj_nzoth_yogg_4049797876342765_IN_AM_ME_DS,34493,85.88%,
Single,VW_DH_TV_VF_yshaarj_nzoth_yogg_3979697567620591_IN_IV_DR,34493,85.88%,
Single,VW_DH_TV_VF_nzoth_yogg_cthun_3132858865876973_Mis_IV_DR,34491,85.87%,
Single,VW_DH_VW_VF_nzoth_yogg_cthun_3132806252527087_IN_IV_DR_DS,34490,85.86%,
Single,VW_DH_TV_VF_nzoth_yogg_cthun_3132867455803373_Mis_IV_ME,34489,85.85%,
Single,VW_DH_VW_VF_nzoth_yogg_cthun_3150243819749357_IN_AM_ME,34486,85.84%,
Single,VW_DH_VW_VF_nzoth_yogg_cthun_3133347418398191_IN_IV_DR,34486,85.84%,
Single,VW_DH_TV_VF_yshaarj_nzoth_yogg_3977497470623231_IN_IV_DR,34483,85.82%,
Single,VW_DH_VW_VF_yshaarj_nzoth_yogg_3977651015704047_IN_AM_DR_DS,34482,85.82%,
Single,VW_DH_TV_VF_nzoth_yogg_cthun_3132797662593005_IN_AM_DR,34482,85.82%,
Single,VW_DH_TV_VF_nzoth_yogg_cthun_3132928659087341_IN_AM_DR,34482,85.81%,
Single,VW_DH_VW_VF_yshaarj_nzoth_yogg_3977773422271983_IN_AM_DR,34481,85.81%,
Single,VW_DH_TV_VF_nzoth_yogg_cthun_3132928659086831_IN_IV_ME,34481,85.81%,
Single,VW_DH_TV_VF_nzoth_yogg_cthun_3134996685839855_IN_AM_DR,34480,85.80%,
Single,VW_DH_TV_VF_nzoth_yogg_cthun_3150259926392813_IN_IV_DR_DS,34480,85.80%,
Single,VW_DH_VW_VF_yshaarj_nzoth_yogg_3977635983318511_IN_AM_DR,34479,85.80%,
Single,VW_DH_TV_VF_nzoth_yogg_cthun_3150252409675247_IN_AM_DR,34479,85.80%,
Single,VW_DH_TV_VF_nzoth_yogg_cthun_3150253483417071_IN_IV_ME,34479,85.80%,
Single,VW_DH_VW_VF_yshaarj_nzoth_yogg_3977498544373231_IN_AM_DR,34478,85.79%,
Single,VW_DH_VW_VF_nzoth_yogg_cthun_3150243819748847_IN_AM_DR,34477,85.79%,
Single,VW_DH_TV_VF_yshaarj_nzoth_yogg_3977513576759277_IN_IV_ME_DS,34477,85.79%,
Single,VW_DH_TV_VF_nzoth_yogg_cthun_3135005275774447_IN_IV_ME_DS,34477,85.79%,
Single,VW_DH_TV_VF_nzoth_yogg_cthun_3132791220658157_IN_IV_ME,34477,85.79%,
Single,VW_DH_VW_VF_nzoth_yogg_cthun_3150244893490671_IN_IV_ME,34476,85.79%,
Single,VW_DH_VW_VF_nzoth_yogg_cthun_3134997759581679_IN_IV_DR,34473,85.77%,
Single,VW_DH_TV_VF_yshaarj_nzoth_yogg_3977635983319021_IN_IV_DR,34472,85.76%,
Single,VW_DH_TV_VF_nzoth_yogg_cthun_3132926512127471_IN_IV_DR,34472,85.76%,
Single,VW_DH_VW_VF_yshaarj_nzoth_yogg_3977498544373741_IN_AM_ME,34468,85.74%,
Single,VW_DH_VW_VF_nzoth_yogg_cthun_3132858932977645_Mis_IV_ME,34467,85.73%,
Single,VW_DH_VW_VF_nzoth_yogg_cthun_3150313612959725_Mis_AM_DR,34466,85.73%,
Single,VW_DH_TV_VF_nzoth_yogg_cthun_3150259925876207_IN_IV_ME_DS,34465,85.72%,
Single,VW_DH_VW_VF_nzoth_yogg_cthun_3132926578712557_IN_AM_ME,34464,85.72%,
Single,VW_DH_TV_VF_nzoth_yogg_cthun_3132996304821743_Mis_IV_ME,34464,85.72%,
Single,VW_DH_VW_VF_yshaarj_nzoth_yogg_4049525145918959_IN_IV_ME_DS,34463,85.71%,
Single,VW_DH_TV_VF_yshaarj_nzoth_yogg_3977773422272493_IN_IV_ME,34462,85.71%,
Single,VW_DH_TV_VF_yshaarj_nzoth_yogg_3977788454658029_IN_IV_ME_DS,34461,85.70%,
Single,AR_SP_VF_yshaarj_nzoth_yogg_4013438755266541_IN_IV_DR,34461,85.70%,
Single,VW_DH_TV_VF_yshaarj_nzoth_yogg_3977772348530669_IN_AM_DR,34461,85.70%,
Single,VW_DH_VW_VF_nzoth_yogg_cthun_3135004202557421_IN_IV_ME_DS,34461,85.70%,
Single,VW_DH_TV_VF_yshaarj_nzoth_yogg_3977772348530159_IN_IV_DR,34460,85.70%,
Single,VW_DH_TV_VF_nzoth_yogg_cthun_3132927652453871_IN_IV_DR,34460,85.70%,
Single,VW_DH_VW_VF_nzoth_yogg_cthun_3132942617739245_IN_IV_ME_DS,34457,85.68%,
Single,VW_DH_VW_VF_nzoth_yogg_cthun_3133347418398701_IN_AM_DR,34457,85.68%,
Single,VW_DH_TV_VF_nzoth_yogg_cthun_3132858865876973_Mis_IV_ME,34455,85.67%,
Single,VW_DH_VW_VF_nzoth_yogg_cthun_3133348492140525_IN_IV_DR,34455,85.67%,
Single,VW_DH_TV_VF_nzoth_yogg_cthun_3132942618255341_IN_IV_DR_DS,34455,85.67%,
Single,VW_DH_VW_VF_nzoth_yogg_cthun_3150519771389423_IN_IV_DR,34453,85.66%,
Single,VW_DH_TV_VF_yshaarj_nzoth_cthun_3696298445561327_IN_IV_ME,34453,85.66%,
Single,VW_DH_TV_VF_nzoth_yogg_cthun_3132926578712557_IN_AM_ME,34452,85.65%,
Single,VW_DH_VW_VF_nzoth_yogg_cthun_3132935101538285_IN_AM_ME,34451,85.65%,
Single,VW_DH_VW_VF_nzoth_yogg_cthun_3132798803435501_IN_IV_DR,34450,85.65%,
Single,VW_DH_VW_VF_nzoth_yogg_cthun_3150244960591853_IN_AM_DR,34450,85.64%,
Single,VW_DH_VW_VF_nzoth_yogg_cthun_3132791220141551_IN_IV_ME,34449,85.64%,
Single,VW_DH_TV_VF_nzoth_yogg_cthun_3132858866393069_Mis_IV_ME,34448,85.63%,
Single,VW_DH_TV_VF_yshaarj_nzoth_cthun_3696297371819503_IN_AM_DR,34447,85.63%,
Single,VW_DH_TV_VF_nzoth_yogg_cthun_3150243820265453_IN_AM_DR,34447,85.63%,
Single,VW_DH_VW_VF_yshaarj_nzoth_yogg_3977513577274863_IN_IV_DR_DS,34447,85.63%,
Single,VW_DH_VW_VF_nzoth_yogg_cthun_3132926511611885_IN_AM_ME,34446,85.62%,
Single,VW_DH_TV_VF_yshaarj_nzoth_yogg_4049523065544175_IN_IV_DR_DS,34446,85.62%,
Single,VW_DH_VW_VF_nzoth_yogg_cthun_3132927585869805_IN_IV_ME,34445,85.62%,
Single,VW_DH_VW_VF_nzoth_yogg_cthun_3132798803435501_IN_IV_ME,34441,85.59%,
Single,VW_DH_TV_VF_nzoth_yogg_cthun_3132927585869805_IN_IV_ME,34440,85.59%,
Single,VW_DH_TV_VF_nzoth_yogg_cthun_3152458949124077_IN_AM_ME_DS,34438,85.58%,
Single,VW_DH_TV_VF_yshaarj_nzoth_yogg_3977498544373741_IN_IV_ME,34437,85.57%,
Single,VW_DH_TV_VF_nzoth_yogg_cthun_3134997759582189_IN_AM_DR,34436,85.57%,
Single,VW_DH_TV_VF_yshaarj_nzoth_yogg_3977773422272493_IN_IV_DR,34434,85.56%,
Single,VW_DH_VW_VF_yshaarj_nzoth_yogg_3977513643859949_IN_AM_DR_DS,34434,85.56%,
Single,VW_DH_VW_VF_nzoth_yogg_cthun_3135005275774447_IN_IV_ME_DS,34433,85.55%,
Single,VW_DH_TV_VF_yshaarj_nzoth_cthun_3768322899631599_IN_IV_ME_DS,34430,85.54%,
Single,VW_DH_VW_VF_nzoth_yogg_cthun_3132797729693167_IN_IV_DR,34430,85.54%,
Single,VW_DH_TV_VF_nzoth_yogg_cthun_3150262073352173_IN_IV_DR_DS,34429,85.53%,
Single,VW_DH_TV_VF_yshaarj_nzoth_cthun_3696297371820013_IN_AM_ME,34428,85.52%,
Single,VW_DH_VW_VF_nzoth_yogg_cthun_3133347418398191_IN_IV_ME,34426,85.51%,
Single,VW_DH_TV_VF_yshaarj_nzoth_yogg_4049522998960109_IN_IV_DR_DS,34425,85.51%,
Single,VW_DH_TV_VF_nzoth_yogg_cthun_3150534803774959_IN_IV_DR_DS,34422,85.49%,
Single,VW_DH_TV_VF_nzoth_yogg_cthun_3150243819749357_IN_AM_ME,34420,85.48%,
Single,AR_SW_VF_nzoth_yogg_cthun_3150313537527789_IN_IV_ME,34418,85.47%,
Single,VW_DH_VW_VF_yshaarj_nzoth_yogg_4049522998959599_IN_IV_DR_DS,34417,85.46%,
Single,VW_DH_VW_VF_nzoth_yogg_cthun_3150259926392813_IN_IV_DR_DS,34416,85.46%,
Single,VW_DH_TV_VF_yshaarj_nzoth_yogg_4049525145919469_IN_IV_ME_DS,34416,85.46%,
Single,VW_DH_TV_VF_nzoth_yogg_cthun_3132926512127471_IN_IV_ME,34415,85.45%,
Single,VW_DH_VW_VF_nzoth_yogg_cthun_3132926512127981_IN_AM_DR,34408,85.42%,
Single,VW_DH_TV_VF_nzoth_yogg_cthun_3132944765214701_IN_IV_ME_DS,34407,85.41%,
Single,VW_DH_VW_VF_nzoth_yogg_cthun_3132951207665645_IN_IV_DR_DS,34404,85.40%,
Single,VW_DH_VW_VF_nzoth_yogg_cthun_3132797662584319_IN_IV_ME,34404,85.39%,
Single,VW_DH_VW_VF_nzoth_yogg_cthun_3152458949123567_IN_AM_DR_DS,34403,85.39%,
Single,VW_DH_TV_VF_nzoth_yogg_cthun_3132806252527087_IN_IV_DR_DS,34402,85.38%,
Single,VW_DH_VW_VF_nzoth_yogg_cthun_3132942684839917_IN_IV_ME_DS,34401,85.38%,
Single,VW_DH_VW_VF_yshaarj_nzoth_yogg_3977498611474413_IN_AM_ME,34400,85.37%,
Single,VW_DH_VW_VF_yshaarj_nzoth_yogg_3977514650492399_IN_AM_ME_DS,34399,85.37%,
Single,VW_DH_VW_VF_nzoth_yogg_cthun_3150260999609839_IN_IV_ME_DS,34399,85.37%,
Single,VW_DH_VW_VF_yshaarj_nzoth_yogg_3977567263842285_Mis_AM_DR,34399,85.37%,
Single,VW_DH_VW_VF_yshaarj_nzoth_yogg_4049522998435327_IN_IV_DR_DS,34394,85.34%,
Single,VW_DH_VW_VF_nzoth_yogg_cthun_3132943691472367_IN_IV_DR_DS,34394,85.34%,
Single,VW_DH_VW_VF_nzoth_yogg_cthun_3150262073352173_IN_IV_DR_DS,34394,85.34%,
Single,AR_EC_VF_nzoth_yogg_cthun_3150313537527279_IN_IV_DR,34393,85.33%,
Single,AR_EC_VF_nzoth_yogg_cthun_3132996229390317_IN_IV_DR,34391,85.33%,
Single,VW_DH_TV_VF_nzoth_yogg_cthun_3150262073352173_IN_IV_ME_DS,34389,85.31%,
Single,VW_DH_TV_VF_yshaarj_nzoth_yogg_3977513643859949_IN_IV_ME_DS,34388,85.31%,
Single,VW_DH_TV_VF_nzoth_yogg_cthun_3132798803435501_IN_IV_ME,34385,85.30%,
Single,VW_DH_TV_VF_yshaarj_nzoth_yogg_3977497471147503_IN_IV_ME,34385,85.29%,
Single,VW_DH_TV_VF_nzoth_yogg_cthun_3135004202040815_IN_IV_ME_DS,34385,85.29%,
Single,VW_DH_VW_VF_yshaarj_nzoth_cthun_3768322899631599_IN_AM_ME_DS,34384,85.29%,
Single,VW_DH_VW_VF_nzoth_yogg_cthun_3134996685839855_IN_AM_DR,34380,85.27%,
Single,AR_SP_VF_nzoth_yogg_cthun_3132996229390317_IN_IV_DR,34379,85.26%,
Single,VW_DH_VW_VF_yshaarj_nzoth_yogg_3977651015704047_IN_AM_ME_DS,34377,85.25%,
Single,VW_DH_TV_VF_yshaarj_nzoth_yogg_4049531588369903_IN_AM_DR_DS,34376,85.25%,
Single,AR_SW_VF_nzoth_yogg_cthun_3169151264088045_IN_IV_DR,34375,85.24%,
Single,VW_DH_TV_VF_nzoth_yogg_cthun_3132927652453871_IN_IV_ME,34374,85.23%,
Single,VW_DH_TV_VF_nzoth_yogg_cthun_3134997759581679_IN_IV_DR,34372,85.23%,
Single,VW_DH_VW_VF_nzoth_yogg_cthun_3150313612959725_Mis_AM_ME,34372,85.22%,
Single,VW_DH_VW_VF_yshaarj_nzoth_yogg_4049523065544685_IN_AM_ME_DS,34372,85.22%,
Single,VW_DH_VW_VF_nzoth_yogg_cthun_3132996304821743_Mis_IV_ME,34371,85.22%,
Single,VW_DH_VW_VF_nzoth_yogg_cthun_3150534803774959_IN_IV_DR_DS,34370,85.21%,
Single,VW_DH_TV_VF_nzoth_yogg_cthun_3132797729693677_IN_AM_DR,34369,85.21%,
Single,VW_DH_TV_VF_yshaarj_nzoth_yogg_3977513576758767_IN_IV_DR_DS,34368,85.20%,
Single,VW_DH_VW_VF_nzoth_yogg_cthun_3150244893491181_IN_AM_DR,34368,85.20%,
Single,VW_DH_VW_VF_nzoth_yogg_cthun_3132806319628269_IN_IV_ME_DS,34367,85.20%,
Single,VW_DH_TV_VF_nzoth_yogg_cthun_3132935101538285_IN_AM_ME,34366,85.19%,
Single,AR_EC_VF_yshaarj_nzoth_yogg_4013301584748525_IN_IV_DR,34366,85.19%,
Single,VW_DH_VW_VF_nzoth_yogg_cthun_3150245967224813_IN_AM_ME,34362,85.17%,
Single,VW_DH_TV_VF_nzoth_yogg_cthun_3132813768720365_IN_IV_ME_DS,34361,85.17%,
Single,VW_DH_VW_VF_nzoth_yogg_cthun_3132799810067951_IN_IV_DR,34361,85.17%,
Single,VW_DH_VW_VF_nzoth_yogg_cthun_3150518697647599_IN_AM_DR,34361,85.17%,
Single,VW_DH_VW_VF_nzoth_yogg_cthun_3132798736850925_IN_IV_ME,34361,85.16%,
Single,VW_DH_TV_VF_nzoth_yogg_cthun_3150244894006767_IN_IV_DR,34360,85.16%,
Single,VW_DH_TV_VF_yshaarj_nzoth_yogg_3977634909577197_IN_AM_ME,34360,85.16%,
Single,VW_DH_TV_VF_nzoth_yogg_cthun_3132798803435501_IN_IV_DR,34359,85.15%,
Single,VW_DH_VW_VF_yshaarj_nzoth_yogg_3979696493879277_Mis_IV_DR,34359,85.15%,
Single,VW_DH_TV_VF_nzoth_yogg_cthun_3150518697647599_IN_AM_DR,34358,85.15%,
Single,VW_DH_TV_VF_yshaarj_nzoth_yogg_3977498544373231_IN_IV_DR,34357,85.14%,
Single,VW_DH_VW_VF_yshaarj_nzoth_cthun_3696313477946863_IN_AM_ME_DS,34356,85.14%,
Single,VW_DH_TV_VF_yshaarj_nzoth_yogg_3977498611474413_IN_IV_ME,34356,85.14%,
Single,VW_DH_VW_VF_nzoth_yogg_cthun_3135004269141487_IN_IV_DR_DS,34356,85.14%,
Single,VW_DH_TV_VF_yshaarj_nzoth_yogg_3977635983318511_IN_IV_ME,34355,85.13%,
Single,VW_DH_VW_VF_yshaarj_nzoth_yogg_3977514650492399_IN_AM_DR_DS,34355,85.13%,
Single,VW_DH_TV_VF_nzoth_yogg_cthun_3150244893491181_IN_AM_DR,34351,85.11%,
Single,VW_DH_VW_VF_nzoth_yogg_cthun_3132928659087341_IN_AM_DR,34350,85.11%,
Single,VW_DH_TV_VF_yshaarj_nzoth_yogg_3977651015704047_IN_IV_ME_DS,34350,85.11%,
Single,VW_DH_TV_VF_nzoth_yogg_cthun_3132806253043693_IN_IV_DR_DS,34349,85.10%,
Single,VW_DH_VW_VF_nzoth_yogg_cthun_3132942617738735_IN_IV_DR_DS,34349,85.10%,
Single,VW_DH_VW_VF_nzoth_yogg_cthun_3205372946210797_IN_AM_ME_DS,34346,85.08%,
Single,VW_DH_VW_VF_nzoth_yogg_cthun_3150243820265453_IN_AM_DR,34345,85.08%,
Single,VW_DH_TV_VF_nzoth_yogg_cthun_3132927585353199_IN_IV_ME,34345,85.08%,
Single,VW_DH_TV_VF_nzoth_yogg_cthun_3132808400003053_IN_IV_DR_DS,34345,85.08%,
Single,VW_DH_VW_VF_nzoth_yogg_cthun_3132814842453997_IN_IV_ME_DS,34345,85.08%,
Single,VW_DH_TV_VF_nzoth_yogg_cthun_3150519771389423_IN_IV_ME,34345,85.08%,
Single,VW_DH_TV_VF_nzoth_yogg_cthun_3132807326269421_IN_IV_DR_DS,34344,85.07%,
Single,VW_DH_TV_VF_yshaarj_nzoth_yogg_4049660437389293_IN_AM_DR_DS,34343,85.07%,
Single,VW_DH_VW_VF_nzoth_yogg_cthun_3150519771389423_IN_IV_ME,34343,85.07%,
Single,VW_DH_TV_VF_nzoth_yogg_cthun_3150259992976879_IN_IV_ME_DS,34343,85.07%,
Single,VW_DH_VW_VF_yshaarj_nzoth_yogg_3977513643859949_IN_AM_ME_DS,34342,85.06%,
Single,VW_DH_TV_VF_nzoth_yogg_cthun_3205372946210797_IN_AM_ME_DS,34341,85.06%,
Single,VW_DH_TV_VF_nzoth_yogg_cthun_3150243886849519_IN_AM_ME,34341,85.06%,
Single,VW_DH_VW_VF_nzoth_yogg_cthun_3132943691472877_IN_AM_DR_DS,34340,85.05%,
Single,VW_DH_TV_VF_nzoth_yogg_cthun_3133348492140525_IN_IV_ME,34339,85.05%,
Single,VW_DH_TV_VF_yshaarj_nzoth_yogg_4049524072177645_IN_AM_DR_DS,34338,85.04%,
Single,VW_DH_TV_VF_nzoth_yogg_cthun_3132806319628269_IN_IV_ME_DS,34337,85.03%,
Single,VW_DH_TV_VF_yshaarj_nzoth_yogg_4049516555984367_IN_AM_DR,34336,85.03%,
Single,VW_DH_TV_VF_nzoth_yogg_cthun_3135004269141487_IN_IV_DR_DS,34336,85.03%,
Single,VW_DH_VW_VF_nzoth_yogg_cthun_3132928659087341_IN_AM_ME,34335,85.02%,
Single,VW_DH_TV_VF_yshaarj_nzoth_yogg_3977497471147503_IN_IV_DR,34334,85.02%,
Single,VW_DH_VW_VF_yshaarj_nzoth_yogg_4049515482243053_Mis_IV_DR,34334,85.02%,
Single,VW_DH_VW_VF_nzoth_yogg_cthun_3132807326269421_IN_IV_DR_DS,34332,85.01%,
Single,VW_DH_VW_VF_nzoth_yogg_cthun_3135005275774957_IN_AM_DR_DS,34331,85.00%,
Single,AR_SP_VF_nzoth_yogg_cthun_3132996229390317_IN_IV_ME,34327,84.98%,
Single,VW_DH_TV_VF_yshaarj_nzoth_yogg_4049525145919469_IN_IV_DR_DS,34326,84.98%,
Single,VW_DH_TV_VF_yshaarj_nzoth_cthun_3768322899632109_IN_AM_ME_DS,34326,84.97%,
Single,VW_DH_VW_VF_nzoth_yogg_cthun_3132808400003053_IN_IV_ME_DS,34325,84.97%,
Single,AR_EC_VF_nzoth_yogg_cthun_3150313537527279_IN_IV_ME,34325,84.97%,
Single,VW_DH_VW_VF_nzoth_yogg_cthun_3133363524526061_IN_IV_DR_DS,34325,84.97%,
Single,VW_DH_VW_VF_nzoth_yogg_cthun_3132808400003053_IN_IV_DR_DS,34324,84.97%,
Single,VW_DH_VW_VF_nzoth_yogg_cthun_3132797729693677_IN_AM_DR,34321,84.95%,
Single,VW_DH_TV_VF_nzoth_yogg_cthun_3132797662593005_IN_AM_ME,34320,84.94%,
Single,AR_SP_VF_nzoth_yogg_cthun_3150313537527279_IN_IV_DR,34319,84.94%,
Single,VW_DH_TV_VF_nzoth_yogg_cthun_3132936175279599_IN_IV_ME,34315,84.92%,
Single,VW_DH_VW_VF_yshaarj_nzoth_yogg_3977515724234733_IN_AM_DR_DS,34315,84.92%,
Single,VW_DH_VW_VF_nzoth_yogg_cthun_3150262073352173_IN_IV_ME_DS,34313,84.91%,
Single,VW_DH_TV_VF_nzoth_yogg_cthun_3132799810067951_IN_IV_ME,34313,84.90%,
Single,VW_DH_TV_VF_nzoth_yogg_cthun_3132926511611885_IN_AM_ME,34311,84.90%,
Single,AR_SW_VF_nzoth_yogg_cthun_3132996229390317_IN_IV_ME,34311,84.90%,
Single,VW_DH_TV_VF_nzoth_yogg_cthun_3132926578712047_IN_AM_DR,34309,84.89%,
Single,VW_DH_TV_VF_yshaarj_nzoth_yogg_3979696493878767_IN_AM_ME,34309,84.89%,
Single,VW_DH_TV_VF_nzoth_yogg_cthun_3150253483417581_IN_AM_DR,34308,84.88%,
Single,VW_DH_VW_VF_nzoth_yogg_cthun_3132813835821037_IN_IV_ME_DS,34307,84.87%,
Single,VW_DH_TV_VF_yshaarj_nzoth_cthun_3696298445561327_IN_IV_DR,34306,84.87%,
Single,VW_DH_TV_VF_nzoth_yogg_cthun_3132797729693677_IN_AM_ME,34305,84.86%,
Single,VW_DH_VW_VF_nzoth_yogg_cthun_3150268515802607_IN_IV_DR_DS,34304,84.86%,
Single,VW_DH_VW_VF_yshaarj_nzoth_yogg_3977498544889837_IN_AM_DR,34304,84.85%,
Single,VW_DH_VW_VF_yshaarj_nzoth_yogg_3977513576758767_IN_AM_DR_DS,34302,84.85%,
Single,VW_DH_TV_VF_nzoth_yogg_cthun_3133347418398191_IN_IV_DR,34302,84.85%,
Single,AR_EC_VF_nzoth_yogg_cthun_3132996229390317_IN_IV_ME,34301,84.84%,
Single,VW_DH_VW_VF_nzoth_yogg_cthun_3134997759582189_IN_AM_DR,34301,84.84%,
Single,VW_DH_TV_VF_yshaarj_nzoth_yogg_3977498611474413_IN_IV_DR,34300,84.84%,
Single,VW_DH_TV_VF_yshaarj_nzoth_yogg_3979696493878767_IN_AM_DR,34300,84.84%,
Single,VW_DH_TV_VF_nzoth_yogg_cthun_3150268515802607_IN_IV_ME_DS,34300,84.83%,
Single,VW_DH_TV_VF_yshaarj_nzoth_yogg_4049522998443503_IN_IV_ME_DS,34299,84.83%,
Single,VW_DH_VW_VF_nzoth_yogg_cthun_3132858865876973_Mis_IV_DR,34297,84.82%,
Single,VW_DH_VW_VF_nzoth_yogg_cthun_3132797729693167_IN_IV_ME,34297,84.82%,
Single,VW_DH_TV_VF_yshaarj_nzoth_yogg_3977567263842285_Mis_IV_ME,34292,84.79%,
Single,VW_DH_VW_VF_nzoth_yogg_cthun_3132944765214701_IN_IV_DR_DS,34292,84.79%,
Single,VW_DH_VW_VF_yshaarj_nzoth_yogg_4049524072177135_IN_AM_ME_DS,34292,84.79%,
Single,VW_DH_VW_VF_nzoth_yogg_cthun_3150243819740671_IN_AM_DR,34289,84.78%,
Single,VW_DH_VW_VF_yshaarj_nzoth_cthun_3696297371820013_Mis_IV_DR,34289,84.78%,
Single,VW_DH_VW_VF_yshaarj_nzoth_yogg_3977788454657519_IN_AM_DR_DS,34288,84.77%,
Single,VW_DH_TV_VF_nzoth_yogg_cthun_3132797662584319_IN_IV_DR,34286,84.76%,
Single,AR_SP_VF_nzoth_yogg_cthun_3150313537527279_IN_IV_ME,34285,84.76%,
Single,VW_DH_TV_VF_nzoth_yogg_cthun_3135004202557421_IN_IV_ME_DS,34285,84.75%,
Single,VW_DH_TV_VF_nzoth_yogg_cthun_3152458949123567_IN_AM_DR_DS,34282,84.74%,
Single,VW_DH_TV_VF_nzoth_yogg_cthun_3132791220142061_IN_AM_DR,34282,84.74%,
Single,VW_DH_VW_VF_nzoth_yogg_cthun_3132926512127471_IN_IV_ME,34281,84.73%,
Single,VW_DH_VW_VF_nzoth_yogg_cthun_3150243820265453_IN_AM_ME,34280,84.73%,
Single,VW_DH_VW_VF_yshaarj_nzoth_yogg_4049515482243053_Mis_IV_ME,34279,84.72%,
Single,VW_DH_VW_VF_nzoth_yogg_cthun_3132942618255341_IN_IV_DR_DS,34279,84.72%,
Single,VW_DH_VW_VF_nzoth_yogg_cthun_3152458949124077_IN_AM_ME_DS,34279,84.72%,
Single,VW_DH_TV_VF_yshaarj_nzoth_yogg_3977514650492399_IN_IV_DR_DS,34278,84.72%,
Single,VW_DH_VW_VF_nzoth_yogg_cthun_3132927585353199_IN_IV_ME,34278,84.72%,
Single,VW_DH_VW_VF_nzoth_yogg_cthun_3150259992976879_IN_IV_ME_DS,34278,84.71%,
Single,VW_DH_VW_VF_yshaarj_nzoth_yogg_3977497471147503_IN_AM_ME,34277,84.71%,
Single,VW_DH_TV_VF_nzoth_yogg_cthun_3132797729693167_IN_IV_ME,34277,84.71%,
Single,VW_DH_TV_VF_yshaarj_nzoth_yogg_3977772348530669_IN_AM_ME,34275,84.70%,
Single,VW_DH_TV_VF_nzoth_yogg_cthun_3150313612959725_Mis_AM_ME,34274,84.70%,
Single,VW_DH_TV_VF_yshaarj_nzoth_cthun_3696298445561837_IN_AM_DR,34274,84.69%,
Single,VW_DH_VW_VF_nzoth_yogg_cthun_3150244894006767_IN_IV_ME,34272,84.69%,
Single,VW_DH_VW_VF_nzoth_yogg_cthun_3132791287242223_IN_IV_DR,34271,84.68%,
Single,VW_DH_VW_VF_yshaarj_nzoth_yogg_4049522998435327_IN_IV_ME_DS,34270,84.67%,
Single,VW_DH_VW_VF_nzoth_yogg_cthun_3134997759582189_IN_AM_ME,34269,84.67%,
Single,VW_DH_TV_VF_yshaarj_nzoth_yogg_3977499618106863_IN_IV_DR,34269,84.67%,
Single,VW_DH_VW_VF_nzoth_yogg_cthun_3150268515802607_IN_IV_ME_DS,34268,84.66%,
Single,VW_DH_VW_VF_nzoth_yogg_cthun_3132797662584319_IN_IV_DR,34267,84.66%,
Single,VW_DH_VW_VF_nzoth_yogg_cthun_3135005275774957_IN_AM_ME_DS,34265,84.65%,
Single,AR_SP_VF_nzoth_yogg_cthun_3150313470943213_IN_IV_DR,34265,84.65%,
Single,VW_DH_VW_VF_nzoth_yogg_cthun_3150244893482495_IN_IV_DR,34264,84.64%,
Single,VW_DH_VW_VF_nzoth_yogg_cthun_3132859939610095_Mis_IV_ME,34262,84.63%,
Single,VW_DH_VW_VF_nzoth_yogg_cthun_3132813768720365_IN_IV_ME_DS,34260,84.62%,
Single,VW_DH_VW_VF_nzoth_yogg_cthun_3150252409675247_IN_AM_DR,34260,84.62%,
Single,VW_DH_VW_VF_nzoth_yogg_cthun_3134996685839855_IN_AM_ME,34260,84.62%,
Single,VW_DH_TV_VF_nzoth_yogg_cthun_3132798736334319_IN_IV_DR,34259,84.62%,
Single,VW_DH_TV_VF_nzoth_yogg_cthun_3132806253043693_IN_IV_ME_DS,34258,84.61%,
Single,VW_DH_VW_VF_nzoth_yogg_cthun_3150260999610349_IN_AM_DR_DS,34255,84.59%,
Single,VW_DH_VW_VF_nzoth_yogg_cthun_3135004202040815_IN_IV_ME_DS,34254,84.59%,
Single,VW_DH_TV_VF_yshaarj_nzoth_yogg_3977651015704047_IN_IV_DR_DS,34252,84.57%,
Single,VW_DH_TV_VF_nzoth_yogg_cthun_3132858932977645_Mis_IV_DR,34251,84.57%,
Single,VW_DH_TV_VF_nzoth_yogg_cthun_3132797663108591_IN_IV_DR,34250,84.56%,
Single,VW_DH_TV_VF_nzoth_yogg_cthun_3132927585353709_IN_AM_DR,34249,84.56%,
Single,VW_DH_VW_VF_nzoth_yogg_cthun_3132927585353709_IN_AM_DR,34248,84.55%,
Single,VW_DH_TV_VF_nzoth_yogg_cthun_3150245967224303_IN_AM_DR,34247,84.55%,
Single,VW_DH_TV_VF_nzoth_yogg_cthun_3150268515802607_IN_IV_DR_DS,34246,84.54%,
Single,AR_SW_VF_nzoth_yogg_cthun_3169151264088045_IN_IV_ME,34246,84.54%,
Single,AR_EC_VF_nzoth_yogg_cthun_3150313470943213_IN_IV_DR,34242,84.52%,
Single,VW_DH_VW_VF_nzoth_yogg_cthun_3150243886849519_IN_AM_ME,34242,84.52%,
Single,VW_DH_VW_VF_yshaarj_nzoth_yogg_4049523065544175_IN_AM_DR_DS,34240,84.51%,
Single,VW_DH_TV_VF_nzoth_yogg_cthun_3132926512127981_IN_AM_DR,34240,84.51%,
Single,AR_EC_VF_yshaarj_nzoth_yogg_4013438755266541_Mis_IV_DR,34239,84.51%,
Single,VW_DH_VW_VF_nzoth_yogg_cthun_3132799810067951_IN_IV_ME,34238,84.50%,
Single,VW_DH_TV_VF_yshaarj_nzoth_yogg_3977788454658029_IN_IV_DR_DS,34238,84.50%,
Single,AR_EC_VF_yshaarj_nzoth_yogg_4014400827940845_IN_IV_DR,34236,84.49%,
Single,VW_DH_TV_VF_yshaarj_nzoth_cthun_3696313477946863_IN_IV_DR_DS,34235,84.49%,
Single,VW_DH_TV_VF_nzoth_yogg_cthun_3132928659087341_IN_AM_ME,34235,84.49%,
Single,VW_DH_VW_VF_yshaarj_nzoth_yogg_3977498544889837_IN_AM_ME,34235,84.48%,
Single,VW_DH_TV_VF_yshaarj_nzoth_cthun_3696313477947373_IN_AM_DR_DS,34234,84.48%,
Single,VW_DH_TV_VF_yshaarj_nzoth_yogg_3977499618106863_IN_IV_ME,34233,84.47%,
Single,VW_DH_VW_VF_nzoth_yogg_cthun_3132798736334319_IN_IV_DR,34231,84.46%,
Single,VW_DH_VW_VF_nzoth_yogg_cthun_3132927652453871_IN_IV_DR,34230,84.46%,
Single,VW_DH_TV_VF_nzoth_yogg_cthun_3150244893482495_IN_IV_ME,34229,84.45%,
Single,VW_DH_TV_VF_nzoth_yogg_cthun_3150243820265453_IN_AM_ME,34228,84.45%,
Single,VW_DH_TV_VF_nzoth_yogg_cthun_3132799810067951_IN_IV_DR,34226,84.43%,
Single,VW_DH_VW_VF_nzoth_yogg_cthun_3132806253043693_IN_IV_DR_DS,34225,84.43%,
Single,VW_DH_TV_VF_nzoth_yogg_cthun_3150259925876717_IN_AM_DR_DS,34225,84.43%,
Single,VW_DH_TV_VF_nzoth_yogg_cthun_3150534803775469_IN_AM_DR_DS,34224,84.43%,
Single,VW_DH_TV_VF_nzoth_yogg_cthun_3150245967224813_IN_AM_ME,34224,84.42%,
Single,VW_DH_VW_VF_nzoth_yogg_cthun_3132926578712047_IN_AM_DR,34223,84.42%,
Single,VW_DH_TV_VF_nzoth_yogg_cthun_3135004202041325_IN_AM_DR_DS,34220,84.40%,
Single,VW_DH_VW_VF_yshaarj_nzoth_yogg_3977513643859439_IN_AM_DR_DS,34219,84.40%,
Single,VW_DH_VW_VF_nzoth_yogg_cthun_3132944765214701_IN_IV_ME_DS,34216,84.38%,
Single,AR_SP_VF_yshaarj_nzoth_yogg_4013301584748525_IN_IV_DR,34216,84.38%,
Single,VW_DH_VW_VF_nzoth_yogg_cthun_3150519771389933_IN_AM_DR,34215,84.38%,
Single,VW_DH_TV_VF_nzoth_yogg_cthun_3132813835821037_IN_IV_DR_DS,34214,84.37%,
Single,VW_DH_VW_VF_yshaarj_nzoth_yogg_3977513576759277_IN_AM_ME_DS,34214,84.37%,
Single,VW_DH_TV_VF_nzoth_yogg_cthun_3135012791967215_IN_IV_DR_DS,34213,84.37%,
Single,AR_EC_VF_nzoth_yogg_cthun_3150313470943213_IN_IV_ME,34210,84.35%,
Single,VW_DH_TV_VF_nzoth_yogg_cthun_3134997759582189_IN_AM_ME,34210,84.35%,
Single,VW_DH_VW_VF_nzoth_yogg_cthun_3150259925876207_IN_IV_ME_DS,34210,84.35%,
Single,VW_DH_VW_VF_yshaarj_nzoth_yogg_3977634909577197_Mis_IV_DR,34209,84.34%,
Single,VW_DH_TV_VF_nzoth_yogg_cthun_3132944765214701_IN_IV_DR_DS,34205,84.32%,
Single,VW_DH_VW_VF_yshaarj_nzoth_yogg_4049522998959599_IN_IV_ME_DS,34205,84.32%,
Single,VW_DH_TV_VF_yshaarj_nzoth_yogg_3977513643859949_IN_IV_DR_DS,34204,84.32%,
Single,VW_DH_TV_VF_nzoth_yogg_cthun_3150244894006767_IN_IV_ME,34204,84.32%,
Single,VW_DH_TV_VF_nzoth_yogg_cthun_3133347418398701_IN_AM_DR,34203,84.31%,
Single,VW_DH_VW_VF_nzoth_yogg_cthun_3150253483417581_IN_AM_DR,34203,84.31%,
Single,VW_DH_TV_VF_yshaarj_nzoth_yogg_3977634909576687_IN_AM_DR,34202,84.31%,
Single,VW_DH_TV_VF_nzoth_yogg_cthun_3133348492140525_IN_IV_DR,34202,84.31%,
Single,VW_DH_TV_VF_nzoth_yogg_cthun_3150243819748847_IN_AM_ME,34201,84.30%,
Single,VW_DH_TV_VF_nzoth_yogg_cthun_3132996304822253_Mis_AM_DR,34200,84.29%,
Single,VW_DH_VW_VF_yshaarj_nzoth_yogg_4049797876342255_IN_AM_DR_DS,34199,84.29%,
Single,VW_DH_TV_VF_yshaarj_nzoth_yogg_3977513577275373_IN_IV_ME_DS,34197,84.28%,
Single,VW_DH_TV_VF_nzoth_yogg_cthun_3150262073351663_IN_IV_DR_DS,34196,84.27%,
Single,VW_DH_TV_VF_nzoth_yogg_cthun_3132813835821037_IN_IV_ME_DS,34195,84.27%,
Single,VW_DH_VW_VF_nzoth_yogg_cthun_3132813835821037_IN_IV_DR_DS,34195,84.27%,
Single,VW_DH_TV_VF_yshaarj_nzoth_yogg_4049797876342255_IN_IV_DR_DS,34193,84.26%,
Single,VW_DH_VW_VF_nzoth_yogg_cthun_3135012791967215_IN_IV_ME_DS,34193,84.26%,
Single,VW_DH_VW_VF_nzoth_yogg_cthun_3132936175280109_IN_AM_DR,34192,84.25%,
Single,VW_DH_TV_VF_yshaarj_nzoth_yogg_3977635983318511_IN_IV_DR,34192,84.25%,
Single,VW_DH_VW_VF_nzoth_yogg_cthun_3150259926392813_IN_IV_ME_DS,34191,84.25%,
Single,VW_DH_VW_VF_yshaarj_nzoth_yogg_3977513577275373_IN_AM_DR_DS,34190,84.24%,
Single,VW_DH_TV_VF_nzoth_yogg_cthun_3132943691472877_IN_AM_DR_DS,34189,84.24%,
Single,VW_DH_VW_VF_nzoth_yogg_cthun_3132867455803373_Mis_IV_DR,34187,84.23%,
Single,VW_DH_VW_VF_yshaarj_nzoth_yogg_4049522998443503_IN_AM_DR_DS,34187,84.23%,
Single,VW_DH_TV_VF_yshaarj_nzoth_yogg_4049522998960109_IN_IV_ME_DS,34186,84.22%,
Single,VW_DH_TV_VF_yshaarj_nzoth_yogg_3977497470631917_IN_AM_DR,34185,84.22%,
Single,VW_DH_VW_VF_nzoth_yogg_cthun_3135004269141487_IN_IV_ME_DS,34185,84.21%,
Single,VW_DH_TV_VF_yshaarj_nzoth_cthun_3696313477946863_IN_IV_ME_DS,34184,84.21%,
Single,AR_SP_VF_nzoth_yogg_cthun_3150313470943213_IN_IV_ME,34184,84.21%,
Single,VW_DH_TV_VF_nzoth_yogg_cthun_3132791287242223_IN_IV_DR,34182,84.20%,
Single,VW_DH_VW_VF_yshaarj_nzoth_yogg_4049525145919469_IN_AM_DR_DS,34181,84.20%,
Single,VW_DH_TV_VF_nzoth_yogg_cthun_3132926511611375_IN_AM_DR,34181,84.19%,
Single,VW_DH_VW_VF_nzoth_yogg_cthun_3132935101537775_IN_AM_DR,34180,84.19%,
Single,VW_DH_TV_VF_nzoth_yogg_cthun_3132867455803373_Mis_IV_DR,34180,84.19%,
Single,AR_SW_VF_nzoth_yogg_cthun_3150313470943213_IN_IV_DR,34178,84.18%,
Single,VW_DH_VW_VF_nzoth_yogg_cthun_3150244894006767_IN_IV_DR,34177,84.17%,
Single,VW_DH_TV_VF_nzoth_yogg_cthun_3150243819740671_IN_AM_DR,34176,84.17%,
Single,VW_DH_TV_VF_nzoth_yogg_cthun_3150243820264943_IN_AM_DR,34176,84.17%,
Single,VW_DH_VW_VF_yshaarj_nzoth_yogg_3979696493879277_Mis_IV_ME,34175,84.16%,
Single,VW_DH_VW_VF_nzoth_yogg_cthun_3132798736334319_IN_IV_ME,34174,84.16%,
Single,VW_DH_TV_VF_nzoth_yogg_cthun_3150259926392303_IN_IV_DR_DS,34174,84.16%,
Single,VW_DH_TV_VF_nzoth_yogg_cthun_3150259926392813_IN_IV_ME_DS,34171,84.14%,
Single,VW_DH_TV_VF_nzoth_yogg_cthun_3132797663108591_IN_IV_ME,34171,84.14%,
Single,VW_DH_TV_VF_yshaarj_nzoth_yogg_4049531588369903_IN_AM_ME_DS,34170,84.13%,
Single,VW_DH_TV_VF_nzoth_yogg_cthun_3150518697647599_IN_AM_ME,34170,84.13%,
Single,VW_DH_TV_VF_nzoth_yogg_cthun_3135012791967215_IN_IV_ME_DS,34170,84.13%,
Single,VW_DH_TV_VF_yshaarj_nzoth_yogg_3977497537732589_IN_AM_DR,34169,84.13%,
Single,VW_DH_TV_VF_nzoth_yogg_cthun_3132942684839407_IN_IV_DR_DS,34168,84.12%,
Single,AR_EC_VF_yshaarj_nzoth_yogg_4013438755266541_IN_IV_ME,34168,84.12%,
Single,VW_DH_VW_VF_nzoth_yogg_cthun_3150313612959215_Mis_AM_ME,34168,84.12%,
Single,AR_SP_VF_nzoth_yogg_cthun_3132859058872301_IN_IV_ME,34164,84.10%,
Single,AR_EC_VF_yshaarj_nzoth_yogg_4013438755266541_IN_AM_DR,34164,84.10%,
Single,VW_DH_VW_VF_nzoth_yogg_cthun_3132797663108591_IN_IV_DR,34164,84.10%,
Single,VW_DH_TV_VF_nzoth_yogg_cthun_3132798736334319_IN_IV_ME,34164,84.10%,
Single,VW_DH_VW_VF_yshaarj_nzoth_yogg_3977498611473903_IN_AM_DR,34163,84.10%,
Single,AR_SP_VF_nzoth_yogg_cthun_3169151264088045_IN_IV_DR,34163,84.10%,
Single,VW_DH_VW_VF_yshaarj_nzoth_yogg_4049660437388783_IN_AM_ME_DS,34162,84.09%,
Single,VW_DH_TV_VF_yshaarj_nzoth_yogg_3977514650492399_IN_IV_ME_DS,34160,84.08%,
Single,VW_DH_TV_VF_yshaarj_nzoth_yogg_3979697567621101_IN_AM_DR,34160,84.08%,
Single,VW_DH_VW_VF_nzoth_yogg_cthun_3150243819748847_IN_AM_ME,34157,84.07%,
Single,VW_DH_VW_VF_nzoth_yogg_cthun_3135012791967215_IN_IV_DR_DS,34157,84.06%,
Single,VW_DH_VW_VF_nzoth_yogg_cthun_3132858932977645_Mis_IV_DR,34157,84.06%,
Single,VW_DH_VW_VF_nzoth_yogg_cthun_3150252409675247_IN_AM_ME,34157,84.06%,
Single,AR_SP_VF_nzoth_yogg_cthun_3150313470427117_IN_IV_DR,34156,84.06%,
Single,AR_SW_VF_nzoth_yogg_cthun_3150313537527279_IN_IV_DR,34156,84.06%,
Single,VW_DH_TV_VF_nzoth_yogg_cthun_3132859939610095_Mis_IV_ME,34156,84.06%,
Single,VW_DH_TV_VF_yshaarj_nzoth_yogg_4049516555984367_IN_AM_ME,34156,84.06%,
Single,AR_SW_VF_yshaarj_nzoth_yogg_4013438755266541_IN_IV_DR,34155,84.06%,
Single,AR_SW_VF_nzoth_yogg_cthun_3132859058872301_IN_IV_DR,34152,84.04%,
Single,AR_SW_VF_nzoth_yogg_cthun_3132996229390317_IN_IV_DR,34152,84.04%,
Single,AR_SW_VF_nzoth_yogg_cthun_3132859058872301_IN_IV_ME,34151,84.03%,
Single,VW_DH_TV_VF_nzoth_yogg_cthun_3150259992977389_IN_AM_DR_DS,34150,84.03%,
Single,VW_DH_TV_VF_nzoth_yogg_cthun_3132798736850925_IN_IV_ME,34150,84.03%,
Single,AR_SW_VF_nzoth_yogg_cthun_3150313470943213_IN_IV_ME,34150,84.02%,
Single,VW_DH_TV_VF_nzoth_yogg_cthun_3135004269141487_IN_IV_ME_DS,34149,84.02%,
Single,VW_DH_VW_VF_yshaarj_nzoth_yogg_3977567263841775_Mis_AM_ME,34149,84.02%,
Single,AR_EC_VF_nzoth_yogg_cthun_3150313537527789_IN_AM_DR,34147,84.01%,
Single,VW_DH_VW_VF_nzoth_yogg_cthun_3132799810068461_IN_AM_DR,34147,84.01%,
Single,AR_EC_VF_nzoth_yogg_cthun_3132859058872301_IN_IV_DR,34145,84.00%,
Single,VW_DH_VW_VF_nzoth_yogg_cthun_3132926511611375_IN_AM_DR,34144,84.00%,
Single,VW_DH_TV_VF_nzoth_yogg_cthun_3133347418398191_IN_IV_ME,34144,83.99%,
Single,VW_DH_VW_VF_nzoth_yogg_cthun_3132942684839407_IN_IV_DR_DS,34144,83.99%,
Single,VW_DH_VW_VF_yshaarj_nzoth_yogg_3977515724234733_IN_AM_ME_DS,34140,83.98%,
Single,VW_DH_TV_VF_yshaarj_nzoth_yogg_3977498544373231_IN_IV_ME,34140,83.97%,
Single,VW_DH_VW_VF_nzoth_yogg_cthun_3150245967224303_IN_AM_DR,34140,83.97%,
Single,VW_DH_VW_VF_nzoth_yogg_cthun_3132996304822253_Mis_AM_DR,34140,83.97%,
Single,VW_DH_TV_VF_yshaarj_nzoth_yogg_3977513576758767_IN_IV_ME_DS,34139,83.97%,
Single,VW_DH_VW_VF_nzoth_yogg_cthun_3132791220142061_IN_AM_DR,34138,83.96%,
Single,VW_DH_TV_VF_nzoth_yogg_cthun_3132791287242223_IN_IV_ME,34136,83.95%,
Single,VW_DH_TV_VF_yshaarj_nzoth_yogg_3977515724234733_IN_IV_ME_DS,34136,83.95%,
Single,VW_DH_VW_VF_nzoth_yogg_cthun_3135004202041325_IN_AM_DR_DS,34134,83.94%,
Single,VW_DH_VW_VF_nzoth_yogg_cthun_3133363524526061_IN_IV_ME_DS,34134,83.94%,
Single,VW_DH_TV_VF_nzoth_yogg_cthun_3132996304821743_Mis_IV_DR,34133,83.94%,
Single,VW_DH_TV_VF_nzoth_yogg_cthun_3135004269141997_IN_AM_DR_DS,34130,83.92%,
Single,VW_DH_VW_VF_nzoth_yogg_cthun_3150244893490671_IN_AM_DR,34129,83.92%,
Single,AR_SP_VF_yshaarj_nzoth_yogg_4014400827940845_IN_IV_ME,34129,83.91%,
Single,VW_DH_TV_VF_yshaarj_nzoth_cthun_3696297371819503_IN_AM_ME,34126,83.90%,
Single,VW_DH_TV_VF_nzoth_yogg_cthun_3132936175279599_IN_IV_DR,34125,83.89%,
Single,AR_EC_VF_yshaarj_nzoth_yogg_4013576194220013_IN_IV_DR,34123,83.88%,
Single,VW_DH_VW_VF_nzoth_yogg_cthun_3150262073351663_IN_IV_ME_DS,34122,83.88%,
Single,VW_DH_VW_VF_nzoth_yogg_cthun_3133347418398701_IN_AM_ME,34122,83.87%,
Single,AR_EC_VF_yshaarj_nzoth_yogg_4014400827940845_IN_IV_ME,34122,83.87%,
Single,VW_DH_TV_VF_nzoth_yogg_cthun_3133363524526061_IN_IV_DR_DS,34118,83.86%,
Single,VW_DH_TV_VF_nzoth_yogg_cthun_3132927652454381_IN_AM_DR,34118,83.86%,
Single,VW_DH_TV_VF_nzoth_yogg_cthun_3134996685839855_IN_AM_ME,34117,83.85%,
Single,AR_SW_VF_nzoth_yogg_cthun_3150313537527279_IN_IV_ME,34116,83.85%,
Single,VW_DH_VW_VF_yshaarj_nzoth_yogg_3977513576750591_IN_AM_DR_DS,34115,83.84%,
Single,VW_DH_TV_VF_nzoth_yogg_cthun_3150252409675247_IN_AM_ME,34115,83.84%,
Single,VW_DH_VW_VF_nzoth_yogg_cthun_3150519771389933_IN_AM_ME,34114,83.83%,
Single,VW_DH_VW_VF_nzoth_yogg_cthun_3132936175279599_IN_IV_ME,34112,83.82%,
Single,VW_DH_TV_VF_nzoth_yogg_cthun_3132808400003053_IN_IV_ME_DS,34111,83.82%,
Single,VW_DH_TV_VF_nzoth_yogg_cthun_3150244960591853_IN_AM_ME,34109,83.80%,
Single,VW_DH_TV_VF_yshaarj_nzoth_cthun_3696298445561837_IN_AM_ME,34108,83.80%,
Single,VW_DH_TV_VF_nzoth_yogg_cthun_3135012791967725_IN_AM_DR_DS,34108,83.80%,
Single,VW_DH_VW_VF_nzoth_yogg_cthun_3132797662593005_IN_AM_ME,34105,83.79%,
Single,VW_DH_VW_VF_nzoth_yogg_cthun_3150534803775469_IN_AM_DR_DS,34105,83.78%,
Single,VW_DH_TV_VF_nzoth_yogg_cthun_3132791287242733_IN_AM_ME,34105,83.78%,
Single,VW_DH_TV_VF_yshaarj_nzoth_yogg_4049797876342765_IN_AM_DR_DS,34103,83.77%,
Single,VW_DH_TV_VF_yshaarj_nzoth_yogg_3977497470623231_IN_AM_DR,34103,83.77%,
Single,VW_DH_VW_VF_yshaarj_nzoth_yogg_3977498544365055_IN_AM_DR,34102,83.77%,
Single,VW_DH_TV_VF_yshaarj_nzoth_yogg_3977772348530159_IN_AM_DR,34098,83.74%,
Single,VW_DH_TV_VF_nzoth_yogg_cthun_3133363524526061_IN_IV_ME_DS,34097,83.74%,
Single,VW_DH_TV_VF_nzoth_yogg_cthun_3150519771389933_IN_AM_ME,34096,83.73%,
Single,AR_SW_VF_yshaarj_nzoth_yogg_4013301584748525_IN_IV_DR,34096,83.73%,
Single,VW_DH_TV_VF_yshaarj_nzoth_yogg_4049797876342255_IN_IV_ME_DS,34094,83.73%,
Single,VW_DH_VW_VF_nzoth_yogg_cthun_3132936175279599_IN_IV_DR,34094,83.72%,
Single,VW_DH_VW_VF_nzoth_yogg_cthun_3135004269141997_IN_AM_DR_DS,34093,83.72%,
Single,AR_EC_VF_nzoth_yogg_cthun_3169151264088045_IN_IV_DR,34091,83.71%,
Single,VW_DH_TV_VF_nzoth_yogg_cthun_3132797663109101_IN_AM_DR,34090,83.70%,
Single,AR_EC_VF_nzoth_yogg_cthun_3150313470427117_IN_IV_ME,34089,83.70%,
Single,VW_DH_VW_VF_yshaarj_nzoth_yogg_4049522998444013_IN_AM_ME_DS,34089,83.70%,
Single,AR_SP_VF_nzoth_yogg_cthun_3132859058872301_IN_IV_DR,34089,83.70%,
Single,VW_DH_TV_VF_yshaarj_nzoth_yogg_4049523065544175_IN_IV_ME_DS,34088,83.69%,
Single,VW_DH_VW_VF_yshaarj_nzoth_yogg_3977634909577197_Mis_IV_ME,34087,83.69%,
Single,VW_DH_VW_VF_nzoth_yogg_cthun_3132797729693677_IN_AM_ME,34087,83.69%,
Single,VW_DH_VW_VF_nzoth_yogg_cthun_3132859939610095_Mis_IV_DR,34086,83.68%,
Single,VW_DH_TV_VF_yshaarj_nzoth_yogg_3977635983319021_IN_AM_DR,34083,83.67%,
Single,VW_DH_TV_VF_yshaarj_nzoth_yogg_3977514650492909_IN_AM_DR_DS,34083,83.67%,
Single,AR_EC_VF_nzoth_yogg_cthun_3150313470427117_IN_IV_DR,34081,83.65%,
Single,VW_DH_TV_VF_yshaarj_nzoth_yogg_4049523065544685_IN_AM_DR_DS,34080,83.65%,
Single,VW_DH_TV_VF_nzoth_yogg_cthun_3150259925868031_IN_IV_DR_DS,34079,83.64%,
Single,AR_SP_VF_yshaarj_nzoth_yogg_4014400827940845_IN_IV_DR,34078,83.64%,
Single,VW_DH_VW_VF_nzoth_yogg_cthun_3132858866393069_Mis_IV_DR,34077,83.64%,
Single,VW_DH_TV_VF_nzoth_yogg_cthun_3132996304822253_Mis_AM_ME,34077,83.63%,
Single,VW_DH_TV_VF_nzoth_yogg_cthun_3132926512127981_IN_AM_ME,34076,83.63%,
Single,AR_SP_VF_yshaarj_nzoth_yogg_4013438755266541_Mis_IV_DR,34076,83.63%,
Single,VW_DH_TV_VF_yshaarj_nzoth_yogg_3977497470631917_IN_AM_ME,34075,83.62%,
Single,VW_DH_VW_VF_nzoth_yogg_cthun_3132859939610605_Mis_AM_ME,34075,83.62%,
Single,VW_DH_TV_VF_nzoth_yogg_cthun_3132814842453487_IN_IV_DR_DS,34074,83.62%,
Single,VW_DH_VW_VF_nzoth_yogg_cthun_3135012791967725_IN_AM_DR_DS,34073,83.61%,
Single,VW_DH_VW_VF_yshaarj_nzoth_yogg_3977513577275373_IN_AM_ME_DS,34073,83.61%,
Single,AR_EC_VF_yshaarj_nzoth_yogg_4014400761356269_IN_IV_DR,34073,83.61%,
Single,AR_EC_VF_nzoth_yogg_cthun_3132859864178669_IN_IV_DR,34072,83.61%,
Single,VW_DH_VW_VF_nzoth_yogg_cthun_3150259925876717_IN_AM_DR_DS,34070,83.60%,
Single,VW_DH_VW_VF_yshaarj_nzoth_yogg_4049522998960109_IN_AM_DR_DS,34069,83.59%,
Single,VW_DH_VW_VF_nzoth_yogg_cthun_3132797663108591_IN_IV_ME,34069,83.59%,
Single,VW_DH_VW_VF_yshaarj_nzoth_yogg_3977567263841775_Mis_AM_DR,34067,83.58%,
Single,VW_DH_VW_VF_nzoth_yogg_cthun_3132806253043693_IN_IV_ME_DS,34066,83.57%,
Single,VW_DH_VW_VF_nzoth_yogg_cthun_3150260999610349_IN_AM_ME_DS,34064,83.57%,
Single,VW_DH_VW_VF_nzoth_yogg_cthun_3132927652454381_IN_AM_DR,34063,83.56%,
Single,VW_DH_VW_VF_nzoth_yogg_cthun_3132996304822253_Mis_AM_ME,34063,83.56%,
Single,VW_DH_TV_VF_nzoth_yogg_cthun_3135004202032639_IN_IV_DR_DS,34061,83.55%,
Single,AR_EC_VF_nzoth_yogg_cthun_3132859058872301_IN_IV_ME,34060,83.54%,
Single,VW_DH_TV_VF_nzoth_yogg_cthun_3132935101537775_IN_AM_ME,34059,83.54%,
Single,VW_DH_TV_VF_yshaarj_nzoth_yogg_4049525145918959_IN_IV_DR_DS,34058,83.53%,
Single,VW_DH_VW_VF_nzoth_yogg_cthun_3150243820264943_IN_AM_DR,34058,83.53%,
Single,AR_SW_VF_yshaarj_nzoth_yogg_4013438755266541_Mis_IV_DR,34058,83.53%,
Single,VW_DH_TV_VF_nzoth_yogg_cthun_3132858866393069_Mis_IV_DR,34054,83.51%,
Single,VW_DH_TV_VF_nzoth_yogg_cthun_3132935101537775_IN_AM_DR,34054,83.51%,
Single,VW_DH_TV_VF_nzoth_yogg_cthun_3132799810068461_IN_AM_ME,34053,83.50%,
Single,VW_DH_TV_VF_nzoth_yogg_cthun_3132806252527087_IN_IV_ME_DS,34050,83.49%,
Single,VW_DH_VW_VF_yshaarj_nzoth_yogg_3977498611473903_IN_AM_ME,34049,83.48%,
Single,VW_DH_TV_VF_nzoth_yogg_cthun_3205372946210287_IN_AM_DR_DS,34047,83.47%,
Single,AR_SW_VF_nzoth_yogg_cthun_3150313537527789_IN_AM_DR,34047,83.47%,
Single,VW_DH_VW_VF_nzoth_yogg_cthun_3132806252527087_IN_IV_ME_DS,34046,83.46%,
Single,VW_DH_TV_VF_nzoth_yogg_cthun_3132942617738735_IN_IV_ME_DS,34045,83.46%,
Single,VW_DH_VW_VF_nzoth_yogg_cthun_3132859939610605_Mis_AM_DR,34045,83.46%,
Single,AR_SP_VF_yshaarj_nzoth_yogg_4013438688681965_IN_IV_DR,34045,83.46%,
Single,VW_DH_TV_VF_yshaarj_nzoth_yogg_3977634909576687_IN_AM_ME,34043,83.45%,
Single,VW_DH_VW_VF_yshaarj_nzoth_yogg_3977773422271983_IN_AM_ME,34043,83.45%,
Single,AR_SW_VF_yshaarj_nzoth_yogg_4013438755266541_IN_IV_ME,34043,83.45%,
Single,VW_DH_TV_VF_nzoth_yogg_cthun_3150534803774959_IN_IV_ME_DS,34041,83.44%,
Single,VW_DH_TV_VF_nzoth_yogg_cthun_3132859939610095_Mis_IV_DR,34040,83.43%,
Single,VW_DH_VW_VF_yshaarj_nzoth_cthun_3696297371820013_Mis_IV_ME,34038,83.42%,
Single,VW_DH_TV_VF_nzoth_yogg_cthun_3132797662592495_IN_AM_DR,34037,83.42%,
Single,VW_DH_VW_VF_nzoth_yogg_cthun_3150260999609839_IN_AM_DR_DS,34037,83.42%,
Single,VW_DH_VW_VF_yshaarj_nzoth_yogg_3977498544365055_IN_AM_ME,34036,83.41%,
Single,VW_DH_VW_VF_nzoth_yogg_cthun_3132996304821743_Mis_IV_DR,34034,83.40%,
Single,VW_DH_TV_VF_yshaarj_nzoth_yogg_3977567263842285_Mis_IV_DR,34034,83.40%,
Single,VW_DH_TV_VF_nzoth_yogg_cthun_3150253483417581_IN_AM_ME,34034,83.40%,
Single,VW_DH_VW_VF_nzoth_yogg_cthun_3150243886850029_Mis_IV_DR,34032,83.39%,
Single,AR_SW_VF_nzoth_yogg_cthun_3132996162805741_IN_IV_DR,34031,83.39%,
Single,VW_DH_VW_VF_nzoth_yogg_cthun_3132926512127981_IN_AM_ME,34030,83.38%,
Single,VW_DH_VW_VF_yshaarj_nzoth_yogg_3979696493878767_Mis_IV_DR,34030,83.38%,
Single,VW_DH_TV_VF_nzoth_yogg_cthun_3132791220657647_IN_IV_DR,34029,83.37%,
Single,VW_DH_TV_VF_nzoth_yogg_cthun_3132806319627759_IN_IV_DR_DS,34027,83.36%,
Single,AR_SP_VF_nzoth_yogg_cthun_3150313537527789_Mis_IV_DR,34026,83.36%,
Single,VW_DH_VW_VF_nzoth_yogg_cthun_3132814842453487_IN_IV_ME_DS,34025,83.35%,
Single,VW_DH_TV_VF_nzoth_yogg_cthun_3132859939610605_Mis_AM_DR,34025,83.35%,
Single,VW_DH_TV_VF_nzoth_yogg_cthun_3132927652454381_IN_AM_ME,34024,83.35%,
Single,VW_DH_VW_VF_nzoth_yogg_cthun_3132927652453871_IN_IV_ME,34024,83.35%,
Single,AR_SP_VF_yshaarj_nzoth_yogg_4013576194220013_IN_IV_DR,34022,83.34%,
Single,VW_DH_TV_VF_nzoth_yogg_cthun_3132806252527597_IN_AM_DR_DS,34021,83.33%,
Single,VW_DH_TV_VF_yshaarj_nzoth_yogg_3977498611473903_IN_IV_ME,34020,83.33%,
Single,VW_DH_VW_VF_nzoth_yogg_cthun_3132813768719855_IN_IV_DR_DS,34019,83.32%,
Single,AR_SW_VF_nzoth_yogg_cthun_3169151197503469_IN_IV_DR,34017,83.31%,
Single,VW_DH_TV_VF_yshaarj_nzoth_yogg_3977788454657519_IN_IV_ME_DS,34017,83.31%,
Single,VW_DH_VW_VF_nzoth_yogg_cthun_3132791287242223_IN_IV_ME,34016,83.30%,
Single,VW_DH_TV_VF_nzoth_yogg_cthun_3132936175280109_IN_AM_DR,34013,83.29%,
Single,VW_DH_TV_VF_yshaarj_nzoth_yogg_4049660437388783_IN_AM_DR_DS,34013,83.29%,
Single,AR_EC_VF_yshaarj_nzoth_yogg_4013438755266031_IN_IV_DR,34013,83.29%,
Single,VW_DH_TV_VF_nzoth_yogg_cthun_3150244893490671_IN_AM_DR,34012,83.28%,
Single,VW_DH_TV_VF_nzoth_yogg_cthun_3132927585345023_IN_IV_DR,34012,83.28%,
Single,VW_DH_TV_VF_nzoth_yogg_cthun_3132791220133375_IN_IV_ME,34012,83.28%,
Single,VW_DH_VW_VF_nzoth_yogg_cthun_3132928659086831_IN_AM_DR,34011,83.28%,
Single,VW_DH_TV_VF_yshaarj_nzoth_yogg_3979712600006637_IN_AM_DR_DS,34010,83.28%,
Single,VW_DH_TV_VF_nzoth_yogg_cthun_3135005275774957_IN_AM_ME_DS,34010,83.27%,
Single,VW_DH_VW_VF_yshaarj_nzoth_yogg_3977497470631917_Mis_IV_DR,34009,83.27%,
Single,VW_DH_TV_VF_nzoth_yogg_cthun_3132942617739245_IN_AM_DR_DS,34009,83.27%,
Single,VW_DH_VW_VF_nzoth_yogg_cthun_3150259925868031_IN_IV_DR_DS,34008,83.26%,
Single,VW_DH_TV_VF_yshaarj_nzoth_yogg_3977498544889837_IN_IV_ME,34007,83.26%,
Single,VW_DH_TV_VF_yshaarj_nzoth_yogg_4049522998959599_IN_IV_DR_DS,34006,83.25%,
Single,VW_DH_VW_VF_nzoth_yogg_cthun_3150259926392303_IN_IV_DR_DS,34005,83.25%,
Single,VW_DH_VW_VF_nzoth_yogg_cthun_3150313612959215_Mis_AM_DR,34003,83.24%,
Single,VW_DH_TV_VF_yshaarj_nzoth_yogg_3979697567621101_IN_AM_ME,34001,83.23%,
Single,VW_DH_VW_VF_nzoth_yogg_cthun_3132791287242733_IN_AM_DR,34001,83.22%,
Single,AR_SP_VF_nzoth_yogg_cthun_3150313537527789_IN_AM_DR,34000,83.22%,
Single,VW_DH_VW_VF_nzoth_yogg_cthun_3132943691472367_IN_IV_ME_DS,33999,83.22%,
Single,VW_DH_TV_VF_nzoth_yogg_cthun_3132791287242733_IN_AM_DR,33998,83.21%,
Single,VW_DH_TV_VF_yshaarj_nzoth_yogg_3977497537732589_IN_AM_ME,33998,83.21%,
Single,VW_DH_TV_VF_nzoth_yogg_cthun_3132951207665135_IN_IV_ME_DS,33997,83.20%,
Single,VW_DH_TV_VF_nzoth_yogg_cthun_3132799810068461_IN_AM_DR,33995,83.19%,
Single,AR_SW_VF_nzoth_yogg_cthun_3132859864178669_IN_IV_ME,33995,83.19%,
Single,AR_SP_VF_nzoth_yogg_cthun_3150313470427117_IN_IV_ME,33994,83.19%,
Single,VW_DH_VW_VF_nzoth_yogg_cthun_3150518697647599_IN_AM_ME,33992,83.18%,
Single,VW_DH_TV_VF_nzoth_yogg_cthun_3132858865876463_Mis_IV_ME,33992,83.17%,
Single,VW_DH_TV_VF_nzoth_yogg_cthun_3132926511603199_IN_AM_DR,33992,83.17%,
Single,AR_SW_VF_yshaarj_nzoth_yogg_4014400827940845_IN_IV_DR,33991,83.17%,
Single,VW_DH_TV_VF_yshaarj_nzoth_cthun_3768322899631599_IN_AM_DR_DS,33991,83.17%,
Single,VW_DH_TV_VF_nzoth_yogg_cthun_3150313612959215_Mis_AM_DR,33990,83.16%,
Single,VW_DH_TV_VF_nzoth_yogg_cthun_3132807326269421_IN_IV_ME_DS,33989,83.16%,
Single,VW_DH_VW_VF_yshaarj_nzoth_yogg_4049515482242543_Mis_IV_DR,33989,83.16%,
Single,VW_DH_VW_VF_nzoth_yogg_cthun_3135006349516271_IN_IV_DR_DS,33987,83.15%,
Single,AR_EC_VF_nzoth_yogg_cthun_3132996162289645_IN_IV_DR,33987,83.15%,
Single,VW_DH_VW_VF_nzoth_yogg_cthun_3132797663109101_IN_AM_DR,33987,83.15%,
Single,VW_DH_VW_VF_nzoth_yogg_cthun_3132798736850925_IN_IV_DR,33986,83.14%,
Single,VW_DH_VW_VF_nzoth_yogg_cthun_3150244893482495_IN_IV_ME,33984,83.13%,
Single,VW_DH_TV_VF_nzoth_yogg_cthun_3150260999610349_IN_AM_ME_DS,33981,83.12%,
Single,VW_DH_TV_VF_nzoth_yogg_cthun_3132927585869295_IN_IV_ME,33981,83.12%,
Single,VW_DH_VW_VF_nzoth_yogg_cthun_3150244960591853_IN_AM_ME,33979,83.11%,
Single,VW_DH_TV_VF_nzoth_yogg_cthun_3150244894007277_IN_AM_DR,33978,83.10%,
Single,VW_DH_TV_VF_nzoth_yogg_cthun_3132951207665135_IN_IV_DR_DS,33978,83.10%,
Single,VW_DH_VW_VF_nzoth_yogg_cthun_3132942684839407_IN_IV_ME_DS,33977,83.10%,
Single,AR_EC_VF_nzoth_yogg_cthun_3150313537527789_Mis_IV_ME,33977,83.09%,
Single,VW_DH_TV_VF_nzoth_yogg_cthun_3132807393370093_IN_IV_DR_DS,33975,83.08%,
Single,VW_DH_VW_VF_nzoth_yogg_cthun_3132814842453487_IN_IV_DR_DS,33974,83.08%,
Single,VW_DH_VW_VF_nzoth_yogg_cthun_3135012791967725_IN_AM_ME_DS,33973,83.07%,
Single,VW_DH_TV_VF_nzoth_yogg_cthun_3132942618255341_IN_IV_ME_DS,33971,83.06%,
Single,VW_DH_VW_VF_nzoth_yogg_cthun_3132942617739245_IN_AM_DR_DS,33970,83.06%,
Single,VW_DH_TV_VF_nzoth_yogg_cthun_3132926578712047_IN_AM_ME,33970,83.06%,
Single,VW_DH_VW_VF_nzoth_yogg_cthun_3150244960591343_IN_AM_DR,33970,83.06%,
Single,AR_SP_VF_nzoth_yogg_cthun_3169151264088045_IN_IV_ME,33969,83.05%,
Single,VW_DH_VW_VF_nzoth_yogg_cthun_3132927585869295_IN_IV_ME,33969,83.05%,
Single,VW_DH_VW_VF_nzoth_yogg_cthun_3135004202556911_IN_IV_DR_DS,33968,83.05%,
Single,VW_DH_TV_VF_nzoth_yogg_cthun_3132791220142061_IN_AM_ME,33967,83.04%,
Single,VW_DH_VW_VF_nzoth_yogg_cthun_3150243819749357_Mis_IV_DR,33967,83.04%,
Single,AR_EC_VF_yshaarj_nzoth_yogg_4013438688681965_IN_IV_DR,33966,83.03%,
Single,AR_EC_VF_yshaarj_nzoth_yogg_4013302390054893_IN_IV_DR,33966,83.03%,
Single,VW_DH_VW_VF_nzoth_yogg_cthun_3132791287242733_IN_AM_ME,33965,83.03%,
Single,VW_DH_TV_VF_yshaarj_nzoth_cthun_3696313477947373_IN_AM_ME_DS,33964,83.02%,
Single,VW_DH_VW_VF_nzoth_yogg_cthun_3132807326269421_IN_IV_ME_DS,33964,83.02%,
Single,AR_EC_VF_yshaarj_nzoth_yogg_4013438755266541_Mis_IV_ME,33964,83.02%,
Single,VW_DH_VW_VF_nzoth_yogg_cthun_3132942617738735_IN_IV_ME_DS,33962,83.02%,
Single,VW_DH_TV_VF_nzoth_yogg_cthun_3132943691472877_IN_AM_ME_DS,33962,83.02%,
Single,VW_DH_TV_VF_yshaarj_nzoth_yogg_3977499618107373_IN_AM_DR,33962,83.02%,
Single,VW_DH_TV_VF_nzoth_yogg_cthun_3132943691472367_IN_IV_ME_DS,33962,83.01%,
Single,VW_DH_VW_VF_nzoth_yogg_cthun_3150268515803117_IN_AM_DR_DS,33961,83.01%,
Single,VW_DH_VW_VF_nzoth_yogg_cthun_3150259992977389_IN_AM_DR_DS,33961,83.01%,
Single,VW_DH_TV_VF_nzoth_yogg_cthun_3132927585869295_IN_IV_DR,33958,82.99%,
Single,VW_DH_TV_VF_nzoth_yogg_cthun_3132791220133375_IN_IV_DR,33958,82.99%,
Single,AR_SP_VF_nzoth_yogg_cthun_3132996162805741_IN_IV_DR,33956,82.98%,
Single,VW_DH_VW_VF_nzoth_yogg_cthun_3132942618255341_IN_IV_ME_DS,33953,82.96%,
Single,AR_SW_VF_nzoth_yogg_cthun_3150313470427117_IN_IV_ME,33952,82.96%,
Single,AR_SW_VF_nzoth_yogg_cthun_3132859864178669_IN_IV_DR,33952,82.96%,
Single,VW_DH_TV_VF_yshaarj_nzoth_yogg_4049524072177135_IN_AM_DR_DS,33952,82.96%,
Single,AR_SP_VF_yshaarj_nzoth_yogg_4013438755266541_IN_IV_ME,33952,82.96%,
Single,VW_DH_TV_VF_nzoth_yogg_cthun_3132859939610605_Mis_AM_ME,33952,82.96%,
Single,VW_DH_TV_VF_yshaarj_nzoth_yogg_4049522998444013_IN_AM_DR_DS,33950,82.95%,
Single,VW_DH_VW_VF_nzoth_yogg_cthun_3132791220142061_IN_AM_ME,33949,82.95%,
Single,VW_DH_TV_VF_nzoth_yogg_cthun_3132807393370093_IN_IV_ME_DS,33949,82.95%,
Single,VW_DH_VW_VF_yshaarj_nzoth_yogg_3977788454657519_IN_AM_ME_DS,33949,82.94%,
Single,VW_DH_TV_VF_yshaarj_nzoth_yogg_3977515724234733_IN_IV_DR_DS,33948,82.94%,
Single,VW_DH_VW_VF_nzoth_yogg_cthun_3132806252527597_IN_AM_DR_DS,33947,82.94%,
Single,VW_DH_VW_VF_yshaarj_nzoth_yogg_4049525145919469_IN_AM_ME_DS,33945,82.92%,
Single,AR_SW_VF_nzoth_yogg_cthun_3132996162805741_IN_IV_ME,33944,82.91%,
Single,VW_DH_TV_VF_nzoth_yogg_cthun_3150243819749357_Mis_IV_DR,33942,82.90%,
Single,VW_DH_VW_VF_nzoth_yogg_cthun_3152458949123567_IN_AM_ME_DS,33941,82.90%,
Single,VW_DH_VW_VF_nzoth_yogg_cthun_3150262073351663_IN_IV_DR_DS,33940,82.90%,
Single,VW_DH_VW_VF_nzoth_yogg_cthun_3132926578712047_IN_AM_ME,33938,82.89%,
Single,AR_SP_VF_nzoth_yogg_cthun_3132859864178669_IN_IV_ME,33938,82.89%,
Single,VW_DH_VW_VF_nzoth_yogg_cthun_3132791220133375_IN_IV_DR,33938,82.88%,
Single,VW_DH_VW_VF_nzoth_yogg_cthun_3150534803774959_IN_IV_ME_DS,33936,82.87%,
Single,VW_DH_TV_VF_nzoth_yogg_cthun_3135006349516271_IN_IV_ME_DS,33935,82.87%,
Single,VW_DH_VW_VF_nzoth_yogg_cthun_3132815916195821_IN_IV_DR_DS,33935,82.87%,
Single,VW_DH_TV_VF_nzoth_yogg_cthun_3132876045737965_Mis_IV_ME_DS,33935,82.87%,
Single,AR_SW_VF_yshaarj_nzoth_yogg_4014400827940845_IN_IV_ME,33934,82.87%,
Single,VW_DH_TV_VF_nzoth_yogg_cthun_3132815916195821_IN_IV_ME_DS,33934,82.86%,
Single,AR_SW_VF_nzoth_yogg_cthun_3150313470427117_IN_IV_DR,33930,82.84%,
Single,VW_DH_VW_VF_nzoth_yogg_cthun_3150243819740671_IN_AM_ME,33928,82.83%,
Single,VW_DH_VW_VF_nzoth_yogg_cthun_3132858865876463_Mis_IV_ME,33927,82.83%,
Single,AR_SP_VF_yshaarj_nzoth_yogg_4014400761356269_IN_IV_DR,33927,82.83%,
Single,AR_EC_VF_nzoth_yogg_cthun_3150313537527789_Mis_IV_DR,33927,82.82%,
Single,VW_DH_VW_VF_yshaarj_nzoth_yogg_3977513643859439_IN_AM_ME_DS,33926,82.82%,
Single,VW_DH_TV_VF_nzoth_yogg_cthun_3150268515803117_IN_AM_DR_DS,33925,82.81%,
Single,VW_DH_TV_VF_nzoth_yogg_cthun_3132813768719855_IN_IV_DR_DS,33923,82.80%,
Single,AR_EC_VF_yshaarj_nzoth_yogg_4014400761356269_IN_IV_ME,33923,82.80%,
Single,VW_DH_TV_VF_nzoth_yogg_cthun_3150260999609839_IN_AM_DR_DS,33923,82.80%,
Single,VW_DH_VW_VF_nzoth_yogg_cthun_3132867455802863_Mis_IV_ME,33921,82.79%,
Single,AR_EC_VF_yshaarj_nzoth_yogg_4013301316837357_IN_IV_DR,33920,82.79%,
Single,AR_SW_VF_nzoth_yogg_cthun_3150313537527789_Mis_IV_ME,33920,82.79%,
Single,VW_DH_VW_VF_nzoth_yogg_cthun_3132798803434991_IN_IV_ME,33920,82.79%,
Single,VW_DH_TV_VF_yshaarj_nzoth_yogg_4049660437389293_IN_AM_ME_DS,33918,82.78%,
Single,VW_DH_VW_VF_nzoth_yogg_cthun_3132814842453997_IN_AM_DR_DS,33917,82.77%,
Single,AR_SP_VF_nzoth_yogg_cthun_3150313537527789_Mis_IV_ME,33916,82.77%,
Single,VW_DH_VW_VF_nzoth_yogg_cthun_3132791220657647_IN_IV_DR,33915,82.76%,
Single,VW_DH_VW_VF_nzoth_yogg_cthun_3135006349516271_IN_IV_ME_DS,33914,82.76%,
Single,VW_DH_TV_VF_nzoth_yogg_cthun_3135006349516271_IN_IV_DR_DS,33914,82.76%,
Single,AR_SP_VF_nzoth_yogg_cthun_3132996162805741_IN_IV_ME,33913,82.75%,
Single,VW_DH_VW_VF_yshaarj_nzoth_yogg_4049797876342255_IN_AM_ME_DS,33912,82.74%,
Single,AR_EC_VF_nzoth_yogg_cthun_3150313537527789_IN_AM_ME,33911,82.74%,
Single,VW_DH_VW_VF_yshaarj_nzoth_yogg_3977515724234223_IN_AM_DR_DS,33909,82.73%,
Single,VW_DH_TV_VF_yshaarj_nzoth_yogg_3977773422271983_IN_IV_DR,33908,82.73%,
Single,VW_DH_TV_VF_nzoth_yogg_cthun_3150244960591343_IN_AM_DR,33907,82.72%,
Single,VW_DH_TV_VF_nzoth_yogg_cthun_3150259992976879_IN_AM_DR_DS,33907,82.72%,
Single,VW_DH_TV_VF_nzoth_yogg_cthun_3150262073351663_IN_IV_ME_DS,33905,82.71%,
Single,VW_DH_TV_VF_yshaarj_nzoth_yogg_3977788454657519_IN_IV_DR_DS,33904,82.70%,
Single,VW_DH_VW_VF_yshaarj_nzoth_yogg_3979696493878767_Mis_IV_ME,33904,82.70%,
Single,VW_DH_TV_VF_yshaarj_nzoth_yogg_3977513643859439_IN_IV_ME_DS,33904,82.70%,
Single,VW_DH_TV_VF_yshaarj_nzoth_yogg_3977498611473903_IN_IV_DR,33903,82.70%,
Single,VW_DH_VW_VF_nzoth_yogg_cthun_3205372946210287_IN_AM_DR_DS,33901,82.68%,
Single,VW_DH_TV_VF_yshaarj_nzoth_yogg_3977498544889837_IN_IV_DR,33899,82.68%,
Single,AR_SW_VF_yshaarj_nzoth_yogg_4013576194220013_IN_IV_DR,33899,82.67%,
Single,AR_SW_VF_yshaarj_nzoth_yogg_4013438688681965_IN_IV_DR,33898,82.67%,
Single,VW_DH_TV_VF_nzoth_yogg_cthun_3132806319627759_IN_IV_ME_DS,33898,82.67%,
Single,AR_SP_VF_nzoth_yogg_cthun_3150313470942703_IN_IV_ME,33897,82.66%,
Single,AR_SP_VF_nzoth_yogg_cthun_3132996162289645_IN_IV_ME,33896,82.66%,
Single,VW_DH_VW_VF_nzoth_yogg_cthun_3132806319627759_IN_IV_DR_DS,33895,82.65%,
Single,VW_DH_TV_VF_nzoth_yogg_cthun_3150253483417071_IN_AM_DR,33895,82.65%,
Single,VW_DH_TV_VF_yshaarj_nzoth_yogg_4049525145918959_IN_IV_ME_DS,33895,82.65%,
Single,VW_DH_VW_VF_nzoth_yogg_cthun_3132791220133375_IN_IV_ME,33893,82.64%,
Single,VW_DH_VW_VF_nzoth_yogg_cthun_3132926511611885_Mis_IV_DR,33893,82.64%,
Single,VW_DH_VW_VF_yshaarj_nzoth_yogg_4049515482242543_Mis_IV_ME,33893,82.64%,
Single,VW_DH_TV_VF_nzoth_yogg_cthun_3132815916195821_IN_IV_DR_DS,33892,82.64%,
Single,VW_DH_TV_VF_nzoth_yogg_cthun_3150519771389423_IN_AM_DR,33892,82.64%,
Single,VW_DH_TV_VF_nzoth_yogg_cthun_3132798803434991_IN_IV_ME,33892,82.64%,
Single,VW_DH_TV_VF_nzoth_yogg_cthun_3132791220657647_IN_IV_ME,33891,82.63%,
Single,VW_DH_TV_VF_nzoth_yogg_cthun_3150313612959215_Mis_AM_ME,33889,82.62%,
Single,AR_EC_VF_nzoth_yogg_cthun_3150313470942703_IN_IV_ME,33889,82.62%,
Single,VW_DH_TV_VF_nzoth_yogg_cthun_3132858865876463_Mis_IV_DR,33888,82.61%,
Single,VW_DH_VW_VF_nzoth_yogg_cthun_3150245967224303_IN_AM_ME,33887,82.61%,
Single,AR_SP_VF_yshaarj_nzoth_yogg_4013438755266031_IN_IV_DR,33887,82.61%,
Single,VW_DH_TV_VF_nzoth_yogg_cthun_3132928659086831_IN_AM_DR,33886,82.60%,
Single,VW_DH_TV_VF_nzoth_yogg_cthun_3135012791967725_IN_AM_ME_DS,33885,82.60%,
Single,VW_DH_TV_VF_yshaarj_nzoth_yogg_4049522998435327_IN_IV_DR_DS,33885,82.60%,
Single,VW_DH_VW_VF_nzoth_yogg_cthun_3150253483417581_IN_AM_ME,33883,82.59%,
Single,VW_DH_VW_VF_yshaarj_nzoth_yogg_3977498544889327_IN_AM_DR,33883,82.59%,
Single,VW_DH_VW_VF_yshaarj_nzoth_yogg_4049522998959599_IN_AM_DR_DS,33882,82.58%,
Single,VW_DH_VW_VF_nzoth_yogg_cthun_3132807393370093_IN_IV_DR_DS,33882,82.58%,
Single,VW_DH_TV_VF_nzoth_yogg_cthun_3133347418398701_IN_AM_ME,33882,82.58%,
Single,VW_DH_TV_VF_yshaarj_nzoth_yogg_4049524072177645_IN_AM_ME_DS,33882,82.58%,
Single,VW_DH_TV_VF_nzoth_yogg_cthun_3132813769236461_IN_IV_DR_DS,33881,82.58%,
Single,VW_DH_TV_VF_nzoth_yogg_cthun_3132791220658157_IN_AM_DR,33881,82.58%,
Single,VW_DH_TV_VF_nzoth_yogg_cthun_3132797663109101_IN_AM_ME,33881,82.58%,
Single,VW_DH_TV_VF_yshaarj_nzoth_yogg_3977773422271983_IN_IV_ME,33880,82.57%,
Single,VW_DH_TV_VF_nzoth_yogg_cthun_3135004202556911_IN_IV_DR_DS,33879,82.57%,
Single,VW_DH_TV_VF_nzoth_yogg_cthun_3132936175280109_IN_AM_ME,33879,82.57%,
Single,VW_DH_TV_VF_nzoth_yogg_cthun_3132798736850925_IN_IV_DR,33878,82.56%,
Single,VW_DH_VW_VF_nzoth_yogg_cthun_3132815916195821_IN_IV_ME_DS,33878,82.56%,
Single,AR_SP_VF_nzoth_yogg_cthun_3132859797594093_IN_IV_DR,33878,82.56%,
Single,VW_DH_VW_VF_nzoth_yogg_cthun_3133348492140015_IN_IV_DR,33877,82.55%,
Single,VW_DH_TV_VF_nzoth_yogg_cthun_3150245967224303_IN_AM_ME,33876,82.55%,
Single,AR_SW_VF_yshaarj_nzoth_yogg_4013438755266541_IN_AM_DR,33875,82.55%,
Single,VW_DH_TV_VF_nzoth_yogg_cthun_3150243819740671_IN_AM_ME,33875,82.54%,
Single,VW_DH_VW_VF_nzoth_yogg_cthun_3134997759581679_IN_AM_DR,33872,82.53%,
Single,AR_EC_VF_nzoth_yogg_cthun_3169151196987373_IN_IV_DR,33871,82.52%,
Single,AR_SP_VF_nzoth_yogg_cthun_3132859864178669_IN_IV_DR,33871,82.52%,
Single,AR_EC_VF_yshaarj_nzoth_yogg_4013438688165869_IN_IV_DR,33870,82.52%,
Single,VW_DH_VW_VF_yshaarj_nzoth_yogg_4049522998960109_IN_AM_ME_DS,33870,82.52%,
Single,VW_DH_TV_VF_nzoth_yogg_cthun_3150244893491181_IN_AM_ME,33869,82.51%,
Single,VW_DH_VW_VF_nzoth_yogg_cthun_3132951207665645_IN_AM_DR_DS,33868,82.51%,
Single,VW_DH_VW_VF_nzoth_yogg_cthun_3132791220657647_IN_IV_ME,33865,82.49%,
Single,VW_DH_VW_VF_yshaarj_nzoth_yogg_3977515724234223_IN_AM_ME_DS,33865,82.49%,
Single,VW_DH_TV_VF_nzoth_yogg_cthun_3132813768719855_IN_IV_ME_DS,33865,82.49%,
Single,VW_DH_VW_VF_nzoth_yogg_cthun_3133348492140015_IN_IV_ME,33865,82.49%,
Single,VW_DH_TV_VF_yshaarj_nzoth_yogg_3979712600006637_IN_AM_ME_DS,33865,82.49%,
Single,AR_EC_VF_yshaarj_nzoth_yogg_4013301584748525_Mis_IV_DR,33864,82.49%,
Single,VW_DH_VW_VF_nzoth_yogg_cthun_3132799810068461_IN_AM_ME,33863,82.48%,
Single,VW_DH_VW_VF_nzoth_yogg_cthun_3135005275774447_IN_AM_DR_DS,33863,82.48%,
Single,VW_DH_VW_VF_nzoth_yogg_cthun_3132813769236461_IN_IV_ME_DS,33863,82.48%,
Single,VW_DH_TV_VF_nzoth_yogg_cthun_3132806253043183_IN_IV_DR_DS,33862,82.48%,
Single,VW_DH_TV_VF_nzoth_yogg_cthun_3132814842453487_IN_IV_ME_DS,33862,82.47%,
Single,VW_DH_VW_VF_nzoth_yogg_cthun_3132936175280109_IN_AM_ME,33860,82.47%,
Single,VW_DH_VW_VF_yshaarj_nzoth_yogg_3977498544373231_IN_AM_ME,33860,82.46%,
Single,VW_DH_VW_VF_nzoth_yogg_cthun_3132927585869295_IN_IV_DR,33859,82.46%,
Single,VW_DH_VW_VF_yshaarj_nzoth_yogg_3977634909576687_Mis_IV_DR,33858,82.45%,
Single,AR_SP_VF_yshaarj_nzoth_yogg_4013301584748525_IN_IV_ME,33858,82.45%,
Single,VW_DH_TV_VF_yshaarj_nzoth_yogg_3977513643859439_IN_IV_DR_DS,33858,82.45%,
Single,VW_DH_VW_VF_nzoth_yogg_cthun_3150259925868031_IN_IV_ME_DS,33858,82.45%,
Single,VW_DH_TV_VF_yshaarj_nzoth_yogg_4049515482243053_Mis_IV_DR,33857,82.45%,
Single,AR_EC_VF_nzoth_yogg_cthun_3132858790961133_IN_IV_ME,33857,82.45%,
Single,VW_DH_TV_VF_nzoth_yogg_cthun_3132798803434991_IN_IV_DR,33856,82.45%,
Single,AR_SW_VF_nzoth_yogg_cthun_3132867380371437_IN_IV_DR,33854,82.43%,
Single,AR_EC_VF_yshaarj_nzoth_yogg_4013576194220013_IN_IV_ME,33854,82.43%,
Single,VW_DH_TV_VF_nzoth_yogg_cthun_3132858932977135_Mis_IV_ME,33854,82.43%,
Single,VW_DH_TV_VF_yshaarj_nzoth_yogg_3977497537732079_IN_AM_DR,33852,82.42%,
Single,VW_DH_VW_VF_nzoth_yogg_cthun_3132927652454381_IN_AM_ME,33851,82.41%,
Single,VW_DH_VW_VF_nzoth_yogg_cthun_3132942684839917_IN_AM_DR_DS,33851,82.41%,
Single,AR_EC_VF_yshaarj_nzoth_yogg_4013301584748015_IN_IV_DR,33849,82.40%,
Single,VW_DH_TV_VF_yshaarj_nzoth_yogg_3977497470631407_IN_AM_DR,33849,82.40%,
Single,VW_DH_VW_VF_yshaarj_nzoth_yogg_3977513576758767_IN_AM_ME_DS,33848,82.40%,
Single,VW_DH_TV_VF_nzoth_yogg_cthun_3135005275774447_IN_AM_DR_DS,33848,82.40%,
Single,VW_DH_TV_VF_nzoth_yogg_cthun_3135004202041325_IN_AM_ME_DS,33848,82.40%,
Single,VW_DH_VW_VF_nzoth_yogg_cthun_3132926511603199_IN_AM_DR,33846,82.39%,
Single,AR_EC_VF_nzoth_yogg_cthun_3132996162805741_IN_IV_DR,33845,82.38%,
Single,VW_DH_TV_VF_yshaarj_nzoth_yogg_3977497471148013_IN_AM_DR,33844,82.38%,
Single,VW_DH_VW_VF_nzoth_yogg_cthun_3132858865876463_Mis_IV_DR,33844,82.38%,
Single,VW_DH_TV_VF_nzoth_yogg_cthun_3152458949123567_IN_AM_ME_DS,33843,82.37%,
Single,VW_DH_VW_VF_nzoth_yogg_cthun_3150244894007277_IN_AM_DR,33843,82.37%,
Single,VW_DH_TV_VF_nzoth_yogg_cthun_3132813769236461_IN_IV_ME_DS,33842,82.37%,
Single,AR_SW_VF_nzoth_yogg_cthun_3132859797594093_IN_IV_DR,33842,82.37%,
Single,AR_SP_VF_nzoth_yogg_cthun_3132867380371437_IN_IV_DR,33840,82.36%,
Single,VW_DH_TV_VF_nzoth_yogg_cthun_3132798736334829_IN_AM_DR,33840,82.36%,
Single,VW_DH_VW_VF_nzoth_yogg_cthun_3132807393370093_IN_IV_ME_DS,33839,82.35%,
Single,VW_DH_TV_VF_nzoth_yogg_cthun_3132951207665645_IN_AM_DR_DS,33838,82.35%,
Single,VW_DH_TV_VF_nzoth_yogg_cthun_3150259926392303_IN_IV_ME_DS,33838,82.34%,
Single,AR_EC_VF_nzoth_yogg_cthun_3132996162289645_IN_IV_ME,33837,82.34%,
Single,VW_DH_TV_VF_nzoth_yogg_cthun_3150243886850029_Mis_IV_DR,33836,82.34%,
Single,VW_DH_VW_VF_nzoth_yogg_cthun_3132951207665135_IN_IV_DR_DS,33836,82.34%,
Single,AR_SP_VF_nzoth_yogg_cthun_3169151196987373_IN_IV_DR,33836,82.34%,
Single,AR_EC_VF_yshaarj_nzoth_yogg_4013438688681965_IN_IV_ME,33836,82.33%,
Single,VW_DH_TV_VF_nzoth_yogg_cthun_3135004269141997_IN_AM_ME_DS,33835,82.33%,
Single,VW_DH_VW_VF_nzoth_yogg_cthun_3132927585345023_IN_IV_ME,33835,82.33%,
Single,VW_DH_VW_VF_nzoth_yogg_cthun_3132935101537775_IN_AM_ME,33834,82.33%,
Single,VW_DH_VW_VF_nzoth_yogg_cthun_3132927585353709_IN_AM_ME,33834,82.33%,
Single,AR_EC_VF_nzoth_yogg_cthun_3132859864178669_IN_IV_ME,33834,82.33%,
Single,VW_DH_TV_VF_yshaarj_nzoth_yogg_3977499618107373_IN_AM_ME,33833,82.32%,
Single,VW_DH_VW_VF_yshaarj_nzoth_yogg_4049515482243053_Mis_AM_DR,33833,82.32%,
Single,VW_DH_VW_VF_nzoth_yogg_cthun_3150253483417071_IN_AM_DR,33831,82.31%,
Single,VW_DH_VW_VF_nzoth_yogg_cthun_3132858932977135_Mis_IV_ME,33830,82.30%,
Single,VW_DH_TV_VF_nzoth_yogg_cthun_3135004202556911_IN_IV_ME_DS,33830,82.30%,
Single,AR_SP_VF_nzoth_yogg_cthun_3132858790961133_IN_IV_ME,33830,82.30%,
Single,VW_DH_TV_VF_nzoth_yogg_cthun_3132807326268911_IN_IV_DR_DS,33830,82.30%,
Single,AR_SP_VF_yshaarj_nzoth_yogg_4013438755266541_IN_AM_DR,33829,82.30%,
Single,VW_DH_TV_VF_nzoth_yogg_cthun_3150243820264943_IN_AM_ME,33828,82.29%,
Single,VW_DH_VW_VF_nzoth_yogg_cthun_3132943691472877_IN_AM_ME_DS,33827,82.29%,
Single,VW_DH_VW_VF_nzoth_yogg_cthun_3133347418398191_IN_AM_DR,33827,82.29%,
Single,VW_DH_VW_VF_nzoth_yogg_cthun_3205372946210287_IN_AM_ME_DS,33827,82.29%,
Single,VW_DH_TV_VF_nzoth_yogg_cthun_3132798803435501_IN_AM_DR,33827,82.29%,
Single,AR_SP_VF_nzoth_yogg_cthun_3132996162289645_IN_IV_DR,33826,82.28%,
Single,AR_SP_VF_nzoth_yogg_cthun_3150313537527789_IN_AM_ME,33826,82.28%,
Single,AR_SP_VF_yshaarj_nzoth_yogg_4013438755266031_Mis_IV_DR,33825,82.28%,
Single,VW_DH_VW_VF_nzoth_yogg_cthun_3132876045737965_Mis_IV_ME_DS,33822,82.26%,
Single,VW_DH_VW_VF_nzoth_yogg_cthun_3132867455802863_Mis_IV_DR,33822,82.26%,
Single,AR_SP_VF_yshaarj_nzoth_yogg_4013302390054893_IN_IV_DR,33821,82.25%,
Single,VW_DH_TV_VF_nzoth_yogg_cthun_3205372946210287_IN_AM_ME_DS,33821,82.25%,
Single,VW_DH_VW_VF_yshaarj_nzoth_yogg_4049523065544175_IN_AM_ME_DS,33820,82.25%,
Single,VW_DH_VW_VF_nzoth_yogg_cthun_3132858932977645_Mis_AM_ME,33817,82.23%,
Single,VW_DH_VW_VF_nzoth_yogg_cthun_3132806319627759_IN_IV_ME_DS,33817,82.23%,
Single,VW_DH_TV_VF_nzoth_yogg_cthun_3132942684839407_IN_IV_ME_DS,33817,82.23%,
Single,VW_DH_VW_VF_nzoth_yogg_cthun_3132951207665135_IN_IV_ME_DS,33816,82.23%,
Single,VW_DH_VW_VF_yshaarj_nzoth_yogg_3977497537732589_Mis_IV_ME,33814,82.22%,
Single,VW_DH_TV_VF_nzoth_yogg_cthun_3132797729693167_IN_AM_DR,33814,82.22%,
Single,AR_EC_VF_nzoth_yogg_cthun_3169151197503469_IN_IV_DR,33814,82.21%,
Single,AR_SW_VF_nzoth_yogg_cthun_3150313537527789_Mis_IV_DR,33813,82.21%,
Single,VW_DH_VW_VF_yshaarj_nzoth_yogg_4049522998443503_IN_AM_ME_DS,33813,82.21%,
Single,VW_DH_TV_VF_yshaarj_nzoth_yogg_3977773422272493_IN_AM_DR,33813,82.21%,
Single,VW_DH_VW_VF_nzoth_yogg_cthun_3132813768719855_IN_IV_ME_DS,33811,82.20%,
Single,VW_DH_TV_VF_nzoth_yogg_cthun_3150259992977389_IN_AM_ME_DS,33810,82.20%,
Single,AR_SW_VF_nzoth_yogg_cthun_3150313470942703_IN_IV_DR,33810,82.20%,
Single,VW_DH_VW_VF_nzoth_yogg_cthun_3135004202032639_IN_IV_DR_DS,33810,82.19%,
Single,AR_SW_VF_yshaarj_nzoth_yogg_4013301316321261_IN_IV_DR,33810,82.19%,
Single,VW_DH_TV_VF_nzoth_yogg_cthun_3150244960591343_IN_AM_ME,33809,82.19%,
Single,AR_SP_VF_nzoth_yogg_cthun_3132867380371437_IN_IV_ME,33808,82.19%,
Single,AR_EC_VF_yshaarj_nzoth_yogg_4014400827940335_IN_IV_DR,33808,82.19%,
Single,VW_DH_VW_VF_nzoth_yogg_cthun_3135004202557421_IN_AM_DR_DS,33808,82.18%,
Single,VW_DH_TV_VF_nzoth_yogg_cthun_3132944765214191_IN_IV_DR_DS,33807,82.18%,
Single,VW_DH_TV_VF_nzoth_yogg_cthun_3132867455802863_Mis_IV_ME,33807,82.18%,
Single,AR_EC_VF_yshaarj_nzoth_yogg_4013438755266541_Mis_AM_DR,33806,82.17%,
Single,VW_DH_VW_VF_nzoth_yogg_cthun_3132858866392559_Mis_IV_ME,33805,82.17%,
Single,VW_DH_VW_VF_nzoth_yogg_cthun_3132797662592495_IN_AM_DR,33804,82.16%,
Single,VW_DH_VW_VF_yshaarj_nzoth_yogg_3977498544889327_IN_AM_ME,33803,82.16%,
Single,VW_DH_TV_VF_nzoth_yogg_cthun_3132814842453997_IN_AM_DR_DS,33802,82.15%,
Single,VW_DH_VW_VF_yshaarj_nzoth_yogg_4049525145918959_IN_AM_DR_DS,33802,82.15%,
Single,VW_DH_VW_VF_nzoth_yogg_cthun_3132926512127471_IN_AM_DR,33801,82.14%,
Single,VW_DH_VW_VF_yshaarj_nzoth_yogg_4049516555984877_Mis_IV_DR,33800,82.14%,
Single,AR_SP_VF_yshaarj_nzoth_yogg_4013438755266541_Mis_IV_ME,33800,82.14%,
Single,VW_DH_TV_VF_yshaarj_nzoth_yogg_3977514650492909_IN_AM_ME_DS,33800,82.14%,
Single,AR_SP_VF_nzoth_yogg_cthun_3132996229390317_IN_AM_DR,33796,82.12%,
Single,AR_EC_VF_nzoth_yogg_cthun_3150313470942703_IN_IV_DR,33796,82.12%,
Single,AR_SW_VF_nzoth_yogg_cthun_3132858790961133_IN_IV_DR,33795,82.11%,
Single,VW_DH_VW_VF_nzoth_yogg_cthun_3132858865876973_Mis_AM_DR,33795,82.11%,
Single,VW_DH_VW_VF_nzoth_yogg_cthun_3150259926392303_IN_IV_ME_DS,33795,82.11%,
Single,VW_DH_VW_VF_nzoth_yogg_cthun_3135004269141997_IN_AM_ME_DS,33794,82.11%,
Single,AR_EC_VF_yshaarj_nzoth_yogg_4014400827940845_IN_AM_DR,33794,82.11%,
Single,AR_EC_VF_nzoth_yogg_cthun_3169151264088045_IN_IV_ME,33793,82.10%,
Single,VW_DH_VW_VF_nzoth_yogg_cthun_3135004202556911_IN_IV_ME_DS,33792,82.10%,
Single,VW_DH_VW_VF_nzoth_yogg_cthun_3150518697648109_Mis_IV_DR,33790,82.09%,
Single,VW_DH_TV_VF_nzoth_yogg_cthun_3150268515803117_IN_AM_ME_DS,33790,82.08%,
Single,AR_SW_VF_yshaarj_nzoth_yogg_4013438755266031_IN_IV_DR,33788,82.08%,
Single,VW_DH_TV_VF_nzoth_yogg_cthun_3132942684839917_IN_AM_DR_DS,33788,82.08%,
Single,VW_DH_TV_VF_yshaarj_nzoth_yogg_3977498544365055_IN_IV_ME,33785,82.06%,
Single,AR_EC_VF_nzoth_yogg_cthun_3132996162805741_IN_IV_ME,33784,82.06%,
Single,VW_DH_TV_VF_yshaarj_nzoth_cthun_3696298445561327_IN_AM_DR,33783,82.05%,
Single,VW_DH_VW_VF_nzoth_yogg_cthun_3132791220658157_IN_AM_DR,33782,82.04%,
Single,AR_EC_VF_yshaarj_nzoth_yogg_4013301584748525_IN_IV_ME,33782,82.04%,
Single,VW_DH_VW_VF_nzoth_yogg_cthun_3132927585345023_IN_IV_DR,33782,82.04%,
Single,VW_DH_VW_VF_nzoth_yogg_cthun_3150519771389423_IN_AM_DR,33780,82.03%,
Single,AR_EC_VF_yshaarj_nzoth_yogg_4013438688681965_Mis_IV_DR,33780,82.03%,
Single,VW_DH_VW_VF_yshaarj_nzoth_yogg_3977497537732589_Mis_IV_DR,33779,82.03%,
Single,VW_DH_VW_VF_nzoth_yogg_cthun_3132806252518911_IN_IV_ME_DS,33779,82.03%,
Single,VW_DH_TV_VF_nzoth_yogg_cthun_3132942618254831_IN_IV_DR_DS,33777,82.02%,
Single,VW_DH_TV_VF_nzoth_yogg_cthun_3150534803775469_IN_AM_ME_DS,33777,82.02%,
Single,VW_DH_TV_VF_nzoth_yogg_cthun_3132926511611375_IN_AM_ME,33776,82.01%,
Single,AR_SW_VF_yshaarj_nzoth_yogg_4013438688165869_IN_IV_DR,33776,82.01%,
Single,VW_DH_TV_VF_yshaarj_nzoth_yogg_3977497471148013_IN_AM_ME,33775,82.00%,
Single,AR_SP_VF_yshaarj_nzoth_yogg_4013301584748015_IN_IV_DR,33774,82.00%,
Single,AR_SW_VF_nzoth_yogg_cthun_3132996229389807_IN_IV_DR,33774,82.00%,
Single,AR_SP_VF_nzoth_yogg_cthun_3132859797594093_IN_IV_ME,33773,82.00%,
Single,AR_SP_VF_nzoth_yogg_cthun_3132996229389807_IN_IV_DR,33773,81.99%,
Single,VW_DH_VW_VF_yshaarj_nzoth_yogg_3977772348530669_Mis_IV_ME,33772,81.99%,
Single,VW_DH_TV_VF_nzoth_yogg_cthun_3150259926392813_IN_AM_DR_DS,33771,81.98%,
Single,AR_EC_VF_nzoth_yogg_cthun_3150313470943213_IN_AM_DR,33769,81.98%,
Single,VW_DH_TV_VF_nzoth_yogg_cthun_3150259925868031_IN_IV_ME_DS,33768,81.97%,
Single,VW_DH_TV_VF_nzoth_yogg_cthun_3150268515802607_IN_AM_DR_DS,33768,81.97%,
Single,AR_SW_VF_nzoth_yogg_cthun_3132996162289645_IN_IV_DR,33767,81.96%,
Single,VW_DH_VW_VF_yshaarj_nzoth_yogg_3977497470631407_Mis_IV_DR,33766,81.96%,
Single,VW_DH_TV_VF_nzoth_yogg_cthun_3132806252518911_IN_IV_DR_DS,33766,81.96%,
Single,AR_SW_VF_nzoth_yogg_cthun_3132867380371437_IN_IV_ME,33765,81.95%,
Single,AR_SP_VF_nzoth_yogg_cthun_3132858790445037_IN_IV_ME,33765,81.95%,
Single,VW_DH_VW_VF_yshaarj_nzoth_yogg_3977513576750591_IN_AM_ME_DS,33764,81.95%,
Single,VW_DH_TV_VF_nzoth_yogg_cthun_3133348492140015_IN_IV_ME,33764,81.95%,
Single,VW_DH_VW_VF_nzoth_yogg_cthun_3132797663109101_IN_AM_ME,33762,81.94%,
Single,VW_DH_TV_VF_nzoth_yogg_cthun_3150252409675757_Mis_IV_DR,33761,81.93%,
Single,VW_DH_VW_VF_nzoth_yogg_cthun_3132798736334829_IN_AM_DR,33761,81.93%,
Single,VW_DH_TV_VF_yshaarj_nzoth_yogg_4049522998435327_IN_IV_ME_DS,33760,81.92%,
Single,VW_DH_VW_VF_nzoth_yogg_cthun_3150244960591343_IN_AM_ME,33760,81.92%,
Single,VW_DH_TV_VF_yshaarj_nzoth_yogg_3977651015704557_IN_AM_DR_DS,33758,81.92%,
Single,AR_SP_VF_nzoth_yogg_cthun_3132859797077997_IN_IV_DR,33757,81.91%,
Single,VW_DH_TV_VF_yshaarj_nzoth_yogg_3977513577275373_IN_IV_DR_DS,33757,81.91%,
Single,VW_DH_VW_VF_nzoth_yogg_cthun_3135006349516781_IN_AM_DR_DS,33755,81.90%,
Single,VW_DH_VW_VF_nzoth_yogg_cthun_3132797729693167_IN_AM_DR,33753,81.89%,
Single,VW_DH_VW_VF_nzoth_yogg_cthun_3135004202041325_IN_AM_ME_DS,33753,81.89%,
Single,VW_DH_TV_VF_nzoth_yogg_cthun_3132808400002543_IN_IV_DR_DS,33752,81.88%,
Single,AR_EC_VF_nzoth_yogg_cthun_3132996229389807_IN_IV_DR,33752,81.88%,
Single,VW_DH_VW_VF_yshaarj_nzoth_yogg_3977772348530669_Mis_IV_DR,33751,81.88%,
Single,VW_DH_VW_VF_nzoth_yogg_cthun_3150244893491181_IN_AM_ME,33750,81.87%,
Single,VW_DH_VW_VF_yshaarj_nzoth_yogg_4049516555984877_Mis_IV_ME,33749,81.87%,
Single,VW_DH_TV_VF_nzoth_yogg_cthun_3150518697648109_Mis_IV_DR,33749,81.86%,
Single,AR_SW_VF_yshaarj_nzoth_yogg_4014400760840173_IN_IV_DR,33748,81.86%,
Single,AR_EC_VF_yshaarj_nzoth_yogg_4013576127635437_IN_IV_DR,33748,81.86%,
Single,VW_DH_VW_VF_nzoth_yogg_cthun_3132926511611375_IN_AM_ME,33748,81.86%,
Single,VW_DH_TV_VF_nzoth_yogg_cthun_3135006349516781_IN_AM_ME_DS,33748,81.86%,
Single,VW_DH_TV_VF_nzoth_yogg_cthun_3132858865876973_Mis_AM_DR,33747,81.86%,
Single,VW_DH_VW_VF_nzoth_yogg_cthun_3150259925876207_IN_AM_DR_DS,33746,81.85%,
Single,AR_SP_VF_nzoth_yogg_cthun_3169159854022637_IN_IV_DR_DS,33746,81.85%,
Single,AR_SP_VF_nzoth_yogg_cthun_3169151264088045_Mis_IV_DR,33746,81.85%,
Single,VW_DH_VW_VF_nzoth_yogg_cthun_3132807326268911_IN_IV_DR_DS,33746,81.85%,
Single,AR_SP_VF_nzoth_yogg_cthun_3150313470942703_IN_IV_DR,33746,81.85%,
Single,VW_DH_VW_VF_nzoth_yogg_cthun_3132798803434991_IN_IV_DR,33745,81.84%,
Single,VW_DH_TV_VF_yshaarj_nzoth_yogg_4049797876342765_IN_AM_ME_DS,33742,81.83%,
Single,VW_DH_VW_VF_yshaarj_nzoth_yogg_3977513577274863_IN_AM_ME_DS,33742,81.83%,
Single,AR_SP_VF_yshaarj_nzoth_yogg_4013576194220013_IN_IV_ME,33741,81.82%,
Single,AR_SW_VF_yshaarj_nzoth_yogg_4013301584748525_IN_IV_ME,33740,81.82%,
Single,VW_DH_TV_VF_yshaarj_nzoth_yogg_3979697567620591_IN_AM_DR,33739,81.81%,
Single,VW_DH_VW_VF_nzoth_yogg_cthun_3135005275774447_IN_AM_ME_DS,33739,81.81%,
Single,AR_SP_VF_nzoth_yogg_cthun_3150313537527279_Mis_IV_DR,33739,81.81%,
Single,VW_DH_VW_VF_nzoth_yogg_cthun_3150259992976879_IN_AM_DR_DS,33734,81.79%,
Single,VW_DH_TV_VF_nzoth_yogg_cthun_3135006349516781_IN_AM_DR_DS,33734,81.79%,
Single,AR_SW_VF_nzoth_yogg_cthun_3132996229390317_IN_AM_DR,33731,81.77%,
Single,VW_DH_VW_VF_nzoth_yogg_cthun_3132806319628269_IN_AM_DR_DS,33731,81.77%,
Single,VW_DH_VW_VF_nzoth_yogg_cthun_3132813769236461_IN_IV_DR_DS,33731,81.77%,
Single,AR_EC_VF_nzoth_yogg_cthun_3169151197503469_IN_IV_ME,33729,81.76%,
Single,AR_SW_VF_nzoth_yogg_cthun_3169151197503469_IN_IV_ME,33728,81.75%,
Single,AR_EC_VF_yshaarj_nzoth_yogg_4013438755266031_IN_IV_ME,33727,81.75%,
Single,AR_SW_VF_nzoth_yogg_cthun_3132859797594093_IN_IV_ME,33726,81.74%,
Single,AR_SW_VF_yshaarj_nzoth_yogg_4013851072126957_IN_IV_DR,33725,81.74%,
Single,VW_DH_TV_VF_nzoth_yogg_cthun_3132806319628269_IN_AM_DR_DS,33724,81.73%,
Single,VW_DH_VW_VF_nzoth_yogg_cthun_3150243820264943_IN_AM_ME,33724,81.73%,
Single,VW_DH_VW_VF_yshaarj_nzoth_yogg_3977513577274863_IN_AM_DR_DS,33723,81.73%,
Single,VW_DH_TV_VF_nzoth_yogg_cthun_3132926512127471_IN_AM_ME,33722,81.72%,
Single,VW_DH_VW_VF_nzoth_yogg_cthun_3150534803775469_IN_AM_ME_DS,33722,81.72%,
Single,VW_DH_TV_VF_nzoth_yogg_cthun_3132927585869805_IN_AM_DR,33722,81.72%,
Single,VW_DH_VW_VF_nzoth_yogg_cthun_3150259926392813_IN_AM_DR_DS,33721,81.72%,
Single,AR_EC_VF_yshaarj_nzoth_yogg_4013301584748525_IN_AM_DR,33720,81.71%,
Single,VW_DH_TV_VF_yshaarj_nzoth_yogg_3979712600006127_IN_AM_DR_DS,33720,81.71%,
Single,AR_SW_VF_yshaarj_nzoth_yogg_4013576127635437_IN_IV_DR,33717,81.69%,
Single,AR_SP_VF_yshaarj_nzoth_yogg_4013438688165869_IN_IV_DR,33715,81.68%,
Single,VW_DH_TV_VF_nzoth_yogg_cthun_3132927585345023_IN_IV_ME,33714,81.68%,
Single,AR_EC_VF_nzoth_yogg_cthun_3169151264088045_IN_AM_DR,33713,81.67%,
Single,AR_EC_VF_nzoth_yogg_cthun_3132858790445037_IN_IV_ME,33713,81.67%,
Single,VW_DH_TV_VF_nzoth_yogg_cthun_3132928659086831_IN_AM_ME,33711,81.66%,
Single,VW_DH_VW_VF_nzoth_yogg_cthun_3133348492140525_IN_AM_DR,33710,81.66%,
Single,VW_DH_VW_VF_nzoth_yogg_cthun_3132808400002543_IN_IV_DR_DS,33710,81.66%,
Single,VW_DH_VW_VF_nzoth_yogg_cthun_3132791220141551_IN_AM_DR,33709,81.65%,
Single,VW_DH_TV_VF_nzoth_yogg_cthun_3135004202032639_IN_IV_ME_DS,33709,81.65%,
Single,VW_DH_VW_VF_nzoth_yogg_cthun_3150262073352173_IN_AM_DR_DS,33709,81.65%,
Single,AR_SP_VF_yshaarj_nzoth_yogg_4014400761356269_IN_IV_ME,33708,81.64%,
Single,AR_SW_VF_nzoth_yogg_cthun_3132859797077997_IN_IV_DR,33707,81.64%,
Single,VW_DH_VW_VF_nzoth_yogg_cthun_3133363524525551_IN_IV_ME_DS,33706,81.63%,
Single,AR_EC_VF_nzoth_yogg_cthun_3132996229390317_IN_AM_DR,33706,81.63%,
Single,VW_DH_TV_VF_nzoth_yogg_cthun_3132798803435501_IN_AM_ME,33706,81.63%,
Single,VW_DH_TV_VF_nzoth_yogg_cthun_3132858866392559_Mis_IV_ME,33705,81.63%,
Single,VW_DH_TV_VF_nzoth_yogg_cthun_3150244894007277_IN_AM_ME,33704,81.62%,
Single,VW_DH_VW_VF_nzoth_yogg_cthun_3150268515803117_IN_AM_ME_DS,33704,81.62%,
Single,AR_SP_VF_nzoth_yogg_cthun_3169151197503469_IN_IV_DR,33704,81.62%,
Single,VW_DH_TV_VF_yshaarj_nzoth_yogg_3977788454658029_IN_AM_DR_DS,33703,81.62%,
Single,AR_EC_VF_yshaarj_nzoth_yogg_4014400760840173_IN_IV_DR,33703,81.62%,
Single,AR_SW_VF_yshaarj_nzoth_yogg_4013438755266541_Mis_IV_ME,33702,81.61%,
Single,AR_EC_VF_yshaarj_nzoth_yogg_4013851072126957_IN_IV_DR,33700,81.60%,
Single,VW_DH_VW_VF_nzoth_yogg_cthun_3132791220658157_IN_AM_ME,33700,81.60%,
Single,AR_SW_VF_nzoth_yogg_cthun_3169151196987373_IN_IV_DR,33699,81.60%,
Single,AR_SW_VF_nzoth_yogg_cthun_3150313537527789_IN_AM_ME,33699,81.60%,
Single,VW_DH_VW_VF_nzoth_yogg_cthun_3132876045737965_Mis_IV_DR_DS,33698,81.59%,
Single,AR_EC_VF_nzoth_yogg_cthun_3132867380371437_IN_IV_ME,33698,81.59%,
Single,VW_DH_VW_VF_nzoth_yogg_cthun_3132944765214191_IN_IV_DR_DS,33697,81.59%,
Single,VW_DH_VW_VF_yshaarj_nzoth_cthun_3696297371820013_Mis_AM_DR,33697,81.58%,
Single,VW_DH_TV_VF_yshaarj_nzoth_yogg_4049515482243053_Mis_IV_ME,33695,81.58%,
Single,VW_DH_VW_VF_nzoth_yogg_cthun_3132867455803373_Mis_AM_DR,33694,81.57%,
Single,VW_DH_TV_VF_nzoth_yogg_cthun_3150243886850029_Mis_IV_ME,33690,81.55%,
Single,VW_DH_TV_VF_nzoth_yogg_cthun_3150253483417071_IN_AM_ME,33690,81.55%,
Single,AR_SP_VF_nzoth_yogg_cthun_3132996229389807_IN_IV_ME,33690,81.55%,
Single,VW_DH_TV_VF_nzoth_yogg_cthun_3132867455802863_Mis_IV_DR,33688,81.54%,
Single,AR_SW_VF_yshaarj_nzoth_yogg_4013301584748525_Mis_IV_DR,33687,81.53%,
Single,VW_DH_TV_VF_nzoth_yogg_cthun_3132942617730559_IN_IV_DR_DS,33686,81.53%,
Single,VW_DH_TV_VF_nzoth_yogg_cthun_3132926512127471_IN_AM_DR,33686,81.53%,
Single,VW_DH_TV_VF_nzoth_yogg_cthun_3132876045737965_Mis_IV_DR_DS,33685,81.52%,
Single,VW_DH_TV_VF_nzoth_yogg_cthun_3132935101538285_Mis_IV_DR,33685,81.52%,
Single,AR_EC_VF_yshaarj_nzoth_yogg_4013438688165869_IN_IV_ME,33685,81.52%,
Single,VW_DH_VW_VF_yshaarj_nzoth_yogg_3977497470631917_Mis_IV_ME,33684,81.52%,
Single,AR_EC_VF_nzoth_yogg_cthun_3150313470426607_IN_IV_ME,33682,81.50%,
Single,AR_SW_VF_nzoth_yogg_cthun_3150313470942703_IN_IV_ME,33681,81.50%,
Single,VW_DH_TV_VF_yshaarj_nzoth_yogg_3977567263841775_Mis_IV_ME,33681,81.50%,
Single,AR_SW_VF_nzoth_yogg_cthun_3132867313786861_IN_IV_DR,33679,81.49%,
Single,VW_DH_VW_VF_nzoth_yogg_cthun_3132806252518911_IN_IV_DR_DS,33679,81.49%,
Single,VW_DH_TV_VF_nzoth_yogg_cthun_3132927585353199_IN_AM_DR,33678,81.48%,
Single,AR_SP_VF_yshaarj_nzoth_yogg_4013301584748525_Mis_IV_DR,33676,81.47%,
Single,VW_DH_TV_VF_nzoth_yogg_cthun_3150518697648109_Mis_IV_ME,33675,81.46%,
Single,VW_DH_TV_VF_nzoth_yogg_cthun_3134997759581679_IN_AM_ME,33674,81.46%,
Single,VW_DH_VW_VF_nzoth_yogg_cthun_3132927585869805_IN_AM_DR,33674,81.46%,
Single,VW_DH_TV_VF_nzoth_yogg_cthun_3132808400003053_IN_AM_DR_DS,33674,81.46%,
Single,VW_DH_TV_VF_nzoth_yogg_cthun_3135004202557421_IN_AM_DR_DS,33673,81.46%,
Single,VW_DH_VW_VF_nzoth_yogg_cthun_3132806253043183_IN_IV_DR_DS,33673,81.46%,
Single,VW_DH_VW_VF_nzoth_yogg_cthun_3132867455803373_Mis_AM_ME,33673,81.46%,
Single,AR_SW_VF_nzoth_yogg_cthun_3169159854022637_IN_IV_DR_DS,33673,81.45%,
Single,VW_DH_TV_VF_nzoth_yogg_cthun_3150262073352173_IN_AM_DR_DS,33673,81.45%,
Single,AR_SP_VF_yshaarj_nzoth_yogg_4013576127635437_IN_IV_DR,33672,81.45%,
Single,VW_DH_TV_VF_nzoth_yogg_cthun_3132814842453997_IN_AM_ME_DS,33670,81.44%,
Single,VW_DH_TV_VF_yshaarj_nzoth_yogg_3977497470623231_IN_AM_ME,33670,81.44%,
Single,VW_DH_VW_VF_nzoth_yogg_cthun_3132951207665645_IN_AM_ME_DS,33668,81.43%,
Single,AR_EC_VF_nzoth_yogg_cthun_3132867380371437_IN_IV_DR,33668,81.43%,
Single,AR_EC_VF_yshaarj_nzoth_yogg_4013438755266031_Mis_IV_DR,33668,81.43%,
Single,VW_DH_TV_VF_nzoth_yogg_cthun_3133347418398191_IN_AM_DR,33667,81.42%,
Single,AR_SP_VF_nzoth_yogg_cthun_3132858790961133_IN_IV_DR,33666,81.42%,
Single,AR_SP_VF_nzoth_yogg_cthun_3169151264088045_Mis_IV_ME,33666,81.42%,
Single,AR_SW_VF_nzoth_yogg_cthun_3132996229389807_IN_IV_ME,33664,81.41%,
Single,VW_DH_TV_VF_nzoth_yogg_cthun_3132926511603199_IN_AM_ME,33663,81.40%,
Single,VW_DH_TV_VF_nzoth_yogg_cthun_3132996304821743_Mis_AM_DR,33663,81.40%,
Single,VW_DH_VW_VF_nzoth_yogg_cthun_3133363524526061_IN_AM_DR_DS,33662,81.40%,
Single,VW_DH_VW_VF_yshaarj_nzoth_yogg_4049531588370413_Mis_IV_DR_DS,33662,81.40%,
Single,VW_DH_TV_VF_nzoth_yogg_cthun_3132858932977645_Mis_AM_DR,33661,81.39%,
Single,VW_DH_TV_VF_nzoth_yogg_cthun_3134997759581679_IN_AM_DR,33661,81.39%,
Single,VW_DH_VW_VF_nzoth_yogg_cthun_3150252409675757_Mis_IV_DR,33661,81.39%,
Single,VW_DH_VW_VF_nzoth_yogg_cthun_3132798736850415_IN_IV_ME,33660,81.39%,
Single,VW_DH_VW_VF_nzoth_yogg_cthun_3135004202040815_IN_AM_DR_DS,33660,81.39%,
Single,VW_DH_TV_VF_yshaarj_nzoth_yogg_3977635983319021_IN_AM_ME,33658,81.37%,
Single,VW_DH_TV_VF_nzoth_yogg_cthun_3132867455803373_Mis_AM_DR,33657,81.37%,
Single,AR_SW_VF_nzoth_yogg_cthun_3132867313786861_IN_IV_ME,33657,81.37%,
Single,VW_DH_VW_VF_nzoth_yogg_cthun_3132928659086831_IN_AM_ME,33657,81.37%,
Single,VW_DH_TV_VF_nzoth_yogg_cthun_3133348492140015_IN_IV_DR,33657,81.37%,
Single,AR_EC_VF_nzoth_yogg_cthun_3132996229389807_IN_IV_ME,33656,81.37%,
Single,AR_SP_VF_nzoth_yogg_cthun_3150313537527279_Mis_IV_ME,33655,81.36%,
Single,VW_DH_VW_VF_yshaarj_nzoth_yogg_4049522998959599_IN_AM_ME_DS,33655,81.36%,
Single,VW_DH_TV_VF_nzoth_yogg_cthun_3135005275774447_IN_AM_ME_DS,33655,81.36%,
Single,AR_SW_VF_nzoth_yogg_cthun_3150313537527279_Mis_IV_DR,33655,81.36%,
Single,VW_DH_TV_VF_yshaarj_nzoth_yogg_3977513576750591_IN_IV_ME_DS,33654,81.36%,
Single,VW_DH_VW_VF_yshaarj_nzoth_cthun_3696298445561837_Mis_IV_DR,33653,81.35%,
Single,AR_SW_VF_yshaarj_nzoth_yogg_4014400761356269_IN_IV_DR,33652,81.34%,
Single,VW_DH_TV_VF_yshaarj_nzoth_yogg_3977513577274863_IN_IV_ME_DS,33652,81.34%,
Single,VW_DH_VW_VF_nzoth_yogg_cthun_3132798803435501_IN_AM_ME,33651,81.34%,
Single,VW_DH_VW_VF_yshaarj_nzoth_cthun_3696297371819503_Mis_IV_DR,33651,81.34%,
Single,VW_DH_VW_VF_nzoth_yogg_cthun_3134997759581679_IN_AM_ME,33650,81.33%,
Single,AR_SP_VF_nzoth_yogg_cthun_3132867313786861_IN_IV_ME,33650,81.33%,
Single,VW_DH_VW_VF_nzoth_yogg_cthun_3150243886850029_Mis_IV_ME,33650,81.33%,
Single,VW_DH_VW_VF_yshaarj_nzoth_yogg_3977634909576687_Mis_IV_ME,33649,81.33%,
Single,AR_SW_VF_yshaarj_nzoth_yogg_4013576127119341_IN_IV_DR,33648,81.32%,
Single,VW_DH_VW_VF_nzoth_yogg_cthun_3132926511603199_IN_AM_ME,33645,81.31%,
Single,AR_SW_VF_nzoth_yogg_cthun_3132996162289645_IN_IV_ME,33645,81.30%,
Single,VW_DH_TV_VF_nzoth_yogg_cthun_3150243819749357_Mis_IV_ME,33644,81.30%,
Single,VW_DH_VW_VF_nzoth_yogg_cthun_3150259925876717_IN_AM_ME_DS,33644,81.30%,
Single,VW_DH_VW_VF_nzoth_yogg_cthun_3135006349516781_IN_AM_ME_DS,33643,81.29%,
Single,VW_DH_VW_VF_nzoth_yogg_cthun_3150259992977389_IN_AM_ME_DS,33643,81.29%,
Single,VW_DH_TV_VF_nzoth_yogg_cthun_3132867455803373_Mis_AM_ME,33642,81.29%,
Single,VW_DH_VW_VF_nzoth_yogg_cthun_3135004202032639_IN_IV_ME_DS,33642,81.29%,
Single,AR_EC_VF_nzoth_yogg_cthun_3132858790961133_IN_IV_DR,33642,81.29%,
Single,VW_DH_TV_VF_nzoth_yogg_cthun_3150252409675757_Mis_IV_ME,33641,81.29%,
Single,AR_SP_VF_yshaarj_nzoth_yogg_4013301316837357_IN_IV_DR,33641,81.28%,
Single,AR_SW_VF_nzoth_yogg_cthun_3132858790445037_IN_IV_ME,33641,81.28%,
Single,AR_SW_VF_yshaarj_nzoth_yogg_4013438755266031_Mis_IV_DR,33640,81.28%,
Single,VW_DH_TV_VF_yshaarj_nzoth_yogg_3977513643859949_IN_AM_DR_DS,33638,81.27%,
Single,VW_DH_TV_VF_nzoth_yogg_cthun_3132926511611885_Mis_IV_DR,33636,81.26%,
Single,VW_DH_TV_VF_yshaarj_nzoth_yogg_3977515724234223_IN_IV_ME_DS,33634,81.25%,
Single,VW_DH_TV_VF_nzoth_yogg_cthun_3150243819748847_Mis_IV_DR,33634,81.25%,
Single,VW_DH_TV_VF_nzoth_yogg_cthun_3132797662592495_IN_AM_ME,33634,81.24%,
Single,VW_DH_TV_VF_yshaarj_nzoth_yogg_4049524072177135_IN_AM_ME_DS,33633,81.24%,
Single,AR_EC_VF_nzoth_yogg_cthun_3132996229390317_IN_AM_ME,33632,81.24%,
Single,AR_EC_VF_nzoth_yogg_cthun_3150313537527279_IN_AM_DR,33632,81.23%,
Single,VW_DH_TV_VF_nzoth_yogg_cthun_3132942618255341_IN_AM_DR_DS,33631,81.23%,
Single,AR_EC_VF_nzoth_yogg_cthun_3169159854022637_IN_IV_DR_DS,33631,81.23%,
Single,AR_EC_VF_nzoth_yogg_cthun_3132859797594093_IN_IV_DR,33631,81.23%,
Single,VW_DH_VW_VF_nzoth_yogg_cthun_3132858865876973_Mis_AM_ME,33630,81.22%,
Single,VW_DH_TV_VF_nzoth_yogg_cthun_3150244893482495_IN_AM_DR,33629,81.22%,
Single,VW_DH_TV_VF_yshaarj_nzoth_yogg_4049525145919469_IN_AM_DR_DS,33628,81.21%,
Single,VW_DH_VW_VF_nzoth_yogg_cthun_3132813835820527_IN_IV_DR_DS,33628,81.21%,
Single,VW_DH_TV_VF_nzoth_yogg_cthun_3132806252527597_IN_AM_ME_DS,33627,81.21%,
Single,VW_DH_TV_VF_nzoth_yogg_cthun_3132798736850925_IN_AM_DR,33627,81.21%,
Single,AR_SW_VF_nzoth_yogg_cthun_3132858790961133_IN_IV_ME,33626,81.20%,
Single,AR_SP_VF_yshaarj_nzoth_yogg_4014400827940335_IN_IV_DR,33626,81.20%,
Single,AR_EC_VF_yshaarj_nzoth_yogg_4014400760840173_IN_IV_ME,33623,81.19%,
Single,VW_DH_VW_VF_yshaarj_nzoth_yogg_3977634909577197_Mis_AM_DR,33623,81.19%,
Single,VW_DH_VW_VF_nzoth_yogg_cthun_3132858866393069_Mis_AM_DR,33623,81.19%,
Single,VW_DH_TV_VF_nzoth_yogg_cthun_3132806252518911_IN_IV_ME_DS,33623,81.19%,
Single,VW_DH_TV_VF_yshaarj_nzoth_yogg_3977773422272493_IN_AM_ME,33622,81.18%,
Single,VW_DH_TV_VF_nzoth_yogg_cthun_3132791220658157_IN_AM_ME,33621,81.18%,
Single,VW_DH_VW_VF_nzoth_yogg_cthun_3132942617730559_IN_IV_DR_DS,33621,81.18%,
Single,AR_EC_VF_nzoth_yogg_cthun_3132858790445037_IN_IV_DR,33620,81.17%,
Single,AR_EC_VF_nzoth_yogg_cthun_3150313537527279_Mis_IV_ME,33620,81.17%,
Single,VW_DH_TV_VF_yshaarj_nzoth_yogg_4049523065544685_IN_AM_ME_DS,33618,81.16%,
Single,VW_DH_TV_VF_yshaarj_nzoth_yogg_3977498544889327_IN_IV_DR,33617,81.16%,
Single,VW_DH_TV_VF_nzoth_yogg_cthun_3132797729693167_IN_AM_ME,33617,81.15%,
Single,VW_DH_TV_VF_nzoth_yogg_cthun_3132806319628269_IN_AM_ME_DS,33616,81.15%,
Single,VW_DH_TV_VF_yshaarj_nzoth_yogg_3977772348530159_IN_AM_ME,33616,81.15%,
Single,VW_DH_TV_VF_nzoth_yogg_cthun_3132807326785517_IN_IV_ME_DS,33615,81.14%,
Single,VW_DH_TV_VF_nzoth_yogg_cthun_3132806253043183_IN_IV_ME_DS,33614,81.14%,
Single,AR_SW_VF_yshaarj_nzoth_yogg_4013576194220013_Mis_IV_DR,33613,81.14%,
Single,AR_SP_VF_yshaarj_nzoth_yogg_4013438688165869_IN_IV_ME,33613,81.13%,
Single,VW_DH_VW_VF_nzoth_yogg_cthun_3150253483417071_IN_AM_ME,33613,81.13%,
Single,AR_EC_VF_nzoth_yogg_cthun_3169151264088045_Mis_IV_DR,33613,81.13%,
Single,AR_SP_VF_yshaarj_nzoth_yogg_4013438688681965_IN_IV_ME,33613,81.13%,
Single,VW_DH_TV_VF_nzoth_yogg_cthun_3132927585353709_IN_AM_ME,33613,81.13%,
Single,VW_DH_TV_VF_yshaarj_nzoth_yogg_3977513576750591_IN_IV_DR_DS,33613,81.13%,
Single,VW_DH_TV_VF_nzoth_yogg_cthun_3150519771389423_IN_AM_ME,33612,81.13%,
Single,AR_SW_VF_yshaarj_nzoth_yogg_4014400827940335_IN_IV_DR,33611,81.12%,
Single,VW_DH_VW_VF_nzoth_yogg_cthun_3132814842453997_IN_AM_ME_DS,33611,81.12%,
Single,AR_SP_VF_yshaarj_nzoth_yogg_4013301316321261_IN_IV_DR,33611,81.12%,
Single,VW_DH_VW_VF_yshaarj_nzoth_yogg_3979697567621101_Mis_IV_DR,33611,81.12%,
Single,VW_DH_TV_VF_yshaarj_nzoth_yogg_3977498611474413_IN_AM_ME,33610,81.12%,
Single,AR_SW_VF_yshaarj_nzoth_yogg_4013576194220013_IN_IV_ME,33610,81.12%,
Single,VW_DH_TV_VF_nzoth_yogg_cthun_3132858932977135_Mis_IV_DR,33610,81.12%,
Single,VW_DH_VW_VF_nzoth_yogg_cthun_3132944765214191_IN_IV_ME_DS,33609,81.11%,
Single,VW_DH_TV_VF_yshaarj_nzoth_yogg_3979697567620591_IN_AM_ME,33608,81.11%,
Single,AR_EC_VF_nzoth_yogg_cthun_3132996229390317_Mis_IV_DR,33607,81.10%,
Single,VW_DH_TV_VF_nzoth_yogg_cthun_3132808400002543_IN_IV_ME_DS,33606,81.10%,
Single,AR_EC_VF_nzoth_yogg_cthun_3132859058872301_IN_AM_ME,33606,81.09%,
Single,AR_SP_VF_nzoth_yogg_cthun_3150313470426607_IN_IV_DR,33606,81.09%,
Single,AR_SP_VF_nzoth_yogg_cthun_3169151197503469_IN_IV_ME,33605,81.09%,
Single,VW_DH_VW_VF_nzoth_yogg_cthun_3132807326785517_IN_IV_ME_DS,33604,81.08%,
Single,VW_DH_VW_VF_yshaarj_nzoth_yogg_4049522998435327_IN_AM_DR_DS,33603,81.08%,
Single,VW_DH_TV_VF_yshaarj_nzoth_yogg_3977498544373741_IN_AM_DR,33602,81.07%,
Single,AR_SP_VF_yshaarj_nzoth_yogg_4013851072126957_IN_IV_DR,33601,81.07%,
Single,VW_DH_VW_VF_nzoth_yogg_cthun_3132798803435501_IN_AM_DR,33600,81.06%,
Single,AR_SP_VF_yshaarj_nzoth_yogg_4014400827940335_IN_IV_ME,33600,81.06%,
Single,VW_DH_TV_VF_nzoth_yogg_cthun_3132798736850415_IN_IV_DR,33599,81.06%,
Single,VW_DH_TV_VF_nzoth_yogg_cthun_3150259925876207_IN_AM_DR_DS,33597,81.05%,
Single,VW_DH_TV_VF_nzoth_yogg_cthun_3132951207665645_IN_AM_ME_DS,33597,81.05%,
Single,VW_DH_TV_VF_nzoth_yogg_cthun_3135004202040815_IN_AM_DR_DS,33597,81.05%,
Single,VW_DH_TV_VF_yshaarj_nzoth_yogg_3977498611474413_IN_AM_DR,33596,81.04%,
Single,VW_DH_VW_VF_yshaarj_nzoth_cthun_3696297371820013_Mis_AM_ME,33595,81.04%,
Single,VW_DH_TV_VF_nzoth_yogg_cthun_3132858866393069_Mis_AM_ME,33595,81.04%,
Single,VW_DH_VW_VF_nzoth_yogg_cthun_3132996304821743_Mis_AM_ME,33594,81.03%,
Single,AR_EC_VF_nzoth_yogg_cthun_3150313537527279_Mis_IV_DR,33593,81.03%,
Single,VW_DH_TV_VF_nzoth_yogg_cthun_3132797662584319_IN_AM_DR,33593,81.02%,
Single,VW_DH_VW_VF_nzoth_yogg_cthun_3132943691472367_IN_AM_DR_DS,33592,81.02%,
Single,AR_EC_VF_yshaarj_nzoth_yogg_4013438755266031_IN_AM_DR,33592,81.02%,
Single,VW_DH_TV_VF_yshaarj_nzoth_yogg_4049522998443503_IN_AM_DR_DS,33591,81.01%,
Single,VW_DH_VW_VF_nzoth_yogg_cthun_3132797729693167_IN_AM_ME,33591,81.01%,
Single,AR_SW_VF_nzoth_yogg_cthun_3132858790445037_IN_IV_DR,33590,81.01%,
Single,AR_EC_VF_yshaarj_nzoth_yogg_4013438688681965_IN_AM_DR,33589,81.01%,
Single,AR_SW_VF_yshaarj_nzoth_yogg_4013576194220013_IN_AM_DR,33589,81.01%,
Single,VW_DH_VW_VF_nzoth_yogg_cthun_3150243819749357_Mis_IV_ME,33589,81.00%,
Single,VW_DH_TV_VF_yshaarj_nzoth_yogg_3977567263842285_Mis_AM_DR,33589,81.00%,
Single,VW_DH_VW_VF_nzoth_yogg_cthun_3132858932977645_Mis_AM_DR,33589,81.00%,
Single,VW_DH_VW_VF_nzoth_yogg_cthun_3132935101538285_Mis_IV_DR,33588,81.00%,
Single,VW_DH_TV_VF_nzoth_yogg_cthun_3132944765214191_IN_IV_ME_DS,33588,81.00%,
Single,AR_SP_VF_yshaarj_nzoth_yogg_4013438755266031_IN_IV_ME,33587,80.99%,
Single,AR_SP_VF_yshaarj_nzoth_yogg_4014400760840173_IN_IV_DR,33585,80.98%,
Single,VW_DH_TV_VF_nzoth_yogg_cthun_3132858866392559_Mis_IV_DR,33584,80.98%,
Single,AR_EC_VF_nzoth_yogg_cthun_3132859797077997_IN_IV_DR,33584,80.98%,
Single,VW_DH_TV_VF_nzoth_yogg_cthun_3132791220141551_IN_AM_DR,33583,80.97%,
Single,AR_EC_VF_yshaarj_nzoth_yogg_4014400827940335_IN_IV_ME,33583,80.97%,
Single,AR_EC_VF_yshaarj_nzoth_yogg_4013438688681455_IN_IV_DR,33581,80.96%,
Single,AR_EC_VF_nzoth_yogg_cthun_3132867313786861_IN_IV_ME,33580,80.96%,
Single,VW_DH_TV_VF_nzoth_yogg_cthun_3132926578712557_Mis_IV_DR,33579,80.95%,
Single,VW_DH_TV_VF_yshaarj_nzoth_yogg_4049522998959599_IN_IV_ME_DS,33579,80.95%,
Single,VW_DH_TV_VF_nzoth_yogg_cthun_3132858932977645_Mis_AM_ME,33579,80.95%,
Single,AR_SW_VF_nzoth_yogg_cthun_3169151196987373_IN_IV_ME,33578,80.95%,
Single,VW_DH_VW_VF_yshaarj_nzoth_yogg_3977635983319021_Mis_IV_DR,33577,80.94%,
Single,VW_DH_TV_VF_nzoth_yogg_cthun_3132799810067951_IN_AM_DR,33576,80.94%,
Single,VW_DH_TV_VF_yshaarj_nzoth_yogg_3977651015704557_IN_AM_ME_DS,33576,80.93%,
Single,VW_DH_VW_VF_yshaarj_nzoth_yogg_4049525145918959_IN_AM_ME_DS,33576,80.93%,
Single,VW_DH_TV_VF_nzoth_yogg_cthun_3132798736850415_IN_IV_ME,33576,80.93%,
Single,VW_DH_TV_VF_yshaarj_nzoth_cthun_3696313477946863_IN_AM_DR_DS,33574,80.93%,
Single,AR_SP_VF_nzoth_yogg_cthun_3169151264088045_IN_AM_DR,33574,80.92%,
Single,AR_EC_VF_nzoth_yogg_cthun_3169151264087535_IN_IV_DR,33574,80.92%,
Single,AR_SW_VF_nzoth_yogg_cthun_3169151264087535_IN_IV_DR,33574,80.92%,
Single,VW_DH_VW_VF_yshaarj_nzoth_yogg_4049515482243053_Mis_AM_ME,33574,80.92%,
Single,AR_SW_VF_nzoth_yogg_cthun_3169151264088045_Mis_IV_ME,33574,80.92%,
Single,AR_SP_VF_yshaarj_nzoth_yogg_4013438688681965_Mis_IV_DR,33573,80.92%,
Single,VW_DH_VW_VF_nzoth_yogg_cthun_3150268515802607_IN_AM_DR_DS,33572,80.91%,
Single,AR_SW_VF_nzoth_yogg_cthun_3132859058871791_IN_IV_DR,33572,80.91%,
Single,AR_EC_VF_yshaarj_nzoth_yogg_4013318496182253_IN_IV_DR_DS,33572,80.91%,
Single,VW_DH_TV_VF_yshaarj_nzoth_yogg_3977513577274863_IN_IV_DR_DS,33572,80.91%,
Single,VW_DH_TV_VF_nzoth_yogg_cthun_3132942684839917_IN_AM_ME_DS,33571,80.91%,
Single,AR_SW_VF_nzoth_yogg_cthun_3169151264088045_IN_AM_DR,33571,80.91%,
Single,VW_DH_VW_VF_yshaarj_nzoth_cthun_3696313477947373_Mis_IV_DR_DS,33571,80.90%,
Single,VW_DH_TV_VF_yshaarj_nzoth_cthun_3696298445561327_IN_AM_ME,33570,80.90%,
Single,AR_SW_VF_nzoth_yogg_cthun_3150313470426607_IN_IV_DR,33570,80.90%,
Single,AR_SW_VF_yshaarj_nzoth_yogg_4013438688681965_IN_IV_ME,33567,80.89%,
Single,VW_DH_VW_VF_yshaarj_nzoth_yogg_3979696493879277_Mis_AM_DR,33567,80.89%,
Single,AR_SP_VF_nzoth_yogg_cthun_3132859797077997_IN_IV_ME,33566,80.88%,
Single,AR_SP_VF_nzoth_yogg_cthun_3150313537527279_IN_AM_DR,33566,80.88%,
Single,AR_EC_VF_yshaarj_nzoth_yogg_4013576194220013_IN_AM_DR,33566,80.88%,
Single,AR_SW_VF_yshaarj_nzoth_yogg_4014400761356269_IN_IV_ME,33565,80.87%,
Single,AR_SP_VF_yshaarj_nzoth_yogg_4014400827940845_IN_AM_DR,33564,80.87%,
Single,AR_EC_VF_yshaarj_nzoth_yogg_4013301316837357_IN_IV_ME,33563,80.87%,
Single,VW_DH_TV_VF_yshaarj_nzoth_yogg_3977498544889327_IN_IV_ME,33563,80.86%,
Single,VW_DH_TV_VF_yshaarj_nzoth_yogg_3977635983318511_IN_AM_DR,33563,80.86%,
Single,AR_SP_VF_nzoth_yogg_cthun_3132858790445037_IN_IV_DR,33562,80.86%,
Single,VW_DH_TV_VF_nzoth_yogg_cthun_3132858866393069_Mis_AM_DR,33562,80.86%,
Single,VW_DH_VW_VF_yshaarj_nzoth_yogg_3979712600006637_Mis_IV_ME_DS,33561,80.85%,
Single,AR_SP_VF_yshaarj_nzoth_yogg_4014400760840173_IN_IV_ME,33561,80.85%,
Single,AR_EC_VF_yshaarj_nzoth_yogg_4013576127119341_IN_IV_DR,33561,80.85%,
Single,VW_DH_TV_VF_yshaarj_nzoth_yogg_3977515724234223_IN_IV_DR_DS,33560,80.85%,
Single,AR_EC_VF_nzoth_yogg_cthun_3169151196987373_IN_IV_ME,33559,80.84%,
Single,AR_EC_VF_yshaarj_nzoth_yogg_4013301316321261_IN_IV_DR,33558,80.84%,
Single,AR_SW_VF_yshaarj_nzoth_yogg_4013438755266031_IN_IV_ME,33558,80.84%,
Single,AR_SW_VF_nzoth_yogg_cthun_3132859058871791_IN_IV_ME,33558,80.84%,
Single,VW_DH_TV_VF_yshaarj_nzoth_yogg_3977497470631407_IN_AM_ME,33557,80.83%,
Single,VW_DH_TV_VF_yshaarj_nzoth_yogg_3977498544365055_IN_IV_DR,33557,80.83%,
Single,VW_DH_VW_VF_nzoth_yogg_cthun_3150260999609839_IN_AM_ME_DS,33557,80.83%,
Single,VW_DH_TV_VF_yshaarj_nzoth_yogg_3977497537732079_IN_AM_ME,33556,80.83%,
Single,AR_EC_VF_yshaarj_nzoth_yogg_4013576194220013_Mis_IV_DR,33555,80.82%,
Single,VW_DH_TV_VF_yshaarj_nzoth_yogg_3977567263841775_Mis_IV_DR,33554,80.82%,
Single,VW_DH_VW_VF_nzoth_yogg_cthun_3150243819748847_Mis_IV_DR,33554,80.82%,
Single,VW_DH_TV_VF_yshaarj_nzoth_yogg_3977499618106863_IN_AM_ME,33553,80.81%,
Single,VW_DH_VW_VF_nzoth_yogg_cthun_3132806319628269_IN_AM_ME_DS,33552,80.80%,
Single,VW_DH_VW_VF_yshaarj_nzoth_yogg_4049531588370413_Mis_IV_ME_DS,33551,80.80%,
Single,AR_SW_VF_nzoth_yogg_cthun_3132996229390317_IN_AM_ME,33550,80.79%,
Single,AR_EC_VF_nzoth_yogg_cthun_3132996229390317_Mis_IV_ME,33550,80.79%,
Single,VW_DH_TV_VF_nzoth_yogg_cthun_3132996304821743_Mis_AM_ME,33550,80.79%,
Single,VW_DH_TV_VF_nzoth_yogg_cthun_3132927652453871_IN_AM_DR,33550,80.79%,
Single,VW_DH_VW_VF_nzoth_yogg_cthun_3132813835820527_IN_IV_ME_DS,33549,80.79%,
Single,VW_DH_VW_VF_nzoth_yogg_cthun_3132927652453871_IN_AM_DR,33548,80.78%,
Single,VW_DH_VW_VF_nzoth_yogg_cthun_3150252409675247_Mis_IV_DR,33548,80.78%,
Single,VW_DH_TV_VF_yshaarj_nzoth_yogg_3977499618106863_IN_AM_DR,33548,80.78%,
Single,AR_SP_VF_nzoth_yogg_cthun_3150313537527789_Mis_AM_DR,33548,80.78%,
Single,VW_DH_TV_VF_nzoth_yogg_cthun_3150260999609839_IN_AM_ME_DS,33547,80.78%,
Single,VW_DH_TV_VF_yshaarj_nzoth_yogg_3977513576759277_IN_AM_DR_DS,33547,80.78%,
Single,VW_DH_VW_VF_nzoth_yogg_cthun_3150518697648109_Mis_IV_ME,33547,80.78%,
Single,VW_DH_VW_VF_nzoth_yogg_cthun_3132807326268911_IN_IV_ME_DS,33543,80.76%,
Single,AR_EC_VF_nzoth_yogg_cthun_3132858723860461_IN_IV_ME,33543,80.75%,
Single,AR_EC_VF_nzoth_yogg_cthun_3132859797077997_IN_IV_ME,33542,80.75%,
Single,AR_EC_VF_nzoth_yogg_cthun_3132859797594093_IN_IV_ME,33542,80.75%,
Single,VW_DH_VW_VF_nzoth_yogg_cthun_3132926578712557_Mis_IV_DR,33540,80.74%,
Single,VW_DH_TV_VF_nzoth_yogg_cthun_3132944765214701_IN_AM_DR_DS,33539,80.73%,
Single,AR_EC_VF_yshaarj_nzoth_yogg_4013438755266031_Mis_IV_ME,33538,80.73%,
Single,VW_DH_VW_VF_nzoth_yogg_cthun_3132858866392559_Mis_IV_DR,33536,80.72%,
Single,VW_DH_TV_VF_nzoth_yogg_cthun_3150534803774959_IN_AM_DR_DS,33536,80.72%,
Single,VW_DH_TV_VF_yshaarj_nzoth_cthun_3768322899631599_IN_AM_ME_DS,33535,80.71%,
Single,VW_DH_TV_VF_yshaarj_nzoth_yogg_3977651015704047_IN_AM_DR_DS,33534,80.71%,
Single,VW_DH_TV_VF_nzoth_yogg_cthun_3132813835820527_IN_IV_ME_DS,33534,80.71%,
Single,AR_EC_VF_yshaarj_nzoth_yogg_4013438755266541_IN_AM_ME,33533,80.70%,
Single,VW_DH_VW_VF_yshaarj_nzoth_cthun_3696297371819503_Mis_IV_ME,33532,80.70%,
Single,AR_SW_VF_yshaarj_nzoth_yogg_4013438688165869_IN_IV_ME,33532,80.70%,
Single,VW_DH_TV_VF_yshaarj_nzoth_yogg_4049523065544175_IN_AM_DR_DS,33532,80.69%,
Single,VW_DH_TV_VF_nzoth_yogg_cthun_3135012791967215_IN_AM_DR_DS,33531,80.69%,
Single,VW_DH_VW_VF_nzoth_yogg_cthun_3132927585353199_IN_AM_DR,33531,80.69%,
Single,VW_DH_VW_VF_nzoth_yogg_cthun_3132808400002543_IN_IV_ME_DS,33531,80.69%,
Single,VW_DH_VW_VF_nzoth_yogg_cthun_3135012791967215_IN_AM_DR_DS,33530,80.69%,
Single,AR_EC_VF_yshaarj_nzoth_yogg_3977567188410349_IN_IV_DR,33530,80.69%,
Single,AR_EC_VF_nzoth_yogg_cthun_3150313470426607_IN_IV_DR,33529,80.68%,
Single,VW_DH_VW_VF_nzoth_yogg_cthun_3133348492140525_IN_AM_ME,33527,80.67%,
Single,AR_SP_VF_nzoth_yogg_cthun_3132859058871791_IN_IV_ME,33527,80.67%,
Single,VW_DH_TV_VF_nzoth_yogg_cthun_3132943691472367_IN_AM_DR_DS,33525,80.66%,
Single,VW_DH_TV_VF_nzoth_yogg_cthun_3133348492140525_IN_AM_DR,33525,80.66%,
Single,VW_DH_VW_VF_nzoth_yogg_cthun_3132806253043693_IN_AM_DR_DS,33525,80.66%,
Single,AR_EC_VF_yshaarj_nzoth_yogg_4013301584748525_Mis_IV_ME,33524,80.65%,
Single,VW_DH_TV_VF_nzoth_yogg_cthun_3150244893490671_IN_AM_ME,33524,80.65%,
Single,VW_DH_VW_VF_nzoth_yogg_cthun_3132936175279599_IN_AM_DR,33524,80.65%,
Single,AR_SP_VF_nzoth_yogg_cthun_3132859864178159_IN_IV_DR,33523,80.65%,
Single,AR_SP_VF_nzoth_yogg_cthun_3169159854022637_IN_IV_ME_DS,33523,80.65%,
Single,VW_DH_TV_VF_nzoth_yogg_cthun_3132798736326143_IN_IV_DR,33522,80.64%,
Single,AR_EC_VF_nzoth_yogg_cthun_3150313470943213_IN_AM_ME,33522,80.64%,
Single,VW_DH_VW_VF_yshaarj_nzoth_yogg_3979696493879277_Mis_AM_ME,33521,80.64%,
Single,VW_DH_VW_VF_yshaarj_nzoth_yogg_3979712600006637_Mis_IV_DR_DS,33521,80.64%,
Single,VW_DH_TV_VF_nzoth_yogg_cthun_3132927585869805_IN_AM_ME,33520,80.63%,
Single,AR_SW_VF_yshaarj_nzoth_yogg_4014400827940845_IN_AM_DR,33519,80.63%,
Single,VW_DH_VW_VF_nzoth_yogg_cthun_3133363524525551_IN_IV_DR_DS,33519,80.63%,
Single,AR_SP_VF_nzoth_yogg_cthun_3150313470426607_IN_IV_ME,33519,80.63%,
Single,VW_DH_VW_VF_nzoth_yogg_cthun_3132942618254831_IN_IV_DR_DS,33518,80.62%,
Single,AR_SP_VF_yshaarj_nzoth_yogg_4013438688681455_IN_IV_DR,33517,80.62%,
Single,AR_EC_VF_yshaarj_nzoth_yogg_4013302323470317_IN_IV_DR,33515,80.61%,
Single,AR_EC_VF_yshaarj_nzoth_yogg_4013301316321261_IN_IV_ME,33515,80.61%,
Single,VW_DH_VW_VF_nzoth_yogg_cthun_3134996685840365_Mis_IV_DR,33514,80.60%,
Single,AR_SP_VF_nzoth_yogg_cthun_3132867313786861_IN_IV_DR,33514,80.60%,
Single,AR_SP_VF_yshaarj_nzoth_yogg_4013301584748015_IN_IV_ME,33513,80.59%,
Single,VW_DH_VW_VF_nzoth_yogg_cthun_3150519771389423_IN_AM_ME,33512,80.59%,
Single,AR_SW_VF_yshaarj_nzoth_yogg_4014400760839663_IN_IV_DR,33512,80.59%,
Single,AR_SW_VF_yshaarj_nzoth_yogg_4013302390054893_IN_IV_DR,33511,80.58%,
Single,VW_DH_VW_VF_yshaarj_nzoth_yogg_3977497470623231_Mis_IV_DR,33511,80.58%,
Single,VW_DH_VW_VF_yshaarj_nzoth_yogg_4049522998435327_IN_AM_ME_DS,33511,80.58%,
Single,VW_DH_TV_VF_yshaarj_nzoth_yogg_3979712600006127_IN_AM_ME_DS,33511,80.58%,
Single,VW_DH_TV_VF_nzoth_yogg_cthun_3132813768720365_IN_AM_DR_DS,33508,80.57%,
Single,VW_DH_TV_VF_nzoth_yogg_cthun_3134996685840365_Mis_IV_DR,33507,80.56%,
Single,VW_DH_TV_VF_yshaarj_nzoth_yogg_4049515482242543_Mis_IV_DR,33507,80.56%,
Single,AR_EC_VF_yshaarj_nzoth_yogg_4014400827940845_Mis_IV_DR,33505,80.55%,
Single,AR_SW_VF_nzoth_yogg_cthun_3150313537527279_IN_AM_DR,33504,80.55%,
Single,VW_DH_TV_VF_yshaarj_nzoth_yogg_3977788454658029_IN_AM_ME_DS,33503,80.54%,
Single,AR_EC_VF_nzoth_yogg_cthun_3169159854022637_IN_IV_ME_DS,33503,80.54%,
Single,VW_DH_TV_VF_yshaarj_nzoth_yogg_4049522998960109_IN_AM_DR_DS,33503,80.54%,
Single,VW_DH_TV_VF_nzoth_yogg_cthun_3132798736326143_IN_IV_ME,33502,80.54%,
Single,AR_SP_VF_yshaarj_nzoth_yogg_4013438755266541_Mis_AM_DR,33502,80.53%,
Single,VW_DH_VW_VF_nzoth_yogg_cthun_3132797662584319_IN_AM_DR,33501,80.53%,
Single,AR_SP_VF_yshaarj_nzoth_yogg_4013301584748525_IN_AM_DR,33499,80.52%,
Single,AR_EC_VF_yshaarj_nzoth_yogg_4013576194219503_IN_IV_DR,33497,80.51%,
Single,AR_SW_VF_nzoth_yogg_cthun_3132996229390317_Mis_IV_ME,33497,80.51%,
Single,VW_DH_TV_VF_nzoth_yogg_cthun_3132813835820527_IN_IV_DR_DS,33496,80.50%,
Single,VW_DH_TV_VF_nzoth_yogg_cthun_3132815916195311_IN_IV_ME_DS,33496,80.50%,
Single,VW_DH_VW_VF_nzoth_yogg_cthun_3132858866393069_Mis_AM_ME,33496,80.50%,
Single,VW_DH_VW_VF_nzoth_yogg_cthun_3150244894007277_IN_AM_ME,33496,80.50%,
Single,VW_DH_VW_VF_nzoth_yogg_cthun_3132996304821743_Mis_AM_DR,33495,80.50%,
Single,VW_DH_VW_VF_nzoth_yogg_cthun_3132942684839917_IN_AM_ME_DS,33494,80.49%,
Single,VW_DH_TV_VF_nzoth_yogg_cthun_3132942617739245_IN_AM_ME_DS,33494,80.49%,
Single,AR_EC_VF_yshaarj_nzoth_yogg_4014400761356269_IN_AM_DR,33493,80.49%,
Single,VW_DH_VW_VF_nzoth_yogg_cthun_3132927585869805_IN_AM_ME,33493,80.48%,
Single,AR_EC_VF_yshaarj_nzoth_yogg_4013447345201133_IN_IV_DR_DS,33492,80.48%,
Single,VW_DH_VW_VF_yshaarj_nzoth_yogg_3979697567621101_Mis_IV_ME,33492,80.48%,
Single,AR_SP_VF_yshaarj_nzoth_yogg_4013447345201133_IN_IV_DR_DS,33491,80.48%,
Single,VW_DH_VW_VF_nzoth_yogg_cthun_3150252409675757_Mis_IV_ME,33491,80.48%,
Single,VW_DH_VW_VF_nzoth_yogg_cthun_3132858865868287_Mis_IV_ME,33490,80.47%,
Single,VW_DH_VW_VF_yshaarj_nzoth_yogg_3977514650492909_Mis_IV_DR_DS,33490,80.47%,
Single,VW_DH_TV_VF_yshaarj_nzoth_yogg_3977497471147503_IN_AM_DR,33490,80.47%,
Single,AR_SW_VF_yshaarj_nzoth_yogg_4013302322954221_IN_IV_DR,33489,80.47%,
Single,VW_DH_TV_VF_yshaarj_nzoth_yogg_4049660437388783_IN_AM_ME_DS,33489,80.47%,
Single,AR_SW_VF_yshaarj_nzoth_yogg_4013301584748015_IN_IV_ME,33489,80.46%,
Single,VW_DH_VW_VF_nzoth_yogg_cthun_3134996685840365_Mis_IV_ME,33489,80.46%,
Single,VW_DH_VW_VF_nzoth_yogg_cthun_3132858932977135_Mis_IV_DR,33488,80.46%,
Single,AR_SW_VF_nzoth_yogg_cthun_3132859864178159_IN_IV_ME,33488,80.46%,
Single,VW_DH_TV_VF_nzoth_yogg_cthun_3150243886849519_Mis_IV_DR,33487,80.45%,
Single,VW_DH_VW_VF_nzoth_yogg_cthun_3132797662592495_IN_AM_ME,33487,80.45%,
Single,AR_EC_VF_nzoth_yogg_cthun_3150313470418431_IN_IV_DR,33485,80.45%,
Single,AR_EC_VF_nzoth_yogg_cthun_3132996162805741_IN_AM_ME,33485,80.44%,
Single,AR_EC_VF_yshaarj_nzoth_yogg_4014400827940335_IN_AM_DR,33485,80.44%,
Single,AR_EC_VF_nzoth_yogg_cthun_3150313537527279_IN_AM_ME,33484,80.44%,
Single,VW_DH_VW_VF_yshaarj_nzoth_yogg_3977499618107373_Mis_IV_DR,33483,80.43%,
Single,VW_DH_TV_VF_yshaarj_nzoth_yogg_3977567263842285_Mis_AM_ME,33483,80.43%,
Single,AR_SW_VF_yshaarj_nzoth_yogg_4013447345201133_IN_IV_DR_DS,33482,80.43%,
Single,AR_EC_VF_nzoth_yogg_cthun_3169151197503469_IN_AM_DR,33482,80.43%,
Single,AR_SW_VF_nzoth_yogg_cthun_3132859058872301_IN_AM_DR,33481,80.42%,
Single,AR_SP_VF_nzoth_yogg_cthun_3150313470943213_Mis_IV_ME,33480,80.42%,
Single,VW_DH_TV_VF_nzoth_yogg_cthun_3134996685840365_Mis_IV_ME,33478,80.40%,
Single,VW_DH_TV_VF_nzoth_yogg_cthun_3132942617730559_IN_IV_ME_DS,33477,80.40%,
Single,VW_DH_TV_VF_nzoth_yogg_cthun_3132859939610095_Mis_AM_DR,33476,80.40%,
Single,VW_DH_VW_VF_nzoth_yogg_cthun_3132942617730559_IN_IV_ME_DS,33476,80.39%,
Single,AR_SW_VF_nzoth_yogg_cthun_3132859864178159_IN_IV_DR,33475,80.39%,
Single,AR_SP_VF_yshaarj_nzoth_yogg_4014400761355759_IN_IV_DR,33475,80.39%,
Single,AR_EC_VF_yshaarj_nzoth_yogg_4013301584748015_IN_IV_ME,33475,80.39%,
Single,VW_DH_TV_VF_nzoth_yogg_cthun_3150259925876717_IN_AM_ME_DS,33475,80.39%,
Single,VW_DH_VW_VF_nzoth_yogg_cthun_3150244893490671_IN_AM_ME,33474,80.39%,
Single,AR_SW_VF_nzoth_yogg_cthun_3169159854022637_IN_IV_ME_DS,33474,80.39%,
Single,AR_SW_VF_yshaarj_nzoth_yogg_4014400827940335_IN_IV_ME,33474,80.38%,
Single,AR_EC_VF_nzoth_yogg_cthun_3132859058871791_IN_IV_DR,33473,80.38%,
Single,AR_SP_VF_nzoth_yogg_cthun_3169151264087535_IN_IV_DR,33473,80.38%,
Single,VW_DH_TV_VF_nzoth_yogg_cthun_3135004269141487_IN_AM_DR_DS,33472,80.37%,
Single,AR_SP_VF_yshaarj_nzoth_yogg_4013576127119341_IN_IV_DR,33472,80.37%,
Single,AR_EC_VF_nzoth_yogg_cthun_3132867313270765_IN_IV_DR,33471,80.37%,
Single,VW_DH_VW_VF_yshaarj_nzoth_yogg_3977634909577197_Mis_AM_ME,33470,80.36%,
Single,VW_DH_TV_VF_nzoth_yogg_cthun_3132797663108591_IN_AM_DR,33470,80.36%,
Single,AR_EC_VF_yshaarj_nzoth_yogg_3977567188410349_IN_IV_ME,33469,80.36%,
Single,AR_EC_VF_nzoth_yogg_cthun_3169151264088045_Mis_IV_ME,33469,80.36%,
Single,AR_SP_VF_yshaarj_nzoth_yogg_4013301316837357_IN_IV_ME,33466,80.34%,
Single,VW_DH_TV_VF_nzoth_yogg_cthun_3133348492140525_IN_AM_ME,33466,80.34%,
Single,VW_DH_VW_VF_yshaarj_nzoth_cthun_3768322899632109_Mis_IV_ME_DS,33464,80.33%,
Single,VW_DH_VW_VF_yshaarj_nzoth_cthun_3768322899632109_Mis_IV_DR_DS,33464,80.33%,
Single,AR_SP_VF_nzoth_yogg_cthun_3132867313270765_IN_IV_DR,33464,80.33%,
Single,VW_DH_VW_VF_nzoth_yogg_cthun_3132799810067951_IN_AM_ME,33464,80.33%,
Single,AR_SW_VF_nzoth_yogg_cthun_3132996162805231_IN_IV_ME,33463,80.33%,
Single,VW_DH_TV_VF_nzoth_yogg_cthun_3132807326785517_IN_IV_DR_DS,33463,80.33%,
Single,AR_SP_VF_nzoth_yogg_cthun_3132996229390317_IN_AM_ME,33463,80.32%,
Single,VW_DH_TV_VF_nzoth_yogg_cthun_3152458949124077_Mis_IV_DR_DS,33461,80.31%,
Single,AR_SW_VF_nzoth_yogg_cthun_3169151264087535_IN_IV_ME,33460,80.31%,
Single,VW_DH_VW_VF_yshaarj_nzoth_yogg_4049515482242543_Mis_AM_DR,33459,80.30%,
Single,AR_SW_VF_yshaarj_nzoth_yogg_4013301584748015_IN_IV_DR,33458,80.30%,
Single,VW_DH_VW_VF_yshaarj_nzoth_cthun_3696313477947373_Mis_IV_ME_DS,33458,80.30%,
Single,AR_SW_VF_yshaarj_nzoth_yogg_4013301584748525_IN_AM_DR,33457,80.29%,
Single,VW_DH_TV_VF_yshaarj_nzoth_yogg_4049522998444013_IN_AM_ME_DS,33457,80.29%,
Single,VW_DH_TV_VF_yshaarj_nzoth_cthun_3696313477946863_IN_AM_ME_DS,33457,80.29%,
Single,VW_DH_VW_VF_nzoth_yogg_cthun_3132791287242223_IN_AM_DR,33456,80.29%,
Single,VW_DH_VW_VF_yshaarj_nzoth_cthun_3696298445561837_Mis_IV_ME,33456,80.28%,
Single,VW_DH_VW_VF_nzoth_yogg_cthun_3132926578712557_Mis_IV_ME,33453,80.27%,
Single,VW_DH_TV_VF_nzoth_yogg_cthun_3132859939610095_Mis_AM_ME,33452,80.27%,
Single,AR_SW_VF_nzoth_yogg_cthun_3150313470943213_Mis_IV_DR,33451,80.26%,
Single,AR_SW_VF_nzoth_yogg_cthun_3132858723860461_IN_IV_ME,33450,80.26%,
Single,AR_SW_VF_nzoth_yogg_cthun_3150313470943213_Mis_IV_ME,33448,80.25%,
Single,VW_DH_VW_VF_nzoth_yogg_cthun_3132806252527597_IN_AM_ME_DS,33448,80.24%,
Single,AR_SP_VF_nzoth_yogg_cthun_3150313470943213_IN_AM_DR,33448,80.24%,
Single,VW_DH_TV_VF_yshaarj_nzoth_yogg_3977635983318511_IN_AM_ME,33448,80.24%,
Single,AR_SW_VF_nzoth_yogg_cthun_3132859797077997_IN_IV_ME,33447,80.24%,
Single,VW_DH_VW_VF_nzoth_yogg_cthun_3132813768720365_IN_AM_DR_DS,33446,80.23%,
Single,VW_DH_TV_VF_nzoth_yogg_cthun_3150259992976879_IN_AM_ME_DS,33445,80.23%,
Single,VW_DH_TV_VF_yshaarj_nzoth_yogg_4049797876342255_IN_AM_DR_DS,33445,80.23%,
Single,VW_DH_TV_VF_nzoth_yogg_cthun_3150252409675247_Mis_IV_DR,33444,80.22%,
Single,VW_DH_TV_VF_nzoth_yogg_cthun_3132942618254831_IN_IV_ME_DS,33443,80.22%,
Single,VW_DH_VW_VF_nzoth_yogg_cthun_3132807326785517_IN_IV_DR_DS,33443,80.22%,
Single,AR_EC_VF_yshaarj_nzoth_yogg_4013438688165869_Mis_IV_DR,33443,80.22%,
Single,VW_DH_TV_VF_nzoth_yogg_cthun_3150244894006767_IN_AM_DR,33440,80.20%,
Single,AR_EC_VF_nzoth_yogg_cthun_3132859058872301_IN_AM_DR,33440,80.20%,
Single,AR_SW_VF_nzoth_yogg_cthun_3150313470426607_IN_IV_ME,33440,80.20%,
Single,AR_EC_VF_nzoth_yogg_cthun_3132859058871791_IN_IV_ME,33440,80.20%,
Single,AR_SW_VF_yshaarj_nzoth_yogg_4014400760840173_IN_IV_ME,33439,80.20%,
Single,VW_DH_TV_VF_nzoth_yogg_cthun_3132791287242223_IN_AM_DR,33437,80.18%,
Single,AR_EC_VF_nzoth_yogg_cthun_3150313470418431_IN_IV_ME,33436,80.18%,
Single,VW_DH_TV_VF_nzoth_yogg_cthun_3132926511611885_Mis_IV_ME,33436,80.18%,
Single,AR_SW_VF_nzoth_yogg_cthun_3169151264088045_Mis_IV_DR,33436,80.18%,
Single,VW_DH_VW_VF_nzoth_yogg_cthun_3150262073351663_IN_AM_DR_DS,33436,80.18%,
Single,AR_SW_VF_yshaarj_nzoth_yogg_4013438688681455_IN_IV_DR,33435,80.18%,
Single,VW_DH_TV_VF_nzoth_yogg_cthun_3132927652453871_IN_AM_ME,33434,80.17%,
Single,VW_DH_TV_VF_nzoth_yogg_cthun_3133347418398191_IN_AM_ME,33433,80.16%,
Single,VW_DH_TV_VF_nzoth_yogg_cthun_3132798736334829_IN_AM_ME,33433,80.16%,
Single,AR_EC_VF_yshaarj_nzoth_yogg_4014400827940845_IN_AM_ME,33432,80.16%,
Single,VW_DH_VW_VF_yshaarj_nzoth_yogg_3977497537732079_Mis_IV_DR,33431,80.15%,
Single,VW_DH_TV_VF_nzoth_yogg_cthun_3132942617738735_IN_AM_DR_DS,33431,80.15%,
Single,AR_SW_VF_nzoth_yogg_cthun_3150313470943213_IN_AM_DR,33429,80.14%,
Single,VW_DH_VW_VF_yshaarj_nzoth_yogg_3977497470623231_Mis_IV_ME,33429,80.14%,
Single,VW_DH_VW_VF_nzoth_yogg_cthun_3135004202557421_IN_AM_ME_DS,33428,80.13%,
Single,VW_DH_TV_VF_nzoth_yogg_cthun_3132807326268911_IN_IV_ME_DS,33426,80.13%,
Single,VW_DH_TV_VF_nzoth_yogg_cthun_3132808400003053_IN_AM_ME_DS,33425,80.12%,
Single,VW_DH_VW_VF_nzoth_yogg_cthun_3132808400003053_IN_AM_DR_DS,33425,80.12%,
Single,VW_DH_VW_VF_nzoth_yogg_cthun_3132942618255341_IN_AM_DR_DS,33424,80.12%,
Single,AR_EC_VF_nzoth_yogg_cthun_3132867313270765_IN_IV_ME,33423,80.11%,
Single,VW_DH_TV_VF_nzoth_yogg_cthun_3132858865876973_Mis_AM_ME,33422,80.10%,
Single,AR_EC_VF_yshaarj_nzoth_yogg_4013301584748525_Mis_AM_DR,33421,80.10%,
Single,AR_SP_VF_nzoth_yogg_cthun_3132859864178669_IN_AM_DR,33421,80.10%,
Single,VW_DH_VW_VF_nzoth_yogg_cthun_3150244894006767_IN_AM_DR,33421,80.10%,
Single,AR_SP_VF_nzoth_yogg_cthun_3132996229390317_Mis_IV_ME,33421,80.10%,
Single,VW_DH_VW_VF_nzoth_yogg_cthun_3132798736326143_IN_IV_ME,33421,80.10%,
Single,VW_DH_VW_VF_nzoth_yogg_cthun_3150534803774959_IN_AM_DR_DS,33420,80.09%,
Single,VW_DH_TV_VF_nzoth_yogg_cthun_3132806252527087_IN_AM_DR_DS,33419,80.09%,
Single,VW_DH_VW_VF_nzoth_yogg_cthun_3132813835821037_IN_AM_DR_DS,33418,80.08%,
Single,AR_SW_VF_nzoth_yogg_cthun_3132867380370927_IN_IV_DR,33418,80.08%,
Single,AR_SP_VF_yshaarj_nzoth_yogg_4013301316321261_IN_IV_ME,33418,80.08%,
Single,AR_EC_VF_nzoth_yogg_cthun_3169151264088045_IN_AM_ME,33417,80.08%,
Single,AR_SP_VF_nzoth_yogg_cthun_3169151196987373_IN_IV_ME,33416,80.07%,
Single,VW_DH_VW_VF_nzoth_yogg_cthun_3132798736326143_IN_IV_DR,33416,80.07%,
Single,AR_SW_VF_nzoth_yogg_cthun_3150313470418431_IN_IV_ME,33415,80.07%,
Single,AR_EC_VF_yshaarj_nzoth_yogg_4013302390054383_IN_IV_DR,33415,80.07%,
Single,AR_EC_VF_yshaarj_nzoth_yogg_4013302390054893_IN_IV_ME,33415,80.06%,
Single,AR_SP_VF_nzoth_yogg_cthun_3150313470943213_Mis_IV_DR,33414,80.06%,
Single,AR_SW_VF_nzoth_yogg_cthun_3132858790960623_IN_IV_ME,33413,80.06%,
Single,VW_DH_VW_VF_yshaarj_nzoth_yogg_3977651015704557_Mis_IV_ME_DS,33413,80.06%,
Single,AR_SP_VF_nzoth_yogg_cthun_3132996229390317_Mis_IV_DR,33413,80.06%,
Single,AR_SP_VF_nzoth_yogg_cthun_3150313470418431_IN_IV_ME,33413,80.06%,
Single,AR_EC_VF_nzoth_yogg_cthun_3150313537527789_Mis_AM_DR,33413,80.05%,
Single,VW_DH_VW_VF_nzoth_yogg_cthun_3135004269141487_IN_AM_DR_DS,33412,80.05%,
Single,AR_EC_VF_nzoth_yogg_cthun_3150313470427117_IN_AM_ME,33410,80.04%,
Single,AR_EC_VF_nzoth_yogg_cthun_3150313537527789_Mis_AM_ME,33409,80.04%,
Single,VW_DH_VW_VF_yshaarj_nzoth_yogg_3977651015704557_Mis_IV_DR_DS,33409,80.04%,
Single,AR_SW_VF_nzoth_yogg_cthun_3132859058872301_IN_AM_ME,33408,80.03%,
Single,VW_DH_VW_VF_nzoth_yogg_cthun_3132798736850415_IN_IV_DR,33407,80.02%,
Single,VW_DH_VW_VF_nzoth_yogg_cthun_3150244893482495_IN_AM_DR,33406,80.02%,
Single,AR_EC_VF_yshaarj_nzoth_yogg_4014400761355759_IN_IV_DR,33406,80.02%,
Single,AR_EC_VF_nzoth_yogg_cthun_3150313470427117_Mis_IV_ME,33405,80.01%,
Single,AR_SP_VF_nzoth_yogg_cthun_3132859058871791_IN_IV_DR,33405,80.01%,
Single,AR_EC_VF_nzoth_yogg_cthun_3169151196987373_Mis_IV_DR,33404,80.01%,
Single,VW_DH_VW_VF_nzoth_yogg_cthun_3133347418398191_IN_AM_ME,33404,80.01%,
Single,AR_EC_VF_yshaarj_nzoth_yogg_4013302390054893_IN_AM_DR,33403,80.00%,
Single,VW_DH_TV_VF_nzoth_yogg_cthun_3133363524525551_IN_IV_ME_DS,33403,80.00%,
Single,VW_DH_TV_VF_nzoth_yogg_cthun_3132942684839407_IN_AM_DR_DS,33402,80.00%,
Single,VW_DH_VW_VF_nzoth_yogg_cthun_3132815916195311_IN_IV_ME_DS,33401,79.99%,
Single,AR_SW_VF_nzoth_yogg_cthun_3132858723860461_IN_IV_DR,33400,79.99%,
Single,VW_DH_TV_VF_yshaarj_nzoth_yogg_3977513643859949_IN_AM_ME_DS,33400,79.98%,
Single,AR_SP_VF_yshaarj_nzoth_yogg_4014400827940845_Mis_IV_DR,33400,79.98%,
Single,VW_DH_VW_VF_nzoth_yogg_cthun_3150268515802607_IN_AM_ME_DS,33399,79.98%,
Single,VW_DH_TV_VF_yshaarj_nzoth_yogg_3979696493879277_Mis_IV_DR,33399,79.98%,
Single,AR_EC_VF_nzoth_yogg_cthun_3132859864178669_IN_AM_ME,33398,79.98%,
Single,AR_SW_VF_nzoth_yogg_cthun_3132996162805741_IN_AM_DR,33398,79.98%,
Single,AR_EC_VF_yshaarj_nzoth_yogg_4013302390054893_Mis_IV_DR,33398,79.97%,
Single,VW_DH_VW_VF_yshaarj_nzoth_yogg_3977497471148013_Mis_IV_DR,33397,79.97%,
Single,AR_SP_VF_yshaarj_nzoth_yogg_4013576194220013_Mis_IV_DR,33397,79.97%,
Single,AR_SP_VF_yshaarj_nzoth_yogg_4013576194219503_IN_IV_DR,33396,79.96%,
Single,AR_SW_VF_yshaarj_nzoth_yogg_4013438755266541_Mis_AM_DR,33395,79.96%,
Single,VW_DH_TV_VF_nzoth_yogg_cthun_3150268515802607_IN_AM_ME_DS,33395,79.96%,
Single,AR_EC_VF_yshaarj_nzoth_yogg_4013302390054893_Mis_IV_ME,33394,79.95%,
Single,AR_EC_VF_nzoth_yogg_cthun_3132996162805741_IN_AM_DR,33393,79.95%,
Single,VW_DH_TV_VF_nzoth_yogg_cthun_3150518697648109_Mis_AM_DR,33391,79.94%,
Single,AR_EC_VF_nzoth_yogg_cthun_3150313470427117_Mis_IV_DR,33391,79.94%,
Single,AR_SP_VF_yshaarj_nzoth_yogg_4013438755266031_IN_AM_DR,33390,79.93%,
Single,VW_DH_VW_VF_nzoth_yogg_cthun_3132926512127471_IN_AM_ME,33390,79.93%,
Single,VW_DH_TV_VF_nzoth_yogg_cthun_3150262073352173_IN_AM_ME_DS,33389,79.93%,
Single,AR_SP_VF_nzoth_yogg_cthun_3132859058872301_IN_AM_DR,33389,79.93%,
Single,VW_DH_VW_VF_nzoth_yogg_cthun_3132799810067951_IN_AM_DR,33388,79.92%,
Single,AR_SP_VF_yshaarj_nzoth_yogg_4013576194220013_IN_AM_DR,33388,79.92%,
Single,VW_DH_VW_VF_nzoth_yogg_cthun_3150518697647599_Mis_IV_DR,33388,79.92%,
Single,VW_DH_VW_VF_yshaarj_nzoth_yogg_3977772348530159_Mis_IV_DR,33387,79.92%,
Single,VW_DH_TV_VF_nzoth_yogg_cthun_3132806253043693_IN_AM_ME_DS,33387,79.92%,
Single,VW_DH_VW_VF_yshaarj_nzoth_yogg_3977497470631407_Mis_IV_ME,33387,79.91%,
Single,AR_SW_VF_yshaarj_nzoth_yogg_4013438755266031_IN_AM_DR,33387,79.91%,
Single,AR_SP_VF_yshaarj_nzoth_yogg_4013302390054893_IN_IV_ME,33386,79.91%,
Single,AR_SP_VF_yshaarj_nzoth_yogg_4013302323470317_IN_IV_DR,33386,79.91%,
Single,AR_SP_VF_yshaarj_nzoth_yogg_4013302390054383_IN_IV_DR,33386,79.91%,
Single,AR_SW_VF_yshaarj_nzoth_yogg_4014400761355759_IN_IV_ME,33386,79.91%,
Single,AR_EC_VF_yshaarj_nzoth_yogg_4013851072126957_Mis_IV_DR,33385,79.90%,
Single,AR_SW_VF_nzoth_yogg_cthun_3132996229390317_Mis_IV_DR,33384,79.90%,
Single,VW_DH_TV_VF_nzoth_yogg_cthun_3132813835821037_IN_AM_ME_DS,33384,79.90%,
Single,AR_EC_VF_yshaarj_nzoth_yogg_4013438688165869_Mis_IV_ME,33383,79.90%,
Single,AR_SP_VF_yshaarj_nzoth_yogg_4013438755266541_IN_AM_ME,33382,79.89%,
Single,AR_EC_VF_nzoth_yogg_cthun_3150313470943213_Mis_IV_ME,33381,79.88%,
Single,VW_DH_VW_VF_nzoth_yogg_cthun_3150243886850029_Mis_AM_DR,33380,79.88%,
Single,AR_SP_VF_yshaarj_nzoth_yogg_3977567188410349_IN_IV_ME,33378,79.86%,
Single,AR_EC_VF_yshaarj_nzoth_yogg_4013301584748015_Mis_IV_DR,33376,79.86%,
Single,AR_EC_VF_yshaarj_nzoth_yogg_4013438688681965_Mis_IV_ME,33376,79.86%,
Single,AR_EC_VF_nzoth_yogg_cthun_3132996162805231_IN_IV_ME,33376,79.86%,
Single,AR_SW_VF_yshaarj_nzoth_yogg_4013302390054893_IN_IV_ME,33375,79.85%,
Single,AR_EC_VF_nzoth_yogg_cthun_3150313470427117_IN_AM_DR,33375,79.85%,
Single,AR_SW_VF_yshaarj_nzoth_yogg_4013438755266541_IN_AM_ME,33374,79.85%,
Single,VW_DH_VW_VF_nzoth_yogg_cthun_3132859939610095_Mis_AM_ME,33373,79.84%,
Single,VW_DH_TV_VF_nzoth_yogg_cthun_3132944765214701_IN_AM_ME_DS,33373,79.84%,
Single,VW_DH_TV_VF_nzoth_yogg_cthun_3132807393369583_IN_IV_DR_DS,33373,79.84%,
Single,AR_SW_VF_yshaarj_nzoth_yogg_4013576127119341_IN_IV_ME,33372,79.84%,
Single,AR_SP_VF_yshaarj_nzoth_yogg_4013318496182253_IN_IV_DR_DS,33372,79.84%,
Single,AR_EC_VF_nzoth_yogg_cthun_3169151264087535_IN_IV_ME,33372,79.84%,
Single,AR_SP_VF_yshaarj_nzoth_yogg_4013576194220013_Mis_IV_ME,33371,79.83%,
Single,VW_DH_VW_VF_nzoth_yogg_cthun_3132791287242223_IN_AM_ME,33371,79.83%,
Single,AR_EC_VF_yshaarj_nzoth_yogg_4013851005542381_IN_IV_DR,33371,79.83%,
Single,VW_DH_TV_VF_nzoth_yogg_cthun_3135004202557421_IN_AM_ME_DS,33370,79.83%,
Single,AR_SW_VF_yshaarj_nzoth_yogg_4013576127635437_IN_IV_ME,33368,79.81%,
Single,VW_DH_VW_VF_nzoth_yogg_cthun_3132797662584319_IN_AM_ME,33368,79.81%,
Single,VW_DH_TV_VF_nzoth_yogg_cthun_3132791287242223_IN_AM_ME,33367,79.81%,
Single,VW_DH_VW_VF_yshaarj_nzoth_yogg_3977513576759277_Mis_IV_DR_DS,33367,79.81%,
Single,VW_DH_VW_VF_nzoth_yogg_cthun_3132813769235951_IN_IV_ME_DS,33367,79.81%,
Single,AR_SW_VF_yshaarj_nzoth_yogg_4014400827940845_Mis_IV_DR,33367,79.81%,
Single,AR_SW_VF_yshaarj_nzoth_yogg_4013301316837357_IN_IV_ME,33367,79.81%,
Single,AR_SW_VF_yshaarj_nzoth_yogg_4014400761355759_IN_IV_DR,33366,79.80%,
Single,AR_SW_VF_nzoth_yogg_cthun_3169151264088045_Mis_AM_DR,33366,79.80%,
Single,VW_DH_TV_VF_nzoth_yogg_cthun_3132813835821037_IN_AM_DR_DS,33366,79.80%,
Single,AR_SP_VF_nzoth_yogg_cthun_3132996162805231_IN_IV_ME,33366,79.80%,
Single,VW_DH_TV_VF_yshaarj_nzoth_yogg_3977497471147503_IN_AM_ME,33364,79.79%,
Single,AR_SP_VF_yshaarj_nzoth_yogg_3977567188410349_IN_IV_DR,33361,79.77%,
Single,AR_SW_VF_yshaarj_nzoth_yogg_4013301316837357_IN_IV_DR,33361,79.77%,
Single,AR_SW_VF_yshaarj_nzoth_yogg_4013576194220013_Mis_IV_ME,33361,79.77%,
Single,AR_SP_VF_nzoth_yogg_cthun_3132859058872301_IN_AM_ME,33359,79.77%,
Single,AR_SP_VF_nzoth_yogg_cthun_3150313470427117_Mis_IV_DR,33359,79.77%,
Single,VW_DH_TV_VF_nzoth_yogg_cthun_3132936175279599_IN_AM_DR,33358,79.76%,
Single,AR_SW_VF_nzoth_yogg_cthun_3169159786921965_IN_IV_DR_DS,33358,79.76%,
Single,VW_DH_TV_VF_nzoth_yogg_cthun_3132791220141551_IN_AM_ME,33357,79.76%,
Single,VW_DH_TV_VF_nzoth_yogg_cthun_3132799810067951_IN_AM_ME,33357,79.75%,
Single,VW_DH_TV_VF_nzoth_yogg_cthun_3150262073351663_IN_AM_DR_DS,33356,79.75%,
Single,VW_DH_VW_VF_nzoth_yogg_cthun_3150245967224813_Mis_IV_DR,33356,79.75%,
Single,AR_SW_VF_yshaarj_nzoth_yogg_4013438688681965_Mis_IV_DR,33355,79.74%,
Single,VW_DH_VW_VF_nzoth_yogg_cthun_3150259992976879_IN_AM_ME_DS,33355,79.74%,
Single,AR_SW_VF_yshaarj_nzoth_yogg_4013301584748525_Mis_IV_ME,33354,79.74%,
Single,VW_DH_VW_VF_yshaarj_nzoth_yogg_4049660437389293_Mis_IV_DR_DS,33353,79.73%,
Single,VW_DH_TV_VF_yshaarj_nzoth_cthun_3696297371820013_Mis_IV_DR,33352,79.73%,
Single,VW_DH_VW_VF_nzoth_yogg_cthun_3132815916195311_IN_IV_DR_DS,33352,79.73%,
Single,AR_EC_VF_yshaarj_nzoth_yogg_4013301316836847_IN_IV_DR,33352,79.73%,
Single,AR_SP_VF_yshaarj_nzoth_yogg_4013302322954221_IN_IV_DR,33352,79.72%,
Single,VW_DH_VW_VF_nzoth_yogg_cthun_3132859939610095_Mis_AM_DR,33352,79.72%,
Single,VW_DH_TV_VF_nzoth_yogg_cthun_3132815916195311_IN_IV_DR_DS,33351,79.72%,
Single,AR_SP_VF_nzoth_yogg_cthun_3132996162805231_IN_IV_DR,33351,79.72%,
Single,AR_EC_VF_yshaarj_nzoth_yogg_4013302322954221_IN_IV_DR,33351,79.72%,
Single,VW_DH_VW_VF_nzoth_yogg_cthun_3132944765214701_IN_AM_DR_DS,33349,79.71%,
Single,VW_DH_VW_VF_nzoth_yogg_cthun_3152458949124077_Mis_IV_ME_DS,33349,79.71%,
Single,AR_SW_VF_nzoth_yogg_cthun_3132867313270765_IN_IV_DR,33349,79.71%,
Single,AR_EC_VF_yshaarj_nzoth_yogg_4013301584748015_IN_AM_DR,33348,79.71%,
Single,AR_SP_VF_nzoth_yogg_cthun_3132858723860461_IN_IV_DR,33346,79.70%,
Single,VW_DH_TV_VF_nzoth_yogg_cthun_3150252409675757_Mis_AM_DR,33346,79.69%,
Single,AR_EC_VF_yshaarj_nzoth_yogg_4014400760839663_IN_IV_DR,33346,79.69%,
Single,AR_EC_VF_yshaarj_nzoth_yogg_4013576127635437_IN_IV_ME,33346,79.69%,
Single,AR_SP_VF_yshaarj_nzoth_yogg_4013438688165869_Mis_IV_ME,33344,79.69%,
Single,AR_SW_VF_nzoth_yogg_cthun_3169151197503469_Mis_IV_DR,33344,79.69%,
Single,AR_SP_VF_yshaarj_nzoth_yogg_4013851072126447_IN_IV_DR,33344,79.68%,
Single,AR_SP_VF_nzoth_yogg_cthun_3150313470418431_IN_IV_DR,33344,79.68%,
Single,VW_DH_VW_VF_nzoth_yogg_cthun_3132943691472367_IN_AM_ME_DS,33342,79.67%,
Single,AR_SP_VF_nzoth_yogg_cthun_3132859864178159_IN_IV_ME,33342,79.67%,
Single,AR_EC_VF_nzoth_yogg_cthun_3150313470943213_Mis_IV_DR,33341,79.67%,
Single,VW_DH_VW_VF_nzoth_yogg_cthun_3132806252527087_IN_AM_DR_DS,33341,79.67%,
Single,AR_EC_VF_yshaarj_nzoth_yogg_4013301316320751_IN_IV_DR,33340,79.66%,
Single,AR_EC_VF_yshaarj_nzoth_yogg_4013851005026285_IN_IV_DR,33340,79.66%,
Single,VW_DH_VW_VF_nzoth_yogg_cthun_3132797663108591_IN_AM_ME,33340,79.66%,
Single,VW_DH_VW_VF_nzoth_yogg_cthun_3132942618254831_IN_IV_ME_DS,33340,79.66%,
Single,AR_EC_VF_yshaarj_nzoth_yogg_4013438755266031_Mis_AM_DR,33340,79.66%,
Single,VW_DH_VW_VF_nzoth_yogg_cthun_3132798736850925_IN_AM_DR,33339,79.66%,
Single,VW_DH_TV_VF_nzoth_yogg_cthun_3132858865868287_Mis_IV_ME,33338,79.65%,
Single,VW_DH_TV_VF_yshaarj_nzoth_yogg_4049525145919469_IN_AM_ME_DS,33338,79.65%,
Single,VW_DH_VW_VF_nzoth_yogg_cthun_3150243820265453_Mis_IV_DR,33338,79.65%,
Single,AR_SP_VF_nzoth_yogg_cthun_3132867313270765_IN_IV_ME,33337,79.65%,
Single,AR_EC_VF_yshaarj_nzoth_yogg_4013438755266541_Mis_AM_ME,33337,79.64%,
Single,AR_SW_VF_nzoth_yogg_cthun_3150313537527279_Mis_IV_ME,33337,79.64%,
Single,VW_DH_TV_VF_nzoth_yogg_cthun_3132815916195821_IN_AM_DR_DS,33335,79.64%,
Single,VW_DH_TV_VF_nzoth_yogg_cthun_3150244960591853_Mis_IV_DR,33334,79.63%,
Single,AR_SP_VF_nzoth_yogg_cthun_3169151264088045_IN_AM_ME,33333,79.63%,
Single,VW_DH_TV_VF_nzoth_yogg_cthun_3132943691472367_IN_AM_ME_DS,33332,79.62%,
Single,VW_DH_VW_VF_nzoth_yogg_cthun_3132807393369583_IN_IV_DR_DS,33331,79.61%,
Single,AR_EC_VF_yshaarj_nzoth_yogg_4013851072126957_IN_IV_ME,33331,79.61%,
Single,VW_DH_VW_VF_nzoth_yogg_cthun_3132806253043183_IN_IV_ME_DS,33329,79.61%,
Single,AR_EC_VF_yshaarj_nzoth_yogg_4014400761355759_IN_IV_ME,33329,79.60%,
Single,VW_DH_TV_VF_yshaarj_nzoth_yogg_3977514650492399_IN_AM_DR_DS,33328,79.60%,
Single,AR_EC_VF_yshaarj_nzoth_yogg_4014400827940845_Mis_IV_ME,33327,79.59%,
Single,AR_SP_VF_yshaarj_nzoth_yogg_4014400827940845_Mis_IV_ME,33326,79.59%,
Single,AR_SP_VF_nzoth_yogg_cthun_3150313537527279_IN_AM_ME,33326,79.59%,
Single,VW_DH_TV_VF_nzoth_yogg_cthun_3150259925868031_IN_AM_DR_DS,33325,79.58%,
Single,AR_SP_VF_yshaarj_nzoth_yogg_4013301584748015_IN_AM_DR,33324,79.58%,
Single,AR_SW_VF_nzoth_yogg_cthun_3169159787438061_IN_IV_DR_DS,33324,79.57%,
Single,VW_DH_TV_VF_yshaarj_nzoth_yogg_3977498611473903_IN_AM_DR,33323,79.57%,
Single,VW_DH_VW_VF_nzoth_yogg_cthun_3132944765214701_IN_AM_ME_DS,33322,79.57%,
Single,AR_SP_VF_yshaarj_nzoth_yogg_4013438688681965_IN_AM_DR,33319,79.55%,
Single,VW_DH_VW_VF_nzoth_yogg_cthun_3132808400003053_IN_AM_ME_DS,33319,79.55%,
Single,AR_EC_VF_yshaarj_nzoth_yogg_4013438688165359_IN_IV_DR,33318,79.54%,
Single,AR_EC_VF_yshaarj_nzoth_yogg_3977567121825773_IN_IV_ME,33318,79.54%,
Single,AR_EC_VF_nzoth_yogg_cthun_3169151264088045_Mis_AM_DR,33317,79.54%,
Single,AR_SW_VF_nzoth_yogg_cthun_3150313470418431_IN_IV_DR,33317,79.54%,
Single,AR_SP_VF_yshaarj_nzoth_yogg_4014400827940845_IN_AM_ME,33317,79.54%,
Single,AR_SW_VF_nzoth_yogg_cthun_3169151197503469_IN_AM_DR,33316,79.53%,
Single,AR_SP_VF_yshaarj_nzoth_yogg_4013438688165869_Mis_IV_DR,33315,79.53%,
Single,VW_DH_TV_VF_yshaarj_nzoth_yogg_3977514650492399_IN_AM_ME_DS,33314,79.52%,
Single,AR_SW_VF_nzoth_yogg_cthun_3150313537527279_IN_AM_ME,33313,79.52%,
Single,VW_DH_TV_VF_nzoth_yogg_cthun_3132807393369583_IN_IV_ME_DS,33313,79.52%,
Single,AR_SP_VF_yshaarj_nzoth_yogg_4013438755266031_Mis_IV_ME,33313,79.52%,
Single,AR_SW_VF_yshaarj_nzoth_yogg_4014400827940845_IN_AM_ME,33313,79.51%,
Single,AR_SW_VF_nzoth_yogg_cthun_3132996162289135_IN_IV_ME,33310,79.50%,
Single,VW_DH_VW_VF_nzoth_yogg_cthun_3133363524526061_IN_AM_ME_DS,33310,79.50%,
Single,VW_DH_VW_VF_nzoth_yogg_cthun_3132942617738735_IN_AM_DR_DS,33310,79.50%,
Single,AR_EC_VF_nzoth_yogg_cthun_3132867313786861_IN_IV_DR,33310,79.50%,
Single,AR_EC_VF_nzoth_yogg_cthun_3132859864178669_IN_AM_DR,33310,79.50%,
Single,VW_DH_VW_VF_nzoth_yogg_cthun_3132798736334829_IN_AM_ME,33309,79.50%,
Single,AR_SP_VF_yshaarj_nzoth_yogg_4013302323470317_IN_IV_ME,33309,79.50%,
Single,VW_DH_VW_VF_yshaarj_nzoth_yogg_3977772348530669_Mis_AM_DR,33309,79.50%,
Single,VW_DH_VW_VF_nzoth_yogg_cthun_3150259925868031_IN_AM_DR_DS,33309,79.50%,
Single,VW_DH_VW_VF_nzoth_yogg_cthun_3150243820265453_Mis_IV_ME,33308,79.49%,
Single,AR_SP_VF_yshaarj_nzoth_yogg_4013302390054893_Mis_IV_DR,33307,79.49%,
Single,VW_DH_TV_VF_nzoth_yogg_cthun_3132926578712557_Mis_IV_ME,33305,79.47%,
Single,VW_DH_VW_VF_nzoth_yogg_cthun_3132797663108591_IN_AM_DR,33304,79.47%,
Single,VW_DH_VW_VF_nzoth_yogg_cthun_3150243886849519_Mis_IV_DR,33304,79.47%,
Single,VW_DH_TV_VF_nzoth_yogg_cthun_3132813769235951_IN_IV_DR_DS,33303,79.46%,
Single,VW_DH_TV_VF_nzoth_yogg_cthun_3150245967224813_Mis_IV_DR,33303,79.46%,
Single,VW_DH_TV_VF_nzoth_yogg_cthun_3150259925876207_IN_AM_ME_DS,33302,79.46%,
Single,VW_DH_TV_VF_nzoth_yogg_cthun_3132798736334319_IN_AM_DR,33302,79.46%,
Single,VW_DH_VW_VF_nzoth_yogg_cthun_3150244894006767_IN_AM_ME,33300,79.45%,
Single,VW_DH_VW_VF_nzoth_yogg_cthun_3150244960591853_Mis_IV_ME,33299,79.44%,
Single,AR_SP_VF_yshaarj_nzoth_yogg_4013301316836847_IN_IV_DR,33299,79.44%,
Single,AR_SP_VF_yshaarj_nzoth_yogg_4013576127635437_IN_IV_ME,33299,79.44%,
Single,VW_DH_VW_VF_nzoth_yogg_cthun_3152458949124077_Mis_IV_DR_DS,33297,79.43%,
Single,AR_EC_VF_yshaarj_nzoth_yogg_3977567188409839_IN_IV_ME,33297,79.43%,
Single,AR_SP_VF_yshaarj_nzoth_yogg_4013301584748525_Mis_IV_ME,33297,79.43%,
Single,AR_SP_VF_yshaarj_nzoth_yogg_4013438688681455_IN_IV_ME,33297,79.43%,
Single,AR_EC_VF_yshaarj_nzoth_yogg_4013576194220013_Mis_IV_ME,33296,79.43%,
Single,AR_EC_VF_yshaarj_nzoth_yogg_4013576127119341_IN_IV_ME,33295,79.42%,
Single,VW_DH_VW_VF_nzoth_yogg_cthun_3132791220141551_IN_AM_ME,33295,79.42%,
Single,AR_SP_VF_nzoth_yogg_cthun_3150313470943213_IN_AM_ME,33294,79.42%,
Single,AR_SW_VF_yshaarj_nzoth_yogg_4013438688681965_IN_AM_DR,33294,79.41%,
Single,VW_DH_TV_VF_nzoth_yogg_cthun_3132797662584319_IN_AM_ME,33293,79.41%,
Single,VW_DH_TV_VF_nzoth_yogg_cthun_3132807326269421_IN_AM_DR_DS,33293,79.41%,
Single,AR_SW_VF_yshaarj_nzoth_yogg_4013438688165359_IN_IV_ME,33291,79.40%,
Single,VW_DH_VW_VF_nzoth_yogg_cthun_3132797662593005_Mis_IV_DR,33291,79.40%,
Single,VW_DH_TV_VF_nzoth_yogg_cthun_3133363524525551_IN_IV_DR_DS,33289,79.39%,
Single,VW_DH_VW_VF_yshaarj_nzoth_yogg_3979697567620591_Mis_IV_DR,33289,79.39%,
Single,VW_DH_TV_VF_yshaarj_nzoth_yogg_4049522998960109_IN_AM_ME_DS,33289,79.39%,
Single,VW_DH_VW_VF_nzoth_yogg_cthun_3150262073352173_IN_AM_ME_DS,33289,79.39%,
Single,VW_DH_VW_VF_nzoth_yogg_cthun_3132935101538285_Mis_IV_ME,33289,79.39%,
Single,AR_SW_VF_nzoth_yogg_cthun_3132996162805231_IN_IV_DR,33289,79.38%,
Single,AR_SW_VF_yshaarj_nzoth_yogg_4013302323470317_IN_IV_DR,33288,79.38%,
Single,AR_SW_VF_yshaarj_nzoth_yogg_4013302390054383_IN_IV_DR,33288,79.38%,
Single,VW_DH_VW_VF_nzoth_yogg_cthun_3132927652453871_IN_AM_ME,33287,79.38%,
Single,VW_DH_VW_VF_nzoth_yogg_cthun_3150534803774959_IN_AM_ME_DS,33287,79.38%,
Single,AR_EC_VF_nzoth_yogg_cthun_3169151196987373_IN_AM_DR,33286,79.37%,
Single,AR_EC_VF_yshaarj_nzoth_yogg_4013301584748525_IN_AM_ME,33284,79.36%,
Single,VW_DH_TV_VF_yshaarj_nzoth_yogg_4049515482242543_Mis_IV_ME,33284,79.36%,
Single,AR_SW_VF_yshaarj_nzoth_yogg_4013301249736685_IN_IV_DR,33283,79.36%,
Single,VW_DH_TV_VF_yshaarj_nzoth_yogg_4049523065544175_IN_AM_ME_DS,33281,79.34%,
Single,VW_DH_TV_VF_yshaarj_nzoth_yogg_3977651015704047_IN_AM_ME_DS,33280,79.34%,
Single,VW_DH_VW_VF_yshaarj_nzoth_yogg_4049516555984367_Mis_IV_DR,33280,79.34%,
Single,VW_DH_TV_VF_nzoth_yogg_cthun_3132814842453487_IN_AM_DR_DS,33279,79.34%,
Single,AR_SP_VF_nzoth_yogg_cthun_3132858790960623_IN_IV_DR,33279,79.33%,
Single,AR_SW_VF_nzoth_yogg_cthun_3132867313270765_IN_IV_ME,33279,79.33%,
Single,AR_SW_VF_yshaarj_nzoth_yogg_4013851005542381_IN_IV_DR,33279,79.33%,
Single,VW_DH_TV_VF_nzoth_yogg_cthun_3150519771389933_Mis_IV_ME,33279,79.33%,
Single,VW_DH_TV_VF_nzoth_yogg_cthun_3132951207665135_IN_AM_DR_DS,33278,79.33%,
Single,AR_SP_VF_nzoth_yogg_cthun_3150313470427117_Mis_IV_ME,33278,79.33%,
Single,AR_SP_VF_yshaarj_nzoth_yogg_4013851005542381_IN_IV_DR,33276,79.32%,
Single,VW_DH_VW_VF_yshaarj_nzoth_yogg_4049531588369903_Mis_IV_ME_DS,33276,79.32%,
Single,VW_DH_TV_VF_nzoth_yogg_cthun_3135004269141487_IN_AM_ME_DS,33275,79.31%,
Single,AR_SW_VF_nzoth_yogg_cthun_3150313470943213_IN_AM_ME,33275,79.31%,
Single,AR_EC_VF_yshaarj_nzoth_yogg_4014409417875437_IN_IV_DR_DS,33274,79.31%,
Single,AR_SP_VF_yshaarj_nzoth_yogg_4013576127119341_IN_IV_ME,33274,79.31%,
Single,AR_EC_VF_nzoth_yogg_cthun_3132996162289135_IN_IV_DR,33274,79.31%,
Single,VW_DH_TV_VF_nzoth_yogg_cthun_3150244894006767_IN_AM_ME,33270,79.29%,
Single,AR_SW_VF_yshaarj_nzoth_yogg_4013851072126957_IN_IV_ME,33269,79.28%,
Single,VW_DH_VW_VF_nzoth_yogg_cthun_3132807393369583_IN_IV_ME_DS,33269,79.28%,
Single,VW_DH_VW_VF_nzoth_yogg_cthun_3132807326269421_IN_AM_DR_DS,33269,79.28%,
Single,VW_DH_VW_VF_nzoth_yogg_cthun_3132815916195821_IN_AM_DR_DS,33269,79.28%,
Single,VW_DH_VW_VF_yshaarj_nzoth_yogg_3977772348530159_Mis_IV_ME,33268,79.28%,
Single,AR_EC_VF_nzoth_yogg_cthun_3150313470942703_IN_AM_DR,33268,79.28%,
Single,AR_EC_VF_nzoth_yogg_cthun_3132858790960623_IN_IV_ME,33268,79.27%,
Single,VW_DH_VW_VF_nzoth_yogg_cthun_3132791220133375_IN_AM_DR,33267,79.27%,
Single,VW_DH_VW_VF_nzoth_yogg_cthun_3132927585345023_IN_AM_DR,33267,79.27%,
Single,VW_DH_VW_VF_nzoth_yogg_cthun_3132936175279599_IN_AM_ME,33267,79.27%,
Single,VW_DH_TV_VF_nzoth_yogg_cthun_3150534803774959_IN_AM_ME_DS,33266,79.27%,
Single,VW_DH_VW_VF_nzoth_yogg_cthun_3150243886849519_Mis_IV_ME,33266,79.27%,
Single,VW_DH_TV_VF_nzoth_yogg_cthun_3150243886849519_Mis_IV_ME,33266,79.26%,
Single,AR_SW_VF_nzoth_yogg_cthun_3132859864178669_IN_AM_DR,33264,79.25%,
Single,AR_EC_VF_yshaarj_nzoth_yogg_4013438688157183_IN_IV_DR,33264,79.25%,
Single,AR_SP_VF_yshaarj_nzoth_yogg_4013301584748015_Mis_IV_DR,33264,79.25%,
Single,AR_SW_VF_nzoth_yogg_cthun_3132867380370927_IN_IV_ME,33262,79.24%,
Single,AR_EC_VF_yshaarj_nzoth_yogg_4013310174683117_IN_IV_DR_DS,33261,79.24%,
Single,AR_SW_VF_nzoth_yogg_cthun_3150313537527789_Mis_AM_DR,33260,79.23%,
Single,VW_DH_TV_VF_nzoth_yogg_cthun_3132813768711679_IN_IV_DR_DS,33260,79.23%,
Single,VW_DH_TV_VF_yshaarj_nzoth_yogg_4049797876342255_IN_AM_ME_DS,33260,79.23%,
Single,VW_DH_VW_VF_yshaarj_nzoth_yogg_3977499618107373_Mis_IV_ME,33258,79.22%,
Single,AR_SP_VF_nzoth_yogg_cthun_3132875970306029_IN_IV_ME_DS,33258,79.22%,
Single,VW_DH_TV_VF_nzoth_yogg_cthun_3132935101538285_Mis_IV_ME,33257,79.21%,
Single,AR_SP_VF_yshaarj_nzoth_yogg_4013851072126957_IN_IV_ME,33256,79.21%,
Single,AR_SP_VF_yshaarj_nzoth_yogg_4013438688157183_IN_IV_DR,33256,79.21%,
Single,VW_DH_TV_VF_nzoth_yogg_cthun_3150243820265453_Mis_IV_DR,33256,79.21%,
Single,AR_SW_VF_nzoth_yogg_cthun_3169151264088045_IN_AM_ME,33255,79.20%,
Single,VW_DH_TV_VF_nzoth_yogg_cthun_3150243819749357_Mis_AM_DR,33255,79.20%,
Single,VW_DH_TV_VF_nzoth_yogg_cthun_3150243819740671_Mis_IV_DR,33254,79.20%,
Single,AR_SP_VF_yshaarj_nzoth_yogg_4014400761355759_IN_IV_ME,33254,79.20%,
Single,VW_DH_TV_VF_nzoth_yogg_cthun_3135012791967215_IN_AM_ME_DS,33252,79.19%,
Single,AR_SP_VF_yshaarj_nzoth_yogg_4013438688681965_Mis_IV_ME,33252,79.19%,
Single,VW_DH_VW_VF_yshaarj_nzoth_yogg_3977635983319021_Mis_IV_ME,33252,79.19%,
Single,AR_SW_VF_nzoth_yogg_cthun_3169151197502959_IN_IV_DR,33251,79.19%,
Single,VW_DH_TV_VF_nzoth_yogg_cthun_3150244893482495_IN_AM_ME,33251,79.18%,
Single,AR_SW_VF_yshaarj_nzoth_yogg_4013301316320751_IN_IV_DR,33251,79.18%,
Single,AR_EC_VF_nzoth_yogg_cthun_3132858723860461_IN_IV_DR,33250,79.18%,
Single,VW_DH_TV_VF_nzoth_yogg_cthun_3132813769235951_IN_IV_ME_DS,33250,79.18%,
Single,AR_EC_VF_yshaarj_nzoth_yogg_4013851072126957_IN_AM_DR,33249,79.17%,
Single,VW_DH_TV_VF_yshaarj_nzoth_yogg_3977498544373741_IN_AM_ME,33249,79.17%,
Single,VW_DH_TV_VF_yshaarj_nzoth_yogg_3977788454657519_IN_AM_DR_DS,33248,79.17%,
Single,AR_EC_VF_nzoth_yogg_cthun_3132996162805231_IN_IV_DR,33248,79.16%,
Single,AR_EC_VF_nzoth_yogg_cthun_3132859058872301_Mis_IV_ME,33247,79.16%,
Single,AR_SP_VF_nzoth_yogg_cthun_3150313470427117_IN_AM_DR,33247,79.16%,
Single,AR_EC_VF_nzoth_yogg_cthun_3132996162289135_IN_IV_ME,33247,79.16%,
Single,VW_DH_VW_VF_yshaarj_nzoth_yogg_3977514650492909_Mis_IV_ME_DS,33247,79.16%,
Single,AR_SW_VF_yshaarj_nzoth_yogg_4014400827940845_Mis_IV_ME,33247,79.16%,
Single,VW_DH_VW_VF_yshaarj_nzoth_yogg_4049516555984877_Mis_AM_DR,33246,79.16%,
Single,AR_SP_VF_nzoth_yogg_cthun_3132867380371437_IN_AM_DR,33246,79.16%,
Single,VW_DH_TV_VF_nzoth_yogg_cthun_3132806253043693_IN_AM_DR_DS,33245,79.15%,
Single,AR_SP_VF_nzoth_yogg_cthun_3169151264087535_IN_IV_ME,33245,79.15%,
Single,VW_DH_TV_VF_nzoth_yogg_cthun_3132798736850925_IN_AM_ME,33244,79.15%,
Single,AR_EC_VF_yshaarj_nzoth_yogg_4013301316837357_IN_AM_DR,33244,79.14%,
Single,AR_SP_VF_nzoth_yogg_cthun_3150313537527789_Mis_AM_ME,33243,79.14%,
Single,VW_DH_VW_VF_nzoth_yogg_cthun_3132814842453487_IN_AM_DR_DS,33243,79.14%,
Single,VW_DH_VW_VF_nzoth_yogg_cthun_3132806319627759_IN_AM_DR_DS,33242,79.13%,
Single,AR_SW_VF_nzoth_yogg_cthun_3132859797593583_IN_IV_DR,33242,79.13%,
Single,VW_DH_VW_VF_nzoth_yogg_cthun_3135004269141487_IN_AM_ME_DS,33241,79.13%,
Single,VW_DH_TV_VF_nzoth_yogg_cthun_3150259926392303_IN_AM_DR_DS,33241,79.13%,
Single,AR_EC_VF_yshaarj_nzoth_yogg_4013438688165359_IN_IV_ME,33241,79.13%,
Single,VW_DH_TV_VF_nzoth_yogg_cthun_3150245967224813_Mis_IV_ME,33240,79.13%,
Single,VW_DH_VW_VF_nzoth_yogg_cthun_3150244893491181_Mis_IV_ME,33240,79.13%,
Single,VW_DH_TV_VF_nzoth_yogg_cthun_3150259926392813_IN_AM_ME_DS,33239,79.12%,
Single,AR_SW_VF_yshaarj_nzoth_yogg_4013438688165869_IN_AM_DR,33238,79.11%,
Single,AR_EC_VF_yshaarj_nzoth_yogg_4013302322954221_IN_IV_ME,33237,79.11%,
Single,VW_DH_VW_VF_nzoth_yogg_cthun_3132942617739245_IN_AM_ME_DS,33237,79.11%,
Single,AR_EC_VF_yshaarj_nzoth_yogg_4013301316837357_Mis_IV_DR,33237,79.11%,
Single,VW_DH_TV_VF_nzoth_yogg_cthun_3150244893491181_Mis_IV_DR,33237,79.10%,
Single,AR_SP_VF_nzoth_yogg_cthun_3169159787438061_IN_IV_DR_DS,33236,79.10%,
Single,AR_SP_VF_yshaarj_nzoth_yogg_4013301316320751_IN_IV_DR,33236,79.10%,
Single,AR_EC_VF_nzoth_yogg_cthun_3132859797593583_IN_IV_ME,33235,79.09%,
Single,AR_EC_VF_nzoth_yogg_cthun_3132867380370927_IN_IV_ME,33234,79.09%,
Single,AR_EC_VF_nzoth_yogg_cthun_3132859864178159_IN_IV_DR,33234,79.09%,
Single,AR_EC_VF_nzoth_yogg_cthun_3169159786921965_IN_IV_DR_DS,33234,79.09%,
Single,VW_DH_TV_VF_nzoth_yogg_cthun_3133363524526061_IN_AM_DR_DS,33234,79.09%,
Single,AR_SP_VF_yshaarj_nzoth_yogg_4013447345201133_IN_IV_ME_DS,33233,79.09%,
Single,VW_DH_VW_VF_nzoth_yogg_cthun_3132858932977135_Mis_AM_ME,33233,79.08%,
Single,AR_SW_VF_yshaarj_nzoth_yogg_4013438755266031_Mis_IV_ME,33232,79.08%,
Single,AR_EC_VF_yshaarj_nzoth_yogg_4013576194220013_Mis_AM_DR,33231,79.08%,
Single,VW_DH_TV_VF_nzoth_yogg_cthun_3132942618255341_IN_AM_ME_DS,33231,79.07%,
Single,VW_DH_VW_VF_nzoth_yogg_cthun_3150244893491181_Mis_IV_DR,33230,79.07%,
Single,AR_EC_VF_nzoth_yogg_cthun_3169151197502959_IN_IV_DR,33229,79.07%,
Single,VW_DH_TV_VF_nzoth_yogg_cthun_3152458949124077_Mis_IV_ME_DS,33229,79.06%,
Single,VW_DH_VW_VF_yshaarj_nzoth_yogg_3979712600006127_Mis_IV_ME_DS,33228,79.06%,
Single,VW_DH_VW_VF_yshaarj_nzoth_yogg_3977773422272493_Mis_IV_DR,33227,79.05%,
Single,VW_DH_TV_VF_nzoth_yogg_cthun_3150518697647599_Mis_IV_DR,33226,79.05%,
Single,VW_DH_TV_VF_nzoth_yogg_cthun_3132927585353199_IN_AM_ME,33225,79.04%,
Single,AR_SP_VF_nzoth_yogg_cthun_3132875970306029_IN_IV_DR_DS,33224,79.04%,
Single,AR_SW_VF_nzoth_yogg_cthun_3132858790960623_IN_IV_DR,33224,79.04%,
Single,AR_SW_VF_yshaarj_nzoth_yogg_3977567188410349_IN_IV_DR,33224,79.04%,
Single,VW_DH_VW_VF_yshaarj_nzoth_yogg_3977772348530669_Mis_AM_ME,33223,79.03%,
Single,VW_DH_VW_VF_yshaarj_nzoth_yogg_4049660437389293_Mis_IV_ME_DS,33221,79.02%,
Single,AR_EC_VF_yshaarj_nzoth_yogg_3977567121309677_IN_IV_DR,33221,79.02%,
Single,VW_DH_TV_VF_nzoth_yogg_cthun_3150243819748847_Mis_IV_ME,33221,79.02%,
Single,VW_DH_VW_VF_nzoth_yogg_cthun_3135012791967215_IN_AM_ME_DS,33220,79.02%,
Single,VW_DH_TV_VF_yshaarj_nzoth_yogg_3977513576758767_IN_AM_DR_DS,33220,79.02%,
Single,AR_SP_VF_nzoth_yogg_cthun_3150313470942703_IN_AM_DR,33220,79.02%,
Single,AR_SW_VF_yshaarj_nzoth_yogg_4013438688681965_Mis_IV_ME,33220,79.01%,
Single,VW_DH_VW_VF_nzoth_yogg_cthun_3132813769235951_IN_IV_DR_DS,33219,79.01%,
Single,VW_DH_VW_VF_nzoth_yogg_cthun_3132876045737455_Mis_IV_ME_DS,33219,79.01%,
Single,AR_EC_VF_yshaarj_nzoth_yogg_4013438688681455_IN_IV_ME,33219,79.01%,
Single,AR_SW_VF_nzoth_yogg_cthun_3150313470427117_Mis_IV_ME,33218,79.00%,
Single,VW_DH_VW_VF_yshaarj_nzoth_yogg_3977497470631917_Mis_AM_DR,33217,79.00%,
Single,AR_SP_VF_nzoth_yogg_cthun_3132858723860461_IN_IV_ME,33216,79.00%,
Single,AR_EC_VF_yshaarj_nzoth_yogg_4013576127635437_Mis_IV_DR,33216,78.99%,
Single,AR_SW_VF_yshaarj_nzoth_yogg_4014409417875437_IN_IV_DR_DS,33215,78.99%,
Single,AR_SW_VF_nzoth_yogg_cthun_3132867380371437_IN_AM_DR,33214,78.98%,
Single,AR_SW_VF_yshaarj_nzoth_yogg_4013301584748015_Mis_IV_DR,33214,78.98%,
Single,VW_DH_TV_VF_nzoth_yogg_cthun_3132797663108591_IN_AM_ME,33213,78.98%,
Single,AR_SW_VF_nzoth_yogg_cthun_3150313470427117_Mis_IV_DR,33212,78.97%,
Single,AR_EC_VF_nzoth_yogg_cthun_3169151197503469_Mis_IV_DR,33212,78.97%,
Single,VW_DH_VW_VF_nzoth_yogg_cthun_3150244960591853_Mis_IV_DR,33211,78.97%,
Single,AR_EC_VF_yshaarj_nzoth_yogg_4013851072126447_IN_IV_DR,33211,78.97%,
Single,VW_DH_VW_VF_nzoth_yogg_cthun_3150259926392813_IN_AM_ME_DS,33209,78.95%,
Single,AR_SW_VF_nzoth_yogg_cthun_3132859864178669_Mis_IV_DR,33208,78.95%,
Single,AR_SW_VF_yshaarj_nzoth_yogg_4013851005026285_IN_IV_DR,33208,78.95%,
Single,AR_EC_VF_nzoth_yogg_cthun_3132859864178159_IN_IV_ME,33208,78.95%,
Single,VW_DH_TV_VF_yshaarj_nzoth_yogg_3977498544373231_IN_AM_DR,33207,78.95%,
Single,AR_EC_VF_yshaarj_nzoth_yogg_4013576194219503_IN_IV_ME,33205,78.94%,
Single,AR_EC_VF_yshaarj_nzoth_yogg_4014400760839663_IN_IV_ME,33205,78.93%,
Single,VW_DH_VW_VF_nzoth_yogg_cthun_3132926511611885_Mis_IV_ME,33202,78.92%,
Single,AR_SW_VF_nzoth_yogg_cthun_3132859797594093_IN_AM_DR,33202,78.92%,
Single,VW_DH_TV_VF_nzoth_yogg_cthun_3150253483417581_Mis_IV_DR,33202,78.92%,
Single,VW_DH_TV_VF_nzoth_yogg_cthun_3132867455802863_Mis_AM_ME,33202,78.92%,
Single,VW_DH_VW_VF_nzoth_yogg_cthun_3132813768711679_IN_IV_DR_DS,33201,78.91%,
Single,VW_DH_VW_VF_nzoth_yogg_cthun_3150243819740671_Mis_IV_DR,33200,78.91%,
Single,VW_DH_TV_VF_nzoth_yogg_cthun_3150262073351663_IN_AM_ME_DS,33199,78.90%,
Single,VW_DH_VW_VF_yshaarj_nzoth_yogg_4049516555984367_Mis_IV_ME,33199,78.90%,
Single,VW_DH_VW_VF_nzoth_yogg_cthun_3132813835821037_IN_AM_ME_DS,33197,78.89%,
Single,VW_DH_VW_VF_yshaarj_nzoth_yogg_4049531588369903_Mis_IV_DR_DS,33197,78.89%,
Single,AR_SP_VF_yshaarj_nzoth_yogg_4013438688165359_IN_IV_DR,33196,78.89%,
Single,AR_SP_VF_nzoth_yogg_cthun_3169151197503469_Mis_IV_ME,33196,78.89%,
Single,VW_DH_TV_VF_yshaarj_nzoth_yogg_4049522998959599_IN_AM_DR_DS,33196,78.89%,
Single,VW_DH_VW_VF_yshaarj_nzoth_cthun_3696297371819503_Mis_AM_DR,33196,78.89%,
Single,VW_DH_TV_VF_yshaarj_nzoth_yogg_3977498544889837_IN_AM_ME,33195,78.88%,
Single,VW_DH_VW_VF_nzoth_yogg_cthun_3132798736850925_IN_AM_ME,33195,78.88%,
Single,AR_SW_VF_nzoth_yogg_cthun_3169151196987373_Mis_IV_DR,33195,78.88%,
Single,VW_DH_TV_VF_nzoth_yogg_cthun_3132876045737965_Mis_AM_DR_DS,33195,78.88%,
Single,AR_SW_VF_nzoth_yogg_cthun_3132875970306029_IN_IV_DR_DS,33194,78.88%,
Single,VW_DH_TV_VF_nzoth_yogg_cthun_3132876045737455_Mis_IV_ME_DS,33194,78.88%,
Single,AR_SP_VF_nzoth_yogg_cthun_3150313470427117_IN_AM_ME,33193,78.87%,
Single,VW_DH_VW_VF_nzoth_yogg_cthun_3150245967224813_Mis_IV_ME,33193,78.87%,
Single,AR_SW_VF_nzoth_yogg_cthun_3132859797594093_IN_AM_ME,33193,78.87%,
Single,VW_DH_VW_VF_yshaarj_nzoth_yogg_3977635983318511_Mis_IV_DR,33191,78.86%,
Single,VW_DH_VW_VF_nzoth_yogg_cthun_3132858865876463_Mis_AM_DR,33190,78.86%,
Single,VW_DH_TV_VF_nzoth_yogg_cthun_3150243886850029_Mis_AM_DR,33190,78.86%,
Single,VW_DH_VW_VF_nzoth_yogg_cthun_3150518697648109_Mis_AM_DR,33190,78.85%,
Single,AR_SP_VF_nzoth_yogg_cthun_3132867380370927_IN_IV_DR,33190,78.85%,
Single,AR_SP_VF_nzoth_yogg_cthun_3132859864178669_IN_AM_ME,33189,78.85%,
Single,VW_DH_VW_VF_nzoth_yogg_cthun_3132942684839407_IN_AM_DR_DS,33188,78.84%,
Single,AR_SW_VF_yshaarj_nzoth_yogg_4013576127635437_Mis_IV_DR,33188,78.84%,
Single,VW_DH_VW_VF_nzoth_yogg_cthun_3132791220133375_IN_AM_ME,33185,78.83%,
Single,AR_EC_VF_yshaarj_nzoth_yogg_4013302323469807_IN_IV_DR,33184,78.82%,
Single,AR_SP_VF_yshaarj_nzoth_yogg_4013851005026285_IN_IV_DR,33184,78.82%,
Single,VW_DH_VW_VF_yshaarj_nzoth_yogg_4049515482242543_Mis_AM_ME,33184,78.82%,
Single,VW_DH_VW_VF_nzoth_yogg_cthun_3150243819748847_Mis_IV_ME,33184,78.82%,
Single,VW_DH_VW_VF_nzoth_yogg_cthun_3132926512127981_Mis_IV_DR,33183,78.82%,
Single,AR_SW_VF_nzoth_yogg_cthun_3132859864178669_IN_AM_ME,33183,78.81%,
Single,VW_DH_VW_VF_nzoth_yogg_cthun_3132813768720365_IN_AM_ME_DS,33183,78.81%,
Single,AR_SW_VF_yshaarj_nzoth_yogg_4013576194219503_IN_IV_DR,33182,78.81%,
Single,AR_EC_VF_nzoth_yogg_cthun_3150313537527279_Mis_AM_DR,33182,78.81%,
Single,AR_SW_VF_nzoth_yogg_cthun_3132858790961133_IN_AM_ME,33182,78.81%,
Single,AR_SW_VF_nzoth_yogg_cthun_3132996162289645_IN_AM_DR,33182,78.81%,
Single,AR_SP_VF_nzoth_yogg_cthun_3132996162805741_IN_AM_DR,33182,78.81%,
Single,VW_DH_VW_VF_nzoth_yogg_cthun_3150243819749357_Mis_AM_DR,33181,78.81%,
Single,VW_DH_VW_VF_nzoth_yogg_cthun_3150253483417581_Mis_IV_ME,33181,78.80%,
Single,AR_SP_VF_yshaarj_nzoth_yogg_4013438688681455_Mis_IV_DR,33181,78.80%,
Single,AR_SW_VF_yshaarj_nzoth_yogg_4013302390054893_Mis_IV_DR,33181,78.80%,
Single,AR_SW_VF_nzoth_yogg_cthun_3132996162805741_IN_AM_ME,33180,78.80%,
Single,AR_SW_VF_nzoth_yogg_cthun_3132996162805741_Mis_IV_ME,33180,78.80%,
Single,VW_DH_VW_VF_nzoth_yogg_cthun_3150259926392303_IN_AM_DR_DS,33180,78.80%,
Single,VW_DH_VW_VF_yshaarj_nzoth_yogg_3977498611474413_Mis_IV_DR,33179,78.80%,
Single,AR_EC_VF_nzoth_yogg_cthun_3169159787438061_IN_IV_DR_DS,33179,78.79%,
Single,VW_DH_VW_VF_nzoth_yogg_cthun_3150519771389933_Mis_IV_DR,33179,78.79%,
Single,VW_DH_VW_VF_yshaarj_nzoth_yogg_3979696493878767_Mis_AM_DR,33176,78.78%,
Single,AR_EC_VF_yshaarj_nzoth_yogg_4013301584748015_Mis_IV_ME,33173,78.76%,
Single,VW_DH_VW_VF_nzoth_yogg_cthun_3132813769236461_IN_AM_DR_DS,33172,78.76%,
Single,VW_DH_VW_VF_yshaarj_nzoth_yogg_3979697567620591_Mis_IV_ME,33172,78.75%,
Single,AR_SW_VF_nzoth_yogg_cthun_3169151197503469_Mis_IV_ME,33171,78.75%,
Single,AR_EC_VF_nzoth_yogg_cthun_3132996229389807_IN_AM_DR,33171,78.75%,
Single,AR_EC_VF_nzoth_yogg_cthun_3150313470942703_IN_AM_ME,33170,78.75%,
Single,VW_DH_TV_VF_yshaarj_nzoth_yogg_3977634909577197_Mis_IV_DR,33169,78.74%,
Single,VW_DH_TV_VF_nzoth_yogg_cthun_3132936175279599_IN_AM_ME,33169,78.74%,
Single,VW_DH_VW_VF_nzoth_yogg_cthun_3132876045737965_Mis_AM_ME_DS,33169,78.74%,
Single,VW_DH_TV_VF_nzoth_yogg_cthun_3132928659087341_Mis_IV_ME,33169,78.74%,
Single,VW_DH_VW_VF_yshaarj_nzoth_yogg_3977651015704047_Mis_IV_DR_DS,33168,78.74%,
Single,VW_DH_TV_VF_nzoth_yogg_cthun_3132798803434991_IN_AM_DR,33168,78.73%,
Single,VW_DH_VW_VF_yshaarj_nzoth_yogg_4049524072177645_Mis_IV_DR_DS,33167,78.73%,
Single,AR_SW_VF_nzoth_yogg_cthun_3169159854022637_IN_AM_DR_DS,33167,78.73%,
Single,AR_EC_VF_yshaarj_nzoth_yogg_4014409417875437_IN_IV_ME_DS,33166,78.73%,
Single,VW_DH_TV_VF_yshaarj_nzoth_yogg_3977498611473903_IN_AM_ME,33166,78.72%,
Single,VW_DH_TV_VF_nzoth_yogg_cthun_3132797662593005_Mis_IV_DR,33166,78.72%,
Single,VW_DH_TV_VF_yshaarj_nzoth_yogg_4049515482243053_Mis_AM_DR,33165,78.72%,
Single,VW_DH_TV_VF_nzoth_yogg_cthun_3132858865876463_Mis_AM_DR,33165,78.72%,
Single,AR_EC_VF_yshaarj_nzoth_yogg_4013318496182253_IN_IV_ME_DS,33165,78.72%,
Single,AR_EC_VF_yshaarj_nzoth_yogg_4014400761356269_Mis_IV_DR,33165,78.72%,
Single,VW_DH_TV_VF_nzoth_yogg_cthun_3132791220133375_IN_AM_DR,33164,78.71%,
Single,AR_SP_VF_yshaarj_nzoth_yogg_4013301316837357_Mis_IV_DR,33164,78.71%,
Single,VW_DH_VW_VF_yshaarj_nzoth_yogg_3977498544373741_Mis_IV_DR,33164,78.71%,
Single,VW_DH_VW_VF_nzoth_yogg_cthun_3205372946210797_Mis_IV_ME_DS,33163,78.71%,
Single,VW_DH_VW_VF_nzoth_yogg_cthun_3150519771389933_Mis_IV_ME,33163,78.71%,
Single,AR_EC_VF_nzoth_yogg_cthun_3132867380371437_IN_AM_ME,33163,78.71%,
Single,AR_EC_VF_nzoth_yogg_cthun_3169151264088045_Mis_AM_ME,33163,78.71%,
Single,AR_EC_VF_yshaarj_nzoth_yogg_4013438688165869_IN_AM_DR,33162,78.70%,
Single,AR_SW_VF_nzoth_yogg_cthun_3150313537527789_Mis_AM_ME,33162,78.70%,
Single,AR_SW_VF_yshaarj_nzoth_yogg_4013301316321261_IN_IV_ME,33162,78.70%,
Single,AR_SP_VF_yshaarj_nzoth_yogg_3977567121825773_IN_IV_ME,33162,78.70%,
Single,VW_DH_TV_VF_nzoth_yogg_cthun_3135004202040815_IN_AM_ME_DS,33161,78.70%,
Single,AR_SW_VF_yshaarj_nzoth_yogg_4013301316836847_IN_IV_DR,33161,78.70%,
Single,AR_SP_VF_nzoth_yogg_cthun_3169151197503469_IN_AM_DR,33161,78.70%,
Single,VW_DH_VW_VF_nzoth_yogg_cthun_3132951207665135_IN_AM_DR_DS,33160,78.69%,
Single,VW_DH_TV_VF_nzoth_yogg_cthun_3150252409675247_Mis_IV_ME,33160,78.69%,
Single,VW_DH_VW_VF_nzoth_yogg_cthun_3132927585353199_IN_AM_ME,33159,78.69%,
Single,VW_DH_VW_VF_nzoth_yogg_cthun_3132798803434991_IN_AM_ME,33159,78.69%,
Single,AR_EC_VF_nzoth_yogg_cthun_3132867380371437_IN_AM_DR,33158,78.68%,
Single,AR_SW_VF_yshaarj_nzoth_yogg_4013438688165869_Mis_IV_DR,33158,78.68%,
Single,VW_DH_TV_VF_yshaarj_nzoth_yogg_3977773422271983_IN_AM_ME,33157,78.68%,
Single,VW_DH_VW_VF_nzoth_yogg_cthun_3132798736334319_IN_AM_DR,33157,78.67%,
Single,VW_DH_TV_VF_nzoth_yogg_cthun_3132806319627759_IN_AM_ME_DS,33157,78.67%,
Single,VW_DH_VW_VF_nzoth_yogg_cthun_3132813768711679_IN_IV_ME_DS,33156,78.67%,
Single,AR_SP_VF_nzoth_yogg_cthun_3169151196986863_IN_IV_DR,33156,78.67%,
Single,AR_SP_VF_yshaarj_nzoth_yogg_4014400760839663_IN_IV_ME,33155,78.67%,
Single,AR_EC_VF_nzoth_yogg_cthun_3132859797594093_IN_AM_ME,33155,78.67%,
Single,AR_SW_VF_nzoth_yogg_cthun_3132859058872301_Mis_IV_ME,33155,78.67%,
Single,VW_DH_TV_VF_yshaarj_nzoth_yogg_3977515724234733_IN_AM_DR_DS,33154,78.66%,
Single,AR_EC_VF_yshaarj_nzoth_yogg_4013851005542381_IN_IV_ME,33154,78.66%,
Single,VW_DH_TV_VF_nzoth_yogg_cthun_3135004202032639_IN_AM_DR_DS,33153,78.66%,
Single,AR_SP_VF_yshaarj_nzoth_yogg_4013576127634927_IN_IV_DR,33153,78.65%,
Single,AR_EC_VF_yshaarj_nzoth_yogg_4013438688681455_IN_AM_DR,33153,78.65%,
Single,VW_DH_TV_VF_nzoth_yogg_cthun_3150519771389933_Mis_IV_DR,33152,78.65%,
Single,AR_SP_VF_nzoth_yogg_cthun_3169159854022637_Mis_IV_DR_DS,33150,78.64%,
Single,VW_DH_TV_VF_nzoth_yogg_cthun_3132791220133375_IN_AM_ME,33150,78.64%,
Single,AR_SW_VF_nzoth_yogg_cthun_3132875970306029_IN_IV_ME_DS,33150,78.64%,
Single,AR_EC_VF_nzoth_yogg_cthun_3132875970306029_IN_IV_DR_DS,33150,78.64%,
Single,AR_SW_VF_nzoth_yogg_cthun_3132859797593583_IN_IV_ME,33149,78.63%,
Single,AR_EC_VF_yshaarj_nzoth_yogg_4014400827940335_Mis_IV_DR,33149,78.63%,
Single,AR_SW_VF_nzoth_yogg_cthun_3150313470427117_IN_AM_ME,33148,78.63%,
Single,VW_DH_TV_VF_nzoth_yogg_cthun_3132927585345023_IN_AM_DR,33148,78.63%,
Single,VW_DH_TV_VF_nzoth_yogg_cthun_3132791220657647_IN_AM_ME,33148,78.63%,
Single,AR_SW_VF_yshaarj_nzoth_yogg_4013438688681455_Mis_IV_DR,33148,78.63%,
Single,VW_DH_VW_VF_nzoth_yogg_cthun_3132858866392559_Mis_AM_ME,33147,78.62%,
Single,AR_EC_VF_nzoth_yogg_cthun_3132875970306029_IN_IV_ME_DS,33147,78.62%,
Single,VW_DH_TV_VF_nzoth_yogg_cthun_3135006349516271_IN_AM_DR_DS,33146,78.62%,
Single,AR_EC_VF_nzoth_yogg_cthun_3132996229390317_Mis_AM_DR,33146,78.62%,
Single,VW_DH_VW_VF_nzoth_yogg_cthun_3132806253043693_IN_AM_ME_DS,33144,78.61%,
Single,VW_DH_TV_VF_yshaarj_nzoth_yogg_4049522998435327_IN_AM_DR_DS,33144,78.61%,
Single,AR_SW_VF_yshaarj_nzoth_yogg_4013301584748525_Mis_AM_DR,33144,78.60%,
Single,VW_DH_VW_VF_nzoth_yogg_cthun_3132858865868287_Mis_IV_DR,33143,78.60%,
Single,VW_DH_VW_VF_yshaarj_nzoth_yogg_3977634909576687_Mis_AM_DR,33143,78.60%,
Single,AR_SW_VF_nzoth_yogg_cthun_3169151196987373_IN_AM_DR,33142,78.59%,
Single,VW_DH_TV_VF_nzoth_yogg_cthun_3132815916195821_IN_AM_ME_DS,33141,78.59%,
Single,VW_DH_TV_VF_yshaarj_nzoth_yogg_4049525145918959_IN_AM_ME_DS,33141,78.59%,
Single,VW_DH_VW_VF_nzoth_yogg_cthun_3150259925876207_IN_AM_ME_DS,33139,78.58%,
Single,AR_SW_VF_yshaarj_nzoth_yogg_4013318496182253_IN_IV_DR_DS,33139,78.58%,
Single,AR_EC_VF_nzoth_yogg_cthun_3169159854022637_IN_AM_DR_DS,33138,78.58%,
Single,AR_EC_VF_nzoth_yogg_cthun_3169151264087535_IN_AM_DR,33138,78.57%,
Single,AR_SW_VF_nzoth_yogg_cthun_3169159854022637_Mis_IV_DR_DS,33137,78.57%,
Single,AR_EC_VF_yshaarj_nzoth_yogg_4013447345201133_Mis_IV_DR_DS,33137,78.57%,
Single,AR_SP_VF_nzoth_yogg_cthun_3132858790960623_IN_IV_ME,33137,78.57%,
Single,AR_SP_VF_yshaarj_nzoth_yogg_4013447345201133_Mis_IV_DR_DS,33136,78.56%,
Single,AR_SW_VF_yshaarj_nzoth_yogg_4014400761356269_IN_AM_ME,33136,78.56%,
Single,AR_SW_VF_nzoth_yogg_cthun_3169151196986863_IN_IV_DR,33136,78.56%,
Single,AR_SW_VF_yshaarj_nzoth_yogg_4013438755266541_Mis_AM_ME,33135,78.56%,
Single,AR_EC_VF_yshaarj_nzoth_yogg_4013301249736685_IN_IV_DR,33134,78.55%,
Single,VW_DH_TV_VF_nzoth_yogg_cthun_3132858865868287_Mis_IV_DR,33134,78.55%,
Single,AR_SP_VF_yshaarj_nzoth_yogg_4013310174683117_IN_IV_DR_DS,33133,78.55%,
Single,AR_EC_VF_nzoth_yogg_cthun_3169151197502959_IN_IV_ME,33133,78.55%,
Single,AR_EC_VF_yshaarj_nzoth_yogg_4013318496181743_IN_IV_DR_DS,33133,78.55%,
Single,VW_DH_TV_VF_yshaarj_nzoth_yogg_3979696493879277_Mis_IV_ME,33131,78.54%,
Single,AR_SW_VF_yshaarj_nzoth_yogg_4013438688165359_IN_IV_DR,33131,78.54%,
Single,AR_SW_VF_nzoth_yogg_cthun_3132858790445037_IN_AM_DR,33131,78.54%,
Single,AR_SP_VF_nzoth_yogg_cthun_3169159786921965_IN_IV_DR_DS,33130,78.53%,
Single,AR_EC_VF_yshaarj_nzoth_yogg_4013576127635437_IN_AM_DR,33129,78.53%,
Single,VW_DH_TV_VF_nzoth_yogg_cthun_3150244960591853_Mis_IV_ME,33129,78.52%,
Single,VW_DH_VW_VF_nzoth_yogg_cthun_3132791220657647_IN_AM_DR,33128,78.52%,
Single,AR_SP_VF_nzoth_yogg_cthun_3132859864178669_Mis_IV_ME,33128,78.52%,
Single,VW_DH_TV_VF_yshaarj_nzoth_yogg_4049531588370413_Mis_IV_DR_DS,33127,78.52%,
Single,VW_DH_TV_VF_nzoth_yogg_cthun_3133363524526061_IN_AM_ME_DS,33127,78.51%,
Single,VW_DH_VW_VF_nzoth_yogg_cthun_3150243820264943_Mis_IV_DR,33126,78.51%,
Single,VW_DH_VW_VF_nzoth_yogg_cthun_3134996685840365_Mis_AM_DR,33126,78.51%,
Single,VW_DH_TV_VF_nzoth_yogg_cthun_3132927585869295_IN_AM_DR,33125,78.50%,
Single,VW_DH_TV_VF_nzoth_yogg_cthun_3132926578712047_Mis_IV_DR,33125,78.50%,
Single,VW_DH_VW_VF_yshaarj_nzoth_yogg_3977497537732079_Mis_IV_ME,33124,78.50%,
Single,AR_SP_VF_nzoth_yogg_cthun_3169151197503469_Mis_IV_DR,33124,78.50%,
Single,AR_SP_VF_yshaarj_nzoth_yogg_4013438688165359_IN_IV_ME,33123,78.49%,
Single,AR_EC_VF_nzoth_yogg_cthun_3132859058872301_Mis_IV_DR,33123,78.49%,
Single,AR_SP_VF_yshaarj_nzoth_yogg_4013302390054893_IN_AM_DR,33123,78.49%,
Single,AR_EC_VF_yshaarj_nzoth_yogg_4013302390054383_IN_IV_ME,33122,78.49%,
Single,VW_DH_VW_VF_yshaarj_nzoth_yogg_3979712600006127_Mis_IV_DR_DS,33122,78.49%,
Single,AR_SP_VF_yshaarj_nzoth_yogg_4014400761356269_IN_AM_DR,33122,78.48%,
Single,VW_DH_VW_VF_nzoth_yogg_cthun_3132927585869295_IN_AM_DR,33121,78.48%,
Single,AR_SP_VF_nzoth_yogg_cthun_3132858790444527_IN_IV_ME,33121,78.48%,
Single,AR_EC_VF_yshaarj_nzoth_yogg_4013301316836847_IN_IV_ME,33120,78.48%,
Single,AR_SP_VF_nzoth_yogg_cthun_3132858790961133_IN_AM_ME,33119,78.47%,
Single,VW_DH_TV_VF_nzoth_yogg_cthun_3132806319627759_IN_AM_DR_DS,33118,78.47%,
Single,VW_DH_TV_VF_nzoth_yogg_cthun_3205372946210797_Mis_IV_DR_DS,33118,78.47%,
Single,AR_SP_VF_yshaarj_nzoth_yogg_4013302323469807_IN_IV_DR,33118,78.46%,
Single,AR_SW_VF_yshaarj_nzoth_yogg_3977567188410349_IN_IV_ME,33117,78.46%,
Single,VW_DH_VW_VF_nzoth_yogg_cthun_3132928659087341_Mis_IV_DR,33117,78.46%,
Single,VW_DH_VW_VF_yshaarj_nzoth_cthun_3696313477947373_Mis_AM_DR_DS,33117,78.46%,
Single,AR_SW_VF_nzoth_yogg_cthun_3132996229389807_IN_AM_DR,33117,78.46%,
Single,VW_DH_TV_VF_yshaarj_nzoth_yogg_4049522998443503_IN_AM_ME_DS,33116,78.46%,
Single,AR_EC_VF_nzoth_yogg_cthun_3169159787438061_IN_IV_ME_DS,33116,78.46%,
Single,AR_SP_VF_nzoth_yogg_cthun_3132996162289135_IN_IV_DR,33116,78.46%,
Single,AR_SW_VF_nzoth_yogg_cthun_3132858790961133_IN_AM_DR,33116,78.45%,
Single,VW_DH_VW_VF_nzoth_yogg_cthun_3132814842453487_IN_AM_ME_DS,33116,78.45%,
Single,AR_EC_VF_yshaarj_nzoth_yogg_4013438688681965_IN_AM_ME,33115,78.45%,
Single,VW_DH_VW_VF_yshaarj_nzoth_yogg_3977651015704047_Mis_IV_ME_DS,33115,78.45%,
Single,AR_SP_VF_yshaarj_nzoth_yogg_4014400827940335_Mis_IV_DR,33114,78.45%,
Single,AR_SW_VF_yshaarj_nzoth_yogg_4013310174683117_IN_IV_DR_DS,33114,78.44%,
Single,AR_EC_VF_yshaarj_nzoth_yogg_4013301316321261_Mis_IV_ME,33113,78.44%,
Single,AR_SP_VF_yshaarj_nzoth_yogg_4013576127635437_Mis_IV_DR,33111,78.43%,
Single,AR_SP_VF_nzoth_yogg_cthun_3132996162805741_Mis_IV_ME,33110,78.42%,
Single,AR_SP_VF_yshaarj_nzoth_yogg_4013302322954221_IN_IV_ME,33109,78.42%,
Single,VW_DH_TV_VF_nzoth_yogg_cthun_3132807393370093_IN_AM_DR_DS,33109,78.42%,
Single,AR_EC_VF_yshaarj_nzoth_yogg_4013447345201133_IN_IV_ME_DS,33109,78.41%,
Single,AR_EC_VF_nzoth_yogg_cthun_3132859797077487_IN_IV_DR,33108,78.41%,
Single,AR_SP_VF_nzoth_yogg_cthun_3132867380370927_IN_IV_ME,33108,78.41%,
Single,AR_EC_VF_yshaarj_nzoth_yogg_4013438755266031_IN_AM_ME,33108,78.41%,
Single,AR_SP_VF_nzoth_yogg_cthun_3169151264087535_Mis_IV_DR,33108,78.41%,
Single,AR_SP_VF_yshaarj_nzoth_yogg_4013438755266541_Mis_AM_ME,33107,78.41%,
Single,AR_EC_VF_nzoth_yogg_cthun_3132996162805741_Mis_IV_DR,33107,78.41%,
Single,VW_DH_TV_VF_nzoth_yogg_cthun_3132807326260735_IN_IV_DR_DS,33107,78.40%,
Single,VW_DH_VW_VF_yshaarj_nzoth_yogg_3977497537732589_Mis_AM_DR,33107,78.40%,
Single,AR_EC_VF_nzoth_yogg_cthun_3169159854022127_IN_IV_DR_DS,33105,78.40%,
Single,AR_EC_VF_nzoth_yogg_cthun_3169151196987373_Mis_IV_ME,33105,78.40%,
Single,VW_DH_VW_VF_nzoth_yogg_cthun_3132858932977135_Mis_AM_DR,33103,78.39%,
Single,AR_SW_VF_yshaarj_nzoth_yogg_4013851072126957_Mis_IV_DR,33103,78.38%,
Single,AR_EC_VF_yshaarj_nzoth_yogg_4013438688681965_Mis_AM_DR,33102,78.38%,
Single,AR_SP_VF_nzoth_yogg_cthun_3132858790961133_IN_AM_DR,33101,78.38%,
Single,AR_SP_VF_yshaarj_nzoth_yogg_4013301584748015_Mis_IV_ME,33101,78.37%,
Single,VW_DH_TV_VF_nzoth_yogg_cthun_3132813768720365_IN_AM_ME_DS,33101,78.37%,
Single,AR_SW_VF_yshaarj_nzoth_yogg_4013576127635437_IN_AM_DR,33100,78.37%,
Single,VW_DH_TV_VF_nzoth_yogg_cthun_3150518697647599_Mis_IV_ME,33100,78.37%,
Single,AR_SP_VF_yshaarj_nzoth_yogg_4013301316837357_IN_AM_DR,33100,78.37%,
Single,VW_DH_VW_VF_nzoth_yogg_cthun_3132806319627759_IN_AM_ME_DS,33099,78.36%,
Single,AR_SP_VF_nzoth_yogg_cthun_3132859797593583_IN_IV_DR,33099,78.36%,
Single,VW_DH_VW_VF_nzoth_yogg_cthun_3132798803434991_IN_AM_DR,33098,78.36%,
Single,AR_SP_VF_nzoth_yogg_cthun_3132859058872301_Mis_IV_DR,33098,78.36%,
Single,VW_DH_TV_VF_nzoth_yogg_cthun_3132813769236461_IN_AM_DR_DS,33098,78.36%,
Single,AR_EC_VF_nzoth_yogg_cthun_3132858790961133_IN_AM_ME,33097,78.35%,
Single,AR_EC_VF_yshaarj_nzoth_yogg_4013302323470317_IN_IV_ME,33096,78.35%,
Single,VW_DH_TV_VF_nzoth_yogg_cthun_3150243886850029_Mis_AM_ME,33096,78.35%,
Single,VW_DH_TV_VF_nzoth_yogg_cthun_3135004202556911_IN_AM_DR_DS,33095,78.34%,
Single,VW_DH_TV_VF_nzoth_yogg_cthun_3150243820265453_Mis_IV_ME,33095,78.34%,
Single,VW_DH_VW_VF_nzoth_yogg_cthun_3132813768719855_IN_AM_DR_DS,33094,78.34%,
Single,AR_EC_VF_nzoth_yogg_cthun_3132858790961133_IN_AM_DR,33092,78.33%,
Single,VW_DH_VW_VF_nzoth_yogg_cthun_3132935101537775_Mis_IV_DR,33092,78.32%,
Single,VW_DH_TV_VF_yshaarj_nzoth_yogg_3977515724234733_IN_AM_ME_DS,33091,78.32%,
Single,VW_DH_VW_VF_nzoth_yogg_cthun_3132927585353709_Mis_IV_DR,33091,78.32%,
Single,AR_SW_VF_nzoth_yogg_cthun_3150313537527279_Mis_AM_DR,33090,78.32%,
Single,AR_SW_VF_nzoth_yogg_cthun_3132996162805741_Mis_IV_DR,33089,78.31%,
Single,VW_DH_TV_VF_nzoth_yogg_cthun_3132858932977135_Mis_AM_DR,33089,78.31%,
Single,AR_EC_VF_yshaarj_nzoth_yogg_4013576127635437_Mis_IV_ME,33089,78.31%,
Single,VW_DH_TV_VF_nzoth_yogg_cthun_3150260999610349_Mis_IV_DR_DS,33088,78.30%,
Single,AR_SP_VF_yshaarj_nzoth_yogg_4013447345200623_IN_IV_DR_DS,33088,78.30%,
Single,VW_DH_TV_VF_nzoth_yogg_cthun_3132807326785007_IN_IV_ME_DS,33087,78.30%,
Single,AR_SW_VF_yshaarj_nzoth_yogg_4013576127118831_IN_IV_DR,33087,78.30%,
Single,AR_SP_VF_nzoth_yogg_cthun_3150313470942703_Mis_IV_DR,33087,78.30%,
Single,VW_DH_TV_VF_nzoth_yogg_cthun_3132858932977135_Mis_AM_ME,33086,78.29%,
Single,AR_EC_VF_nzoth_yogg_cthun_3132859797593583_IN_IV_DR,33086,78.29%,
Single,AR_EC_VF_nzoth_yogg_cthun_3132996162805741_Mis_IV_ME,33086,78.29%,
Single,VW_DH_VW_VF_nzoth_yogg_cthun_3132926511611375_Mis_IV_DR,33086,78.29%,
Single,AR_EC_VF_nzoth_yogg_cthun_3132867380370927_IN_IV_DR,33086,78.29%,
Single,AR_SW_VF_yshaarj_nzoth_yogg_4013302390054893_IN_AM_DR,33085,78.29%,
Single,AR_EC_VF_nzoth_yogg_cthun_3150313470942703_Mis_IV_ME,33085,78.29%,
Single,AR_EC_VF_nzoth_yogg_cthun_3132858790444527_IN_IV_DR,33085,78.29%,
Single,AR_EC_VF_nzoth_yogg_cthun_3169151196986863_IN_IV_DR,33085,78.29%,
Single,VW_DH_VW_VF_nzoth_yogg_cthun_3132928659087341_Mis_IV_ME,33084,78.28%,
Single,AR_SP_VF_nzoth_yogg_cthun_3150313470942703_IN_AM_ME,33084,78.28%,
Single,AR_EC_VF_yshaarj_nzoth_yogg_3977567121825773_IN_IV_DR,33084,78.28%,
Single,AR_SP_VF_yshaarj_nzoth_yogg_4014400760839663_IN_IV_DR,33084,78.28%,
Single,AR_SW_VF_nzoth_yogg_cthun_3132875903721453_IN_IV_ME_DS,33083,78.27%,
Single,AR_SW_VF_yshaarj_nzoth_yogg_4013576127635437_Mis_IV_ME,33082,78.27%,
Single,AR_EC_VF_yshaarj_nzoth_yogg_4013576127634927_IN_IV_DR,33082,78.27%,
Single,VW_DH_TV_VF_nzoth_yogg_cthun_3132927585353709_Mis_IV_DR,33082,78.27%,
Single,VW_DH_VW_VF_nzoth_yogg_cthun_3132867455802863_Mis_AM_DR,33081,78.27%,
Single,AR_EC_VF_nzoth_yogg_cthun_3150313537527279_Mis_AM_ME,33081,78.27%,
Single,AR_EC_VF_yshaarj_nzoth_yogg_4013302323470317_IN_AM_DR,33081,78.27%,
Single,VW_DH_VW_VF_nzoth_yogg_cthun_3150243886850029_Mis_AM_ME,33080,78.26%,
Single,VW_DH_VW_VF_yshaarj_nzoth_yogg_3977499618106863_Mis_IV_DR,33079,78.26%,
Single,AR_SP_VF_yshaarj_nzoth_yogg_4013301249736685_IN_IV_ME,33079,78.25%,
Single,VW_DH_VW_VF_nzoth_yogg_cthun_3150518697647599_Mis_IV_ME,33078,78.25%,
Single,AR_EC_VF_yshaarj_nzoth_yogg_4013576194220013_IN_AM_ME,33078,78.25%,
Single,AR_SW_VF_yshaarj_nzoth_yogg_3977567121825773_IN_IV_ME,33078,78.25%,
Single,AR_SW_VF_yshaarj_nzoth_yogg_4013851072126447_IN_IV_DR,33077,78.25%,
Single,VW_DH_VW_VF_nzoth_yogg_cthun_3135006349516271_IN_AM_DR_DS,33077,78.25%,
Single,AR_SP_VF_nzoth_yogg_cthun_3169159854022127_IN_IV_DR_DS,33076,78.24%,
Single,AR_SW_VF_yshaarj_nzoth_yogg_4013301584748015_IN_AM_DR,33076,78.24%,
Single,VW_DH_VW_VF_nzoth_yogg_cthun_3135004202040815_IN_AM_ME_DS,33075,78.23%,
Single,AR_SP_VF_nzoth_yogg_cthun_3169151196987373_Mis_IV_DR,33074,78.23%,
Single,AR_SW_VF_yshaarj_nzoth_yogg_4013851072126957_IN_AM_DR,33074,78.23%,
Single,AR_EC_VF_yshaarj_nzoth_yogg_4013302323470317_Mis_IV_DR,33073,78.22%,
Single,VW_DH_VW_VF_nzoth_yogg_cthun_3132876045737965_Mis_AM_DR_DS,33073,78.22%,
Single,AR_SP_VF_yshaarj_nzoth_yogg_4013301249736685_IN_IV_DR,33072,78.22%,
Single,AR_EC_VF_nzoth_yogg_cthun_3132996229389807_IN_AM_ME,33072,78.22%,
Single,AR_SP_VF_nzoth_yogg_cthun_3132859797077487_IN_IV_ME,33071,78.21%,
Single,VW_DH_TV_VF_yshaarj_nzoth_yogg_3977513577275373_IN_AM_DR_DS,33071,78.21%,
Single,VW_DH_TV_VF_nzoth_yogg_cthun_3132813768711679_IN_IV_ME_DS,33071,78.21%,
Single,AR_EC_VF_yshaarj_nzoth_yogg_4013301584748525_Mis_AM_ME,33070,78.21%,
Single,VW_DH_VW_VF_yshaarj_nzoth_yogg_3979696493878767_Mis_AM_ME,33070,78.20%,
Single,AR_SP_VF_yshaarj_nzoth_yogg_3977567121309677_IN_IV_DR,33069,78.20%,
Single,VW_DH_VW_VF_yshaarj_nzoth_yogg_3977497471148013_Mis_IV_ME,33069,78.20%,
Single,AR_SW_VF_nzoth_yogg_cthun_3132875903721453_IN_IV_DR_DS,33068,78.20%,
Single,VW_DH_VW_VF_nzoth_yogg_cthun_3132867455802863_Mis_AM_ME,33068,78.20%,
Single,AR_SP_VF_yshaarj_nzoth_yogg_4013301584748525_Mis_AM_DR,33068,78.20%,
Single,AR_SW_VF_yshaarj_nzoth_yogg_4013576127119341_IN_AM_DR,33066,78.19%,
Single,VW_DH_TV_VF_nzoth_yogg_cthun_3132806252518911_IN_AM_DR_DS,33066,78.19%,
Single,VW_DH_TV_VF_nzoth_yogg_cthun_3135006349516271_IN_AM_ME_DS,33066,78.18%,
Single,AR_SP_VF_yshaarj_nzoth_yogg_4014409417875437_IN_IV_DR_DS,33065,78.18%,
Single,AR_SW_VF_nzoth_yogg_cthun_3132996229389807_IN_AM_ME,33064,78.18%,
Single,VW_DH_VW_VF_yshaarj_nzoth_yogg_3977498544373741_Mis_IV_ME,33064,78.17%,
Single,AR_SW_VF_yshaarj_nzoth_yogg_4013576194220013_Mis_AM_DR,33063,78.17%,
Single,VW_DH_VW_VF_yshaarj_nzoth_yogg_3979712600006637_Mis_AM_DR_DS,33063,78.17%,
Single,VW_DH_TV_VF_yshaarj_nzoth_yogg_3977513576759277_IN_AM_ME_DS,33063,78.17%,
Single,AR_EC_VF_nzoth_yogg_cthun_3132996162280959_IN_IV_DR,33062,78.16%,
Single,AR_SW_VF_yshaarj_nzoth_yogg_4013438688681455_IN_IV_ME,33062,78.16%,
Single,AR_EC_VF_nzoth_yogg_cthun_3132859864178669_Mis_IV_DR,33062,78.16%,
Single,VW_DH_VW_VF_yshaarj_nzoth_yogg_3977788454658029_Mis_IV_DR_DS,33061,78.16%,
Single,AR_EC_VF_yshaarj_nzoth_yogg_4013302390054383_IN_AM_DR,33061,78.16%,
Single,VW_DH_VW_VF_nzoth_yogg_cthun_3135004202556911_IN_AM_DR_DS,33061,78.16%,
Single,AR_EC_VF_nzoth_yogg_cthun_3132996162289645_IN_AM_ME,33060,78.15%,
Single,VW_DH_VW_VF_nzoth_yogg_cthun_3135004202032639_IN_AM_DR_DS,33060,78.15%,
Single,VW_DH_TV_VF_nzoth_yogg_cthun_3205372946210797_Mis_IV_ME_DS,33060,78.15%,
Single,VW_DH_TV_VF_nzoth_yogg_cthun_3132926511611885_Mis_AM_DR,33059,78.15%,
Single,VW_DH_VW_VF_nzoth_yogg_cthun_3132876045737455_Mis_IV_DR_DS,33059,78.15%,
Single,VW_DH_VW_VF_yshaarj_nzoth_yogg_3977513576759277_Mis_IV_ME_DS,33058,78.14%,
Single,AR_SP_VF_nzoth_yogg_cthun_3169151264088045_Mis_AM_DR,33058,78.14%,
Single,AR_SW_VF_yshaarj_nzoth_yogg_4013301316837357_IN_AM_DR,33058,78.14%,
Single,AR_SP_VF_nzoth_yogg_cthun_3132996162289645_IN_AM_DR,33057,78.14%,
Single,VW_DH_TV_VF_nzoth_yogg_cthun_3150259992977389_Mis_IV_DR_DS,33057,78.14%,
Single,VW_DH_VW_VF_yshaarj_nzoth_yogg_4049531588370413_Mis_AM_DR_DS,33056,78.13%,
Single,AR_SP_VF_yshaarj_nzoth_yogg_4013302390054893_Mis_IV_ME,33056,78.13%,
Single,VW_DH_VW_VF_nzoth_yogg_cthun_3150259992977389_Mis_IV_DR_DS,33056,78.13%,
Single,AR_SW_VF_yshaarj_nzoth_yogg_4013301584748525_IN_AM_ME,33056,78.13%,
Single,VW_DH_VW_VF_yshaarj_nzoth_yogg_3977497537732589_Mis_AM_ME,33055,78.12%,
Single,AR_SP_VF_yshaarj_nzoth_yogg_4013318429597677_IN_IV_DR_DS,33055,78.12%,
Single,AR_EC_VF_yshaarj_nzoth_yogg_4014400827940845_Mis_AM_DR,33054,78.12%,
Single,AR_EC_VF_yshaarj_nzoth_yogg_4014400761355759_IN_AM_DR,33054,78.12%,
Single,AR_SW_VF_nzoth_yogg_cthun_3132867380371437_IN_AM_ME,33054,78.12%,
Single,AR_SP_VF_yshaarj_nzoth_yogg_3977567121825773_IN_IV_DR,33054,78.12%,
Single,VW_DH_TV_VF_yshaarj_nzoth_yogg_4049516555984877_Mis_IV_ME,33053,78.12%,
Single,VW_DH_TV_VF_nzoth_yogg_cthun_3132814842453487_IN_AM_ME_DS,33052,78.11%,
Single,AR_SW_VF_yshaarj_nzoth_yogg_3977567121825773_IN_IV_DR,33050,78.10%,
Single,AR_EC_VF_nzoth_yogg_cthun_3169151196987373_IN_AM_ME,33049,78.09%,
Single,VW_DH_TV_VF_yshaarj_nzoth_yogg_3977498544889837_IN_AM_DR,33049,78.09%,
Single,VW_DH_VW_VF_nzoth_yogg_cthun_3134997759582189_Mis_IV_ME,33048,78.09%,
Single,VW_DH_VW_VF_nzoth_yogg_cthun_3205372946210797_Mis_IV_DR_DS,33048,78.09%,
Single,VW_DH_TV_VF_nzoth_yogg_cthun_3132797729693677_Mis_IV_DR,33048,78.09%,
Single,AR_EC_VF_nzoth_yogg_cthun_3132859797069311_IN_IV_DR,33048,78.09%,
Single,AR_EC_VF_yshaarj_nzoth_yogg_4013438688681455_Mis_IV_DR,33047,78.08%,
Single,AR_SP_VF_nzoth_yogg_cthun_3169151197502959_IN_IV_DR,33046,78.08%,
Single,AR_SW_VF_nzoth_yogg_cthun_3132858790444527_IN_IV_DR,33046,78.08%,
Single,VW_DH_TV_VF_nzoth_yogg_cthun_3132944765214191_IN_AM_DR_DS,33046,78.08%,
Single,VW_DH_VW_VF_nzoth_yogg_cthun_3150253483417581_Mis_IV_DR,33045,78.07%,
Single,VW_DH_VW_VF_nzoth_yogg_cthun_3150252409675757_Mis_AM_DR,33045,78.07%,
Single,AR_SW_VF_nzoth_yogg_cthun_3132859797077487_IN_IV_DR,33044,78.07%,
Single,AR_SW_VF_yshaarj_nzoth_yogg_4013302323470317_IN_IV_ME,33043,78.06%,
Single,AR_SP_VF_yshaarj_nzoth_yogg_4013576127119341_Mis_IV_DR,33043,78.06%,
Single,AR_EC_VF_yshaarj_nzoth_yogg_4014400761356269_IN_AM_ME,33042,78.06%,
Single,AR_EC_VF_nzoth_yogg_cthun_3150313470426607_IN_AM_ME,33042,78.06%,
Single,AR_SP_VF_nzoth_yogg_cthun_3132859058872301_Mis_IV_ME,33042,78.06%,
Single,VW_DH_TV_VF_nzoth_yogg_cthun_3132813769236461_IN_AM_ME_DS,33042,78.05%,
Single,AR_SP_VF_nzoth_yogg_cthun_3169151196987373_Mis_IV_ME,33041,78.05%,
Single,VW_DH_VW_VF_yshaarj_nzoth_yogg_3977634909576687_Mis_AM_ME,33041,78.05%,
Single,AR_SW_VF_nzoth_yogg_cthun_3132859058872301_Mis_IV_DR,33041,78.05%,
Single,VW_DH_VW_VF_nzoth_yogg_cthun_3150252409675247_Mis_IV_ME,33040,78.04%,
Single,VW_DH_VW_VF_nzoth_yogg_cthun_3133363524525551_IN_AM_DR_DS,33039,78.04%,
Single,AR_SP_VF_yshaarj_nzoth_yogg_4013851072126957_Mis_IV_DR,33039,78.04%,
Single,AR_SW_VF_nzoth_yogg_cthun_3132996162289135_IN_IV_DR,33038,78.04%,
Single,VW_DH_VW_VF_yshaarj_nzoth_yogg_3977513643859949_Mis_IV_DR_DS,33038,78.04%,
Single,VW_DH_TV_VF_nzoth_yogg_cthun_3132926511611375_Mis_IV_DR,33038,78.03%,
Single,VW_DH_TV_VF_nzoth_yogg_cthun_3134997759582189_Mis_IV_ME,33037,78.03%,
Single,VW_DH_VW_VF_nzoth_yogg_cthun_3132806252518911_IN_AM_DR_DS,33037,78.03%,
Single,VW_DH_TV_VF_nzoth_yogg_cthun_3132876045737965_Mis_AM_ME_DS,33036,78.02%,
Single,AR_SP_VF_nzoth_yogg_cthun_3169159787438061_IN_IV_ME_DS,33035,78.02%,
Single,AR_SW_VF_nzoth_yogg_cthun_3132859864178669_Mis_IV_ME,33035,78.02%,
Single,VW_DH_TV_VF_yshaarj_nzoth_yogg_4049516555984877_Mis_IV_DR,33035,78.02%,
Single,AR_SW_VF_yshaarj_nzoth_yogg_4013584784154605_IN_IV_DR_DS,33035,78.02%,
Single,AR_SW_VF_nzoth_yogg_cthun_3169151196986863_IN_IV_ME,33035,78.02%,
Single,VW_DH_VW_VF_yshaarj_nzoth_yogg_3977497470631917_Mis_AM_ME,33034,78.02%,
Single,AR_SP_VF_nzoth_yogg_cthun_3132859797077487_IN_IV_DR,33034,78.02%,
Single,VW_DH_TV_VF_yshaarj_nzoth_yogg_3977513643859439_IN_AM_ME_DS,33034,78.02%,
Single,AR_EC_VF_nzoth_yogg_cthun_3132858790960623_IN_IV_DR,33034,78.01%,
Single,AR_SP_VF_nzoth_yogg_cthun_3132996162805741_IN_AM_ME,33034,78.01%,
Single,VW_DH_VW_VF_nzoth_yogg_cthun_3132807393370093_IN_AM_DR_DS,33034,78.01%,
Single,VW_DH_VW_VF_yshaarj_nzoth_yogg_3977513643859949_Mis_IV_ME_DS,33033,78.01%,
Single,VW_DH_TV_VF_yshaarj_nzoth_yogg_3977567263841775_Mis_AM_ME,33033,78.01%,
Single,AR_EC_VF_yshaarj_nzoth_yogg_4014400827940335_Mis_IV_ME,33033,78.01%,
Single,VW_DH_TV_VF_nzoth_yogg_cthun_3132807326785007_IN_IV_DR_DS,33032,78.00%,
Single,AR_SW_VF_nzoth_yogg_cthun_3169159787438061_IN_IV_ME_DS,33032,78.00%,
Single,AR_SP_VF_nzoth_yogg_cthun_3132859797593583_IN_IV_ME,33032,78.00%,
Single,VW_DH_VW_VF_nzoth_yogg_cthun_3132942618255341_IN_AM_ME_DS,33031,78.00%,
Single,VW_DH_VW_VF_yshaarj_nzoth_cthun_3696298445561837_Mis_AM_DR,33030,77.99%,
Single,AR_SW_VF_nzoth_yogg_cthun_3169151197503469_IN_AM_ME,33030,77.99%,
Single,VW_DH_TV_VF_yshaarj_nzoth_yogg_3977773422271983_IN_AM_DR,33029,77.99%,
Single,AR_EC_VF_yshaarj_nzoth_yogg_4014400761356269_Mis_IV_ME,33029,77.99%,
Single,VW_DH_TV_VF_nzoth_yogg_cthun_3132926512127981_Mis_IV_DR,33029,77.99%,
Single,VW_DH_TV_VF_yshaarj_nzoth_yogg_3977513576750591_IN_AM_ME_DS,33029,77.99%,
Single,AR_EC_VF_yshaarj_nzoth_yogg_4013318429597677_IN_IV_DR_DS,33027,77.98%,
Single,AR_SW_VF_yshaarj_nzoth_yogg_4014400827940335_IN_AM_DR,33027,77.97%,
Single,AR_SP_VF_nzoth_yogg_cthun_3150313470942703_Mis_IV_ME,33027,77.97%,
Single,VW_DH_VW_VF_nzoth_yogg_cthun_3133348492140015_IN_AM_DR,33026,77.97%,
Single,VW_DH_TV_VF_nzoth_yogg_cthun_3132943691472877_Mis_IV_DR_DS,33026,77.97%,
Single,VW_DH_VW_VF_nzoth_yogg_cthun_3132808400002543_IN_AM_DR_DS,33026,77.97%,
Single,AR_SW_VF_yshaarj_nzoth_yogg_4013438688681965_Mis_AM_DR,33025,77.96%,
Single,VW_DH_TV_VF_nzoth_yogg_cthun_3132927585869295_IN_AM_ME,33025,77.96%,
Single,VW_DH_VW_VF_yshaarj_nzoth_cthun_3768322899632109_Mis_AM_DR_DS,33024,77.96%,
Single,AR_SW_VF_yshaarj_nzoth_yogg_4013301316837357_Mis_IV_DR,33024,77.96%,
Single,AR_SW_VF_nzoth_yogg_cthun_3150313470427117_IN_AM_DR,33023,77.95%,
Single,VW_DH_VW_VF_yshaarj_nzoth_cthun_3696298445561327_Mis_IV_DR,33022,77.95%,
Single,VW_DH_TV_VF_nzoth_yogg_cthun_3150244893491181_Mis_IV_ME,33022,77.95%,
Single,AR_SW_VF_nzoth_yogg_cthun_3132867313786351_IN_IV_ME,33022,77.95%,
Single,AR_SP_VF_nzoth_yogg_cthun_3169151196987373_IN_AM_DR,33022,77.95%,
Single,AR_EC_VF_nzoth_yogg_cthun_3132996229390317_Mis_AM_ME,33022,77.95%,
Single,VW_DH_TV_VF_nzoth_yogg_cthun_3150243886849519_Mis_AM_DR,33022,77.95%,
Single,VW_DH_TV_VF_nzoth_yogg_cthun_3132867455802863_Mis_AM_DR,33021,77.94%,
Single,AR_EC_VF_yshaarj_nzoth_yogg_4013301249736685_IN_IV_ME,33021,77.94%,
Single,AR_SW_VF_yshaarj_nzoth_yogg_4013438688681965_IN_AM_ME,33021,77.94%,
Single,VW_DH_VW_VF_yshaarj_nzoth_yogg_3977498611474413_Mis_IV_ME,33020,77.94%,
Single,VW_DH_VW_VF_nzoth_yogg_cthun_3132951207665135_IN_AM_ME_DS,33020,77.94%,
Single,AR_SW_VF_yshaarj_nzoth_yogg_4013576194220013_IN_AM_ME,33020,77.94%,
Single,AR_SW_VF_nzoth_yogg_cthun_3132859797077997_IN_AM_DR,33020,77.94%,
Single,VW_DH_TV_VF_nzoth_yogg_cthun_3150253483417581_Mis_IV_ME,33019,77.93%,
Single,AR_SP_VF_nzoth_yogg_cthun_3132858790444527_IN_IV_DR,33019,77.93%,
Single,AR_EC_VF_yshaarj_nzoth_yogg_4013447345200623_IN_IV_DR_DS,33018,77.93%,
Single,VW_DH_VW_VF_yshaarj_nzoth_yogg_3977635983318511_Mis_IV_ME,33018,77.93%,
Single,VW_DH_VW_VF_nzoth_yogg_cthun_3152458949123567_Mis_IV_DR_DS,33018,77.93%,
Single,AR_SP_VF_yshaarj_nzoth_yogg_4013851005542381_IN_IV_ME,33017,77.92%,
Single,VW_DH_TV_VF_nzoth_yogg_cthun_3134996685839855_Mis_IV_DR,33017,77.92%,
Single,AR_SW_VF_yshaarj_nzoth_yogg_4013576194219503_IN_IV_ME,33017,77.92%,
Single,AR_SW_VF_yshaarj_nzoth_yogg_4014400761356269_IN_AM_DR,33017,77.92%,
Single,AR_EC_VF_yshaarj_nzoth_yogg_4013302322953711_IN_IV_DR,33016,77.92%,
Single,AR_SP_VF_yshaarj_nzoth_yogg_4014409417875437_IN_IV_ME_DS,33016,77.92%,
Single,AR_SW_VF_yshaarj_nzoth_yogg_4013301316320751_IN_IV_ME,33016,77.91%,
Single,AR_EC_VF_nzoth_yogg_cthun_3132859797594093_IN_AM_DR,33014,77.91%,
Single,AR_EC_VF_yshaarj_nzoth_yogg_4013301316837357_Mis_IV_ME,33014,77.90%,
Single,AR_SW_VF_nzoth_yogg_cthun_3150313470942703_IN_AM_DR,33014,77.90%,
Single,AR_SP_VF_nzoth_yogg_cthun_3132996162289135_IN_IV_ME,33014,77.90%,
Single,VW_DH_TV_VF_nzoth_yogg_cthun_3132807393370093_IN_AM_ME_DS,33013,77.90%,
Single,VW_DH_VW_VF_yshaarj_nzoth_yogg_3977635983319021_Mis_AM_DR,33012,77.89%,
Single,AR_SP_VF_yshaarj_nzoth_yogg_4013576127635437_IN_AM_DR,33012,77.89%,
Single,AR_EC_VF_yshaarj_yogg_cthun_2043251357245421_IN_IV_DR,33012,77.89%,
Single,AR_EC_VF_nzoth_yogg_cthun_3132996162280959_IN_IV_ME,33011,77.89%,
Single,VW_DH_TV_VF_yshaarj_nzoth_yogg_3977634909577197_Mis_IV_ME,33011,77.89%,
Single,AR_EC_VF_yshaarj_nzoth_yogg_4013318496182253_Mis_IV_DR_DS,33011,77.89%,
Single,VW_DH_VW_VF_nzoth_yogg_cthun_3132927652454381_Mis_IV_ME,33011,77.89%,
Single,AR_EC_VF_yshaarj_nzoth_yogg_4013301316321261_Mis_IV_DR,33011,77.89%,
Single,AR_EC_VF_nzoth_yogg_cthun_3169151197503469_Mis_IV_ME,33010,77.89%,
Single,VW_DH_VW_VF_yshaarj_nzoth_yogg_3977514650492399_Mis_IV_DR_DS,33010,77.88%,
Single,AR_SW_VF_yshaarj_nzoth_yogg_4013438688165869_Mis_IV_ME,33010,77.88%,
Single,AR_EC_VF_yshaarj_nzoth_yogg_4014400760840173_IN_AM_DR,33010,77.88%,
Single,AR_EC_VF_yshaarj_nzoth_yogg_4013851072126447_IN_IV_ME,33010,77.88%,
Single,VW_DH_TV_VF_nzoth_yogg_cthun_3132942684839407_IN_AM_ME_DS,33009,77.88%,
Single,AR_EC_VF_nzoth_yogg_cthun_3132996162289645_Mis_IV_ME,33009,77.88%,
Single,AR_SW_VF_nzoth_yogg_cthun_3169151196987373_IN_AM_ME,33009,77.88%,
Single,VW_DH_TV_VF_nzoth_yogg_cthun_3132807326269421_IN_AM_ME_DS,33009,77.88%,
Single,AR_SW_VF_nzoth_yogg_cthun_3169151196987373_Mis_IV_ME,33009,77.88%,
Single,AR_SP_VF_yshaarj_nzoth_yogg_4013438688165869_IN_AM_DR,33008,77.87%,
Single,AR_EC_VF_yshaarj_nzoth_yogg_4013318496182253_IN_AM_DR_DS,33008,77.87%,
Single,VW_DH_TV_VF_nzoth_yogg_cthun_3132858866392559_Mis_AM_DR,33006,77.86%,
Single,VW_DH_VW_VF_nzoth_yogg_cthun_3135006349516271_IN_AM_ME_DS,33005,77.86%,
Single,AR_SP_VF_yshaarj_nzoth_yogg_4014400827940335_IN_AM_DR,33005,77.86%,
Single,AR_EC_VF_yshaarj_nzoth_yogg_4013310979989485_IN_IV_DR_DS,33004,77.85%,
Single,AR_SP_VF_nzoth_yogg_cthun_3150313537527279_Mis_AM_DR,33004,77.85%,
Single,AR_EC_VF_nzoth_yogg_cthun_3132859797077997_IN_AM_ME,33003,77.85%,
Single,VW_DH_VW_VF_yshaarj_nzoth_yogg_4049524072177645_Mis_IV_ME_DS,33002,77.84%,
Single,AR_SP_VF_nzoth_yogg_cthun_3150313470426607_Mis_IV_ME,33002,77.84%,
Single,VW_DH_VW_VF_nzoth_yogg_cthun_3150260999610349_Mis_IV_DR_DS,33002,77.84%,
Single,AR_SW_VF_yshaarj_nzoth_yogg_4013318429081581_IN_IV_DR_DS,33002,77.84%,
Single,AR_SP_VF_yshaarj_nzoth_yogg_3977567121309677_IN_IV_ME,33001,77.84%,
Single,VW_DH_TV_VF_yshaarj_nzoth_yogg_4049515482243053_Mis_AM_ME,33000,77.83%,
Single,AR_SW_VF_yshaarj_nzoth_yogg_4013301316836847_IN_IV_ME,32999,77.82%,
Single,VW_DH_VW_VF_yshaarj_nzoth_yogg_4049797876342765_Mis_IV_ME_DS,32998,77.82%,
Single,AR_SW_VF_nzoth_yogg_cthun_3132996162289645_IN_AM_ME,32998,77.82%,
Single,VW_DH_TV_VF_nzoth_yogg_cthun_3150244893490671_Mis_IV_DR,32998,77.82%,
Single,AR_SW_VF_nzoth_yogg_cthun_3132867313786351_IN_IV_DR,32998,77.82%,
Single,AR_SP_VF_yshaarj_nzoth_yogg_4014400761356269_IN_AM_ME,32997,77.81%,
Single,AR_SP_VF_yshaarj_nzoth_yogg_4013301316321261_Mis_IV_DR,32997,77.81%,
Single,AR_EC_VF_yshaarj_nzoth_yogg_4013438688681455_Mis_IV_ME,32997,77.81%,
Single,VW_DH_VW_VF_yshaarj_nzoth_cthun_3768322899631599_Mis_IV_DR_DS,32994,77.80%,
Single,AR_SW_VF_nzoth_yogg_cthun_3132996162280959_IN_IV_DR,32994,77.80%,
Single,AR_SP_VF_yshaarj_nzoth_yogg_4013584784154605_IN_IV_DR_DS,32994,77.80%,
Single,AR_SP_VF_yshaarj_nzoth_yogg_4014400761356269_Mis_IV_DR,32993,77.79%,
Single,VW_DH_TV_VF_nzoth_yogg_cthun_3132791220657647_IN_AM_DR,32993,77.79%,
Single,AR_SW_VF_nzoth_yogg_cthun_3169151197502959_IN_IV_ME,32992,77.79%,
Single,AR_EC_VF_yshaarj_nzoth_yogg_4014400760840173_Mis_IV_ME,32991,77.78%,
Single,VW_DH_VW_VF_yshaarj_nzoth_cthun_3696298445561327_Mis_IV_ME,32991,77.78%,
Single,VW_DH_VW_VF_nzoth_yogg_cthun_3132807393370093_IN_AM_ME_DS,32991,77.78%,
Single,VW_DH_VW_VF_nzoth_yogg_cthun_3150244893482495_IN_AM_ME,32991,77.78%,
Single,AR_SP_VF_yshaarj_nzoth_yogg_4013301316321261_Mis_IV_ME,32990,77.78%,
Single,VW_DH_TV_VF_nzoth_yogg_cthun_3135004202556911_IN_AM_ME_DS,32990,77.77%,
Single,VW_DH_VW_VF_yshaarj_nzoth_yogg_3977788454658029_Mis_IV_ME_DS,32989,77.77%,
Single,VW_DH_TV_VF_nzoth_yogg_cthun_3132936175280109_Mis_IV_ME,32989,77.77%,
Single,AR_EC_VF_nzoth_yogg_cthun_3150313470426607_IN_AM_DR,32987,77.76%,
Single,AR_SP_VF_nzoth_yogg_cthun_3132867380371437_IN_AM_ME,32987,77.76%,
Single,VW_DH_VW_VF_nzoth_yogg_cthun_3132806252527087_IN_AM_ME_DS,32987,77.76%,
Single,VW_DH_TV_VF_nzoth_yogg_cthun_3134996685839855_Mis_IV_ME,32987,77.76%,
Single,AR_SP_VF_yshaarj_nzoth_yogg_4013301316320751_IN_IV_ME,32986,77.75%,
Single,VW_DH_VW_VF_yshaarj_nzoth_yogg_3979697567621101_Mis_AM_DR,32986,77.75%,
Single,VW_DH_TV_VF_nzoth_yogg_cthun_3132926578712557_Mis_AM_DR,32986,77.75%,
Single,VW_DH_TV_VF_nzoth_yogg_cthun_3132928659087341_Mis_IV_DR,32985,77.75%,
Single,VW_DH_TV_VF_yshaarj_nzoth_yogg_4049525145918959_IN_AM_DR_DS,32985,77.75%,
Single,VW_DH_TV_VF_nzoth_yogg_cthun_3152458949123567_Mis_IV_DR_DS,32985,77.75%,
Single,VW_DH_TV_VF_nzoth_yogg_cthun_3150534803775469_Mis_IV_DR_DS,32985,77.75%,
Single,AR_SW_VF_nzoth_yogg_cthun_3150313470942703_IN_AM_ME,32985,77.75%,
Single,AR_SW_VF_nzoth_yogg_cthun_3150313470942703_Mis_IV_ME,32984,77.74%,
Single,AR_SP_VF_nzoth_yogg_cthun_3132996162280959_IN_IV_ME,32984,77.74%,
Single,VW_DH_TV_VF_nzoth_yogg_cthun_3132798803434991_IN_AM_ME,32983,77.74%,
Single,AR_EC_VF_nzoth_yogg_cthun_3169151196986863_IN_IV_ME,32983,77.74%,
Single,VW_DH_VW_VF_nzoth_yogg_cthun_3150245967224303_Mis_IV_DR,32981,77.73%,
Single,AR_EC_VF_yshaarj_nzoth_yogg_4013576127119341_Mis_IV_ME,32980,77.72%,
Single,AR_SP_VF_nzoth_yogg_cthun_3132859797594093_IN_AM_DR,32980,77.72%,
Single,VW_DH_TV_VF_nzoth_yogg_cthun_3132936175280109_Mis_IV_DR,32980,77.72%,
Single,VW_DH_TV_VF_nzoth_yogg_cthun_3132797662593005_Mis_IV_ME,32980,77.72%,
Single,AR_SP_VF_nzoth_yogg_cthun_3150313470426607_Mis_IV_DR,32980,77.72%,
Single,VW_DH_VW_VF_nzoth_yogg_cthun_3132944765214191_IN_AM_DR_DS,32980,77.72%,
Single,VW_DH_VW_VF_yshaarj_nzoth_yogg_3977497470631407_Mis_AM_DR,32979,77.72%,
Single,VW_DH_VW_VF_yshaarj_nzoth_yogg_3977773422272493_Mis_IV_ME,32979,77.72%,
Single,AR_SW_VF_yshaarj_nzoth_yogg_4013447345201133_IN_IV_ME_DS,32978,77.71%,
Single,VW_DH_TV_VF_nzoth_yogg_cthun_3132876045737455_Mis_IV_DR_DS,32978,77.71%,
Single,AR_SP_VF_yshaarj_nzoth_yogg_4014400827940335_Mis_IV_ME,32978,77.71%,
Single,AR_SP_VF_yshaarj_nzoth_yogg_4013302390054383_IN_IV_ME,32977,77.71%,
Single,AR_EC_VF_yshaarj_nzoth_yogg_3977567121825263_IN_IV_ME,32977,77.71%,
Single,AR_SP_VF_nzoth_yogg_cthun_3132996162280959_IN_IV_DR,32976,77.70%,
Single,VW_DH_VW_VF_nzoth_yogg_cthun_3132926511611885_Mis_AM_DR,32976,77.70%,
Single,AR_SP_VF_nzoth_yogg_cthun_3169151197502959_IN_IV_ME,32975,77.70%,
Single,AR_SW_VF_yshaarj_nzoth_yogg_4014400761356269_Mis_IV_ME,32975,77.70%,
Single,AR_SP_VF_yshaarj_nzoth_yogg_3977567188409839_IN_IV_ME,32975,77.70%,
Single,AR_SP_VF_nzoth_yogg_cthun_3169151197503469_IN_AM_ME,32975,77.69%,
Single,AR_SP_VF_yshaarj_nzoth_yogg_4013302323470317_Mis_IV_DR,32975,77.69%,
Single,AR_EC_VF_yshaarj_nzoth_yogg_4013447278100461_IN_IV_DR_DS,32974,77.69%,
Single,AR_EC_VF_nzoth_yogg_cthun_3169159854022637_Mis_IV_DR_DS,32974,77.69%,
Single,AR_SP_VF_yshaarj_nzoth_yogg_4013318496182253_IN_IV_ME_DS,32974,77.69%,
Single,AR_SW_VF_yshaarj_nzoth_yogg_4013318496181743_IN_IV_DR_DS,32974,77.69%,
Single,VW_DH_TV_VF_yshaarj_nzoth_yogg_3977567263841775_Mis_AM_DR,32974,77.69%,
Single,AR_EC_VF_nzoth_yogg_cthun_3132858790444527_IN_IV_ME,32973,77.68%,
Single,AR_SW_VF_nzoth_yogg_cthun_3150313470426607_Mis_IV_ME,32973,77.68%,
Single,AR_SP_VF_yshaarj_nzoth_yogg_4013438755266031_IN_AM_ME,32972,77.68%,
Single,VW_DH_TV_VF_nzoth_yogg_cthun_3150243820264943_Mis_IV_DR,32972,77.68%,
Single,VW_DH_VW_VF_nzoth_yogg_cthun_3150268515803117_Mis_IV_DR_DS,32972,77.68%,
Single,AR_SP_VF_nzoth_yogg_cthun_3132996162805741_Mis_IV_DR,32972,77.68%,
Single,AR_EC_VF_nzoth_yogg_cthun_3132859058871791_IN_AM_ME,32972,77.68%,
Single,AR_EC_VF_yshaarj_nzoth_yogg_4014400827940335_IN_AM_ME,32971,77.67%,
Single,AR_SW_VF_yshaarj_nzoth_yogg_4013576127119341_Mis_IV_DR,32971,77.67%,
Single,AR_EC_VF_yshaarj_nzoth_yogg_4014400760831487_IN_IV_DR,32970,77.67%,
Single,AR_EC_VF_yshaarj_nzoth_yogg_4013318429081581_IN_IV_DR_DS,32970,77.67%,
Single,AR_EC_VF_yshaarj_nzoth_yogg_4013438688165869_Mis_AM_DR,32970,77.67%,
Single,AR_EC_VF_yshaarj_nzoth_yogg_3977567121309677_IN_IV_ME,32968,77.66%,
Single,AR_EC_VF_nzoth_yogg_cthun_3169159854022637_Mis_IV_ME_DS,32968,77.66%,
Single,AR_SP_VF_nzoth_yogg_cthun_3132867313786351_IN_IV_ME,32968,77.66%,
Single,AR_SP_VF_yshaarj_nzoth_yogg_4013302322953711_IN_IV_DR,32968,77.66%,
Single,AR_SP_VF_yshaarj_nzoth_yogg_4013576127119341_Mis_IV_ME,32968,77.66%,
Single,VW_DH_VW_VF_yshaarj_nzoth_cthun_3696298445561837_Mis_AM_ME,32967,77.65%,
Single,AR_SP_VF_yshaarj_nzoth_yogg_4013310174683117_IN_IV_ME_DS,32966,77.65%,
Single,VW_DH_TV_VF_nzoth_yogg_cthun_3150259925876717_Mis_IV_DR_DS,32966,77.64%,
Single,AR_SW_VF_yshaarj_nzoth_yogg_4013438755266031_Mis_AM_DR,32966,77.64%,
Single,AR_SP_VF_yshaarj_nzoth_yogg_4013301316837357_Mis_IV_ME,32965,77.64%,
Single,AR_SW_VF_yshaarj_nzoth_yogg_4014400760839663_IN_IV_ME,32964,77.63%,
Single,AR_SW_VF_yshaarj_nzoth_yogg_4013302322953711_IN_IV_DR,32964,77.63%,
Single,VW_DH_VW_VF_nzoth_yogg_cthun_3133347418398701_Mis_IV_DR,32963,77.63%,
Single,AR_EC_VF_yshaarj_nzoth_yogg_4013301316312575_IN_IV_DR,32963,77.63%,
Single,VW_DH_TV_VF_nzoth_yogg_cthun_3132927652454381_Mis_IV_DR,32963,77.63%,
Single,AR_SP_VF_nzoth_yogg_cthun_3169151264087535_IN_AM_DR,32963,77.63%,
Single,VW_DH_TV_VF_yshaarj_nzoth_yogg_3977788454657519_IN_AM_ME_DS,32963,77.63%,
Single,VW_DH_TV_VF_nzoth_yogg_cthun_3132806252527087_IN_AM_ME_DS,32962,77.63%,
Single,AR_EC_VF_yshaarj_nzoth_yogg_4013301316320751_IN_IV_ME,32961,77.62%,
Single,AR_SP_VF_nzoth_yogg_cthun_3132996229389807_IN_AM_DR,32961,77.62%,
Single,VW_DH_TV_VF_nzoth_yogg_cthun_3150260999610349_Mis_IV_ME_DS,32960,77.62%,
Single,AR_EC_VF_yshaarj_nzoth_yogg_4013447345201133_IN_AM_DR_DS,32959,77.61%,
Single,AR_EC_VF_nzoth_yogg_cthun_3169151197503469_IN_AM_ME,32959,77.61%,
Single,VW_DH_TV_VF_nzoth_yogg_cthun_3132807326260735_IN_IV_ME_DS,32958,77.61%,
Single,VW_DH_TV_VF_nzoth_yogg_cthun_3150259926392303_IN_AM_ME_DS,32958,77.60%,
Single,AR_SW_VF_yshaarj_nzoth_yogg_4013301249736685_IN_IV_ME,32958,77.60%,
Single,VW_DH_TV_VF_nzoth_yogg_cthun_3132951207665135_IN_AM_ME_DS,32957,77.60%,
Single,VW_DH_TV_VF_nzoth_yogg_cthun_3132797729693677_Mis_IV_ME,32957,77.60%,
Single,AR_SW_VF_nzoth_yogg_cthun_3169159854022127_IN_IV_DR_DS,32956,77.59%,
Single,AR_EC_VF_yshaarj_nzoth_yogg_4013576194219503_IN_AM_DR,32955,77.59%,
Single,AR_EC_VF_yshaarj_nzoth_yogg_3977567188409839_IN_IV_DR,32955,77.58%,
Single,AR_EC_VF_nzoth_yogg_cthun_3150313470943213_Mis_AM_DR,32954,77.58%,
Single,AR_EC_VF_nzoth_yogg_cthun_3169151264087535_Mis_IV_DR,32953,77.58%,
Single,AR_SW_VF_nzoth_yogg_cthun_3169151264087535_Mis_IV_DR,32952,77.57%,
Single,AR_EC_VF_nzoth_yogg_cthun_3150313470426607_Mis_IV_ME,32952,77.57%,
Single,AR_SW_VF_nzoth_yogg_cthun_3132859058871791_IN_AM_DR,32951,77.57%,
Single,VW_DH_VW_VF_nzoth_yogg_cthun_3132858865876463_Mis_AM_ME,32951,77.57%,
Single,VW_DH_VW_VF_nzoth_yogg_cthun_3132797729693677_Mis_IV_ME,32950,77.56%,
Single,VW_DH_VW_VF_nzoth_yogg_cthun_3132942617730559_IN_AM_DR_DS,32948,77.55%,
Single,VW_DH_TV_VF_yshaarj_nzoth_cthun_3768322899632109_Mis_IV_DR_DS,32947,77.55%,
Single,VW_DH_TV_VF_nzoth_yogg_cthun_3150252409675757_Mis_AM_ME,32947,77.55%,
Single,VW_DH_VW_VF_nzoth_yogg_cthun_3150259926392303_IN_AM_ME_DS,32947,77.54%,
Single,AR_SP_VF_yshaarj_nzoth_yogg_4013576127634927_IN_IV_ME,32947,77.54%,
Single,VW_DH_TV_VF_nzoth_yogg_cthun_3132942618254831_IN_AM_DR_DS,32947,77.54%,
Single,VW_DH_VW_VF_nzoth_yogg_cthun_3132942684839407_IN_AM_ME_DS,32947,77.54%,
Single,AR_SP_VF_yshaarj_nzoth_yogg_4013301316836847_IN_IV_ME,32946,77.54%,
Single,AR_EC_VF_yshaarj_nzoth_yogg_4013310174683117_IN_AM_DR_DS,32946,77.54%,
Single,VW_DH_TV_VF_yshaarj_nzoth_yogg_3977513576750591_IN_AM_DR_DS,32945,77.53%,
Single,AR_EC_VF_nzoth_yogg_cthun_3150313470942703_Mis_IV_DR,32945,77.53%,
Single,VW_DH_VW_VF_yshaarj_nzoth_yogg_3977513576758767_Mis_IV_DR_DS,32945,77.53%,
Single,AR_SW_VF_yshaarj_nzoth_yogg_3977567121309677_IN_IV_DR,32944,77.53%,
Single,VW_DH_VW_VF_nzoth_yogg_cthun_3132858866392559_Mis_AM_DR,32944,77.53%,
Single,AR_SW_VF_yshaarj_nzoth_yogg_4013576194219503_IN_AM_DR,32944,77.53%,
Single,AR_EC_VF_yshaarj_nzoth_yogg_4013302390054383_Mis_IV_DR,32944,77.53%,
Single,AR_EC_VF_nzoth_yogg_cthun_3132859864178159_IN_AM_DR,32943,77.52%,
Single,AR_EC_VF_yshaarj_nzoth_yogg_4013447278616557_IN_IV_DR_DS,32943,77.52%,
Single,AR_SP_VF_yshaarj_nzoth_yogg_3977567188409839_IN_IV_DR,32943,77.52%,
Single,AR_SP_VF_yshaarj_nzoth_yogg_4013301584748525_IN_AM_ME,32942,77.52%,
Single,VW_DH_VW_VF_nzoth_yogg_cthun_3132927585353709_Mis_IV_ME,32942,77.52%,
Single,AR_SW_VF_yshaarj_nzoth_yogg_4013301316837357_Mis_IV_ME,32942,77.52%,
Single,AR_SW_VF_yshaarj_nzoth_yogg_4014400760831487_IN_IV_DR,32941,77.51%,
Single,AR_SW_VF_yshaarj_nzoth_yogg_4013301249736175_IN_IV_DR,32940,77.51%,
Single,AR_SW_VF_nzoth_yogg_cthun_3150313470426607_IN_AM_DR,32940,77.51%,
Single,AR_SP_VF_yshaarj_nzoth_yogg_4013310979989485_IN_IV_DR_DS,32940,77.51%,
Single,AR_EC_VF_nzoth_yogg_cthun_3150313470426607_Mis_IV_DR,32939,77.50%,
Single,AR_SP_VF_yshaarj_nzoth_yogg_4013438688681455_IN_AM_DR,32939,77.50%,
Single,VW_DH_VW_VF_nzoth_yogg_cthun_3150260999610349_Mis_IV_ME_DS,32939,77.50%,
Single,VW_DH_TV_VF_nzoth_yogg_cthun_3150518697648109_Mis_AM_ME,32939,77.50%,
Single,VW_DH_VW_VF_nzoth_yogg_cthun_3132797662593005_Mis_IV_ME,32938,77.50%,
Single,AR_EC_VF_yshaarj_nzoth_yogg_4013576127119341_Mis_IV_DR,32938,77.50%,
Single,VW_DH_VW_VF_nzoth_yogg_cthun_3132807326785007_IN_IV_ME_DS,32938,77.49%,
Single,AR_SP_VF_nzoth_yogg_cthun_3169159854022637_IN_AM_DR_DS,32938,77.49%,
Single,AR_SP_VF_nzoth_yogg_cthun_3132859797069311_IN_IV_DR,32938,77.49%,
Single,AR_EC_VF_yshaarj_nzoth_yogg_4013576127119341_IN_AM_DR,32937,77.49%,
Single,VW_DH_TV_VF_nzoth_yogg_cthun_3150259925868031_IN_AM_ME_DS,32937,77.49%,
Single,VW_DH_VW_VF_nzoth_yogg_cthun_3132797729693677_Mis_IV_DR,32937,77.49%,
Single,VW_DH_VW_VF_yshaarj_nzoth_yogg_4049660437388783_Mis_IV_DR_DS,32937,77.49%,
Single,VW_DH_VW_VF_nzoth_yogg_cthun_3132927585869295_IN_AM_ME,32936,77.49%,
Single,AR_SW_VF_nzoth_yogg_cthun_3132867380371437_Mis_IV_ME,32936,77.49%,
Single,VW_DH_VW_VF_yshaarj_nzoth_yogg_3979697567621101_Mis_AM_ME,32936,77.48%,
Single,VW_DH_VW_VF_nzoth_yogg_cthun_3132815916195821_IN_AM_ME_DS,32936,77.48%,
Single,AR_EC_VF_yshaarj_nzoth_yogg_4013584784154605_IN_IV_DR_DS,32935,77.48%,
Single,VW_DH_VW_VF_nzoth_yogg_cthun_3132791220657647_IN_AM_ME,32934,77.48%,
Single,VW_DH_TV_VF_yshaarj_nzoth_yogg_3977498544373231_IN_AM_ME,32934,77.47%,
Single,AR_SP_VF_nzoth_yogg_cthun_3132867313786351_IN_IV_DR,32934,77.47%,
Single,AR_SP_VF_yshaarj_nzoth_yogg_4014400761356269_Mis_IV_ME,32934,77.47%,
Single,AR_SW_VF_yshaarj_nzoth_yogg_4013302390054893_Mis_IV_ME,32933,77.47%,
Single,AR_SW_VF_yshaarj_nzoth_yogg_4013302390054383_IN_IV_ME,32933,77.47%,
Single,AR_SP_VF_yshaarj_nzoth_yogg_4013851072126957_Mis_IV_ME,32932,77.47%,
Single,AR_SP_VF_nzoth_yogg_cthun_3169151264088045_Mis_AM_ME,32932,77.46%,
Single,AR_EC_VF_yshaarj_nzoth_yogg_4014400760840173_Mis_IV_DR,32931,77.46%,
Single,VW_DH_TV_VF_nzoth_yogg_cthun_3150243820265453_Mis_AM_DR,32931,77.46%,
Single,AR_EC_VF_yshaarj_nzoth_yogg_4013438688157183_IN_IV_ME,32931,77.46%,
Single,VW_DH_TV_VF_yshaarj_nzoth_yogg_3977515724234223_IN_AM_DR_DS,32930,77.46%,
Single,AR_EC_VF_yshaarj_nzoth_yogg_4013310174683117_IN_IV_ME_DS,32930,77.45%,
Single,AR_SW_VF_nzoth_yogg_cthun_3132996229390317_Mis_AM_DR,32930,77.45%,
Single,VW_DH_TV_VF_yshaarj_nzoth_yogg_3977513577275373_IN_AM_ME_DS,32930,77.45%,
Single,AR_EC_VF_nzoth_yogg_cthun_3169151264087535_Mis_IV_ME,32929,77.45%,
Single,VW_DH_TV_VF_yshaarj_nzoth_cthun_3696297371820013_Mis_AM_DR,32929,77.45%,
Single,AR_SW_VF_nzoth_yogg_cthun_3132996162280959_IN_IV_ME,32929,77.45%,
Single,VW_DH_TV_VF_yshaarj_nzoth_cthun_3696297371820013_Mis_IV_ME,32929,77.45%,
Single,AR_SP_VF_yshaarj_nzoth_yogg_4013851072126447_IN_IV_ME,32928,77.44%,
Single,AR_EC_VF_nzoth_yogg_cthun_3132875903721453_IN_IV_ME_DS,32928,77.44%,
Single,VW_DH_VW_VF_nzoth_yogg_cthun_3150252409675757_Mis_AM_ME,32928,77.44%,
Single,VW_DH_TV_VF_yshaarj_nzoth_yogg_3979696493878767_Mis_IV_ME,32928,77.44%,
Single,VW_DH_VW_VF_yshaarj_nzoth_yogg_3977497471147503_Mis_IV_DR,32928,77.44%,
Single,AR_SW_VF_nzoth_yogg_cthun_3169151197503469_Mis_AM_DR,32927,77.44%,
Single,AR_EC_VF_nzoth_yogg_cthun_3132875903205357_IN_IV_ME_DS,32927,77.44%,
Single,AR_SP_VF_nzoth_yogg_cthun_3132996229390317_Mis_AM_DR,32927,77.44%,
Single,VW_DH_VW_VF_nzoth_yogg_cthun_3135005275774957_Mis_IV_ME_DS,32927,77.44%,
Single,AR_SP_VF_nzoth_yogg_cthun_3132875903721453_IN_IV_ME_DS,32926,77.43%,
Single,AR_SW_VF_nzoth_yogg_cthun_3132858790961133_Mis_IV_ME,32926,77.43%,
Single,AR_SW_VF_yshaarj_nzoth_yogg_4014400761356269_Mis_IV_DR,32926,77.43%,
Single,AR_SW_VF_yshaarj_nzoth_yogg_4013310174683117_IN_IV_ME_DS,32926,77.43%,
Single,AR_EC_VF_yshaarj_nzoth_yogg_4013851072126957_Mis_IV_ME,32926,77.43%,
Single,AR_EC_VF_nzoth_yogg_cthun_3132859797077487_IN_IV_ME,32925,77.43%,
Single,VW_DH_TV_VF_nzoth_yogg_cthun_3150245967224303_Mis_IV_DR,32925,77.43%,
Single,VW_DH_VW_VF_yshaarj_nzoth_yogg_4049516555984877_Mis_AM_ME,32924,77.42%,
Single,AR_SW_VF_yshaarj_nzoth_yogg_4013851005541871_IN_IV_DR,32924,77.42%,
Single,VW_DH_TV_VF_yshaarj_nzoth_yogg_3977513643859439_IN_AM_DR_DS,32924,77.42%,
Single,AR_EC_VF_nzoth_yogg_cthun_3132996162289645_IN_AM_DR,32924,77.42%,
Single,AR_EC_VF_nzoth_yogg_cthun_3132875903721453_IN_IV_DR_DS,32923,77.41%,
Single,AR_SP_VF_yshaarj_nzoth_yogg_4014409351290861_IN_IV_DR_DS,32921,77.41%,
Single,AR_SW_VF_nzoth_yogg_cthun_3132996229390317_Mis_AM_ME,32921,77.41%,
Single,VW_DH_TV_VF_nzoth_yogg_cthun_3132935101537775_Mis_IV_DR,32921,77.40%,
Single,AR_EC_VF_yshaarj_nzoth_yogg_4013851005541871_IN_IV_DR,32921,77.40%,
Single,VW_DH_VW_VF_nzoth_yogg_cthun_3132926578712557_Mis_AM_DR,32921,77.40%,
Single,AR_SP_VF_yshaarj_nzoth_yogg_4013851005541871_IN_IV_DR,32920,77.40%,
Single,AR_EC_VF_yshaarj_nzoth_yogg_4013584784154605_IN_IV_ME_DS,32920,77.40%,
Single,VW_DH_VW_VF_yshaarj_nzoth_yogg_3977514650492399_Mis_IV_ME_DS,32919,77.40%,
Single,AR_SW_VF_yshaarj_nzoth_yogg_4013447345200623_IN_IV_DR_DS,32916,77.38%,
Single,AR_EC_VF_yshaarj_nzoth_yogg_4013302322953711_IN_IV_ME,32915,77.37%,
Single,AR_SP_VF_yshaarj_nzoth_yogg_4013447345201133_IN_AM_DR_DS,32915,77.37%,
Single,VW_DH_TV_VF_yshaarj_nzoth_yogg_3977497470631917_Mis_IV_DR,32915,77.37%,
Single,AR_SP_VF_nzoth_yogg_cthun_3132858790436351_IN_IV_DR,32915,77.37%,
Single,VW_DH_TV_VF_nzoth_yogg_cthun_3134996685840365_Mis_AM_DR,32915,77.37%,
Single,AR_SP_VF_nzoth_yogg_cthun_3132996229389807_IN_AM_ME,32915,77.37%,
Single,AR_EC_VF_yshaarj_nzoth_yogg_4013302322954221_IN_AM_DR,32914,77.37%,
Single,VW_DH_VW_VF_nzoth_yogg_cthun_3132798736334319_IN_AM_ME,32914,77.37%,
Single,AR_SW_VF_yshaarj_yogg_cthun_2043251357245421_IN_IV_DR,32914,77.37%,
Single,AR_EC_VF_nzoth_yogg_cthun_3132867313786861_IN_AM_DR,32913,77.36%,
Single,VW_DH_VW_VF_nzoth_yogg_cthun_3152458949124077_Mis_AM_DR_DS,32913,77.36%,
Single,VW_DH_TV_VF_nzoth_yogg_cthun_3132926512127981_Mis_IV_ME,32913,77.36%,
Single,AR_EC_VF_yshaarj_nzoth_yogg_4014400760831487_IN_IV_ME,32913,77.36%,
Single,VW_DH_VW_VF_yshaarj_nzoth_cthun_3696313477946863_Mis_IV_DR_DS,32912,77.36%,
Single,AR_SP_VF_nzoth_yogg_cthun_3169151196986863_IN_IV_ME,32912,77.36%,
Single,VW_DH_VW_VF_nzoth_yogg_cthun_3132807326260735_IN_IV_DR_DS,32911,77.35%,
Single,AR_EC_VF_yshaarj_nzoth_yogg_4013851072126957_IN_AM_ME,32911,77.35%,
Single,AR_SW_VF_nzoth_yogg_cthun_3169151264087535_Mis_IV_ME,32911,77.35%,
Single,AR_SP_VF_yshaarj_nzoth_yogg_4013576194219503_IN_IV_ME,32910,77.35%,
Single,AR_SP_VF_nzoth_yogg_cthun_3169159786921965_IN_IV_ME_DS,32909,77.34%,
Single,AR_EC_VF_yshaarj_nzoth_yogg_4013851072126957_Mis_AM_DR,32909,77.34%,
Single,VW_DH_VW_VF_nzoth_yogg_cthun_3132935101538285_Mis_AM_DR,32909,77.34%,
Single,AR_SW_VF_nzoth_yogg_cthun_3132996229389807_Mis_IV_DR,32908,77.34%,
Single,AR_SP_VF_yshaarj_nzoth_yogg_4013851072126957_IN_AM_DR,32908,77.34%,
Single,AR_SP_VF_yshaarj_nzoth_yogg_4013576194220013_IN_AM_ME,32908,77.33%,
Single,VW_DH_TV_VF_nzoth_yogg_cthun_3150268515803117_Mis_IV_DR_DS,32908,77.33%,
Single,AR_EC_VF_yshaarj_nzoth_yogg_4013438688681965_Mis_AM_ME,32907,77.33%,
Single,AR_EC_VF_yshaarj_nzoth_yogg_4013301316321261_IN_AM_DR,32906,77.32%,
Single,AR_SW_VF_nzoth_yogg_cthun_3132996162289645_Mis_IV_ME,32906,77.32%,
Single,AR_SW_VF_yshaarj_nzoth_yogg_4014400827940335_IN_AM_ME,32906,77.32%,
Single,AR_SP_VF_nzoth_yogg_cthun_3132859797594093_IN_AM_ME,32906,77.32%,
Single,AR_EC_VF_yshaarj_nzoth_yogg_4013438755266031_Mis_AM_ME,32905,77.32%,
Single,AR_SW_VF_nzoth_yogg_cthun_3132996229389807_Mis_IV_ME,32904,77.32%,
Single,VW_DH_TV_VF_nzoth_yogg_cthun_3132942617739245_Mis_IV_DR_DS,32904,77.31%,
Single,AR_SW_VF_nzoth_yogg_cthun_3150313470942703_Mis_IV_DR,32904,77.31%,
Single,AR_SP_VF_yshaarj_nzoth_yogg_4014400760840173_Mis_IV_DR,32904,77.31%,
Single,AR_EC_VF_yshaarj_nzoth_yogg_4013301316837357_IN_AM_ME,32904,77.31%,
Single,AR_EC_VF_nzoth_yogg_cthun_3132858790436351_IN_IV_ME,32904,77.31%,
Single,VW_DH_VW_VF_nzoth_yogg_cthun_3132807326785007_IN_IV_DR_DS,32903,77.31%,
Single,VW_DH_VW_VF_nzoth_yogg_cthun_3132807326260735_IN_IV_ME_DS,32901,77.30%,
Single,AR_EC_VF_yshaarj_nzoth_yogg_4013301316836847_IN_AM_DR,32901,77.30%,
Single,VW_DH_VW_VF_nzoth_yogg_cthun_3150518697648109_Mis_AM_ME,32900,77.29%,
Single,AR_SW_VF_yshaarj_nzoth_yogg_4013302322954221_IN_IV_ME,32900,77.29%,
Single,AR_SW_VF_yshaarj_nzoth_yogg_4014400760840173_IN_AM_DR,32899,77.29%,
Single,AR_EC_VF_yshaarj_nzoth_yogg_4014409351290861_IN_IV_ME_DS,32899,77.29%,
Single,AR_SP_VF_yshaarj_nzoth_yogg_4013584784154605_IN_IV_ME_DS,32898,77.28%,
Single,AR_EC_VF_yshaarj_nzoth_yogg_4013301316837357_Mis_AM_DR,32898,77.28%,
Single,AR_SW_VF_nzoth_yogg_cthun_3169151264087535_IN_AM_DR,32897,77.28%,
Single,AR_SW_VF_nzoth_yogg_cthun_3132859797077997_IN_AM_ME,32897,77.27%,
Single,VW_DH_VW_VF_yshaarj_nzoth_yogg_4049797876342765_Mis_IV_DR_DS,32897,77.27%,
Single,VW_DH_VW_VF_nzoth_yogg_cthun_3150259992977389_Mis_IV_ME_DS,32897,77.27%,
Single,AR_SW_VF_yshaarj_nzoth_yogg_4013447278616557_IN_IV_DR_DS,32896,77.27%,
Single,AR_EC_VF_nzoth_yogg_cthun_3150313470943213_Mis_AM_ME,32896,77.27%,
Single,VW_DH_VW_VF_nzoth_yogg_cthun_3132926512127981_Mis_IV_ME,32894,77.26%,
Single,AR_SW_VF_yshaarj_nzoth_yogg_4014400827940845_Mis_AM_DR,32894,77.26%,
Single,AR_EC_VF_yshaarj_nzoth_yogg_4013310174682607_IN_IV_DR_DS,32894,77.26%,
Single,AR_SP_VF_yshaarj_yogg_cthun_2043251357245421_IN_IV_DR,32893,77.25%,
Single,VW_DH_VW_VF_nzoth_yogg_cthun_3135005275774957_Mis_IV_DR_DS,32893,77.25%,
Single,AR_SP_VF_yshaarj_nzoth_yogg_4013576194219503_Mis_IV_DR,32893,77.25%,
Single,VW_DH_TV_VF_nzoth_yogg_cthun_3132942617730559_IN_AM_DR_DS,32892,77.25%,
Single,AR_SW_VF_yshaarj_nzoth_yogg_4013302323470317_Mis_IV_DR,32892,77.25%,
Single,AR_EC_VF_yshaarj_nzoth_yogg_3977567188410349_IN_AM_ME,32892,77.25%,
Single,AR_SP_VF_yshaarj_nzoth_yogg_4013447345201133_Mis_IV_ME_DS,32892,77.25%,
Single,VW_DH_TV_VF_nzoth_yogg_cthun_3132806252518911_IN_AM_ME_DS,32892,77.25%,
Single,AR_SW_VF_yshaarj_nzoth_yogg_4013584717570029_IN_IV_DR_DS,32892,77.25%,
Single,VW_DH_VW_VF_yshaarj_nzoth_yogg_4049523065544685_Mis_IV_DR_DS,32892,77.25%,
Single,VW_DH_TV_VF_nzoth_yogg_cthun_3132807326785517_IN_AM_DR_DS,32891,77.24%,
Single,AR_SW_VF_yshaarj_nzoth_yogg_4013438688681455_IN_AM_DR,32890,77.24%,
Single,VW_DH_VW_VF_nzoth_yogg_cthun_3150259925876717_Mis_IV_DR_DS,32890,77.24%,
Single,AR_SW_VF_yshaarj_nzoth_yogg_4014409417875437_IN_IV_ME_DS,32889,77.23%,
Single,VW_DH_TV_VF_nzoth_yogg_cthun_3133347418398701_Mis_IV_DR,32888,77.23%,
Single,AR_SW_VF_yshaarj_nzoth_yogg_4013576127634927_IN_IV_DR,32887,77.22%,
Single,AR_SW_VF_yshaarj_nzoth_yogg_4013301316837357_IN_AM_ME,32887,77.22%,
Single,AR_SW_VF_nzoth_yogg_cthun_3132859797077487_IN_IV_ME,32887,77.22%,
Single,VW_DH_VW_VF_yshaarj_nzoth_yogg_3977498544373231_Mis_IV_DR,32887,77.22%,
Single,AR_EC_VF_nzoth_yogg_cthun_3169151197503469_Mis_AM_DR,32886,77.22%,
Single,VW_DH_VW_VF_yshaarj_nzoth_yogg_4049522998444013_Mis_IV_ME_DS,32885,77.21%,
Single,VW_DH_TV_VF_nzoth_yogg_cthun_3134997759582189_Mis_IV_DR,32885,77.21%,
Single,VW_DH_TV_VF_nzoth_yogg_cthun_3132935101538285_Mis_AM_DR,32884,77.21%,
Single,AR_SW_VF_yshaarj_nzoth_yogg_4013302323469807_IN_IV_DR,32884,77.21%,
Single,AR_EC_VF_yshaarj_nzoth_yogg_4013438688165869_IN_AM_ME,32883,77.20%,
Single,AR_SW_VF_yshaarj_nzoth_yogg_3977567121309677_IN_IV_ME,32882,77.20%,
Single,VW_DH_VW_VF_nzoth_yogg_cthun_3134996685839855_Mis_IV_DR,32882,77.20%,
Single,VW_DH_VW_VF_yshaarj_nzoth_yogg_3977499618107373_Mis_AM_DR,32882,77.20%,
Single,AR_SP_VF_nzoth_yogg_cthun_3132996229390317_Mis_AM_ME,32882,77.20%,
Single,VW_DH_TV_VF_nzoth_yogg_cthun_3132808400002543_IN_AM_DR_DS,32881,77.19%,
Single,AR_SW_VF_nzoth_yogg_cthun_3150313470943213_Mis_AM_DR,32880,77.18%,
Single,AR_SW_VF_yshaarj_nzoth_yogg_4013438688165869_IN_AM_ME,32880,77.18%,
Single,VW_DH_VW_VF_nzoth_yogg_cthun_3132813835820527_IN_AM_DR_DS,32880,77.18%,
Single,VW_DH_VW_VF_nzoth_yogg_cthun_3150243819740671_Mis_IV_ME,32880,77.18%,
Single,VW_DH_TV_VF_nzoth_yogg_cthun_3150244960591343_Mis_IV_DR,32879,77.18%,
Single,AR_SP_VF_nzoth_yogg_cthun_3132996229389807_Mis_IV_DR,32879,77.18%,
Single,VW_DH_VW_VF_yshaarj_nzoth_yogg_3977497471147503_Mis_IV_ME,32878,77.17%,
Single,AR_SP_VF_nzoth_yogg_cthun_3132996162289645_IN_AM_ME,32877,77.17%,
Single,AR_EC_VF_yshaarj_nzoth_yogg_4013851005025775_IN_IV_DR,32877,77.17%,
Single,AR_SP_VF_nzoth_yogg_cthun_3132867380371437_Mis_IV_ME,32877,77.17%,
Single,VW_DH_TV_VF_nzoth_yogg_cthun_3132858865876463_Mis_AM_ME,32876,77.16%,
Single,AR_SW_VF_nzoth_yogg_cthun_3132867313786861_IN_AM_DR,32875,77.16%,
Single,AR_SW_VF_yshaarj_nzoth_yogg_4013851005542381_IN_IV_ME,32875,77.16%,
Single,AR_EC_VF_yshaarj_nzoth_yogg_4013851005026285_IN_IV_ME,32875,77.16%,
Single,AR_SW_VF_yshaarj_nzoth_yogg_4013576127119341_IN_AM_ME,32875,77.16%,
Single,AR_SW_VF_yshaarj_nzoth_yogg_4013576127635437_IN_AM_ME,32875,77.16%,
Single,AR_SP_VF_nzoth_yogg_cthun_3169151264087535_Mis_IV_ME,32874,77.15%,
Single,AR_SP_VF_yshaarj_nzoth_yogg_4013318496181743_IN_IV_DR_DS,32873,77.15%,
Single,AR_EC_VF_nzoth_yogg_cthun_3132858790445037_IN_AM_ME,32872,77.14%,
Single,AR_SP_VF_yshaarj_nzoth_yogg_3977567121825263_IN_IV_ME,32872,77.14%,
Single,AR_SW_VF_yshaarj_nzoth_yogg_4013301584748015_Mis_IV_ME,32871,77.14%,
Single,AR_EC_VF_yshaarj_nzoth_yogg_4013302390054893_Mis_AM_DR,32871,77.14%,
Single,VW_DH_TV_VF_nzoth_yogg_cthun_3132813768719855_IN_AM_DR_DS,32870,77.13%,
Single,AR_SP_VF_yshaarj_nzoth_yogg_4014400760831487_IN_IV_DR,32870,77.13%,
Single,AR_SW_VF_yshaarj_nzoth_yogg_4013438755266031_IN_AM_ME,32870,77.13%,
Single,AR_SW_VF_yshaarj_nzoth_yogg_4013447345201133_Mis_IV_DR_DS,32870,77.13%,
Single,AR_SP_VF_yshaarj_nzoth_yogg_4014400827940335_IN_AM_ME,32870,77.13%,
Single,AR_EC_VF_yshaarj_nzoth_yogg_4013447345201133_Mis_IV_ME_DS,32868,77.12%,
Single,AR_SW_VF_nzoth_yogg_cthun_3132859797069311_IN_IV_DR,32868,77.12%,
Single,AR_SW_VF_yshaarj_nzoth_yogg_4013301316321261_Mis_IV_ME,32868,77.12%,
Single,AR_EC_VF_nzoth_yogg_cthun_3169159786921965_IN_IV_ME_DS,32868,77.12%,
Single,AR_EC_VF_yshaarj_nzoth_yogg_4014409351290861_IN_IV_DR_DS,32867,77.11%,
Single,AR_SW_VF_yshaarj_nzoth_yogg_4013438688157183_IN_IV_DR,32867,77.11%,
Single,VW_DH_VW_VF_nzoth_yogg_cthun_3133348492140015_IN_AM_ME,32866,77.11%,
Single,VW_DH_TV_VF_yshaarj_nzoth_cthun_3696298445561837_Mis_IV_DR,32866,77.11%,
Single,VW_DH_VW_VF_yshaarj_nzoth_cthun_3696313477946863_Mis_IV_ME_DS,32866,77.11%,
Single,AR_SW_VF_nzoth_yogg_cthun_3132859797069311_IN_IV_ME,32866,77.11%,
Single,VW_DH_VW_VF_nzoth_yogg_cthun_3133347418398701_Mis_IV_ME,32865,77.10%,
Single,AR_SW_VF_nzoth_yogg_cthun_3169159854022637_Mis_IV_ME_DS,32863,77.09%,
Single,AR_SW_VF_yshaarj_nzoth_yogg_4013576127634927_IN_IV_ME,32863,77.09%,
Single,AR_SW_VF_nzoth_yogg_cthun_3132858790444527_IN_IV_ME,32863,77.09%,
Single,AR_EC_VF_nzoth_yogg_cthun_3132858790961133_Mis_IV_ME,32862,77.09%,
Single,AR_SW_VF_nzoth_yogg_cthun_3169159786921965_IN_IV_ME_DS,32861,77.08%,
Single,VW_DH_TV_VF_nzoth_yogg_cthun_3150243819740671_Mis_IV_ME,32861,77.08%,
Single,AR_EC_VF_yshaarj_nzoth_yogg_4013302390054893_IN_AM_ME,32861,77.08%,
Single,AR_SP_VF_yshaarj_nzoth_yogg_4013302322954221_Mis_IV_DR,32861,77.08%,
Single,VW_DH_TV_VF_nzoth_yogg_cthun_3150245967224813_Mis_AM_DR,32860,77.08%,
Single,VW_DH_VW_VF_yshaarj_nzoth_cthun_3696313477947373_Mis_AM_ME_DS,32860,77.07%,
Single,AR_EC_VF_yshaarj_nzoth_yogg_4013301316836847_Mis_IV_DR,32860,77.07%,
Single,AR_SP_VF_nzoth_yogg_cthun_3150313537527279_Mis_AM_ME,32860,77.07%,
Single,AR_SP_VF_yshaarj_nzoth_yogg_4013302390054383_IN_AM_DR,32859,77.07%,
Single,AR_SP_VF_yshaarj_nzoth_yogg_4013318496182253_IN_AM_DR_DS,32859,77.07%,
Single,VW_DH_VW_VF_nzoth_yogg_cthun_3132791220142061_Mis_IV_DR,32858,77.07%,
Single,AR_EC_VF_yshaarj_nzoth_yogg_4013576194219503_Mis_IV_DR,32858,77.07%,
Single,VW_DH_VW_VF_nzoth_yogg_cthun_3150262073351663_IN_AM_ME_DS,32858,77.06%,
Single,AR_SW_VF_nzoth_yogg_cthun_3132867313270255_IN_IV_ME,32857,77.06%,
Single,VW_DH_TV_VF_yshaarj_nzoth_yogg_3979696493878767_Mis_IV_DR,32856,77.06%,
Single,VW_DH_VW_VF_nzoth_yogg_cthun_3132813769236461_IN_AM_ME_DS,32856,77.06%,
Single,VW_DH_TV_VF_yshaarj_nzoth_yogg_3977772348530669_Mis_IV_DR,32856,77.05%,
Single,AR_SW_VF_nzoth_yogg_cthun_3132859058871791_IN_AM_ME,32856,77.05%,
Single,VW_DH_TV_VF_nzoth_yogg_cthun_3150245967224303_Mis_IV_ME,32856,77.05%,
Single,AR_SW_VF_yshaarj_nzoth_yogg_4013851072126447_IN_IV_ME,32856,77.05%,
Single,VW_DH_TV_VF_nzoth_yogg_cthun_3132858866392559_Mis_AM_ME,32856,77.05%,
Single,AR_SW_VF_nzoth_yogg_cthun_3169151196978687_IN_IV_DR,32855,77.05%,
Single,VW_DH_VW_VF_yshaarj_nzoth_yogg_4049660437389293_Mis_AM_DR_DS,32854,77.05%,
Single,VW_DH_TV_VF_nzoth_yogg_cthun_3135005275774957_Mis_IV_ME_DS,32854,77.04%,
Single,AR_SP_VF_yshaarj_nzoth_yogg_4013576127118831_IN_IV_DR,32854,77.04%,
Single,AR_SW_VF_yshaarj_nzoth_yogg_4013438755266031_Mis_AM_ME,32854,77.04%,
Single,AR_EC_VF_yshaarj_nzoth_yogg_4013438688165359_Mis_IV_DR,32854,77.04%,
Single,VW_DH_TV_VF_nzoth_yogg_cthun_3132813835820527_IN_AM_DR_DS,32854,77.04%,
Single,AR_SP_VF_yshaarj_nzoth_yogg_4013438688165359_Mis_IV_ME,32854,77.04%,
Single,AR_EC_VF_yshaarj_nzoth_yogg_4013576127118831_IN_IV_DR,32853,77.04%,
Single,AR_EC_VF_nzoth_yogg_cthun_3132859864178669_Mis_IV_ME,32852,77.03%,
Single,VW_DH_VW_VF_nzoth_yogg_cthun_3134996685839855_Mis_IV_ME,32852,77.03%,
Single,VW_DH_VW_VF_yshaarj_nzoth_yogg_4049522998444013_Mis_IV_DR_DS,32851,77.03%,
Single,VW_DH_TV_VF_nzoth_yogg_cthun_3150243819748847_Mis_AM_DR,32850,77.02%,
Single,AR_EC_VF_nzoth_yogg_cthun_3132996162805231_IN_AM_DR,32850,77.02%,
Single,AR_SP_VF_nzoth_yogg_cthun_3132859797077997_IN_AM_ME,32849,77.02%,
Single,AR_SW_VF_yshaarj_nzoth_yogg_4014400827940335_Mis_IV_DR,32849,77.01%,
Single,AR_SW_VF_nzoth_yogg_cthun_3132858723859951_IN_IV_ME,32848,77.01%,
Single,VW_DH_VW_VF_nzoth_yogg_cthun_3150243886849519_Mis_AM_DR,32848,77.01%,
Single,AR_SP_VF_yshaarj_nzoth_yogg_4013447278100461_IN_IV_DR_DS,32848,77.01%,
Single,AR_SW_VF_yshaarj_nzoth_yogg_4014400760831487_IN_IV_ME,32848,77.01%,
Single,VW_DH_TV_VF_nzoth_yogg_cthun_3152458949123567_Mis_IV_ME_DS,32848,77.01%,
Single,AR_SP_VF_yshaarj_nzoth_yogg_4013438688165359_Mis_IV_DR,32848,77.01%,
Single,AR_SP_VF_nzoth_yogg_cthun_3132996162289645_Mis_IV_ME,32847,77.00%,
Single,AR_SP_VF_yshaarj_nzoth_yogg_4013438688157183_Mis_IV_DR,32847,77.00%,
Single,AR_EC_VF_yshaarj_nzoth_yogg_4013438688165359_Mis_IV_ME,32844,76.99%,
Single,VW_DH_VW_VF_yshaarj_nzoth_yogg_3979712600006637_Mis_AM_ME_DS,32844,76.99%,
Single,AR_EC_VF_yshaarj_nzoth_yogg_4014400760840173_IN_AM_ME,32843,76.99%,
Single,VW_DH_VW_VF_nzoth_yogg_cthun_3150534803775469_Mis_IV_DR_DS,32843,76.98%,
Single,AR_SP_VF_nzoth_yogg_cthun_3169151196987373_IN_AM_ME,32843,76.98%,
Single,AR_SP_VF_yshaarj_nzoth_yogg_4013301316321261_IN_AM_DR,32842,76.98%,
Single,AR_EC_VF_nzoth_yogg_cthun_3150313470418431_IN_AM_ME,32842,76.98%,
Single,AR_EC_VF_nzoth_yogg_cthun_3132996162289645_Mis_IV_DR,32842,76.98%,
Single,VW_DH_VW_VF_nzoth_yogg_cthun_3152458949123567_Mis_IV_ME_DS,32842,76.98%,
Single,AR_SW_VF_yshaarj_nzoth_yogg_4013851072126957_Mis_IV_ME,32841,76.97%,
Single,VW_DH_VW_VF_nzoth_yogg_cthun_3150244893490671_Mis_IV_DR,32840,76.97%,
Single,AR_SP_VF_yshaarj_nzoth_yogg_4013301316836847_Mis_IV_DR,32839,76.96%,
Single,AR_SP_VF_yshaarj_nzoth_yogg_4013301316312575_IN_IV_DR,32839,76.96%,
Single,AR_SW_VF_yshaarj_nzoth_yogg_4013302390054893_IN_AM_ME,32839,76.96%,
Single,AR_SP_VF_nzoth_yogg_cthun_3150313470943213_Mis_AM_ME,32839,76.96%,
Single,AR_SP_VF_yshaarj_nzoth_yogg_4014409351290861_IN_IV_ME_DS,32838,76.96%,
Single,AR_SP_VF_yshaarj_nzoth_yogg_4013310174682607_IN_IV_DR_DS,32837,76.95%,
Single,AR_SP_VF_yshaarj_nzoth_yogg_4013447278616557_IN_IV_DR_DS,32837,76.95%,
Single,AR_EC_VF_nzoth_yogg_cthun_3132858790436351_IN_IV_DR,32837,76.95%,
Single,AR_EC_VF_nzoth_yogg_cthun_3132996229389807_Mis_IV_DR,32836,76.95%,
Single,AR_SW_VF_yshaarj_nzoth_yogg_4013576127119341_Mis_IV_ME,32836,76.94%,
Single,VW_DH_VW_VF_nzoth_yogg_cthun_3132807326269421_IN_AM_ME_DS,32835,76.94%,
Single,VW_DH_TV_VF_nzoth_yogg_cthun_3150253483417071_Mis_IV_DR,32835,76.94%,
Single,VW_DH_TV_VF_nzoth_yogg_cthun_3132927652454381_Mis_IV_ME,32834,76.94%,
Single,VW_DH_TV_VF_yshaarj_nzoth_yogg_4049522998959599_IN_AM_ME_DS,32834,76.93%,
Single,VW_DH_VW_VF_nzoth_yogg_cthun_3132936175280109_Mis_IV_ME,32834,76.93%,
Single,AR_SW_VF_nzoth_yogg_cthun_3132867313270255_IN_IV_DR,32834,76.93%,
Single,VW_DH_TV_VF_yshaarj_nzoth_yogg_3977497470631407_Mis_IV_DR,32833,76.93%,
Single,VW_DH_VW_VF_nzoth_yogg_cthun_3134997759582189_Mis_IV_DR,32831,76.92%,
Single,AR_SP_VF_yshaarj_nzoth_yogg_4014409417874927_IN_IV_DR_DS,32831,76.92%,
Single,AR_SP_VF_nzoth_yogg_cthun_3132859864178669_Mis_IV_DR,32831,76.92%,
Single,AR_SW_VF_nzoth_yogg_cthun_3132858723859951_IN_IV_DR,32830,76.92%,
Single,AR_SP_VF_nzoth_yogg_cthun_3150313470426607_IN_AM_DR,32830,76.91%,
Single,AR_SP_VF_yshaarj_nzoth_yogg_4014409350774765_IN_IV_DR_DS,32828,76.91%,
Single,VW_DH_TV_VF_nzoth_yogg_cthun_3150252409675247_Mis_AM_DR,32828,76.90%,
Single,VW_DH_TV_VF_nzoth_yogg_cthun_3132927585345023_IN_AM_ME,32828,76.90%,
Single,AR_EC_VF_yshaarj_nzoth_yogg_4013301249736175_IN_IV_DR,32828,76.90%,
Single,AR_SW_VF_nzoth_yogg_cthun_3132996162805231_IN_AM_ME,32828,76.90%,
Single,AR_EC_VF_yshaarj_nzoth_yogg_4013309906771949_IN_IV_DR_DS,32827,76.90%,
Single,VW_DH_VW_VF_nzoth_yogg_cthun_3150259925868031_IN_AM_ME_DS,32827,76.90%,
Single,VW_DH_VW_VF_yshaarj_nzoth_cthun_3768322899631599_Mis_IV_ME_DS,32827,76.90%,
Single,AR_EC_VF_nzoth_yogg_cthun_3169159854022127_IN_IV_ME_DS,32826,76.89%,
Single,VW_DH_TV_VF_nzoth_yogg_cthun_3135005275774957_Mis_IV_DR_DS,32826,76.89%,
Single,VW_DH_TV_VF_nzoth_yogg_cthun_3132942617738735_IN_AM_ME_DS,32825,76.89%,
Single,VW_DH_VW_VF_nzoth_yogg_cthun_3150253483417071_Mis_IV_DR,32825,76.88%,
Single,VW_DH_VW_VF_yshaarj_nzoth_yogg_4049524072177135_Mis_IV_DR_DS,32823,76.88%,
Single,VW_DH_VW_VF_yshaarj_nzoth_cthun_3696297371819503_Mis_AM_ME,32823,76.88%,
Single,VW_DH_VW_VF_nzoth_yogg_cthun_3132936175280109_Mis_IV_DR,32823,76.88%,
Single,VW_DH_VW_VF_yshaarj_nzoth_yogg_3977499618106863_Mis_IV_ME,32822,76.87%,
Single,VW_DH_TV_VF_nzoth_yogg_cthun_3133363524525551_IN_AM_DR_DS,32820,76.86%,
Single,AR_SW_VF_yshaarj_nzoth_yogg_4014400761355759_IN_AM_DR,32820,76.86%,
Single,AR_EC_VF_nzoth_yogg_cthun_3132867313270255_IN_IV_ME,32820,76.86%,
Single,VW_DH_TV_VF_nzoth_yogg_cthun_3132806253043183_IN_AM_DR_DS,32819,76.86%,
Single,VW_DH_VW_VF_nzoth_yogg_cthun_3134996685840365_Mis_AM_ME,32819,76.85%,
Single,AR_SP_VF_yshaarj_nzoth_yogg_4013302390054893_Mis_AM_DR,32819,76.85%,
Single,AR_SW_VF_nzoth_yogg_cthun_3132858790445037_IN_AM_ME,32818,76.85%,
Single,VW_DH_TV_VF_yshaarj_nzoth_yogg_3977498544889327_IN_AM_ME,32818,76.85%,
Single,AR_EC_VF_yshaarj_nzoth_yogg_4013302322954221_Mis_IV_DR,32818,76.85%,
Single,VW_DH_VW_VF_nzoth_yogg_cthun_3132927585345023_IN_AM_ME,32817,76.84%,
Single,AR_SW_VF_nzoth_yogg_cthun_3132875903205357_IN_IV_ME_DS,32817,76.84%,
Single,AR_SW_VF_nzoth_yogg_cthun_3132858790436351_IN_IV_DR,32817,76.84%,
Single,VW_DH_VW_VF_yshaarj_nzoth_yogg_3977515724234733_Mis_IV_DR_DS,32816,76.84%,
Single,VW_DH_VW_VF_nzoth_yogg_cthun_3132927652454381_Mis_IV_DR,32815,76.83%,
Single,VW_DH_TV_VF_nzoth_yogg_cthun_3132944765214191_IN_AM_ME_DS,32814,76.83%,
Single,AR_EC_VF_yshaarj_nzoth_yogg_4013438688157183_IN_AM_DR,32814,76.83%,
Single,VW_DH_VW_VF_yshaarj_nzoth_yogg_3977635983319021_Mis_AM_ME,32814,76.83%,
Single,VW_DH_TV_VF_nzoth_yogg_cthun_3150244960591343_Mis_IV_ME,32814,76.83%,
Single,AR_SW_VF_nzoth_yogg_cthun_3132859864178159_IN_AM_DR,32814,76.83%,
Single,AR_SP_VF_nzoth_yogg_cthun_3169159854022637_Mis_IV_ME_DS,32813,76.82%,
Single,VW_DH_TV_VF_nzoth_yogg_cthun_3132808400002543_IN_AM_ME_DS,32813,76.82%,
Single,VW_DH_VW_VF_nzoth_yogg_cthun_3150245967224813_Mis_AM_DR,32813,76.82%,
Single,AR_EC_VF_nzoth_yogg_cthun_3132867313786351_IN_IV_ME,32813,76.82%,
Single,AR_SP_VF_nzoth_yogg_cthun_3132996162289645_Mis_IV_DR,32812,76.82%,
Single,VW_DH_VW_VF_nzoth_yogg_cthun_3132806252518911_IN_AM_ME_DS,32812,76.82%,
Single,AR_EC_VF_yshaarj_nzoth_yogg_4013576194219503_Mis_IV_ME,32811,76.81%,
Single,AR_SP_VF_yshaarj_nzoth_yogg_4013576194220013_Mis_AM_DR,32811,76.81%,
Single,AR_EC_VF_nzoth_yogg_cthun_3132867380371437_Mis_IV_DR,32811,76.81%,
Single,VW_DH_VW_VF_yshaarj_nzoth_yogg_3977651015704557_Mis_AM_DR_DS,32811,76.81%,
Single,AR_SW_VF_yshaarj_nzoth_yogg_4014409351290861_IN_IV_DR_DS,32811,76.81%,
Single,AR_EC_VF_yshaarj_nzoth_yogg_4013309906255853_IN_IV_DR_DS,32810,76.81%,
Single,AR_SP_VF_yshaarj_nzoth_yogg_4013302323470317_IN_AM_DR,32810,76.81%,
Single,VW_DH_TV_VF_nzoth_yogg_cthun_3133348492140015_IN_AM_ME,32810,76.80%,
Single,AR_SW_VF_yshaarj_nzoth_yogg_4013438688165869_Mis_AM_DR,32810,76.80%,
Single,VW_DH_VW_VF_yshaarj_nzoth_yogg_4049523065544685_Mis_IV_ME_DS,32810,76.80%,
Single,AR_SP_VF_yshaarj_nzoth_yogg_4013438755266031_Mis_AM_DR,32809,76.80%,
Single,VW_DH_VW_VF_nzoth_yogg_cthun_3132808400002543_IN_AM_ME_DS,32807,76.79%,
Single,AR_SP_VF_yshaarj_nzoth_yogg_4013302390054893_IN_AM_ME,32807,76.79%,
Single,AR_EC_VF_yshaarj_nzoth_yogg_4013318496181743_IN_IV_ME_DS,32807,76.79%,
Single,AR_SP_VF_yshaarj_nzoth_yogg_4013309906771949_IN_IV_DR_DS,32806,76.78%,
Single,VW_DH_TV_VF_nzoth_yogg_cthun_3132926511611375_Mis_IV_ME,32806,76.78%,
Single,AR_SP_VF_nzoth_yogg_cthun_3132858790961133_Mis_IV_ME,32806,76.78%,
Single,VW_DH_TV_VF_yshaarj_nzoth_yogg_3977498544365055_IN_AM_DR,32805,76.78%,
Single,VW_DH_TV_VF_nzoth_yogg_cthun_3132806253043183_IN_AM_ME_DS,32804,76.78%,
Single,VW_DH_TV_VF_yshaarj_nzoth_yogg_3977634909576687_Mis_IV_DR,32804,76.78%,
Single,AR_EC_VF_yshaarj_nzoth_yogg_4013851072126447_IN_AM_DR,32804,76.78%,
Single,VW_DH_VW_VF_nzoth_yogg_cthun_3150518697647599_Mis_AM_DR,32804,76.77%,
Single,VW_DH_VW_VF_nzoth_yogg_cthun_3132942618254831_IN_AM_DR_DS,32804,76.77%,
Single,VW_DH_VW_VF_nzoth_yogg_cthun_3150245967224303_Mis_IV_ME,32804,76.77%,
Single,AR_SW_VF_yshaarj_nzoth_yogg_4013318496182253_IN_IV_ME_DS,32804,76.77%,
Single,VW_DH_VW_VF_yshaarj_nzoth_yogg_3977513643859439_Mis_IV_ME_DS,32804,76.77%,
Single,AR_SW_VF_yshaarj_nzoth_yogg_4013301316321261_IN_AM_DR,32804,76.77%,
Single,VW_DH_VW_VF_yshaarj_nzoth_yogg_4049660437388783_Mis_IV_ME_DS,32804,76.77%,
Single,AR_SW_VF_yshaarj_nzoth_yogg_4013302390054893_Mis_AM_DR,32803,76.77%,
Single,AR_SW_VF_yshaarj_nzoth_yogg_4013302323470317_IN_AM_DR,32803,76.77%,
Single,VW_DH_VW_VF_nzoth_yogg_cthun_3132926578712047_Mis_IV_DR,32803,76.77%,
Single,VW_DH_VW_VF_nzoth_yogg_cthun_3132942617738735_IN_AM_ME_DS,32802,76.76%,
Single,AR_EC_VF_nzoth_yogg_cthun_3132859797077997_IN_AM_DR,32802,76.76%,
Single,AR_SW_VF_nzoth_yogg_cthun_3132859058872301_Mis_AM_DR,32802,76.76%,
Single,AR_SP_VF_nzoth_yogg_cthun_3132875903721453_IN_IV_DR_DS,32800,76.75%,
Single,AR_SW_VF_yshaarj_nzoth_yogg_4013318429597677_IN_IV_DR_DS,32799,76.75%,
Single,AR_EC_VF_nzoth_yogg_cthun_3169159854022637_IN_AM_ME_DS,32799,76.75%,
Single,AR_SW_VF_nzoth_yogg_cthun_3169151196987373_Mis_AM_DR,32799,76.74%,
Single,VW_DH_TV_VF_nzoth_yogg_cthun_3133348492140015_IN_AM_DR,32798,76.74%,
Single,AR_EC_VF_nzoth_yogg_cthun_3169151197502959_IN_AM_DR,32798,76.74%,
Single,VW_DH_TV_VF_yshaarj_nzoth_yogg_3977498544889327_IN_AM_DR,32798,76.74%,
Single,AR_SW_VF_yshaarj_nzoth_yogg_4013438688165359_Mis_IV_DR,32798,76.74%,
Single,AR_SW_VF_nzoth_yogg_cthun_3150313537527279_Mis_AM_ME,32797,76.74%,
Single,VW_DH_VW_VF_nzoth_yogg_cthun_3132858865868287_Mis_AM_DR,32796,76.73%,
Single,AR_EC_VF_yshaarj_nzoth_yogg_4013318429597167_IN_IV_DR_DS,32794,76.72%,
Single,AR_SW_VF_nzoth_yogg_cthun_3132996162289645_Mis_IV_DR,32794,76.72%,
Single,AR_EC_VF_yshaarj_nzoth_yogg_4014400761355759_IN_AM_ME,32794,76.72%,
Single,AR_SP_VF_yshaarj_nzoth_yogg_4013318496182253_Mis_IV_DR_DS,32794,76.72%,
Single,VW_DH_TV_VF_yshaarj_nzoth_yogg_4049660437389293_Mis_IV_DR_DS,32794,76.72%,
Single,AR_SP_VF_yshaarj_nzoth_yogg_4013438688681965_Mis_AM_DR,32792,76.71%,
Single,AR_EC_VF_yshaarj_nzoth_yogg_4013438688157183_Mis_IV_DR,32792,76.71%,
Single,VW_DH_TV_VF_nzoth_yogg_cthun_3150259992977389_Mis_IV_ME_DS,32792,76.71%,
Single,VW_DH_VW_VF_nzoth_yogg_cthun_3132798736850415_IN_AM_DR,32792,76.71%,
Single,AR_EC_VF_nzoth_yogg_cthun_3169159787438061_IN_AM_DR_DS,32792,76.71%,
Single,VW_DH_TV_VF_nzoth_yogg_cthun_3132798736850415_IN_AM_DR,32792,76.71%,
Single,AR_SP_VF_yshaarj_nzoth_yogg_4014400760831487_IN_IV_ME,32791,76.71%,
Single,AR_EC_VF_yshaarj_nzoth_yogg_4013576194220013_Mis_AM_ME,32791,76.71%,
Single,AR_SW_VF_yshaarj_nzoth_yogg_4013302390054383_IN_AM_DR,32791,76.70%,
Single,VW_DH_VW_VF_nzoth_yogg_cthun_3135012791967725_Mis_IV_DR_DS,32791,76.70%,
Single,VW_DH_VW_VF_nzoth_yogg_cthun_3135004202556911_IN_AM_ME_DS,32790,76.70%,
Single,AR_SW_VF_yshaarj_nzoth_yogg_4013576127118831_IN_IV_ME,32790,76.70%,
Single,AR_SW_VF_yshaarj_nzoth_yogg_4013301316321261_Mis_IV_DR,32790,76.70%,
Single,VW_DH_VW_VF_nzoth_yogg_cthun_3150252409675247_Mis_AM_DR,32790,76.70%,
Single,VW_DH_TV_VF_nzoth_yogg_cthun_3150243819749357_Mis_AM_ME,32786,76.68%,
Single,AR_SP_VF_yshaarj_nzoth_yogg_4014400761355759_IN_AM_DR,32786,76.68%,
Single,AR_SW_VF_yshaarj_nzoth_yogg_4014400760840173_IN_AM_ME,32786,76.67%,
Single,AR_SP_VF_yshaarj_nzoth_yogg_4014400760840173_IN_AM_ME,32786,76.67%,
Single,AR_EC_VF_nzoth_yogg_cthun_3132859058871791_IN_AM_DR,32785,76.67%,
Single,VW_DH_TV_VF_yshaarj_nzoth_yogg_4049531588369903_Mis_IV_DR_DS,32784,76.67%,
Single,AR_SW_VF_nzoth_yogg_cthun_3132867313786861_IN_AM_ME,32782,76.65%,
Single,AR_EC_VF_nzoth_yogg_cthun_3132859864178159_IN_AM_ME,32782,76.65%,
Single,AR_EC_VF_yshaarj_nzoth_yogg_3977567121825263_IN_IV_DR,32782,76.65%,
Single,AR_SP_VF_yshaarj_nzoth_yogg_4013302390054383_Mis_IV_DR,32781,76.65%,
Single,VW_DH_VW_VF_nzoth_yogg_cthun_3132943691472877_Mis_IV_DR_DS,32781,76.65%,
Single,AR_EC_VF_yshaarj_nzoth_yogg_4014409417875437_IN_AM_DR_DS,32780,76.65%,
Single,VW_DH_TV_VF_yshaarj_nzoth_yogg_4049522998435327_IN_AM_ME_DS,32780,76.64%,
Single,AR_EC_VF_nzoth_yogg_cthun_3132996229389807_Mis_IV_ME,32779,76.64%,
Single,VW_DH_TV_VF_nzoth_yogg_cthun_3132935101537775_Mis_IV_ME,32778,76.63%,
Single,AR_SW_VF_yshaarj_nzoth_yogg_4013851005025775_IN_IV_DR,32777,76.63%,
Single,VW_DH_TV_VF_nzoth_yogg_cthun_3135004202032639_IN_AM_ME_DS,32777,76.63%,
Single,AR_SW_VF_yshaarj_nzoth_yogg_3977567121825263_IN_IV_ME,32776,76.62%,
Single,AR_SP_VF_nzoth_yogg_cthun_3132867380371437_Mis_IV_DR,32775,76.62%,
Single,AR_SW_VF_yshaarj_nzoth_yogg_4013301584748525_Mis_AM_ME,32774,76.61%,
Single,VW_DH_VW_VF_yshaarj_nzoth_yogg_3977497470623231_Mis_AM_DR,32774,76.61%,
Single,AR_EC_VF_nzoth_yogg_cthun_3132867380371437_Mis_IV_ME,32774,76.61%,
Single,AR_SP_VF_yshaarj_nzoth_yogg_4013318429081581_IN_IV_DR_DS,32773,76.61%,
Single,AR_EC_VF_yshaarj_nzoth_yogg_4013301584748015_IN_AM_ME,32773,76.61%,
Single,VW_DH_TV_VF_nzoth_yogg_cthun_3132798736326143_IN_AM_DR,32773,76.61%,
Single,AR_SW_VF_nzoth_yogg_cthun_3132858723860461_IN_AM_DR,32773,76.60%,
Single,VW_DH_VW_VF_nzoth_yogg_cthun_3132935101538285_Mis_AM_ME,32771,76.60%,
Single,VW_DH_VW_VF_nzoth_yogg_cthun_3150268515803117_Mis_IV_ME_DS,32771,76.60%,
Single,AR_EC_VF_nzoth_yogg_cthun_3169151264087535_IN_AM_ME,32771,76.59%,
Single,AR_SW_VF_nzoth_yogg_cthun_3132858790436351_IN_IV_ME,32770,76.59%,
Single,VW_DH_TV_VF_nzoth_yogg_cthun_3132791220142061_Mis_IV_DR,32770,76.59%,
Single,AR_EC_VF_yshaarj_nzoth_yogg_4013851005542381_IN_AM_DR,32770,76.59%,
Single,VW_DH_VW_VF_nzoth_yogg_cthun_3132926578712557_Mis_AM_ME,32770,76.59%,
Single,VW_DH_VW_VF_yshaarj_nzoth_yogg_3977497471148013_Mis_AM_DR,32769,76.58%,
Single,VW_DH_TV_VF_nzoth_yogg_cthun_3132798736334319_IN_AM_ME,32768,76.58%,
Single,AR_EC_VF_yshaarj_nzoth_yogg_3977567188410349_IN_AM_DR,32768,76.58%,
Single,VW_DH_TV_VF_nzoth_yogg_cthun_3132799810068461_Mis_IV_DR,32768,76.58%,
Single,VW_DH_VW_VF_nzoth_yogg_cthun_3132807326785517_IN_AM_ME_DS,32768,76.58%,
Single,VW_DH_VW_VF_nzoth_yogg_cthun_3150534803775469_Mis_IV_ME_DS,32768,76.58%,
Single,AR_SP_VF_yshaarj_nzoth_yogg_4014400760840173_IN_AM_DR,32767,76.58%,
Single,AR_SP_VF_yshaarj_nzoth_yogg_4013301584748015_IN_AM_ME,32767,76.57%,
Single,AR_SP_VF_nzoth_yogg_cthun_3150313470943213_Mis_AM_DR,32767,76.57%,
Single,AR_EC_VF_yshaarj_nzoth_yogg_4013318429597677_IN_IV_ME_DS,32767,76.57%,
Single,AR_EC_VF_yshaarj_nzoth_yogg_4013447278616557_IN_IV_ME_DS,32766,76.57%,
Single,AR_SW_VF_nzoth_yogg_cthun_3169151264088045_Mis_AM_ME,32766,76.57%,
Single,AR_EC_VF_nzoth_yogg_cthun_3132858723859951_IN_IV_ME,32766,76.57%,
Single,AR_EC_VF_nzoth_yogg_cthun_3132867313786351_IN_IV_DR,32765,76.57%,
Single,VW_DH_TV_VF_nzoth_yogg_cthun_3132813835820527_IN_AM_ME_DS,32765,76.56%,
Single,AR_SP_VF_nzoth_yogg_cthun_3132996229389807_Mis_IV_ME,32765,76.56%,
Single,AR_SP_VF_nzoth_yogg_cthun_3132875903205357_IN_IV_ME_DS,32765,76.56%,
Single,AR_SW_VF_nzoth_yogg_cthun_3132867380371437_Mis_IV_DR,32764,76.56%,
Single,VW_DH_VW_VF_nzoth_yogg_cthun_3132806253043183_IN_AM_DR_DS,32763,76.56%,
Single,VW_DH_VW_VF_yshaarj_nzoth_yogg_3977514650492909_Mis_AM_ME_DS,32763,76.55%,
Single,AR_SP_VF_nzoth_yogg_cthun_3132858790445037_IN_AM_DR,32763,76.55%,
Single,AR_SP_VF_yshaarj_nzoth_yogg_4013438688681455_Mis_IV_ME,32763,76.55%,
Single,AR_EC_VF_yshaarj_nzoth_yogg_4013301249736685_Mis_IV_DR,32763,76.55%,
Single,VW_DH_TV_VF_yshaarj_nzoth_yogg_3977497537732589_Mis_IV_DR,32762,76.55%,
Single,AR_SP_VF_nzoth_yogg_cthun_3132867313786861_IN_AM_DR,32762,76.55%,
Single,AR_SP_VF_yshaarj_nzoth_yogg_4013302323469807_IN_IV_ME,32761,76.54%,
Single,VW_DH_TV_VF_yshaarj_nzoth_yogg_3977513576758767_IN_AM_ME_DS,32760,76.54%,
Single,AR_EC_VF_nzoth_yogg_cthun_3150313470418431_IN_AM_DR,32759,76.53%,
Single,AR_EC_VF_yshaarj_nzoth_yogg_4014409417874927_IN_IV_ME_DS,32759,76.53%,
Single,AR_SW_VF_yshaarj_nzoth_yogg_4014409417874927_IN_IV_DR_DS,32758,76.53%,
Single,AR_SW_VF_yshaarj_nzoth_yogg_4013302322954221_IN_AM_DR,32757,76.52%,
Single,AR_EC_VF_yshaarj_nzoth_yogg_4014409417874927_IN_IV_DR_DS,32757,76.52%,
Single,AR_EC_VF_yshaarj_nzoth_yogg_4013851072126447_Mis_IV_DR,32757,76.52%,
Single,VW_DH_TV_VF_yshaarj_nzoth_yogg_3977513577274863_IN_AM_DR_DS,32757,76.52%,
Single,AR_EC_VF_yshaarj_nzoth_yogg_4013576127118831_IN_IV_ME,32756,76.52%,
Single,VW_DH_VW_VF_nzoth_yogg_cthun_3150244960591343_Mis_IV_ME,32756,76.51%,
Single,VW_DH_VW_VF_nzoth_yogg_cthun_3132942617739245_Mis_IV_DR_DS,32755,76.51%,
Single,AR_SP_VF_nzoth_yogg_cthun_3132859058871791_IN_AM_DR,32755,76.51%,
Single,AR_SW_VF_nzoth_yogg_cthun_3169159787438061_IN_AM_DR_DS,32754,76.50%,
Single,AR_EC_VF_nzoth_yogg_cthun_3132858790445037_IN_AM_DR,32752,76.49%,
Single,VW_DH_TV_VF_nzoth_yogg_cthun_3132926578712047_Mis_IV_ME,32752,76.49%,
Single,VW_DH_TV_VF_nzoth_yogg_cthun_3132791220142061_Mis_IV_ME,32752,76.49%,
Single,AR_SW_VF_yshaarj_nzoth_yogg_4013302390054383_Mis_IV_DR,32752,76.49%,
Single,AR_SP_VF_nzoth_yogg_cthun_3169151264087535_IN_AM_ME,32751,76.49%,
Single,VW_DH_TV_VF_nzoth_yogg_cthun_3132927585353709_Mis_IV_ME,32749,76.48%,
Single,VW_DH_VW_VF_nzoth_yogg_cthun_3132813835820527_IN_AM_ME_DS,32748,76.47%,
Single,VW_DH_VW_VF_yshaarj_nzoth_yogg_3977513577275373_Mis_IV_ME_DS,32748,76.47%,
Single,AR_SP_VF_yshaarj_nzoth_yogg_4013438688165869_Mis_AM_DR,32748,76.47%,
Single,VW_DH_VW_VF_nzoth_yogg_cthun_3150243819749357_Mis_AM_ME,32748,76.47%,
Single,VW_DH_VW_VF_nzoth_yogg_cthun_3132797662592495_Mis_IV_DR,32747,76.47%,
Single,AR_EC_VF_yshaarj_nzoth_yogg_4013447278100461_IN_IV_ME_DS,32747,76.47%,
Single,AR_SP_VF_nzoth_yogg_cthun_3150313470418431_IN_AM_DR,32746,76.46%,
Single,VW_DH_VW_VF_nzoth_yogg_cthun_3132943691472877_Mis_IV_ME_DS,32746,76.46%,
Single,AR_SP_VF_nzoth_yogg_cthun_3169151196978687_IN_IV_DR,32745,76.46%,
Single,VW_DH_VW_VF_nzoth_yogg_cthun_3135004202041325_Mis_IV_DR_DS,32744,76.45%,
Single,AR_SP_VF_yshaarj_nzoth_yogg_4014400760840173_Mis_IV_ME,32744,76.45%,
Single,VW_DH_VW_VF_nzoth_yogg_cthun_3135004202032639_IN_AM_ME_DS,32744,76.45%,
Single,AR_SW_VF_yshaarj_nzoth_yogg_3977567121825263_IN_IV_DR,32744,76.45%,
Single,AR_EC_VF_yshaarj_nzoth_yogg_4013576127634927_IN_IV_ME,32743,76.45%,
Single,AR_SW_VF_yshaarj_nzoth_yogg_4013302322954221_Mis_IV_DR,32743,76.44%,
Single,VW_DH_TV_VF_yshaarj_nzoth_yogg_3977497470631917_Mis_IV_ME,32743,76.44%,
Single,AR_SP_VF_nzoth_yogg_cthun_3132858790436351_IN_IV_ME,32742,76.44%,
Single,AR_SW_VF_yshaarj_nzoth_yogg_4013302322945535_IN_IV_DR,32742,76.44%,
Single,AR_EC_VF_yshaarj_nzoth_yogg_4013318429081581_IN_IV_ME_DS,32741,76.43%,
Single,AR_SW_VF_nzoth_yogg_cthun_3132996162805231_IN_AM_DR,32740,76.43%,
Single,AR_EC_VF_yshaarj_nzoth_yogg_4013302323469807_IN_IV_ME,32740,76.43%,
Single,VW_DH_VW_VF_nzoth_yogg_cthun_3132806252527597_Mis_IV_DR_DS,32740,76.43%,
Single,AR_EC_VF_nzoth_yogg_cthun_3132867313270255_IN_IV_DR,32740,76.43%,
Single,VW_DH_TV_VF_nzoth_yogg_cthun_3150534803775469_Mis_IV_ME_DS,32740,76.43%,
Single,AR_EC_VF_yshaarj_nzoth_yogg_4013301584748015_Mis_AM_ME,32739,76.42%,
Single,AR_SP_VF_yshaarj_nzoth_yogg_4013447278616557_IN_IV_ME_DS,32739,76.42%,
Single,AR_SW_VF_yshaarj_yogg_cthun_2043251290144749_IN_IV_DR,32739,76.42%,
Single,VW_DH_VW_VF_nzoth_yogg_cthun_3132791220142061_Mis_IV_ME,32738,76.42%,
Single,AR_SP_VF_nzoth_yogg_cthun_3132858723859951_IN_IV_ME,32738,76.42%,
Single,AR_SW_VF_yshaarj_nzoth_yogg_3977567188409839_IN_IV_DR,32737,76.41%,
Single,AR_EC_VF_yshaarj_nzoth_yogg_4013438688165869_Mis_AM_ME,32737,76.41%,
Single,AR_SW_VF_yshaarj_nzoth_yogg_4014400760840173_Mis_IV_DR,32736,76.41%,
Single,AR_EC_VF_nzoth_yogg_cthun_3132996162805231_IN_AM_ME,32736,76.41%,
Single,AR_EC_VF_nzoth_yogg_cthun_3132859797069311_IN_IV_ME,32735,76.40%,
Single,AR_SW_VF_nzoth_yogg_cthun_3150313470943213_Mis_AM_ME,32735,76.40%,
Single,AR_EC_VF_yshaarj_nzoth_yogg_4013584717053933_IN_IV_DR_DS,32735,76.40%,
Single,AR_SP_VF_nzoth_yogg_cthun_3132858790445037_IN_AM_ME,32734,76.40%,
Single,AR_SW_VF_yshaarj_nzoth_yogg_4013576194219503_Mis_IV_DR,32734,76.40%,
Single,AR_EC_VF_yshaarj_nzoth_yogg_4013584717570029_IN_IV_DR_DS,32734,76.39%,
Single,AR_EC_VF_yshaarj_nzoth_yogg_4013851005542381_Mis_IV_DR,32734,76.39%,
Single,AR_SP_VF_nzoth_yogg_cthun_3132867313270255_IN_IV_DR,32733,76.39%,
Single,VW_DH_VW_VF_yshaarj_nzoth_yogg_3977497537732079_Mis_AM_ME,32732,76.39%,
Single,VW_DH_VW_VF_nzoth_yogg_cthun_3132876045737455_Mis_AM_ME_DS,32731,76.38%,
Single,AR_EC_VF_nzoth_yogg_cthun_3132858790961133_Mis_IV_DR,32731,76.38%,
Single,AR_EC_VF_yshaarj_nzoth_yogg_4013301316321261_IN_AM_ME,32730,76.37%,
Single,AR_SW_VF_yshaarj_nzoth_yogg_4013851005026285_IN_IV_ME,32730,76.37%,
Single,AR_EC_VF_nzoth_yogg_cthun_3132858723859951_IN_IV_DR,32729,76.37%,
Single,AR_EC_VF_nzoth_yogg_cthun_3132867313270765_IN_AM_ME,32729,76.37%,
Single,AR_SP_VF_yshaarj_nzoth_yogg_4013310174683117_Mis_IV_DR_DS,32729,76.37%,
Single,VW_DH_TV_VF_nzoth_yogg_cthun_3132791287242733_Mis_IV_DR,32728,76.37%,
Single,VW_DH_VW_VF_nzoth_yogg_cthun_3132944765214191_IN_AM_ME_DS,32728,76.37%,
Single,VW_DH_TV_VF_nzoth_yogg_cthun_3132797662592495_Mis_IV_DR,32727,76.36%,
Single,AR_EC_VF_yshaarj_nzoth_yogg_4013318496182253_Mis_IV_ME_DS,32727,76.36%,
Single,AR_SW_VF_yshaarj_nzoth_yogg_4013301316312575_IN_IV_DR,32726,76.35%,
Single,AR_EC_VF_nzoth_yogg_cthun_3132858790445037_Mis_IV_DR,32726,76.35%,
Single,AR_SP_VF_yshaarj_nzoth_yogg_4013301584748525_Mis_AM_ME,32724,76.34%,
Single,AR_EC_VF_yshaarj_nzoth_yogg_4013851005017599_IN_IV_DR,32724,76.34%,
Single,AR_SP_VF_yshaarj_nzoth_yogg_3977567188410349_IN_AM_ME,32723,76.34%,
Single,VW_DH_VW_VF_nzoth_yogg_cthun_3132797663109101_Mis_IV_DR,32723,76.34%,
Single,VW_DH_TV_VF_nzoth_yogg_cthun_3152458949124077_Mis_AM_DR_DS,32723,76.34%,
Single,VW_DH_TV_VF_nzoth_yogg_cthun_3132858865868287_Mis_AM_DR,32723,76.34%,
Single,AR_SP_VF_yshaarj_nzoth_yogg_4013576127635437_Mis_IV_ME,32723,76.34%,
Single,VW_DH_VW_VF_nzoth_yogg_cthun_3150244960591853_Mis_AM_DR,32722,76.33%,
Single,AR_EC_VF_nzoth_yogg_cthun_3169151197503469_Mis_AM_ME,32722,76.33%,
Single,AR_EC_VF_yshaarj_nzoth_yogg_4013318429597677_IN_AM_DR_DS,32722,76.33%,
Single,AR_SW_VF_nzoth_yogg_cthun_3169159787437551_IN_IV_DR_DS,32722,76.33%,
Single,AR_SP_VF_yshaarj_nzoth_yogg_4013309906255853_IN_IV_DR_DS,32722,76.33%,
Single,VW_DH_VW_VF_nzoth_yogg_cthun_3135004202041325_Mis_IV_ME_DS,32722,76.33%,
Single,AR_SW_VF_yshaarj_nzoth_yogg_4013309906771949_IN_IV_DR_DS,32721,76.33%,
Single,AR_SW_VF_nzoth_yogg_cthun_3169151197502959_IN_AM_DR,32721,76.33%,
Single,VW_DH_TV_VF_nzoth_yogg_cthun_3150245967224813_Mis_AM_ME,32721,76.32%,
Single,VW_DH_VW_VF_nzoth_yogg_cthun_3150243820265453_Mis_AM_DR,32720,76.32%,
Single,VW_DH_VW_VF_yshaarj_nzoth_yogg_3977513643859439_Mis_IV_DR_DS,32720,76.32%,
Single,AR_SW_VF_nzoth_yogg_cthun_3132859797594093_Mis_IV_ME,32720,76.32%,
Single,VW_DH_VW_VF_nzoth_yogg_cthun_3135012791967725_Mis_IV_ME_DS,32720,76.32%,
Single,VW_DH_TV_VF_nzoth_yogg_cthun_3150253483417581_Mis_AM_DR,32719,76.32%,
Single,AR_EC_VF_nzoth_yogg_cthun_3169151196978687_IN_IV_DR,32719,76.31%,
Single,VW_DH_TV_VF_nzoth_yogg_cthun_3150259925876207_Mis_IV_DR_DS,32718,76.31%,
Single,AR_SP_VF_yshaarj_nzoth_yogg_4013302323470317_Mis_IV_ME,32717,76.31%,
Single,VW_DH_VW_VF_nzoth_yogg_cthun_3132799810068461_Mis_IV_DR,32717,76.31%,
Single,VW_DH_VW_VF_nzoth_yogg_cthun_3150259925876717_Mis_IV_ME_DS,32717,76.30%,
Single,VW_DH_TV_VF_yshaarj_nzoth_cthun_3696313477947373_Mis_IV_DR_DS,32717,76.30%,
Single,AR_SW_VF_yshaarj_nzoth_yogg_4013584784154605_IN_IV_ME_DS,32717,76.30%,
Single,AR_SP_VF_nzoth_yogg_cthun_3132859797077997_Mis_IV_DR,32717,76.30%,
Single,AR_EC_VF_yshaarj_nzoth_yogg_4013302323470317_Mis_IV_ME,32716,76.30%,
Single,VW_DH_TV_VF_nzoth_yogg_cthun_3132807393369583_IN_AM_ME_DS,32716,76.30%,
Single,VW_DH_VW_VF_yshaarj_nzoth_yogg_3977514650492909_Mis_AM_DR_DS,32715,76.30%,
Single,VW_DH_TV_VF_yshaarj_nzoth_yogg_3977634909576687_Mis_IV_ME,32715,76.30%,
Single,AR_EC_VF_nzoth_yogg_cthun_3132875903205357_IN_IV_DR_DS,32715,76.29%,
Single,AR_EC_VF_nzoth_yogg_cthun_3132867313786861_IN_AM_ME,32714,76.29%,
Single,AR_SW_VF_yshaarj_nzoth_yogg_3977567188410349_IN_AM_ME,32713,76.28%,
Single,AR_SP_VF_nzoth_yogg_cthun_3132996162805231_IN_AM_DR,32713,76.28%,
Single,AR_SW_VF_yshaarj_nzoth_yogg_4013576194220013_Mis_AM_ME,32712,76.28%,
Single,AR_SW_VF_yshaarj_nzoth_yogg_4013301316836847_IN_AM_DR,32712,76.28%,
Single,AR_SW_VF_nzoth_yogg_cthun_3132858790961133_Mis_IV_DR,32711,76.27%,
Single,VW_DH_TV_VF_nzoth_yogg_cthun_3150253483417071_Mis_IV_ME,32710,76.27%,
Single,AR_SW_VF_nzoth_yogg_cthun_3150313470426607_IN_AM_ME,32710,76.27%,
Single,AR_SW_VF_yshaarj_nzoth_yogg_4014400760840173_Mis_IV_ME,32710,76.27%,
Single,AR_SP_VF_nzoth_yogg_cthun_3132859797077997_IN_AM_DR,32709,76.26%,
Single,VW_DH_TV_VF_nzoth_yogg_cthun_3132815916195311_IN_AM_DR_DS,32709,76.26%,
Single,AR_EC_VF_nzoth_yogg_cthun_3150313470427117_Mis_AM_DR,32709,76.26%,
Single,AR_EC_VF_yshaarj_nzoth_yogg_4013301584748015_Mis_AM_DR,32708,76.26%,
Single,VW_DH_TV_VF_yshaarj_nzoth_yogg_4049531588370413_Mis_IV_ME_DS,32708,76.26%,
Single,AR_SP_VF_nzoth_yogg_cthun_3169159854022127_IN_IV_ME_DS,32707,76.25%,
Single,VW_DH_TV_VF_yshaarj_nzoth_yogg_3979696493879277_Mis_AM_DR,32707,76.25%,
Single,AR_SP_VF_yshaarj_nzoth_yogg_3977567188410349_IN_AM_DR,32707,76.25%,
Single,VW_DH_VW_VF_nzoth_yogg_cthun_3150243819748847_Mis_AM_DR,32706,76.25%,
Single,AR_SW_VF_yshaarj_nzoth_yogg_4014409351290861_IN_IV_ME_DS,32706,76.25%,
Single,AR_SW_VF_yshaarj_nzoth_yogg_4013318496182253_IN_AM_DR_DS,32703,76.23%,
Single,AR_EC_VF_yshaarj_nzoth_yogg_4013438688681455_IN_AM_ME,32703,76.23%,
Single,AR_SP_VF_yshaarj_nzoth_yogg_4013438688165869_IN_AM_ME,32702,76.23%,
Single,AR_SW_VF_yshaarj_nzoth_yogg_4014409350774765_IN_IV_DR_DS,32702,76.23%,
Single,AR_SW_VF_yshaarj_nzoth_yogg_4013301584748015_Mis_AM_DR,32702,76.22%,
Single,VW_DH_VW_VF_nzoth_yogg_cthun_3150253483417071_Mis_IV_ME,32702,76.22%,
Single,AR_SP_VF_yshaarj_nzoth_yogg_4013438688681965_IN_AM_ME,32702,76.22%,
Single,AR_SP_VF_yshaarj_nzoth_yogg_4013302390054383_Mis_IV_ME,32702,76.22%,
Single,VW_DH_TV_VF_nzoth_yogg_cthun_3135004202041325_Mis_IV_DR_DS,32701,76.22%,
Single,AR_EC_VF_nzoth_yogg_cthun_3150313470427117_Mis_AM_ME,32701,76.22%,
Single,AR_EC_VF_yshaarj_nzoth_yogg_4013576127119341_IN_AM_ME,32701,76.22%,
Single,AR_EC_VF_yshaarj_nzoth_yogg_4013576127635437_IN_AM_ME,32701,76.22%,
Single,VW_DH_TV_VF_nzoth_yogg_cthun_3150244894007277_Mis_IV_ME,32701,76.22%,
Single,AR_SP_VF_yshaarj_nzoth_yogg_4013438688157183_IN_IV_ME,32701,76.22%,
Single,AR_SP_VF_yshaarj_nzoth_yogg_4013447278100461_IN_IV_ME_DS,32700,76.22%,
Single,AR_EC_VF_yshaarj_nzoth_yogg_4013447345200623_IN_IV_ME_DS,32700,76.21%,
Single,VW_DH_TV_VF_yshaarj_nzoth_yogg_3977515724234223_IN_AM_ME_DS,32700,76.21%,
Single,AR_SP_VF_nzoth_yogg_cthun_3150313470426607_IN_AM_ME,32700,76.21%,
Single,VW_DH_TV_VF_nzoth_yogg_cthun_3132926511603199_Mis_IV_DR,32700,76.21%,
Single,AR_SW_VF_yshaarj_nzoth_yogg_3977567188410349_IN_AM_DR,32699,76.21%,
Single,AR_SP_VF_yshaarj_yogg_cthun_1988688092717037_IN_IV_DR,32699,76.21%,
Single,VW_DH_VW_VF_yshaarj_nzoth_yogg_4049524072177645_Mis_AM_DR_DS,32699,76.21%,
Single,VW_DH_VW_VF_yshaarj_nzoth_yogg_3977498544889837_Mis_IV_ME,32697,76.20%,
Single,VW_DH_TV_VF_nzoth_yogg_cthun_3132858865868287_Mis_AM_ME,32697,76.20%,
Single,VW_DH_TV_VF_yshaarj_nzoth_yogg_4049515482242543_Mis_AM_DR,32696,76.19%,
Single,VW_DH_VW_VF_nzoth_yogg_cthun_3132799810068461_Mis_IV_ME,32696,76.19%,
Single,AR_EC_VF_yshaarj_yogg_cthun_1988688092717037_IN_IV_DR,32696,76.19%,
Single,VW_DH_TV_VF_nzoth_yogg_cthun_3150259925876717_Mis_IV_ME_DS,32696,76.19%,
Single,VW_DH_VW_VF_yshaarj_nzoth_yogg_4049531588370413_Mis_AM_ME_DS,32696,76.19%,
Single,AR_SW_VF_yshaarj_nzoth_yogg_4013447345201133_Mis_IV_ME_DS,32695,76.19%,
Single,AR_SP_VF_nzoth_yogg_cthun_3132867313270255_IN_IV_ME,32694,76.18%,
Single,AR_SP_VF_yshaarj_nzoth_yogg_4014409417874927_IN_IV_ME_DS,32693,76.18%,
Single,AR_SP_VF_yshaarj_nzoth_yogg_4013851005026285_IN_IV_ME,32693,76.18%,
Single,AR_SP_VF_yshaarj_nzoth_yogg_4013576194219503_IN_AM_DR,32693,76.17%,
Single,VW_DH_VW_VF_nzoth_yogg_cthun_3133363524525551_IN_AM_ME_DS,32693,76.17%,
Single,AR_SW_VF_yshaarj_nzoth_yogg_4013301584748015_IN_AM_ME,32692,76.17%,
Single,VW_DH_TV_VF_nzoth_yogg_cthun_3150260999609839_Mis_IV_DR_DS,32691,76.17%,
Single,AR_SP_VF_nzoth_yogg_cthun_3169159787437551_IN_IV_DR_DS,32691,76.17%,
Single,VW_DH_VW_VF_nzoth_yogg_cthun_3150243820264943_Mis_IV_ME,32690,76.16%,
Single,VW_DH_VW_VF_yshaarj_nzoth_yogg_3977498544889837_Mis_IV_DR,32690,76.16%,
Single,VW_DH_TV_VF_nzoth_yogg_cthun_3150243886849519_Mis_AM_ME,32690,76.16%,
Single,VW_DH_VW_VF_nzoth_yogg_cthun_3150244960591343_Mis_IV_DR,32690,76.16%,
Single,AR_SP_VF_yshaarj_nzoth_yogg_4013447345200623_IN_IV_ME_DS,32689,76.15%,
Single,AR_EC_VF_yshaarj_nzoth_yogg_4013438688165359_IN_AM_DR,32688,76.15%,
Single,AR_SP_VF_nzoth_yogg_cthun_3132875903205357_IN_IV_DR_DS,32688,76.15%,
Single,AR_EC_VF_nzoth_yogg_cthun_3150313470418431_Mis_IV_ME,32688,76.15%,
Single,AR_SW_VF_yshaarj_nzoth_yogg_3977567188409839_IN_IV_ME,32686,76.14%,
Single,VW_DH_TV_VF_nzoth_yogg_cthun_3132942618254831_IN_AM_ME_DS,32686,76.14%,
Single,VW_DH_VW_VF_nzoth_yogg_cthun_3150519771389423_Mis_IV_ME,32686,76.14%,
Single,VW_DH_TV_VF_nzoth_yogg_cthun_3150244893490671_Mis_IV_ME,32686,76.14%,
Single,AR_SW_VF_nzoth_yogg_cthun_3132858790445037_Mis_IV_ME,32686,76.14%,
Single,AR_EC_VF_yshaarj_nzoth_yogg_4013301316312575_IN_IV_ME,32685,76.14%,
Single,AR_EC_VF_yshaarj_nzoth_yogg_3977567121300991_IN_IV_DR,32685,76.13%,
Single,VW_DH_VW_VF_yshaarj_nzoth_yogg_3977513576758767_Mis_IV_ME_DS,32685,76.13%,
Single,AR_EC_VF_yshaarj_nzoth_yogg_4013301249736685_Mis_IV_ME,32684,76.13%,
Single,AR_SW_VF_yshaarj_nzoth_yogg_4013851005542381_Mis_IV_DR,32684,76.13%,
Single,AR_EC_VF_yshaarj_nzoth_yogg_4013851005026285_IN_AM_DR,32684,76.12%,
Single,VW_DH_VW_VF_nzoth_yogg_cthun_3150244894007277_Mis_IV_DR,32683,76.12%,
Single,AR_SW_VF_nzoth_yogg_cthun_3132996162805741_Mis_AM_ME,32683,76.12%,
Single,VW_DH_VW_VF_nzoth_yogg_cthun_3150253483417581_Mis_AM_DR,32683,76.12%,
Single,AR_SW_VF_yshaarj_nzoth_yogg_4013318496182253_Mis_IV_DR_DS,32682,76.12%,
Single,AR_EC_VF_yshaarj_nzoth_yogg_4013851005026285_Mis_IV_DR,32682,76.12%,
Single,AR_EC_VF_yshaarj_nzoth_yogg_4014409350774765_IN_IV_DR_DS,32682,76.11%,
Single,VW_DH_VW_VF_yshaarj_nzoth_yogg_3977498611473903_Mis_IV_DR,32682,76.11%,
Single,VW_DH_TV_VF_yshaarj_nzoth_yogg_3977498544365055_IN_AM_ME,32682,76.11%,
Single,VW_DH_TV_VF_yshaarj_nzoth_yogg_3977634909577197_Mis_AM_DR,32681,76.11%,
Single,VW_DH_VW_VF_nzoth_yogg_cthun_3150519771389933_Mis_AM_DR,32681,76.11%,
Single,AR_SP_VF_yshaarj_nzoth_yogg_4014400827940845_Mis_AM_DR,32681,76.11%,
Single,AR_SW_VF_nzoth_yogg_cthun_3169159787438061_Mis_IV_DR_DS,32680,76.11%,
Single,AR_SP_VF_yshaarj_nzoth_yogg_4013851005542381_Mis_IV_DR,32680,76.11%,
Single,VW_DH_VW_VF_yshaarj_nzoth_yogg_3977499618107373_Mis_AM_ME,32680,76.10%,
Single,AR_EC_VF_nzoth_yogg_cthun_3132875970306029_IN_AM_DR_DS,32678,76.10%,
Single,VW_DH_VW_VF_nzoth_yogg_cthun_3132813768719855_IN_AM_ME_DS,32678,76.09%,
Single,AR_SW_VF_yshaarj_nzoth_yogg_4013851005542381_IN_AM_DR,32678,76.09%,
Single,VW_DH_TV_VF_yshaarj_nzoth_yogg_3977772348530669_Mis_IV_ME,32677,76.09%,
Single,AR_SP_VF_nzoth_yogg_cthun_3150313470418431_Mis_IV_ME,32677,76.09%,
Single,AR_EC_VF_yshaarj_nzoth_yogg_4013302323469807_IN_AM_DR,32677,76.09%,
Single,VW_DH_VW_VF_yshaarj_nzoth_yogg_3977497537732079_Mis_AM_DR,32677,76.09%,
Single,AR_SP_VF_yshaarj_nzoth_yogg_4013584717570029_IN_IV_DR_DS,32676,76.09%,
Single,AR_EC_VF_yshaarj_nzoth_yogg_4013851005542381_Mis_IV_ME,32676,76.08%,
Single,VW_DH_TV_VF_yshaarj_nzoth_yogg_3977497537732589_Mis_IV_ME,32675,76.08%,
Single,VW_DH_TV_VF_nzoth_yogg_cthun_3132951207665645_Mis_IV_DR_DS,32675,76.08%,
Single,AR_SP_VF_nzoth_yogg_cthun_3169151196987373_Mis_AM_DR,32674,76.07%,
Single,AR_SW_VF_nzoth_yogg_cthun_3132858723860461_IN_AM_ME,32674,76.07%,
Single,AR_EC_VF_yshaarj_nzoth_yogg_4013438688157183_Mis_IV_ME,32673,76.07%,
Single,AR_SW_VF_yshaarj_nzoth_yogg_4013447278100461_IN_IV_DR_DS,32673,76.07%,
Single,AR_EC_VF_yshaarj_nzoth_yogg_4013301249736175_IN_IV_ME,32672,76.06%,
Single,AR_EC_VF_yshaarj_nzoth_yogg_3977567121309167_IN_IV_ME,32672,76.06%,
Single,AR_EC_VF_nzoth_yogg_cthun_3169159787438061_Mis_IV_DR_DS,32672,76.06%,
Single,VW_DH_TV_VF_yshaarj_nzoth_yogg_3979697567621101_Mis_IV_DR,32671,76.06%,
Single,AR_SP_VF_yshaarj_nzoth_yogg_4013851005025775_IN_IV_DR,32671,76.06%,
Single,AR_SW_VF_yshaarj_nzoth_yogg_4013438688157183_Mis_IV_DR,32671,76.06%,
Single,AR_SP_VF_yshaarj_nzoth_yogg_4013318496182253_Mis_IV_ME_DS,32670,76.05%,
Single,AR_SP_VF_yshaarj_nzoth_yogg_4013302322945535_IN_IV_DR,32670,76.05%,
Single,AR_SW_VF_yshaarj_nzoth_yogg_4013438688681455_Mis_IV_ME,32670,76.05%,
Single,AR_SP_VF_yshaarj_nzoth_yogg_4013302322954221_IN_AM_DR,32670,76.05%,
Single,AR_EC_VF_yshaarj_nzoth_yogg_3977567121825773_IN_AM_DR,32670,76.05%,
Single,AR_SP_VF_nzoth_yogg_cthun_3169159787438061_IN_AM_DR_DS,32669,76.05%,
Single,AR_SW_VF_yshaarj_nzoth_yogg_3977567121309167_IN_IV_DR,32669,76.05%,
Single,AR_EC_VF_yshaarj_nzoth_yogg_4013447345201133_IN_AM_ME_DS,32669,76.05%,
Single,VW_DH_VW_VF_yshaarj_nzoth_yogg_3977498544365055_Mis_IV_ME,32669,76.04%,
Single,VW_DH_TV_VF_nzoth_yogg_cthun_3132935101538285_Mis_AM_ME,32668,76.04%,
Single,AR_SP_VF_nzoth_yogg_cthun_3132859797069311_IN_IV_ME,32668,76.04%,
Single,AR_EC_VF_nzoth_yogg_cthun_3132875970305519_IN_IV_ME_DS,32668,76.04%,
Single,AR_SW_VF_nzoth_yogg_cthun_3132859797594093_Mis_IV_DR,32666,76.03%,
Single,AR_EC_VF_yshaarj_nzoth_yogg_3977567121825773_IN_AM_ME,32666,76.03%,
Single,VW_DH_TV_VF_nzoth_yogg_cthun_3150518697647599_Mis_AM_DR,32666,76.03%,
Single,AR_SP_VF_yshaarj_nzoth_yogg_4013438755266031_Mis_AM_ME,32665,76.03%,
Single,AR_SW_VF_nzoth_yogg_cthun_3169151196986863_IN_AM_DR,32665,76.02%,
Single,VW_DH_VW_VF_nzoth_yogg_cthun_3132791287242733_Mis_IV_DR,32664,76.02%,
Single,AR_EC_VF_nzoth_yogg_cthun_3150313470418431_Mis_IV_DR,32663,76.01%,
Single,AR_EC_VF_nzoth_yogg_cthun_3169159787438061_Mis_IV_ME_DS,32662,76.01%,
Single,AR_SP_VF_yshaarj_nzoth_yogg_4013310913404909_IN_IV_DR_DS,32662,76.01%,
Single,AR_SW_VF_yshaarj_nzoth_yogg_4013301316837357_Mis_AM_DR,32662,76.01%,
Single,AR_EC_VF_nzoth_yogg_cthun_3132859058872301_Mis_AM_ME,32660,76.00%,
Single,AR_SW_VF_yshaarj_nzoth_yogg_4013438688681965_Mis_AM_ME,32659,75.99%,
Single,VW_DH_TV_VF_yshaarj_nzoth_cthun_3768322899632109_Mis_IV_ME_DS,32659,75.99%,
Single,AR_EC_VF_nzoth_yogg_cthun_3169159854022637_Mis_AM_DR_DS,32659,75.99%,
Single,AR_SP_VF_nzoth_yogg_cthun_3132859797594093_Mis_IV_ME,32658,75.99%,
Single,AR_EC_VF_nzoth_yogg_cthun_3132875970306029_IN_AM_ME_DS,32658,75.99%,
Single,AR_SW_VF_yshaarj_yogg_cthun_2043251290660845_IN_IV_DR,32658,75.99%,
Single,VW_DH_TV_VF_nzoth_yogg_cthun_3132798736850415_IN_AM_ME,32658,75.98%,
Single,VW_DH_TV_VF_nzoth_yogg_cthun_3132928659087341_Mis_AM_DR,32657,75.98%,
Single,AR_SP_VF_nzoth_yogg_cthun_3169159786921965_Mis_IV_DR_DS,32657,75.98%,
Single,AR_EC_VF_yshaarj_nzoth_yogg_4013438688681455_Mis_AM_DR,32656,75.98%,
Single,AR_SW_VF_nzoth_yogg_cthun_3132858790960623_IN_AM_DR,32655,75.97%,
Single,AR_SW_VF_nzoth_yogg_cthun_3132859797593583_IN_AM_DR,32653,75.96%,
Single,AR_SW_VF_nzoth_yogg_cthun_3132875970306029_IN_AM_DR_DS,32653,75.96%,
Single,AR_SP_VF_nzoth_yogg_cthun_3150313470418431_Mis_IV_DR,32652,75.96%,
Single,AR_SW_VF_nzoth_yogg_cthun_3132867313270765_IN_AM_ME,32651,75.95%,
Single,AR_SP_VF_yshaarj_nzoth_yogg_4013301249736175_IN_IV_DR,32651,75.95%,
Single,VW_DH_TV_VF_yshaarj_nzoth_cthun_3696297371819503_Mis_IV_DR,32651,75.95%,
Single,AR_SW_VF_yshaarj_nzoth_yogg_4013851072126447_IN_AM_DR,32651,75.95%,
Single,AR_SW_VF_nzoth_yogg_cthun_3169159854022127_IN_IV_ME_DS,32651,75.95%,
Single,AR_SP_VF_nzoth_yogg_cthun_3132859797594093_Mis_IV_DR,32650,75.95%,
Single,VW_DH_VW_VF_yshaarj_nzoth_yogg_3977651015704557_Mis_AM_ME_DS,32649,75.94%,
Single,AR_SP_VF_nzoth_yogg_cthun_3132875970305519_IN_IV_ME_DS,32649,75.94%,
Single,VW_DH_VW_VF_yshaarj_nzoth_yogg_4049516555984367_Mis_AM_DR,32649,75.94%,
Single,VW_DH_VW_VF_yshaarj_nzoth_yogg_3977773422271983_Mis_IV_DR,32649,75.94%,
Single,AR_SW_VF_nzoth_yogg_cthun_3150313470418431_IN_AM_DR,32649,75.94%,
Single,VW_DH_TV_VF_nzoth_yogg_cthun_3132926578712557_Mis_AM_ME,32648,75.94%,
Single,AR_SP_VF_nzoth_yogg_cthun_3132875970306029_IN_AM_DR_DS,32648,75.93%,
Single,AR_SW_VF_nzoth_yogg_cthun_3169151197502959_Mis_IV_ME,32648,75.93%,
Single,VW_DH_VW_VF_yshaarj_nzoth_yogg_3979697567620591_Mis_AM_DR,32648,75.93%,
Single,AR_EC_VF_nzoth_yogg_cthun_3169151197502959_Mis_IV_ME,32646,75.92%,
Single,AR_SP_VF_yshaarj_nzoth_yogg_4013301316836847_Mis_IV_ME,32646,75.92%,
Single,AR_SW_VF_yshaarj_nzoth_yogg_4013318429597677_IN_IV_ME_DS,32646,75.92%,
Single,AR_EC_VF_nzoth_yogg_cthun_3132859797594093_Mis_IV_ME,32646,75.92%,
Single,VW_DH_VW_VF_nzoth_yogg_cthun_3150244893491181_Mis_AM_DR,32646,75.92%,
Single,AR_SP_VF_nzoth_yogg_cthun_3169151197503469_Mis_AM_ME,32646,75.92%,
Single,AR_SP_VF_yshaarj_nzoth_yogg_4013318496181743_IN_IV_ME_DS,32646,75.92%,
Single,VW_DH_VW_VF_nzoth_yogg_cthun_3132926511611375_Mis_IV_ME,32646,75.92%,
Single,AR_SP_VF_nzoth_yogg_cthun_3132875970305519_IN_IV_DR_DS,32646,75.92%,
Single,AR_SP_VF_nzoth_yogg_cthun_3169151196978687_IN_IV_ME,32645,75.92%,
Single,VW_DH_TV_VF_nzoth_yogg_cthun_3135012791967725_Mis_IV_DR_DS,32645,75.92%,
Single,AR_SW_VF_yshaarj_nzoth_yogg_4013438688681455_Mis_AM_DR,32644,75.91%,
Single,VW_DH_VW_VF_yshaarj_nzoth_yogg_3977773422272493_Mis_AM_ME,32644,75.91%,
Single,AR_SW_VF_yshaarj_nzoth_yogg_4013447278616557_IN_IV_ME_DS,32643,75.91%,
Single,VW_DH_TV_VF_nzoth_yogg_cthun_3150519771389933_Mis_AM_DR,32643,75.91%,
Single,AR_SP_VF_nzoth_yogg_cthun_3132859058872301_Mis_AM_DR,32643,75.90%,
Single,VW_DH_TV_VF_nzoth_yogg_cthun_3150260999610349_Mis_AM_DR_DS,32643,75.90%,
Single,AR_EC_VF_yshaarj_nzoth_yogg_4013302322945535_IN_IV_DR,32642,75.90%,
Single,AR_SP_VF_yshaarj_nzoth_yogg_4013851072126957_IN_AM_ME,32642,75.90%,
Single,VW_DH_VW_VF_nzoth_yogg_cthun_3132928659086831_Mis_IV_DR,32642,75.90%,
Single,AR_EC_VF_yshaarj_nzoth_yogg_4013576127635437_Mis_AM_DR,32642,75.90%,
Single,AR_SW_VF_nzoth_yogg_cthun_3169151197502959_Mis_IV_DR,32641,75.90%,
Single,VW_DH_VW_VF_yshaarj_nzoth_yogg_3977498611473903_Mis_IV_ME,32641,75.90%,
Single,AR_SW_VF_nzoth_yogg_cthun_3132867313270765_IN_AM_DR,32641,75.89%,
Single,AR_SW_VF_yshaarj_nzoth_yogg_4013576127110655_IN_IV_DR,32641,75.89%,
Single,AR_EC_VF_yshaarj_nzoth_yogg_4013310174683117_Mis_IV_ME_DS,32640,75.89%,
Single,AR_SW_VF_nzoth_yogg_cthun_3132867380370927_IN_AM_DR,32640,75.89%,
Single,VW_DH_TV_VF_nzoth_yogg_cthun_3150244894007277_Mis_IV_DR,32639,75.89%,
Single,VW_DH_TV_VF_nzoth_yogg_cthun_3132807326785517_IN_AM_ME_DS,32639,75.88%,
Single,AR_SP_VF_nzoth_yogg_cthun_3150313470427117_Mis_AM_DR,32639,75.88%,
Single,VW_DH_TV_VF_yshaarj_nzoth_cthun_3696298445561837_Mis_IV_ME,32638,75.88%,
Single,VW_DH_VW_VF_nzoth_yogg_cthun_3132807326268911_IN_AM_DR_DS,32638,75.88%,
Single,VW_DH_VW_VF_yshaarj_nzoth_yogg_3977772348530159_Mis_AM_DR,32638,75.88%,
Single,AR_SW_VF_yshaarj_nzoth_yogg_4013301316836847_Mis_IV_DR,32637,75.87%,
Single,AR_EC_VF_yshaarj_nzoth_yogg_4013318496181743_IN_AM_DR_DS,32636,75.87%,
Single,AR_SW_VF_nzoth_yogg_cthun_3132875903205357_IN_IV_DR_DS,32636,75.87%,
Single,AR_SW_VF_yshaarj_nzoth_yogg_4013576194219503_Mis_IV_ME,32636,75.87%,
Single,AR_EC_VF_yshaarj_nzoth_yogg_4014400760839663_IN_AM_ME,32636,75.87%,
Single,AR_SW_VF_yshaarj_nzoth_yogg_4013447345201133_IN_AM_DR_DS,32635,75.87%,
Single,VW_DH_TV_VF_nzoth_yogg_cthun_3150243820264943_Mis_IV_ME,32635,75.86%,
Single,AR_SW_VF_yshaarj_nzoth_yogg_4014400761355759_IN_AM_ME,32635,75.86%,
Single,VW_DH_VW_VF_nzoth_yogg_cthun_3150252409675247_Mis_AM_ME,32635,75.86%,
Single,VW_DH_VW_VF_nzoth_yogg_cthun_3132926578712047_Mis_IV_ME,32635,75.86%,
Single,AR_EC_VF_nzoth_yogg_cthun_3132859058872301_Mis_AM_DR,32635,75.86%,
Single,AR_SW_VF_nzoth_yogg_cthun_3169159787438061_IN_AM_ME_DS,32634,75.86%,
Single,AR_SP_VF_nzoth_yogg_cthun_3169159787438061_Mis_IV_DR_DS,32634,75.86%,
Single,AR_EC_VF_nzoth_yogg_cthun_3169159787438061_IN_AM_ME_DS,32634,75.86%,
Single,AR_EC_VF_yshaarj_nzoth_yogg_4013310174683117_Mis_IV_DR_DS,32634,75.86%,
Single,AR_EC_VF_nzoth_yogg_cthun_3169159786921965_Mis_IV_DR_DS,32633,75.85%,
Single,AR_EC_VF_nzoth_yogg_cthun_3132859058871791_Mis_IV_ME,32633,75.85%,
Single,VW_DH_TV_VF_nzoth_yogg_cthun_3150244960591853_Mis_AM_DR,32633,75.85%,
Single,AR_EC_VF_nzoth_yogg_cthun_3132996162805741_Mis_AM_DR,32633,75.85%,
Single,AR_SP_VF_yshaarj_nzoth_yogg_4013318429597677_IN_IV_ME_DS,32633,75.85%,
Single,AR_SP_VF_yshaarj_nzoth_yogg_4013851072126447_Mis_IV_DR,32633,75.85%,
Single,AR_EC_VF_yshaarj_nzoth_yogg_4014400761355759_Mis_IV_DR,32632,75.85%,
Single,AR_EC_VF_nzoth_yogg_cthun_3169159786921965_Mis_IV_ME_DS,32632,75.84%,
Single,VW_DH_VW_VF_nzoth_yogg_cthun_3135004269141997_Mis_IV_ME_DS,32630,75.84%,
Single,AR_SP_VF_yshaarj_nzoth_yogg_4013301249736685_Mis_IV_ME,32630,75.83%,
Single,AR_SP_VF_nzoth_yogg_cthun_3132859058871791_IN_AM_ME,32630,75.83%,
Single,AR_EC_VF_yshaarj_nzoth_yogg_4013447345200623_Mis_IV_DR_DS,32630,75.83%,
Single,AR_SP_VF_nzoth_yogg_cthun_3169159854022637_Mis_AM_DR_DS,32629,75.83%,
Single,AR_SP_VF_yshaarj_nzoth_yogg_4013302322953711_IN_IV_ME,32629,75.83%,
Single,VW_DH_TV_VF_nzoth_yogg_cthun_3150259992976879_Mis_IV_DR_DS,32629,75.83%,
Single,VW_DH_VW_VF_nzoth_yogg_cthun_3132807393369583_IN_AM_DR_DS,32629,75.83%,
Single,VW_DH_VW_VF_nzoth_yogg_cthun_3132935101537775_Mis_IV_ME,32629,75.83%,
Single,AR_EC_VF_nzoth_yogg_cthun_3132859797594093_Mis_IV_DR,32628,75.83%,
Single,VW_DH_TV_VF_nzoth_yogg_cthun_3132799810068461_Mis_IV_ME,32628,75.82%,
Single,AR_EC_VF_nzoth_yogg_cthun_3132867380370927_IN_AM_DR,32628,75.82%,
Single,AR_SW_VF_yshaarj_nzoth_yogg_4014409417874927_IN_IV_ME_DS,32627,75.82%,
Single,VW_DH_VW_VF_yshaarj_nzoth_yogg_4049524072177135_Mis_IV_ME_DS,32626,75.82%,
Single,AR_SW_VF_yshaarj_nzoth_yogg_4013851072126957_Mis_AM_DR,32626,75.82%,
Single,AR_EC_VF_yshaarj_nzoth_yogg_4013851072126447_Mis_IV_ME,32626,75.82%,
Single,AR_SW_VF_yshaarj_nzoth_yogg_4013576127635437_Mis_AM_DR,32625,75.81%,
Single,AR_SW_VF_nzoth_yogg_cthun_3169159854022637_IN_AM_ME_DS,32625,75.81%,
Single,AR_SP_VF_nzoth_yogg_cthun_3132858790961133_Mis_IV_DR,32624,75.81%,
Single,AR_EC_VF_yshaarj_nzoth_yogg_4014400827940335_Mis_AM_DR,32623,75.80%,
Single,AR_SW_VF_nzoth_yogg_cthun_3132996162805231_Mis_IV_DR,32623,75.80%,
Single,VW_DH_TV_VF_nzoth_yogg_cthun_3132943691472877_Mis_IV_ME_DS,32622,75.79%,
Single,VW_DH_VW_VF_yshaarj_nzoth_yogg_3977497471148013_Mis_AM_ME,32622,75.79%,
Single,VW_DH_TV_VF_nzoth_yogg_cthun_3132876045737455_Mis_AM_DR_DS,32621,75.79%,
Single,AR_EC_VF_yshaarj_nzoth_yogg_4013302322954221_Mis_IV_ME,32621,75.79%,
Single,AR_SW_VF_yshaarj_yogg_cthun_1988688092717037_IN_IV_DR,32621,75.79%,
Single,AR_EC_VF_yshaarj_nzoth_yogg_4013447278616557_Mis_IV_ME_DS,32621,75.79%,
Single,VW_DH_VW_VF_nzoth_yogg_cthun_3132813769235951_IN_AM_DR_DS,32621,75.79%,
Single,AR_SW_VF_nzoth_yogg_cthun_3169159786921965_Mis_IV_DR_DS,32620,75.78%,
Single,AR_SP_VF_nzoth_yogg_cthun_3132859864178159_IN_AM_DR,32618,75.77%,
Single,VW_DH_TV_VF_nzoth_yogg_cthun_3150519771389423_Mis_IV_DR,32618,75.77%,
Single,AR_SW_VF_nzoth_yogg_cthun_3132875970305519_IN_IV_ME_DS,32617,75.77%,
Single,VW_DH_TV_VF_nzoth_yogg_cthun_3132791287242733_Mis_IV_ME,32617,75.77%,
Single,AR_EC_VF_yshaarj_nzoth_yogg_4013438688165359_IN_AM_ME,32616,75.76%,
Single,VW_DH_VW_VF_nzoth_yogg_cthun_3132926511603199_Mis_IV_ME,32616,75.76%,
Single,AR_SP_VF_nzoth_yogg_cthun_3132867313786861_IN_AM_ME,32616,75.76%,
Single,VW_DH_TV_VF_nzoth_yogg_cthun_3135012791967725_Mis_IV_ME_DS,32616,75.76%,
Single,VW_DH_TV_VF_yshaarj_nzoth_yogg_4049531588369903_Mis_IV_ME_DS,32615,75.76%,
Single,AR_EC_VF_yshaarj_nzoth_yogg_4014400827940845_Mis_AM_ME,32614,75.75%,
Single,AR_SP_VF_nzoth_yogg_cthun_3169151197502959_Mis_IV_DR,32613,75.74%,
Single,AR_SW_VF_nzoth_yogg_cthun_3132996162289135_IN_AM_DR,32613,75.74%,
Single,VW_DH_VW_VF_nzoth_yogg_cthun_3205372946210287_Mis_IV_ME_DS,32612,75.74%,
Single,AR_SW_VF_nzoth_yogg_cthun_3132859864178159_IN_AM_ME,32612,75.74%,
Single,VW_DH_TV_VF_nzoth_yogg_cthun_3132951207665645_Mis_IV_ME_DS,32612,75.74%,
Single,VW_DH_VW_VF_nzoth_yogg_cthun_3150259925876207_Mis_IV_DR_DS,32611,75.74%,
Single,AR_SP_VF_yshaarj_nzoth_yogg_4013851005017599_IN_IV_DR,32610,75.73%,
Single,VW_DH_VW_VF_nzoth_yogg_cthun_3132797663109101_Mis_IV_ME,32610,75.73%,
Single,AR_EC_VF_yshaarj_nzoth_yogg_4014400760839663_IN_AM_DR,32610,75.73%,
Single,AR_SP_VF_yshaarj_nzoth_yogg_4013301249736685_Mis_IV_DR,32610,75.73%,
Single,AR_SW_VF_yshaarj_nzoth_yogg_4013438688165359_Mis_IV_ME,32610,75.73%,
Single,AR_EC_VF_yshaarj_nzoth_yogg_4013301316320751_Mis_IV_ME,32610,75.73%,
Single,AR_SW_VF_nzoth_yogg_cthun_3169159787438061_Mis_IV_ME_DS,32609,75.73%,
Single,AR_SW_VF_yshaarj_nzoth_yogg_4013310979989485_IN_IV_DR_DS,32609,75.72%,
Single,AR_EC_VF_yshaarj_nzoth_yogg_4014400761355759_Mis_IV_ME,32608,75.72%,
Single,AR_EC_VF_yshaarj_nzoth_yogg_4013447345201133_Mis_AM_DR_DS,32608,75.72%,
Single,AR_SW_VF_nzoth_yogg_cthun_3132867380370927_IN_AM_ME,32608,75.71%,
Single,AR_SW_VF_nzoth_yogg_cthun_3132996162805741_Mis_AM_DR,32607,75.71%,
Single,AR_SP_VF_yshaarj_nzoth_yogg_4013310174683117_IN_AM_DR_DS,32607,75.71%,
Single,AR_EC_VF_nzoth_yogg_cthun_3132858790445037_Mis_IV_ME,32606,75.71%,
Single,VW_DH_VW_VF_yshaarj_nzoth_cthun_3768322899632109_Mis_AM_ME_DS,32606,75.71%,
Single,VW_DH_TV_VF_nzoth_yogg_cthun_3132926511611375_Mis_AM_DR,32606,75.71%,
Single,AR_SP_VF_nzoth_yogg_cthun_3132858790445037_Mis_IV_ME,32606,75.71%,
Single,AR_SP_VF_yshaarj_nzoth_yogg_4013301249736175_IN_IV_ME,32605,75.70%,
Single,AR_EC_VF_nzoth_yogg_cthun_3132875970305519_IN_IV_DR_DS,32605,75.70%,
Single,AR_SW_VF_yshaarj_nzoth_yogg_4013302323469807_IN_IV_ME,32605,75.70%,
Single,AR_SW_VF_yshaarj_nzoth_yogg_4013302322953711_IN_IV_ME,32604,75.70%,
Single,AR_SW_VF_nzoth_yogg_cthun_3132859864178669_Mis_AM_DR,32604,75.69%,
Single,VW_DH_VW_VF_yshaarj_nzoth_yogg_3977788454657519_Mis_IV_DR_DS,32603,75.69%,
Single,AR_SP_VF_nzoth_yogg_cthun_3169159786921965_Mis_IV_ME_DS,32603,75.69%,
Single,VW_DH_VW_VF_nzoth_yogg_cthun_3132942684839917_Mis_IV_DR_DS,32603,75.69%,
Single,AR_SW_VF_nzoth_yogg_cthun_3169151264087535_IN_AM_ME,32602,75.69%,
Single,AR_EC_VF_yshaarj_yogg_cthun_1988688092717037_Mis_IV_DR,32601,75.68%,
Single,VW_DH_TV_VF_yshaarj_nzoth_yogg_4049660437389293_Mis_IV_ME_DS,32601,75.68%,
Single,VW_DH_TV_VF_nzoth_yogg_cthun_3150268515803117_Mis_IV_ME_DS,32601,75.68%,
Single,VW_DH_TV_VF_yshaarj_nzoth_yogg_3977651015704557_Mis_IV_DR_DS,32601,75.68%,
Single,AR_SW_VF_nzoth_yogg_cthun_3169151196978687_IN_IV_ME,32601,75.68%,
Single,AR_EC_VF_nzoth_yogg_cthun_3132858723860461_IN_AM_ME,32601,75.68%,
Single,VW_DH_VW_VF_nzoth_yogg_cthun_3132791287242733_Mis_IV_ME,32600,75.68%,
Single,AR_SW_VF_yshaarj_nzoth_yogg_4014400827940335_Mis_IV_ME,32600,75.68%,
Single,VW_DH_VW_VF_nzoth_yogg_cthun_3132798736326143_IN_AM_ME,32600,75.67%,
Single,VW_DH_TV_VF_nzoth_yogg_cthun_3133347418398701_Mis_IV_ME,32600,75.67%,
Single,AR_SP_VF_nzoth_yogg_cthun_3169159854022637_IN_AM_ME_DS,32599,75.67%,
Single,AR_SP_VF_nzoth_yogg_cthun_3132858723859951_IN_IV_DR,32599,75.67%,
Single,VW_DH_TV_VF_nzoth_yogg_cthun_3135004269141997_Mis_IV_DR_DS,32598,75.66%,
Single,AR_EC_VF_nzoth_yogg_cthun_3169151196987373_Mis_AM_DR,32598,75.66%,
Single,VW_DH_VW_VF_nzoth_yogg_cthun_3150268515802607_Mis_IV_DR_DS,32598,75.66%,
Single,AR_EC_VF_nzoth_yogg_cthun_3150313470942703_Mis_AM_DR,32598,75.66%,
Single,VW_DH_VW_VF_yshaarj_nzoth_yogg_3977513576750591_Mis_IV_ME_DS,32597,75.66%,
Single,AR_EC_VF_yshaarj_yogg_cthun_2043251357245421_IN_IV_ME,32596,75.65%,
Single,AR_SW_VF_yshaarj_nzoth_yogg_4014409350774765_IN_IV_ME_DS,32596,75.65%,
Single,AR_EC_VF_yshaarj_nzoth_yogg_3977567121309167_IN_IV_DR,32596,75.65%,
Single,AR_EC_VF_yshaarj_nzoth_yogg_4013447278616047_IN_IV_DR_DS,32596,75.65%,
Single,AR_SW_VF_nzoth_yogg_cthun_3132859797077997_Mis_IV_DR,32596,75.65%,
Single,VW_DH_VW_VF_nzoth_yogg_cthun_3132942617739245_Mis_IV_ME_DS,32595,75.65%,
Single,VW_DH_TV_VF_nzoth_yogg_cthun_3205372946210797_Mis_AM_DR_DS,32595,75.65%,
Single,VW_DH_VW_VF_nzoth_yogg_cthun_3132798736326143_IN_AM_DR,32593,75.64%,
Single,AR_SP_VF_yshaarj_nzoth_yogg_4013576127119341_IN_AM_DR,32593,75.64%,
Single,VW_DH_TV_VF_nzoth_yogg_cthun_3132797663109101_Mis_IV_ME,32592,75.63%,
Single,AR_SW_VF_yshaarj_nzoth_yogg_4013318429081581_IN_IV_ME_DS,32592,75.63%,
Single,AR_EC_VF_yshaarj_nzoth_yogg_4013447278616557_Mis_IV_DR_DS,32592,75.63%,
Single,AR_EC_VF_yshaarj_nzoth_yogg_4013310174682607_IN_IV_ME_DS,32592,75.63%,
Single,VW_DH_VW_VF_yshaarj_nzoth_yogg_3977515724234733_Mis_IV_ME_DS,32592,75.63%,
Single,AR_SP_VF_yshaarj_nzoth_yogg_4013576127635437_IN_AM_ME,32590,75.62%,
Single,VW_DH_TV_VF_nzoth_yogg_cthun_3150244893491181_Mis_AM_DR,32590,75.62%,
Single,VW_DH_TV_VF_nzoth_yogg_cthun_3135004202041325_Mis_IV_ME_DS,32590,75.62%,
Single,AR_SW_VF_nzoth_yogg_cthun_3132867313786861_Mis_IV_ME,32590,75.62%,
Single,AR_SW_VF_nzoth_yogg_cthun_3150313470426607_Mis_IV_DR,32590,75.62%,
Single,AR_SW_VF_nzoth_yogg_cthun_3132858790960623_IN_AM_ME,32589,75.62%,
Single,VW_DH_VW_VF_nzoth_yogg_cthun_3132807326785517_IN_AM_DR_DS,32588,75.61%,
Single,VW_DH_TV_VF_nzoth_yogg_cthun_3132797663109101_Mis_IV_DR,32588,75.61%,
Single,AR_SP_VF_yshaarj_nzoth_yogg_4013584717570029_IN_IV_ME_DS,32588,75.61%,
Single,AR_EC_VF_yshaarj_nzoth_yogg_4013301316836847_Mis_IV_ME,32588,75.61%,
Single,AR_EC_VF_yshaarj_nzoth_yogg_4013301316321261_Mis_AM_DR,32588,75.61%,
Single,AR_SW_VF_yshaarj_nzoth_yogg_4013301249736175_IN_IV_ME,32588,75.61%,
Single,VW_DH_VW_VF_nzoth_yogg_cthun_3132858865868287_Mis_AM_ME,32587,75.61%,
Single,AR_EC_VF_yshaarj_nzoth_yogg_4013302322954221_Mis_AM_DR,32587,75.60%,
Single,AR_SW_VF_yshaarj_nzoth_yogg_4014409417875437_IN_AM_DR_DS,32587,75.60%,
Single,VW_DH_VW_VF_yshaarj_nzoth_cthun_3696313477946863_Mis_AM_DR_DS,32587,75.60%,
Single,VW_DH_TV_VF_yshaarj_nzoth_yogg_3979697567621101_Mis_IV_ME,32586,75.60%,
Single,VW_DH_VW_VF_yshaarj_nzoth_yogg_3977773422272493_Mis_AM_DR,32586,75.60%,
Single,VW_DH_VW_VF_yshaarj_nzoth_yogg_3977788454658029_Mis_AM_DR_DS,32586,75.60%,
Single,AR_SP_VF_nzoth_yogg_cthun_3132858723860461_IN_AM_DR,32586,75.60%,
Single,AR_SW_VF_yshaarj_nzoth_yogg_4013301316320751_Mis_IV_DR,32585,75.60%,
Single,AR_SP_VF_yshaarj_nzoth_yogg_4013851005542381_Mis_IV_ME,32584,75.59%,
Single,AR_SP_VF_yshaarj_nzoth_yogg_4013302322954221_Mis_IV_ME,32584,75.59%,
Single,VW_DH_TV_VF_nzoth_yogg_cthun_3150259926392813_Mis_IV_DR_DS,32584,75.59%,
Single,VW_DH_VW_VF_nzoth_yogg_cthun_3150260999609839_Mis_IV_DR_DS,32584,75.59%,
Single,AR_EC_VF_yshaarj_nzoth_yogg_4013310979989485_IN_IV_ME_DS,32584,75.59%,
Single,VW_DH_VW_VF_nzoth_yogg_cthun_3132806253043183_IN_AM_ME_DS,32583,75.59%,
Single,VW_DH_VW_VF_nzoth_yogg_cthun_3150244894007277_Mis_IV_ME,32583,75.59%,
Single,VW_DH_VW_VF_nzoth_yogg_cthun_3132951207665645_Mis_IV_DR_DS,32583,75.58%,
Single,VW_DH_TV_VF_nzoth_yogg_cthun_3132813769235951_IN_AM_DR_DS,32582,75.58%,
Single,AR_SW_VF_yshaarj_nzoth_yogg_3977567121825773_IN_AM_ME,32582,75.58%,
Single,AR_SW_VF_nzoth_yogg_cthun_3169151197503469_Mis_AM_ME,32581,75.57%,
Single,AR_SP_VF_yshaarj_nzoth_yogg_4013447345201133_Mis_AM_DR_DS,32581,75.57%,
Single,VW_DH_TV_VF_nzoth_yogg_cthun_3134996685840365_Mis_AM_ME,32580,75.57%,
Single,VW_DH_VW_VF_yshaarj_nzoth_yogg_4049516555984367_Mis_AM_ME,32580,75.57%,
Single,AR_SW_VF_yshaarj_nzoth_yogg_4013438688157183_IN_IV_ME,32580,75.57%,
Single,AR_SW_VF_yshaarj_nzoth_yogg_4014400827940845_Mis_AM_ME,32580,75.57%,
Single,AR_SP_VF_yshaarj_nzoth_yogg_4013318429597167_IN_IV_DR_DS,32580,75.57%,
Single,VW_DH_VW_VF_yshaarj_nzoth_yogg_3977513576759277_Mis_AM_DR_DS,32580,75.56%,
Single,AR_SW_VF_nzoth_yogg_cthun_3132875970305519_IN_IV_DR_DS,32580,75.56%,
Single,AR_SW_VF_yshaarj_nzoth_yogg_4013851005541871_IN_IV_ME,32580,75.56%,
Single,VW_DH_TV_VF_nzoth_yogg_cthun_3132813768719855_IN_AM_ME_DS,32578,75.56%,
Single,AR_EC_VF_nzoth_yogg_cthun_3132858723851775_IN_IV_ME,32578,75.56%,
Single,AR_SP_VF_yshaarj_nzoth_yogg_4013301316836847_IN_AM_DR,32578,75.55%,
Single,AR_SP_VF_yshaarj_nzoth_yogg_4013438688681965_Mis_AM_ME,32577,75.55%,
Single,VW_DH_VW_VF_yshaarj_nzoth_yogg_3977513577275373_Mis_IV_DR_DS,32577,75.55%,
Single,AR_SW_VF_yshaarj_nzoth_yogg_4013301249736685_Mis_IV_DR,32577,75.55%,
Single,VW_DH_VW_VF_yshaarj_nzoth_yogg_3979697567620591_Mis_AM_ME,32576,75.55%,
Single,AR_EC_VF_nzoth_yogg_cthun_3132859797077997_Mis_IV_DR,32576,75.55%,
Single,AR_SW_VF_yshaarj_nzoth_yogg_4013302390054383_Mis_IV_ME,32576,75.55%,
Single,AR_SW_VF_yshaarj_nzoth_yogg_4013438688681455_IN_AM_ME,32576,75.54%,
Single,VW_DH_TV_VF_yshaarj_nzoth_yogg_4049516555984367_Mis_IV_DR,32575,75.54%,
Single,AR_SP_VF_yshaarj_nzoth_yogg_3977567121825263_IN_IV_DR,32575,75.54%,
Single,AR_SW_VF_yshaarj_nzoth_yogg_4013302323470317_IN_AM_ME,32575,75.54%,
Single,VW_DH_TV_VF_nzoth_yogg_cthun_3132807326268911_IN_AM_DR_DS,32574,75.53%,
Single,AR_SP_VF_nzoth_yogg_cthun_3169151197503469_Mis_AM_DR,32573,75.53%,
Single,VW_DH_TV_VF_nzoth_yogg_cthun_3150262073352173_Mis_IV_DR_DS,32573,75.53%,
Single,AR_SW_VF_yshaarj_nzoth_yogg_4013302322954221_Mis_IV_ME,32572,75.53%,
Single,VW_DH_VW_VF_nzoth_yogg_cthun_3205372946210797_Mis_AM_DR_DS,32572,75.53%,
Single,AR_EC_VF_yshaarj_nzoth_yogg_4013301249736685_IN_AM_DR,32572,75.52%,
Single,VW_DH_TV_VF_yshaarj_nzoth_cthun_3696297371820013_Mis_AM_ME,32571,75.52%,
Single,AR_SP_VF_nzoth_yogg_cthun_3169151197502959_IN_AM_DR,32571,75.52%,
Single,AR_SW_VF_nzoth_yogg_cthun_3169151196986863_Mis_IV_DR,32571,75.52%,
Single,AR_EC_VF_yshaarj_nzoth_yogg_4013310979989485_IN_AM_DR_DS,32571,75.52%,
Single,AR_SW_VF_nzoth_yogg_cthun_3132859058871791_Mis_IV_ME,32571,75.52%,
Single,AR_SW_VF_yshaarj_nzoth_yogg_4013310979989485_IN_IV_ME_DS,32571,75.52%,
Single,AR_SP_VF_yshaarj_nzoth_yogg_4013309906771949_IN_IV_ME_DS,32571,75.52%,
Single,AR_SW_VF_nzoth_yogg_cthun_3132858723851775_IN_IV_ME,32570,75.51%,
Single,AR_SW_VF_nzoth_yogg_cthun_3150313470418431_Mis_IV_DR,32570,75.51%,
Single,AR_SW_VF_nzoth_yogg_cthun_3169151196986863_Mis_IV_ME,32570,75.51%,
Single,VW_DH_TV_VF_nzoth_yogg_cthun_3132942684839917_Mis_IV_DR_DS,32570,75.51%,
Single,VW_DH_TV_VF_nzoth_yogg_cthun_3150262073352173_Mis_IV_ME_DS,32569,75.51%,
Single,AR_EC_VF_yshaarj_nzoth_yogg_4013851005025775_IN_IV_ME,32569,75.51%,
Single,AR_SW_VF_yshaarj_yogg_cthun_2043251357245421_Mis_IV_DR,32567,75.50%,
Single,AR_EC_VF_nzoth_yogg_cthun_3132859797593583_IN_AM_ME,32566,75.49%,
Single,AR_EC_VF_nzoth_yogg_cthun_3169151196978687_IN_IV_ME,32565,75.49%,
Single,AR_SP_VF_yshaarj_nzoth_yogg_4013447278616047_IN_IV_DR_DS,32565,75.49%,
Single,AR_SW_VF_yshaarj_nzoth_yogg_4013851072126957_IN_AM_ME,32564,75.48%,
Single,AR_SP_VF_nzoth_yogg_cthun_3132867313786861_Mis_IV_ME,32563,75.48%,
Single,AR_EC_VF_yshaarj_nzoth_yogg_3977567121300991_IN_IV_ME,32563,75.48%,
Single,VW_DH_VW_VF_nzoth_yogg_cthun_3132815916195311_IN_AM_ME_DS,32563,75.48%,
Single,AR_EC_VF_yshaarj_nzoth_yogg_4013302390054383_Mis_IV_ME,32563,75.47%,
Single,VW_DH_VW_VF_nzoth_yogg_cthun_3132926512127981_Mis_AM_DR,32563,75.47%,
Single,AR_SW_VF_yshaarj_nzoth_yogg_3977567121825773_IN_AM_DR,32562,75.47%,
Single,VW_DH_VW_VF_yshaarj_nzoth_yogg_4049531588369903_Mis_AM_DR_DS,32561,75.47%,
Single,VW_DH_VW_VF_nzoth_yogg_cthun_3132926512127471_Mis_IV_DR,32561,75.46%,
Single,VW_DH_VW_VF_yshaarj_nzoth_yogg_3977497470631407_Mis_AM_ME,32560,75.46%,
Single,AR_SP_VF_yshaarj_nzoth_yogg_4014409417875437_IN_AM_DR_DS,32560,75.46%,
Single,AR_EC_VF_yshaarj_nzoth_yogg_4013851005541871_IN_IV_ME,32560,75.46%,
Single,VW_DH_TV_VF_nzoth_yogg_cthun_3150519771389423_Mis_IV_ME,32560,75.46%,
Single,AR_EC_VF_yshaarj_nzoth_yogg_4013301316320751_IN_AM_DR,32560,75.46%,
Single,VW_DH_VW_VF_nzoth_yogg_cthun_3132926511603199_Mis_IV_DR,32560,75.46%,
Single,VW_DH_VW_VF_nzoth_yogg_cthun_3150519771389423_Mis_IV_DR,32560,75.46%,
Single,AR_SP_VF_yshaarj_yogg_cthun_2043251290660845_IN_IV_DR,32558,75.45%,
Single,AR_SW_VF_yshaarj_nzoth_yogg_4013576127119341_Mis_AM_DR,32558,75.45%,
Single,AR_SP_VF_yshaarj_nzoth_yogg_4013851005542381_IN_AM_DR,32558,75.45%,
Single,AR_SP_VF_yshaarj_nzoth_yogg_4013302322945535_IN_IV_ME,32557,75.44%,
Single,VW_DH_VW_VF_nzoth_yogg_cthun_3150260999610349_Mis_AM_DR_DS,32557,75.44%,
Single,AR_SW_VF_nzoth_yogg_cthun_3150313470427117_Mis_AM_DR,32557,75.44%,
Single,AR_SP_VF_yshaarj_nzoth_yogg_4013851072126447_IN_AM_DR,32556,75.44%,
Single,AR_EC_VF_nzoth_yogg_cthun_3132867313270765_IN_AM_DR,32556,75.44%,
Single,AR_SW_VF_nzoth_yogg_cthun_3169159786921965_IN_AM_DR_DS,32555,75.43%,
Single,AR_EC_VF_yshaarj_nzoth_yogg_4013302323470317_IN_AM_ME,32555,75.43%,
Single,VW_DH_TV_VF_yshaarj_nzoth_cthun_3696313477947373_Mis_IV_ME_DS,32555,75.43%,
Single,VW_DH_VW_VF_nzoth_yogg_cthun_3132815916195311_IN_AM_DR_DS,32554,75.43%,
Single,VW_DH_VW_VF_nzoth_yogg_cthun_3132951207665645_Mis_IV_ME_DS,32554,75.43%,
Single,AR_EC_VF_yshaarj_nzoth_yogg_4014400760839663_Mis_IV_ME,32554,75.43%,
Single,VW_DH_TV_VF_yshaarj_nzoth_yogg_3979712600006637_Mis_IV_DR_DS,32554,75.43%,
Single,AR_SW_VF_yshaarj_nzoth_yogg_4013301316321261_IN_AM_ME,32554,75.42%,
Single,AR_SW_VF_nzoth_yogg_cthun_3169159854022637_Mis_AM_DR_DS,32553,75.42%,
Single,AR_EC_VF_nzoth_yogg_cthun_3169151196986863_Mis_IV_DR,32552,75.41%,
Single,VW_DH_TV_VF_yshaarj_nzoth_cthun_3768322899632109_Mis_AM_DR_DS,32550,75.41%,
Single,AR_SP_VF_yshaarj_nzoth_yogg_4013301584748015_Mis_AM_DR,32550,75.41%,
Single,AR_EC_VF_yshaarj_nzoth_yogg_4013576127634927_Mis_IV_DR,32550,75.41%,
Single,AR_SW_VF_nzoth_yogg_cthun_3132858790445037_Mis_IV_DR,32550,75.40%,
Single,VW_DH_TV_VF_yshaarj_nzoth_yogg_4049515482242543_Mis_AM_ME,32550,75.40%,
Single,VW_DH_VW_VF_nzoth_yogg_cthun_3150245967224303_Mis_AM_DR,32550,75.40%,
Single,AR_SW_VF_yshaarj_nzoth_yogg_4013318496181743_IN_IV_ME_DS,32549,75.40%,
Single,VW_DH_TV_VF_nzoth_yogg_cthun_3150243819740671_Mis_AM_DR,32548,75.39%,
Single,VW_DH_TV_VF_nzoth_yogg_cthun_3132813768711679_IN_AM_DR_DS,32548,75.39%,
Single,VW_DH_VW_VF_nzoth_yogg_cthun_3150244893490671_Mis_IV_ME,32547,75.39%,
Single,AR_EC_VF_yshaarj_nzoth_yogg_4013301316312575_IN_AM_DR,32547,75.39%,
Single,AR_SW_VF_yshaarj_nzoth_yogg_4013851005026285_Mis_IV_DR,32547,75.39%,
Single,AR_EC_VF_nzoth_yogg_cthun_3132858790960623_IN_AM_ME,32546,75.39%,
Single,VW_DH_TV_VF_nzoth_yogg_cthun_3132797729693677_Mis_AM_DR,32546,75.38%,
Single,AR_SW_VF_yshaarj_nzoth_yogg_4013447345200623_IN_IV_ME_DS,32545,75.38%,
Single,AR_SW_VF_yshaarj_nzoth_yogg_4013301316312575_IN_IV_ME,32545,75.38%,
Single,AR_EC_VF_yshaarj_nzoth_yogg_4013851005026285_IN_AM_ME,32545,75.38%,
Single,VW_DH_VW_VF_nzoth_yogg_cthun_3132807393369583_IN_AM_ME_DS,32544,75.38%,
Single,VW_DH_TV_VF_nzoth_yogg_cthun_3132798736326143_IN_AM_ME,32544,75.37%,
Single,VW_DH_TV_VF_nzoth_yogg_cthun_3132926511603199_Mis_IV_ME,32543,75.37%,
Single,VW_DH_TV_VF_nzoth_yogg_cthun_3132807393369583_IN_AM_DR_DS,32543,75.37%,
Single,VW_DH_VW_VF_nzoth_yogg_cthun_3132798736334829_Mis_IV_DR,32543,75.37%,
Single,VW_DH_VW_VF_yshaarj_nzoth_yogg_4049522998443503_Mis_IV_DR_DS,32543,75.37%,
Single,VW_DH_VW_VF_nzoth_yogg_cthun_3132927585353199_Mis_IV_DR,32542,75.36%,
Single,AR_SP_VF_nzoth_yogg_cthun_3150313470427117_Mis_AM_ME,32542,75.36%,
Single,VW_DH_VW_VF_nzoth_yogg_cthun_3132942618254831_IN_AM_ME_DS,32541,75.36%,
Single,VW_DH_TV_VF_yshaarj_nzoth_yogg_4049516555984367_Mis_IV_ME,32541,75.35%,
Single,AR_SW_VF_yshaarj_nzoth_yogg_4014400760839663_IN_AM_DR,32540,75.35%,
Single,AR_SP_VF_yshaarj_nzoth_yogg_4013310912888813_IN_IV_DR_DS,32540,75.35%,
Single,AR_EC_VF_yshaarj_nzoth_yogg_4013301316320751_Mis_IV_DR,32540,75.35%,
Single,AR_SW_VF_yshaarj_nzoth_yogg_4013584717053933_IN_IV_DR_DS,32539,75.35%,
Single,VW_DH_VW_VF_nzoth_yogg_cthun_3132798803435501_Mis_IV_ME,32539,75.34%,
Single,AR_SP_VF_yshaarj_nzoth_yogg_4013301316837357_Mis_AM_DR,32539,75.34%,
Single,VW_DH_VW_VF_nzoth_yogg_cthun_3132797729693677_Mis_AM_DR,32539,75.34%,
Single,AR_SP_VF_yshaarj_nzoth_yogg_3977567121309167_IN_IV_DR,32538,75.34%,
Single,AR_SP_VF_nzoth_yogg_cthun_3169151196986863_Mis_IV_DR,32538,75.34%,
Single,AR_SW_VF_yshaarj_nzoth_yogg_4013310174682607_IN_IV_DR_DS,32538,75.34%,
Single,AR_SP_VF_yshaarj_nzoth_yogg_4014400761355759_Mis_IV_DR,32538,75.34%,
Single,AR_SP_VF_yshaarj_nzoth_yogg_4013576127118831_IN_IV_ME,32537,75.34%,
Single,AR_SP_VF_yshaarj_nzoth_yogg_4013447345200623_IN_AM_DR_DS,32537,75.33%,
Single,AR_SP_VF_nzoth_yogg_cthun_3132996162805231_IN_AM_ME,32537,75.33%,
Single,AR_SW_VF_yshaarj_nzoth_yogg_4014400761355759_Mis_IV_ME,32537,75.33%,
Single,AR_SP_VF_yshaarj_nzoth_yogg_4013576194219503_Mis_IV_ME,32537,75.33%,
Single,VW_DH_TV_VF_nzoth_yogg_cthun_3150243820265453_Mis_AM_ME,32536,75.33%,
Single,AR_SW_VF_yshaarj_nzoth_yogg_4013438688165359_IN_AM_DR,32536,75.33%,
Single,AR_SW_VF_nzoth_yogg_cthun_3132867313786861_Mis_IV_DR,32536,75.33%,
Single,AR_SW_VF_yshaarj_nzoth_yogg_4013302323470317_Mis_IV_ME,32535,75.32%,
Single,AR_EC_VF_nzoth_yogg_cthun_3132859797077997_Mis_IV_ME,32534,75.32%,
Single,AR_EC_VF_yshaarj_nzoth_yogg_4013302323470317_Mis_AM_DR,32533,75.31%,
Single,AR_EC_VF_nzoth_yogg_cthun_3132858723860461_Mis_IV_ME,32533,75.31%,
Single,AR_SP_VF_yshaarj_nzoth_yogg_4013438688157183_IN_AM_DR,32533,75.31%,
Single,AR_SP_VF_yshaarj_nzoth_yogg_4013851005025775_IN_IV_ME,32532,75.31%,
Single,AR_SW_VF_nzoth_yogg_cthun_3169151264087535_Mis_AM_DR,32531,75.30%,
Single,AR_SW_VF_yshaarj_nzoth_yogg_4013576194219503_IN_AM_ME,32531,75.30%,
Single,VW_DH_VW_VF_nzoth_yogg_cthun_3150245967224813_Mis_AM_ME,32530,75.30%,
Single,VW_DH_VW_VF_yshaarj_nzoth_yogg_3977498544373231_Mis_IV_ME,32530,75.30%,
Single,VW_DH_VW_VF_yshaarj_nzoth_yogg_3977497470623231_Mis_AM_ME,32529,75.29%,
Single,AR_SW_VF_yshaarj_yogg_cthun_2043251357244911_IN_IV_DR,32529,75.29%,
Single,AR_EC_VF_yshaarj_yogg_cthun_2043251357245421_IN_AM_DR,32529,75.29%,
Single,AR_SP_VF_nzoth_yogg_cthun_3132858790445037_Mis_IV_DR,32528,75.29%,
Single,AR_EC_VF_yshaarj_nzoth_yogg_4013302390054893_Mis_AM_ME,32527,75.28%,
Single,VW_DH_TV_VF_yshaarj_nzoth_yogg_3977514650492909_Mis_IV_DR_DS,32527,75.28%,
Single,AR_EC_VF_nzoth_yogg_cthun_3169151264087535_Mis_AM_DR,32527,75.28%,
Single,AR_EC_VF_yshaarj_yogg_cthun_2043251290660845_IN_IV_DR,32527,75.28%,
Single,VW_DH_VW_VF_yshaarj_nzoth_yogg_3979712600006127_Mis_AM_DR_DS,32526,75.28%,
Single,AR_EC_VF_nzoth_yogg_cthun_3169159786921965_IN_AM_DR_DS,32526,75.28%,
Single,AR_EC_VF_nzoth_yogg_cthun_3132859058871791_Mis_IV_DR,32526,75.27%,
Single,VW_DH_TV_VF_nzoth_yogg_cthun_3132798736334829_Mis_IV_DR,32525,75.27%,
Single,AR_SP_VF_yshaarj_nzoth_yogg_4013318496181743_Mis_IV_DR_DS,32525,75.27%,
Single,VW_DH_VW_VF_yshaarj_nzoth_yogg_3977513576750591_Mis_IV_DR_DS,32525,75.27%,
Single,AR_SP_VF_yshaarj_nzoth_yogg_4013309906255853_IN_IV_ME_DS,32525,75.27%,
Single,VW_DH_VW_VF_nzoth_yogg_cthun_3150259992976879_Mis_IV_DR_DS,32524,75.27%,
Single,AR_SW_VF_nzoth_yogg_cthun_3169159786921965_Mis_IV_ME_DS,32524,75.27%,
Single,AR_SP_VF_yshaarj_nzoth_yogg_4013584717053933_IN_IV_DR_DS,32524,75.26%,
Single,AR_EC_VF_yshaarj_nzoth_yogg_4013301249736685_IN_AM_ME,32523,75.26%,
Single,AR_SW_VF_nzoth_yogg_cthun_3150313470418431_Mis_IV_ME,32523,75.26%,
Single,AR_SW_VF_yshaarj_nzoth_yogg_4013310912888813_IN_IV_DR_DS,32523,75.26%,
Single,AR_EC_VF_yshaarj_nzoth_yogg_4013584784154605_IN_AM_DR_DS,32523,75.26%,
Single,AR_SP_VF_nzoth_yogg_cthun_3150313470418431_IN_AM_ME,32523,75.26%,
Single,AR_SP_VF_yshaarj_nzoth_yogg_4014400761355759_Mis_IV_ME,32522,75.26%,
Single,AR_SP_VF_yshaarj_nzoth_yogg_3977567121300991_IN_IV_DR,32522,75.25%,
Single,AR_EC_VF_nzoth_yogg_cthun_3132858723860461_IN_AM_DR,32522,75.25%,
Single,VW_DH_TV_VF_nzoth_yogg_cthun_3132926512127981_Mis_AM_DR,32522,75.25%,
Single,VW_DH_VW_VF_nzoth_yogg_cthun_3150243820265453_Mis_AM_ME,32521,75.25%,
Single,AR_SW_VF_yshaarj_nzoth_yogg_4013301249211903_IN_IV_DR,32521,75.25%,
Single,VW_DH_TV_VF_nzoth_yogg_cthun_3133363524525551_IN_AM_ME_DS,32521,75.25%,
Single,AR_SP_VF_yshaarj_yogg_cthun_2043251357245421_IN_IV_ME,32520,75.24%,
Single,VW_DH_VW_VF_nzoth_yogg_cthun_3150243886849519_Mis_AM_ME,32520,75.24%,
Single,AR_SW_VF_yshaarj_nzoth_yogg_4013310174683117_IN_AM_DR_DS,32520,75.24%,
Single,AR_EC_VF_nzoth_yogg_cthun_3150313470942703_Mis_AM_ME,32519,75.24%,
Single,VW_DH_TV_VF_nzoth_yogg_cthun_3132942617730559_IN_AM_ME_DS,32519,75.24%,
Single,AR_SP_VF_yshaarj_nzoth_yogg_4013576127634927_Mis_IV_DR,32519,75.24%,
Single,VW_DH_VW_VF_nzoth_yogg_cthun_3135006349516781_Mis_IV_ME_DS,32519,75.24%,
Single,VW_DH_VW_VF_nzoth_yogg_cthun_3132927585869805_Mis_IV_ME,32518,75.23%,
Single,VW_DH_TV_VF_nzoth_yogg_cthun_3150259992977389_Mis_AM_DR_DS,32518,75.23%,
Single,VW_DH_VW_VF_nzoth_yogg_cthun_3150260999609839_Mis_IV_ME_DS,32517,75.22%,
Single,AR_SW_VF_yshaarj_nzoth_yogg_4013301249736685_IN_AM_DR,32516,75.22%,
Single,AR_SP_VF_yshaarj_nzoth_yogg_4013438688165869_Mis_AM_ME,32516,75.22%,
Single,VW_DH_TV_VF_yshaarj_nzoth_yogg_4049516555984877_Mis_AM_DR,32515,75.22%,
Single,VW_DH_VW_VF_nzoth_yogg_cthun_3150262073352173_Mis_IV_DR_DS,32515,75.21%,
Single,VW_DH_TV_VF_nzoth_yogg_cthun_3150534803775469_Mis_AM_DR_DS,32514,75.21%,
Single,VW_DH_VW_VF_yshaarj_nzoth_yogg_3977498544365055_Mis_IV_DR,32514,75.21%,
Single,AR_SW_VF_yshaarj_nzoth_yogg_4013447278616047_IN_IV_DR_DS,32514,75.21%,
Single,VW_DH_TV_VF_nzoth_yogg_cthun_3132797662593005_Mis_AM_DR,32514,75.21%,
Single,AR_SW_VF_yshaarj_nzoth_yogg_4013438688157183_IN_AM_DR,32513,75.21%,
Single,AR_EC_VF_yshaarj_nzoth_yogg_4013302322953711_IN_AM_DR,32512,75.20%,
Single,VW_DH_VW_VF_yshaarj_nzoth_yogg_3977772348530159_Mis_AM_ME,32512,75.20%,
Single,AR_SW_VF_nzoth_yogg_cthun_3169159786921455_IN_IV_DR_DS,32512,75.20%,
Single,AR_SW_VF_nzoth_yogg_cthun_3132859797077997_Mis_IV_ME,32511,75.19%,
Single,AR_SP_VF_nzoth_yogg_cthun_3132867313270765_IN_AM_DR,32511,75.19%,
Single,AR_SP_VF_yshaarj_nzoth_yogg_4014400827940845_Mis_AM_ME,32510,75.19%,
Single,AR_SP_VF_nzoth_yogg_cthun_3132867313270765_IN_AM_ME,32510,75.19%,
Single,VW_DH_VW_VF_yshaarj_nzoth_cthun_3696298445561327_Mis_AM_DR,32509,75.19%,
Single,AR_SW_VF_nzoth_yogg_cthun_3132859058872301_Mis_AM_ME,32509,75.19%,
Single,VW_DH_TV_VF_yshaarj_nzoth_yogg_3977635983319021_Mis_IV_DR,32509,75.18%,
Single,AR_SW_VF_nzoth_yogg_cthun_3169159854022127_IN_AM_DR_DS,32509,75.18%,
Single,AR_EC_VF_yshaarj_nzoth_yogg_4013318496181743_Mis_IV_DR_DS,32509,75.18%,
Single,AR_EC_VF_yshaarj_nzoth_yogg_4013576127634927_IN_AM_DR,32509,75.18%,
Single,AR_SW_VF_nzoth_yogg_cthun_3150313470942703_Mis_AM_DR,32508,75.18%,
Single,AR_SP_VF_yshaarj_nzoth_yogg_4013851005026285_Mis_IV_DR,32508,75.18%,
Single,AR_SP_VF_yshaarj_nzoth_yogg_4013447278616557_Mis_IV_DR_DS,32507,75.17%,
Single,AR_SW_VF_nzoth_yogg_cthun_3150313470418431_IN_AM_ME,32506,75.17%,
Single,VW_DH_TV_VF_nzoth_yogg_cthun_3150252409675247_Mis_AM_ME,32506,75.17%,
Single,AR_SP_VF_yshaarj_nzoth_yogg_4013301316320751_Mis_IV_DR,32506,75.17%,
Single,VW_DH_TV_VF_nzoth_yogg_cthun_3132815916195311_IN_AM_ME_DS,32506,75.17%,
Single,AR_EC_VF_yshaarj_yogg_cthun_2043251357244911_IN_IV_DR,32505,75.16%,
Single,VW_DH_VW_VF_nzoth_yogg_cthun_3132928659086831_Mis_IV_ME,32505,75.16%,
Single,AR_SW_VF_yshaarj_yogg_cthun_2043251357245421_IN_IV_ME,32505,75.16%,
Single,AR_SP_VF_yshaarj_nzoth_yogg_4014409350774765_IN_IV_ME_DS,32505,75.16%,
Single,AR_SP_VF_nzoth_yogg_cthun_3132867313262079_IN_IV_ME,32505,75.16%,
Single,VW_DH_VW_VF_yshaarj_nzoth_yogg_3977788454658029_Mis_AM_ME_DS,32505,75.16%,
Single,VW_DH_VW_VF_yshaarj_nzoth_yogg_3977635983318511_Mis_AM_DR,32504,75.15%,
Single,AR_EC_VF_yshaarj_nzoth_yogg_4013309906771949_IN_IV_ME_DS,32504,75.15%,
Single,AR_SP_VF_nzoth_yogg_cthun_3132859864178159_IN_AM_ME,32503,75.15%,
Single,AR_SP_VF_yshaarj_nzoth_yogg_4013301316837357_IN_AM_ME,32503,75.15%,
Single,AR_EC_VF_nzoth_yogg_cthun_3132875903720943_IN_IV_DR_DS,32503,75.15%,
Single,AR_EC_VF_nzoth_yogg_cthun_3132996162280959_IN_AM_ME,32503,75.15%,
Single,VW_DH_VW_VF_nzoth_yogg_cthun_3132813768711679_IN_AM_DR_DS,32502,75.15%,
Single,AR_EC_VF_yshaarj_nzoth_yogg_4013302322945535_IN_IV_ME,32502,75.14%,
Single,VW_DH_TV_VF_nzoth_yogg_cthun_3150519771389933_Mis_AM_ME,32502,75.14%,
Single,AR_SW_VF_yshaarj_nzoth_yogg_4013302323470317_Mis_AM_DR,32502,75.14%,
Single,VW_DH_VW_VF_nzoth_yogg_cthun_3132797729693167_Mis_IV_DR,32501,75.14%,
Single,AR_SP_VF_yshaarj_yogg_cthun_2043251290144749_IN_IV_DR,32500,75.14%,
Single,AR_SW_VF_yshaarj_nzoth_yogg_4013584784154605_Mis_IV_DR_DS,32500,75.14%,
Single,AR_SW_VF_yshaarj_nzoth_yogg_4013301316320751_IN_AM_DR,32500,75.14%,
Single,VW_DH_VW_VF_yshaarj_nzoth_yogg_3977513643859949_Mis_AM_DR_DS,32500,75.13%,
Single,AR_SP_VF_yshaarj_nzoth_yogg_4014400760839663_Mis_IV_ME,32500,75.13%,
Single,AR_SP_VF_yshaarj_nzoth_yogg_4013438688681455_Mis_AM_DR,32500,75.13%,
Single,VW_DH_VW_VF_nzoth_yogg_cthun_3132926511611885_Mis_AM_ME,32500,75.13%,
Single,VW_DH_VW_VF_nzoth_yogg_cthun_3132798736850415_IN_AM_ME,32499,75.13%,
Single,VW_DH_TV_VF_nzoth_yogg_cthun_3132798803435501_Mis_IV_ME,32498,75.13%,
Single,AR_EC_VF_yshaarj_nzoth_yogg_4013318429597677_Mis_IV_DR_DS,32498,75.13%,
Single,AR_EC_VF_yshaarj_nzoth_yogg_4013576127110655_IN_IV_DR,32498,75.13%,
Single,AR_SP_VF_yshaarj_nzoth_yogg_4013576127110655_IN_IV_DR,32497,75.12%,
Single,VW_DH_TV_VF_yshaarj_nzoth_yogg_4049524072177645_Mis_IV_DR_DS,32497,75.12%,
Single,AR_SW_VF_nzoth_yogg_cthun_3150313470427117_Mis_AM_ME,32496,75.12%,
Single,AR_SW_VF_yshaarj_nzoth_yogg_4013309906255853_IN_IV_DR_DS,32496,75.12%,
Single,VW_DH_TV_VF_nzoth_yogg_cthun_3132942617739245_Mis_IV_ME_DS,32496,75.12%,
Single,AR_EC_VF_nzoth_yogg_cthun_3169151196987373_Mis_AM_ME,32496,75.11%,
Single,AR_SP_VF_nzoth_yogg_cthun_3169159786921455_IN_IV_DR_DS,32496,75.11%,
Single,AR_EC_VF_yshaarj_nzoth_yogg_4013576194219503_IN_AM_ME,32496,75.11%,
Single,AR_SW_VF_yshaarj_nzoth_yogg_4013584717053933_IN_IV_ME_DS,32496,75.11%,
Single,AR_SP_VF_yshaarj_nzoth_yogg_4013301316312575_IN_IV_ME,32496,75.11%,
Single,AR_SP_VF_yshaarj_nzoth_yogg_4013851005026285_IN_AM_DR,32495,75.11%,
Single,VW_DH_TV_VF_nzoth_yogg_cthun_3132927585869805_Mis_IV_ME,32495,75.11%,
Single,VW_DH_VW_VF_yshaarj_nzoth_yogg_3977773422271983_Mis_IV_ME,32494,75.10%,
Single,AR_SW_VF_yshaarj_nzoth_yogg_4013576127634927_IN_AM_DR,32494,75.10%,
Single,AR_SP_VF_nzoth_yogg_cthun_3169159787437551_IN_IV_ME_DS,32493,75.10%,
Single,VW_DH_TV_VF_nzoth_yogg_cthun_3132806252527597_Mis_IV_DR_DS,32493,75.10%,
Single,AR_SP_VF_nzoth_yogg_cthun_3132875970306029_IN_AM_ME_DS,32492,75.09%,
Single,AR_SW_VF_yshaarj_yogg_cthun_2043251357245421_IN_AM_DR,32492,75.09%,
Single,AR_SP_VF_yshaarj_nzoth_yogg_4013318496182253_IN_AM_ME_DS,32492,75.09%,
Single,AR_EC_VF_nzoth_yogg_cthun_3132858790960623_IN_AM_DR,32492,75.09%,
Single,AR_EC_VF_nzoth_yogg_cthun_3169159854022127_IN_AM_DR_DS,32492,75.09%,
Single,VW_DH_VW_VF_yshaarj_nzoth_yogg_3979712600006127_Mis_AM_ME_DS,32491,75.09%,
Single,VW_DH_VW_VF_nzoth_yogg_cthun_3135004269141997_Mis_IV_DR_DS,32491,75.09%,
Single,VW_DH_VW_VF_yshaarj_nzoth_yogg_4049525145919469_Mis_IV_ME_DS,32491,75.09%,
Single,AR_SW_VF_nzoth_yogg_cthun_3132867313262079_IN_IV_ME,32491,75.08%,
Single,AR_SW_VF_yshaarj_nzoth_yogg_4013318429597677_IN_AM_DR_DS,32490,75.08%,
Single,AR_SW_VF_yshaarj_nzoth_yogg_4013310174683117_Mis_IV_DR_DS,32489,75.08%,
Single,AR_SP_VF_nzoth_yogg_cthun_3169159787438061_Mis_IV_ME_DS,32489,75.08%,
Single,AR_EC_VF_yshaarj_nzoth_yogg_4013302323469807_Mis_IV_DR,32489,75.07%,
Single,VW_DH_TV_VF_yshaarj_nzoth_yogg_3977499618107373_Mis_IV_DR,32488,75.07%,
Single,AR_EC_VF_nzoth_yogg_cthun_3169159854022637_Mis_AM_ME_DS,32487,75.07%,
Single,AR_EC_VF_yshaarj_nzoth_yogg_4014409417875437_IN_AM_ME_DS,32487,75.06%,
Single,AR_EC_VF_yshaarj_yogg_cthun_1988688092716527_IN_IV_DR,32487,75.06%,
Single,AR_SP_VF_yshaarj_nzoth_yogg_3977567121309167_IN_IV_ME,32487,75.06%,
Single,AR_EC_VF_nzoth_yogg_cthun_3132867313786861_Mis_IV_ME,32487,75.06%,
Single,AR_SP_VF_nzoth_yogg_cthun_3132996162805231_Mis_IV_ME,32486,75.06%,
Single,VW_DH_TV_VF_nzoth_yogg_cthun_3132928659086831_Mis_IV_ME,32486,75.06%,
Single,AR_SP_VF_yshaarj_nzoth_yogg_4013576127119341_IN_AM_ME,32485,75.06%,
Single,AR_SP_VF_yshaarj_nzoth_yogg_4014400761355759_IN_AM_ME,32485,75.05%,
Single,AR_SP_VF_nzoth_yogg_cthun_3169151264087535_Mis_AM_DR,32484,75.05%,
Single,AR_EC_VF_nzoth_yogg_cthun_3132867313262079_IN_IV_ME,32483,75.05%,
Single,AR_EC_VF_yshaarj_nzoth_yogg_4013851005026285_Mis_IV_ME,32482,75.04%,
Single,AR_SP_VF_nzoth_yogg_cthun_3150313470426607_Mis_AM_DR,32481,75.03%,
Single,VW_DH_VW_VF_nzoth_yogg_cthun_3205372946210287_Mis_IV_DR_DS,32480,75.03%,
Single,AR_SW_VF_yshaarj_nzoth_yogg_4013447345200623_Mis_IV_DR_DS,32480,75.03%,
Single,AR_SW_VF_yshaarj_nzoth_yogg_4013438688157183_Mis_IV_ME,32479,75.02%,
Single,VW_DH_VW_VF_yshaarj_nzoth_yogg_3977788454657519_Mis_IV_ME_DS,32478,75.02%,
Single,AR_SP_VF_nzoth_yogg_cthun_3132996162289135_IN_AM_DR,32478,75.02%,
Single,AR_SW_VF_nzoth_yogg_cthun_3132996162805231_Mis_IV_ME,32478,75.02%,
Single,AR_EC_VF_yshaarj_nzoth_yogg_4013310979988975_IN_IV_DR_DS,32477,75.01%,
Single,VW_DH_TV_VF_nzoth_yogg_cthun_3132926512127471_Mis_IV_DR,32477,75.01%,
Single,VW_DH_TV_VF_yshaarj_nzoth_yogg_3977497471148013_Mis_IV_DR,32476,75.01%,
Single,AR_EC_VF_yshaarj_nzoth_yogg_4013447278616557_IN_AM_DR_DS,32476,75.01%,
Single,VW_DH_VW_VF_nzoth_yogg_cthun_3150243819740671_Mis_AM_DR,32475,75.00%,
Single,AR_SW_VF_yshaarj_nzoth_yogg_4013318496182253_Mis_IV_ME_DS,32475,75.00%,
Single,VW_DH_TV_VF_yshaarj_nzoth_yogg_4049524072177645_Mis_IV_ME_DS,32475,75.00%,
Single,AR_SW_VF_nzoth_yogg_cthun_3132996162289135_IN_AM_ME,32474,75.00%,
Single,AR_EC_VF_yshaarj_nzoth_yogg_4013318496182253_Mis_AM_DR_DS,32474,75.00%,
Single,AR_SP_VF_nzoth_yogg_cthun_3132996162805741_Mis_AM_DR,32474,74.99%,
Single,AR_SP_VF_yshaarj_nzoth_yogg_3977567188409839_IN_AM_DR,32473,74.99%,
Single,AR_SW_VF_yshaarj_nzoth_yogg_4013310913404909_IN_IV_DR_DS,32472,74.99%,
Single,AR_SP_VF_yshaarj_nzoth_yogg_4013301316321261_IN_AM_ME,32472,74.99%,
Single,AR_EC_VF_nzoth_yogg_cthun_3169151197502959_Mis_IV_DR,32472,74.99%,
Single,AR_EC_VF_nzoth_yogg_cthun_3169159787437551_IN_IV_ME_DS,32472,74.98%,
Single,AR_SP_VF_yshaarj_nzoth_yogg_4013310979989485_IN_IV_ME_DS,32472,74.98%,
Single,AR_SP_VF_yshaarj_nzoth_yogg_4013584784154095_IN_IV_DR_DS,32471,74.98%,
Single,AR_SP_VF_yshaarj_nzoth_yogg_4013447278100461_Mis_IV_DR_DS,32471,74.98%,
Single,AR_SW_VF_yshaarj_nzoth_yogg_4013851072126447_Mis_IV_DR,32471,74.98%,
Single,AR_EC_VF_yshaarj_nzoth_yogg_4013302322945535_IN_AM_DR,32470,74.97%,
Single,AR_SP_VF_nzoth_yogg_cthun_3169151196986863_IN_AM_DR,32470,74.97%,
Single,AR_EC_VF_nzoth_yogg_cthun_3132996162805231_Mis_IV_DR,32469,74.97%,
Single,VW_DH_TV_VF_nzoth_yogg_cthun_3150268515802607_Mis_IV_DR_DS,32469,74.97%,
Single,AR_EC_VF_yshaarj_nzoth_yogg_4013447345200623_IN_AM_DR_DS,32468,74.97%,
Single,AR_SP_VF_yshaarj_yogg_cthun_1988688092717037_Mis_IV_DR,32468,74.96%,
Single,VW_DH_VW_VF_nzoth_yogg_cthun_3132798803435501_Mis_IV_DR,32466,74.95%,
Single,AR_EC_VF_yshaarj_yogg_cthun_2043251290144749_IN_IV_DR,32466,74.95%,
Single,AR_EC_VF_yshaarj_nzoth_yogg_4013301316836847_IN_AM_ME,32466,74.95%,
Single,AR_EC_VF_yshaarj_nzoth_yogg_4013851005542381_IN_AM_ME,32466,74.95%,
Single,AR_SP_VF_nzoth_yogg_cthun_3169151197502959_Mis_IV_ME,32466,74.95%,
Single,VW_DH_VW_VF_nzoth_yogg_cthun_3132797662593005_Mis_AM_DR,32465,74.95%,
Single,AR_SP_VF_nzoth_yogg_cthun_3132859864178669_Mis_AM_DR,32465,74.95%,
Single,AR_EC_VF_yshaarj_nzoth_yogg_4013301249727999_IN_IV_DR,32465,74.95%,
Single,AR_SP_VF_yshaarj_nzoth_yogg_4013851005026285_Mis_IV_ME,32465,74.94%,
Single,VW_DH_VW_VF_nzoth_yogg_cthun_3150519771389933_Mis_AM_ME,32464,74.94%,
Single,AR_SW_VF_nzoth_yogg_cthun_3132875970306029_IN_AM_ME_DS,32464,74.94%,
Single,VW_DH_VW_VF_yshaarj_nzoth_yogg_3977513643859949_Mis_AM_ME_DS,32464,74.94%,
Single,VW_DH_TV_VF_nzoth_yogg_cthun_3152458949123567_Mis_AM_DR_DS,32463,74.94%,
Single,VW_DH_VW_VF_nzoth_yogg_cthun_3150259992977389_Mis_AM_DR_DS,32463,74.94%,
Single,AR_SP_VF_nzoth_yogg_cthun_3132858790960623_IN_AM_DR,32462,74.93%,
Single,VW_DH_VW_VF_nzoth_yogg_cthun_3152458949124077_Mis_AM_ME_DS,32461,74.93%,
Single,VW_DH_VW_VF_nzoth_yogg_cthun_3132942684839917_Mis_IV_ME_DS,32461,74.93%,
Single,VW_DH_VW_VF_nzoth_yogg_cthun_3132928659087341_Mis_AM_DR,32460,74.92%,
Single,AR_SW_VF_yshaarj_nzoth_yogg_4013318496181743_IN_AM_DR_DS,32459,74.92%,
Single,VW_DH_VW_VF_nzoth_yogg_cthun_3132798736334829_Mis_IV_ME,32459,74.91%,
Single,AR_SW_VF_nzoth_yogg_cthun_3132875903720943_IN_IV_DR_DS,32458,74.91%,
Single,AR_SW_VF_yshaarj_nzoth_yogg_4014400761355759_Mis_IV_DR,32458,74.91%,
Single,AR_EC_VF_nzoth_yogg_cthun_3132996162805231_Mis_IV_ME,32457,74.91%,
Single,VW_DH_TV_VF_yshaarj_nzoth_yogg_3979696493879277_Mis_AM_ME,32456,74.90%,
Single,VW_DH_TV_VF_yshaarj_nzoth_yogg_3977513577274863_IN_AM_ME_DS,32455,74.89%,
Single,AR_SP_VF_yshaarj_nzoth_yogg_4013302390054383_IN_AM_ME,32455,74.89%,
Single,AR_SP_VF_yshaarj_nzoth_yogg_4013576194220013_Mis_AM_ME,32454,74.89%,
Single,AR_EC_VF_yshaarj_yogg_cthun_1988688092717037_IN_AM_DR,32454,74.89%,
Single,AR_SW_VF_yshaarj_nzoth_yogg_4013302323469807_Mis_IV_DR,32454,74.89%,
Single,VW_DH_TV_VF_nzoth_yogg_cthun_3132798736334829_Mis_IV_ME,32454,74.89%,
Single,AR_EC_VF_yshaarj_nzoth_yogg_4014409350774765_IN_IV_ME_DS,32454,74.89%,
Single,AR_SP_VF_yshaarj_nzoth_yogg_4013576127635437_Mis_AM_DR,32453,74.88%,
Single,AR_SW_VF_yshaarj_nzoth_yogg_4013302323469807_IN_AM_DR,32453,74.88%,
Single,AR_SP_VF_yshaarj_nzoth_yogg_4013301316320751_Mis_IV_ME,32453,74.88%,
Single,AR_SP_VF_nzoth_yogg_cthun_3150313470942703_Mis_AM_DR,32453,74.88%,
Single,AR_SP_VF_nzoth_yogg_cthun_3169159786921455_IN_IV_ME_DS,32452,74.88%,
Single,VW_DH_TV_VF_nzoth_yogg_cthun_3134996685839855_Mis_AM_DR,32452,74.88%,
Single,AR_EC_VF_yshaarj_nzoth_yogg_4013447278099951_IN_IV_DR_DS,32452,74.88%,
Single,VW_DH_TV_VF_nzoth_yogg_cthun_3150260999609839_Mis_IV_ME_DS,32452,74.87%,
Single,VW_DH_TV_VF_nzoth_yogg_cthun_3150268515802607_Mis_IV_ME_DS,32451,74.87%,
Single,VW_DH_TV_VF_nzoth_yogg_cthun_3132791220142061_Mis_AM_DR,32451,74.87%,
Single,AR_SW_VF_yshaarj_nzoth_yogg_4013447345201133_Mis_AM_DR_DS,32450,74.87%,
Single,VW_DH_TV_VF_nzoth_yogg_cthun_3132797729693167_Mis_IV_DR,32450,74.87%,
Single,AR_EC_VF_yshaarj_nzoth_yogg_4013851005017599_IN_IV_ME,32449,74.86%,
Single,AR_SP_VF_yshaarj_nzoth_yogg_4013310979988975_IN_IV_DR_DS,32448,74.86%,
Single,AR_SW_VF_yshaarj_nzoth_yogg_4013318429081071_IN_IV_DR_DS,32448,74.86%,
Single,VW_DH_TV_VF_nzoth_yogg_cthun_3135004269141997_Mis_IV_ME_DS,32447,74.85%,
Single,AR_EC_VF_nzoth_yogg_cthun_3169159787437551_IN_IV_DR_DS,32447,74.85%,
Single,VW_DH_VW_VF_yshaarj_nzoth_yogg_3977497471147503_Mis_AM_DR,32447,74.85%,
Single,AR_EC_VF_nzoth_yogg_cthun_3132996162805741_Mis_AM_ME,32447,74.85%,
Single,VW_DH_TV_VF_nzoth_yogg_cthun_3132943691472877_Mis_AM_DR_DS,32446,74.85%,
Single,AR_SW_VF_nzoth_yogg_cthun_3132859864178159_Mis_IV_DR,32446,74.85%,
Single,AR_EC_VF_yshaarj_nzoth_yogg_4014400761356269_Mis_AM_DR,32446,74.85%,
Single,AR_EC_VF_nzoth_yogg_cthun_3169151196986863_IN_AM_DR,32446,74.84%,
Single,AR_EC_VF_yshaarj_nzoth_yogg_4013310174683117_IN_AM_ME_DS,32445,74.84%,
Single,VW_DH_VW_VF_nzoth_yogg_cthun_3150259992976879_Mis_IV_ME_DS,32445,74.84%,
Single,AR_SW_VF_yshaarj_nzoth_yogg_4013301316836847_Mis_IV_ME,32444,74.83%,
Single,VW_DH_VW_VF_yshaarj_nzoth_yogg_4049522998960109_Mis_IV_DR_DS,32444,74.83%,
Single,AR_SP_VF_nzoth_yogg_cthun_3132859058872301_Mis_AM_ME,32444,74.83%,
Single,VW_DH_VW_VF_nzoth_yogg_cthun_3133347418398191_Mis_IV_DR,32443,74.83%,
Single,AR_SW_VF_yshaarj_nzoth_yogg_4013301584748015_Mis_AM_ME,32443,74.83%,
Single,AR_SW_VF_yshaarj_nzoth_yogg_4013851005017599_IN_IV_DR,32443,74.83%,
Single,AR_SP_VF_nzoth_yogg_cthun_3132996162289135_Mis_IV_DR,32442,74.83%,
Single,AR_EC_VF_yshaarj_nzoth_yogg_4013851072126447_Mis_AM_DR,32441,74.82%,
Single,AR_EC_VF_yshaarj_nzoth_yogg_4013851072126447_IN_AM_ME,32440,74.81%,
Single,AR_SP_VF_yshaarj_nzoth_yogg_4013438688165359_IN_AM_DR,32440,74.81%,
Single,AR_SP_VF_yshaarj_nzoth_yogg_4013318429081581_IN_IV_ME_DS,32440,74.81%,
Single,AR_EC_VF_nzoth_yogg_cthun_3132996162280959_IN_AM_DR,32439,74.81%,
Single,VW_DH_VW_VF_nzoth_yogg_cthun_3132807326268911_IN_AM_ME_DS,32439,74.81%,
Single,AR_EC_VF_nzoth_yogg_cthun_3169159786921455_IN_IV_DR_DS,32439,74.81%,
Single,AR_SP_VF_nzoth_yogg_cthun_3132859058871791_Mis_IV_ME,32438,74.80%,
Single,AR_EC_VF_yshaarj_yogg_cthun_2043251357245421_Mis_IV_DR,32438,74.80%,
Single,AR_SW_VF_nzoth_yogg_cthun_3132858723860461_Mis_IV_ME,32437,74.79%,
Single,AR_SW_VF_nzoth_yogg_cthun_3169159854022127_Mis_IV_ME_DS,32436,74.79%,
Single,VW_DH_VW_VF_yshaarj_nzoth_cthun_3696298445561327_Mis_AM_ME,32436,74.79%,
Single,VW_DH_TV_VF_nzoth_yogg_cthun_3132926511611885_Mis_AM_ME,32435,74.79%,
Single,AR_SW_VF_nzoth_yogg_cthun_3132859058871791_Mis_IV_DR,32434,74.78%,
Single,AR_SP_VF_nzoth_yogg_cthun_3132858723851775_IN_IV_ME,32434,74.78%,
Single,VW_DH_TV_VF_nzoth_yogg_cthun_3205372946210287_Mis_IV_ME_DS,32433,74.77%,
Single,VW_DH_VW_VF_nzoth_yogg_cthun_3132797662592495_Mis_IV_ME,32432,74.77%,
Single,AR_SW_VF_yshaarj_nzoth_yogg_4013301249736685_IN_AM_ME,32432,74.77%,
Single,AR_SP_VF_nzoth_yogg_cthun_3169151196986863_Mis_IV_ME,32432,74.77%,
Single,AR_SP_VF_yshaarj_yogg_cthun_2043251357245421_Mis_IV_DR,32431,74.76%,
Single,AR_EC_VF_nzoth_yogg_cthun_3132996162289645_Mis_AM_ME,32431,74.76%,
Single,AR_EC_VF_yshaarj_nzoth_yogg_4013318429597677_Mis_IV_ME_DS,32431,74.76%,
Single,VW_DH_TV_VF_yshaarj_nzoth_yogg_3977499618107373_Mis_IV_ME,32430,74.76%,
Single,AR_EC_VF_yshaarj_nzoth_yogg_4013576127634927_Mis_IV_ME,32430,74.76%,
Single,AR_SP_VF_yshaarj_nzoth_yogg_4013584784154605_Mis_IV_DR_DS,32430,74.76%,
Single,AR_EC_VF_yshaarj_nzoth_yogg_4013447345200623_Mis_IV_ME_DS,32429,74.76%,
Single,AR_SP_VF_nzoth_yogg_cthun_3150313470942703_Mis_AM_ME,32429,74.75%,
Single,AR_SP_VF_yshaarj_nzoth_yogg_4014400761356269_Mis_AM_DR,32429,74.75%,
Single,VW_DH_TV_VF_nzoth_yogg_cthun_3132927585353199_Mis_IV_DR,32429,74.75%,
Single,VW_DH_VW_VF_yshaarj_nzoth_yogg_3977513576759277_Mis_AM_ME_DS,32429,74.75%,
Single,AR_SW_VF_yshaarj_nzoth_yogg_4013309906255853_IN_IV_ME_DS,32429,74.75%,
Single,AR_SP_VF_yshaarj_nzoth_yogg_4013318496181743_IN_AM_DR_DS,32428,74.75%,
Single,AR_SP_VF_yshaarj_nzoth_yogg_4013576194219503_IN_AM_ME,32428,74.75%,
Single,AR_SW_VF_yshaarj_nzoth_yogg_4013576127634927_Mis_IV_ME,32428,74.75%,
Single,AR_EC_VF_yshaarj_nzoth_yogg_4013302390054383_Mis_AM_DR,32427,74.74%,
Single,AR_SW_VF_yshaarj_nzoth_yogg_4013310174683117_IN_AM_ME_DS,32425,74.73%,
Single,VW_DH_TV_VF_yshaarj_nzoth_yogg_3979712600006637_Mis_IV_ME_DS,32425,74.73%,
Single,AR_EC_VF_nzoth_yogg_cthun_3132996162289645_Mis_AM_DR,32425,74.73%,
Single,AR_EC_VF_nzoth_yogg_cthun_3132867313786861_Mis_IV_DR,32424,74.73%,
Single,AR_SP_VF_yshaarj_nzoth_yogg_4013447345200623_Mis_IV_DR_DS,32423,74.72%,
Single,VW_DH_VW_VF_yshaarj_nzoth_yogg_3977499618106863_Mis_AM_DR,32423,74.72%,
Single,AR_SP_VF_nzoth_yogg_cthun_3169159854022127_Mis_IV_DR_DS,32423,74.72%,
Single,AR_SP_VF_nzoth_yogg_cthun_3169159786921965_IN_AM_DR_DS,32423,74.72%,
Single,AR_EC_VF_yshaarj_nzoth_yogg_4013576194219503_Mis_AM_DR,32422,74.71%,
Single,AR_SW_VF_yshaarj_nzoth_yogg_3977567188410349_Mis_IV_ME,32422,74.71%,
Single,VW_DH_VW_VF_yshaarj_nzoth_yogg_3977498544373741_Mis_AM_DR,32421,74.71%,
Single,AR_SP_VF_yshaarj_nzoth_yogg_4013302323469807_Mis_IV_DR,32421,74.71%,
Single,AR_SP_VF_yshaarj_nzoth_yogg_4014409351290351_IN_IV_DR_DS,32421,74.71%,
Single,VW_DH_VW_VF_nzoth_yogg_cthun_3132942617730559_IN_AM_ME_DS,32420,74.70%,
Single,AR_SW_VF_yshaarj_nzoth_yogg_4013318429597677_Mis_IV_DR_DS,32420,74.70%,
Single,VW_DH_TV_VF_yshaarj_nzoth_yogg_3977635983319021_Mis_IV_ME,32420,74.70%,
Single,AR_SW_VF_yshaarj_nzoth_yogg_4013309906771949_IN_IV_ME_DS,32420,74.70%,
Single,AR_SP_VF_yshaarj_nzoth_yogg_4013447345201133_IN_AM_ME_DS,32420,74.70%,
Single,AR_SW_VF_yshaarj_nzoth_yogg_4013301316321261_Mis_AM_DR,32420,74.70%,
Single,AR_SP_VF_yshaarj_nzoth_yogg_4013318496181743_Mis_IV_ME_DS,32419,74.70%,
Single,AR_SP_VF_nzoth_yogg_cthun_3132859058871791_Mis_IV_DR,32419,74.70%,
Single,VW_DH_VW_VF_nzoth_yogg_cthun_3133347418398191_Mis_IV_ME,32419,74.70%,
Single,VW_DH_VW_VF_yshaarj_nzoth_yogg_3977498611474413_Mis_AM_ME,32419,74.70%,
Single,VW_DH_VW_VF_yshaarj_nzoth_yogg_4049797876342765_Mis_AM_DR_DS,32418,74.70%,
Single,AR_SP_VF_yshaarj_nzoth_yogg_4013318429081071_IN_IV_DR_DS,32417,74.69%,
Single,AR_SW_VF_yshaarj_nzoth_yogg_3977567188409839_IN_AM_DR,32417,74.69%,
Single,VW_DH_VW_VF_yshaarj_nzoth_yogg_3977651015704047_Mis_AM_DR_DS,32417,74.69%,
Single,AR_SP_VF_nzoth_yogg_cthun_3132996162805231_Mis_IV_DR,32416,74.68%,
Single,AR_SP_VF_nzoth_yogg_cthun_3132867380370927_IN_AM_DR,32416,74.68%,
Single,AR_EC_VF_yshaarj_nzoth_yogg_4013576127119341_Mis_AM_DR,32416,74.68%,
Single,VW_DH_VW_VF_nzoth_yogg_cthun_3150259925876717_Mis_AM_DR_DS,32415,74.68%,
Single,AR_SP_VF_yshaarj_nzoth_yogg_4013851005541871_IN_IV_ME,32415,74.68%,
Single,AR_EC_VF_yshaarj_nzoth_yogg_4013576127635437_Mis_AM_ME,32415,74.68%,
Single,VW_DH_TV_VF_nzoth_yogg_cthun_3134997759582189_Mis_AM_DR,32414,74.67%,
Single,VW_DH_TV_VF_yshaarj_nzoth_yogg_3977497537732079_Mis_IV_DR,32414,74.67%,
Single,AR_SP_VF_yshaarj_nzoth_yogg_4013310174682607_IN_IV_ME_DS,32414,74.67%,
Single,AR_SW_VF_yshaarj_nzoth_yogg_4013447278100461_IN_IV_ME_DS,32413,74.67%,
Single,AR_SP_VF_yshaarj_nzoth_yogg_4013438688157183_Mis_IV_ME,32412,74.66%,
Single,VW_DH_VW_VF_yshaarj_nzoth_cthun_3768322899631599_Mis_AM_DR_DS,32412,74.66%,
Single,VW_DH_TV_VF_nzoth_yogg_cthun_3150243819748847_Mis_AM_ME,32411,74.66%,
Single,VW_DH_TV_VF_nzoth_yogg_cthun_3132807326268911_IN_AM_ME_DS,32411,74.66%,
Single,AR_EC_VF_yshaarj_yogg_cthun_1971370784579565_IN_IV_DR,32411,74.66%,
Single,VW_DH_VW_VF_nzoth_yogg_cthun_3150260999610349_Mis_AM_ME_DS,32410,74.65%,
Single,AR_SP_VF_yshaarj_nzoth_yogg_4014400760839663_IN_AM_ME,32410,74.65%,
Single,AR_EC_VF_yshaarj_nzoth_yogg_4013318496182253_IN_AM_ME_DS,32409,74.64%,
Single,AR_SW_VF_nzoth_yogg_cthun_3132859797593583_IN_AM_ME,32409,74.64%,
Single,AR_EC_VF_yshaarj_yogg_cthun_1988688092717037_Mis_IV_ME,32409,74.64%,
Single,AR_EC_VF_yshaarj_nzoth_yogg_3977567188410349_Mis_IV_ME,32408,74.64%,
Single,AR_SW_VF_yshaarj_nzoth_yogg_3977567188410349_Mis_IV_DR,32408,74.64%,
Single,AR_EC_VF_nzoth_yogg_cthun_3150313470426607_Mis_AM_ME,32408,74.64%,
Single,AR_EC_VF_nzoth_yogg_cthun_3132867313270765_Mis_IV_ME,32407,74.64%,
Single,AR_SW_VF_yshaarj_nzoth_yogg_4013584784154605_Mis_IV_ME_DS,32407,74.63%,
Single,AR_EC_VF_nzoth_yogg_cthun_3132858790961133_Mis_AM_ME,32406,74.63%,
Single,AR_SW_VF_yshaarj_nzoth_yogg_4013310174683117_Mis_IV_ME_DS,32406,74.63%,
Single,AR_SW_VF_nzoth_yogg_cthun_3132858790961133_Mis_AM_DR,32406,74.63%,
Single,AR_EC_VF_nzoth_yogg_cthun_3169159786921965_IN_AM_ME_DS,32406,74.63%,
Single,AR_SW_VF_yshaarj_nzoth_yogg_4013576194219503_Mis_AM_DR,32406,74.63%,
Single,VW_DH_TV_VF_nzoth_yogg_cthun_3132935101537775_Mis_AM_DR,32406,74.63%,
Single,AR_SW_VF_yshaarj_nzoth_yogg_4013447278616557_Mis_IV_DR_DS,32406,74.63%,
Single,AR_EC_VF_yshaarj_nzoth_yogg_4013318429081071_IN_IV_DR_DS,32404,74.62%,
Single,VW_DH_VW_VF_nzoth_yogg_cthun_3150244894006767_Mis_IV_ME,32404,74.62%,
Single,AR_SW_VF_nzoth_yogg_cthun_3132867313262079_IN_IV_DR,32404,74.62%,
Single,AR_SW_VF_yshaarj_nzoth_yogg_4014400761356269_Mis_AM_DR,32403,74.61%,
Single,AR_EC_VF_nzoth_yogg_cthun_3132996229389807_Mis_AM_ME,32403,74.61%,
Single,AR_EC_VF_yshaarj_nzoth_yogg_4014400760831487_IN_AM_DR,32403,74.61%,
Single,VW_DH_TV_VF_yshaarj_nzoth_yogg_4049522998444013_Mis_IV_DR_DS,32403,74.61%,
Single,AR_SW_VF_nzoth_yogg_cthun_3169151197502959_IN_AM_ME,32403,74.61%,
Single,AR_SW_VF_nzoth_yogg_cthun_3132859797077487_IN_AM_DR,32402,74.61%,
Single,AR_EC_VF_yshaarj_nzoth_yogg_4013301316837357_Mis_AM_ME,32402,74.61%,
Single,AR_SP_VF_yshaarj_nzoth_yogg_3977567188410349_Mis_IV_DR,32402,74.61%,
Single,AR_EC_VF_yshaarj_nzoth_yogg_4014409351290351_IN_IV_DR_DS,32402,74.61%,
Single,AR_SW_VF_yshaarj_nzoth_yogg_4013851005542381_Mis_IV_ME,32402,74.61%,
Single,AR_SP_VF_yshaarj_nzoth_yogg_4013318429597677_Mis_IV_DR_DS,32402,74.61%,
Single,AR_SP_VF_yshaarj_nzoth_yogg_4013851072126957_Mis_AM_DR,32401,74.60%,
Single,AR_SW_VF_yshaarj_nzoth_yogg_4013851072126447_Mis_IV_ME,32401,74.60%,
Single,VW_DH_VW_VF_yshaarj_nzoth_yogg_3977498611474413_Mis_AM_DR,32400,74.60%,
Single,AR_SP_VF_yshaarj_nzoth_yogg_4014400760839663_Mis_IV_DR,32400,74.60%,
Single,AR_EC_VF_yshaarj_nzoth_yogg_4013438688157183_IN_AM_ME,32400,74.60%,
Single,VW_DH_TV_VF_nzoth_yogg_cthun_3152458949124077_Mis_AM_ME_DS,32400,74.59%,
Single,AR_SP_VF_yshaarj_nzoth_yogg_4013584784154605_IN_AM_DR_DS,32399,74.59%,
Single,AR_SW_VF_yshaarj_nzoth_yogg_3977567121300991_IN_IV_DR,32399,74.59%,
Single,AR_SP_VF_nzoth_yogg_cthun_3169151196987373_Mis_AM_ME,32399,74.59%,
Single,VW_DH_TV_VF_nzoth_yogg_cthun_3150253483417581_Mis_AM_ME,32398,74.59%,
Single,AR_EC_VF_yshaarj_nzoth_yogg_4013302390054383_IN_AM_ME,32398,74.58%,
Single,AR_SP_VF_yshaarj_nzoth_yogg_4013447345200623_Mis_IV_ME_DS,32398,74.58%,
Single,AR_EC_VF_yshaarj_nzoth_yogg_4013302322953711_Mis_IV_DR,32398,74.58%,
Single,AR_SP_VF_nzoth_yogg_cthun_3132858723860461_Mis_IV_ME,32397,74.58%,
Single,VW_DH_VW_VF_yshaarj_nzoth_yogg_3977651015704047_Mis_AM_ME_DS,32396,74.58%,
Single,AR_SW_VF_yshaarj_nzoth_yogg_4013584717570029_IN_IV_ME_DS,32396,74.58%,
Single,VW_DH_VW_VF_yshaarj_nzoth_yogg_4049660437389293_Mis_AM_ME_DS,32396,74.57%,
Single,AR_SW_VF_yshaarj_nzoth_yogg_4013438688165869_Mis_AM_ME,32396,74.57%,
Single,AR_EC_VF_nzoth_yogg_cthun_3132996162289135_IN_AM_DR,32395,74.57%,
Single,AR_EC_VF_nzoth_yogg_cthun_3132859797077487_IN_AM_ME,32394,74.57%,
Single,VW_DH_VW_VF_yshaarj_nzoth_yogg_4049523065544175_Mis_IV_DR_DS,32394,74.57%,
Single,VW_DH_TV_VF_nzoth_yogg_cthun_3132942684839917_Mis_IV_ME_DS,32394,74.56%,
Single,AR_SP_VF_nzoth_yogg_cthun_3132867313262079_IN_IV_DR,32393,74.56%,
Single,VW_DH_VW_VF_nzoth_yogg_cthun_3150268515803117_Mis_AM_DR_DS,32393,74.56%,
Single,AR_SP_VF_nzoth_yogg_cthun_3169159787438061_IN_AM_ME_DS,32393,74.56%,
Single,VW_DH_VW_VF_yshaarj_nzoth_yogg_3977498544889327_Mis_IV_DR,32393,74.56%,
Single,VW_DH_VW_VF_yshaarj_nzoth_yogg_4049523065544685_Mis_AM_DR_DS,32393,74.56%,
Single,VW_DH_VW_VF_nzoth_yogg_cthun_3132814842453997_Mis_IV_DR_DS,32392,74.56%,
Single,AR_EC_VF_nzoth_yogg_cthun_3132996162289135_IN_AM_ME,32392,74.55%,
Single,AR_SP_VF_yshaarj_nzoth_yogg_4013438688681455_IN_AM_ME,32392,74.55%,
Single,AR_EC_VF_yshaarj_nzoth_yogg_4013584784154605_Mis_IV_DR_DS,32392,74.55%,
Single,VW_DH_VW_VF_nzoth_yogg_cthun_3150259926392813_Mis_IV_DR_DS,32392,74.55%,
Single,AR_SP_VF_nzoth_yogg_cthun_3132858723860461_IN_AM_ME,32391,74.55%,
Single,VW_DH_TV_VF_nzoth_yogg_cthun_3132814842453997_Mis_IV_DR_DS,32391,74.55%,
Single,VW_DH_TV_VF_nzoth_yogg_cthun_3205372946210287_Mis_IV_DR_DS,32391,74.55%,
Single,VW_DH_VW_VF_nzoth_yogg_cthun_3132806319628269_Mis_IV_ME_DS,32390,74.54%,
Single,AR_SP_VF_yshaarj_yogg_cthun_1971370784579565_IN_IV_DR,32390,74.54%,
Single,AR_SP_VF_nzoth_yogg_cthun_3132867313270765_Mis_IV_ME,32390,74.54%,
Single,AR_SP_VF_nzoth_yogg_cthun_3132996162805741_Mis_AM_ME,32390,74.54%,
Single,AR_SW_VF_yshaarj_nzoth_yogg_4013584784154605_IN_AM_DR_DS,32389,74.54%,
Single,AR_SW_VF_nzoth_yogg_cthun_3132867313270765_Mis_IV_ME,32389,74.54%,
Single,VW_DH_VW_VF_yshaarj_nzoth_yogg_4049522998443503_Mis_IV_ME_DS,32389,74.54%,
Single,AR_EC_VF_nzoth_yogg_cthun_3132859797593583_IN_AM_DR,32388,74.53%,
Single,AR_EC_VF_yshaarj_nzoth_yogg_4013310912888813_IN_IV_DR_DS,32388,74.53%,
Single,AR_SW_VF_yshaarj_nzoth_yogg_4013302390054383_IN_AM_ME,32388,74.53%,
Single,AR_EC_VF_yshaarj_nzoth_yogg_4013310913404909_IN_IV_DR_DS,32387,74.53%,
Single,AR_EC_VF_yshaarj_nzoth_yogg_4013309906255853_IN_IV_ME_DS,32387,74.53%,
Single,AR_EC_VF_yshaarj_nzoth_yogg_4013447278100461_Mis_IV_DR_DS,32387,74.53%,
Single,VW_DH_VW_VF_yshaarj_nzoth_yogg_4049797876342255_Mis_IV_DR_DS,32387,74.53%,
Single,AR_SW_VF_yshaarj_nzoth_yogg_4013301316320751_Mis_IV_ME,32387,74.52%,
Single,AR_EC_VF_nzoth_yogg_cthun_3169159854022127_Mis_IV_DR_DS,32385,74.52%,
Single,AR_SP_VF_yshaarj_yogg_cthun_2043251357245421_IN_AM_DR,32385,74.52%,
Single,AR_SW_VF_nzoth_yogg_cthun_3132867313786351_IN_AM_DR,32385,74.52%,
Single,AR_SW_VF_yshaarj_nzoth_yogg_4013301249736685_Mis_IV_ME,32385,74.51%,
Single,AR_SW_VF_nzoth_yogg_cthun_3132858723851775_IN_IV_DR,32384,74.51%,
Single,AR_SP_VF_nzoth_yogg_cthun_3132859797593583_IN_AM_DR,32384,74.51%,
Single,VW_DH_VW_VF_nzoth_yogg_cthun_3150244960591853_Mis_AM_ME,32384,74.51%,
Single,AR_SW_VF_yshaarj_yogg_cthun_1973432368881645_IN_IV_DR,32383,74.50%,
Single,VW_DH_TV_VF_nzoth_yogg_cthun_3150259992976879_Mis_IV_ME_DS,32382,74.50%,
Single,AR_EC_VF_yshaarj_nzoth_yogg_4013438688157183_Mis_AM_DR,32382,74.50%,
Single,AR_SW_VF_yshaarj_nzoth_yogg_4013447278616557_IN_AM_DR_DS,32382,74.50%,
Single,AR_SW_VF_yshaarj_yogg_cthun_1988688092717037_Mis_IV_DR,32382,74.50%,
Single,AR_EC_VF_yshaarj_nzoth_yogg_4013301249211903_IN_IV_DR,32382,74.50%,
Single,AR_EC_VF_yshaarj_nzoth_yogg_4013301316312575_Mis_IV_DR,32381,74.49%,
Single,AR_SP_VF_yshaarj_nzoth_yogg_4013851072126447_Mis_IV_ME,32381,74.49%,
Single,AR_SP_VF_nzoth_yogg_cthun_3132867313786861_Mis_IV_DR,32381,74.49%,
Single,VW_DH_VW_VF_nzoth_yogg_cthun_3132927652453871_Mis_IV_ME,32381,74.49%,
Single,AR_EC_VF_yshaarj_nzoth_yogg_4014400760839663_Mis_IV_DR,32380,74.49%,
Single,VW_DH_TV_VF_nzoth_yogg_cthun_3135005275774957_Mis_AM_DR_DS,32380,74.49%,
Single,AR_EC_VF_yshaarj_nzoth_yogg_4013309839671277_IN_IV_DR_DS,32379,74.49%,
Single,VW_DH_TV_VF_nzoth_yogg_cthun_3132928659086831_Mis_IV_DR,32379,74.48%,
Single,VW_DH_VW_VF_nzoth_yogg_cthun_3132926511611375_Mis_AM_DR,32378,74.48%,
Single,AR_SW_VF_yshaarj_nzoth_yogg_4013318429597167_IN_IV_ME_DS,32378,74.48%,
Single,AR_SW_VF_yshaarj_nzoth_yogg_4014400760831487_IN_AM_DR,32378,74.48%,
Single,AR_EC_VF_yshaarj_yogg_cthun_2043251290660845_IN_IV_ME,32378,74.48%,
Single,AR_EC_VF_yshaarj_nzoth_yogg_4014400827940335_Mis_AM_ME,32377,74.48%,
Single,AR_EC_VF_yshaarj_nzoth_yogg_4013851005542381_Mis_AM_DR,32377,74.47%,
Single,VW_DH_VW_VF_nzoth_yogg_cthun_3132876045737455_Mis_AM_DR_DS,32377,74.47%,
Single,AR_SP_VF_yshaarj_nzoth_yogg_4013301249727999_IN_IV_DR,32377,74.47%,
Single,AR_SW_VF_yshaarj_nzoth_yogg_4014400761356269_Mis_AM_ME,32377,74.47%,
Single,AR_SP_VF_yshaarj_nzoth_yogg_4013301316312575_Mis_IV_DR,32377,74.47%,
Single,AR_EC_VF_nzoth_yogg_cthun_3132875903720943_IN_IV_ME_DS,32376,74.47%,
Single,AR_SW_VF_nzoth_yogg_cthun_3132875903721453_IN_AM_DR_DS,32376,74.47%,
Single,AR_EC_VF_yshaarj_nzoth_yogg_4014400761356269_Mis_AM_ME,32376,74.47%,
Single,AR_SW_VF_yshaarj_nzoth_yogg_3977567121309167_IN_IV_ME,32376,74.47%,
Single,AR_EC_VF_nzoth_yogg_cthun_3169151196986863_IN_AM_ME,32375,74.46%,
Single,VW_DH_VW_VF_yshaarj_nzoth_yogg_4049525145919469_Mis_IV_DR_DS,32375,74.46%,
Single,VW_DH_VW_VF_nzoth_yogg_cthun_3152458949123567_Mis_AM_DR_DS,32374,74.46%,
Single,AR_EC_VF_yshaarj_nzoth_yogg_4013576127118831_IN_AM_DR,32373,74.45%,
Single,AR_SW_VF_yshaarj_nzoth_yogg_4013438688165359_Mis_AM_DR,32373,74.45%,
Single,VW_DH_TV_VF_nzoth_yogg_cthun_3132806319628269_Mis_IV_DR_DS,32373,74.45%,
Single,VW_DH_TV_VF_nzoth_yogg_cthun_3132927585353709_Mis_AM_DR,32373,74.45%,
Single,AR_SW_VF_nzoth_yogg_cthun_3169159854022127_Mis_IV_DR_DS,32373,74.45%,
Single,VW_DH_VW_VF_nzoth_yogg_cthun_3132927585353709_Mis_AM_DR,32373,74.45%,
Single,AR_EC_VF_yshaarj_nzoth_yogg_4013438688165359_Mis_AM_DR,32372,74.45%,
Single,AR_EC_VF_yshaarj_nzoth_yogg_4013318496181743_Mis_IV_ME_DS,32372,74.45%,
Single,VW_DH_TV_VF_nzoth_yogg_cthun_3132813769235951_IN_AM_ME_DS,32372,74.45%,
Single,VW_DH_TV_VF_nzoth_yogg_cthun_3205372946210797_Mis_AM_ME_DS,32371,74.44%,
Single,AR_SP_VF_yshaarj_yogg_cthun_2043251357244911_IN_IV_DR,32371,74.44%,
Single,AR_SP_VF_yshaarj_nzoth_yogg_4013301249211903_IN_IV_DR,32371,74.44%,
Single,VW_DH_VW_VF_nzoth_yogg_cthun_3132791220141551_Mis_IV_DR,32371,74.44%,
Single,AR_EC_VF_nzoth_yogg_cthun_3132996162289135_Mis_IV_ME,32370,74.44%,
Single,AR_SP_VF_yshaarj_nzoth_yogg_4013310174682607_Mis_IV_DR_DS,32369,74.43%,
Single,AR_EC_VF_nzoth_yogg_cthun_3169151264087535_Mis_AM_ME,32369,74.43%,
Single,AR_EC_VF_yshaarj_nzoth_yogg_4013301316321261_Mis_AM_ME,32367,74.42%,
Single,VW_DH_TV_VF_nzoth_yogg_cthun_3132944765214701_Mis_IV_ME_DS,32367,74.42%,
Single,AR_SP_VF_yshaarj_nzoth_yogg_4013310174683117_Mis_IV_ME_DS,32366,74.41%,
Single,AR_EC_VF_yshaarj_nzoth_yogg_3977567188410349_Mis_IV_DR,32365,74.41%,
Single,AR_SP_VF_nzoth_yogg_cthun_3169151196986863_IN_AM_ME,32365,74.41%,
Single,AR_SP_VF_yshaarj_yogg_cthun_1973432368881645_IN_IV_DR,32365,74.41%,
Single,AR_SP_VF_yshaarj_nzoth_yogg_4014400760839663_IN_AM_DR,32364,74.40%,
Single,VW_DH_TV_VF_nzoth_yogg_cthun_3132876045737455_Mis_AM_ME_DS,32364,74.40%,
Single,VW_DH_VW_VF_nzoth_yogg_cthun_3134997759582189_Mis_AM_DR,32364,74.40%,
Single,AR_SW_VF_yshaarj_nzoth_yogg_4013302322954221_IN_AM_ME,32363,74.40%,
Single,AR_EC_VF_nzoth_yogg_cthun_3132859864178669_Mis_AM_DR,32362,74.39%,
Single,AR_SW_VF_yshaarj_nzoth_yogg_4013576127110655_IN_IV_ME,32362,74.39%,
Single,AR_SP_VF_nzoth_yogg_cthun_3132996162289645_Mis_AM_DR,32362,74.39%,
Single,AR_SP_VF_nzoth_yogg_cthun_3132859864178669_Mis_AM_ME,32362,74.39%,
Single,VW_DH_VW_VF_yshaarj_nzoth_yogg_3977635983318511_Mis_AM_ME,32360,74.38%,
Single,AR_EC_VF_yshaarj_nzoth_yogg_4013302322954221_IN_AM_ME,32359,74.38%,
Single,VW_DH_VW_VF_yshaarj_nzoth_yogg_4049524072177645_Mis_AM_ME_DS,32359,74.38%,
Single,AR_SP_VF_yshaarj_nzoth_yogg_4013447278616557_IN_AM_DR_DS,32359,74.37%,
Single,VW_DH_VW_VF_nzoth_yogg_cthun_3150534803775469_Mis_AM_DR_DS,32359,74.37%,
Single,AR_SW_VF_yshaarj_nzoth_yogg_4013302390054383_Mis_AM_DR,32358,74.37%,
Single,AR_SW_VF_yshaarj_nzoth_yogg_4014409351290861_IN_AM_DR_DS,32357,74.37%,
Single,VW_DH_VW_VF_nzoth_yogg_cthun_3134997759581679_Mis_IV_ME,32357,74.36%,
Single,VW_DH_VW_VF_yshaarj_nzoth_yogg_4049522998444013_Mis_AM_DR_DS,32356,74.36%,
Single,VW_DH_TV_VF_nzoth_yogg_cthun_3132813768711679_IN_AM_ME_DS,32356,74.36%,
Single,AR_SP_VF_yshaarj_nzoth_yogg_4014409351290351_IN_IV_ME_DS,32356,74.36%,
Single,AR_SW_VF_yshaarj_nzoth_yogg_4013301316836847_IN_AM_ME,32356,74.36%,
Single,VW_DH_TV_VF_nzoth_yogg_cthun_3132813768720365_Mis_IV_DR_DS,32355,74.35%,
Single,VW_DH_VW_VF_nzoth_yogg_cthun_3132791220658157_Mis_IV_ME,32354,74.35%,
Single,VW_DH_TV_VF_nzoth_yogg_cthun_3150534803774959_Mis_IV_DR_DS,32354,74.35%,
Single,VW_DH_VW_VF_yshaarj_nzoth_yogg_3977514650492399_Mis_AM_ME_DS,32352,74.34%,
Single,AR_EC_VF_yshaarj_yogg_cthun_2043251357245421_Mis_IV_ME,32352,74.34%,
Single,VW_DH_VW_VF_nzoth_yogg_cthun_3150243819740671_Mis_AM_ME,32352,74.34%,
Single,AR_EC_VF_yshaarj_nzoth_yogg_4013447278616047_IN_IV_ME_DS,32352,74.34%,
Single,VW_DH_TV_VF_nzoth_yogg_cthun_3135006349516781_Mis_IV_ME_DS,32351,74.34%,
Single,VW_DH_TV_VF_yshaarj_nzoth_yogg_4049797876342765_Mis_IV_ME_DS,32351,74.33%,
Single,AR_SW_VF_nzoth_yogg_cthun_3169159787437551_IN_IV_ME_DS,32350,74.33%,
Single,AR_EC_VF_yshaarj_nzoth_yogg_4013851005541871_IN_AM_DR,32350,74.33%,
Single,AR_SP_VF_nzoth_yogg_cthun_3132859797077997_Mis_IV_ME,32350,74.32%,
Single,AR_EC_VF_yshaarj_yogg_cthun_1973432368881645_IN_IV_DR,32349,74.32%,
Single,AR_SW_VF_nzoth_yogg_cthun_3169151196987373_Mis_AM_ME,32349,74.32%,
Single,VW_DH_VW_VF_nzoth_yogg_cthun_3132926512127981_Mis_AM_ME,32348,74.32%,
Single,AR_EC_VF_yshaarj_nzoth_yogg_4014409351290351_IN_IV_ME_DS,32348,74.32%,
Single,AR_SP_VF_yshaarj_nzoth_yogg_4013302323469807_IN_AM_DR,32348,74.32%,
Single,AR_SP_VF_yshaarj_nzoth_yogg_3977567121825773_IN_AM_ME,32347,74.31%,
Single,VW_DH_VW_VF_nzoth_yogg_cthun_3132927652454381_Mis_AM_DR,32346,74.31%,
Single,VW_DH_TV_VF_yshaarj_nzoth_yogg_3977497470623231_Mis_IV_DR,32346,74.31%,
Single,AR_SP_VF_yshaarj_nzoth_yogg_4014400760831487_IN_AM_DR,32346,74.31%,
Single,AR_SP_VF_yshaarj_nzoth_yogg_4014409417875437_IN_AM_ME_DS,32346,74.30%,
Single,AR_SP_VF_nzoth_yogg_cthun_3132996162289135_IN_AM_ME,32345,74.30%,
Single,AR_SW_VF_yshaarj_nzoth_yogg_4013447345201133_IN_AM_ME_DS,32345,74.30%,
Single,AR_EC_VF_nzoth_yogg_cthun_3169151196986863_Mis_IV_ME,32344,74.29%,
Single,AR_EC_VF_yshaarj_nzoth_yogg_4013309906771439_IN_IV_DR_DS,32342,74.29%,
Single,AR_SP_VF_yshaarj_nzoth_yogg_4013301316836847_IN_AM_ME,32342,74.28%,
Single,VW_DH_VW_VF_yshaarj_nzoth_yogg_4049797876342255_Mis_IV_ME_DS,32342,74.28%,
Single,AR_SW_VF_yshaarj_nzoth_yogg_4013851005026285_IN_AM_DR,32341,74.28%,
Single,AR_EC_VF_yshaarj_nzoth_yogg_4013447278100461_Mis_IV_ME_DS,32341,74.28%,
Single,VW_DH_VW_VF_nzoth_yogg_cthun_3135005275774447_Mis_IV_DR_DS,32341,74.28%,
Single,VW_DH_VW_VF_nzoth_yogg_cthun_3132813768720365_Mis_IV_DR_DS,32341,74.28%,
Single,AR_SW_VF_yshaarj_nzoth_yogg_4013576127634927_Mis_IV_DR,32341,74.28%,
Single,VW_DH_TV_VF_yshaarj_nzoth_cthun_3696297371819503_Mis_IV_ME,32341,74.28%,
Single,AR_SP_VF_yshaarj_nzoth_yogg_4013301316312575_IN_AM_DR,32340,74.27%,
Single,VW_DH_VW_VF_nzoth_yogg_cthun_3132927652453871_Mis_IV_DR,32340,74.27%,
Single,AR_SP_VF_nzoth_yogg_cthun_3132858723851775_IN_IV_DR,32339,74.27%,
Single,VW_DH_TV_VF_nzoth_yogg_cthun_3150244893490671_Mis_AM_DR,32339,74.27%,
Single,AR_SP_VF_nzoth_yogg_cthun_3132867380370927_IN_AM_ME,32339,74.27%,
Single,VW_DH_TV_VF_nzoth_yogg_cthun_3132806252527597_Mis_IV_ME_DS,32339,74.27%,
Single,AR_SP_VF_nzoth_yogg_cthun_3169159854022637_Mis_AM_ME_DS,32339,74.27%,
Single,AR_SW_VF_yshaarj_nzoth_yogg_4013851005541871_Mis_IV_DR,32339,74.27%,
Single,VW_DH_TV_VF_yshaarj_nzoth_yogg_3979696493878767_Mis_AM_DR,32338,74.26%,
Single,VW_DH_VW_VF_yshaarj_nzoth_yogg_3977515724234223_Mis_IV_DR_DS,32337,74.26%,
Single,AR_EC_VF_nzoth_yogg_cthun_3132859864178669_Mis_AM_ME,32336,74.25%,
Single,AR_EC_VF_yshaarj_nzoth_yogg_4013584784154605_Mis_IV_ME_DS,32335,74.25%,
Single,VW_DH_VW_VF_nzoth_yogg_cthun_3150262073352173_Mis_IV_ME_DS,32335,74.25%,
Single,AR_SW_VF_nzoth_yogg_cthun_3132996229389807_Mis_AM_DR,32335,74.24%,
Single,AR_SW_VF_nzoth_yogg_cthun_3169159786921455_IN_IV_ME_DS,32334,74.24%,
Single,AR_EC_VF_nzoth_yogg_cthun_3132867380371437_Mis_AM_DR,32334,74.24%,
Single,VW_DH_TV_VF_nzoth_yogg_cthun_3132797662584319_Mis_IV_DR,32334,74.24%,
Single,VW_DH_TV_VF_nzoth_yogg_cthun_3150268515803117_Mis_AM_DR_DS,32334,74.24%,
Single,AR_EC_VF_yshaarj_nzoth_yogg_4014409350774255_IN_IV_DR_DS,32334,74.24%,
Single,VW_DH_VW_VF_nzoth_yogg_cthun_3150253483417581_Mis_AM_ME,32333,74.24%,
Single,VW_DH_VW_VF_nzoth_yogg_cthun_3132813769235951_IN_AM_ME_DS,32333,74.24%,
Single,AR_SP_VF_yshaarj_nzoth_yogg_3977567188410349_Mis_IV_ME,32333,74.24%,
Single,AR_SW_VF_yshaarj_nzoth_yogg_4013447278099951_IN_IV_DR_DS,32333,74.23%,
Single,VW_DH_VW_VF_nzoth_yogg_cthun_3150518697647599_Mis_AM_ME,32333,74.23%,
Single,AR_SP_VF_yshaarj_nzoth_yogg_4013301316320751_IN_AM_DR,32333,74.23%,
Single,VW_DH_TV_VF_yshaarj_nzoth_yogg_3977513576759277_Mis_IV_DR_DS,32332,74.23%,
Single,AR_SW_VF_yshaarj_nzoth_yogg_4014400760839663_Mis_IV_DR,32332,74.23%,
Single,AR_SW_VF_yshaarj_nzoth_yogg_4014400760839663_Mis_IV_ME,32332,74.23%,
Single,AR_SP_VF_nzoth_yogg_cthun_3132858790961133_Mis_AM_DR,32332,74.23%,
Single,AR_SW_VF_nzoth_yogg_cthun_3132875903720943_IN_IV_ME_DS,32332,74.23%,
Single,AR_EC_VF_yshaarj_nzoth_yogg_4013302322953711_Mis_IV_ME,32332,74.23%,
Single,AR_SW_VF_yshaarj_nzoth_yogg_4013447278100461_Mis_IV_DR_DS,32332,74.23%,
Single,AR_SW_VF_nzoth_yogg_cthun_3132858790960623_Mis_IV_ME,32331,74.23%,
Single,VW_DH_TV_VF_nzoth_yogg_cthun_3132927585869805_Mis_IV_DR,32331,74.23%,
Single,AR_SP_VF_nzoth_yogg_cthun_3132867313270765_Mis_IV_DR,32331,74.22%,
Single,AR_SP_VF_yshaarj_nzoth_yogg_4013584784154605_Mis_IV_ME_DS,32331,74.22%,
Single,AR_SW_VF_nzoth_yogg_cthun_3132858790444527_IN_AM_DR,32330,74.22%,
Single,AR_SW_VF_yshaarj_nzoth_yogg_3977567121300991_IN_IV_ME,32330,74.22%,
Single,AR_SP_VF_nzoth_yogg_cthun_3169159854022127_Mis_IV_ME_DS,32329,74.21%,
Single,AR_SW_VF_nzoth_yogg_cthun_3169159854022637_Mis_AM_ME_DS,32329,74.21%,
Single,VW_DH_TV_VF_nzoth_yogg_cthun_3150259925876717_Mis_AM_DR_DS,32329,74.21%,
Single,VW_DH_VW_VF_yshaarj_nzoth_yogg_4049660437388783_Mis_AM_DR_DS,32329,74.21%,
Single,VW_DH_VW_VF_nzoth_yogg_cthun_3150534803774959_Mis_IV_ME_DS,32328,74.21%,
Single,VW_DH_VW_VF_nzoth_yogg_cthun_3133347418398701_Mis_AM_DR,32328,74.21%,
Single,VW_DH_TV_VF_nzoth_yogg_cthun_3132928659087341_Mis_AM_ME,32327,74.21%,
Single,VW_DH_VW_VF_nzoth_yogg_cthun_3132797729693167_Mis_IV_ME,32327,74.20%,
Single,VW_DH_TV_VF_nzoth_yogg_cthun_3132936175279599_Mis_IV_ME,32327,74.20%,
Single,AR_SW_VF_yshaarj_nzoth_yogg_4013851005542381_IN_AM_ME,32326,74.20%,
Single,AR_EC_VF_yshaarj_nzoth_yogg_3977567121309677_IN_AM_ME,32326,74.20%,
Single,VW_DH_VW_VF_nzoth_yogg_cthun_3132927585353199_Mis_IV_ME,32325,74.19%,
Single,VW_DH_VW_VF_nzoth_yogg_cthun_3150243819748847_Mis_AM_ME,32325,74.19%,
Single,AR_SP_VF_yshaarj_nzoth_yogg_4013447345201133_Mis_AM_ME_DS,32325,74.19%,
Single,AR_SW_VF_yshaarj_nzoth_yogg_4013309839671277_IN_IV_DR_DS,32325,74.19%,
Single,VW_DH_TV_VF_nzoth_yogg_cthun_3132791220658157_Mis_IV_ME,32325,74.19%,
Single,VW_DH_VW_VF_yshaarj_nzoth_yogg_3977497471147503_Mis_AM_ME,32324,74.19%,
Single,AR_SW_VF_yshaarj_nzoth_yogg_4013318429597167_IN_IV_DR_DS,32324,74.19%,
Single,AR_SW_VF_yshaarj_nzoth_yogg_4014400827940335_Mis_AM_DR,32324,74.19%,
Single,VW_DH_TV_VF_yshaarj_nzoth_yogg_3977788454658029_Mis_IV_DR_DS,32323,74.18%,
Single,AR_EC_VF_nzoth_yogg_cthun_3169159786921455_IN_IV_ME_DS,32322,74.18%,
Single,AR_SW_VF_yshaarj_nzoth_yogg_4013447345200623_IN_AM_DR_DS,32322,74.18%,
Single,AR_EC_VF_nzoth_yogg_cthun_3132867313262079_IN_IV_DR,32322,74.17%,
Single,VW_DH_VW_VF_nzoth_yogg_cthun_3150243820264943_Mis_AM_DR,32321,74.17%,
Single,AR_EC_VF_nzoth_yogg_cthun_3150313470426607_Mis_AM_DR,32321,74.17%,
Single,AR_SP_VF_yshaarj_nzoth_yogg_4013310979989485_IN_AM_DR_DS,32321,74.17%,
Single,AR_SP_VF_yshaarj_nzoth_yogg_4013310979989485_Mis_IV_DR_DS,32321,74.17%,
Single,VW_DH_VW_VF_yshaarj_nzoth_yogg_4049523065544175_Mis_IV_ME_DS,32320,74.17%,
Single,VW_DH_TV_VF_nzoth_yogg_cthun_3150244893482495_Mis_IV_DR,32320,74.17%,
Single,VW_DH_TV_VF_nzoth_yogg_cthun_3150244960591853_Mis_AM_ME,32320,74.16%,
Single,VW_DH_VW_VF_nzoth_yogg_cthun_3132806319628269_Mis_IV_DR_DS,32320,74.16%,
Single,AR_SW_VF_nzoth_yogg_cthun_3132867313786351_IN_AM_ME,32320,74.16%,
Single,AR_EC_VF_yshaarj_nzoth_yogg_4013310174683117_Mis_AM_DR_DS,32319,74.16%,
Single,VW_DH_TV_VF_nzoth_yogg_cthun_3150243820264943_Mis_AM_DR,32319,74.16%,
Single,AR_SP_VF_yshaarj_nzoth_yogg_4014409350774255_IN_IV_DR_DS,32319,74.16%,
Single,AR_SW_VF_yshaarj_nzoth_yogg_4013302322945535_IN_IV_ME,32319,74.16%,
Single,AR_SW_VF_yshaarj_nzoth_yogg_4014400760839663_IN_AM_ME,32319,74.16%,
Single,AR_SP_VF_yshaarj_nzoth_yogg_4013301316321261_Mis_AM_DR,32318,74.15%,
Single,VW_DH_TV_VF_nzoth_yogg_cthun_3150260999610349_Mis_AM_ME_DS,32318,74.15%,
Single,AR_SW_VF_nzoth_yogg_cthun_3169159787438061_Mis_AM_DR_DS,32317,74.15%,
Single,VW_DH_TV_VF_nzoth_yogg_cthun_3132797662592495_Mis_IV_ME,32316,74.14%,
Single,VW_DH_TV_VF_nzoth_yogg_cthun_3134997759581679_Mis_IV_ME,32316,74.14%,
Single,AR_EC_VF_nzoth_yogg_cthun_3132867380370927_IN_AM_ME,32315,74.14%,
Single,AR_SW_VF_yshaarj_nzoth_yogg_4013302322953711_IN_AM_DR,32315,74.14%,
Single,VW_DH_VW_VF_yshaarj_nzoth_cthun_3696313477946863_Mis_AM_ME_DS,32315,74.14%,
Single,AR_EC_VF_yshaarj_nzoth_yogg_4013301316312575_Mis_IV_ME,32315,74.14%,
Single,VW_DH_TV_VF_yshaarj_nzoth_yogg_4049660437388783_Mis_IV_DR_DS,32315,74.14%,
Single,VW_DH_TV_VF_nzoth_yogg_cthun_3132926578712047_Mis_AM_DR,32314,74.13%,
Single,VW_DH_VW_VF_nzoth_yogg_cthun_3150244960591343_Mis_AM_DR,32314,74.13%,
Single,VW_DH_TV_VF_yshaarj_nzoth_yogg_3977497470631917_Mis_AM_DR,32313,74.13%,
Single,VW_DH_TV_VF_nzoth_yogg_cthun_3132936175280109_Mis_AM_DR,32313,74.13%,
Single,VW_DH_VW_VF_nzoth_yogg_cthun_3205372946210797_Mis_AM_ME_DS,32313,74.13%,
Single,VW_DH_TV_VF_yshaarj_nzoth_yogg_4049531588370413_Mis_AM_DR_DS,32312,74.12%,
Single,AR_EC_VF_yshaarj_nzoth_yogg_4013584784154605_IN_AM_ME_DS,32311,74.12%,
Single,AR_EC_VF_yshaarj_nzoth_yogg_4013584717570029_IN_IV_ME_DS,32311,74.12%,
Single,VW_DH_VW_VF_nzoth_yogg_cthun_3132944765214701_Mis_IV_ME_DS,32311,74.12%,
Single,AR_SW_VF_yshaarj_nzoth_yogg_4013318496181743_Mis_IV_DR_DS,32311,74.12%,
Single,VW_DH_TV_VF_yshaarj_nzoth_yogg_4049797876342765_Mis_IV_DR_DS,32311,74.11%,
Single,VW_DH_VW_VF_nzoth_yogg_cthun_3132942618255341_Mis_IV_ME_DS,32310,74.11%,
Single,AR_SP_VF_yshaarj_nzoth_yogg_4013447278099951_IN_IV_DR_DS,32310,74.11%,
Single,VW_DH_VW_VF_nzoth_yogg_cthun_3132791220142061_Mis_AM_DR,32310,74.11%,
Single,AR_SP_VF_nzoth_yogg_cthun_3132859797593583_IN_AM_ME,32310,74.11%,
Single,AR_SP_VF_yshaarj_nzoth_yogg_4013318429081581_Mis_IV_ME_DS,32310,74.11%,
Single,AR_SP_VF_yshaarj_nzoth_yogg_4013302322953711_Mis_IV_DR,32310,74.11%,
Single,AR_EC_VF_yshaarj_nzoth_yogg_4013301316836847_Mis_AM_DR,32309,74.11%,
Single,AR_SP_VF_nzoth_yogg_cthun_3132996229389807_Mis_AM_DR,32309,74.11%,
Single,AR_EC_VF_yshaarj_nzoth_yogg_4013851005025775_Mis_IV_ME,32308,74.10%,
Single,VW_DH_VW_VF_yshaarj_nzoth_yogg_4049524072177135_Mis_AM_DR_DS,32308,74.10%,
Single,AR_SP_VF_yshaarj_nzoth_yogg_4013576127635437_Mis_AM_ME,32308,74.10%,
Single,AR_SP_VF_nzoth_yogg_cthun_3132996162280959_IN_AM_DR,32308,74.10%,
Single,AR_EC_VF_yshaarj_nzoth_yogg_4013447345200623_Mis_AM_DR_DS,32308,74.10%,
Single,AR_EC_VF_yshaarj_nzoth_yogg_3977567188409839_IN_AM_DR,32308,74.10%,
Single,VW_DH_VW_VF_nzoth_yogg_cthun_3150244893482495_Mis_IV_ME,32308,74.10%,
Single,AR_SW_VF_yshaarj_nzoth_yogg_4013318496182253_IN_AM_ME_DS,32307,74.10%,
Single,AR_EC_VF_nzoth_yogg_cthun_3132996229389807_Mis_AM_DR,32307,74.09%,
Single,AR_SW_VF_yshaarj_nzoth_yogg_4013447345200623_Mis_IV_ME_DS,32306,74.09%,
Single,AR_EC_VF_nzoth_yogg_cthun_3132859797069311_IN_AM_DR,32306,74.09%,
Single,VW_DH_TV_VF_nzoth_yogg_cthun_3150245967224303_Mis_AM_DR,32306,74.09%,
Single,AR_SW_VF_yshaarj_nzoth_yogg_4013851005026285_Mis_IV_ME,32305,74.09%,
Single,AR_EC_VF_yshaarj_nzoth_yogg_4013584717053933_IN_IV_ME_DS,32305,74.08%,
Single,AR_EC_VF_nzoth_yogg_cthun_3169151197502959_IN_AM_ME,32305,74.08%,
Single,VW_DH_VW_VF_nzoth_yogg_cthun_3132943691472877_Mis_AM_DR_DS,32304,74.08%,
Single,AR_EC_VF_yshaarj_nzoth_yogg_4013318429081581_IN_AM_DR_DS,32304,74.08%,
Single,AR_EC_VF_yshaarj_nzoth_yogg_3977567121309677_IN_AM_DR,32304,74.08%,
Single,VW_DH_VW_VF_nzoth_yogg_cthun_3150244893482495_Mis_IV_DR,32302,74.07%,
Single,AR_SW_VF_yshaarj_nzoth_yogg_4013301316312575_Mis_IV_DR,32302,74.07%,
Single,AR_EC_VF_yshaarj_nzoth_yogg_4013301249727999_IN_IV_ME,32301,74.06%,
Single,AR_SP_VF_yshaarj_nzoth_yogg_4013301584748015_Mis_AM_ME,32301,74.06%,
Single,AR_SW_VF_nzoth_yogg_cthun_3132996162289645_Mis_AM_DR,32301,74.06%,
Single,VW_DH_VW_VF_nzoth_yogg_cthun_3150259925876207_Mis_IV_ME_DS,32300,74.06%,
Single,AR_SP_VF_yshaarj_nzoth_yogg_4013576127634927_Mis_IV_ME,32300,74.06%,
Single,VW_DH_TV_VF_yshaarj_nzoth_yogg_3977772348530159_Mis_IV_DR,32300,74.06%,
Single,AR_EC_VF_nzoth_yogg_cthun_3132867313786351_IN_AM_ME,32300,74.06%,
Single,AR_EC_VF_yshaarj_nzoth_yogg_4013438688681455_Mis_AM_ME,32299,74.05%,
Single,VW_DH_TV_VF_nzoth_yogg_cthun_3134997759581679_Mis_IV_DR,32299,74.05%,
Single,AR_SP_VF_yshaarj_nzoth_yogg_4013576127110655_IN_IV_ME,32299,74.05%,
Single,AR_SP_VF_yshaarj_nzoth_yogg_4014400827940335_Mis_AM_DR,32298,74.05%,
Single,AR_EC_VF_yshaarj_nzoth_yogg_4013301316320751_IN_AM_ME,32297,74.04%,
Single,VW_DH_VW_VF_nzoth_yogg_cthun_3132928659087341_Mis_AM_ME,32297,74.04%,
Single,VW_DH_VW_VF_nzoth_yogg_cthun_3132935101537775_Mis_AM_DR,32297,74.04%,
Single,AR_EC_VF_yshaarj_nzoth_yogg_4013447345201133_Mis_AM_ME_DS,32297,74.04%,
Single,VW_DH_VW_VF_yshaarj_nzoth_yogg_3977513577274863_Mis_IV_ME_DS,32296,74.04%,
Single,AR_SW_VF_yshaarj_nzoth_yogg_4013310174682607_IN_IV_ME_DS,32296,74.04%,
Single,AR_EC_VF_yshaarj_nzoth_yogg_4013310979989485_Mis_IV_DR_DS,32296,74.03%,
Single,AR_SP_VF_yshaarj_nzoth_yogg_4013576127634927_IN_AM_DR,32296,74.03%,
Single,VW_DH_TV_VF_nzoth_yogg_cthun_3132806319628269_Mis_IV_ME_DS,32295,74.03%,
Single,AR_EC_VF_nzoth_yogg_cthun_3132867380371437_Mis_AM_ME,32295,74.03%,
Single,VW_DH_VW_VF_yshaarj_nzoth_yogg_3977515724234223_Mis_IV_ME_DS,32295,74.03%,
Single,VW_DH_VW_VF_nzoth_yogg_cthun_3133348492140525_Mis_IV_ME,32294,74.03%,
Single,AR_SW_VF_yshaarj_nzoth_yogg_4013576127635437_Mis_AM_ME,32294,74.03%,
Single,VW_DH_TV_VF_nzoth_yogg_cthun_3132936175279599_Mis_IV_DR,32293,74.02%,
Single,AR_SP_VF_yshaarj_nzoth_yogg_4013318429597167_IN_IV_ME_DS,32293,74.02%,
Single,AR_SW_VF_yshaarj_nzoth_yogg_4013576127118831_Mis_IV_DR,32292,74.02%,
Single,VW_DH_TV_VF_nzoth_yogg_cthun_3132943691472367_Mis_IV_DR_DS,32292,74.02%,
Single,VW_DH_TV_VF_nzoth_yogg_cthun_3135006349516781_Mis_IV_DR_DS,32291,74.01%,
Single,VW_DH_TV_VF_nzoth_yogg_cthun_3150518697647599_Mis_AM_ME,32291,74.01%,
Single,VW_DH_TV_VF_yshaarj_nzoth_yogg_3977497471148013_Mis_IV_ME,32291,74.01%,
Single,AR_EC_VF_nzoth_yogg_cthun_3132996162289135_Mis_IV_DR,32291,74.01%,
Single,AR_SW_VF_yshaarj_nzoth_yogg_4014409417875437_IN_AM_ME_DS,32290,74.00%,
Single,VW_DH_TV_VF_yshaarj_nzoth_yogg_3979697567620591_Mis_IV_DR,32290,74.00%,
Single,AR_EC_VF_yshaarj_nzoth_yogg_4013318496182253_Mis_AM_ME_DS,32289,74.00%,
Single,AR_SP_VF_yshaarj_nzoth_yogg_3977567121825773_IN_AM_DR,32289,74.00%,
Single,VW_DH_TV_VF_nzoth_yogg_cthun_3132814842453997_Mis_IV_ME_DS,32289,74.00%,
Single,AR_EC_VF_nzoth_yogg_cthun_3132858723335679_IN_IV_ME,32289,74.00%,
Single,AR_EC_VF_yshaarj_nzoth_yogg_4013584784154095_IN_IV_DR_DS,32289,74.00%,
Single,AR_SP_VF_yshaarj_nzoth_yogg_4014409417875437_Mis_IV_DR_DS,32288,73.99%,
Single,AR_EC_VF_yshaarj_nzoth_yogg_4013851072126957_Mis_AM_ME,32288,73.99%,
Single,AR_EC_VF_yshaarj_nzoth_yogg_4013318429081581_Mis_IV_DR_DS,32287,73.99%,
Single,AR_EC_VF_yshaarj_nzoth_yogg_4014400760831487_Mis_IV_DR,32287,73.99%,
Single,AR_EC_VF_yshaarj_nzoth_yogg_4013310912888813_IN_IV_ME_DS,32286,73.98%,
Single,VW_DH_VW_VF_nzoth_yogg_cthun_3132806252527597_Mis_IV_ME_DS,32286,73.98%,
Single,AR_SW_VF_yshaarj_nzoth_yogg_4013438688681455_Mis_AM_ME,32286,73.98%,
Single,AR_EC_VF_nzoth_yogg_cthun_3150313470418431_Mis_AM_DR,32285,73.98%,
Single,VW_DH_VW_VF_nzoth_yogg_cthun_3132797662584319_Mis_IV_DR,32285,73.98%,
Single,AR_EC_VF_nzoth_yogg_cthun_3132858723851775_IN_IV_DR,32285,73.97%,
Single,AR_SW_VF_yshaarj_nzoth_yogg_4013584784154095_IN_IV_DR_DS,32285,73.97%,
Single,AR_SW_VF_yshaarj_nzoth_yogg_4014409351290351_IN_IV_DR_DS,32284,73.97%,
Single,AR_SW_VF_nzoth_yogg_cthun_3132867380371437_Mis_AM_DR,32284,73.97%,
Single,VW_DH_VW_VF_nzoth_yogg_cthun_3134996685839855_Mis_AM_DR,32283,73.97%,
Single,VW_DH_TV_VF_nzoth_yogg_cthun_3132798803435501_Mis_IV_DR,32282,73.96%,
Single,AR_SW_VF_yshaarj_nzoth_yogg_4013851072126957_Mis_AM_ME,32282,73.96%,
Single,AR_EC_VF_yshaarj_nzoth_yogg_4013851005025775_IN_AM_DR,32281,73.96%,
Single,VW_DH_TV_VF_nzoth_yogg_cthun_3150534803774959_Mis_IV_ME_DS,32281,73.96%,
Single,AR_SP_VF_nzoth_yogg_cthun_3132996162289135_Mis_IV_ME,32281,73.95%,
Single,AR_SW_VF_nzoth_yogg_cthun_3132859797594093_Mis_AM_DR,32281,73.95%,
Single,AR_SP_VF_nzoth_yogg_cthun_3132858790960623_Mis_IV_ME,32280,73.95%,
Single,AR_SW_VF_yshaarj_nzoth_yogg_4013301316837357_Mis_AM_ME,32280,73.95%,
Single,AR_EC_VF_yshaarj_nzoth_yogg_4013318429597167_IN_IV_ME_DS,32280,73.95%,
Single,VW_DH_TV_VF_nzoth_yogg_cthun_3132944765214701_Mis_IV_DR_DS,32280,73.95%,
Single,AR_EC_VF_nzoth_yogg_cthun_3132867313786351_IN_AM_DR,32279,73.95%,
Single,AR_SP_VF_yshaarj_nzoth_yogg_4013302322945535_IN_AM_DR,32279,73.95%,
Single,AR_SP_VF_yshaarj_nzoth_yogg_4013318429597677_IN_AM_DR_DS,32279,73.94%,
Single,AR_EC_VF_yshaarj_nzoth_yogg_4013576127118831_Mis_IV_ME,32278,73.94%,
Single,VW_DH_TV_VF_nzoth_yogg_cthun_3132927652453871_Mis_IV_DR,32278,73.94%,
Single,AR_EC_VF_yshaarj_nzoth_yogg_4014409417875437_Mis_IV_ME_DS,32278,73.94%,
Single,VW_DH_VW_VF_nzoth_yogg_cthun_3135005275774957_Mis_AM_ME_DS,32278,73.94%,
Single,AR_SP_VF_nzoth_yogg_cthun_3169151197502959_IN_AM_ME,32277,73.93%,
Single,VW_DH_VW_VF_nzoth_yogg_cthun_3150245967224303_Mis_AM_ME,32276,73.93%,
Single,AR_SW_VF_yshaarj_nzoth_yogg_4013301316312575_IN_AM_DR,32276,73.93%,
Single,VW_DH_TV_VF_yshaarj_nzoth_cthun_3696297371819503_Mis_AM_DR,32276,73.93%,
Single,VW_DH_VW_VF_nzoth_yogg_cthun_3132813835821037_Mis_IV_ME_DS,32276,73.93%,
Single,AR_SW_VF_yshaarj_nzoth_yogg_4013438688165359_IN_AM_ME,32276,73.93%,
Single,AR_SP_VF_yshaarj_nzoth_yogg_3977567121300991_IN_IV_ME,32276,73.93%,
Single,VW_DH_VW_VF_yshaarj_nzoth_yogg_4049531588369903_Mis_AM_ME_DS,32275,73.92%,
Single,AR_SP_VF_nzoth_yogg_cthun_3132875903720943_IN_IV_ME_DS,32275,73.92%,
Single,VW_DH_TV_VF_nzoth_yogg_cthun_3150244894006767_Mis_IV_ME,32275,73.92%,
Single,AR_SW_VF_yshaarj_nzoth_yogg_3977567188409839_IN_AM_ME,32275,73.92%,
Single,AR_SP_VF_yshaarj_nzoth_yogg_4013851005541871_Mis_IV_DR,32275,73.92%,
Single,AR_SP_VF_yshaarj_nzoth_yogg_4013302390054893_Mis_AM_ME,32275,73.92%,
Single,VW_DH_TV_VF_nzoth_yogg_cthun_3150244960591343_Mis_AM_DR,32275,73.92%,
Single,AR_SP_VF_yshaarj_nzoth_yogg_4013851005542381_IN_AM_ME,32274,73.92%,
Single,VW_DH_VW_VF_nzoth_yogg_cthun_3132807326785007_IN_AM_DR_DS,32274,73.92%,
Single,VW_DH_VW_VF_nzoth_yogg_cthun_3135005275774957_Mis_AM_DR_DS,32273,73.91%,
Single,AR_EC_VF_yshaarj_nzoth_yogg_4013576127110655_IN_IV_ME,32273,73.91%,
Single,VW_DH_VW_VF_nzoth_yogg_cthun_3135004202557421_Mis_IV_ME_DS,32272,73.91%,
Single,AR_SW_VF_yshaarj_nzoth_yogg_4013576127118831_Mis_IV_ME,32272,73.90%,
Single,VW_DH_TV_VF_nzoth_yogg_cthun_3132927652453871_Mis_IV_ME,32271,73.90%,
Single,AR_SP_VF_yshaarj_nzoth_yogg_4013851072126957_Mis_AM_ME,32271,73.90%,
Single,AR_SP_VF_nzoth_yogg_cthun_3132858790960623_IN_AM_ME,32271,73.90%,
Single,AR_SP_VF_nzoth_yogg_cthun_3132858723860461_Mis_IV_DR,32271,73.90%,
Single,AR_EC_VF_yshaarj_yogg_cthun_1988688092716527_Mis_IV_DR,32270,73.90%,
Single,AR_SW_VF_yshaarj_nzoth_yogg_4013851005541871_IN_AM_DR,32270,73.90%,
Single,AR_EC_VF_yshaarj_nzoth_yogg_4014400760840173_Mis_AM_ME,32270,73.89%,
Single,AR_SP_VF_yshaarj_nzoth_yogg_4013318496182253_Mis_AM_DR_DS,32270,73.89%,
Single,VW_DH_TV_VF_nzoth_yogg_cthun_3150259926392813_Mis_IV_ME_DS,32269,73.89%,
Single,AR_SP_VF_yshaarj_nzoth_yogg_4013851072126447_IN_AM_ME,32269,73.89%,
Single,VW_DH_VW_VF_nzoth_yogg_cthun_3134997759581679_Mis_IV_DR,32269,73.89%,
Single,AR_SP_VF_nzoth_yogg_cthun_3132867313786351_IN_AM_ME,32269,73.89%,
Single,AR_SW_VF_nzoth_yogg_cthun_3132996162289135_Mis_IV_ME,32268,73.89%,
Single,VW_DH_TV_VF_nzoth_yogg_cthun_3132927652454381_Mis_AM_ME,32268,73.89%,
Single,AR_SW_VF_nzoth_yogg_cthun_3132875903205357_IN_AM_DR_DS,32268,73.88%,
Single,AR_SP_VF_yshaarj_yogg_cthun_1988688092716527_IN_IV_DR,32268,73.88%,
Single,AR_EC_VF_yshaarj_nzoth_yogg_4013576127119341_Mis_AM_ME,32267,73.88%,
Single,VW_DH_VW_VF_nzoth_yogg_cthun_3150268515802607_Mis_IV_ME_DS,32267,73.88%,
Single,VW_DH_TV_VF_nzoth_yogg_cthun_3132926512127471_Mis_IV_ME,32266,73.88%,
Single,AR_SP_VF_nzoth_yogg_cthun_3132875903204847_IN_IV_ME_DS,32266,73.88%,
Single,VW_DH_VW_VF_nzoth_yogg_cthun_3150534803774959_Mis_IV_DR_DS,32266,73.88%,
Single,AR_EC_VF_nzoth_yogg_cthun_3132875903721453_IN_AM_ME_DS,32266,73.88%,
Single,AR_EC_VF_nzoth_yogg_cthun_3132859797077487_IN_AM_DR,32266,73.87%,
Single,AR_EC_VF_yshaarj_nzoth_yogg_4013576127118831_Mis_IV_DR,32265,73.87%,
Single,AR_SW_VF_yshaarj_yogg_cthun_1971370784579565_IN_IV_DR,32265,73.87%,
Single,AR_EC_VF_yshaarj_nzoth_yogg_4013310174682607_Mis_IV_DR_DS,32264,73.87%,
Single,AR_SW_VF_yshaarj_nzoth_yogg_4013851005541871_Mis_IV_ME,32264,73.86%,
Single,AR_SW_VF_nzoth_yogg_cthun_3169159786921965_IN_AM_ME_DS,32263,73.86%,
Single,VW_DH_TV_VF_yshaarj_nzoth_yogg_3977634909577197_Mis_AM_ME,32262,73.85%,
Single,VW_DH_TV_VF_nzoth_yogg_cthun_3132797729693167_Mis_IV_ME,32261,73.85%,
Single,AR_EC_VF_yshaarj_nzoth_yogg_4013310913404909_IN_IV_ME_DS,32261,73.85%,
Single,VW_DH_TV_VF_yshaarj_nzoth_yogg_4049660437388783_Mis_IV_ME_DS,32261,73.85%,
Single,VW_DH_TV_VF_nzoth_yogg_cthun_3132807326785007_IN_AM_DR_DS,32260,73.84%,
Single,AR_SP_VF_yshaarj_nzoth_yogg_4013438688165359_Mis_AM_DR,32260,73.84%,
Single,AR_SW_VF_yshaarj_nzoth_yogg_4013310979989485_IN_AM_DR_DS,32260,73.84%,
Single,VW_DH_VW_VF_nzoth_yogg_cthun_3134996685839855_Mis_AM_ME,32259,73.84%,
Single,AR_SW_VF_nzoth_yogg_cthun_3150313470942703_Mis_AM_ME,32259,73.84%,
Single,AR_EC_VF_yshaarj_nzoth_yogg_3977567188409839_IN_AM_ME,32259,73.84%,
Single,VW_DH_VW_VF_nzoth_yogg_cthun_3132797729693677_Mis_AM_ME,32259,73.84%,
Single,AR_SW_VF_nzoth_yogg_cthun_3132858723335679_IN_IV_ME,32259,73.84%,
Single,AR_EC_VF_yshaarj_nzoth_yogg_4013851005017599_IN_AM_DR,32259,73.84%,
Single,VW_DH_VW_VF_nzoth_yogg_cthun_3132927585869805_Mis_IV_DR,32258,73.83%,
Single,VW_DH_TV_VF_yshaarj_nzoth_yogg_4049516555984877_Mis_AM_ME,32258,73.83%,
Single,AR_SW_VF_nzoth_yogg_cthun_3132996162289135_Mis_IV_DR,32258,73.83%,
Single,AR_SP_VF_nzoth_yogg_cthun_3169159786913279_IN_IV_DR_DS,32258,73.83%,
Single,VW_DH_VW_VF_yshaarj_nzoth_yogg_3977514650492399_Mis_AM_DR_DS,32258,73.83%,
Single,AR_EC_VF_yshaarj_nzoth_yogg_4013851005541871_Mis_IV_DR,32257,73.83%,
Single,VW_DH_TV_VF_yshaarj_nzoth_yogg_3977772348530669_Mis_AM_DR,32257,73.82%,
Single,VW_DH_TV_VF_nzoth_yogg_cthun_3132807326260735_IN_AM_DR_DS,32257,73.82%,
Single,AR_SP_VF_yshaarj_nzoth_yogg_4014409350774255_IN_IV_ME_DS,32255,73.82%,
Single,AR_SW_VF_yshaarj_nzoth_yogg_4013302323469807_Mis_IV_ME,32255,73.82%,
Single,AR_SP_VF_yshaarj_nzoth_yogg_4013318429597677_Mis_IV_ME_DS,32255,73.82%,
Single,VW_DH_TV_VF_yshaarj_nzoth_yogg_3977497470623231_Mis_IV_ME,32255,73.81%,
Single,AR_SP_VF_yshaarj_nzoth_yogg_4013302322953711_Mis_IV_ME,32255,73.81%,
Single,AR_SP_VF_nzoth_yogg_cthun_3132858723335679_IN_IV_ME,32254,73.81%,
Single,VW_DH_VW_VF_nzoth_yogg_cthun_3132813835821037_Mis_IV_DR_DS,32252,73.80%,
Single,AR_SP_VF_yshaarj_nzoth_yogg_4013309906771949_Mis_IV_DR_DS,32252,73.80%,
Single,VW_DH_VW_VF_nzoth_yogg_cthun_3132926578712047_Mis_AM_DR,32252,73.80%,
Single,AR_SW_VF_yshaarj_nzoth_yogg_4013301249727999_IN_IV_ME,32252,73.80%,
Single,AR_EC_VF_yshaarj_nzoth_yogg_4014409417875437_Mis_IV_DR_DS,32252,73.80%,
Single,AR_SP_VF_yshaarj_nzoth_yogg_4013447278100461_Mis_IV_ME_DS,32252,73.80%,
Single,AR_EC_VF_yshaarj_nzoth_yogg_4013302323470317_Mis_AM_ME,32249,73.78%,
Single,AR_EC_VF_yshaarj_nzoth_yogg_4013310174682607_IN_AM_DR_DS,32249,73.78%,
Single,AR_SP_VF_yshaarj_nzoth_yogg_4013301249736685_IN_AM_DR,32249,73.78%,
Single,VW_DH_VW_VF_nzoth_yogg_cthun_3133347418398701_Mis_AM_ME,32248,73.78%,
Single,AR_EC_VF_nzoth_yogg_cthun_3132858790444527_IN_AM_DR,32248,73.78%,
Single,AR_SP_VF_nzoth_yogg_cthun_3169159854022127_IN_AM_DR_DS,32247,73.77%,
Single,AR_SW_VF_nzoth_yogg_cthun_3132996229389807_Mis_AM_ME,32247,73.77%,
Single,VW_DH_TV_VF_nzoth_yogg_cthun_3135004202557421_Mis_IV_ME_DS,32246,73.77%,
Single,AR_SP_VF_yshaarj_nzoth_yogg_4013310174683117_Mis_AM_DR_DS,32245,73.76%,
Single,VW_DH_TV_VF_nzoth_yogg_cthun_3132942618255341_Mis_IV_DR_DS,32245,73.76%,
Single,VW_DH_VW_VF_nzoth_yogg_cthun_3132936175280109_Mis_AM_ME,32244,73.76%,
Single,AR_SP_VF_yshaarj_nzoth_yogg_4013851005017599_IN_IV_ME,32243,73.75%,
Single,AR_EC_VF_yshaarj_nzoth_yogg_4013318429597677_IN_AM_ME_DS,32243,73.75%,
Single,AR_EC_VF_yshaarj_yogg_cthun_1972332857253869_IN_IV_DR,32242,73.74%,
Single,AR_SW_VF_nzoth_yogg_cthun_3132859797594093_Mis_AM_ME,32242,73.74%,
Single,VW_DH_TV_VF_nzoth_yogg_cthun_3132943691472877_Mis_AM_ME_DS,32241,73.74%,
Single,AR_EC_VF_yshaarj_nzoth_yogg_4013851005017599_Mis_IV_DR,32241,73.74%,
Single,AR_SP_VF_yshaarj_nzoth_yogg_4013438688165359_IN_AM_ME,32240,73.74%,
Single,AR_EC_VF_yshaarj_nzoth_yogg_4013301249736175_Mis_IV_ME,32239,73.73%,
Single,AR_SP_VF_yshaarj_nzoth_yogg_4013310174682607_IN_AM_DR_DS,32239,73.73%,
Single,AR_EC_VF_yshaarj_nzoth_yogg_4013447278099951_IN_IV_ME_DS,32239,73.73%,
Single,VW_DH_VW_VF_nzoth_yogg_cthun_3132807326785007_IN_AM_ME_DS,32239,73.73%,
Single,VW_DH_VW_VF_nzoth_yogg_cthun_3133363524526061_Mis_IV_DR_DS,32239,73.73%,
Single,VW_DH_VW_VF_nzoth_yogg_cthun_3135006349516781_Mis_IV_DR_DS,32239,73.73%,
Single,VW_DH_VW_VF_nzoth_yogg_cthun_3132943691472367_Mis_IV_DR_DS,32239,73.73%,
Single,VW_DH_TV_VF_nzoth_yogg_cthun_3150245967224303_Mis_AM_ME,32238,73.72%,
Single,AR_SW_VF_nzoth_yogg_cthun_3132875903204847_IN_IV_DR_DS,32238,73.72%,
Single,AR_SW_VF_nzoth_yogg_cthun_3150313470426607_Mis_AM_DR,32238,73.72%,
Single,VW_DH_TV_VF_nzoth_yogg_cthun_3132791220141551_Mis_IV_DR,32238,73.72%,
Single,VW_DH_VW_VF_nzoth_yogg_cthun_3132926512127471_Mis_IV_ME,32238,73.72%,
Single,VW_DH_VW_VF_nzoth_yogg_cthun_3132936175279599_Mis_IV_DR,32238,73.72%,
Single,AR_SW_VF_yshaarj_nzoth_yogg_4013576127118831_IN_AM_DR,32237,73.72%,
Single,VW_DH_VW_VF_nzoth_yogg_cthun_3132926511603199_Mis_AM_DR,32236,73.71%,
Single,VW_DH_VW_VF_nzoth_yogg_cthun_3134997759582189_Mis_AM_ME,32236,73.71%,
Single,AR_SP_VF_nzoth_yogg_cthun_3132867313786351_IN_AM_DR,32235,73.71%,
Single,VW_DH_TV_VF_yshaarj_nzoth_yogg_3977498544373741_Mis_IV_DR,32235,73.71%,
Single,AR_SW_VF_yshaarj_nzoth_yogg_4014409417875437_Mis_IV_ME_DS,32235,73.71%,
Single,AR_SP_VF_nzoth_yogg_cthun_3132867380371437_Mis_AM_ME,32234,73.70%,
Single,VW_DH_TV_VF_yshaarj_nzoth_yogg_3977634909576687_Mis_AM_DR,32234,73.70%,
Single,AR_SW_VF_yshaarj_nzoth_yogg_4013301316836847_Mis_AM_DR,32234,73.70%,
Single,AR_EC_VF_yshaarj_nzoth_yogg_4013301249736175_Mis_IV_DR,32233,73.70%,
Single,AR_SW_VF_nzoth_yogg_cthun_3132859797593583_Mis_IV_DR,32233,73.70%,
Single,AR_EC_VF_yshaarj_nzoth_yogg_4013576127634927_IN_AM_ME,32233,73.70%,
Single,AR_SP_VF_yshaarj_yogg_cthun_1988688092716527_Mis_IV_DR,32233,73.70%,
Single,AR_SP_VF_nzoth_yogg_cthun_3132858723335679_IN_IV_DR,32232,73.69%,
Single,AR_SW_VF_yshaarj_nzoth_yogg_4013302322954221_Mis_AM_DR,32231,73.69%,
Single,VW_DH_TV_VF_yshaarj_nzoth_yogg_3977497537732079_Mis_IV_ME,32231,73.68%,
Single,VW_DH_VW_VF_nzoth_yogg_cthun_3133348492140525_Mis_IV_DR,32230,73.68%,
Single,VW_DH_VW_VF_nzoth_yogg_cthun_3150244894006767_Mis_IV_DR,32230,73.68%,
Single,VW_DH_TV_VF_nzoth_yogg_cthun_3132926512127981_Mis_AM_ME,32230,73.68%,
Single,VW_DH_VW_VF_yshaarj_nzoth_yogg_4049522998960109_Mis_IV_ME_DS,32230,73.68%,
Single,AR_SW_VF_nzoth_yogg_cthun_3132859864178669_Mis_AM_ME,32230,73.68%,
Single,AR_SW_VF_nzoth_yogg_cthun_3132875970306029_Mis_IV_ME_DS,32229,73.68%,
Single,AR_EC_VF_yshaarj_nzoth_yogg_4014400760840173_Mis_AM_DR,32229,73.68%,
Single,AR_SP_VF_nzoth_yogg_cthun_3132867380370927_Mis_IV_ME,32229,73.67%,
Single,AR_EC_VF_yshaarj_nzoth_yogg_4013309906255343_IN_IV_DR_DS,32229,73.67%,
Single,AR_SW_VF_nzoth_yogg_cthun_3169151196978687_IN_AM_DR,32228,73.67%,
Single,AR_SW_VF_yshaarj_nzoth_yogg_4013318496182253_Mis_AM_DR_DS,32228,73.67%,
Single,VW_DH_TV_VF_nzoth_yogg_cthun_3150259925876207_Mis_IV_ME_DS,32228,73.67%,
Single,AR_SP_VF_nzoth_yogg_cthun_3132859797077487_IN_AM_ME,32228,73.67%,
Single,AR_SW_VF_yshaarj_nzoth_yogg_4013584717570029_IN_AM_DR_DS,32227,73.67%,
Single,VW_DH_VW_VF_nzoth_yogg_cthun_3132814842453997_Mis_IV_ME_DS,32227,73.67%,
Single,AR_SW_VF_nzoth_yogg_cthun_3132875903204847_IN_IV_ME_DS,32227,73.66%,
Single,AR_SW_VF_yshaarj_nzoth_yogg_4013310979988975_IN_IV_DR_DS,32227,73.66%,
Single,AR_EC_VF_yshaarj_nzoth_yogg_4013318429081071_IN_IV_ME_DS,32226,73.66%,
Single,VW_DH_TV_VF_yshaarj_nzoth_yogg_3977772348530669_Mis_AM_ME,32226,73.66%,
Single,AR_SP_VF_yshaarj_nzoth_yogg_4013302322954221_IN_AM_ME,32226,73.66%,
Single,AR_EC_VF_yshaarj_nzoth_yogg_4014409350774255_IN_IV_ME_DS,32226,73.66%,
Single,VW_DH_TV_VF_yshaarj_nzoth_yogg_3977651015704557_Mis_IV_ME_DS,32226,73.66%,
Single,AR_EC_VF_yshaarj_nzoth_yogg_4013318429081581_Mis_IV_ME_DS,32225,73.66%,
Single,AR_EC_VF_nzoth_yogg_cthun_3132858790436351_IN_AM_ME,32225,73.65%,
Single,AR_EC_VF_nzoth_yogg_cthun_3132875903204847_IN_IV_DR_DS,32225,73.65%,
Single,AR_EC_VF_nzoth_yogg_cthun_3132859797069311_IN_AM_ME,32224,73.65%,
Single,VW_DH_VW_VF_yshaarj_nzoth_yogg_3977498544373741_Mis_AM_ME,32224,73.65%,
Single,AR_SW_VF_yshaarj_nzoth_yogg_4014409350774255_IN_IV_DR_DS,32224,73.65%,
Single,AR_SW_VF_yshaarj_nzoth_yogg_4014400760831487_IN_AM_ME,32223,73.64%,
Single,AR_SP_VF_yshaarj_nzoth_yogg_4013309839671277_IN_IV_DR_DS,32223,73.64%,
Single,AR_SP_VF_yshaarj_nzoth_yogg_4013310174683117_IN_AM_ME_DS,32223,73.64%,
Single,AR_SW_VF_yshaarj_nzoth_yogg_4013301249727999_IN_IV_DR,32222,73.64%,
Single,AR_SW_VF_yshaarj_nzoth_yogg_4014409351290351_IN_IV_ME_DS,32222,73.64%,
Single,AR_EC_VF_yshaarj_nzoth_yogg_4014409351290861_IN_AM_DR_DS,32220,73.63%,
Single,AR_SP_VF_yshaarj_nzoth_yogg_4013576127118831_Mis_IV_ME,32220,73.63%,
Single,AR_EC_VF_nzoth_yogg_cthun_3169159786913279_IN_IV_DR_DS,32220,73.62%,
Single,AR_SP_VF_yshaarj_nzoth_yogg_4013301316837357_Mis_AM_ME,32220,73.62%,
Single,AR_SP_VF_nzoth_yogg_cthun_3132875903720943_IN_IV_DR_DS,32219,73.62%,
Single,AR_SP_VF_yshaarj_nzoth_yogg_4013302323470317_IN_AM_ME,32218,73.62%,
Single,AR_EC_VF_nzoth_yogg_cthun_3169159854022127_Mis_IV_ME_DS,32218,73.62%,
Single,AR_SW_VF_yshaarj_yogg_cthun_2043251290660845_IN_IV_ME,32218,73.62%,
Single,VW_DH_VW_VF_yshaarj_nzoth_yogg_3977499618106863_Mis_AM_ME,32217,73.61%,
Single,AR_SP_VF_yshaarj_nzoth_yogg_4013447278616047_IN_IV_ME_DS,32217,73.61%,
Single,AR_EC_VF_yshaarj_nzoth_yogg_4013302322945535_Mis_IV_DR,32217,73.61%,
Single,AR_EC_VF_yshaarj_nzoth_yogg_4013584784154605_Mis_AM_DR_DS,32216,73.61%,
Single,AR_EC_VF_yshaarj_nzoth_yogg_4014400760831487_Mis_IV_ME,32216,73.60%,
Single,AR_SW_VF_yshaarj_nzoth_yogg_4013301249211903_IN_IV_ME,32216,73.60%,
Single,AR_SW_VF_nzoth_yogg_cthun_3132858723860461_Mis_IV_DR,32216,73.60%,
Single,VW_DH_TV_VF_nzoth_yogg_cthun_3150262073351663_Mis_IV_ME_DS,32215,73.60%,
Single,VW_DH_VW_VF_nzoth_yogg_cthun_3150259926392813_Mis_IV_ME_DS,32215,73.60%,
Single,AR_SP_VF_yshaarj_nzoth_yogg_3977567188409839_IN_AM_ME,32215,73.60%,
Single,AR_SP_VF_nzoth_yogg_cthun_3132875970306029_Mis_IV_DR_DS,32214,73.60%,
Single,AR_EC_VF_nzoth_yogg_cthun_3132859864178159_Mis_IV_ME,32214,73.60%,
Single,AR_EC_VF_nzoth_yogg_cthun_3132858790960623_Mis_IV_DR,32213,73.59%,
Single,AR_SW_VF_nzoth_yogg_cthun_3132858723335679_IN_IV_DR,32213,73.59%,
Single,AR_SW_VF_yshaarj_nzoth_yogg_4013310174682607_IN_AM_DR_DS,32212,73.58%,
Single,AR_SW_VF_yshaarj_nzoth_yogg_4013310979989485_Mis_IV_DR_DS,32212,73.58%,
Single,AR_SP_VF_nzoth_yogg_cthun_3132875903721453_IN_AM_DR_DS,32212,73.58%,
Single,VW_DH_TV_VF_yshaarj_nzoth_yogg_4049524072177135_Mis_IV_DR_DS,32212,73.58%,
Single,VW_DH_VW_VF_nzoth_yogg_cthun_3152458949123567_Mis_AM_ME_DS,32212,73.58%,
Single,VW_DH_TV_VF_nzoth_yogg_cthun_3135004202557421_Mis_IV_DR_DS,32211,73.58%,
Single,AR_SW_VF_yshaarj_nzoth_yogg_4013302322945535_IN_AM_DR,32211,73.58%,
Single,AR_SP_VF_nzoth_yogg_cthun_3132996229389807_Mis_AM_ME,32210,73.58%,
Single,AR_SP_VF_yshaarj_nzoth_yogg_4013584784154095_IN_IV_ME_DS,32210,73.57%,
Single,AR_SP_VF_yshaarj_nzoth_yogg_4013302390054383_Mis_AM_DR,32210,73.57%,
Single,AR_SP_VF_yshaarj_yogg_cthun_1988688092717037_IN_IV_ME,32210,73.57%,
Single,AR_SW_VF_nzoth_yogg_cthun_3132859797593583_Mis_IV_ME,32209,73.57%,
Single,VW_DH_TV_VF_yshaarj_nzoth_yogg_3977773422272493_Mis_IV_DR,32208,73.56%,
Single,VW_DH_VW_VF_nzoth_yogg_cthun_3132791220141551_Mis_IV_ME,32208,73.56%,
Single,AR_EC_VF_nzoth_yogg_cthun_3132858723335679_IN_IV_DR,32206,73.55%,
Single,VW_DH_TV_VF_nzoth_yogg_cthun_3132791220141551_Mis_IV_ME,32206,73.55%,
Single,VW_DH_TV_VF_nzoth_yogg_cthun_3134996685839855_Mis_AM_ME,32206,73.55%,
Single,AR_SP_VF_nzoth_yogg_cthun_3132859864178159_Mis_IV_ME,32205,73.55%,
Single,AR_EC_VF_yshaarj_nzoth_yogg_4013851005541871_Mis_IV_ME,32205,73.55%,
Single,AR_SW_VF_yshaarj_nzoth_yogg_4013302390054893_Mis_AM_ME,32205,73.55%,
Single,VW_DH_TV_VF_nzoth_yogg_cthun_3150253483417071_Mis_AM_DR,32205,73.55%,
Single,VW_DH_TV_VF_yshaarj_nzoth_yogg_3977497537732589_Mis_AM_DR,32204,73.54%,
Single,AR_EC_VF_nzoth_yogg_cthun_3150313470418431_Mis_AM_ME,32204,73.54%,
Single,VW_DH_TV_VF_nzoth_yogg_cthun_3150244894006767_Mis_IV_DR,32202,73.53%,
Single,VW_DH_TV_VF_nzoth_yogg_cthun_3132927652454381_Mis_AM_DR,32202,73.53%,
Single,AR_EC_VF_yshaarj_nzoth_yogg_4013438688165359_Mis_AM_ME,32201,73.53%,
Single,AR_EC_VF_nzoth_yogg_cthun_3132858790436351_IN_AM_DR,32201,73.52%,
Single,AR_SW_VF_nzoth_yogg_cthun_3132867313270765_Mis_IV_DR,32201,73.52%,
Single,AR_EC_VF_yshaarj_nzoth_yogg_4013310979989485_Mis_IV_ME_DS,32200,73.52%,
Single,AR_EC_VF_nzoth_yogg_cthun_3169159787438061_Mis_AM_DR_DS,32200,73.52%,
Single,AR_EC_VF_nzoth_yogg_cthun_3169159786921965_Mis_AM_DR_DS,32200,73.52%,
Single,AR_EC_VF_yshaarj_nzoth_yogg_4013576194219503_Mis_AM_ME,32200,73.52%,
Single,AR_EC_VF_yshaarj_nzoth_yogg_3977567121309677_Mis_IV_ME,32200,73.52%,
Single,AR_SW_VF_nzoth_yogg_cthun_3169159786913279_IN_IV_DR_DS,32199,73.52%,
Single,AR_SP_VF_nzoth_yogg_cthun_3169159787438061_Mis_AM_DR_DS,32199,73.51%,
Single,AR_EC_VF_yshaarj_nzoth_yogg_4013302323469807_Mis_IV_ME,32198,73.51%,
Single,AR_EC_VF_yshaarj_nzoth_yogg_4013301249736685_Mis_AM_DR,32198,73.51%,
Single,AR_SP_VF_yshaarj_nzoth_yogg_4013302323470317_Mis_AM_DR,32198,73.51%,
Single,AR_SW_VF_yshaarj_nzoth_yogg_4014400760840173_Mis_AM_DR,32197,73.50%,
Single,AR_SP_VF_nzoth_yogg_cthun_3169151264087535_Mis_AM_ME,32196,73.50%,
Single,AR_SP_VF_yshaarj_nzoth_yogg_4013576127119341_Mis_AM_DR,32196,73.50%,
Single,VW_DH_VW_VF_nzoth_yogg_cthun_3132807326260735_IN_AM_DR_DS,32195,73.49%,
Single,VW_DH_TV_VF_yshaarj_nzoth_yogg_4049523065544685_Mis_IV_DR_DS,32194,73.49%,
Single,AR_SP_VF_yshaarj_nzoth_yogg_4013310912888303_IN_IV_DR_DS,32194,73.48%,
Single,VW_DH_VW_VF_nzoth_yogg_cthun_3132942617738735_Mis_IV_DR_DS,32194,73.48%,
Single,AR_SP_VF_yshaarj_nzoth_yogg_4014409351290861_IN_AM_DR_DS,32193,73.48%,
Single,AR_SW_VF_nzoth_yogg_cthun_3132858790961133_Mis_AM_ME,32193,73.48%,
Single,AR_SP_VF_yshaarj_nzoth_yogg_4013447278616557_Mis_IV_ME_DS,32193,73.48%,
Single,VW_DH_TV_VF_nzoth_yogg_cthun_3135005275774447_Mis_IV_DR_DS,32193,73.48%,
Single,AR_SW_VF_yshaarj_nzoth_yogg_4013576127634927_IN_AM_ME,32193,73.48%,
Single,AR_SP_VF_nzoth_yogg_cthun_3132858790444527_IN_AM_DR,32191,73.47%,
Single,AR_EC_VF_yshaarj_nzoth_yogg_4013318429072895_IN_IV_DR_DS,32191,73.47%,
Single,VW_DH_VW_VF_yshaarj_nzoth_yogg_3977513576758767_Mis_AM_DR_DS,32190,73.47%,
Single,VW_DH_TV_VF_nzoth_yogg_cthun_3132791220658157_Mis_IV_DR,32190,73.47%,
Single,VW_DH_TV_VF_nzoth_yogg_cthun_3132797729693677_Mis_AM_ME,32190,73.47%,
Single,AR_EC_VF_nzoth_yogg_cthun_3132859864178159_Mis_IV_DR,32190,73.47%,
Single,VW_DH_TV_VF_nzoth_yogg_cthun_3132813835821037_Mis_IV_DR_DS,32190,73.47%,
Single,AR_EC_VF_yshaarj_nzoth_yogg_4014409417874927_IN_AM_DR_DS,32190,73.47%,
Single,VW_DH_VW_VF_yshaarj_nzoth_yogg_3977498544889327_Mis_IV_ME,32190,73.46%,
Single,AR_SW_VF_yshaarj_yogg_cthun_2043251357245421_Mis_IV_ME,32188,73.45%,
Single,AR_SW_VF_nzoth_yogg_cthun_3132859797069311_IN_AM_DR,32186,73.44%,
Single,VW_DH_VW_VF_nzoth_yogg_cthun_3132951207665135_Mis_IV_DR_DS,32186,73.44%,
Single,AR_SP_VF_yshaarj_nzoth_yogg_4013318429081071_IN_IV_ME_DS,32186,73.44%,
Single,AR_SW_VF_yshaarj_nzoth_yogg_3977567121309677_IN_AM_DR,32186,73.44%,
Single,AR_SW_VF_nzoth_yogg_cthun_3132858790436351_IN_AM_DR,32186,73.44%,
Single,AR_SP_VF_yshaarj_nzoth_yogg_4013302322953711_IN_AM_DR,32186,73.44%,
Single,VW_DH_VW_VF_nzoth_yogg_cthun_3132936175280109_Mis_AM_DR,32185,73.44%,
Single,VW_DH_TV_VF_nzoth_yogg_cthun_3133347418398701_Mis_AM_DR,32185,73.44%,
Single,AR_SW_VF_yshaarj_nzoth_yogg_4013851005542381_Mis_AM_DR,32185,73.44%,
Single,AR_SW_VF_yshaarj_nzoth_yogg_4013438688157183_IN_AM_ME,32185,73.44%,
Single,VW_DH_TV_VF_nzoth_yogg_cthun_3150243820264943_Mis_AM_ME,32185,73.44%,
Single,VW_DH_TV_VF_yshaarj_nzoth_yogg_3977514650492909_Mis_IV_ME_DS,32184,73.43%,
Single,VW_DH_TV_VF_nzoth_yogg_cthun_3135005275774447_Mis_IV_ME_DS,32184,73.43%,
Single,AR_SW_VF_yshaarj_nzoth_yogg_4013851072126447_IN_AM_ME,32184,73.43%,
Single,AR_EC_VF_yshaarj_nzoth_yogg_4013302322953711_IN_AM_ME,32183,73.43%,
Single,VW_DH_TV_VF_yshaarj_nzoth_yogg_3979712600006127_Mis_IV_DR_DS,32183,73.43%,
Single,VW_DH_VW_VF_nzoth_yogg_cthun_3150534803775469_Mis_AM_ME_DS,32183,73.43%,
Single,AR_SP_VF_yshaarj_nzoth_yogg_4013302323469807_Mis_IV_ME,32183,73.43%,
Single,AR_EC_VF_yshaarj_nzoth_yogg_4013447278100461_IN_AM_DR_DS,32182,73.42%,
Single,VW_DH_TV_VF_yshaarj_nzoth_yogg_4049523065544685_Mis_IV_ME_DS,32182,73.42%,
Single,VW_DH_TV_VF_nzoth_yogg_cthun_3150260999609839_Mis_AM_DR_DS,32180,73.41%,
Single,AR_EC_VF_nzoth_yogg_cthun_3132858790444527_IN_AM_ME,32180,73.41%,
Single,VW_DH_VW_VF_nzoth_yogg_cthun_3150244893491181_Mis_AM_ME,32180,73.41%,
Single,AR_EC_VF_yshaarj_nzoth_yogg_4013310913404399_IN_IV_DR_DS,32179,73.41%,
Single,VW_DH_VW_VF_nzoth_yogg_cthun_3150244893490671_Mis_AM_DR,32179,73.41%,
Single,AR_SW_VF_yshaarj_nzoth_yogg_4013447345200623_Mis_AM_DR_DS,32178,73.40%,
Single,VW_DH_TV_VF_yshaarj_nzoth_yogg_3977788454658029_Mis_IV_ME_DS,32178,73.40%,
Single,AR_SW_VF_yshaarj_nzoth_yogg_4013318429081581_Mis_IV_ME_DS,32178,73.40%,
Single,AR_SW_VF_nzoth_yogg_cthun_3132996162280959_IN_AM_DR,32178,73.40%,
Single,VW_DH_VW_VF_nzoth_yogg_cthun_3150259925868031_Mis_IV_DR_DS,32178,73.40%,
Single,AR_EC_VF_nzoth_yogg_cthun_3132858790961133_Mis_AM_DR,32177,73.40%,
Single,AR_SW_VF_nzoth_yogg_cthun_3169151264087535_Mis_AM_ME,32176,73.39%,
Single,AR_SW_VF_nzoth_yogg_cthun_3132858790444527_IN_AM_ME,32176,73.39%,
Single,AR_SW_VF_yshaarj_nzoth_yogg_4013309906771949_IN_AM_DR_DS,32176,73.39%,
Single,AR_SW_VF_nzoth_yogg_cthun_3132875903721453_IN_AM_ME_DS,32176,73.39%,
Single,AR_SW_VF_nzoth_yogg_cthun_3132996162289645_Mis_AM_ME,32175,73.39%,
Single,VW_DH_TV_VF_nzoth_yogg_cthun_3150243819740671_Mis_AM_ME,32175,73.39%,
Single,VW_DH_TV_VF_nzoth_yogg_cthun_3135004202041325_Mis_AM_DR_DS,32175,73.39%,
Single,AR_SW_VF_nzoth_yogg_cthun_3132859797077997_Mis_AM_DR,32175,73.39%,
Single,AR_SW_VF_yshaarj_nzoth_yogg_3977567121309677_IN_AM_ME,32175,73.39%,
Single,AR_EC_VF_nzoth_yogg_cthun_3169151197502959_Mis_AM_DR,32174,73.38%,
Single,AR_SP_VF_yshaarj_nzoth_yogg_4013301249736685_IN_AM_ME,32174,73.38%,
Single,VW_DH_TV_VF_yshaarj_nzoth_cthun_3696298445561837_Mis_AM_DR,32173,73.37%,
Single,AR_EC_VF_nzoth_yogg_cthun_3132867313270765_Mis_IV_DR,32173,73.37%,
Single,AR_SW_VF_yshaarj_yogg_cthun_1988688092717037_IN_AM_DR,32173,73.37%,
Single,AR_SP_VF_yshaarj_nzoth_yogg_4013851005026285_IN_AM_ME,32173,73.37%,
Single,AR_EC_VF_yshaarj_yogg_cthun_1988688092717037_IN_IV_ME,32172,73.37%,
Single,AR_EC_VF_nzoth_yogg_cthun_3132858723860461_Mis_IV_DR,32172,73.37%,
Single,AR_SW_VF_yshaarj_nzoth_yogg_4013447278091775_IN_IV_DR_DS,32171,73.36%,
Single,AR_EC_VF_yshaarj_yogg_cthun_2043251290660845_IN_AM_DR,32171,73.36%,
Single,AR_EC_VF_yshaarj_nzoth_yogg_4014400760831487_IN_AM_ME,32171,73.36%,
Single,AR_EC_VF_yshaarj_nzoth_yogg_4013309906255853_Mis_IV_DR_DS,32171,73.36%,
Single,VW_DH_TV_VF_yshaarj_nzoth_yogg_4049531588370413_Mis_AM_ME_DS,32170,73.36%,
Single,VW_DH_TV_VF_nzoth_yogg_cthun_3132799810068461_Mis_AM_ME,32170,73.36%,
Single,AR_SW_VF_yshaarj_yogg_cthun_1988688092717037_Mis_IV_ME,32170,73.36%,
Single,VW_DH_TV_VF_nzoth_yogg_cthun_3132943691472367_Mis_IV_ME_DS,32169,73.35%,
Single,AR_SW_VF_nzoth_yogg_cthun_3132859797077487_IN_AM_ME,32169,73.35%,
Single,AR_SP_VF_yshaarj_nzoth_yogg_4013576194219503_Mis_AM_DR,32168,73.35%,
Single,AR_SW_VF_yshaarj_nzoth_yogg_4013301316320751_IN_AM_ME,32168,73.35%,
Single,AR_SP_VF_yshaarj_nzoth_yogg_4013438688681455_Mis_AM_ME,32168,73.34%,
Single,AR_EC_VF_yshaarj_nzoth_yogg_4014409351290861_IN_AM_ME_DS,32167,73.34%,
Single,AR_EC_VF_yshaarj_nzoth_yogg_4013584717570029_Mis_IV_DR_DS,32167,73.34%,
Single,AR_SP_VF_yshaarj_nzoth_yogg_4013301249211903_IN_IV_ME,32167,73.34%,
Single,AR_EC_VF_yshaarj_nzoth_yogg_4013318429597677_Mis_AM_DR_DS,32166,73.34%,
Single,VW_DH_TV_VF_nzoth_yogg_cthun_3132797662584319_Mis_IV_ME,32166,73.34%,
Single,AR_EC_VF_yshaarj_nzoth_yogg_3977567121825263_IN_AM_DR,32166,73.33%,
Single,AR_SP_VF_yshaarj_nzoth_yogg_4013302322945535_Mis_IV_DR,32165,73.33%,
Single,VW_DH_VW_VF_nzoth_yogg_cthun_3132791220658157_Mis_IV_DR,32165,73.33%,
Single,AR_SW_VF_yshaarj_nzoth_yogg_4013318429081581_IN_AM_DR_DS,32165,73.33%,
Single,VW_DH_VW_VF_nzoth_yogg_cthun_3132813768711679_IN_AM_ME_DS,32164,73.33%,
Single,AR_SP_VF_yshaarj_nzoth_yogg_4013310174682607_Mis_IV_ME_DS,32164,73.32%,
Single,VW_DH_TV_VF_nzoth_yogg_cthun_3133347418398191_Mis_IV_DR,32163,73.32%,
Single,VW_DH_VW_VF_nzoth_yogg_cthun_3132927652454381_Mis_AM_ME,32163,73.32%,
Single,VW_DH_TV_VF_nzoth_yogg_cthun_3150244893482495_Mis_IV_ME,32163,73.32%,
Single,AR_EC_VF_nzoth_yogg_cthun_3169159787438061_Mis_AM_ME_DS,32162,73.32%,
Single,VW_DH_TV_VF_nzoth_yogg_cthun_3150244960591343_Mis_AM_ME,32162,73.31%,
Single,AR_SP_VF_yshaarj_nzoth_yogg_4014409417875437_Mis_IV_ME_DS,32161,73.31%,
Single,AR_EC_VF_yshaarj_nzoth_yogg_4013309906771949_IN_AM_DR_DS,32161,73.31%,
Single,AR_SP_VF_yshaarj_yogg_cthun_1988688026132461_IN_IV_DR,32159,73.30%,
Single,AR_SP_VF_yshaarj_nzoth_yogg_4013576127118831_Mis_IV_DR,32159,73.30%,
Single,AR_SW_VF_nzoth_yogg_cthun_3169151196978687_Mis_IV_DR,32159,73.30%,
Single,VW_DH_TV_VF_yshaarj_nzoth_cthun_3696313477946863_Mis_IV_DR_DS,32158,73.29%,
Single,AR_SP_VF_yshaarj_nzoth_yogg_4014400760840173_Mis_AM_DR,32157,73.29%,
Single,AR_SP_VF_yshaarj_nzoth_yogg_3977567121825773_Mis_IV_DR,32157,73.29%,
Single,AR_SP_VF_yshaarj_yogg_cthun_2043251357245421_Mis_IV_ME,32157,73.28%,
Single,VW_DH_TV_VF_yshaarj_nzoth_yogg_4049660437389293_Mis_AM_DR_DS,32156,73.28%,
Single,AR_SW_VF_nzoth_yogg_cthun_3132867380371437_Mis_AM_ME,32156,73.28%,
Single,AR_SW_VF_nzoth_yogg_cthun_3169151196986863_IN_AM_ME,32156,73.28%,
Single,AR_SW_VF_yshaarj_nzoth_yogg_3977567121825263_IN_AM_DR,32155,73.28%,
Single,AR_EC_VF_yshaarj_nzoth_yogg_4013301316312575_IN_AM_ME,32155,73.28%,
Single,AR_SW_VF_yshaarj_nzoth_yogg_4013576194219503_Mis_AM_ME,32155,73.27%,
Single,VW_DH_TV_VF_nzoth_yogg_cthun_3135012791967215_Mis_IV_DR_DS,32154,73.27%,
Single,AR_SP_VF_yshaarj_yogg_cthun_1988688092717037_IN_AM_DR,32154,73.27%,
Single,AR_SP_VF_yshaarj_nzoth_yogg_4014409417874927_IN_AM_DR_DS,32152,73.26%,
Single,AR_SP_VF_nzoth_yogg_cthun_3132875970306029_Mis_IV_ME_DS,32152,73.26%,
Single,AR_EC_VF_yshaarj_yogg_cthun_1988688092717037_Mis_AM_DR,32152,73.26%,
Single,AR_SW_VF_yshaarj_nzoth_yogg_4013584784154095_IN_IV_ME_DS,32151,73.26%,
Single,VW_DH_TV_VF_nzoth_yogg_cthun_3132927585353199_Mis_IV_ME,32150,73.25%,
Single,VW_DH_VW_VF_yshaarj_nzoth_yogg_3977515724234733_Mis_AM_DR_DS,32150,73.25%,
Single,AR_EC_VF_yshaarj_nzoth_yogg_4013310174683117_Mis_AM_ME_DS,32150,73.25%,
Single,AR_EC_VF_nzoth_yogg_cthun_3132875903204847_IN_IV_ME_DS,32149,73.24%,
Single,AR_SW_VF_yshaarj_nzoth_yogg_4013318429597677_IN_AM_ME_DS,32149,73.24%,
Single,AR_SW_VF_yshaarj_nzoth_yogg_4013301316321261_Mis_AM_ME,32149,73.24%,
Single,VW_DH_VW_VF_nzoth_yogg_cthun_3132936175279599_Mis_IV_ME,32148,73.24%,
Single,AR_EC_VF_yshaarj_nzoth_yogg_4013851005026285_Mis_AM_DR,32148,73.24%,
Single,VW_DH_VW_VF_nzoth_yogg_cthun_3150262073351663_Mis_IV_ME_DS,32148,73.24%,
Single,AR_EC_VF_nzoth_yogg_cthun_3132867380370927_Mis_IV_ME,32147,73.23%,
Single,AR_EC_VF_yshaarj_nzoth_yogg_4013310979988975_IN_AM_DR_DS,32147,73.23%,
Single,AR_SP_VF_yshaarj_nzoth_yogg_4014400760831487_IN_AM_ME,32147,73.23%,
Single,AR_SW_VF_nzoth_yogg_cthun_3132875903205357_IN_AM_ME_DS,32147,73.23%,
Single,AR_EC_VF_nzoth_yogg_cthun_3132859797594093_Mis_AM_DR,32147,73.23%,
Single,AR_EC_VF_yshaarj_nzoth_yogg_4013447278616557_Mis_AM_DR_DS,32146,73.23%,
Single,AR_SP_VF_yshaarj_nzoth_yogg_3977567188409839_Mis_IV_ME,32146,73.23%,
Single,AR_EC_VF_yshaarj_nzoth_yogg_4013576127110655_IN_AM_DR,32146,73.23%,
Single,AR_EC_VF_yshaarj_nzoth_yogg_4013447345200623_IN_AM_ME_DS,32146,73.23%,
Single,AR_SP_VF_yshaarj_nzoth_yogg_4013447278099951_IN_IV_ME_DS,32145,73.23%,
Single,AR_SW_VF_yshaarj_nzoth_yogg_4014409350774255_IN_IV_ME_DS,32145,73.22%,
Single,VW_DH_TV_VF_nzoth_yogg_cthun_3132791287242223_Mis_IV_DR,32145,73.22%,
Single,VW_DH_VW_VF_nzoth_yogg_cthun_3150519771389423_Mis_AM_DR,32145,73.22%,
Single,VW_DH_VW_VF_nzoth_yogg_cthun_3132798736850925_Mis_IV_ME,32145,73.22%,
Single,AR_SW_VF_nzoth_yogg_cthun_3132996162280959_Mis_IV_ME,32145,73.22%,
Single,VW_DH_TV_VF_yshaarj_nzoth_yogg_3977497470631407_Mis_IV_ME,32145,73.22%,
Single,AR_EC_VF_nzoth_yogg_cthun_3169159786913279_IN_IV_ME_DS,32145,73.22%,
Single,AR_SW_VF_nzoth_yogg_cthun_3132858790960623_Mis_IV_DR,32144,73.22%,
Single,VW_DH_VW_VF_nzoth_yogg_cthun_3132799810068461_Mis_AM_DR,32144,73.21%,
Single,VW_DH_TV_VF_yshaarj_nzoth_cthun_3696313477947373_Mis_AM_DR_DS,32143,73.21%,
Single,AR_SP_VF_yshaarj_nzoth_yogg_4013851005541871_IN_AM_DR,32143,73.21%,
Single,VW_DH_VW_VF_nzoth_yogg_cthun_3150244894007277_Mis_AM_DR,32143,73.21%,
Single,VW_DH_VW_VF_nzoth_yogg_cthun_3132797662584319_Mis_IV_ME,32143,73.21%,
Single,AR_SP_VF_yshaarj_nzoth_yogg_4013301249736175_Mis_IV_DR,32142,73.21%,
Single,VW_DH_TV_VF_yshaarj_nzoth_yogg_3977651015704047_Mis_IV_DR_DS,32142,73.21%,
Single,AR_EC_VF_nzoth_yogg_cthun_3169151196978687_Mis_IV_ME,32142,73.20%,
Single,AR_SW_VF_nzoth_yogg_cthun_3132996162280959_Mis_IV_DR,32141,73.20%,
Single,AR_SP_VF_yshaarj_nzoth_yogg_4014400760831487_Mis_IV_DR,32141,73.20%,
Single,AR_EC_VF_yshaarj_nzoth_yogg_4013318429597167_IN_AM_DR_DS,32140,73.20%,
Single,AR_SW_VF_yshaarj_nzoth_yogg_4013447278100461_IN_AM_DR_DS,32140,73.20%,
Single,AR_SP_VF_nzoth_yogg_cthun_3132996162289645_Mis_AM_ME,32140,73.20%,
Single,AR_SP_VF_yshaarj_nzoth_yogg_4013309906771439_IN_IV_ME_DS,32140,73.20%,
Single,AR_SP_VF_yshaarj_yogg_cthun_1972332857253869_IN_IV_DR,32140,73.20%,
Single,AR_SW_VF_yshaarj_nzoth_yogg_4013851072126447_Mis_AM_DR,32140,73.19%,
Single,AR_SW_VF_nzoth_yogg_cthun_3132858790436351_IN_AM_ME,32140,73.19%,
Single,AR_EC_VF_nzoth_yogg_cthun_3132858790445037_Mis_AM_DR,32138,73.19%,
Single,AR_SP_VF_yshaarj_nzoth_yogg_4013309906771439_IN_IV_DR_DS,32138,73.19%,
Single,AR_SW_VF_nzoth_yogg_cthun_3132859864178159_Mis_IV_ME,32138,73.18%,
Single,AR_SP_VF_yshaarj_nzoth_yogg_4013310913404909_IN_IV_ME_DS,32137,73.18%,
Single,AR_EC_VF_nzoth_yogg_cthun_3132858790445037_Mis_AM_ME,32137,73.18%,
Single,AR_SP_VF_yshaarj_nzoth_yogg_4013447278091775_IN_IV_DR_DS,32137,73.18%,
Single,VW_DH_TV_VF_nzoth_yogg_cthun_3132942617739245_Mis_AM_DR_DS,32137,73.18%,
Single,AR_SP_VF_yshaarj_nzoth_yogg_4013447278100461_IN_AM_DR_DS,32137,73.18%,
Single,AR_SP_VF_yshaarj_nzoth_yogg_4013851005025775_Mis_IV_DR,32137,73.18%,
Single,AR_SW_VF_yshaarj_nzoth_yogg_4013851005017599_IN_IV_ME,32136,73.17%,
Single,VW_DH_VW_VF_nzoth_yogg_cthun_3133363524526061_Mis_IV_ME_DS,32136,73.17%,
Single,AR_SW_VF_nzoth_yogg_cthun_3169151197502959_Mis_AM_DR,32136,73.17%,
Single,AR_EC_VF_nzoth_yogg_cthun_3132875970306029_Mis_IV_DR_DS,32136,73.17%,
Single,VW_DH_TV_VF_yshaarj_nzoth_cthun_3768322899631599_Mis_IV_DR_DS,32135,73.17%,
Single,AR_SW_VF_nzoth_yogg_cthun_3132867380370927_Mis_IV_DR,32135,73.17%,
Single,AR_EC_VF_yshaarj_yogg_cthun_1971370784579565_IN_AM_DR,32135,73.17%,
Single,AR_SP_VF_yshaarj_yogg_cthun_1988688092717037_Mis_IV_ME,32135,73.17%,
Single,VW_DH_TV_VF_nzoth_yogg_cthun_3132942684839407_Mis_IV_DR_DS,32135,73.17%,
Single,VW_DH_VW_VF_nzoth_yogg_cthun_3135004202040815_Mis_IV_ME_DS,32135,73.17%,
Single,AR_EC_VF_nzoth_yogg_cthun_3132875903205357_IN_AM_ME_DS,32134,73.16%,
Single,AR_SW_VF_yshaarj_yogg_cthun_2043251290660335_IN_IV_DR,32134,73.16%,
Single,AR_SP_VF_yshaarj_nzoth_yogg_4013318429081581_Mis_IV_DR_DS,32134,73.16%,
Single,AR_SW_VF_yshaarj_nzoth_yogg_4013576127110655_IN_AM_DR,32134,73.16%,
Single,AR_SW_VF_yshaarj_nzoth_yogg_4013447278100461_Mis_IV_ME_DS,32134,73.16%,
Single,AR_EC_VF_yshaarj_nzoth_yogg_3977567121825773_Mis_IV_ME,32133,73.16%,
Single,AR_EC_VF_nzoth_yogg_cthun_3132996162280959_Mis_IV_ME,32133,73.16%,
Single,AR_SW_VF_yshaarj_nzoth_yogg_4014400760840173_Mis_AM_ME,32133,73.16%,
Single,AR_SP_VF_yshaarj_nzoth_yogg_4013318429072895_IN_IV_DR_DS,32133,73.16%,
Single,VW_DH_VW_VF_nzoth_yogg_cthun_3132808400003053_Mis_IV_ME_DS,32132,73.15%,
Single,AR_SW_VF_yshaarj_yogg_cthun_1972332857253869_IN_IV_DR,32132,73.15%,
Single,AR_EC_VF_yshaarj_nzoth_yogg_4013301249211903_IN_IV_ME,32132,73.15%,
Single,AR_SW_VF_yshaarj_nzoth_yogg_4013310174682607_Mis_IV_ME_DS,32132,73.15%,
Single,VW_DH_TV_VF_nzoth_yogg_cthun_3132797663108591_Mis_IV_DR,32131,73.15%,
Single,AR_SP_VF_yshaarj_nzoth_yogg_4014400761356269_Mis_AM_ME,32131,73.15%,
Single,AR_SP_VF_nzoth_yogg_cthun_3132859797077487_IN_AM_DR,32131,73.15%,
Single,AR_EC_VF_yshaarj_yogg_cthun_2043251290144239_IN_IV_DR,32131,73.15%,
Single,AR_EC_VF_yshaarj_yogg_cthun_2043259947180013_IN_IV_DR_DS,32131,73.15%,
Single,VW_DH_VW_VF_nzoth_yogg_cthun_3132791287242223_Mis_IV_ME,32130,73.14%,
Single,VW_DH_VW_VF_nzoth_yogg_cthun_3132797662593005_Mis_AM_ME,32130,73.14%,
Single,AR_EC_VF_nzoth_yogg_cthun_3169151196978687_Mis_IV_DR,32130,73.14%,
Single,AR_SP_VF_nzoth_yogg_cthun_3169151196978687_Mis_IV_DR,32129,73.14%,
Single,VW_DH_TV_VF_yshaarj_nzoth_yogg_3977498611474413_Mis_IV_ME,32129,73.14%,
Single,AR_EC_VF_yshaarj_nzoth_yogg_4013584717053933_Mis_IV_DR_DS,32129,73.14%,
Single,VW_DH_TV_VF_nzoth_yogg_cthun_3150262073351663_Mis_IV_DR_DS,32128,73.13%,
Single,AR_SW_VF_yshaarj_nzoth_yogg_4013302322953711_Mis_IV_DR,32128,73.13%,
Single,AR_SW_VF_yshaarj_nzoth_yogg_4013851005026285_IN_AM_ME,32127,73.13%,
Single,VW_DH_TV_VF_nzoth_yogg_cthun_3150259925868031_Mis_IV_DR_DS,32127,73.13%,
Single,AR_EC_VF_nzoth_yogg_cthun_3169151196978687_IN_AM_DR,32127,73.13%,
Single,AR_SW_VF_yshaarj_nzoth_yogg_4013447278616557_Mis_IV_ME_DS,32127,73.13%,
Single,AR_EC_VF_yshaarj_yogg_cthun_2043251290144749_IN_IV_ME,32127,73.13%,
Single,VW_DH_TV_VF_nzoth_yogg_cthun_3152458949123567_Mis_AM_ME_DS,32127,73.13%,
Single,AR_SW_VF_yshaarj_nzoth_yogg_4014409417875437_Mis_IV_DR_DS,32126,73.12%,
Single,AR_EC_VF_yshaarj_nzoth_yogg_4013584784154095_IN_IV_ME_DS,32126,73.12%,
Single,VW_DH_VW_VF_nzoth_yogg_cthun_3135005275774447_Mis_IV_ME_DS,32126,73.12%,
Single,VW_DH_VW_VF_nzoth_yogg_cthun_3150259926392303_Mis_IV_DR_DS,32126,73.12%,
Single,VW_DH_TV_VF_nzoth_yogg_cthun_3150259992976879_Mis_AM_DR_DS,32125,73.12%,
Single,AR_SP_VF_yshaarj_nzoth_yogg_4013310979989485_Mis_IV_ME_DS,32125,73.11%,
Single,AR_SW_VF_nzoth_yogg_cthun_3132858790445037_Mis_AM_DR,32124,73.11%,
Single,AR_SP_VF_yshaarj_nzoth_yogg_4013309906771949_IN_AM_DR_DS,32124,73.11%,
Single,AR_EC_VF_yshaarj_yogg_cthun_1988688026132461_IN_IV_DR,32123,73.11%,
Single,VW_DH_TV_VF_nzoth_yogg_cthun_3132791287242733_Mis_AM_DR,32123,73.11%,
Single,VW_DH_TV_VF_nzoth_yogg_cthun_3150244894007277_Mis_AM_DR,32123,73.10%,
Single,VW_DH_VW_VF_nzoth_yogg_cthun_3132944765214701_Mis_IV_DR_DS,32123,73.10%,
Single,AR_SW_VF_yshaarj_nzoth_yogg_4013301316312575_Mis_IV_ME,32123,73.10%,
Single,VW_DH_TV_VF_nzoth_yogg_cthun_3132807326785007_IN_AM_ME_DS,32122,73.10%,
Single,VW_DH_TV_VF_nzoth_yogg_cthun_3132815916195821_Mis_IV_ME_DS,32122,73.10%,
Single,AR_EC_VF_yshaarj_nzoth_yogg_3977567121825263_IN_AM_ME,32121,73.09%,
Single,AR_SP_VF_yshaarj_nzoth_yogg_4013851005025775_IN_AM_DR,32121,73.09%,
Single,AR_SW_VF_yshaarj_yogg_cthun_2043251290660845_IN_AM_DR,32120,73.09%,
Single,AR_EC_VF_nzoth_yogg_cthun_3132875970306029_Mis_IV_ME_DS,32119,73.09%,
Single,AR_SP_VF_yshaarj_yogg_cthun_2043251290660335_IN_IV_DR,32119,73.08%,
Single,AR_SW_VF_yshaarj_nzoth_yogg_4013318429597677_Mis_IV_ME_DS,32119,73.08%,
Single,AR_SW_VF_yshaarj_nzoth_yogg_4013302323469807_IN_AM_ME,32118,73.08%,
Single,AR_EC_VF_nzoth_yogg_cthun_3132875903721453_IN_AM_DR_DS,32118,73.08%,
Single,VW_DH_TV_VF_nzoth_yogg_cthun_3132797662593005_Mis_AM_ME,32118,73.08%,
Single,AR_SP_VF_nzoth_yogg_cthun_3132858790960623_Mis_IV_DR,32118,73.08%,
Single,VW_DH_VW_VF_nzoth_yogg_cthun_3132813768720365_Mis_IV_ME_DS,32116,73.07%,
Single,AR_SW_VF_yshaarj_nzoth_yogg_4013309906771439_IN_IV_DR_DS,32116,73.06%,
Single,VW_DH_TV_VF_nzoth_yogg_cthun_3132951207665645_Mis_AM_DR_DS,32115,73.06%,
Single,VW_DH_TV_VF_nzoth_yogg_cthun_3135004202040815_Mis_IV_DR_DS,32115,73.06%,
Single,AR_EC_VF_yshaarj_nzoth_yogg_3977567188409839_Mis_IV_DR,32115,73.06%,
Single,AR_EC_VF_nzoth_yogg_cthun_3132858790960623_Mis_IV_ME,32115,73.06%,
Single,VW_DH_VW_VF_yshaarj_nzoth_yogg_3977498544373231_Mis_AM_DR,32115,73.06%,
Single,AR_SW_VF_yshaarj_nzoth_yogg_4013851005025775_IN_IV_ME,32115,73.06%,
Single,AR_SW_VF_yshaarj_yogg_cthun_2043259947180013_IN_IV_DR_DS,32114,73.06%,
Single,AR_SP_VF_nzoth_yogg_cthun_3169151196978687_IN_AM_DR,32114,73.06%,
Single,AR_EC_VF_yshaarj_nzoth_yogg_4013310174682607_Mis_IV_ME_DS,32114,73.06%,
Single,AR_SW_VF_yshaarj_nzoth_yogg_4013851005026285_Mis_AM_DR,32114,73.05%,
Single,VW_DH_TV_VF_yshaarj_nzoth_cthun_3768322899631599_Mis_IV_ME_DS,32114,73.05%,
Single,AR_EC_VF_nzoth_yogg_cthun_3132858723859951_IN_AM_ME,32114,73.05%,
Single,AR_EC_VF_yshaarj_nzoth_yogg_4013309906771949_Mis_IV_DR_DS,32113,73.05%,
Single,AR_SP_VF_yshaarj_nzoth_yogg_4013576127118831_IN_AM_DR,32112,73.05%,
Single,AR_SP_VF_nzoth_yogg_cthun_3132867380370927_Mis_IV_DR,32112,73.05%,
Single,AR_SW_VF_yshaarj_nzoth_yogg_4013447345201133_Mis_AM_ME_DS,32112,73.05%,
Single,VW_DH_TV_VF_yshaarj_nzoth_yogg_3977772348530159_Mis_IV_ME,32112,73.04%,
Single,AR_SP_VF_yshaarj_nzoth_yogg_3977567121825773_Mis_IV_ME,32111,73.04%,
Single,AR_SP_VF_yshaarj_nzoth_yogg_4013301249727999_IN_IV_ME,32111,73.04%,
Single,AR_SW_VF_nzoth_yogg_cthun_3132858723859951_IN_AM_ME,32111,73.04%,
Single,AR_SW_VF_yshaarj_yogg_cthun_1971233614061549_IN_IV_DR,32111,73.04%,
Single,AR_SP_VF_yshaarj_nzoth_yogg_4013309906255343_IN_IV_ME_DS,32111,73.04%,
Single,VW_DH_VW_VF_nzoth_yogg_cthun_3132935101537775_Mis_AM_ME,32111,73.04%,
Single,AR_EC_VF_nzoth_yogg_cthun_3132996162280959_Mis_IV_DR,32111,73.04%,
Single,AR_EC_VF_yshaarj_yogg_cthun_2043251357245421_Mis_AM_DR,32110,73.03%,
Single,AR_SP_VF_nzoth_yogg_cthun_3132859864178159_Mis_IV_DR,32110,73.03%,
Single,AR_SW_VF_yshaarj_nzoth_yogg_4013301249736175_Mis_IV_DR,32110,73.03%,
Single,VW_DH_TV_VF_nzoth_yogg_cthun_3150244893491181_Mis_AM_ME,32110,73.03%,
Single,AR_EC_VF_yshaarj_nzoth_yogg_4014400761355759_Mis_AM_DR,32109,73.03%,
Single,VW_DH_VW_VF_nzoth_yogg_cthun_3135004269141997_Mis_AM_DR_DS,32108,73.02%,
Single,AR_SW_VF_yshaarj_nzoth_yogg_4013576127119341_Mis_AM_ME,32108,73.02%,
Single,AR_SP_VF_nzoth_yogg_cthun_3169159786921965_IN_AM_ME_DS,32108,73.02%,
Single,AR_EC_VF_nzoth_yogg_cthun_3132867313270255_IN_AM_ME,32107,73.02%,
Single,AR_SW_VF_yshaarj_nzoth_yogg_4013309906255343_IN_IV_DR_DS,32107,73.02%,
Single,AR_SP_VF_yshaarj_nzoth_yogg_4013584717053933_IN_IV_ME_DS,32107,73.02%,
Single,AR_EC_VF_yshaarj_nzoth_yogg_4013851005025775_Mis_IV_DR,32107,73.02%,
Single,AR_EC_VF_yshaarj_nzoth_yogg_4013309906771439_IN_IV_ME_DS,32106,73.01%,
Single,AR_SP_VF_nzoth_yogg_cthun_3132858790444527_IN_AM_ME,32106,73.01%,
Single,AR_EC_VF_yshaarj_nzoth_yogg_4013301316320751_Mis_AM_DR,32106,73.01%,
Single,VW_DH_TV_VF_yshaarj_nzoth_yogg_3979712600006127_Mis_IV_ME_DS,32105,73.01%,
Single,VW_DH_VW_VF_nzoth_yogg_cthun_3150253483417071_Mis_AM_DR,32105,73.01%,
Single,AR_SP_VF_yshaarj_nzoth_yogg_4013309906255343_IN_IV_DR_DS,32104,73.00%,
Single,AR_EC_VF_yshaarj_nzoth_yogg_3977567121825773_Mis_IV_DR,32104,73.00%,
Single,VW_DH_TV_VF_yshaarj_nzoth_yogg_3977635983318511_Mis_IV_DR,32104,73.00%,
Single,VW_DH_TV_VF_nzoth_yogg_cthun_3132813768720365_Mis_IV_ME_DS,32103,73.00%,
Single,VW_DH_VW_VF_nzoth_yogg_cthun_3150260999609839_Mis_AM_DR_DS,32102,72.99%,
Single,VW_DH_TV_VF_yshaarj_nzoth_yogg_4049524072177645_Mis_AM_DR_DS,32102,72.99%,
Single,AR_SW_VF_yshaarj_nzoth_yogg_4013584784154605_IN_AM_ME_DS,32101,72.99%,
Single,AR_EC_VF_nzoth_yogg_cthun_3169159787437551_Mis_IV_DR_DS,32101,72.99%,
Single,AR_EC_VF_nzoth_yogg_cthun_3132867313270255_IN_AM_DR,32100,72.98%,
Single,VW_DH_VW_VF_nzoth_yogg_cthun_3135012791967725_Mis_AM_DR_DS,32100,72.98%,
Single,AR_SP_VF_nzoth_yogg_cthun_3132859797069311_IN_AM_DR,32099,72.98%,
Single,AR_SP_VF_yshaarj_nzoth_yogg_4013310913404399_IN_IV_DR_DS,32099,72.98%,
Single,AR_SW_VF_nzoth_yogg_cthun_3150313470426607_Mis_AM_ME,32099,72.97%,
Single,AR_SP_VF_nzoth_yogg_cthun_3132859797594093_Mis_AM_DR,32098,72.97%,
Single,AR_EC_VF_yshaarj_nzoth_yogg_4013447278616557_IN_AM_ME_DS,32098,72.97%,
Single,VW_DH_TV_VF_nzoth_yogg_cthun_3132798736850925_Mis_IV_ME,32098,72.97%,
Single,AR_EC_VF_yshaarj_yogg_cthun_2043251290144749_Mis_IV_DR,32097,72.97%,
Single,VW_DH_TV_VF_nzoth_yogg_cthun_3132935101537775_Mis_AM_ME,32097,72.96%,
Single,AR_SW_VF_yshaarj_nzoth_yogg_4013447278616047_IN_IV_ME_DS,32096,72.96%,
Single,VW_DH_VW_VF_yshaarj_nzoth_yogg_4049525145918959_Mis_IV_ME_DS,32096,72.96%,
Single,AR_SP_VF_yshaarj_nzoth_yogg_4013318429597167_IN_AM_DR_DS,32096,72.96%,
Single,AR_SP_VF_yshaarj_nzoth_yogg_4013309906255853_Mis_IV_DR_DS,32096,72.96%,
Single,AR_SW_VF_nzoth_yogg_cthun_3169159854022127_IN_AM_ME_DS,32095,72.95%,
Single,VW_DH_VW_VF_nzoth_yogg_cthun_3132943691472367_Mis_IV_ME_DS,32094,72.95%,
Single,VW_DH_TV_VF_nzoth_yogg_cthun_3132951207665135_Mis_IV_DR_DS,32094,72.95%,
Single,VW_DH_VW_VF_nzoth_yogg_cthun_3132799810067951_Mis_IV_DR,32093,72.94%,
Single,VW_DH_VW_VF_nzoth_yogg_cthun_3132791287242733_Mis_AM_DR,32093,72.94%,
Single,VW_DH_VW_VF_nzoth_yogg_cthun_3132799810068461_Mis_AM_ME,32093,72.94%,
Single,AR_EC_VF_nzoth_yogg_cthun_3132859797077997_Mis_AM_ME,32093,72.94%,
Single,VW_DH_TV_VF_nzoth_yogg_cthun_3132926511603199_Mis_AM_DR,32093,72.94%,
Single,VW_DH_TV_VF_nzoth_yogg_cthun_3133348492140525_Mis_IV_DR,32092,72.94%,
Single,AR_SW_VF_yshaarj_nzoth_yogg_4013310912888813_IN_IV_ME_DS,32092,72.94%,
Single,AR_SW_VF_yshaarj_yogg_cthun_2043251290144239_IN_IV_DR,32092,72.93%,
Single,AR_SW_VF_yshaarj_yogg_cthun_2043251290144749_IN_IV_ME,32092,72.93%,
Single,AR_SW_VF_yshaarj_nzoth_yogg_4013447278616047_Mis_IV_DR_DS,32091,72.93%,
Single,AR_SW_VF_nzoth_yogg_cthun_3150313470418431_Mis_AM_ME,32091,72.93%,
Single,AR_EC_VF_yshaarj_nzoth_yogg_4013851005542381_Mis_AM_ME,32091,72.93%,
Single,AR_SP_VF_yshaarj_nzoth_yogg_4014400827940335_Mis_AM_ME,32091,72.93%,
Single,AR_SW_VF_yshaarj_nzoth_yogg_4014409350774765_IN_AM_DR_DS,32090,72.93%,
Single,AR_EC_VF_yshaarj_nzoth_yogg_4013576127118831_IN_AM_ME,32089,72.92%,
Single,AR_EC_VF_yshaarj_nzoth_yogg_4013576127110655_Mis_IV_ME,32089,72.92%,
Single,AR_SW_VF_yshaarj_nzoth_yogg_4014400827940335_Mis_AM_ME,32088,72.92%,
Single,AR_SW_VF_yshaarj_yogg_cthun_2043251290144749_IN_AM_DR,32088,72.91%,
Single,AR_EC_VF_nzoth_yogg_cthun_3132875903205357_IN_AM_DR_DS,32087,72.91%,
Single,VW_DH_TV_VF_nzoth_yogg_cthun_3132936175280109_Mis_AM_ME,32087,72.91%,
Single,AR_SP_VF_yshaarj_yogg_cthun_2043259947180013_IN_IV_DR_DS,32086,72.90%,
Single,VW_DH_VW_VF_yshaarj_nzoth_yogg_3977788454657519_Mis_AM_DR_DS,32085,72.90%,
Single,AR_SP_VF_nzoth_yogg_cthun_3132875903196671_IN_IV_DR_DS,32085,72.90%,
Single,VW_DH_VW_VF_nzoth_yogg_cthun_3132943691472877_Mis_AM_ME_DS,32085,72.90%,
Single,AR_SW_VF_nzoth_yogg_cthun_3169159787437551_IN_AM_DR_DS,32085,72.90%,
Single,AR_SP_VF_yshaarj_nzoth_yogg_4013851005542381_Mis_AM_DR,32084,72.90%,
Single,AR_SW_VF_nzoth_yogg_cthun_3169151196978687_Mis_IV_ME,32084,72.89%,
Single,AR_SW_VF_yshaarj_yogg_cthun_1988688092716527_IN_IV_DR,32084,72.89%,
Single,VW_DH_TV_VF_nzoth_yogg_cthun_3134997759582189_Mis_AM_ME,32084,72.89%,
Single,AR_EC_VF_yshaarj_nzoth_yogg_4014409417874927_IN_AM_ME_DS,32083,72.89%,
Single,AR_SW_VF_yshaarj_nzoth_yogg_3977567121825773_Mis_IV_DR,32083,72.89%,
Single,AR_SW_VF_nzoth_yogg_cthun_3132875970306029_Mis_IV_DR_DS,32082,72.88%,
Single,VW_DH_TV_VF_nzoth_yogg_cthun_3132806253043693_Mis_IV_ME_DS,32081,72.88%,
Single,AR_SP_VF_nzoth_yogg_cthun_3132875903721453_IN_AM_ME_DS,32081,72.88%,
Single,VW_DH_VW_VF_nzoth_yogg_cthun_3132942617738735_Mis_IV_ME_DS,32081,72.88%,
Single,AR_SP_VF_yshaarj_nzoth_yogg_4013576127119341_Mis_AM_ME,32080,72.87%,
Single,AR_EC_VF_nzoth_yogg_cthun_3132859797593583_Mis_IV_ME,32080,72.87%,
Single,AR_EC_VF_yshaarj_nzoth_yogg_4013576127110655_Mis_IV_DR,32078,72.86%,
Single,AR_SP_VF_yshaarj_nzoth_yogg_4014400760831487_Mis_IV_ME,32078,72.86%,
Single,VW_DH_VW_VF_yshaarj_nzoth_yogg_3977513643859439_Mis_AM_DR_DS,32078,72.86%,
Single,AR_SW_VF_yshaarj_nzoth_yogg_4013438688157183_Mis_AM_DR,32078,72.86%,
Single,AR_SP_VF_yshaarj_nzoth_yogg_4013301316836847_Mis_AM_DR,32077,72.86%,
Single,VW_DH_TV_VF_nzoth_yogg_cthun_3150259926392303_Mis_IV_DR_DS,32077,72.86%,
Single,VW_DH_TV_VF_nzoth_yogg_cthun_3150519771389423_Mis_AM_DR,32077,72.86%,
Single,AR_SP_VF_yshaarj_yogg_cthun_1971370784579565_Mis_IV_DR,32077,72.85%,
Single,AR_EC_VF_yshaarj_nzoth_yogg_4013584717570029_IN_AM_DR_DS,32077,72.85%,
Single,AR_EC_VF_nzoth_yogg_cthun_3132858790444527_Mis_IV_ME,32076,72.85%,
Single,AR_SW_VF_yshaarj_nzoth_yogg_4013309839671277_IN_IV_ME_DS,32076,72.85%,
Single,VW_DH_VW_VF_yshaarj_nzoth_yogg_3977513577274863_Mis_IV_DR_DS,32076,72.85%,
Single,VW_DH_VW_VF_nzoth_yogg_cthun_3135004202557421_Mis_IV_DR_DS,32076,72.85%,
Single,AR_EC_VF_yshaarj_nzoth_yogg_4013301249736175_IN_AM_DR,32076,72.85%,
Single,AR_SW_VF_yshaarj_nzoth_yogg_4013851005025775_IN_AM_DR,32075,72.85%,
Single,AR_EC_VF_yshaarj_nzoth_yogg_4013851005026285_Mis_AM_ME,32075,72.85%,
Single,AR_SP_VF_yshaarj_nzoth_yogg_4013438688157183_IN_AM_ME,32075,72.85%,
Single,AR_SP_VF_nzoth_yogg_cthun_3169159854022127_Mis_AM_DR_DS,32075,72.84%,
Single,AR_EC_VF_yshaarj_nzoth_yogg_4013301249727999_IN_AM_DR,32074,72.84%,
Single,AR_SP_VF_yshaarj_nzoth_yogg_3977567121309677_IN_AM_ME,32073,72.84%,
Single,AR_SW_VF_yshaarj_nzoth_yogg_4013318429081581_Mis_IV_DR_DS,32073,72.83%,
Single,VW_DH_TV_VF_yshaarj_nzoth_yogg_3979697567621101_Mis_AM_DR,32073,72.83%,
Single,AR_SP_VF_yshaarj_nzoth_yogg_4013447345200623_Mis_AM_DR_DS,32072,72.83%,
Single,VW_DH_VW_VF_nzoth_yogg_cthun_3135012791967215_Mis_IV_DR_DS,32072,72.83%,
Single,VW_DH_VW_VF_yshaarj_nzoth_yogg_4049525145918959_Mis_IV_DR_DS,32071,72.83%,
Single,AR_SW_VF_yshaarj_nzoth_yogg_4013576127118831_IN_AM_ME,32071,72.82%,
Single,VW_DH_VW_VF_yshaarj_nzoth_yogg_3977498611473903_Mis_AM_DR,32071,72.82%,
Single,AR_EC_VF_nzoth_yogg_cthun_3132858723859951_IN_AM_DR,32071,72.82%,
Single,VW_DH_VW_VF_nzoth_yogg_cthun_3135004202040815_Mis_IV_DR_DS,32070,72.82%,
Single,AR_SW_VF_yshaarj_nzoth_yogg_4013302322953711_Mis_IV_ME,32068,72.81%,
Single,VW_DH_TV_VF_nzoth_yogg_cthun_3132942684839917_Mis_AM_DR_DS,32068,72.81%,
Single,AR_SP_VF_nzoth_yogg_cthun_3132867380371437_Mis_AM_DR,32068,72.81%,
Single,AR_SP_VF_nzoth_yogg_cthun_3132858790436351_IN_AM_ME,32067,72.80%,
Single,AR_SP_VF_yshaarj_nzoth_yogg_4013851072126447_Mis_AM_DR,32067,72.80%,
Single,VW_DH_VW_VF_nzoth_yogg_cthun_3150259992977389_Mis_AM_ME_DS,32067,72.80%,
Single,VW_DH_VW_VF_nzoth_yogg_cthun_3132806253043693_Mis_IV_ME_DS,32066,72.80%,
Single,AR_SW_VF_nzoth_yogg_cthun_3132859797069311_IN_AM_ME,32066,72.80%,
Single,AR_EC_VF_yshaarj_nzoth_yogg_4013851005541871_Mis_AM_DR,32066,72.80%,
Single,AR_EC_VF_yshaarj_nzoth_yogg_4013301316836847_Mis_AM_ME,32066,72.79%,
Single,AR_SW_VF_nzoth_yogg_cthun_3132859058871791_Mis_AM_DR,32065,72.79%,
Single,VW_DH_VW_VF_nzoth_yogg_cthun_3135012791967215_Mis_IV_ME_DS,32065,72.79%,
Single,AR_EC_VF_yshaarj_yogg_cthun_1988688025616365_IN_IV_DR,32065,72.79%,
Single,VW_DH_TV_VF_nzoth_yogg_cthun_3132806252527597_Mis_AM_DR_DS,32065,72.79%,
Single,AR_EC_VF_yshaarj_nzoth_yogg_4013309906771949_Mis_IV_ME_DS,32065,72.79%,
Single,AR_EC_VF_yshaarj_nzoth_yogg_4013318496181743_Mis_AM_DR_DS,32064,72.79%,
Single,VW_DH_VW_VF_yshaarj_nzoth_cthun_3768322899631599_Mis_AM_ME_DS,32064,72.79%,
Single,VW_DH_VW_VF_yshaarj_nzoth_yogg_3977513577275373_Mis_AM_DR_DS,32064,72.79%,
Single,AR_SW_VF_yshaarj_nzoth_yogg_4014400760831487_Mis_IV_DR,32064,72.78%,
Single,AR_EC_VF_yshaarj_nzoth_yogg_4013310979988975_IN_IV_ME_DS,32063,72.78%,
Single,AR_SP_VF_yshaarj_nzoth_yogg_4013584784154605_IN_AM_ME_DS,32063,72.78%,
Single,VW_DH_TV_VF_yshaarj_nzoth_yogg_4049524072177135_Mis_IV_ME_DS,32063,72.78%,
Single,VW_DH_TV_VF_yshaarj_nzoth_yogg_3977513643859949_Mis_IV_DR_DS,32062,72.77%,
Single,AR_EC_VF_yshaarj_nzoth_yogg_4013447278616047_Mis_IV_DR_DS,32061,72.77%,
Single,AR_SP_VF_yshaarj_nzoth_yogg_4013851005541871_Mis_IV_ME,32061,72.77%,
Single,AR_SP_VF_yshaarj_nzoth_yogg_4013309906255853_Mis_IV_ME_DS,32061,72.77%,
Single,AR_SP_VF_yshaarj_nzoth_yogg_4013301249736175_Mis_IV_ME,32060,72.76%,
Single,AR_SW_VF_yshaarj_nzoth_yogg_4013310174682607_Mis_IV_DR_DS,32060,72.76%,
Single,VW_DH_TV_VF_yshaarj_nzoth_yogg_3979712600006637_Mis_AM_DR_DS,32059,72.76%,
Single,AR_SP_VF_nzoth_yogg_cthun_3132996162280959_IN_AM_ME,32059,72.76%,
Single,AR_SW_VF_nzoth_yogg_cthun_3132996162280959_IN_AM_ME,32057,72.75%,
Single,AR_SW_VF_yshaarj_yogg_cthun_1973432302297069_IN_IV_DR,32057,72.75%,
Single,VW_DH_TV_VF_nzoth_yogg_cthun_3133348492140525_Mis_IV_ME,32056,72.74%,
Single,VW_DH_VW_VF_yshaarj_nzoth_yogg_4049797876342765_Mis_AM_ME_DS,32055,72.74%,
Single,VW_DH_TV_VF_yshaarj_nzoth_cthun_3696298445561327_Mis_IV_DR,32055,72.74%,
Single,VW_DH_VW_VF_nzoth_yogg_cthun_3135004269141487_Mis_IV_ME_DS,32055,72.74%,
Single,AR_SW_VF_yshaarj_nzoth_yogg_4014409417874927_IN_AM_DR_DS,32054,72.73%,
Single,AR_EC_VF_yshaarj_nzoth_yogg_4014409351290861_Mis_IV_DR_DS,32053,72.73%,
Single,VW_DH_TV_VF_yshaarj_nzoth_yogg_3977513576759277_Mis_IV_ME_DS,32053,72.72%,
Single,AR_EC_VF_yshaarj_nzoth_yogg_4013318429597167_Mis_IV_DR_DS,32052,72.72%,
Single,AR_EC_VF_yshaarj_nzoth_yogg_4013301249727999_Mis_IV_DR,32051,72.72%,
Single,VW_DH_TV_VF_yshaarj_nzoth_yogg_3977498544373741_Mis_IV_ME,32051,72.72%,
Single,AR_EC_VF_yshaarj_yogg_cthun_1971233614061549_IN_IV_DR,32050,72.71%,
Single,AR_EC_VF_yshaarj_yogg_cthun_1988688092716527_IN_AM_DR,32050,72.71%,
Single,AR_SP_VF_yshaarj_nzoth_yogg_4013301316312575_Mis_IV_ME,32050,72.71%,
Single,VW_DH_TV_VF_yshaarj_nzoth_yogg_3977498611474413_Mis_IV_DR,32049,72.71%,
Single,VW_DH_TV_VF_nzoth_yogg_cthun_3132799810067951_Mis_IV_DR,32049,72.71%,
Single,AR_SP_VF_yshaarj_nzoth_yogg_4013447278616047_Mis_IV_DR_DS,32049,72.71%,
Single,VW_DH_VW_VF_nzoth_yogg_cthun_3150259925876207_Mis_AM_DR_DS,32049,72.70%,
Single,VW_DH_TV_VF_yshaarj_nzoth_yogg_3977773422272493_Mis_IV_ME,32049,72.70%,
Single,VW_DH_TV_VF_yshaarj_nzoth_yogg_3977635983318511_Mis_IV_ME,32049,72.70%,
Single,AR_SP_VF_nzoth_yogg_cthun_3150313470418431_Mis_AM_DR,32049,72.70%,
Single,AR_SP_VF_yshaarj_nzoth_yogg_4013301316320751_IN_AM_ME,32048,72.70%,
Single,AR_SW_VF_yshaarj_nzoth_yogg_4013851005017599_IN_AM_DR,32048,72.70%,
Single,AR_SP_VF_yshaarj_nzoth_yogg_4013309839671277_IN_IV_ME_DS,32048,72.70%,
Single,AR_EC_VF_nzoth_yogg_cthun_3132875903196671_IN_IV_ME_DS,32047,72.70%,
Single,VW_DH_TV_VF_yshaarj_nzoth_yogg_3979697567620591_Mis_IV_ME,32047,72.69%,
Single,AR_SP_VF_nzoth_yogg_cthun_3132859797594093_Mis_AM_ME,32047,72.69%,
Single,AR_EC_VF_yshaarj_nzoth_yogg_4013301249727999_Mis_IV_ME,32046,72.69%,
Single,AR_EC_VF_yshaarj_nzoth_yogg_4013851005017599_Mis_IV_ME,32045,72.68%,
Single,VW_DH_TV_VF_nzoth_yogg_cthun_3132807326260735_IN_AM_ME_DS,32045,72.68%,
Single,AR_EC_VF_nzoth_yogg_cthun_3132859058871791_Mis_AM_DR,32045,72.68%,
Single,AR_SW_VF_yshaarj_nzoth_yogg_4013318429081071_IN_IV_ME_DS,32045,72.68%,
Single,VW_DH_TV_VF_nzoth_yogg_cthun_3132942618255341_Mis_IV_ME_DS,32044,72.68%,
Single,VW_DH_VW_VF_yshaarj_nzoth_yogg_3977773422271983_Mis_AM_DR,32044,72.68%,
Single,VW_DH_TV_VF_nzoth_yogg_cthun_3135004202040815_Mis_IV_ME_DS,32043,72.68%,
Single,AR_SW_VF_yshaarj_nzoth_yogg_4013447278099951_IN_IV_ME_DS,32043,72.67%,
Single,AR_SW_VF_yshaarj_nzoth_yogg_4013310174683117_Mis_AM_DR_DS,32043,72.67%,
Single,AR_SW_VF_yshaarj_nzoth_yogg_4013302323470317_Mis_AM_ME,32043,72.67%,
Single,AR_SW_VF_yshaarj_nzoth_yogg_4013584717570029_Mis_IV_DR_DS,32043,72.67%,
Single,AR_EC_VF_yshaarj_nzoth_yogg_4013310913404909_IN_AM_DR_DS,32042,72.67%,
Single,AR_SP_VF_nzoth_yogg_cthun_3132858790444527_Mis_IV_ME,32042,72.67%,
Single,AR_SW_VF_nzoth_yogg_cthun_3132875970305519_IN_AM_DR_DS,32042,72.67%,
Single,VW_DH_VW_VF_nzoth_yogg_cthun_3132807326260735_IN_AM_ME_DS,32042,72.67%,
Single,AR_SW_VF_nzoth_yogg_cthun_3132859797077487_Mis_IV_ME,32041,72.66%,
Single,AR_SW_VF_nzoth_yogg_cthun_3132858790444527_Mis_IV_ME,32041,72.66%,
Single,AR_SW_VF_nzoth_yogg_cthun_3169151196986863_Mis_AM_DR,32040,72.66%,
Single,AR_SW_VF_nzoth_yogg_cthun_3169159787438061_Mis_AM_ME_DS,32040,72.66%,
Single,AR_EC_VF_yshaarj_yogg_cthun_1973432368881645_IN_AM_DR,32040,72.66%,
Single,AR_EC_VF_yshaarj_nzoth_yogg_4013851072126447_Mis_AM_ME,32040,72.66%,
Single,VW_DH_VW_VF_nzoth_yogg_cthun_3132797663109101_Mis_AM_DR,32039,72.65%,
Single,VW_DH_VW_VF_nzoth_yogg_cthun_3135004202041325_Mis_AM_DR_DS,32039,72.65%,
Single,AR_EC_VF_yshaarj_nzoth_yogg_4013318429081581_IN_AM_ME_DS,32039,72.65%,
Single,AR_SP_VF_nzoth_yogg_cthun_3132996162280959_Mis_IV_DR,32039,72.65%,
Single,AR_SW_VF_nzoth_yogg_cthun_3169159786921965_Mis_AM_DR_DS,32038,72.64%,
Single,AR_SW_VF_yshaarj_nzoth_yogg_4013309906771949_Mis_IV_DR_DS,32037,72.64%,
Single,VW_DH_TV_VF_nzoth_yogg_cthun_3132797663109101_Mis_AM_DR,32037,72.64%,
Single,AR_EC_VF_yshaarj_nzoth_yogg_4013302323469807_IN_AM_ME,32036,72.63%,
Single,VW_DH_TV_VF_nzoth_yogg_cthun_3132808400003053_Mis_IV_ME_DS,32036,72.63%,
Single,AR_EC_VF_yshaarj_nzoth_yogg_4013309906247167_IN_IV_DR_DS,32035,72.63%,
Single,AR_EC_VF_yshaarj_nzoth_yogg_4013447278099951_Mis_IV_DR_DS,32035,72.63%,
Single,AR_SP_VF_nzoth_yogg_cthun_3132858790445037_Mis_AM_DR,32034,72.62%,
Single,AR_EC_VF_nzoth_yogg_cthun_3169159854022127_Mis_AM_DR_DS,32034,72.62%,
Single,VW_DH_VW_VF_nzoth_yogg_cthun_3132806252527087_Mis_IV_DR_DS,32033,72.62%,
Single,VW_DH_TV_VF_nzoth_yogg_cthun_3132798736334319_Mis_IV_DR,32032,72.61%,
Single,VW_DH_TV_VF_nzoth_yogg_cthun_3135004269141997_Mis_AM_DR_DS,32032,72.61%,
Single,AR_SW_VF_nzoth_yogg_cthun_3132996162805231_Mis_AM_DR,32032,72.61%,
Single,AR_SW_VF_yshaarj_nzoth_yogg_4013584717053933_IN_AM_DR_DS,32032,72.61%,
Single,AR_SP_VF_nzoth_yogg_cthun_3169159787437551_IN_AM_DR_DS,32031,72.61%,
Single,AR_EC_VF_yshaarj_yogg_cthun_1988688026132461_Mis_IV_DR,32031,72.61%,
Single,VW_DH_TV_VF_yshaarj_nzoth_cthun_3696313477946863_Mis_IV_ME_DS,32031,72.61%,
Single,VW_DH_TV_VF_nzoth_yogg_cthun_3150259992977389_Mis_AM_ME_DS,32031,72.61%,
Single,AR_SP_VF_yshaarj_nzoth_yogg_3977567121309677_IN_AM_DR,32031,72.61%,
Single,AR_SP_VF_yshaarj_nzoth_yogg_4013576127110655_Mis_IV_DR,32031,72.61%,
Single,AR_EC_VF_yshaarj_nzoth_yogg_4013318496181743_IN_AM_ME_DS,32030,72.60%,
Single,VW_DH_TV_VF_yshaarj_nzoth_yogg_3977514650492399_Mis_IV_DR_DS,32030,72.60%,
Single,AR_EC_VF_nzoth_yogg_cthun_3132859797594093_Mis_AM_ME,32029,72.60%,
Single,AR_SP_VF_nzoth_yogg_cthun_3169159787437551_Mis_IV_DR_DS,32029,72.60%,
Single,VW_DH_VW_VF_nzoth_yogg_cthun_3132926578712047_Mis_AM_ME,32028,72.59%,
Single,AR_SW_VF_yshaarj_yogg_cthun_2043251290660845_Mis_IV_DR,32028,72.59%,
Single,AR_EC_VF_yshaarj_nzoth_yogg_4013447278616047_IN_AM_DR_DS,32028,72.59%,
Single,AR_SP_VF_nzoth_yogg_cthun_3132875903204847_IN_IV_DR_DS,32027,72.59%,
Single,AR_EC_VF_nzoth_yogg_cthun_3169159786921455_Mis_IV_DR_DS,32026,72.58%,
Single,AR_SW_VF_yshaarj_yogg_cthun_2043251357245421_Mis_AM_DR,32026,72.58%,
Single,AR_SW_VF_yshaarj_nzoth_yogg_4013851005025775_Mis_IV_DR,32026,72.58%,
Single,AR_EC_VF_yshaarj_yogg_cthun_2043251290660845_Mis_IV_DR,32025,72.58%,
Single,AR_EC_VF_nzoth_yogg_cthun_3169159854022127_IN_AM_ME_DS,32025,72.58%,
Single,AR_SP_VF_yshaarj_nzoth_yogg_4013584717570029_IN_AM_DR_DS,32025,72.57%,
Single,AR_EC_VF_yshaarj_yogg_cthun_1973432301780973_IN_IV_DR,32025,72.57%,
Single,AR_EC_VF_yshaarj_yogg_cthun_1973432368881645_IN_IV_ME,32025,72.57%,
Single,VW_DH_TV_VF_nzoth_yogg_cthun_3135005275774957_Mis_AM_ME_DS,32024,72.57%,
Single,AR_SW_VF_nzoth_yogg_cthun_3169159786921455_IN_AM_DR_DS,32024,72.57%,
Single,VW_DH_TV_VF_nzoth_yogg_cthun_3132942617738735_Mis_IV_DR_DS,32024,72.57%,
Single,VW_DH_VW_VF_yshaarj_nzoth_yogg_4049522998435327_Mis_IV_DR_DS,32024,72.57%,
Single,VW_DH_VW_VF_nzoth_yogg_cthun_3150262073351663_Mis_IV_DR_DS,32023,72.57%,
Single,AR_SW_VF_nzoth_yogg_cthun_3169159787437551_Mis_IV_DR_DS,32023,72.57%,
Single,AR_SP_VF_nzoth_yogg_cthun_3169159786921965_Mis_AM_DR_DS,32023,72.56%,
Single,AR_SW_VF_yshaarj_nzoth_yogg_4013318429597167_IN_AM_DR_DS,32023,72.56%,
Single,AR_SW_VF_yshaarj_nzoth_yogg_4013301249736685_Mis_AM_DR,32023,72.56%,
Single,AR_SW_VF_nzoth_yogg_cthun_3132875903196671_IN_IV_DR_DS,32022,72.56%,
Single,AR_SW_VF_yshaarj_nzoth_yogg_4013584717569519_IN_IV_DR_DS,32022,72.56%,
Single,AR_SP_VF_nzoth_yogg_cthun_3169151196978687_Mis_IV_ME,32022,72.56%,
Single,AR_SP_VF_yshaarj_nzoth_yogg_4013851005025775_Mis_IV_ME,32022,72.56%,
Single,VW_DH_TV_VF_nzoth_yogg_cthun_3132926511611375_Mis_AM_ME,32021,72.56%,
Single,VW_DH_VW_VF_nzoth_yogg_cthun_3132942618255341_Mis_IV_DR_DS,32021,72.55%,
Single,AR_SP_VF_yshaarj_nzoth_yogg_4013318429081581_IN_AM_DR_DS,32021,72.55%,
Single,AR_SW_VF_yshaarj_nzoth_yogg_4013851005025775_Mis_IV_ME,32019,72.55%,
Single,AR_SW_VF_nzoth_yogg_cthun_3150313470418431_Mis_AM_DR,32019,72.54%,
Single,AR_SW_VF_yshaarj_nzoth_yogg_4013447345200623_IN_AM_ME_DS,32019,72.54%,
Single,VW_DH_TV_VF_nzoth_yogg_cthun_3150534803775469_Mis_AM_ME_DS,32018,72.54%,
Single,VW_DH_VW_VF_nzoth_yogg_cthun_3132807326269421_Mis_IV_ME_DS,32018,72.54%,
Single,AR_EC_VF_yshaarj_nzoth_yogg_4013301249736175_IN_AM_ME,32018,72.54%,
Single,AR_SP_VF_yshaarj_nzoth_yogg_4013447345200623_IN_AM_ME_DS,32017,72.54%,
Single,AR_SW_VF_yshaarj_nzoth_yogg_3977567121309167_IN_AM_ME,32017,72.53%,
Single,AR_SW_VF_yshaarj_nzoth_yogg_4013318429072895_IN_IV_DR_DS,32016,72.53%,
Single,AR_SP_VF_yshaarj_nzoth_yogg_4013310912888813_IN_IV_ME_DS,32016,72.53%,
Single,AR_SP_VF_nzoth_yogg_cthun_3132859797069311_IN_AM_ME,32015,72.52%,
Single,AR_SW_VF_yshaarj_nzoth_yogg_4013310979989485_Mis_IV_ME_DS,32015,72.52%,
Single,VW_DH_TV_VF_nzoth_yogg_cthun_3132808400003053_Mis_IV_DR_DS,32015,72.52%,
Single,AR_SW_VF_yshaarj_nzoth_yogg_4013584717053423_IN_IV_DR_DS,32014,72.52%,
Single,AR_SW_VF_yshaarj_nzoth_yogg_4013584784154605_Mis_AM_DR_DS,32014,72.52%,
Single,AR_SP_VF_nzoth_yogg_cthun_3169159854022127_IN_AM_ME_DS,32013,72.51%,
Single,VW_DH_VW_VF_nzoth_yogg_cthun_3132798736334319_Mis_IV_DR,32013,72.51%,
Single,AR_SW_VF_nzoth_yogg_cthun_3169159854022127_Mis_AM_DR_DS,32013,72.51%,
Single,AR_SP_VF_yshaarj_nzoth_yogg_4013302322954221_Mis_AM_DR,32013,72.51%,
Single,AR_SW_VF_yshaarj_nzoth_yogg_4013310979988975_IN_IV_ME_DS,32012,72.51%,
Single,AR_EC_VF_yshaarj_nzoth_yogg_4013309906255853_IN_AM_DR_DS,32012,72.51%,
Single,VW_DH_TV_VF_yshaarj_nzoth_yogg_3977651015704557_Mis_AM_DR_DS,32012,72.50%,
Single,AR_EC_VF_yshaarj_nzoth_yogg_3977567188410349_Mis_AM_DR,32012,72.50%,
Single,AR_SW_VF_nzoth_yogg_cthun_3132875903721453_Mis_IV_ME_DS,32011,72.50%,
Single,VW_DH_VW_VF_yshaarj_nzoth_yogg_4049522998959599_Mis_IV_ME_DS,32011,72.50%,
Single,AR_SW_VF_yshaarj_nzoth_yogg_4013301249736175_Mis_IV_ME,32010,72.50%,
Single,AR_EC_VF_yshaarj_yogg_cthun_1971370784579565_Mis_IV_DR,32010,72.50%,
Single,AR_EC_VF_yshaarj_nzoth_yogg_4013447278091775_IN_IV_DR_DS,32010,72.50%,
Single,AR_SP_VF_yshaarj_nzoth_yogg_3977567121825263_IN_AM_ME,32010,72.50%,
Single,AR_SW_VF_yshaarj_nzoth_yogg_4013302322945535_Mis_IV_DR,32010,72.49%,
Single,AR_SW_VF_nzoth_yogg_cthun_3132867313270255_IN_AM_DR,32009,72.49%,
Single,VW_DH_VW_VF_yshaarj_nzoth_yogg_3977515724234733_Mis_AM_ME_DS,32009,72.49%,
Single,AR_EC_VF_yshaarj_nzoth_yogg_3977567188409839_Mis_IV_ME,32008,72.48%,
Single,AR_SW_VF_yshaarj_yogg_cthun_2043251290144749_Mis_IV_DR,32007,72.48%,
Single,AR_SW_VF_yshaarj_nzoth_yogg_3977567188409839_Mis_IV_ME,32007,72.48%,
Single,AR_SW_VF_yshaarj_nzoth_yogg_3977567188409839_Mis_IV_DR,32006,72.47%,
Single,AR_SW_VF_nzoth_yogg_cthun_3132867313270255_IN_AM_ME,32006,72.47%,
Single,VW_DH_TV_VF_yshaarj_nzoth_yogg_3977513643859949_Mis_IV_ME_DS,32006,72.47%,
Single,AR_SW_VF_nzoth_yogg_cthun_3132875970305519_IN_AM_ME_DS,32005,72.47%,
Single,VW_DH_TV_VF_nzoth_yogg_cthun_3132799810067951_Mis_IV_ME,32005,72.47%,
Single,AR_EC_VF_yshaarj_nzoth_yogg_4013447278100461_IN_AM_ME_DS,32005,72.47%,
Single,AR_SP_VF_yshaarj_nzoth_yogg_4013301316321261_Mis_AM_ME,32005,72.47%,
Single,AR_EC_VF_nzoth_yogg_cthun_3169151196986863_Mis_AM_DR,32004,72.47%,
Single,AR_SP_VF_yshaarj_nzoth_yogg_3977567188409839_Mis_IV_DR,32004,72.46%,
Single,AR_SW_VF_yshaarj_yogg_cthun_1972332857253869_IN_IV_ME,32004,72.46%,
Single,VW_DH_TV_VF_nzoth_yogg_cthun_3132806252527087_Mis_IV_DR_DS,32004,72.46%,
Single,AR_SP_VF_nzoth_yogg_cthun_3132859797077487_Mis_IV_DR,32003,72.46%,
Single,AR_SP_VF_yshaarj_nzoth_yogg_4013584784154605_Mis_AM_DR_DS,32003,72.46%,
Single,AR_SP_VF_nzoth_yogg_cthun_3132858790961133_Mis_AM_ME,32003,72.46%,
Single,AR_SW_VF_nzoth_yogg_cthun_3132867380370927_Mis_IV_ME,32002,72.45%,
Single,VW_DH_TV_VF_nzoth_yogg_cthun_3132806253043693_Mis_IV_DR_DS,32002,72.45%,
Single,AR_SW_VF_yshaarj_nzoth_yogg_4014400761355759_Mis_AM_DR,32001,72.45%,
Single,VW_DH_TV_VF_nzoth_yogg_cthun_3132806319628269_Mis_AM_DR_DS,32001,72.45%,
Single,VW_DH_VW_VF_nzoth_yogg_cthun_3132791287242223_Mis_IV_DR,32001,72.45%,
Single,AR_SP_VF_yshaarj_nzoth_yogg_4013318429597677_IN_AM_ME_DS,32001,72.44%,
Single,VW_DH_TV_VF_nzoth_yogg_cthun_3132798736850925_Mis_IV_DR,32000,72.44%,
Single,AR_EC_VF_yshaarj_yogg_cthun_1971233614061549_IN_IV_ME,32000,72.44%,
Single,VW_DH_VW_VF_nzoth_yogg_cthun_3132806252527597_Mis_AM_DR_DS,32000,72.44%,
Single,AR_SP_VF_yshaarj_yogg_cthun_2043251357244911_IN_IV_ME,31999,72.44%,
Single,AR_EC_VF_nzoth_yogg_cthun_3132867313786351_Mis_IV_ME,31999,72.43%,
Single,AR_SP_VF_yshaarj_nzoth_yogg_4013851005017599_Mis_IV_ME,31998,72.43%,
Single,VW_DH_TV_VF_nzoth_yogg_cthun_3135012791967725_Mis_AM_DR_DS,31998,72.43%,
Single,VW_DH_TV_VF_yshaarj_nzoth_cthun_3768322899632109_Mis_AM_ME_DS,31998,72.43%,
Single,VW_DH_VW_VF_nzoth_yogg_cthun_3150262073352173_Mis_AM_DR_DS,31997,72.43%,
Single,VW_DH_VW_VF_nzoth_yogg_cthun_3132926512127471_Mis_AM_DR,31997,72.43%,
Single,AR_SP_VF_yshaarj_nzoth_yogg_4013309906255853_IN_AM_DR_DS,31997,72.42%,
Single,AR_EC_VF_nzoth_yogg_cthun_3132875970305519_IN_AM_DR_DS,31996,72.42%,
Single,AR_SP_VF_yshaarj_nzoth_yogg_4013438688165359_Mis_AM_ME,31996,72.42%,
Single,AR_SP_VF_yshaarj_nzoth_yogg_4013447278091775_IN_IV_ME_DS,31996,72.42%,
Single,VW_DH_VW_VF_nzoth_yogg_cthun_3132798736850925_Mis_IV_DR,31995,72.41%,
Single,AR_SW_VF_nzoth_yogg_cthun_3132858790444527_Mis_IV_DR,31995,72.41%,
Single,AR_SW_VF_yshaarj_nzoth_yogg_4013318496181743_Mis_IV_ME_DS,31995,72.41%,
Single,AR_SP_VF_nzoth_yogg_cthun_3132859797593583_Mis_IV_DR,31995,72.41%,
Single,VW_DH_VW_VF_yshaarj_nzoth_yogg_3977773422271983_Mis_AM_ME,31995,72.41%,
Single,VW_DH_TV_VF_nzoth_yogg_cthun_3132926578712047_Mis_AM_ME,31994,72.41%,
Single,VW_DH_VW_VF_nzoth_yogg_cthun_3135004269141487_Mis_IV_DR_DS,31994,72.41%,
Single,VW_DH_TV_VF_yshaarj_nzoth_yogg_3979696493878767_Mis_AM_ME,31994,72.41%,
Single,VW_DH_VW_VF_nzoth_yogg_cthun_3132926511611375_Mis_AM_ME,31993,72.40%,
Single,AR_SW_VF_yshaarj_nzoth_yogg_4013318496181743_IN_AM_ME_DS,31993,72.40%,
Single,VW_DH_VW_VF_nzoth_yogg_cthun_3135012791967725_Mis_AM_ME_DS,31993,72.40%,
Single,AR_SW_VF_yshaarj_nzoth_yogg_4013301249736175_IN_AM_DR,31993,72.40%,
Single,AR_EC_VF_yshaarj_nzoth_yogg_3977567121309167_IN_AM_ME,31993,72.40%,
Single,VW_DH_VW_VF_nzoth_yogg_cthun_3132942684839407_Mis_IV_ME_DS,31992,72.40%,
Single,AR_EC_VF_yshaarj_nzoth_yogg_4014409350774765_Mis_IV_DR_DS,31992,72.40%,
Single,AR_EC_VF_nzoth_yogg_cthun_3169151196978687_IN_AM_ME,31992,72.40%,
Single,AR_EC_VF_yshaarj_yogg_cthun_2043251290660335_IN_IV_DR,31991,72.39%,
Single,AR_SP_VF_nzoth_yogg_cthun_3132875903721453_Mis_IV_ME_DS,31991,72.39%,
Single,AR_SW_VF_yshaarj_nzoth_yogg_4014409351290861_IN_AM_ME_DS,31990,72.39%,
Single,AR_EC_VF_nzoth_yogg_cthun_3132867380370927_Mis_IV_DR,31988,72.38%,
Single,AR_SP_VF_nzoth_yogg_cthun_3132867313786861_Mis_AM_ME,31988,72.38%,
Single,VW_DH_VW_VF_nzoth_yogg_cthun_3132942684839917_Mis_AM_DR_DS,31987,72.37%,
Single,VW_DH_VW_VF_yshaarj_nzoth_yogg_3977498544889837_Mis_AM_ME,31987,72.37%,
Single,AR_SW_VF_yshaarj_nzoth_yogg_4014409350774765_IN_AM_ME_DS,31987,72.37%,
Single,AR_EC_VF_yshaarj_yogg_cthun_1971370784579565_IN_IV_ME,31986,72.37%,
Single,AR_EC_VF_yshaarj_nzoth_yogg_4013851005541871_IN_AM_ME,31986,72.37%,
Single,AR_EC_VF_yshaarj_nzoth_yogg_4014409350774765_IN_AM_ME_DS,31986,72.37%,
Single,AR_EC_VF_yshaarj_nzoth_yogg_4013310912888303_IN_IV_DR_DS,31986,72.37%,
Single,VW_DH_VW_VF_yshaarj_nzoth_yogg_4049523065544685_Mis_AM_ME_DS,31986,72.37%,
Single,AR_EC_VF_nzoth_yogg_cthun_3132875970305519_IN_AM_ME_DS,31986,72.36%,
Single,VW_DH_TV_VF_nzoth_yogg_cthun_3150244894007277_Mis_AM_ME,31986,72.36%,
Single,AR_SW_VF_yshaarj_nzoth_yogg_4013310913404399_IN_IV_DR_DS,31984,72.36%,
Single,VW_DH_TV_VF_yshaarj_nzoth_yogg_3977513576758767_Mis_IV_DR_DS,31984,72.36%,
Single,AR_SW_VF_yshaarj_nzoth_yogg_4013302322953711_IN_AM_ME,31984,72.35%,
Single,AR_SW_VF_yshaarj_nzoth_yogg_4013309906255343_IN_IV_ME_DS,31983,72.35%,
Single,AR_SW_VF_yshaarj_nzoth_yogg_4013584717053933_Mis_IV_DR_DS,31983,72.35%,
Single,AR_SP_VF_yshaarj_nzoth_yogg_4013851005017599_Mis_IV_DR,31982,72.35%,
Single,AR_EC_VF_yshaarj_nzoth_yogg_4013310979989485_Mis_AM_DR_DS,31982,72.35%,
Single,AR_SW_VF_nzoth_yogg_cthun_3132858790445037_Mis_AM_ME,31982,72.34%,
Single,AR_EC_VF_yshaarj_yogg_cthun_2043251357244911_IN_IV_ME,31982,72.34%,
Single,VW_DH_TV_VF_yshaarj_nzoth_yogg_4049522998444013_Mis_IV_ME_DS,31982,72.34%,
Single,AR_SW_VF_nzoth_yogg_cthun_3169159787437551_Mis_IV_ME_DS,31981,72.34%,
Single,AR_SW_VF_nzoth_yogg_cthun_3132858723859951_IN_AM_DR,31981,72.34%,
Single,AR_SW_VF_yshaarj_nzoth_yogg_4013309906255853_Mis_IV_DR_DS,31981,72.34%,
Single,AR_SW_VF_yshaarj_nzoth_yogg_4014409351290861_Mis_IV_ME_DS,31981,72.34%,
Single,AR_SP_VF_yshaarj_nzoth_yogg_4013584717053933_Mis_IV_DR_DS,31980,72.33%,
Single,AR_SP_VF_nzoth_yogg_cthun_3169151196978687_IN_AM_ME,31980,72.33%,
Single,VW_DH_TV_VF_nzoth_yogg_cthun_3132942617738735_Mis_IV_ME_DS,31980,72.33%,
Single,AR_SW_VF_yshaarj_yogg_cthun_1971370784579565_Mis_IV_DR,31979,72.33%,
Single,AR_SP_VF_yshaarj_yogg_cthun_1988688025616365_Mis_IV_DR,31978,72.32%,
Single,AR_SW_VF_yshaarj_nzoth_yogg_4013309906255853_IN_AM_DR_DS,31978,72.32%,
Single,AR_SP_VF_yshaarj_nzoth_yogg_4013310912888813_Mis_IV_DR_DS,31978,72.32%,
Single,AR_SP_VF_yshaarj_nzoth_yogg_4013851005541871_IN_AM_ME,31977,72.32%,
Single,VW_DH_TV_VF_yshaarj_nzoth_yogg_4049516555984367_Mis_AM_DR,31977,72.32%,
Single,AR_SW_VF_nzoth_yogg_cthun_3132867313786861_Mis_AM_DR,31976,72.31%,
Single,AR_EC_VF_nzoth_yogg_cthun_3132859797077487_Mis_IV_ME,31976,72.31%,
Single,AR_SP_VF_nzoth_yogg_cthun_3132858790436351_IN_AM_DR,31976,72.31%,
Single,AR_SW_VF_yshaarj_yogg_cthun_1988688092717037_Mis_AM_DR,31975,72.31%,
Single,AR_SW_VF_yshaarj_nzoth_yogg_4014409417874927_Mis_IV_DR_DS,31974,72.30%,
Single,VW_DH_VW_VF_nzoth_yogg_cthun_3150268515803117_Mis_AM_ME_DS,31974,72.30%,
Single,VW_DH_VW_VF_nzoth_yogg_cthun_3132808400003053_Mis_IV_DR_DS,31973,72.30%,
Single,VW_DH_TV_VF_nzoth_yogg_cthun_3132791287242223_Mis_IV_ME,31973,72.30%,
Single,AR_SW_VF_nzoth_yogg_cthun_3169151197502959_Mis_AM_ME,31973,72.30%,
Single,AR_EC_VF_yshaarj_nzoth_yogg_4013584717053423_IN_IV_DR_DS,31973,72.29%,
Single,VW_DH_VW_VF_nzoth_yogg_cthun_3132797663108591_Mis_IV_ME,31972,72.29%,
Single,AR_SP_VF_yshaarj_yogg_cthun_2043251290144749_IN_IV_ME,31972,72.29%,
Single,AR_SW_VF_yshaarj_nzoth_yogg_4013447278616557_Mis_AM_DR_DS,31972,72.29%,
Single,VW_DH_VW_VF_nzoth_yogg_cthun_3132791220142061_Mis_AM_ME,31971,72.29%,
Single,VW_DH_VW_VF_nzoth_yogg_cthun_3132927585353709_Mis_AM_ME,31971,72.29%,
Single,AR_SP_VF_yshaarj_nzoth_yogg_4013318429072895_IN_IV_ME_DS,31971,72.29%,
Single,AR_EC_VF_yshaarj_nzoth_yogg_4013309906255343_IN_IV_ME_DS,31971,72.28%,
Single,AR_EC_VF_yshaarj_nzoth_yogg_4013851005025775_IN_AM_ME,31971,72.28%,
Single,AR_EC_VF_nzoth_yogg_cthun_3132996162289135_Mis_AM_ME,31970,72.28%,
Single,AR_SP_VF_nzoth_yogg_cthun_3169151197502959_Mis_AM_DR,31970,72.28%,
Single,VW_DH_TV_VF_yshaarj_nzoth_yogg_3977635983319021_Mis_AM_DR,31970,72.28%,
Single,AR_SP_VF_yshaarj_nzoth_yogg_4014409350766079_IN_IV_DR_DS,31970,72.28%,
Single,AR_EC_VF_yshaarj_nzoth_yogg_4013302322954221_Mis_AM_ME,31969,72.28%,
Single,VW_DH_VW_VF_nzoth_yogg_cthun_3132797662592495_Mis_AM_DR,31969,72.28%,
Single,AR_SW_VF_nzoth_yogg_cthun_3169159786913279_IN_IV_ME_DS,31969,72.27%,
Single,VW_DH_TV_VF_nzoth_yogg_cthun_3132799810068461_Mis_AM_DR,31968,72.27%,
Single,VW_DH_VW_VF_nzoth_yogg_cthun_3132942617739245_Mis_AM_DR_DS,31968,72.27%,
Single,VW_DH_TV_VF_nzoth_yogg_cthun_3150259926392813_Mis_AM_DR_DS,31968,72.27%,
Single,AR_SP_VF_yshaarj_nzoth_yogg_3977567121300991_IN_AM_DR,31967,72.26%,
Single,AR_SP_VF_yshaarj_nzoth_yogg_4013438688157183_Mis_AM_DR,31967,72.26%,
Single,AR_EC_VF_yshaarj_nzoth_yogg_4013302390054383_Mis_AM_ME,31967,72.26%,
Single,AR_EC_VF_yshaarj_nzoth_yogg_4014409417874927_Mis_IV_DR_DS,31967,72.26%,
Single,AR_SP_VF_yshaarj_nzoth_yogg_4013302323469807_IN_AM_ME,31966,72.26%,
Single,AR_EC_VF_yshaarj_nzoth_yogg_4013310174682607_IN_AM_ME_DS,31965,72.25%,
Single,AR_SW_VF_nzoth_yogg_cthun_3169159787437551_IN_AM_ME_DS,31965,72.25%,
Single,AR_SP_VF_yshaarj_nzoth_yogg_4013302323470317_Mis_AM_ME,31965,72.25%,
Single,AR_SW_VF_yshaarj_yogg_cthun_1988688092717037_IN_IV_ME,31964,72.25%,
Single,AR_SW_VF_yshaarj_nzoth_yogg_4013318429597167_Mis_IV_DR_DS,31964,72.25%,
Single,VW_DH_VW_VF_nzoth_yogg_cthun_3150243820264943_Mis_AM_ME,31964,72.25%,
Single,AR_SW_VF_yshaarj_nzoth_yogg_4013302390054383_Mis_AM_ME,31963,72.24%,
Single,VW_DH_VW_VF_nzoth_yogg_cthun_3132797663108591_Mis_IV_DR,31963,72.24%,
Single,VW_DH_TV_VF_nzoth_yogg_cthun_3132797663108591_Mis_IV_ME,31962,72.24%,
Single,AR_SW_VF_yshaarj_nzoth_yogg_4013447278616557_IN_AM_ME_DS,31962,72.24%,
Single,AR_SW_VF_nzoth_yogg_cthun_3132859797077997_Mis_AM_ME,31962,72.24%,
Single,VW_DH_TV_VF_yshaarj_nzoth_yogg_3977499618106863_Mis_IV_DR,31961,72.23%,
Single,AR_SW_VF_yshaarj_yogg_cthun_1988688092716527_Mis_IV_DR,31961,72.23%,
Single,VW_DH_TV_VF_yshaarj_nzoth_yogg_3977497471147503_Mis_IV_ME,31961,72.23%,
Single,AR_EC_VF_yshaarj_nzoth_yogg_4014400761355759_Mis_AM_ME,31961,72.23%,
Single,AR_SP_VF_yshaarj_nzoth_yogg_4013851005017599_IN_AM_DR,31961,72.23%,
Single,AR_SW_VF_nzoth_yogg_cthun_3132875903721453_Mis_IV_DR_DS,31961,72.23%,
Single,AR_SP_VF_yshaarj_nzoth_yogg_4013447278616557_Mis_AM_DR_DS,31960,72.22%,
Single,AR_EC_VF_yshaarj_nzoth_yogg_4013309839671277_IN_IV_ME_DS,31960,72.22%,
Single,AR_SP_VF_yshaarj_nzoth_yogg_4013584717053423_IN_IV_DR_DS,31960,72.22%,
Single,AR_SP_VF_yshaarj_nzoth_yogg_4014409350774765_IN_AM_DR_DS,31960,72.22%,
Single,AR_SP_VF_yshaarj_nzoth_yogg_4014409350774765_Mis_IV_DR_DS,31959,72.22%,
Single,VW_DH_TV_VF_yshaarj_nzoth_yogg_3977634909576687_Mis_AM_ME,31959,72.22%,
Single,AR_SW_VF_yshaarj_nzoth_yogg_3977567121825773_Mis_IV_ME,31959,72.22%,
Single,AR_SP_VF_nzoth_yogg_cthun_3169159786921455_Mis_IV_DR_DS,31959,72.22%,
Single,AR_SP_VF_nzoth_yogg_cthun_3150313470426607_Mis_AM_ME,31958,72.21%,
Single,AR_SP_VF_yshaarj_nzoth_yogg_4013310979988975_IN_IV_ME_DS,31957,72.21%,
Single,AR_SW_VF_yshaarj_nzoth_yogg_4013576127634927_Mis_AM_DR,31957,72.21%,
Single,VW_DH_VW_VF_nzoth_yogg_cthun_3132942684839917_Mis_AM_ME_DS,31956,72.20%,
Single,AR_SP_VF_yshaarj_yogg_cthun_1971233614061549_IN_IV_DR,31956,72.20%,
Single,AR_SW_VF_yshaarj_nzoth_yogg_4013309906771439_IN_IV_ME_DS,31956,72.20%,
Single,AR_SW_VF_yshaarj_nzoth_yogg_3977567121825263_IN_AM_ME,31955,72.20%,
Single,AR_SP_VF_yshaarj_yogg_cthun_2043251290660845_Mis_IV_DR,31954,72.20%,
Single,AR_EC_VF_nzoth_yogg_cthun_3132859058871791_Mis_AM_ME,31954,72.19%,
Single,VW_DH_VW_VF_yshaarj_nzoth_yogg_3977513643859439_Mis_AM_ME_DS,31953,72.19%,
Single,AR_SW_VF_yshaarj_yogg_cthun_2043251357244911_IN_IV_ME,31953,72.19%,
Single,AR_SP_VF_nzoth_yogg_cthun_3132867313270255_IN_AM_ME,31953,72.19%,
Single,AR_EC_VF_nzoth_yogg_cthun_3169159787437551_IN_AM_DR_DS,31952,72.18%,
Single,VW_DH_VW_VF_yshaarj_nzoth_yogg_4049522998444013_Mis_AM_ME_DS,31952,72.18%,
Single,VW_DH_TV_VF_yshaarj_nzoth_yogg_3977497470631407_Mis_AM_DR,31952,72.18%,
Single,VW_DH_VW_VF_nzoth_yogg_cthun_3132791287242733_Mis_AM_ME,31951,72.18%,
Single,AR_SP_VF_yshaarj_nzoth_yogg_4014400761355759_Mis_AM_DR,31951,72.17%,
Single,AR_EC_VF_yshaarj_nzoth_yogg_4013584717569519_IN_IV_DR_DS,31950,72.17%,
Single,VW_DH_VW_VF_yshaarj_nzoth_yogg_3977513577275373_Mis_AM_ME_DS,31950,72.17%,
Single,VW_DH_TV_VF_nzoth_yogg_cthun_3135012791967215_Mis_IV_ME_DS,31950,72.17%,
Single,AR_EC_VF_yshaarj_nzoth_yogg_4013302322945535_IN_AM_ME,31949,72.17%,
Single,AR_SP_VF_yshaarj_nzoth_yogg_4014409351290861_IN_AM_ME_DS,31949,72.17%,
Single,AR_SP_VF_yshaarj_nzoth_yogg_4013447278616047_IN_AM_DR_DS,31949,72.17%,
Single,AR_SP_VF_yshaarj_nzoth_yogg_4013301316320751_Mis_AM_DR,31948,72.16%,
Single,AR_EC_VF_yshaarj_yogg_cthun_2043251357244911_IN_AM_DR,31948,72.16%,
Single,AR_SP_VF_nzoth_yogg_cthun_3132859797077997_Mis_AM_DR,31948,72.16%,
Single,AR_SP_VF_yshaarj_nzoth_yogg_4013576127634927_IN_AM_ME,31947,72.16%,
Single,AR_EC_VF_nzoth_yogg_cthun_3169159787437551_Mis_IV_ME_DS,31947,72.16%,
Single,AR_EC_VF_nzoth_yogg_cthun_3132859797077997_Mis_AM_DR,31947,72.15%,
Single,AR_SW_VF_nzoth_yogg_cthun_3169159786921965_Mis_AM_ME_DS,31946,72.15%,
Single,AR_SW_VF_yshaarj_yogg_cthun_1971370717994989_IN_IV_DR,31946,72.15%,
Single,AR_SP_VF_yshaarj_nzoth_yogg_4014400760840173_Mis_AM_ME,31946,72.15%,
Single,AR_SW_VF_yshaarj_nzoth_yogg_4013301316320751_Mis_AM_DR,31946,72.15%,
Single,AR_EC_VF_yshaarj_nzoth_yogg_4013438688157183_Mis_AM_ME,31946,72.15%,
Single,AR_SW_VF_nzoth_yogg_cthun_3132858790436351_Mis_IV_DR,31945,72.15%,
Single,AR_EC_VF_yshaarj_nzoth_yogg_4014409350766079_IN_IV_DR_DS,31945,72.14%,
Single,VW_DH_TV_VF_nzoth_yogg_cthun_3132791287242733_Mis_AM_ME,31945,72.14%,
Single,VW_DH_VW_VF_nzoth_yogg_cthun_3150259925868031_Mis_IV_ME_DS,31944,72.14%,
Single,AR_EC_VF_yshaarj_yogg_cthun_1973432302297069_IN_IV_DR,31943,72.14%,
Single,AR_SP_VF_yshaarj_nzoth_yogg_4013576127110655_IN_AM_DR,31943,72.13%,
Single,AR_SP_VF_yshaarj_yogg_cthun_1971370784579565_IN_AM_DR,31943,72.13%,
Single,VW_DH_TV_VF_nzoth_yogg_cthun_3132798736334319_Mis_IV_ME,31943,72.13%,
Single,VW_DH_VW_VF_nzoth_yogg_cthun_3150259926392303_Mis_IV_ME_DS,31943,72.13%,
Single,VW_DH_VW_VF_nzoth_yogg_cthun_3132951207665645_Mis_AM_DR_DS,31943,72.13%,
Single,VW_DH_VW_VF_nzoth_yogg_cthun_3150253483417071_Mis_AM_ME,31942,72.13%,
Single,VW_DH_VW_VF_yshaarj_nzoth_yogg_3977498544889837_Mis_AM_DR,31942,72.13%,
Single,AR_SW_VF_yshaarj_nzoth_yogg_4013301249736175_IN_AM_ME,31942,72.13%,
Single,AR_SW_VF_yshaarj_yogg_cthun_1973432301780973_IN_IV_DR,31941,72.13%,
Single,AR_SP_VF_nzoth_yogg_cthun_3169159787438061_Mis_AM_ME_DS,31941,72.13%,
Single,AR_SW_VF_yshaarj_nzoth_yogg_4013851072126447_Mis_AM_ME,31941,72.12%,
Single,VW_DH_TV_VF_nzoth_yogg_cthun_3132791220142061_Mis_AM_ME,31941,72.12%,
Single,VW_DH_TV_VF_nzoth_yogg_cthun_3150268515803117_Mis_AM_ME_DS,31941,72.12%,
Single,AR_SP_VF_yshaarj_nzoth_yogg_4013302322953711_IN_AM_ME,31941,72.12%,
Single,VW_DH_TV_VF_nzoth_yogg_cthun_3132951207665135_Mis_IV_ME_DS,31940,72.12%,
Single,AR_SW_VF_yshaarj_nzoth_yogg_4013851005541871_IN_AM_ME,31940,72.12%,
Single,AR_EC_VF_yshaarj_nzoth_yogg_4014400760839663_Mis_AM_DR,31940,72.12%,
Single,AR_EC_VF_yshaarj_nzoth_yogg_4013310979989485_IN_AM_ME_DS,31939,72.11%,
Single,AR_SW_VF_yshaarj_nzoth_yogg_4013302322953711_Mis_AM_DR,31939,72.11%,
Single,AR_SW_VF_yshaarj_nzoth_yogg_4013438688165359_Mis_AM_ME,31939,72.11%,
Single,AR_SW_VF_yshaarj_yogg_cthun_2043251290660845_Mis_IV_ME,31938,72.11%,
Single,AR_SW_VF_yshaarj_nzoth_yogg_4013851005542381_Mis_AM_ME,31938,72.11%,
Single,AR_SW_VF_yshaarj_nzoth_yogg_4014409351290861_Mis_IV_DR_DS,31938,72.11%,
Single,VW_DH_VW_VF_nzoth_yogg_cthun_3132799810067951_Mis_IV_ME,31938,72.11%,
Single,AR_SW_VF_yshaarj_yogg_cthun_1971370784579565_IN_IV_ME,31938,72.11%,
Single,AR_SP_VF_yshaarj_nzoth_yogg_4013447278099951_Mis_IV_DR_DS,31938,72.10%,
Single,AR_EC_VF_nzoth_yogg_cthun_3132859797593583_Mis_IV_DR,31937,72.10%,
Single,VW_DH_VW_VF_nzoth_yogg_cthun_3132942684839407_Mis_IV_DR_DS,31937,72.10%,
Single,AR_EC_VF_nzoth_yogg_cthun_3169159786921965_Mis_AM_ME_DS,31936,72.10%,
Single,AR_SW_VF_nzoth_yogg_cthun_3169151196978687_IN_AM_ME,31936,72.10%,
Single,VW_DH_TV_VF_nzoth_yogg_cthun_3150262073352173_Mis_AM_DR_DS,31936,72.10%,
Single,AR_EC_VF_nzoth_yogg_cthun_3169151197502959_Mis_AM_ME,31936,72.10%,
Single,AR_SW_VF_yshaarj_nzoth_yogg_4013310912888303_IN_IV_DR_DS,31936,72.10%,
Single,VW_DH_TV_VF_nzoth_yogg_cthun_3150260999609839_Mis_AM_ME_DS,31936,72.09%,
Single,AR_SP_VF_yshaarj_yogg_cthun_1988688025616365_IN_IV_DR,31936,72.09%,
Single,AR_SW_VF_yshaarj_nzoth_yogg_4014400761355759_Mis_AM_ME,31936,72.09%,
Single,AR_SW_VF_yshaarj_nzoth_yogg_4013447278100461_Mis_AM_DR_DS,31935,72.09%,
Single,AR_EC_VF_nzoth_yogg_cthun_3132996162805231_Mis_AM_DR,31935,72.09%,
Single,VW_DH_TV_VF_yshaarj_nzoth_cthun_3696297371819503_Mis_AM_ME,31934,72.09%,
Single,AR_EC_VF_yshaarj_yogg_cthun_1971370717478893_IN_IV_DR,31934,72.09%,
Single,VW_DH_VW_VF_nzoth_yogg_cthun_3150244894007277_Mis_AM_ME,31934,72.09%,
Single,AR_EC_VF_nzoth_yogg_cthun_3132859864178159_Mis_AM_DR,31934,72.09%,
Single,AR_SW_VF_yshaarj_nzoth_yogg_4013851005541871_Mis_AM_DR,31934,72.08%,
Single,VW_DH_TV_VF_yshaarj_nzoth_yogg_3977499618106863_Mis_IV_ME,31933,72.08%,
Single,VW_DH_VW_VF_yshaarj_nzoth_yogg_3977498611473903_Mis_AM_ME,31933,72.08%,
Single,VW_DH_TV_VF_nzoth_yogg_cthun_3132927585869805_Mis_AM_DR,31932,72.08%,
Single,VW_DH_TV_VF_nzoth_yogg_cthun_3132813835821037_Mis_IV_ME_DS,31932,72.08%,
Single,AR_SP_VF_yshaarj_nzoth_yogg_4014409417874927_IN_AM_ME_DS,31932,72.07%,
Single,VW_DH_TV_VF_nzoth_yogg_cthun_3133347418398191_Mis_IV_ME,31931,72.07%,
Single,AR_SP_VF_yshaarj_nzoth_yogg_4013576127118831_IN_AM_ME,31931,72.07%,
Single,VW_DH_TV_VF_nzoth_yogg_cthun_3150253483417071_Mis_AM_ME,31930,72.06%,
Single,VW_DH_VW_VF_nzoth_yogg_cthun_3132927585345023_Mis_IV_ME,31930,72.06%,
Single,AR_EC_VF_nzoth_yogg_cthun_3132867313786861_Mis_AM_DR,31929,72.06%,
Single,AR_EC_VF_yshaarj_nzoth_yogg_4013302323469807_Mis_AM_DR,31929,72.06%,
Single,VW_DH_VW_VF_nzoth_yogg_cthun_3132928659086831_Mis_AM_DR,31929,72.06%,
Single,AR_SW_VF_yshaarj_yogg_cthun_1971370717478893_IN_IV_DR,31929,72.06%,
Single,AR_SP_VF_yshaarj_nzoth_yogg_4013576127110655_Mis_IV_ME,31927,72.05%,
Single,AR_SP_VF_nzoth_yogg_cthun_3132858723859951_IN_AM_ME,31927,72.05%,
Single,AR_SW_VF_yshaarj_yogg_cthun_1988688025616365_IN_IV_DR,31927,72.05%,
Single,AR_SP_VF_yshaarj_nzoth_yogg_4013301249211903_Mis_IV_DR,31927,72.05%,
Single,AR_SP_VF_yshaarj_nzoth_yogg_3977567121309677_Mis_IV_ME,31927,72.05%,
Single,AR_SP_VF_yshaarj_nzoth_yogg_4014409350774765_Mis_IV_ME_DS,31927,72.05%,
Single,AR_SW_VF_yshaarj_nzoth_yogg_4013310174683117_Mis_AM_ME_DS,31927,72.05%,
Single,VW_DH_VW_VF_nzoth_yogg_cthun_3150244960591343_Mis_AM_ME,31926,72.04%,
Single,VW_DH_VW_VF_yshaarj_nzoth_yogg_4049523065544175_Mis_AM_DR_DS,31925,72.04%,
Single,VW_DH_TV_VF_nzoth_yogg_cthun_3135004269141487_Mis_IV_DR_DS,31925,72.04%,
Single,AR_EC_VF_yshaarj_nzoth_yogg_3977567121300991_IN_AM_DR,31924,72.03%,
Single,AR_SP_VF_yshaarj_nzoth_yogg_4013851005542381_Mis_AM_ME,31923,72.03%,
Single,AR_SW_VF_yshaarj_yogg_cthun_1988688026132461_IN_IV_DR,31923,72.03%,
Single,AR_SP_VF_yshaarj_nzoth_yogg_4013318496181743_IN_AM_ME_DS,31923,72.03%,
Single,AR_SP_VF_nzoth_yogg_cthun_3132875903205357_IN_AM_DR_DS,31923,72.03%,
Single,VW_DH_TV_VF_nzoth_yogg_cthun_3132814842453487_Mis_IV_DR_DS,31923,72.03%,
Single,VW_DH_TV_VF_yshaarj_nzoth_cthun_3696298445561327_Mis_IV_ME,31923,72.03%,
Single,AR_SW_VF_yshaarj_yogg_cthun_1971370784579565_IN_AM_DR,31923,72.03%,
Single,AR_SP_VF_yshaarj_nzoth_yogg_4013584717570029_Mis_IV_DR_DS,31922,72.02%,
Single,VW_DH_TV_VF_yshaarj_nzoth_yogg_3977497470631917_Mis_AM_ME,31922,72.02%,
Single,AR_SW_VF_nzoth_yogg_cthun_3132867313786861_Mis_AM_ME,31921,72.02%,
Single,AR_SP_VF_yshaarj_nzoth_yogg_4013301316836847_Mis_AM_ME,31921,72.02%,
Single,AR_SW_VF_yshaarj_nzoth_yogg_4013584784154095_Mis_IV_DR_DS,31920,72.01%,
Single,VW_DH_TV_VF_yshaarj_nzoth_yogg_4049525145919469_Mis_IV_DR_DS,31920,72.01%,
Single,AR_SP_VF_yshaarj_nzoth_yogg_4013302323469807_Mis_AM_DR,31920,72.01%,
Single,VW_DH_TV_VF_nzoth_yogg_cthun_3132927585869295_Mis_IV_ME,31919,72.01%,
Single,AR_EC_VF_yshaarj_nzoth_yogg_4013584717570029_Mis_IV_ME_DS,31919,72.01%,
Single,AR_SP_VF_yshaarj_nzoth_yogg_4013302322945535_Mis_IV_ME,31919,72.00%,
Single,AR_EC_VF_yshaarj_yogg_cthun_2043251357245421_IN_AM_ME,31918,72.00%,
Single,VW_DH_TV_VF_yshaarj_nzoth_yogg_3977635983319021_Mis_AM_ME,31918,72.00%,
Single,AR_SP_VF_yshaarj_nzoth_yogg_4013318429597167_Mis_IV_DR_DS,31918,72.00%,
Single,AR_SP_VF_yshaarj_nzoth_yogg_3977567188410349_Mis_AM_DR,31916,71.99%,
Single,AR_SW_VF_yshaarj_nzoth_yogg_4013318429081581_IN_AM_ME_DS,31915,71.98%,
Single,AR_SP_VF_yshaarj_yogg_cthun_2043251290660845_IN_IV_ME,31915,71.98%,
Single,VW_DH_VW_VF_nzoth_yogg_cthun_3132927585869295_Mis_IV_ME,31915,71.98%,
Single,VW_DH_VW_VF_nzoth_yogg_cthun_3132951207665135_Mis_IV_ME_DS,31914,71.98%,
Single,VW_DH_TV_VF_nzoth_yogg_cthun_3150259925868031_Mis_IV_ME_DS,31914,71.98%,
Single,AR_EC_VF_yshaarj_nzoth_yogg_4013302322953711_Mis_AM_DR,31914,71.98%,
Single,VW_DH_TV_VF_nzoth_yogg_cthun_3133363524526061_Mis_IV_DR_DS,31914,71.98%,
Single,AR_SP_VF_yshaarj_yogg_cthun_2043251290144239_IN_IV_DR,31914,71.98%,
Single,AR_EC_VF_nzoth_yogg_cthun_3132858790444527_Mis_IV_DR,31914,71.98%,
Single,VW_DH_VW_VF_nzoth_yogg_cthun_3132798736334319_Mis_IV_ME,31913,71.97%,
Single,AR_EC_VF_yshaarj_yogg_cthun_1973432368881645_Mis_IV_DR,31913,71.97%,
Single,VW_DH_TV_VF_nzoth_yogg_cthun_3132942684839407_Mis_IV_ME_DS,31912,71.97%,
Single,AR_SP_VF_nzoth_yogg_cthun_3169159786913279_IN_IV_ME_DS,31912,71.97%,
Single,AR_SP_VF_yshaarj_yogg_cthun_1988688026132461_Mis_IV_DR,31912,71.97%,
Single,AR_SW_VF_yshaarj_nzoth_yogg_4013584717570029_Mis_IV_ME_DS,31911,71.96%,
Single,AR_EC_VF_yshaarj_nzoth_yogg_4014409350774765_Mis_IV_ME_DS,31911,71.96%,
Single,VW_DH_TV_VF_yshaarj_nzoth_yogg_4049516555984367_Mis_AM_ME,31911,71.96%,
Single,VW_DH_TV_VF_yshaarj_nzoth_yogg_3977497537732589_Mis_AM_ME,31911,71.96%,
Single,AR_SW_VF_yshaarj_nzoth_yogg_4013576127110655_Mis_IV_DR,31911,71.96%,
Single,AR_SP_VF_nzoth_yogg_cthun_3132859058871791_Mis_AM_DR,31910,71.96%,
Single,VW_DH_TV_VF_nzoth_yogg_cthun_3132797662592495_Mis_AM_DR,31910,71.96%,
Single,AR_EC_VF_nzoth_yogg_cthun_3132858790436351_Mis_IV_ME,31910,71.96%,
Single,VW_DH_TV_VF_nzoth_yogg_cthun_3135004269141487_Mis_IV_ME_DS,31910,71.95%,
Single,VW_DH_TV_VF_nzoth_yogg_cthun_3205372946210287_Mis_AM_DR_DS,31910,71.95%,
Single,AR_SW_VF_yshaarj_nzoth_yogg_4013310174682607_IN_AM_ME_DS,31910,71.95%,
Single,AR_SW_VF_yshaarj_nzoth_yogg_4013318496182253_Mis_AM_ME_DS,31909,71.95%,
Single,VW_DH_TV_VF_nzoth_yogg_cthun_3150268515802607_Mis_AM_DR_DS,31909,71.95%,
Single,VW_DH_VW_VF_nzoth_yogg_cthun_3132806253043693_Mis_IV_DR_DS,31908,71.94%,
Single,AR_SW_VF_yshaarj_nzoth_yogg_4013309906771949_Mis_IV_ME_DS,31907,71.94%,
Single,VW_DH_TV_VF_yshaarj_nzoth_yogg_4049522998443503_Mis_IV_DR_DS,31906,71.94%,
Single,AR_SW_VF_yshaarj_nzoth_yogg_4013851005017599_Mis_IV_DR,31906,71.94%,
Single,AR_EC_VF_yshaarj_nzoth_yogg_4013302322945535_Mis_IV_ME,31905,71.93%,
Single,VW_DH_VW_VF_yshaarj_nzoth_yogg_4049525145919469_Mis_AM_ME_DS,31905,71.93%,
Single,AR_EC_VF_yshaarj_yogg_cthun_1988688025616365_Mis_IV_DR,31904,71.93%,
Single,AR_SW_VF_yshaarj_nzoth_yogg_4013301316312575_IN_AM_ME,31904,71.92%,
Single,VW_DH_TV_VF_nzoth_yogg_cthun_3132798736334829_Mis_AM_DR,31904,71.92%,
Single,AR_EC_VF_yshaarj_nzoth_yogg_4014409417874927_Mis_IV_ME_DS,31903,71.92%,
Single,VW_DH_VW_VF_yshaarj_nzoth_yogg_4049660437388783_Mis_AM_ME_DS,31902,71.92%,
Single,AR_EC_VF_yshaarj_nzoth_yogg_4013318429072895_IN_IV_ME_DS,31902,71.92%,
Single,AR_EC_VF_yshaarj_nzoth_yogg_4013576127634927_Mis_AM_DR,31902,71.92%,
Single,AR_SP_VF_nzoth_yogg_cthun_3150313470418431_Mis_AM_ME,31902,71.91%,
Single,AR_EC_VF_nzoth_yogg_cthun_3132867313786861_Mis_AM_ME,31902,71.91%,
Single,AR_SW_VF_yshaarj_nzoth_yogg_4014409350774765_Mis_IV_ME_DS,31901,71.91%,
Single,AR_EC_VF_yshaarj_nzoth_yogg_4014409417875437_Mis_AM_DR_DS,31901,71.91%,
Single,VW_DH_VW_VF_nzoth_yogg_cthun_3132807393370093_Mis_IV_ME_DS,31900,71.90%,
Single,AR_SP_VF_yshaarj_nzoth_yogg_4013851072126447_Mis_AM_ME,31900,71.90%,
Single,AR_SP_VF_yshaarj_nzoth_yogg_4013576194219503_Mis_AM_ME,31900,71.90%,
Single,AR_EC_VF_yshaarj_yogg_cthun_2043251290144749_IN_AM_DR,31899,71.90%,
Single,AR_SW_VF_yshaarj_nzoth_yogg_4013851005017599_Mis_IV_ME,31899,71.90%,
Single,AR_EC_VF_yshaarj_nzoth_yogg_4013584784154095_Mis_IV_DR_DS,31899,71.90%,
Single,AR_SW_VF_yshaarj_nzoth_yogg_4013318429081071_IN_AM_DR_DS,31899,71.89%,
Single,AR_SP_VF_nzoth_yogg_cthun_3132858790444527_Mis_IV_DR,31898,71.89%,
Single,VW_DH_TV_VF_nzoth_yogg_cthun_3132798803434991_Mis_IV_DR,31898,71.89%,
Single,AR_SP_VF_yshaarj_nzoth_yogg_4013309906247167_IN_IV_DR_DS,31898,71.89%,
Single,AR_EC_VF_yshaarj_nzoth_yogg_4013309839670767_IN_IV_DR_DS,31897,71.89%,
Single,AR_EC_VF_yshaarj_nzoth_yogg_4013318429081071_Mis_IV_DR_DS,31897,71.88%,
Single,AR_SP_VF_yshaarj_nzoth_yogg_4014409351290861_Mis_IV_DR_DS,31897,71.88%,
Single,AR_EC_VF_yshaarj_nzoth_yogg_4013851005017599_IN_AM_ME,31896,71.88%,
Single,AR_SW_VF_yshaarj_nzoth_yogg_4013310913404909_IN_IV_ME_DS,31896,71.88%,
Single,VW_DH_VW_VF_nzoth_yogg_cthun_3132797729693167_Mis_AM_DR,31896,71.88%,
Single,AR_SP_VF_yshaarj_nzoth_yogg_4013584717569519_IN_IV_DR_DS,31896,71.88%,
Single,AR_SP_VF_yshaarj_yogg_cthun_1988688092717037_Mis_AM_DR,31896,71.88%,
Single,AR_SW_VF_yshaarj_yogg_cthun_1971370784579565_Mis_IV_ME,31895,71.87%,
Single,AR_SW_VF_yshaarj_nzoth_yogg_4013302322945535_Mis_IV_ME,31894,71.87%,
Single,AR_SP_VF_nzoth_yogg_cthun_3132996162280959_Mis_IV_ME,31894,71.87%,
Single,AR_SW_VF_yshaarj_nzoth_yogg_4013309906771949_IN_AM_ME_DS,31894,71.87%,
Single,AR_EC_VF_nzoth_yogg_cthun_3132875903721453_Mis_IV_DR_DS,31894,71.87%,
Single,AR_SP_VF_nzoth_yogg_cthun_3132875970305519_IN_AM_DR_DS,31894,71.87%,
Single,AR_EC_VF_yshaarj_nzoth_yogg_4013584717053933_Mis_IV_ME_DS,31893,71.87%,
Single,AR_SP_VF_nzoth_yogg_cthun_3169151196986863_Mis_AM_DR,31893,71.86%,
Single,VW_DH_TV_VF_nzoth_yogg_cthun_3132927585353709_Mis_AM_ME,31893,71.86%,
Single,AR_EC_VF_nzoth_yogg_cthun_3132867313270255_Mis_IV_ME,31892,71.86%,
Single,AR_SW_VF_yshaarj_nzoth_yogg_4013584717570029_IN_AM_ME_DS,31892,71.86%,
Single,VW_DH_TV_VF_nzoth_yogg_cthun_3132798803434991_Mis_IV_ME,31892,71.86%,
Single,AR_SP_VF_yshaarj_nzoth_yogg_4014409350766079_IN_IV_ME_DS,31891,71.86%,
Single,AR_SP_VF_nzoth_yogg_cthun_3169159787437551_Mis_IV_ME_DS,31891,71.86%,
Single,VW_DH_TV_VF_nzoth_yogg_cthun_3133347418398701_Mis_AM_ME,31891,71.85%,
Single,AR_SP_VF_yshaarj_nzoth_yogg_4013301249727999_Mis_IV_DR,31890,71.85%,
Single,AR_EC_VF_nzoth_yogg_cthun_3132875903721453_Mis_IV_ME_DS,31890,71.85%,
Single,VW_DH_VW_VF_nzoth_yogg_cthun_3150259926392813_Mis_AM_DR_DS,31889,71.84%,
Single,AR_EC_VF_nzoth_yogg_cthun_3132996162805231_Mis_AM_ME,31889,71.84%,
Single,AR_EC_VF_nzoth_yogg_cthun_3132867313262079_IN_AM_DR,31889,71.84%,
Single,AR_SP_VF_yshaarj_nzoth_yogg_4013301249736175_IN_AM_DR,31889,71.84%,
Single,AR_SP_VF_nzoth_yogg_cthun_3132859797593583_Mis_IV_ME,31888,71.84%,
Single,VW_DH_VW_VF_nzoth_yogg_cthun_3150259992976879_Mis_AM_DR_DS,31888,71.84%,
Single,AR_SP_VF_yshaarj_nzoth_yogg_4013309906771949_Mis_IV_ME_DS,31888,71.84%,
Single,AR_EC_VF_yshaarj_nzoth_yogg_4013309906255853_Mis_IV_ME_DS,31887,71.83%,
Single,AR_SP_VF_nzoth_yogg_cthun_3132875903205357_IN_AM_ME_DS,31887,71.83%,
Single,AR_SP_VF_nzoth_yogg_cthun_3132859058871791_Mis_AM_ME,31887,71.83%,
Single,AR_SP_VF_yshaarj_yogg_cthun_2043251290144749_Mis_IV_DR,31887,71.83%,
Single,VW_DH_VW_VF_nzoth_yogg_cthun_3132807326269421_Mis_IV_DR_DS,31887,71.83%,
Single,AR_SW_VF_nzoth_yogg_cthun_3132867313786351_Mis_IV_ME,31886,71.83%,
Single,AR_EC_VF_yshaarj_nzoth_yogg_3977567188410349_Mis_AM_ME,31886,71.83%,
Single,VW_DH_VW_VF_nzoth_yogg_cthun_3205372946210287_Mis_AM_DR_DS,31885,71.82%,
Single,AR_SW_VF_nzoth_yogg_cthun_3169159786921455_Mis_IV_DR_DS,31885,71.82%,
Single,AR_SP_VF_yshaarj_yogg_cthun_1971370717994989_IN_IV_DR,31885,71.82%,
Single,AR_EC_VF_yshaarj_yogg_cthun_2043251357244911_Mis_IV_DR,31885,71.82%,
Single,VW_DH_VW_VF_nzoth_yogg_cthun_3132797663109101_Mis_AM_ME,31885,71.82%,
Single,VW_DH_VW_VF_yshaarj_nzoth_yogg_3977788454657519_Mis_AM_ME_DS,31884,71.82%,
Single,AR_SP_VF_nzoth_yogg_cthun_3132867313270255_IN_AM_DR,31884,71.81%,
Single,AR_EC_VF_yshaarj_nzoth_yogg_4013309906771439_Mis_IV_DR_DS,31883,71.81%,
Single,VW_DH_TV_VF_nzoth_yogg_cthun_3150259925876207_Mis_AM_DR_DS,31883,71.81%,
Single,AR_SP_VF_yshaarj_nzoth_yogg_4013851005026285_Mis_AM_DR,31883,71.81%,
Single,AR_EC_VF_yshaarj_nzoth_yogg_4013301316320751_Mis_AM_ME,31883,71.81%,
Single,VW_DH_VW_VF_yshaarj_nzoth_yogg_4049797876342255_Mis_AM_DR_DS,31882,71.81%,
Single,AR_SP_VF_yshaarj_nzoth_yogg_4014409351290861_Mis_IV_ME_DS,31882,71.80%,
Single,AR_EC_VF_yshaarj_nzoth_yogg_4013310912888813_IN_AM_DR_DS,31881,71.80%,
Single,AR_SP_VF_yshaarj_nzoth_yogg_4013584717569519_IN_IV_ME_DS,31881,71.80%,
Single,AR_SP_VF_yshaarj_nzoth_yogg_4013310979988975_Mis_IV_DR_DS,31881,71.80%,
Single,AR_SW_VF_yshaarj_nzoth_yogg_3977567188410349_Mis_AM_DR,31880,71.79%,
Single,VW_DH_VW_VF_nzoth_yogg_cthun_3132815916195821_Mis_IV_ME_DS,31879,71.79%,
Single,VW_DH_TV_VF_nzoth_yogg_cthun_3132928659086831_Mis_AM_DR,31879,71.79%,
Single,AR_SW_VF_yshaarj_nzoth_yogg_4014400760831487_Mis_IV_ME,31878,71.78%,
Single,AR_SW_VF_yshaarj_nzoth_yogg_4013302322954221_Mis_AM_ME,31876,71.78%,
Single,AR_EC_VF_yshaarj_nzoth_yogg_4013301249736685_Mis_AM_ME,31876,71.77%,
Single,VW_DH_TV_VF_yshaarj_nzoth_yogg_4049522998960109_Mis_IV_DR_DS,31876,71.77%,
Single,AR_SP_VF_yshaarj_nzoth_yogg_4014409417874927_Mis_IV_DR_DS,31876,71.77%,
Single,VW_DH_VW_VF_yshaarj_nzoth_yogg_3977515724234223_Mis_AM_DR_DS,31876,71.77%,
Single,AR_EC_VF_yshaarj_nzoth_yogg_3977567121300991_IN_AM_ME,31875,71.77%,
Single,VW_DH_VW_VF_nzoth_yogg_cthun_3132798803434991_Mis_IV_ME,31875,71.77%,
Single,AR_SW_VF_yshaarj_nzoth_yogg_4013302322945535_IN_AM_ME,31875,71.77%,
Single,AR_SW_VF_yshaarj_nzoth_yogg_3977567121309677_Mis_IV_ME,31875,71.76%,
Single,AR_EC_VF_yshaarj_nzoth_yogg_4013447345200623_Mis_AM_ME_DS,31874,71.76%,
Single,VW_DH_TV_VF_nzoth_yogg_cthun_3132798803435501_Mis_AM_DR,31874,71.76%,
Single,AR_SW_VF_yshaarj_yogg_cthun_1988688025616365_Mis_IV_DR,31873,71.75%,
Single,AR_SP_VF_yshaarj_nzoth_yogg_4013447278616557_IN_AM_ME_DS,31872,71.75%,
Single,AR_EC_VF_yshaarj_nzoth_yogg_4013310913404909_Mis_IV_ME_DS,31871,71.75%,
Single,VW_DH_TV_VF_nzoth_yogg_cthun_3132927585869295_Mis_IV_DR,31871,71.74%,
Single,AR_EC_VF_nzoth_yogg_cthun_3132859797077487_Mis_IV_DR,31871,71.74%,
Single,AR_EC_VF_yshaarj_yogg_cthun_1988688092716527_Mis_IV_ME,31871,71.74%,
Single,VW_DH_VW_VF_nzoth_yogg_cthun_3132928659086831_Mis_AM_ME,31870,71.74%,
Single,AR_SW_VF_yshaarj_nzoth_yogg_4013851005026285_Mis_AM_ME,31869,71.74%,
Single,AR_SW_VF_yshaarj_nzoth_yogg_4013310912888813_IN_AM_DR_DS,31869,71.74%,
Single,AR_EC_VF_yshaarj_nzoth_yogg_4013310913404909_Mis_IV_DR_DS,31869,71.74%,
Single,AR_SP_VF_yshaarj_nzoth_yogg_4013310174682607_IN_AM_ME_DS,31869,71.74%,
Single,VW_DH_VW_VF_yshaarj_nzoth_yogg_4049522998435327_Mis_IV_ME_DS,31869,71.73%,
Single,AR_SP_VF_yshaarj_nzoth_yogg_4013310174683117_Mis_AM_ME_DS,31869,71.73%,
Single,AR_SW_VF_yshaarj_nzoth_yogg_4013310913404909_IN_AM_DR_DS,31868,71.73%,
Single,AR_SP_VF_yshaarj_nzoth_yogg_4014409350774765_IN_AM_ME_DS,31868,71.73%,
Single,VW_DH_TV_VF_yshaarj_nzoth_cthun_3696298445561837_Mis_AM_ME,31868,71.73%,
Single,VW_DH_TV_VF_nzoth_yogg_cthun_3132926512127471_Mis_AM_DR,31867,71.72%,
Single,AR_SW_VF_nzoth_yogg_cthun_3132875903720943_IN_AM_DR_DS,31867,71.72%,
Single,VW_DH_TV_VF_nzoth_yogg_cthun_3135006349516271_Mis_IV_ME_DS,31867,71.72%,
Single,VW_DH_VW_VF_nzoth_yogg_cthun_3132791220133375_Mis_IV_ME,31866,71.72%,
Single,AR_EC_VF_nzoth_yogg_cthun_3169159786921455_IN_AM_DR_DS,31866,71.72%,
Single,VW_DH_TV_VF_nzoth_yogg_cthun_3132927585345023_Mis_IV_ME,31865,71.72%,
Single,AR_EC_VF_yshaarj_yogg_cthun_1988688092716527_IN_IV_ME,31865,71.71%,
Single,AR_SW_VF_yshaarj_nzoth_yogg_4013447278099951_Mis_IV_ME_DS,31865,71.71%,
Single,AR_SP_VF_yshaarj_nzoth_yogg_4013447278099951_Mis_IV_ME_DS,31864,71.71%,
Single,VW_DH_TV_VF_nzoth_yogg_cthun_3132813769236461_Mis_IV_ME_DS,31864,71.71%,
Single,AR_EC_VF_yshaarj_nzoth_yogg_4013310979988975_Mis_IV_DR_DS,31864,71.71%,
Single,AR_EC_VF_yshaarj_yogg_cthun_1971370784579055_IN_IV_DR,31862,71.70%,
Single,AR_EC_VF_nzoth_yogg_cthun_3169151196978687_Mis_AM_DR,31862,71.70%,
Single,AR_SW_VF_yshaarj_nzoth_yogg_4013447278099951_Mis_IV_DR_DS,31862,71.70%,
Single,VW_DH_VW_VF_nzoth_yogg_cthun_3132927585869805_Mis_AM_DR,31861,71.69%,
Single,VW_DH_TV_VF_nzoth_yogg_cthun_3132926511603199_Mis_AM_ME,31861,71.69%,
Single,VW_DH_TV_VF_nzoth_yogg_cthun_3132807326269421_Mis_IV_DR_DS,31860,71.69%,
Single,AR_EC_VF_yshaarj_nzoth_yogg_3977567121309677_Mis_IV_DR,31859,71.68%,
Single,VW_DH_VW_VF_nzoth_yogg_cthun_3132815916195821_Mis_IV_DR_DS,31859,71.68%,
Single,AR_SP_VF_yshaarj_nzoth_yogg_4013447278100461_Mis_AM_DR_DS,31859,71.68%,
Single,AR_EC_VF_yshaarj_yogg_cthun_1973432368881135_IN_IV_DR,31859,71.68%,
Single,AR_EC_VF_yshaarj_nzoth_yogg_4013584784154095_IN_AM_DR_DS,31858,71.68%,
Single,AR_SW_VF_yshaarj_nzoth_yogg_4013310913404399_IN_IV_ME_DS,31858,71.68%,
Single,VW_DH_VW_VF_nzoth_yogg_cthun_3132927585345023_Mis_IV_DR,31858,71.67%,
Single,AR_EC_VF_nzoth_yogg_cthun_3169159786921455_Mis_IV_ME_DS,31857,71.67%,
Single,AR_SP_VF_yshaarj_nzoth_yogg_4013447278100461_IN_AM_ME_DS,31857,71.67%,
Single,AR_SW_VF_yshaarj_yogg_cthun_2043251357244911_IN_AM_DR,31856,71.67%,
Single,AR_EC_VF_yshaarj_nzoth_yogg_4013301316312575_Mis_AM_DR,31856,71.67%,
Single,AR_SP_VF_yshaarj_yogg_cthun_1973432302297069_IN_IV_DR,31856,71.66%,
Single,VW_DH_TV_VF_yshaarj_nzoth_yogg_3977498544373231_Mis_IV_DR,31855,71.66%,
Single,VW_DH_VW_VF_yshaarj_nzoth_yogg_4049522998959599_Mis_IV_DR_DS,31854,71.66%,
Single,AR_EC_VF_yshaarj_yogg_cthun_1972332790669293_IN_IV_DR,31854,71.66%,
Single,VW_DH_VW_VF_yshaarj_nzoth_yogg_3977498544365055_Mis_AM_ME,31854,71.66%,
Single,VW_DH_VW_VF_nzoth_yogg_cthun_3150268515802607_Mis_AM_DR_DS,31853,71.65%,
Single,VW_DH_TV_VF_nzoth_yogg_cthun_3132814842453997_Mis_AM_DR_DS,31853,71.65%,
Single,AR_EC_VF_yshaarj_nzoth_yogg_3977567121309167_IN_AM_DR,31853,71.65%,
Single,AR_SW_VF_yshaarj_nzoth_yogg_3977567121300991_IN_AM_DR,31853,71.65%,
Single,AR_SP_VF_yshaarj_nzoth_yogg_4013310979989485_IN_AM_ME_DS,31853,71.65%,
Single,VW_DH_VW_VF_nzoth_yogg_cthun_3132814842453997_Mis_AM_DR_DS,31853,71.65%,
Single,AR_SP_VF_yshaarj_nzoth_yogg_4013584717053933_Mis_IV_ME_DS,31852,71.64%,
Single,AR_SP_VF_yshaarj_nzoth_yogg_4013301249736685_Mis_AM_DR,31851,71.64%,
Single,VW_DH_TV_VF_nzoth_yogg_cthun_3150262073352173_Mis_AM_ME_DS,31851,71.64%,
Single,VW_DH_VW_VF_yshaarj_nzoth_yogg_4049525145919469_Mis_AM_DR_DS,31851,71.64%,
Single,AR_EC_VF_nzoth_yogg_cthun_3132875903196671_IN_IV_DR_DS,31851,71.64%,
Single,AR_SW_VF_nzoth_yogg_cthun_3132867313262079_IN_AM_ME,31850,71.63%,
Single,AR_SW_VF_nzoth_yogg_cthun_3132996162289135_Mis_AM_ME,31850,71.63%,
Single,AR_SP_VF_yshaarj_nzoth_yogg_4013318429081071_Mis_IV_DR_DS,31850,71.63%,
Single,VW_DH_VW_VF_nzoth_yogg_cthun_3132791220133375_Mis_IV_DR,31850,71.63%,
Single,AR_SP_VF_nzoth_yogg_cthun_3132867313786351_Mis_IV_DR,31850,71.63%,
Single,AR_EC_VF_yshaarj_yogg_cthun_1972332857253869_IN_IV_ME,31849,71.63%,
Single,AR_EC_VF_yshaarj_nzoth_yogg_4013447278100461_Mis_AM_DR_DS,31849,71.63%,
Single,AR_SW_VF_nzoth_yogg_cthun_3169159786921455_Mis_IV_ME_DS,31848,71.62%,
Single,AR_SP_VF_nzoth_yogg_cthun_3132858790445037_Mis_AM_ME,31848,71.62%,
Single,AR_EC_VF_nzoth_yogg_cthun_3132858723851775_IN_AM_ME,31848,71.62%,
Single,AR_EC_VF_yshaarj_nzoth_yogg_4014409417875437_Mis_AM_ME_DS,31847,71.62%,
Single,VW_DH_VW_VF_nzoth_yogg_cthun_3150244893490671_Mis_AM_ME,31847,71.62%,
Single,AR_EC_VF_yshaarj_nzoth_yogg_4013309906771949_Mis_AM_DR_DS,31847,71.62%,
Single,AR_SP_VF_nzoth_yogg_cthun_3132858723859951_IN_AM_DR,31847,71.61%,
Single,AR_EC_VF_yshaarj_nzoth_yogg_4014409351290351_IN_AM_ME_DS,31847,71.61%,
Single,AR_EC_VF_yshaarj_nzoth_yogg_4013302323469807_Mis_AM_ME,31846,71.61%,
Single,AR_EC_VF_yshaarj_nzoth_yogg_3977567121825263_Mis_IV_ME,31846,71.61%,
Single,AR_SW_VF_yshaarj_nzoth_yogg_4013302323469807_Mis_AM_DR,31846,71.61%,
Single,VW_DH_TV_VF_yshaarj_nzoth_yogg_3977499618107373_Mis_AM_DR,31845,71.61%,
Single,AR_SP_VF_yshaarj_nzoth_yogg_4013318496182253_Mis_AM_ME_DS,31845,71.61%,
Single,VW_DH_TV_VF_yshaarj_nzoth_yogg_3977497471148013_Mis_AM_DR,31845,71.60%,
Single,VW_DH_TV_VF_nzoth_yogg_cthun_3150244893482495_Mis_AM_DR,31844,71.60%,
Single,AR_SP_VF_yshaarj_yogg_cthun_2043251357245421_Mis_AM_DR,31844,71.60%,
Single,AR_SW_VF_yshaarj_nzoth_yogg_4013301249727999_IN_AM_DR,31844,71.60%,
Single,AR_EC_VF_yshaarj_nzoth_yogg_4013447278091775_IN_IV_ME_DS,31843,71.60%,
Single,AR_EC_VF_nzoth_yogg_cthun_3132875903205357_Mis_IV_ME_DS,31843,71.59%,
Single,AR_EC_VF_yshaarj_nzoth_yogg_4013318429597167_Mis_IV_ME_DS,31843,71.59%,
Single,AR_SP_VF_yshaarj_yogg_cthun_1988688092716527_Mis_IV_ME,31842,71.59%,
Single,AR_SP_VF_nzoth_yogg_cthun_3132867313786861_Mis_AM_DR,31842,71.59%,
Single,AR_SW_VF_yshaarj_nzoth_yogg_4013447278616047_IN_AM_DR_DS,31842,71.59%,
Single,VW_DH_TV_VF_nzoth_yogg_cthun_3150534803774959_Mis_AM_DR_DS,31842,71.59%,
Single,AR_SP_VF_yshaarj_nzoth_yogg_4013438688157183_Mis_AM_ME,31841,71.59%,
Single,AR_SP_VF_nzoth_yogg_cthun_3169151197502959_Mis_AM_ME,31841,71.58%,
Single,AR_EC_VF_yshaarj_nzoth_yogg_4013310913404909_IN_AM_ME_DS,31840,71.58%,
Single,AR_EC_VF_yshaarj_nzoth_yogg_4013318429081581_Mis_AM_DR_DS,31840,71.58%,
Single,VW_DH_TV_VF_nzoth_yogg_cthun_3132797729693167_Mis_AM_DR,31839,71.57%,
Single,AR_EC_VF_yshaarj_nzoth_yogg_4013584717570029_IN_AM_ME_DS,31839,71.57%,
Single,AR_SW_VF_nzoth_yogg_cthun_3132858723851775_IN_AM_DR,31838,71.57%,
Single,AR_SW_VF_nzoth_yogg_cthun_3132859797069311_Mis_IV_DR,31837,71.56%,
Single,AR_SP_VF_nzoth_yogg_cthun_3132875903721453_Mis_IV_DR_DS,31837,71.56%,
Single,AR_SW_VF_yshaarj_yogg_cthun_2043251357245421_IN_AM_ME,31837,71.56%,
Single,AR_SW_VF_yshaarj_nzoth_yogg_4013301316312575_Mis_AM_DR,31836,71.56%,
Single,VW_DH_TV_VF_yshaarj_nzoth_yogg_4049531588369903_Mis_AM_DR_DS,31836,71.56%,
Single,AR_SP_VF_nzoth_yogg_cthun_3132859864178159_Mis_AM_DR,31836,71.56%,
Single,VW_DH_VW_VF_nzoth_yogg_cthun_3150260999609839_Mis_AM_ME_DS,31835,71.55%,
Single,VW_DH_TV_VF_nzoth_yogg_cthun_3132814842453487_Mis_IV_ME_DS,31835,71.55%,
Single,AR_SP_VF_yshaarj_yogg_cthun_1988688092716527_IN_IV_ME,31835,71.55%,
Single,AR_SW_VF_yshaarj_nzoth_yogg_4013576127634927_Mis_AM_ME,31835,71.55%,
Single,AR_SW_VF_nzoth_yogg_cthun_3132859797077487_Mis_IV_DR,31834,71.55%,
Single,AR_SW_VF_yshaarj_yogg_cthun_1988688026132461_Mis_IV_DR,31833,71.54%,
Single,AR_SP_VF_nzoth_yogg_cthun_3132996162805231_Mis_AM_DR,31833,71.54%,
Single,VW_DH_VW_VF_yshaarj_nzoth_yogg_3977513576758767_Mis_AM_ME_DS,31832,71.54%,
Single,AR_EC_VF_yshaarj_nzoth_yogg_4013447278616047_Mis_IV_ME_DS,31832,71.54%,
Single,VW_DH_TV_VF_nzoth_yogg_cthun_3132791220133375_Mis_IV_ME,31832,71.53%,
Single,AR_SW_VF_yshaarj_nzoth_yogg_4013301249727999_Mis_IV_DR,31830,71.53%,
Single,VW_DH_TV_VF_nzoth_yogg_cthun_3135004269141997_Mis_AM_ME_DS,31830,71.52%,
Single,AR_SP_VF_yshaarj_nzoth_yogg_4013851005025775_IN_AM_ME,31829,71.52%,
Single,AR_SW_VF_nzoth_yogg_cthun_3169159854022127_Mis_AM_ME_DS,31829,71.52%,
Single,AR_SW_VF_nzoth_yogg_cthun_3132859058871791_Mis_AM_ME,31829,71.52%,
Single,AR_SP_VF_yshaarj_nzoth_yogg_4014409417874927_Mis_IV_ME_DS,31828,71.51%,
Single,VW_DH_VW_VF_nzoth_yogg_cthun_3150244893482495_Mis_AM_DR,31827,71.51%,
Single,AR_EC_VF_nzoth_yogg_cthun_3132867380370927_Mis_AM_DR,31827,71.51%,
Single,AR_EC_VF_yshaarj_nzoth_yogg_4013310912888303_IN_IV_ME_DS,31827,71.51%,
Single,AR_EC_VF_yshaarj_yogg_cthun_1971370717994989_IN_IV_DR,31827,71.51%,
Single,AR_SP_VF_yshaarj_nzoth_yogg_3977567121825263_IN_AM_DR,31827,71.51%,
Single,AR_SP_VF_nzoth_yogg_cthun_3132996162805231_Mis_AM_ME,31826,71.50%,
Single,AR_SP_VF_yshaarj_yogg_cthun_2043251357245421_IN_AM_ME,31826,71.50%,
Single,VW_DH_TV_VF_nzoth_yogg_cthun_3132927585345023_Mis_IV_DR,31825,71.50%,
Single,AR_SW_VF_yshaarj_nzoth_yogg_4013310979988975_IN_AM_DR_DS,31824,71.49%,
Single,AR_SW_VF_yshaarj_nzoth_yogg_4013584784154095_IN_AM_DR_DS,31824,71.49%,
Single,AR_EC_VF_yshaarj_nzoth_yogg_4014409350774765_IN_AM_DR_DS,31823,71.49%,
Single,AR_EC_VF_yshaarj_nzoth_yogg_4013309906771439_IN_AM_DR_DS,31823,71.49%,
Single,VW_DH_TV_VF_nzoth_yogg_cthun_3132797663109101_Mis_AM_ME,31820,71.47%,
Single,AR_EC_VF_yshaarj_nzoth_yogg_4013302322945535_Mis_AM_DR,31820,71.47%,
Single,VW_DH_VW_VF_nzoth_yogg_cthun_3135005275774447_Mis_AM_DR_DS,31819,71.47%,
Single,AR_SW_VF_yshaarj_nzoth_yogg_4014409350766079_IN_IV_DR_DS,31819,71.47%,
Single,VW_DH_TV_VF_nzoth_yogg_cthun_3135012791967725_Mis_AM_ME_DS,31819,71.46%,
Single,AR_SW_VF_nzoth_yogg_cthun_3132875903196671_IN_IV_ME_DS,31818,71.46%,
Single,VW_DH_VW_VF_nzoth_yogg_cthun_3135004269141997_Mis_AM_ME_DS,31818,71.46%,
Single,AR_SP_VF_yshaarj_nzoth_yogg_4013584717570029_Mis_IV_ME_DS,31817,71.46%,
Single,AR_SP_VF_yshaarj_yogg_cthun_1988688026131951_IN_IV_DR,31817,71.46%,
Single,AR_SP_VF_nzoth_yogg_cthun_3132875903196671_IN_IV_ME_DS,31817,71.46%,
Single,AR_SW_VF_nzoth_yogg_cthun_3132875903205357_Mis_IV_DR_DS,31816,71.45%,
Single,VW_DH_VW_VF_nzoth_yogg_cthun_3132798803435501_Mis_AM_DR,31816,71.45%,
Single,VW_DH_TV_VF_yshaarj_nzoth_cthun_3696313477947373_Mis_AM_ME_DS,31815,71.45%,
Single,VW_DH_TV_VF_yshaarj_nzoth_cthun_3768322899631599_Mis_AM_DR_DS,31815,71.44%,
Single,VW_DH_TV_VF_yshaarj_nzoth_yogg_3977514650492909_Mis_AM_DR_DS,31815,71.44%,
Single,AR_SW_VF_yshaarj_nzoth_yogg_4013301316836847_Mis_AM_ME,31814,71.44%,
Single,VW_DH_VW_VF_yshaarj_nzoth_yogg_3977498544365055_Mis_AM_DR,31814,71.44%,
Single,VW_DH_TV_VF_nzoth_yogg_cthun_3150519771389423_Mis_AM_ME,31814,71.44%,
Single,AR_SP_VF_yshaarj_nzoth_yogg_4013301249736175_IN_AM_ME,31814,71.44%,
Single,AR_SP_VF_yshaarj_yogg_cthun_2043251357244911_IN_AM_DR,31814,71.44%,
Single,AR_SW_VF_nzoth_yogg_cthun_3132867380370927_Mis_AM_DR,31813,71.43%,
Single,VW_DH_TV_VF_yshaarj_nzoth_yogg_3977497537732079_Mis_AM_DR,31813,71.43%,
Single,AR_SP_VF_yshaarj_nzoth_yogg_4013447278616557_Mis_AM_ME_DS,31812,71.43%,
Single,AR_SP_VF_nzoth_yogg_cthun_3132875970305519_IN_AM_ME_DS,31812,71.43%,
Single,AR_EC_VF_nzoth_yogg_cthun_3169159787437551_IN_AM_ME_DS,31811,71.42%,
Single,AR_EC_VF_yshaarj_nzoth_yogg_4013301249211903_IN_AM_DR,31811,71.42%,
Single,AR_SW_VF_nzoth_yogg_cthun_3132867313270765_Mis_AM_DR,31810,71.42%,
Single,AR_EC_VF_yshaarj_yogg_cthun_2043251357245421_Mis_AM_ME,31808,71.41%,
Single,AR_EC_VF_yshaarj_nzoth_yogg_4013301249211903_Mis_IV_DR,31808,71.41%,
Single,AR_EC_VF_yshaarj_nzoth_yogg_4013447278099951_Mis_IV_ME_DS,31808,71.41%,
Single,VW_DH_VW_VF_nzoth_yogg_cthun_3132798803434991_Mis_IV_DR,31807,71.40%,
Single,AR_SP_VF_nzoth_yogg_cthun_3132859797077997_Mis_AM_ME,31807,71.40%,
Single,AR_EC_VF_nzoth_yogg_cthun_3132858723851775_IN_AM_DR,31807,71.40%,
Single,AR_EC_VF_yshaarj_yogg_cthun_1988688026132461_IN_IV_ME,31807,71.40%,
Single,AR_SP_VF_nzoth_yogg_cthun_3132859797069311_Mis_IV_ME,31807,71.40%,
Single,VW_DH_VW_VF_nzoth_yogg_cthun_3132798736334829_Mis_AM_DR,31807,71.40%,
Single,VW_DH_TV_VF_yshaarj_nzoth_yogg_3977515724234733_Mis_IV_DR_DS,31806,71.40%,
Single,AR_SW_VF_yshaarj_nzoth_yogg_4013584717053933_Mis_IV_ME_DS,31806,71.40%,
Single,AR_SP_VF_yshaarj_nzoth_yogg_4013447278616047_Mis_IV_ME_DS,31805,71.39%,
Single,AR_EC_VF_yshaarj_yogg_cthun_1971370784579565_Mis_IV_ME,31805,71.39%,
Single,VW_DH_TV_VF_yshaarj_nzoth_yogg_3977651015704047_Mis_IV_ME_DS,31805,71.39%,
Single,AR_SP_VF_yshaarj_nzoth_yogg_4013310913404909_Mis_IV_DR_DS,31804,71.38%,
Single,AR_SW_VF_nzoth_yogg_cthun_3169151196978687_Mis_AM_DR,31803,71.38%,
Single,VW_DH_VW_VF_nzoth_yogg_cthun_3205372946210287_Mis_AM_ME_DS,31803,71.38%,
Single,VW_DH_VW_VF_nzoth_yogg_cthun_3132806252527087_Mis_IV_ME_DS,31802,71.38%,
Single,VW_DH_VW_VF_nzoth_yogg_cthun_3134997759581679_Mis_AM_DR,31802,71.38%,
Single,AR_SP_VF_nzoth_yogg_cthun_3132875903205357_Mis_IV_DR_DS,31802,71.37%,
Single,AR_SP_VF_nzoth_yogg_cthun_3132859797077487_Mis_IV_ME,31801,71.37%,
Single,AR_EC_VF_yshaarj_nzoth_yogg_4013309906255853_IN_AM_ME_DS,31801,71.37%,
Single,AR_EC_VF_nzoth_yogg_cthun_3132867313262079_IN_AM_ME,31800,71.37%,
Single,AR_SW_VF_yshaarj_nzoth_yogg_4013318429081581_Mis_AM_DR_DS,31800,71.36%,
Single,VW_DH_VW_VF_nzoth_yogg_cthun_3132797729693167_Mis_AM_ME,31800,71.36%,
Single,AR_SW_VF_yshaarj_yogg_cthun_2043259880595437_IN_IV_DR_DS,31800,71.36%,
Single,AR_SW_VF_nzoth_yogg_cthun_3132858723859951_Mis_IV_ME,31800,71.36%,
Single,VW_DH_TV_VF_nzoth_yogg_cthun_3132926512127471_Mis_AM_ME,31799,71.36%,
Single,AR_EC_VF_yshaarj_yogg_cthun_1971234419367917_IN_IV_DR,31799,71.36%,
Single,AR_SP_VF_yshaarj_yogg_cthun_1971233614061549_Mis_IV_DR,31799,71.36%,
Single,AR_SW_VF_yshaarj_yogg_cthun_1971233345634285_IN_IV_DR,31798,71.35%,
Single,VW_DH_TV_VF_yshaarj_nzoth_yogg_3979697567621101_Mis_AM_ME,31797,71.35%,
Single,AR_SW_VF_yshaarj_nzoth_yogg_4013310912888813_Mis_IV_DR_DS,31796,71.34%,
Single,VW_DH_VW_VF_yshaarj_nzoth_yogg_4049524072177135_Mis_AM_ME_DS,31796,71.34%,
Single,AR_SP_VF_nzoth_yogg_cthun_3132867313786351_Mis_IV_ME,31796,71.34%,
Single,AR_SP_VF_nzoth_yogg_cthun_3169159786921455_Mis_IV_ME_DS,31795,71.34%,
Single,AR_SW_VF_nzoth_yogg_cthun_3132858790436351_Mis_IV_ME,31795,71.34%,
Single,AR_SW_VF_yshaarj_nzoth_yogg_4013576127118831_Mis_AM_DR,31795,71.33%,
Single,VW_DH_TV_VF_nzoth_yogg_cthun_3132942684839917_Mis_AM_ME_DS,31794,71.33%,
Single,AR_SW_VF_yshaarj_nzoth_yogg_4013318496181743_Mis_AM_DR_DS,31794,71.33%,
Single,VW_DH_TV_VF_yshaarj_nzoth_yogg_4049523065544175_Mis_IV_DR_DS,31793,71.33%,
Single,VW_DH_TV_VF_nzoth_yogg_cthun_3150259926392303_Mis_IV_ME_DS,31793,71.33%,
Single,VW_DH_VW_VF_nzoth_yogg_cthun_3132927585869295_Mis_IV_DR,31793,71.33%,
Single,VW_DH_TV_VF_nzoth_yogg_cthun_3132791220657647_Mis_IV_ME,31793,71.33%,
Single,AR_SW_VF_nzoth_yogg_cthun_3132858723851775_IN_AM_ME,31793,71.32%,
Single,AR_EC_VF_yshaarj_yogg_cthun_1988688092717037_Mis_AM_ME,31791,71.32%,
Single,VW_DH_VW_VF_nzoth_yogg_cthun_3132926511603199_Mis_AM_ME,31791,71.32%,
Single,VW_DH_VW_VF_nzoth_yogg_cthun_3132806319627759_Mis_IV_DR_DS,31790,71.31%,
Single,VW_DH_VW_VF_nzoth_yogg_cthun_3132813769236461_Mis_IV_DR_DS,31790,71.31%,
Single,AR_SW_VF_yshaarj_nzoth_yogg_4013301249736175_Mis_AM_DR,31789,71.31%,
Single,AR_SW_VF_nzoth_yogg_cthun_3132859797069311_Mis_IV_ME,31789,71.31%,
Single,AR_SP_VF_yshaarj_nzoth_yogg_4014400760839663_Mis_AM_DR,31789,71.30%,
Single,AR_SP_VF_yshaarj_nzoth_yogg_4013301316312575_IN_AM_ME,31789,71.30%,
Single,AR_SW_VF_yshaarj_nzoth_yogg_3977567121300991_IN_AM_ME,31789,71.30%,
Single,AR_SP_VF_yshaarj_nzoth_yogg_4014409417875437_Mis_AM_DR_DS,31789,71.30%,
Single,AR_SP_VF_yshaarj_nzoth_yogg_4013584717570029_IN_AM_ME_DS,31787,71.29%,
Single,AR_EC_VF_yshaarj_nzoth_yogg_3977567188409839_Mis_AM_DR,31787,71.29%,
Single,AR_EC_VF_nzoth_yogg_cthun_3132859797069311_Mis_IV_DR,31787,71.29%,
Single,VW_DH_TV_VF_nzoth_yogg_cthun_3132806252527087_Mis_IV_ME_DS,31787,71.29%,
Single,AR_SP_VF_yshaarj_yogg_cthun_1973432368881645_Mis_IV_DR,31786,71.29%,
Single,VW_DH_TV_VF_yshaarj_nzoth_yogg_4049522998444013_Mis_AM_DR_DS,31786,71.29%,
Single,AR_SP_VF_yshaarj_nzoth_yogg_3977567121309677_Mis_IV_DR,31784,71.27%,
Single,AR_SP_VF_yshaarj_nzoth_yogg_4013310979989485_Mis_AM_DR_DS,31783,71.27%,
Single,AR_SW_VF_yshaarj_yogg_cthun_1971233614061549_Mis_IV_DR,31783,71.27%,
Single,AR_SW_VF_yshaarj_nzoth_yogg_4013851005025775_IN_AM_ME,31782,71.27%,
Single,AR_SW_VF_yshaarj_yogg_cthun_1973432368881645_IN_AM_DR,31782,71.26%,
Single,VW_DH_VW_VF_yshaarj_nzoth_yogg_4049522998443503_Mis_AM_DR_DS,31781,71.26%,
Single,AR_SW_VF_yshaarj_nzoth_yogg_4013576127110655_Mis_IV_ME,31781,71.26%,
Single,AR_SW_VF_nzoth_yogg_cthun_3132867313270255_Mis_IV_DR,31781,71.26%,
Single,AR_EC_VF_yshaarj_nzoth_yogg_4013310913404399_IN_IV_ME_DS,31781,71.26%,
Single,AR_EC_VF_yshaarj_nzoth_yogg_4013318429081071_Mis_IV_ME_DS,31780,71.26%,
Single,VW_DH_TV_VF_yshaarj_nzoth_yogg_3977497471147503_Mis_IV_DR,31780,71.26%,
Single,VW_DH_TV_VF_nzoth_yogg_cthun_3132815916195821_Mis_IV_DR_DS,31780,71.25%,
Single,AR_EC_VF_yshaarj_nzoth_yogg_4014409351290351_IN_AM_DR_DS,31780,71.25%,
Single,AR_SP_VF_yshaarj_yogg_cthun_1972332790669293_IN_IV_DR,31779,71.25%,
Single,AR_EC_VF_yshaarj_yogg_cthun_1988688092716527_Mis_AM_DR,31779,71.25%,
Single,AR_EC_VF_yshaarj_nzoth_yogg_4013301316312575_Mis_AM_ME,31779,71.25%,
Single,AR_EC_VF_yshaarj_nzoth_yogg_4013310912888813_Mis_IV_DR_DS,31779,71.25%,
Single,AR_SP_VF_yshaarj_yogg_cthun_1973432368881645_IN_IV_ME,31778,71.25%,
Single,AR_EC_VF_yshaarj_yogg_cthun_1988688092717037_IN_AM_ME,31778,71.24%,
Single,AR_SP_VF_yshaarj_yogg_cthun_1971234419367917_IN_IV_DR,31777,71.24%,
Single,AR_SP_VF_nzoth_yogg_cthun_3132858723851775_IN_AM_DR,31777,71.24%,
Single,VW_DH_VW_VF_nzoth_yogg_cthun_3132814842453997_Mis_AM_ME_DS,31777,71.24%,
Single,AR_SW_VF_nzoth_yogg_cthun_3132858723859951_Mis_IV_DR,31777,71.24%,
Single,AR_SP_VF_yshaarj_nzoth_yogg_4013584784154095_IN_AM_DR_DS,31776,71.24%,
Single,VW_DH_VW_VF_yshaarj_nzoth_yogg_3977498544889327_Mis_AM_DR,31776,71.24%,
Single,AR_EC_VF_yshaarj_nzoth_yogg_4013447278099951_IN_AM_DR_DS,31775,71.23%,
Single,AR_EC_VF_yshaarj_yogg_cthun_1988688026131951_IN_IV_DR,31775,71.23%,
Single,AR_SW_VF_yshaarj_nzoth_yogg_4014409351290351_IN_AM_DR_DS,31775,71.23%,
Single,VW_DH_TV_VF_nzoth_yogg_cthun_3132951207665645_Mis_AM_ME_DS,31774,71.22%,
Single,AR_EC_VF_yshaarj_yogg_cthun_1971370784579565_Mis_AM_DR,31774,71.22%,
Single,VW_DH_TV_VF_nzoth_yogg_cthun_3132813769236461_Mis_IV_DR_DS,31773,71.22%,
Single,AR_SP_VF_yshaarj_nzoth_yogg_4013310913404399_IN_IV_ME_DS,31773,71.22%,
Single,AR_SW_VF_yshaarj_nzoth_yogg_4013309906247167_IN_IV_DR_DS,31772,71.21%,
Single,AR_SW_VF_yshaarj_yogg_cthun_1973432368881645_IN_IV_ME,31772,71.21%,
Single,VW_DH_VW_VF_yshaarj_nzoth_yogg_4049522998960109_Mis_AM_DR_DS,31771,71.21%,
Single,AR_SW_VF_nzoth_yogg_cthun_3132867313786351_Mis_IV_DR,31771,71.21%,
Single,VW_DH_TV_VF_nzoth_yogg_cthun_3132813768719855_Mis_IV_DR_DS,31770,71.20%,
Single,AR_EC_VF_yshaarj_yogg_cthun_2043251290660845_Mis_IV_ME,31769,71.20%,
Single,AR_SP_VF_yshaarj_nzoth_yogg_4013851005026285_Mis_AM_ME,31769,71.20%,
Single,AR_SW_VF_yshaarj_nzoth_yogg_4013301249736685_Mis_AM_ME,31768,71.19%,
Single,AR_SP_VF_nzoth_yogg_cthun_3132875903205357_Mis_IV_ME_DS,31768,71.19%,
Single,VW_DH_TV_VF_nzoth_yogg_cthun_3132943691472367_Mis_AM_DR_DS,31768,71.19%,
Single,AR_EC_VF_nzoth_yogg_cthun_3132875970306029_Mis_AM_DR_DS,31767,71.19%,
Single,AR_EC_VF_yshaarj_nzoth_yogg_4013576127634927_Mis_AM_ME,31767,71.18%,
Single,AR_SW_VF_nzoth_yogg_cthun_3132875903720943_IN_AM_ME_DS,31767,71.18%,
Single,VW_DH_VW_VF_nzoth_yogg_cthun_3132943691472367_Mis_AM_DR_DS,31766,71.18%,
Single,AR_SP_VF_yshaarj_nzoth_yogg_4013310913404909_IN_AM_DR_DS,31766,71.18%,
Single,AR_SW_VF_yshaarj_yogg_cthun_2043251357244911_Mis_IV_DR,31766,71.18%,
Single,AR_EC_VF_yshaarj_nzoth_yogg_4013301249211903_Mis_IV_ME,31766,71.18%,
Single,AR_SP_VF_nzoth_yogg_cthun_3132867313270765_Mis_AM_DR,31765,71.18%,
Single,AR_EC_VF_yshaarj_nzoth_yogg_4014400760839663_Mis_AM_ME,31765,71.18%,
Single,VW_DH_TV_VF_nzoth_yogg_cthun_3132806319627759_Mis_IV_DR_DS,31765,71.18%,
Single,AR_EC_VF_yshaarj_nzoth_yogg_4013309906771949_IN_AM_ME_DS,31765,71.17%,
Single,AR_SW_VF_yshaarj_nzoth_yogg_4013318429072895_IN_IV_ME_DS,31764,71.17%,
Single,AR_SP_VF_yshaarj_yogg_cthun_2043251290660845_IN_AM_DR,31764,71.17%,
Single,AR_SW_VF_yshaarj_nzoth_yogg_3977567121309677_Mis_IV_DR,31764,71.17%,
Single,VW_DH_VW_VF_nzoth_yogg_cthun_3132798803435501_Mis_AM_ME,31763,71.16%,
Single,VW_DH_VW_VF_nzoth_yogg_cthun_3150519771389423_Mis_AM_ME,31763,71.16%,
Single,AR_SW_VF_nzoth_yogg_cthun_3132875970306029_Mis_AM_DR_DS,31763,71.16%,
Single,AR_SP_VF_yshaarj_nzoth_yogg_4013318429081071_Mis_IV_ME_DS,31762,71.16%,
Single,AR_SP_VF_nzoth_yogg_cthun_3169159854022127_Mis_AM_ME_DS,31761,71.16%,
Single,AR_SP_VF_yshaarj_nzoth_yogg_4013301249727999_Mis_IV_ME,31761,71.15%,
Single,AR_SP_VF_yshaarj_nzoth_yogg_4013318429597167_Mis_IV_ME_DS,31761,71.15%,
Single,VW_DH_VW_VF_nzoth_yogg_cthun_3132806319628269_Mis_AM_DR_DS,31761,71.15%,
Single,VW_DH_TV_VF_yshaarj_nzoth_yogg_4049525145919469_Mis_IV_ME_DS,31761,71.15%,
Single,VW_DH_VW_VF_nzoth_yogg_cthun_3135006349516781_Mis_AM_DR_DS,31760,71.15%,
Single,VW_DH_VW_VF_nzoth_yogg_cthun_3132791220141551_Mis_AM_DR,31760,71.15%,
Single,AR_SP_VF_nzoth_yogg_cthun_3132875970306029_Mis_AM_DR_DS,31760,71.15%,
Single,AR_SP_VF_yshaarj_nzoth_yogg_4013584717053423_IN_IV_ME_DS,31759,71.14%,
Single,AR_SW_VF_nzoth_yogg_cthun_3132859797593583_Mis_AM_DR,31759,71.14%,
Single,AR_SP_VF_yshaarj_nzoth_yogg_4013309839671277_Mis_IV_DR_DS,31759,71.14%,
Single,VW_DH_VW_VF_nzoth_yogg_cthun_3132791220657647_Mis_IV_ME,31758,71.14%,
Single,VW_DH_VW_VF_nzoth_yogg_cthun_3132927585869805_Mis_AM_ME,31758,71.14%,
Single,VW_DH_VW_VF_yshaarj_nzoth_yogg_3977498544373231_Mis_AM_ME,31758,71.14%,
Single,VW_DH_VW_VF_yshaarj_nzoth_yogg_3977498544889327_Mis_AM_ME,31758,71.13%,
Single,VW_DH_TV_VF_yshaarj_nzoth_yogg_3977498544889837_Mis_IV_ME,31757,71.13%,
Single,AR_SP_VF_yshaarj_nzoth_yogg_4013310912888303_IN_IV_ME_DS,31756,71.13%,
Single,AR_EC_VF_nzoth_yogg_cthun_3132858723860461_Mis_AM_ME,31756,71.13%,
Single,AR_EC_VF_yshaarj_nzoth_yogg_4013310174682607_Mis_AM_DR_DS,31756,71.12%,
Single,AR_SW_VF_yshaarj_nzoth_yogg_4013318429597677_Mis_AM_DR_DS,31755,71.12%,
Single,AR_SW_VF_yshaarj_nzoth_yogg_4013318429597167_Mis_IV_ME_DS,31755,71.12%,
Single,VW_DH_TV_VF_yshaarj_nzoth_yogg_3977772348530159_Mis_AM_DR,31755,71.12%,
Single,AR_EC_VF_yshaarj_nzoth_yogg_4013318429597677_Mis_AM_ME_DS,31754,71.12%,
Single,AR_SW_VF_yshaarj_yogg_cthun_1971234419367917_IN_IV_DR,31754,71.11%,
Single,AR_SW_VF_nzoth_yogg_cthun_3169151196986863_Mis_AM_ME,31754,71.11%,
Single,AR_SP_VF_nzoth_yogg_cthun_3132867313262079_IN_AM_ME,31754,71.11%,
Single,AR_EC_VF_yshaarj_nzoth_yogg_4013318429597167_IN_AM_ME_DS,31753,71.11%,
Single,VW_DH_TV_VF_nzoth_yogg_cthun_3133363524526061_Mis_IV_ME_DS,31752,71.11%,
Single,AR_EC_VF_yshaarj_yogg_cthun_2043251290144749_Mis_IV_ME,31752,71.11%,
Single,VW_DH_TV_VF_nzoth_yogg_cthun_3132807393370093_Mis_IV_ME_DS,31751,71.10%,
Single,AR_SW_VF_yshaarj_nzoth_yogg_4013310979989485_Mis_AM_DR_DS,31751,71.10%,
Single,AR_SP_VF_yshaarj_yogg_cthun_2043251290144749_Mis_IV_ME,31751,71.10%,
Single,AR_SP_VF_yshaarj_nzoth_yogg_4013310912880127_IN_IV_DR_DS,31751,71.10%,
Single,VW_DH_VW_VF_nzoth_yogg_cthun_3132951207665645_Mis_AM_ME_DS,31751,71.10%,
Single,VW_DH_VW_VF_nzoth_yogg_cthun_3132807393370093_Mis_IV_DR_DS,31750,71.10%,
Single,AR_SP_VF_yshaarj_nzoth_yogg_4013302322954221_Mis_AM_ME,31750,71.10%,
Single,AR_SW_VF_yshaarj_yogg_cthun_1973432368881645_Mis_IV_DR,31750,71.09%,
Single,AR_EC_VF_yshaarj_nzoth_yogg_4013318429081071_IN_AM_DR_DS,31750,71.09%,
Single,AR_SP_VF_yshaarj_nzoth_yogg_4013584784154095_Mis_IV_DR_DS,31749,71.09%,
Single,AR_EC_VF_nzoth_yogg_cthun_3132859864178159_Mis_AM_ME,31749,71.09%,
Single,AR_SW_VF_yshaarj_nzoth_yogg_4014409417874927_IN_AM_ME_DS,31748,71.08%,
Single,VW_DH_TV_VF_nzoth_yogg_cthun_3150244894006767_Mis_AM_DR,31748,71.08%,
Single,AR_SW_VF_nzoth_yogg_cthun_3132867313262079_IN_AM_DR,31748,71.08%,
Single,AR_EC_VF_yshaarj_nzoth_yogg_4013851005025775_Mis_AM_DR,31747,71.08%,
Single,VW_DH_TV_VF_nzoth_yogg_cthun_3132806319628269_Mis_AM_ME_DS,31747,71.08%,
Single,VW_DH_TV_VF_yshaarj_nzoth_yogg_4049522998443503_Mis_IV_ME_DS,31746,71.07%,
Single,AR_SW_VF_yshaarj_nzoth_yogg_4013309906255853_IN_AM_ME_DS,31746,71.07%,
Single,VW_DH_TV_VF_yshaarj_nzoth_yogg_3977773422271983_Mis_IV_ME,31745,71.07%,
Single,AR_SP_VF_yshaarj_nzoth_yogg_4013576127634927_Mis_AM_ME,31745,71.07%,
Single,AR_SP_VF_yshaarj_nzoth_yogg_4013318496181743_Mis_AM_DR_DS,31745,71.07%,
Single,VW_DH_VW_VF_nzoth_yogg_cthun_3132813768719855_Mis_IV_ME_DS,31745,71.07%,
Single,AR_SP_VF_yshaarj_nzoth_yogg_4013310979988975_IN_AM_DR_DS,31745,71.07%,
Single,AR_SW_VF_yshaarj_yogg_cthun_1972332790669293_IN_IV_DR,31744,71.06%,
Single,AR_SP_VF_yshaarj_nzoth_yogg_4013301249211903_Mis_IV_ME,31744,71.06%,
Single,AR_SW_VF_nzoth_yogg_cthun_3132858790960623_Mis_AM_DR,31744,71.06%,
Single,AR_SP_VF_yshaarj_nzoth_yogg_4013318429081581_IN_AM_ME_DS,31743,71.06%,
Single,AR_SP_VF_yshaarj_nzoth_yogg_4014400761355759_Mis_AM_ME,31743,71.06%,
Single,AR_EC_VF_yshaarj_nzoth_yogg_3977567121825263_Mis_IV_DR,31743,71.06%,
Single,AR_SP_VF_yshaarj_yogg_cthun_1971370717478893_IN_IV_DR,31743,71.05%,
Single,AR_SP_VF_yshaarj_nzoth_yogg_4013309839670767_IN_IV_ME_DS,31742,71.05%,
Single,VW_DH_VW_VF_nzoth_yogg_cthun_3150244894006767_Mis_AM_DR,31742,71.05%,
Single,AR_SP_VF_yshaarj_yogg_cthun_2043251290660845_Mis_IV_ME,31741,71.05%,
Single,AR_SP_VF_nzoth_yogg_cthun_3132875903720943_IN_AM_DR_DS,31741,71.05%,
Single,VW_DH_TV_VF_nzoth_yogg_cthun_3132927585353199_Mis_AM_DR,31741,71.04%,
Single,AR_SW_VF_yshaarj_nzoth_yogg_4014400760839663_Mis_AM_DR,31740,71.04%,
Single,VW_DH_VW_VF_nzoth_yogg_cthun_3132927585353199_Mis_AM_DR,31740,71.04%,
Single,AR_EC_VF_yshaarj_nzoth_yogg_4013310912880127_IN_IV_DR_DS,31740,71.04%,
Single,AR_SW_VF_nzoth_yogg_cthun_3132859864178159_Mis_AM_DR,31739,71.04%,
Single,AR_SW_VF_yshaarj_nzoth_yogg_4013310979989485_IN_AM_ME_DS,31739,71.04%,
Single,AR_SP_VF_yshaarj_nzoth_yogg_4013447278099951_IN_AM_DR_DS,31739,71.04%,
Single,AR_SW_VF_yshaarj_nzoth_yogg_4013576127110655_IN_AM_ME,31738,71.03%,
Single,AR_SP_VF_yshaarj_yogg_cthun_1972332857253869_IN_IV_ME,31738,71.03%,
Single,AR_SW_VF_yshaarj_yogg_cthun_1988688092716527_IN_IV_ME,31738,71.03%,
Single,AR_EC_VF_yshaarj_yogg_cthun_2043251290660845_IN_AM_ME,31737,71.02%,
Single,AR_SP_VF_yshaarj_nzoth_yogg_4013309839670767_IN_IV_DR_DS,31736,71.02%,
Single,AR_EC_VF_yshaarj_nzoth_yogg_4013447278091775_IN_AM_DR_DS,31736,71.02%,
Single,VW_DH_VW_VF_nzoth_yogg_cthun_3150262073352173_Mis_AM_ME_DS,31736,71.02%,
Single,AR_SW_VF_yshaarj_yogg_cthun_1971370784579055_IN_IV_DR,31735,71.01%,
Single,AR_SW_VF_nzoth_yogg_cthun_3169159786913279_IN_AM_DR_DS,31735,71.01%,
Single,AR_SP_VF_nzoth_yogg_cthun_3169159786921965_Mis_AM_ME_DS,31735,71.01%,
Single,VW_DH_VW_VF_nzoth_yogg_cthun_3132926512127471_Mis_AM_ME,31734,71.01%,
Single,AR_EC_VF_yshaarj_yogg_cthun_1988688025616365_IN_IV_ME,31734,71.01%,
Single,AR_SP_VF_yshaarj_nzoth_yogg_4013310912888813_IN_AM_DR_DS,31733,71.00%,
Single,AR_EC_VF_yshaarj_nzoth_yogg_4013584717053933_IN_AM_DR_DS,31732,71.00%,
Single,AR_EC_VF_yshaarj_nzoth_yogg_4013318429072895_IN_AM_DR_DS,31731,70.99%,
Single,AR_SP_VF_yshaarj_nzoth_yogg_4013301249727999_IN_AM_DR,31731,70.99%,
Single,AR_SW_VF_yshaarj_nzoth_yogg_4013447278091775_IN_IV_ME_DS,31730,70.99%,
Single,VW_DH_TV_VF_nzoth_yogg_cthun_3132791220658157_Mis_AM_DR,31730,70.98%,
Single,VW_DH_TV_VF_yshaarj_nzoth_yogg_4049797876342765_Mis_AM_DR_DS,31729,70.98%,
Single,AR_SW_VF_yshaarj_nzoth_yogg_4013309839670767_IN_IV_DR_DS,31729,70.98%,
Single,AR_SW_VF_nzoth_yogg_cthun_3132858723860461_Mis_AM_DR,31729,70.98%,
Single,VW_DH_TV_VF_nzoth_yogg_cthun_3132944765214701_Mis_AM_DR_DS,31729,70.98%,
Single,AR_SW_VF_nzoth_yogg_cthun_3132867313270765_Mis_AM_ME,31729,70.98%,
Single,AR_SW_VF_yshaarj_nzoth_yogg_4013301249211903_Mis_IV_ME,31728,70.98%,
Single,AR_EC_VF_yshaarj_yogg_cthun_2043259880079341_IN_IV_DR_DS,31728,70.97%,
Single,AR_SP_VF_yshaarj_nzoth_yogg_3977567121825263_Mis_IV_ME,31727,70.97%,
Single,AR_SP_VF_yshaarj_nzoth_yogg_4013301316320751_Mis_AM_ME,31727,70.97%,
Single,VW_DH_VW_VF_nzoth_yogg_cthun_3132927652453871_Mis_AM_DR,31727,70.97%,
Single,VW_DH_TV_VF_nzoth_yogg_cthun_3150259992976879_Mis_AM_ME_DS,31727,70.97%,
Single,AR_SW_VF_yshaarj_nzoth_yogg_4013447278100461_IN_AM_ME_DS,31727,70.97%,
Single,AR_SP_VF_yshaarj_nzoth_yogg_4013302390054383_Mis_AM_ME,31727,70.97%,
Single,AR_SP_VF_yshaarj_yogg_cthun_1971370784579055_IN_IV_DR,31726,70.96%,
Single,VW_DH_VW_VF_nzoth_yogg_cthun_3133347418398191_Mis_AM_DR,31726,70.96%,
Single,AR_EC_VF_nzoth_yogg_cthun_3169159786913279_Mis_IV_ME_DS,31725,70.96%,
Single,AR_SW_VF_yshaarj_nzoth_yogg_4013447278616047_Mis_IV_ME_DS,31725,70.96%,
Single,AR_SP_VF_yshaarj_yogg_cthun_2043251290144749_IN_AM_DR,31724,70.96%,
Single,AR_EC_VF_nzoth_yogg_cthun_3132867313786351_Mis_IV_DR,31724,70.95%,
Single,AR_EC_VF_nzoth_yogg_cthun_3169151196986863_Mis_AM_ME,31723,70.95%,
Single,AR_EC_VF_yshaarj_nzoth_yogg_4013584717053423_IN_IV_ME_DS,31723,70.95%,
Single,VW_DH_TV_VF_yshaarj_nzoth_yogg_3977513577275373_Mis_IV_ME_DS,31722,70.95%,
Single,VW_DH_TV_VF_nzoth_yogg_cthun_3132791220658157_Mis_AM_ME,31722,70.95%,
Single,AR_SW_VF_yshaarj_nzoth_yogg_4013309906771439_IN_AM_DR_DS,31722,70.94%,
Single,AR_SW_VF_yshaarj_nzoth_yogg_4013310912880127_IN_IV_DR_DS,31722,70.94%,
Single,AR_SW_VF_yshaarj_nzoth_yogg_4013447278099951_IN_AM_DR_DS,31721,70.94%,
Single,VW_DH_TV_VF_yshaarj_nzoth_yogg_3977514650492399_Mis_IV_ME_DS,31721,70.94%,
Single,AR_SP_VF_yshaarj_nzoth_yogg_4013584717053933_IN_AM_DR_DS,31720,70.93%,
Single,AR_EC_VF_nzoth_yogg_cthun_3169151196978687_Mis_AM_ME,31720,70.93%,
Single,AR_EC_VF_yshaarj_nzoth_yogg_4013309839671277_Mis_IV_DR_DS,31719,70.93%,
Single,VW_DH_TV_VF_yshaarj_nzoth_yogg_4049797876342255_Mis_IV_DR_DS,31719,70.93%,
Single,VW_DH_VW_VF_nzoth_yogg_cthun_3132813768719855_Mis_IV_DR_DS,31719,70.93%,
Single,VW_DH_VW_VF_nzoth_yogg_cthun_3132791220657647_Mis_IV_DR,31718,70.92%,
Single,AR_SW_VF_nzoth_yogg_cthun_3132996162805231_Mis_AM_ME,31717,70.92%,
Single,AR_SW_VF_yshaarj_nzoth_yogg_4013309906255853_Mis_IV_ME_DS,31717,70.92%,
Single,AR_SW_VF_yshaarj_nzoth_yogg_4014409350774765_Mis_IV_DR_DS,31716,70.91%,
Single,AR_SW_VF_yshaarj_yogg_cthun_1972332790669293_IN_IV_ME,31715,70.91%,
Single,AR_SW_VF_yshaarj_yogg_cthun_1973432368881135_IN_IV_DR,31714,70.90%,
Single,AR_EC_VF_yshaarj_nzoth_yogg_4013584784154605_Mis_AM_ME_DS,31714,70.90%,
Single,AR_SW_VF_yshaarj_yogg_cthun_1988688026132461_IN_IV_ME,31714,70.90%,
Single,VW_DH_TV_VF_yshaarj_nzoth_yogg_3977788454657519_Mis_IV_DR_DS,31714,70.90%,
Single,AR_SP_VF_yshaarj_yogg_cthun_1971233346150381_IN_IV_DR,31714,70.90%,
Single,AR_SW_VF_yshaarj_nzoth_yogg_4013301316320751_Mis_AM_ME,31714,70.90%,
Single,VW_DH_VW_VF_nzoth_yogg_cthun_3132814842453487_Mis_IV_ME_DS,31713,70.89%,
Single,AR_SW_VF_yshaarj_nzoth_yogg_4014409417875437_Mis_AM_DR_DS,31712,70.89%,
Single,AR_SW_VF_yshaarj_nzoth_yogg_4013584717570029_Mis_AM_DR_DS,31712,70.89%,
Single,AR_EC_VF_yshaarj_nzoth_yogg_4013310912888813_IN_AM_ME_DS,31712,70.89%,
Single,AR_EC_VF_yshaarj_yogg_cthun_1972332790153197_IN_IV_DR,31711,70.88%,
Single,AR_EC_VF_yshaarj_nzoth_yogg_4013851005017599_Mis_AM_DR,31711,70.88%,
Single,AR_SP_VF_nzoth_yogg_cthun_3132858723859951_Mis_IV_ME,31709,70.87%,
Single,AR_EC_VF_yshaarj_nzoth_yogg_4013447278616557_Mis_AM_ME_DS,31709,70.87%,
Single,VW_DH_VW_VF_nzoth_yogg_cthun_3150259925876717_Mis_AM_ME_DS,31708,70.87%,
Single,AR_SW_VF_yshaarj_nzoth_yogg_4013584784154605_Mis_AM_ME_DS,31707,70.86%,
Single,AR_SP_VF_yshaarj_nzoth_yogg_4013309906771439_Mis_IV_DR_DS,31707,70.86%,
Single,AR_SW_VF_yshaarj_yogg_cthun_1972332790153197_IN_IV_DR,31707,70.86%,
Single,AR_EC_VF_yshaarj_nzoth_yogg_4014409351290861_Mis_IV_ME_DS,31707,70.86%,
Single,VW_DH_TV_VF_yshaarj_nzoth_yogg_3977497470623231_Mis_AM_DR,31707,70.86%,
Single,AR_SP_VF_yshaarj_nzoth_yogg_3977567188410349_Mis_AM_ME,31707,70.86%,
Single,AR_SW_VF_nzoth_yogg_cthun_3132858723860461_Mis_AM_ME,31707,70.86%,
Single,AR_SP_VF_yshaarj_nzoth_yogg_3977567121825263_Mis_IV_DR,31707,70.86%,
Single,AR_EC_VF_nzoth_yogg_cthun_3132996162289135_Mis_AM_DR,31706,70.86%,
Single,VW_DH_VW_VF_nzoth_yogg_cthun_3133348492140015_Mis_IV_DR,31705,70.85%,
Single,AR_SP_VF_nzoth_yogg_cthun_3132867313270255_Mis_IV_DR,31705,70.85%,
Single,VW_DH_TV_VF_nzoth_yogg_cthun_3150259925876717_Mis_AM_ME_DS,31705,70.85%,
Single,VW_DH_VW_VF_nzoth_yogg_cthun_3132814842453487_Mis_IV_DR_DS,31705,70.85%,
Single,AR_EC_VF_yshaarj_yogg_cthun_1971233346150381_IN_IV_DR,31704,70.85%,
Single,AR_EC_VF_yshaarj_yogg_cthun_1971233614061549_IN_AM_DR,31704,70.85%,
Single,AR_EC_VF_nzoth_yogg_cthun_3132867313270765_Mis_AM_ME,31704,70.84%,
Single,AR_EC_VF_yshaarj_nzoth_yogg_4014400760831487_Mis_AM_DR,31703,70.84%,
Single,AR_EC_VF_yshaarj_yogg_cthun_1971233614061549_Mis_IV_DR,31703,70.84%,
Single,AR_SW_VF_yshaarj_nzoth_yogg_4013318429597167_IN_AM_ME_DS,31702,70.84%,
Single,AR_SW_VF_yshaarj_nzoth_yogg_4013584717053423_IN_IV_ME_DS,31702,70.83%,
Single,AR_SP_VF_yshaarj_nzoth_yogg_4013318429597677_Mis_AM_DR_DS,31701,70.83%,
Single,AR_SW_VF_yshaarj_nzoth_yogg_4013576127110655_Mis_AM_DR,31701,70.83%,
Single,VW_DH_TV_VF_yshaarj_nzoth_yogg_3977635983318511_Mis_AM_DR,31701,70.83%,
Single,AR_EC_VF_nzoth_yogg_cthun_3169159854022127_Mis_AM_ME_DS,31700,70.83%,
Single,AR_SP_VF_yshaarj_nzoth_yogg_3977567121300991_IN_AM_ME,31700,70.83%,
Single,AR_SW_VF_yshaarj_yogg_cthun_1988688092716527_IN_AM_DR,31700,70.83%,
Single,AR_SP_VF_yshaarj_nzoth_yogg_4013309906771949_IN_AM_ME_DS,31700,70.83%,
Single,AR_SW_VF_yshaarj_nzoth_yogg_4013310913404909_Mis_IV_DR_DS,31700,70.82%,
Single,AR_SW_VF_yshaarj_nzoth_yogg_4013301249211903_IN_AM_DR,31699,70.82%,
Single,AR_SW_VF_yshaarj_nzoth_yogg_4013310174682607_Mis_AM_DR_DS,31699,70.82%,
Single,VW_DH_VW_VF_nzoth_yogg_cthun_3132813835820527_Mis_IV_DR_DS,31699,70.82%,
Single,VW_DH_VW_VF_nzoth_yogg_cthun_3150259992976879_Mis_AM_ME_DS,31698,70.82%,
Single,AR_EC_VF_yshaarj_yogg_cthun_1972332857253869_IN_AM_DR,31697,70.81%,
Single,VW_DH_TV_VF_yshaarj_nzoth_yogg_3977651015704557_Mis_AM_ME_DS,31697,70.81%,
Single,AR_SW_VF_nzoth_yogg_cthun_3132875903205357_Mis_IV_ME_DS,31697,70.81%,
Single,AR_EC_VF_yshaarj_yogg_cthun_1988688025616365_Mis_AM_DR,31696,70.80%,
Single,AR_EC_VF_nzoth_yogg_cthun_3132875903720943_IN_AM_ME_DS,31695,70.80%,
Single,VW_DH_TV_VF_yshaarj_nzoth_yogg_3977497471148013_Mis_AM_ME,31695,70.79%,
Single,AR_EC_VF_yshaarj_nzoth_yogg_4013576127118831_Mis_AM_DR,31695,70.79%,
Single,AR_SP_VF_yshaarj_yogg_cthun_1972332790153197_IN_IV_DR,31694,70.79%,
Single,AR_EC_VF_nzoth_yogg_cthun_3132875970305519_Mis_IV_ME_DS,31693,70.79%,
Single,AR_SP_VF_yshaarj_nzoth_yogg_4013301249736685_Mis_AM_ME,31693,70.79%,
Single,AR_EC_VF_yshaarj_nzoth_yogg_4014409350766079_IN_IV_ME_DS,31693,70.78%,
Single,AR_SP_VF_yshaarj_nzoth_yogg_4013309839671277_Mis_IV_ME_DS,31692,70.78%,
Single,VW_DH_VW_VF_nzoth_yogg_cthun_3133363524525551_Mis_IV_DR_DS,31692,70.78%,
Single,AR_EC_VF_yshaarj_yogg_cthun_1988688026131951_Mis_IV_DR,31691,70.78%,
Single,AR_EC_VF_nzoth_yogg_cthun_3132875903205357_Mis_IV_DR_DS,31691,70.78%,
Single,AR_SP_VF_nzoth_yogg_cthun_3132867313262079_IN_AM_DR,31691,70.78%,
Single,AR_SP_VF_nzoth_yogg_cthun_3169159787437551_IN_AM_ME_DS,31691,70.77%,
Single,AR_SW_VF_nzoth_yogg_cthun_3132996162289135_Mis_AM_DR,31690,70.77%,
Single,AR_SP_VF_yshaarj_nzoth_yogg_4014409351290351_IN_AM_DR_DS,31690,70.77%,
Single,AR_SW_VF_nzoth_yogg_cthun_3169159787437551_Mis_AM_DR_DS,31689,70.77%,
Single,VW_DH_TV_VF_nzoth_yogg_cthun_3150244893490671_Mis_AM_ME,31689,70.77%,
Single,AR_SP_VF_nzoth_yogg_cthun_3132859864178159_Mis_AM_ME,31689,70.76%,
Single,AR_SW_VF_yshaarj_nzoth_yogg_4014409350766079_IN_IV_ME_DS,31689,70.76%,
Single,AR_SW_VF_nzoth_yogg_cthun_3132859864178159_Mis_AM_ME,31689,70.76%,
Single,VW_DH_TV_VF_yshaarj_nzoth_yogg_3977498544373231_Mis_IV_ME,31688,70.76%,
Single,AR_SP_VF_yshaarj_yogg_cthun_1988688026132461_IN_IV_ME,31688,70.76%,
Single,AR_EC_VF_yshaarj_yogg_cthun_1973432368881645_Mis_IV_ME,31687,70.76%,
Single,VW_DH_VW_VF_nzoth_yogg_cthun_3132813769236461_Mis_IV_ME_DS,31687,70.75%,
Single,AR_EC_VF_yshaarj_yogg_cthun_1988688026132461_IN_AM_DR,31687,70.75%,
Single,VW_DH_TV_VF_nzoth_yogg_cthun_3205372946210287_Mis_AM_ME_DS,31686,70.75%,
Single,VW_DH_TV_VF_yshaarj_nzoth_yogg_3977513576758767_Mis_IV_ME_DS,31686,70.75%,
Single,AR_SP_VF_yshaarj_yogg_cthun_1988688092716527_IN_AM_DR,31686,70.75%,
Single,VW_DH_TV_VF_nzoth_yogg_cthun_3132807326269421_Mis_IV_ME_DS,31686,70.75%,
Single,VW_DH_TV_VF_nzoth_yogg_cthun_3132806319627759_Mis_IV_ME_DS,31686,70.75%,
Single,AR_EC_VF_yshaarj_yogg_cthun_1988688026132461_Mis_IV_ME,31685,70.74%,
Single,VW_DH_VW_VF_nzoth_yogg_cthun_3132797662592495_Mis_AM_ME,31684,70.74%,
Single,VW_DH_TV_VF_nzoth_yogg_cthun_3132791220141551_Mis_AM_DR,31684,70.74%,
Single,VW_DH_TV_VF_nzoth_yogg_cthun_3132927652453871_Mis_AM_DR,31684,70.74%,
Single,AR_SW_VF_yshaarj_nzoth_yogg_4013584717569519_IN_IV_ME_DS,31683,70.73%,
Single,VW_DH_TV_VF_nzoth_yogg_cthun_3132807393370093_Mis_IV_DR_DS,31683,70.73%,
Single,AR_SP_VF_nzoth_yogg_cthun_3132996162289135_Mis_AM_DR,31683,70.73%,
Single,AR_EC_VF_yshaarj_yogg_cthun_1972332790153197_IN_IV_ME,31682,70.73%,
Single,AR_SW_VF_yshaarj_yogg_cthun_1971233614061549_IN_IV_ME,31682,70.73%,
Single,VW_DH_TV_VF_nzoth_yogg_cthun_3135004202041325_Mis_AM_ME_DS,31682,70.73%,
Single,AR_SP_VF_nzoth_yogg_cthun_3169151196986863_Mis_AM_ME,31682,70.73%,
Single,AR_EC_VF_yshaarj_nzoth_yogg_4013310912888813_Mis_IV_ME_DS,31682,70.73%,
Single,AR_EC_VF_nzoth_yogg_cthun_3132867313270255_Mis_IV_DR,31681,70.72%,
Single,AR_SP_VF_yshaarj_nzoth_yogg_4013309906771439_IN_AM_DR_DS,31681,70.72%,
Single,VW_DH_TV_VF_nzoth_yogg_cthun_3132797729693167_Mis_AM_ME,31681,70.72%,
Single,VW_DH_VW_VF_nzoth_yogg_cthun_3133348492140525_Mis_AM_DR,31681,70.72%,
Single,AR_SW_VF_nzoth_yogg_cthun_3169159786913279_Mis_IV_DR_DS,31680,70.72%,
Single,AR_SP_VF_nzoth_yogg_cthun_3132858790436351_Mis_IV_ME,31679,70.71%,
Single,VW_DH_TV_VF_nzoth_yogg_cthun_3132813768720365_Mis_AM_DR_DS,31678,70.71%,
Single,AR_SP_VF_yshaarj_nzoth_yogg_3977567121309167_IN_AM_ME,31678,70.71%,
Single,AR_SP_VF_yshaarj_nzoth_yogg_4013318429081071_IN_AM_DR_DS,31678,70.71%,
Single,AR_SP_VF_yshaarj_nzoth_yogg_4013302322945535_IN_AM_ME,31678,70.71%,
Single,AR_EC_VF_yshaarj_nzoth_yogg_4013584717053933_IN_AM_ME_DS,31678,70.70%,
Single,AR_SW_VF_yshaarj_nzoth_yogg_4013447278091775_Mis_IV_DR_DS,31677,70.70%,
Single,AR_SW_VF_yshaarj_nzoth_yogg_4013318429081071_Mis_IV_ME_DS,31677,70.70%,
Single,AR_EC_VF_nzoth_yogg_cthun_3169159786913279_IN_AM_DR_DS,31677,70.70%,
Single,VW_DH_VW_VF_nzoth_yogg_cthun_3132799810067951_Mis_AM_DR,31676,70.70%,
Single,VW_DH_TV_VF_yshaarj_nzoth_yogg_3977498611473903_Mis_IV_ME,31676,70.69%,
Single,VW_DH_VW_VF_nzoth_yogg_cthun_3133363524526061_Mis_AM_DR_DS,31676,70.69%,
Single,AR_SP_VF_nzoth_yogg_cthun_3132858723860461_Mis_AM_DR,31675,70.69%,
Single,AR_SW_VF_yshaarj_nzoth_yogg_4014409351290351_IN_AM_ME_DS,31675,70.69%,
Single,AR_SW_VF_yshaarj_nzoth_yogg_4013438688157183_Mis_AM_ME,31675,70.69%,
Single,AR_SP_VF_nzoth_yogg_cthun_3169159786921455_IN_AM_DR_DS,31675,70.69%,
Single,VW_DH_TV_VF_yshaarj_nzoth_yogg_3977498611473903_Mis_IV_DR,31674,70.69%,
Single,VW_DH_TV_VF_nzoth_yogg_cthun_3132798803435501_Mis_AM_ME,31674,70.69%,
Single,VW_DH_TV_VF_nzoth_yogg_cthun_3132936175279599_Mis_AM_DR,31674,70.69%,
Single,VW_DH_TV_VF_yshaarj_nzoth_yogg_3979712600006637_Mis_AM_ME_DS,31674,70.69%,
Single,AR_SW_VF_yshaarj_yogg_cthun_1988688026131951_IN_IV_DR,31674,70.68%,
Single,AR_SW_VF_yshaarj_nzoth_yogg_4013310979988975_Mis_IV_DR_DS,31673,70.68%,
Single,VW_DH_VW_VF_nzoth_yogg_cthun_3132791220658157_Mis_AM_DR,31673,70.68%,
Single,AR_SP_VF_yshaarj_nzoth_yogg_4013447345200623_Mis_AM_ME_DS,31673,70.68%,
Single,VW_DH_TV_VF_nzoth_yogg_cthun_3132944765214191_Mis_IV_ME_DS,31672,70.68%,
Single,AR_EC_VF_nzoth_yogg_cthun_3132867380370927_Mis_AM_ME,31672,70.68%,
Single,VW_DH_TV_VF_nzoth_yogg_cthun_3132797662584319_Mis_AM_DR,31672,70.67%,
Single,AR_SW_VF_yshaarj_yogg_cthun_1973432368881645_Mis_IV_ME,31672,70.67%,
Single,VW_DH_TV_VF_nzoth_yogg_cthun_3135006349516781_Mis_AM_ME_DS,31672,70.67%,
Single,VW_DH_VW_VF_yshaarj_nzoth_yogg_3977515724234223_Mis_AM_ME_DS,31671,70.67%,
Single,AR_EC_VF_yshaarj_nzoth_yogg_4013309906247167_IN_IV_ME_DS,31671,70.67%,
Single,AR_EC_VF_yshaarj_nzoth_yogg_4014409350774255_IN_AM_DR_DS,31671,70.67%,
Single,AR_SP_VF_yshaarj_nzoth_yogg_4013318429597167_IN_AM_ME_DS,31670,70.66%,
Single,VW_DH_VW_VF_yshaarj_nzoth_yogg_3977513576750591_Mis_AM_ME_DS,31670,70.66%,
Single,AR_EC_VF_yshaarj_nzoth_yogg_4013576127110655_IN_AM_ME,31670,70.66%,
Single,AR_SP_VF_yshaarj_yogg_cthun_1971233345634285_IN_IV_DR,31669,70.66%,
Single,AR_SP_VF_yshaarj_nzoth_yogg_4013309906255343_Mis_IV_DR_DS,31668,70.65%,
Single,AR_SW_VF_yshaarj_nzoth_yogg_4013584717053933_IN_AM_ME_DS,31668,70.65%,
Single,VW_DH_TV_VF_yshaarj_nzoth_yogg_3977513577275373_Mis_IV_DR_DS,31668,70.65%,
Single,AR_EC_VF_yshaarj_yogg_cthun_1972332790669293_IN_IV_ME,31668,70.65%,
Single,AR_SP_VF_yshaarj_nzoth_yogg_4013576127634927_Mis_AM_DR,31668,70.65%,
Single,VW_DH_VW_VF_yshaarj_nzoth_yogg_3977513577274863_Mis_AM_DR_DS,31667,70.65%,
Single,AR_SP_VF_yshaarj_nzoth_yogg_3977567121309167_IN_AM_DR,31667,70.65%,
Single,VW_DH_TV_VF_yshaarj_nzoth_yogg_4049531588369903_Mis_AM_ME_DS,31666,70.64%,
Single,VW_DH_VW_VF_yshaarj_nzoth_yogg_4049522998960109_Mis_AM_ME_DS,31666,70.64%,
Single,VW_DH_TV_VF_nzoth_yogg_cthun_3132927585869805_Mis_AM_ME,31666,70.64%,
Single,VW_DH_VW_VF_yshaarj_nzoth_yogg_3977513576750591_Mis_AM_DR_DS,31666,70.64%,
Single,AR_SW_VF_nzoth_yogg_cthun_3132858723335679_IN_AM_DR,31665,70.64%,
Single,AR_SW_VF_yshaarj_nzoth_yogg_4013310912888303_IN_IV_ME_DS,31664,70.63%,
Single,VW_DH_TV_VF_yshaarj_nzoth_yogg_4049524072177645_Mis_AM_ME_DS,31664,70.63%,
Single,AR_EC_VF_nzoth_yogg_cthun_3132859797593583_Mis_AM_ME,31663,70.63%,
Single,AR_EC_VF_yshaarj_yogg_cthun_1971233614061549_Mis_IV_ME,31663,70.63%,
Single,VW_DH_VW_VF_nzoth_yogg_cthun_3135004202041325_Mis_AM_ME_DS,31663,70.63%,
Single,AR_SP_VF_nzoth_yogg_cthun_3132858723860461_Mis_AM_ME,31663,70.62%,
Single,AR_SP_VF_yshaarj_nzoth_yogg_4013302322953711_Mis_AM_DR,31662,70.62%,
Single,AR_SW_VF_yshaarj_yogg_cthun_2043251290660845_Mis_AM_DR,31662,70.62%,
Single,VW_DH_TV_VF_yshaarj_nzoth_yogg_3977514650492909_Mis_AM_ME_DS,31662,70.62%,
Single,AR_SW_VF_nzoth_yogg_cthun_3132875970305519_Mis_IV_DR_DS,31662,70.62%,
Single,AR_SP_VF_yshaarj_nzoth_yogg_4013851005541871_Mis_AM_DR,31662,70.62%,
Single,AR_EC_VF_nzoth_yogg_cthun_3132858723859951_Mis_IV_ME,31661,70.62%,
Single,VW_DH_TV_VF_nzoth_yogg_cthun_3132806252527597_Mis_AM_ME_DS,31661,70.62%,
Single,AR_SP_VF_yshaarj_yogg_cthun_1973432368881645_IN_AM_DR,31661,70.61%,
Single,AR_EC_VF_yshaarj_nzoth_yogg_4013301249727999_IN_AM_ME,31660,70.61%,
Single,VW_DH_TV_VF_nzoth_yogg_cthun_3132927652453871_Mis_AM_ME,31660,70.61%,
Single,AR_EC_VF_yshaarj_nzoth_yogg_4013584717569519_IN_IV_ME_DS,31660,70.61%,
Single,VW_DH_TV_VF_yshaarj_nzoth_yogg_3977515724234733_Mis_IV_ME_DS,31658,70.60%,
Single,AR_EC_VF_nzoth_yogg_cthun_3132875903720943_IN_AM_DR_DS,31658,70.60%,
Single,VW_DH_TV_VF_yshaarj_nzoth_yogg_4049660437389293_Mis_AM_ME_DS,31658,70.60%,
Single,VW_DH_TV_VF_nzoth_yogg_cthun_3134997759581679_Mis_AM_ME,31657,70.59%,
Single,AR_EC_VF_yshaarj_yogg_cthun_1971234352783341_IN_IV_DR,31657,70.59%,
Single,VW_DH_TV_VF_yshaarj_nzoth_yogg_3977513643859439_Mis_IV_DR_DS,31656,70.59%,
Single,AR_EC_VF_nzoth_yogg_cthun_3132859797069311_Mis_IV_ME,31655,70.58%,
Single,AR_EC_VF_nzoth_yogg_cthun_3132858723860461_Mis_AM_DR,31653,70.57%,
Single,AR_SW_VF_yshaarj_nzoth_yogg_4013301249727999_Mis_IV_ME,31653,70.57%,
Single,AR_EC_VF_yshaarj_nzoth_yogg_4013309839662591_IN_IV_DR_DS,31653,70.57%,
Single,VW_DH_VW_VF_nzoth_yogg_cthun_3132797662584319_Mis_AM_DR,31652,70.57%,
Single,VW_DH_TV_VF_yshaarj_nzoth_yogg_3977498611474413_Mis_AM_DR,31652,70.57%,
Single,AR_SW_VF_yshaarj_nzoth_yogg_4013851005017599_IN_AM_ME,31652,70.57%,
Single,AR_SP_VF_yshaarj_yogg_cthun_1973432301780973_IN_IV_DR,31652,70.57%,
Single,AR_SP_VF_yshaarj_nzoth_yogg_4013301316312575_Mis_AM_DR,31651,70.56%,
Single,AR_EC_VF_yshaarj_nzoth_yogg_4013447278616047_IN_AM_ME_DS,31651,70.56%,
Single,VW_DH_TV_VF_yshaarj_nzoth_yogg_4049524072177135_Mis_AM_DR_DS,31651,70.56%,
Single,AR_SW_VF_yshaarj_nzoth_yogg_3977567188410349_Mis_AM_ME,31651,70.56%,
Single,AR_EC_VF_yshaarj_yogg_cthun_2043251290660335_IN_IV_ME,31650,70.56%,
Single,AR_SP_VF_nzoth_yogg_cthun_3169159786921455_IN_AM_ME_DS,31650,70.55%,
Single,VW_DH_VW_VF_nzoth_yogg_cthun_3132806319628269_Mis_AM_ME_DS,31649,70.55%,
Single,AR_EC_VF_yshaarj_nzoth_yogg_4013301249736175_Mis_AM_DR,31649,70.55%,
Single,AR_SW_VF_yshaarj_nzoth_yogg_4014409417874927_Mis_IV_ME_DS,31648,70.55%,
Single,AR_EC_VF_nzoth_yogg_cthun_3132858723859951_Mis_IV_DR,31648,70.55%,
Single,VW_DH_TV_VF_yshaarj_nzoth_yogg_4049523065544685_Mis_AM_DR_DS,31648,70.54%,
Single,AR_SP_VF_nzoth_yogg_cthun_3132858790436351_Mis_IV_DR,31647,70.54%,
Single,AR_EC_VF_yshaarj_yogg_cthun_2043259880595437_IN_IV_DR_DS,31647,70.54%,
Single,AR_EC_VF_yshaarj_nzoth_yogg_4013310979989485_Mis_AM_ME_DS,31645,70.53%,
Single,AR_EC_VF_yshaarj_yogg_cthun_2043259947180013_IN_IV_ME_DS,31644,70.52%,
Single,AR_EC_VF_nzoth_yogg_cthun_3132867313270765_Mis_AM_DR,31644,70.52%,
Single,VW_DH_VW_VF_nzoth_yogg_cthun_3133348492140525_Mis_AM_ME,31643,70.52%,
Single,AR_SW_VF_nzoth_yogg_cthun_3132875970306029_Mis_AM_ME_DS,31643,70.52%,
Single,VW_DH_VW_VF_nzoth_yogg_cthun_3132942618254831_Mis_IV_DR_DS,31643,70.52%,
Single,AR_SW_VF_yshaarj_yogg_cthun_1973432301780973_IN_IV_ME,31642,70.51%,
Single,AR_SP_VF_nzoth_yogg_cthun_3132867313270255_Mis_IV_ME,31642,70.51%,
Single,AR_SP_VF_yshaarj_yogg_cthun_1973432368881645_Mis_IV_ME,31641,70.51%,
Single,AR_SP_VF_yshaarj_nzoth_yogg_4014409351290351_Mis_IV_ME_DS,31641,70.51%,
Single,AR_SP_VF_yshaarj_nzoth_yogg_4013309906247167_IN_IV_ME_DS,31641,70.51%,
Single,VW_DH_VW_VF_nzoth_yogg_cthun_3132791220658157_Mis_AM_ME,31641,70.51%,
Single,VW_DH_VW_VF_nzoth_yogg_cthun_3150244894006767_Mis_AM_ME,31641,70.51%,
Single,VW_DH_TV_VF_yshaarj_nzoth_yogg_4049660437388783_Mis_AM_DR_DS,31639,70.50%,
Single,VW_DH_VW_VF_nzoth_yogg_cthun_3135006349516271_Mis_IV_ME_DS,31638,70.49%,
Single,AR_EC_VF_yshaarj_nzoth_yogg_4013584784154095_Mis_IV_ME_DS,31637,70.49%,
Single,AR_EC_VF_yshaarj_nzoth_yogg_4013309906255853_Mis_AM_DR_DS,31637,70.49%,
Single,AR_SP_VF_nzoth_yogg_cthun_3169151196978687_Mis_AM_DR,31636,70.48%,
Single,AR_EC_VF_nzoth_yogg_cthun_3132858790960623_Mis_AM_DR,31636,70.48%,
Single,AR_SW_VF_yshaarj_yogg_cthun_1972332857253359_IN_IV_DR,31636,70.48%,
Single,AR_EC_VF_yshaarj_nzoth_yogg_4013310979988975_IN_AM_ME_DS,31635,70.48%,
Single,AR_SP_VF_yshaarj_yogg_cthun_1971370784579565_Mis_IV_ME,31635,70.47%,
Single,AR_SP_VF_nzoth_yogg_cthun_3132858723851775_IN_AM_ME,31635,70.47%,
Single,AR_SP_VF_yshaarj_nzoth_yogg_4013310174682607_Mis_AM_DR_DS,31634,70.47%,
Single,VW_DH_TV_VF_yshaarj_nzoth_yogg_3977499618107373_Mis_AM_ME,31634,70.47%,
Single,AR_SP_VF_yshaarj_nzoth_yogg_4013310913404909_Mis_IV_ME_DS,31634,70.47%,
Single,AR_SW_VF_yshaarj_yogg_cthun_1988688092716527_Mis_AM_DR,31634,70.47%,
Single,VW_DH_TV_VF_nzoth_yogg_cthun_3135006349516781_Mis_AM_DR_DS,31633,70.46%,
Single,AR_SW_VF_yshaarj_nzoth_yogg_4013447345200623_Mis_AM_ME_DS,31633,70.46%,
Single,AR_SW_VF_nzoth_yogg_cthun_3132858790960623_Mis_AM_ME,31632,70.46%,
Single,AR_SP_VF_yshaarj_yogg_cthun_1971233614061039_IN_IV_DR,31632,70.46%,
Single,VW_DH_VW_VF_nzoth_yogg_cthun_3132798736334829_Mis_AM_ME,31631,70.45%,
Single,AR_EC_VF_yshaarj_yogg_cthun_1971370717478893_IN_IV_ME,31631,70.45%,
Single,AR_EC_VF_yshaarj_nzoth_yogg_4013309839671277_IN_AM_DR_DS,31629,70.44%,
Single,AR_EC_VF_yshaarj_nzoth_yogg_4013318429081581_Mis_AM_ME_DS,31629,70.44%,
Single,AR_SW_VF_nzoth_yogg_cthun_3132859797593583_Mis_AM_ME,31628,70.44%,
Single,VW_DH_VW_VF_nzoth_yogg_cthun_3133348492140015_Mis_IV_ME,31628,70.43%,
Single,VW_DH_TV_VF_nzoth_yogg_cthun_3132791287242223_Mis_AM_DR,31627,70.43%,
Single,AR_EC_VF_yshaarj_yogg_cthun_1971370717994989_Mis_IV_DR,31627,70.43%,
Single,AR_SP_VF_yshaarj_nzoth_yogg_4013309839662591_IN_IV_DR_DS,31624,70.41%,
Single,AR_SP_VF_yshaarj_nzoth_yogg_4013309906255853_IN_AM_ME_DS,31624,70.41%,
Single,VW_DH_VW_VF_nzoth_yogg_cthun_3150534803774959_Mis_AM_DR_DS,31623,70.41%,
Single,VW_DH_TV_VF_yshaarj_nzoth_yogg_3977513576750591_Mis_IV_DR_DS,31623,70.41%,
Single,VW_DH_VW_VF_nzoth_yogg_cthun_3132806252527597_Mis_AM_ME_DS,31623,70.41%,
Single,AR_SW_VF_yshaarj_nzoth_yogg_4013310913404909_Mis_IV_ME_DS,31623,70.41%,
Single,AR_SP_VF_yshaarj_nzoth_yogg_4013447278100461_Mis_AM_ME_DS,31622,70.40%,
Single,AR_EC_VF_yshaarj_nzoth_yogg_4013309906255343_IN_AM_DR_DS,31621,70.40%,
Single,VW_DH_VW_VF_nzoth_yogg_cthun_3135006349516271_Mis_IV_DR_DS,31621,70.40%,
Single,AR_SW_VF_yshaarj_yogg_cthun_2043259880079341_IN_IV_DR_DS,31620,70.40%,
Single,VW_DH_VW_VF_nzoth_yogg_cthun_3132936175279599_Mis_AM_ME,31619,70.39%,
Single,VW_DH_TV_VF_nzoth_yogg_cthun_3132936175279599_Mis_AM_ME,31619,70.39%,
Single,AR_SP_VF_nzoth_yogg_cthun_3132859797593583_Mis_AM_DR,31617,70.38%,
Single,AR_EC_VF_yshaarj_yogg_cthun_1971370717994989_IN_IV_ME,31617,70.38%,
Single,AR_SP_VF_yshaarj_yogg_cthun_2043259947180013_IN_IV_ME_DS,31617,70.38%,
Single,AR_EC_VF_yshaarj_nzoth_yogg_4013851005025775_Mis_AM_ME,31616,70.37%,
Single,AR_EC_VF_nzoth_yogg_cthun_3132858790436351_Mis_IV_DR,31616,70.37%,
Single,AR_SW_VF_yshaarj_yogg_cthun_2043259947180013_IN_IV_ME_DS,31615,70.37%,
Single,AR_SP_VF_yshaarj_nzoth_yogg_4013310912880127_IN_IV_ME_DS,31615,70.37%,
Single,AR_SW_VF_yshaarj_nzoth_yogg_3977567121309167_IN_AM_DR,31615,70.36%,
Single,AR_SP_VF_yshaarj_nzoth_yogg_4013851005017599_IN_AM_ME,31614,70.36%,
Single,AR_SW_VF_yshaarj_yogg_cthun_1971233614061549_Mis_IV_ME,31614,70.36%,
Single,VW_DH_TV_VF_nzoth_yogg_cthun_3132799810067951_Mis_AM_DR,31614,70.36%,
Single,AR_EC_VF_yshaarj_nzoth_yogg_4013309906771949_Mis_AM_ME_DS,31614,70.36%,
Single,AR_SW_VF_yshaarj_nzoth_yogg_4013576127118831_Mis_AM_ME,31614,70.36%,
Single,AR_SP_VF_yshaarj_yogg_cthun_1971370784579565_IN_IV_ME,31613,70.36%,
Single,AR_SW_VF_yshaarj_nzoth_yogg_4013447278091775_IN_AM_DR_DS,31612,70.35%,
Single,VW_DH_TV_VF_nzoth_yogg_cthun_3132791220133375_Mis_IV_DR,31612,70.35%,
Single,AR_SP_VF_nzoth_yogg_cthun_3132859797069311_Mis_IV_DR,31612,70.35%,
Single,VW_DH_VW_VF_yshaarj_nzoth_yogg_4049523065544175_Mis_AM_ME_DS,31612,70.35%,
Single,AR_SW_VF_yshaarj_nzoth_yogg_3977567121825263_Mis_IV_ME,31611,70.35%,
Single,AR_SP_VF_yshaarj_nzoth_yogg_4013310979988975_Mis_IV_ME_DS,31611,70.34%,
Single,AR_EC_VF_nzoth_yogg_cthun_3132875970306029_Mis_AM_ME_DS,31610,70.34%,
Single,AR_SW_VF_yshaarj_nzoth_yogg_4014409417875437_Mis_AM_ME_DS,31610,70.34%,
Single,AR_SP_VF_yshaarj_nzoth_yogg_4013576127118831_Mis_AM_DR,31609,70.34%,
Single,AR_SW_VF_yshaarj_nzoth_yogg_4013309839670767_IN_IV_ME_DS,31609,70.34%,
Single,AR_SW_VF_nzoth_yogg_cthun_3169159786921455_IN_AM_ME_DS,31609,70.34%,
Single,AR_SP_VF_yshaarj_yogg_cthun_1973432368881135_IN_IV_DR,31609,70.33%,
Single,AR_EC_VF_yshaarj_yogg_cthun_1988688025615855_IN_IV_DR,31608,70.33%,
Single,AR_SP_VF_yshaarj_yogg_cthun_2043251357244911_Mis_IV_DR,31607,70.32%,
Single,AR_SW_VF_yshaarj_nzoth_yogg_4013309906771439_Mis_IV_DR_DS,31607,70.32%,
Single,AR_EC_VF_yshaarj_yogg_cthun_1973432301780973_IN_IV_ME,31607,70.32%,
Single,AR_EC_VF_yshaarj_yogg_cthun_1971233345634285_IN_IV_DR,31606,70.32%,
Single,AR_SP_VF_yshaarj_nzoth_yogg_4013584717045247_IN_IV_DR_DS,31606,70.32%,
Single,AR_SW_VF_yshaarj_nzoth_yogg_4013301249211903_Mis_IV_DR,31605,70.32%,
Single,AR_SW_VF_yshaarj_yogg_cthun_2043251290144749_Mis_IV_ME,31605,70.31%,
Single,AR_SP_VF_yshaarj_yogg_cthun_1988688025615855_IN_IV_DR,31605,70.31%,
Single,AR_SW_VF_yshaarj_yogg_cthun_1988688026132461_IN_AM_DR,31605,70.31%,
Single,AR_SW_VF_nzoth_yogg_cthun_3132875970305519_Mis_IV_ME_DS,31605,70.31%,
Single,AR_SW_VF_yshaarj_yogg_cthun_1988688025616365_IN_IV_ME,31604,70.31%,
Single,AR_SP_VF_yshaarj_nzoth_yogg_4013447278091775_IN_AM_DR_DS,31603,70.30%,
Single,VW_DH_TV_VF_nzoth_yogg_cthun_3150244894006767_Mis_AM_ME,31603,70.30%,
Single,VW_DH_TV_VF_yshaarj_nzoth_cthun_3696298445561327_Mis_AM_ME,31603,70.30%,
Single,AR_EC_VF_yshaarj_yogg_cthun_1971370784579055_Mis_IV_DR,31603,70.30%,
Single,AR_SW_VF_yshaarj_nzoth_yogg_4013309906255343_Mis_IV_DR_DS,31603,70.30%,
Single,AR_SW_VF_yshaarj_nzoth_yogg_4013447278616047_IN_AM_ME_DS,31602,70.30%,
Single,AR_EC_VF_yshaarj_nzoth_yogg_4013576127118831_Mis_AM_ME,31602,70.30%,
Single,AR_EC_VF_yshaarj_nzoth_yogg_4013851005541871_Mis_AM_ME,31602,70.30%,
Single,AR_SW_VF_yshaarj_nzoth_yogg_4013309839671277_Mis_IV_DR_DS,31601,70.29%,
Single,AR_SW_VF_yshaarj_nzoth_yogg_4013318429081071_Mis_IV_DR_DS,31601,70.29%,
Single,AR_EC_VF_yshaarj_nzoth_yogg_4013310979988975_Mis_IV_ME_DS,31600,70.29%,
Single,AR_EC_VF_yshaarj_nzoth_yogg_4013576127110655_Mis_AM_DR,31600,70.29%,
Single,AR_SW_VF_yshaarj_yogg_cthun_1971370784579565_Mis_AM_DR,31600,70.28%,
Single,VW_DH_VW_VF_nzoth_yogg_cthun_3132944765214701_Mis_AM_DR_DS,31600,70.28%,
Single,AR_SW_VF_yshaarj_nzoth_yogg_4013302322945535_Mis_AM_DR,31599,70.28%,
Single,VW_DH_TV_VF_nzoth_yogg_cthun_3150262073351663_Mis_AM_DR_DS,31599,70.28%,
Single,AR_SW_VF_yshaarj_nzoth_yogg_4013318429597677_Mis_AM_ME_DS,31598,70.28%,
Single,AR_SP_VF_yshaarj_nzoth_yogg_4013584784154605_Mis_AM_ME_DS,31598,70.27%,
Single,AR_EC_VF_yshaarj_nzoth_yogg_4013447278616047_Mis_AM_DR_DS,31598,70.27%,
Single,AR_EC_VF_yshaarj_nzoth_yogg_3977567121825773_Mis_AM_ME,31598,70.27%,
Single,VW_DH_VW_VF_nzoth_yogg_cthun_3135004202032639_Mis_IV_ME_DS,31598,70.27%,
Single,VW_DH_TV_VF_yshaarj_nzoth_yogg_4049525145918959_Mis_IV_DR_DS,31597,70.27%,
Single,VW_DH_VW_VF_nzoth_yogg_cthun_3132927652453871_Mis_AM_ME,31597,70.27%,
Single,AR_EC_VF_yshaarj_yogg_cthun_2043251290660335_IN_AM_DR,31597,70.27%,
Single,VW_DH_TV_VF_nzoth_yogg_cthun_3132798736334829_Mis_AM_ME,31597,70.27%,
Single,AR_SW_VF_yshaarj_nzoth_yogg_4013309906771439_Mis_IV_ME_DS,31597,70.27%,
Single,AR_SW_VF_yshaarj_yogg_cthun_1971233614061039_IN_IV_DR,31596,70.26%,
Single,AR_EC_VF_yshaarj_nzoth_yogg_4013318429072895_Mis_IV_DR_DS,31596,70.26%,
Single,AR_EC_VF_yshaarj_nzoth_yogg_4013584784154095_IN_AM_ME_DS,31596,70.26%,
Single,AR_EC_VF_nzoth_yogg_cthun_3132858790960623_Mis_AM_ME,31595,70.26%,
Single,AR_EC_VF_yshaarj_yogg_cthun_2043251290660845_Mis_AM_DR,31595,70.26%,
Single,VW_DH_TV_VF_nzoth_yogg_cthun_3134997759581679_Mis_AM_DR,31594,70.25%,
Single,VW_DH_TV_VF_nzoth_yogg_cthun_3132928659086831_Mis_AM_ME,31594,70.25%,
Single,AR_SP_VF_yshaarj_yogg_cthun_1988688026131951_Mis_IV_DR,31594,70.25%,
Single,AR_EC_VF_yshaarj_nzoth_yogg_4013447278100461_Mis_AM_ME_DS,31594,70.25%,
Single,AR_SW_VF_yshaarj_yogg_cthun_2043259947180013_Mis_IV_DR_DS,31594,70.25%,
Single,VW_DH_TV_VF_yshaarj_nzoth_yogg_3979697567620591_Mis_AM_DR,31593,70.25%,
Single,AR_SW_VF_yshaarj_nzoth_yogg_4013310912888813_Mis_IV_ME_DS,31593,70.25%,
Single,VW_DH_VW_VF_nzoth_yogg_cthun_3132813835820527_Mis_IV_ME_DS,31593,70.25%,
Single,VW_DH_TV_VF_nzoth_yogg_cthun_3132942617739245_Mis_AM_ME_DS,31593,70.25%,
Single,AR_EC_VF_yshaarj_yogg_cthun_1988688025615855_Mis_IV_DR,31593,70.25%,
Single,AR_SP_VF_yshaarj_nzoth_yogg_4013309906771949_Mis_AM_DR_DS,31592,70.24%,
Single,AR_SW_VF_yshaarj_yogg_cthun_2043251357244911_Mis_IV_ME,31592,70.24%,
Single,AR_SP_VF_yshaarj_yogg_cthun_2043259947180013_IN_AM_DR_DS,31592,70.24%,
Single,AR_SW_VF_nzoth_yogg_cthun_3169151196978687_Mis_AM_ME,31592,70.24%,
Single,AR_EC_VF_yshaarj_nzoth_yogg_4013318496181743_Mis_AM_ME_DS,31592,70.24%,
Single,VW_DH_VW_VF_nzoth_yogg_cthun_3134997759581679_Mis_AM_ME,31591,70.24%,
Single,AR_SW_VF_yshaarj_nzoth_yogg_3977567121825263_Mis_IV_DR,31591,70.24%,
Single,VW_DH_VW_VF_nzoth_yogg_cthun_3135004202556911_Mis_IV_DR_DS,31591,70.24%,
Single,VW_DH_TV_VF_yshaarj_nzoth_yogg_3977498544889837_Mis_IV_DR,31590,70.23%,
Single,AR_SW_VF_nzoth_yogg_cthun_3169159786913279_Mis_IV_ME_DS,31589,70.23%,
Single,AR_EC_VF_yshaarj_nzoth_yogg_4013309906771439_Mis_IV_ME_DS,31589,70.23%,
Single,AR_SP_VF_nzoth_yogg_cthun_3132875970306029_Mis_AM_ME_DS,31589,70.22%,
Single,AR_SW_VF_yshaarj_nzoth_yogg_4013584717045247_IN_IV_DR_DS,31588,70.22%,
Single,VW_DH_VW_VF_nzoth_yogg_cthun_3150259925868031_Mis_AM_DR_DS,31587,70.22%,
Single,AR_EC_VF_yshaarj_yogg_cthun_1972332857253869_Mis_IV_DR,31586,70.21%,
Single,AR_EC_VF_yshaarj_nzoth_yogg_4013309906255343_Mis_IV_DR_DS,31586,70.21%,
Single,AR_SW_VF_yshaarj_yogg_cthun_1971233614061549_IN_AM_DR,31586,70.21%,
Single,VW_DH_TV_VF_nzoth_yogg_cthun_3132813835820527_Mis_IV_DR_DS,31586,70.21%,
Single,AR_SW_VF_yshaarj_yogg_cthun_1988688026132461_Mis_IV_ME,31585,70.21%,
Single,AR_EC_VF_yshaarj_yogg_cthun_1988688025616365_Mis_IV_ME,31585,70.20%,
Single,AR_SP_VF_yshaarj_yogg_cthun_1971370717478893_Mis_IV_DR,31584,70.20%,
Single,AR_SW_VF_yshaarj_nzoth_yogg_4013302323469807_Mis_AM_ME,31584,70.20%,
Single,AR_SP_VF_yshaarj_nzoth_yogg_4013447278616047_Mis_AM_DR_DS,31583,70.19%,
Single,AR_SP_VF_nzoth_yogg_cthun_3132875970305519_Mis_IV_DR_DS,31582,70.19%,
Single,VW_DH_VW_VF_nzoth_yogg_cthun_3150262073351663_Mis_AM_DR_DS,31582,70.19%,
Single,AR_SP_VF_yshaarj_nzoth_yogg_4013310912888813_Mis_IV_ME_DS,31580,70.18%,
Single,VW_DH_TV_VF_yshaarj_nzoth_yogg_3977788454657519_Mis_IV_ME_DS,31580,70.18%,
Single,AR_SP_VF_nzoth_yogg_cthun_3132858790960623_Mis_AM_DR,31580,70.18%,
Single,VW_DH_VW_VF_nzoth_yogg_cthun_3132813768720365_Mis_AM_DR_DS,31580,70.18%,
Single,AR_SW_VF_yshaarj_nzoth_yogg_4014400760839663_Mis_AM_ME,31579,70.17%,
Single,VW_DH_TV_VF_nzoth_yogg_cthun_3135005275774447_Mis_AM_DR_DS,31579,70.17%,
Single,AR_SW_VF_yshaarj_yogg_cthun_2043251290660845_IN_AM_ME,31579,70.17%,
Single,VW_DH_TV_VF_yshaarj_nzoth_yogg_4049523065544175_Mis_IV_ME_DS,31579,70.17%,
Single,VW_DH_VW_VF_nzoth_yogg_cthun_3132806319627759_Mis_IV_ME_DS,31578,70.17%,
Single,VW_DH_VW_VF_nzoth_yogg_cthun_3132806252518911_Mis_IV_ME_DS,31578,70.16%,
Single,VW_DH_VW_VF_nzoth_yogg_cthun_3135006349516781_Mis_AM_ME_DS,31577,70.16%,
Single,VW_DH_VW_VF_nzoth_yogg_cthun_3132942618254831_Mis_IV_ME_DS,31576,70.16%,
Single,AR_EC_VF_yshaarj_nzoth_yogg_3977567121309167_Mis_IV_DR,31576,70.16%,
Single,VW_DH_TV_VF_yshaarj_nzoth_yogg_3977772348530159_Mis_AM_ME,31576,70.16%,
Single,AR_SP_VF_nzoth_yogg_cthun_3132867380370927_Mis_AM_ME,31575,70.15%,
Single,AR_SW_VF_yshaarj_nzoth_yogg_4013318429081581_Mis_AM_ME_DS,31575,70.15%,
Single,AR_EC_VF_yshaarj_nzoth_yogg_3977567121309167_Mis_IV_ME,31575,70.15%,
Single,VW_DH_TV_VF_nzoth_yogg_cthun_3132942684839407_Mis_AM_DR_DS,31575,70.15%,
Single,AR_SW_VF_nzoth_yogg_cthun_3132867313270255_Mis_IV_ME,31574,70.15%,
Single,VW_DH_TV_VF_nzoth_yogg_cthun_3133348492140015_Mis_IV_ME,31574,70.15%,
Single,AR_SW_VF_yshaarj_nzoth_yogg_4014400760831487_Mis_AM_ME,31574,70.14%,
Single,VW_DH_TV_VF_nzoth_yogg_cthun_3132798736326143_Mis_IV_ME,31572,70.14%,
Single,AR_SW_VF_yshaarj_nzoth_yogg_3977567121309167_Mis_IV_DR,31572,70.14%,
Single,VW_DH_TV_VF_yshaarj_nzoth_yogg_3977499618106863_Mis_AM_DR,31572,70.14%,
Single,AR_EC_VF_yshaarj_nzoth_yogg_4014409351290351_Mis_IV_DR_DS,31572,70.14%,
Single,AR_SW_VF_yshaarj_yogg_cthun_1971233346150381_IN_IV_DR,31572,70.13%,
Single,AR_EC_VF_yshaarj_nzoth_yogg_4013318429081071_IN_AM_ME_DS,31572,70.13%,
Single,AR_SP_VF_yshaarj_nzoth_yogg_4013576127110655_IN_AM_ME,31571,70.13%,
Single,VW_DH_VW_VF_nzoth_yogg_cthun_3132813835821037_Mis_AM_DR_DS,31571,70.13%,
Single,VW_DH_TV_VF_nzoth_yogg_cthun_3132797662584319_Mis_AM_ME,31570,70.13%,
Single,AR_EC_VF_nzoth_yogg_cthun_3132875970305519_Mis_IV_DR_DS,31570,70.12%,
Single,AR_EC_VF_yshaarj_nzoth_yogg_4013302322953711_Mis_AM_ME,31570,70.12%,
Single,AR_SP_VF_yshaarj_nzoth_yogg_4013584784154095_Mis_IV_ME_DS,31569,70.12%,
Single,AR_SW_VF_yshaarj_yogg_cthun_2043251290660335_IN_IV_ME,31568,70.11%,
Single,AR_SW_VF_yshaarj_nzoth_yogg_4013301249727999_IN_AM_ME,31568,70.11%,
Single,VW_DH_TV_VF_nzoth_yogg_cthun_3132942618255341_Mis_AM_DR_DS,31568,70.11%,
Single,VW_DH_TV_VF_yshaarj_nzoth_cthun_3768322899631599_Mis_AM_ME_DS,31567,70.11%,
Single,AR_SW_VF_yshaarj_nzoth_yogg_4014409351290351_Mis_IV_DR_DS,31566,70.11%,
Single,AR_SP_VF_yshaarj_nzoth_yogg_3977567121300991_Mis_IV_ME,31565,70.10%,
Single,AR_EC_VF_yshaarj_yogg_cthun_1972332857253359_IN_IV_DR,31565,70.10%,
Single,VW_DH_TV_VF_nzoth_yogg_cthun_3135004202040815_Mis_AM_DR_DS,31564,70.09%,
Single,AR_SP_VF_yshaarj_yogg_cthun_1971233614061549_IN_IV_ME,31563,70.08%,
Single,VW_DH_VW_VF_nzoth_yogg_cthun_3150268515802607_Mis_AM_ME_DS,31562,70.08%,
Single,VW_DH_TV_VF_yshaarj_nzoth_yogg_3977773422272493_Mis_AM_DR,31562,70.08%,
Single,AR_SP_VF_nzoth_yogg_cthun_3132867380370927_Mis_AM_DR,31562,70.08%,
Single,AR_SP_VF_yshaarj_nzoth_yogg_4013301249211903_IN_AM_DR,31562,70.08%,
Single,VW_DH_TV_VF_nzoth_yogg_cthun_3132813768719855_Mis_IV_ME_DS,31561,70.08%,
Single,VW_DH_VW_VF_yshaarj_nzoth_yogg_3977513577274863_Mis_AM_ME_DS,31561,70.08%,
Single,AR_SP_VF_yshaarj_nzoth_yogg_4014409417875437_Mis_AM_ME_DS,31560,70.07%,
Single,AR_SW_VF_yshaarj_yogg_cthun_2043251290660335_Mis_IV_DR,31560,70.07%,
Single,VW_DH_TV_VF_nzoth_yogg_cthun_3135004202557421_Mis_AM_DR_DS,31560,70.07%,
Single,AR_SW_VF_yshaarj_nzoth_yogg_4013309906247167_IN_IV_ME_DS,31559,70.07%,
Single,AR_EC_VF_yshaarj_yogg_cthun_1971233614061039_IN_IV_DR,31559,70.06%,
Single,AR_EC_VF_yshaarj_nzoth_yogg_4014409351290351_Mis_IV_ME_DS,31558,70.06%,
Single,VW_DH_VW_VF_nzoth_yogg_cthun_3135005275774447_Mis_AM_ME_DS,31558,70.06%,
Single,AR_EC_VF_yshaarj_nzoth_yogg_4013301249211903_IN_AM_ME,31558,70.06%,
Single,AR_EC_VF_nzoth_yogg_cthun_3132859797593583_Mis_AM_DR,31556,70.05%,
Single,AR_SP_VF_yshaarj_nzoth_yogg_4013447278091775_Mis_IV_DR_DS,31555,70.04%,
Single,VW_DH_TV_VF_yshaarj_nzoth_yogg_3977788454658029_Mis_AM_DR_DS,31555,70.04%,
Single,AR_SW_VF_nzoth_yogg_cthun_3132858790444527_Mis_AM_DR,31555,70.04%,
Single,AR_SP_VF_yshaarj_nzoth_yogg_4013318429072895_Mis_IV_DR_DS,31554,70.04%,
Single,AR_EC_VF_yshaarj_nzoth_yogg_3977567121825773_Mis_AM_DR,31554,70.04%,
Single,VW_DH_TV_VF_yshaarj_nzoth_cthun_3696313477946863_Mis_AM_DR_DS,31553,70.03%,
Single,AR_SW_VF_yshaarj_yogg_cthun_2043251290136063_IN_IV_DR,31553,70.03%,
Single,AR_SP_VF_nzoth_yogg_cthun_3132996162289135_Mis_AM_ME,31553,70.03%,
Single,AR_SW_VF_yshaarj_yogg_cthun_2043251357245421_Mis_AM_ME,31552,70.03%,
Single,VW_DH_VW_VF_nzoth_yogg_cthun_3132944765214191_Mis_IV_ME_DS,31552,70.03%,
Single,AR_SP_VF_yshaarj_yogg_cthun_2043251357244911_Mis_IV_ME,31552,70.03%,
Single,AR_SP_VF_nzoth_yogg_cthun_3132996162280959_Mis_AM_ME,31551,70.02%,
Single,VW_DH_TV_VF_nzoth_yogg_cthun_3132813835821037_Mis_AM_DR_DS,31550,70.02%,
Single,AR_SP_VF_yshaarj_yogg_cthun_1988688025616365_Mis_IV_ME,31550,70.02%,
Single,AR_SW_VF_yshaarj_nzoth_yogg_4013584717569519_Mis_IV_DR_DS,31549,70.01%,
Single,AR_EC_VF_yshaarj_nzoth_yogg_4014409417874927_Mis_AM_DR_DS,31549,70.01%,
Single,AR_SW_VF_nzoth_yogg_cthun_3132875903720943_Mis_IV_ME_DS,31548,70.00%,
Single,AR_SW_VF_yshaarj_nzoth_yogg_4013310913404909_IN_AM_ME_DS,31547,70.00%,
Single,AR_EC_VF_yshaarj_yogg_cthun_2043251290136063_IN_IV_DR,31547,70.00%,
Single,AR_SW_VF_yshaarj_yogg_cthun_1973432302297069_IN_IV_ME,31547,70.00%,
Single,AR_EC_VF_yshaarj_nzoth_yogg_4013309839671277_Mis_IV_ME_DS,31547,70.00%,
Single,VW_DH_VW_VF_nzoth_yogg_cthun_3150244893482495_Mis_AM_ME,31547,70.00%,
Single,AR_SP_VF_yshaarj_nzoth_yogg_4013310913404399_IN_AM_DR_DS,31546,69.99%,
Single,AR_EC_VF_nzoth_yogg_cthun_3169159786921455_IN_AM_ME_DS,31545,69.99%,
Single,AR_SW_VF_yshaarj_yogg_cthun_1973432302297069_IN_AM_DR,31545,69.99%,
Single,AR_SW_VF_yshaarj_nzoth_yogg_4013584717053933_Mis_AM_DR_DS,31544,69.98%,
Single,AR_SP_VF_nzoth_yogg_cthun_3169159786913279_Mis_IV_DR_DS,31544,69.98%,
Single,VW_DH_TV_VF_nzoth_yogg_cthun_3135004202032639_Mis_IV_DR_DS,31543,69.98%,
Single,AR_EC_VF_yshaarj_nzoth_yogg_4013309906247167_IN_AM_DR_DS,31543,69.98%,
Single,VW_DH_TV_VF_yshaarj_nzoth_yogg_3977773422271983_Mis_IV_DR,31543,69.98%,
Single,AR_SW_VF_nzoth_yogg_cthun_3132867380370927_Mis_AM_ME,31543,69.98%,
Single,AR_SW_VF_nzoth_yogg_cthun_3132858723335679_IN_AM_ME,31543,69.98%,
Single,AR_SP_VF_yshaarj_yogg_cthun_1988688025615855_Mis_IV_DR,31543,69.98%,
Single,VW_DH_VW_VF_nzoth_yogg_cthun_3132944765214701_Mis_AM_ME_DS,31542,69.97%,
Single,VW_DH_TV_VF_nzoth_yogg_cthun_3132944765214701_Mis_AM_ME_DS,31541,69.97%,
Single,AR_EC_VF_yshaarj_nzoth_yogg_4013310913404399_IN_AM_DR_DS,31541,69.97%,
Single,AR_EC_VF_yshaarj_yogg_cthun_1971234352267245_IN_IV_DR,31540,69.96%,
Single,VW_DH_TV_VF_nzoth_yogg_cthun_3132807326785517_Mis_IV_ME_DS,31540,69.96%,
Single,AR_SW_VF_yshaarj_nzoth_yogg_4013301316312575_Mis_AM_ME,31540,69.96%,
Single,VW_DH_TV_VF_yshaarj_nzoth_cthun_3696298445561327_Mis_AM_DR,31539,69.96%,
Single,VW_DH_TV_VF_yshaarj_nzoth_yogg_3977513643859439_Mis_IV_ME_DS,31538,69.95%,
Single,AR_SP_VF_nzoth_yogg_cthun_3169151196978687_Mis_AM_ME,31537,69.95%,
Single,AR_EC_VF_yshaarj_nzoth_yogg_4013584717053933_Mis_AM_DR_DS,31537,69.95%,
Single,AR_EC_VF_nzoth_yogg_cthun_3132996162280959_Mis_AM_DR,31537,69.94%,
Single,AR_SW_VF_yshaarj_nzoth_yogg_4013318429081071_IN_AM_ME_DS,31536,69.94%,
Single,VW_DH_TV_VF_nzoth_yogg_cthun_3135004202032639_Mis_IV_ME_DS,31536,69.94%,
Single,VW_DH_TV_VF_nzoth_yogg_cthun_3150268515802607_Mis_AM_ME_DS,31536,69.94%,
Single,AR_EC_VF_yshaarj_yogg_cthun_1973432301780973_Mis_IV_DR,31536,69.94%,
Single,AR_SW_VF_yshaarj_nzoth_yogg_4013584784154095_IN_AM_ME_DS,31536,69.94%,
Single,AR_SP_VF_yshaarj_yogg_cthun_1988688026132461_Mis_IV_ME,31536,69.94%,
Single,VW_DH_TV_VF_yshaarj_nzoth_yogg_3977498544373741_Mis_AM_DR,31536,69.94%,
Single,AR_SP_VF_yshaarj_yogg_cthun_1972332790153197_IN_IV_ME,31535,69.94%,
Single,AR_EC_VF_yshaarj_nzoth_yogg_4013447278091775_Mis_IV_DR_DS,31535,69.94%,
Single,AR_SW_VF_yshaarj_yogg_cthun_2043259947180013_IN_AM_DR_DS,31535,69.93%,
Single,AR_EC_VF_nzoth_yogg_cthun_3132875903204847_IN_AM_DR_DS,31534,69.93%,
Single,AR_SP_VF_yshaarj_yogg_cthun_1988688092716527_Mis_AM_DR,31534,69.93%,
Single,AR_SW_VF_yshaarj_yogg_cthun_2043259947179503_IN_IV_DR_DS,31534,69.93%,
Single,AR_SP_VF_yshaarj_yogg_cthun_2043259880079341_IN_IV_DR_DS,31533,69.92%,
Single,AR_SP_VF_yshaarj_nzoth_yogg_4013851005017599_Mis_AM_DR,31533,69.92%,
Single,AR_EC_VF_yshaarj_nzoth_yogg_4013309906771439_IN_AM_ME_DS,31533,69.92%,
Single,VW_DH_VW_VF_nzoth_yogg_cthun_3132951207665135_Mis_AM_DR_DS,31532,69.92%,
Single,VW_DH_TV_VF_yshaarj_nzoth_yogg_4049797876342255_Mis_IV_ME_DS,31532,69.92%,
Single,AR_SW_VF_yshaarj_yogg_cthun_1988688026131951_IN_IV_ME,31532,69.92%,
Single,VW_DH_VW_VF_nzoth_yogg_cthun_3132797662584319_Mis_AM_ME,31532,69.92%,
Single,AR_SW_VF_yshaarj_nzoth_yogg_4013447278616557_Mis_AM_ME_DS,31531,69.92%,
Single,VW_DH_TV_VF_nzoth_yogg_cthun_3132942617730559_Mis_IV_DR_DS,31530,69.91%,
Single,AR_SP_VF_yshaarj_nzoth_yogg_4013318429081581_Mis_AM_DR_DS,31530,69.91%,
Single,VW_DH_VW_VF_nzoth_yogg_cthun_3150259926392303_Mis_AM_DR_DS,31530,69.91%,
Single,VW_DH_VW_VF_nzoth_yogg_cthun_3133347418398191_Mis_AM_ME,31530,69.91%,
Single,AR_SW_VF_yshaarj_nzoth_yogg_4013447278099951_Mis_AM_DR_DS,31530,69.91%,
Single,AR_SP_VF_yshaarj_yogg_cthun_1971370717994989_Mis_IV_DR,31529,69.91%,
Single,VW_DH_TV_VF_yshaarj_nzoth_yogg_3977773422272493_Mis_AM_ME,31529,69.90%,
Single,VW_DH_VW_VF_nzoth_yogg_cthun_3132806253043183_Mis_IV_ME_DS,31529,69.90%,
Single,AR_SW_VF_yshaarj_nzoth_yogg_4013318496181743_Mis_AM_ME_DS,31529,69.90%,
Single,AR_EC_VF_nzoth_yogg_cthun_3169159787437551_Mis_AM_DR_DS,31528,69.90%,
Single,VW_DH_VW_VF_nzoth_yogg_cthun_3132936175279599_Mis_AM_DR,31528,69.90%,
Single,AR_SP_VF_yshaarj_yogg_cthun_1971233614061549_IN_AM_DR,31527,69.89%,
Single,AR_SW_VF_nzoth_yogg_cthun_3132996162280959_Mis_AM_DR,31527,69.89%,
Single,VW_DH_VW_VF_nzoth_yogg_cthun_3132798736850925_Mis_AM_DR,31527,69.89%,
Single,AR_SW_VF_yshaarj_yogg_cthun_1972332790153197_IN_IV_ME,31527,69.89%,
Single,AR_EC_VF_yshaarj_nzoth_yogg_4013310912880127_IN_IV_ME_DS,31526,69.89%,
Single,VW_DH_VW_VF_nzoth_yogg_cthun_3150259926392813_Mis_AM_ME_DS,31526,69.88%,
Single,AR_EC_VF_nzoth_yogg_cthun_3169159787437551_Mis_AM_ME_DS,31525,69.88%,
Single,VW_DH_VW_VF_nzoth_yogg_cthun_3132942618255341_Mis_AM_DR_DS,31524,69.88%,
Single,AR_SW_VF_yshaarj_yogg_cthun_1972332857253869_Mis_IV_DR,31524,69.88%,
Single,VW_DH_VW_VF_nzoth_yogg_cthun_3135004202556911_Mis_IV_ME_DS,31524,69.88%,
Single,AR_SW_VF_nzoth_yogg_cthun_3132858723851775_Mis_IV_DR,31524,69.88%,
Single,VW_DH_VW_VF_nzoth_yogg_cthun_3133363524525551_Mis_IV_ME_DS,31523,69.87%,
Single,AR_EC_VF_yshaarj_nzoth_yogg_4013301249727999_Mis_AM_DR,31523,69.87%,
Single,AR_SP_VF_yshaarj_yogg_cthun_2043259880595437_IN_IV_DR_DS,31522,69.87%,
Single,VW_DH_TV_VF_nzoth_yogg_cthun_3133347418398191_Mis_AM_DR,31522,69.86%,
Single,VW_DH_TV_VF_nzoth_yogg_cthun_3135004202556911_Mis_IV_DR_DS,31522,69.86%,
Single,VW_DH_VW_VF_nzoth_yogg_cthun_3132798736326143_Mis_IV_ME,31521,69.86%,
Single,AR_SP_VF_yshaarj_nzoth_yogg_3977567121825773_Mis_AM_DR,31521,69.86%,
Single,AR_SP_VF_yshaarj_yogg_cthun_2043251290144749_IN_AM_ME,31521,69.86%,
Single,AR_EC_VF_yshaarj_yogg_cthun_1971370717478893_Mis_IV_DR,31520,69.86%,
Single,VW_DH_VW_VF_yshaarj_nzoth_yogg_4049525145918959_Mis_AM_DR_DS,31520,69.85%,
Single,AR_SW_VF_yshaarj_nzoth_yogg_4013309906771949_Mis_AM_DR_DS,31520,69.85%,
Single,AR_SW_VF_yshaarj_yogg_cthun_1971370717994989_IN_IV_ME,31519,69.85%,
Single,AR_EC_VF_nzoth_yogg_cthun_3132858723335679_IN_AM_DR,31519,69.85%,
Single,AR_SW_VF_yshaarj_nzoth_yogg_4013318429072895_IN_AM_DR_DS,31518,69.84%,
Single,VW_DH_TV_VF_nzoth_yogg_cthun_3132791220657647_Mis_IV_DR,31518,69.84%,
Single,AR_SP_VF_yshaarj_nzoth_yogg_4013584717053933_IN_AM_ME_DS,31517,69.84%,
Single,VW_DH_TV_VF_yshaarj_nzoth_yogg_3977498544365055_Mis_IV_DR,31516,69.84%,
Single,AR_SW_VF_yshaarj_nzoth_yogg_3977567121825773_Mis_AM_DR,31516,69.83%,
Single,AR_SP_VF_yshaarj_nzoth_yogg_4013851005025775_Mis_AM_DR,31516,69.83%,
Single,AR_SP_VF_yshaarj_nzoth_yogg_4013584717053933_Mis_AM_DR_DS,31516,69.83%,
Single,VW_DH_VW_VF_nzoth_yogg_cthun_3135004202032639_Mis_IV_DR_DS,31516,69.83%,
Single,VW_DH_VW_VF_nzoth_yogg_cthun_3132944765214191_Mis_IV_DR_DS,31516,69.83%,
Single,VW_DH_VW_VF_yshaarj_nzoth_yogg_4049522998435327_Mis_AM_DR_DS,31516,69.83%,
Single,AR_EC_VF_yshaarj_nzoth_yogg_4013584717570029_Mis_AM_DR_DS,31515,69.83%,
Single,VW_DH_TV_VF_yshaarj_nzoth_yogg_3979712600006127_Mis_AM_DR_DS,31515,69.83%,
Single,AR_SP_VF_nzoth_yogg_cthun_3132858790960623_Mis_AM_ME,31515,69.83%,
Single,AR_SW_VF_yshaarj_nzoth_yogg_4013310912880127_IN_IV_ME_DS,31515,69.83%,
Single,AR_SW_VF_yshaarj_yogg_cthun_1972332857253869_IN_AM_DR,31514,69.82%,
Single,AR_SP_VF_nzoth_yogg_cthun_3132875903204847_IN_AM_DR_DS,31513,69.82%,
Single,AR_SP_VF_yshaarj_nzoth_yogg_4013309839671277_IN_AM_DR_DS,31511,69.81%,
Single,AR_SW_VF_nzoth_yogg_cthun_3132859797077487_Mis_AM_DR,31511,69.81%,
Single,AR_SW_VF_yshaarj_nzoth_yogg_4013584717045247_IN_IV_ME_DS,31511,69.81%,
Single,AR_SP_VF_yshaarj_nzoth_yogg_4014409350774255_Mis_IV_DR_DS,31511,69.81%,
Single,AR_SW_VF_yshaarj_nzoth_yogg_4014400760831487_Mis_AM_DR,31511,69.81%,
Single,AR_SP_VF_yshaarj_nzoth_yogg_4013302323469807_Mis_AM_ME,31511,69.81%,
Single,VW_DH_VW_VF_nzoth_yogg_cthun_3132798736850415_Mis_IV_ME,31511,69.81%,
Single,VW_DH_TV_VF_nzoth_yogg_cthun_3135005275774447_Mis_AM_ME_DS,31510,69.80%,
Single,VW_DH_TV_VF_nzoth_yogg_cthun_3132808400002543_Mis_IV_ME_DS,31510,69.80%,
Single,AR_EC_VF_yshaarj_nzoth_yogg_4013310174682607_Mis_AM_ME_DS,31509,69.80%,
Single,AR_SP_VF_yshaarj_yogg_cthun_1973432301780973_Mis_IV_DR,31509,69.79%,
Single,VW_DH_TV_VF_nzoth_yogg_cthun_3132944765214191_Mis_IV_DR_DS,31509,69.79%,
Single,AR_SW_VF_yshaarj_nzoth_yogg_4013309839662591_IN_IV_DR_DS,31508,69.79%,
Single,VW_DH_TV_VF_nzoth_yogg_cthun_3132814842453997_Mis_AM_ME_DS,31508,69.79%,
Single,AR_SP_VF_yshaarj_nzoth_yogg_4013302322945535_Mis_AM_DR,31508,69.79%,
Single,AR_EC_VF_yshaarj_nzoth_yogg_4013309839670767_IN_IV_ME_DS,31507,69.79%,
Single,AR_SP_VF_yshaarj_nzoth_yogg_4014400760839663_Mis_AM_ME,31507,69.78%,
Single,VW_DH_TV_VF_nzoth_yogg_cthun_3135006349516271_Mis_IV_DR_DS,31507,69.78%,
Single,AR_SP_VF_yshaarj_nzoth_yogg_4013309906255853_Mis_AM_DR_DS,31506,69.78%,
Single,AR_EC_VF_yshaarj_nzoth_yogg_4014409350774255_Mis_IV_ME_DS,31505,69.78%,
Single,AR_SW_VF_yshaarj_yogg_cthun_1988688092717037_IN_AM_ME,31505,69.78%,
Single,AR_EC_VF_yshaarj_yogg_cthun_2043251290144239_IN_IV_ME,31505,69.78%,
Single,AR_SP_VF_yshaarj_nzoth_yogg_4013318496181743_Mis_AM_ME_DS,31505,69.77%,
Single,AR_SP_VF_nzoth_yogg_cthun_3132875970305519_Mis_IV_ME_DS,31504,69.77%,
Single,AR_EC_VF_yshaarj_yogg_cthun_2043259947180013_IN_AM_DR_DS,31504,69.77%,
Single,AR_SP_VF_yshaarj_nzoth_yogg_4013309906771439_Mis_IV_ME_DS,31504,69.77%,
Single,VW_DH_TV_VF_yshaarj_nzoth_yogg_3977497537732079_Mis_AM_ME,31504,69.77%,
Single,AR_EC_VF_yshaarj_nzoth_yogg_4014409351290861_Mis_AM_DR_DS,31503,69.76%,
Single,AR_SP_VF_yshaarj_nzoth_yogg_4013309906771439_IN_AM_ME_DS,31503,69.76%,
Single,VW_DH_TV_VF_nzoth_yogg_cthun_3133348492140525_Mis_AM_DR,31503,69.76%,
Single,VW_DH_TV_VF_nzoth_yogg_cthun_3150259926392813_Mis_AM_ME_DS,31502,69.76%,
Single,AR_SP_VF_nzoth_yogg_cthun_3132867313270765_Mis_AM_ME,31501,69.75%,
Single,VW_DH_TV_VF_nzoth_yogg_cthun_3132942618254831_Mis_IV_ME_DS,31501,69.75%,
Single,AR_SP_VF_nzoth_yogg_cthun_3132858723859951_Mis_IV_DR,31501,69.75%,
Single,AR_EC_VF_yshaarj_nzoth_yogg_4014409350774255_IN_AM_ME_DS,31500,69.75%,
Single,VW_DH_TV_VF_nzoth_yogg_cthun_3132806252518911_Mis_IV_ME_DS,31500,69.75%,
Single,VW_DH_VW_VF_nzoth_yogg_cthun_3132791287242223_Mis_AM_DR,31500,69.75%,
Single,AR_SW_VF_yshaarj_nzoth_yogg_4013309839146495_IN_IV_DR_DS,31500,69.74%,
Single,AR_SW_VF_nzoth_yogg_cthun_3132875903204847_IN_AM_ME_DS,31499,69.74%,
Single,AR_SP_VF_nzoth_yogg_cthun_3132867313262079_Mis_IV_DR,31499,69.74%,
Single,AR_SW_VF_yshaarj_yogg_cthun_1973432302297069_Mis_IV_DR,31498,69.74%,
Single,AR_EC_VF_nzoth_yogg_cthun_3169159786913279_Mis_IV_DR_DS,31498,69.74%,
Single,AR_EC_VF_yshaarj_nzoth_yogg_4013310979988975_Mis_AM_DR_DS,31497,69.73%,
Single,AR_EC_VF_yshaarj_yogg_cthun_2043259947180013_Mis_IV_DR_DS,31497,69.73%,
Single,VW_DH_TV_VF_nzoth_yogg_cthun_3132798736850925_Mis_AM_DR,31496,69.72%,
Single,AR_SW_VF_yshaarj_nzoth_yogg_4013309906255343_IN_AM_DR_DS,31495,69.72%,
Single,VW_DH_TV_VF_yshaarj_nzoth_yogg_3977497470623231_Mis_AM_ME,31495,69.72%,
Single,VW_DH_TV_VF_nzoth_yogg_cthun_3132806253043693_Mis_AM_DR_DS,31494,69.71%,
Single,AR_SW_VF_nzoth_yogg_cthun_3132858790444527_Mis_AM_ME,31494,69.71%,
Single,AR_SP_VF_yshaarj_yogg_cthun_1972332790669293_IN_IV_ME,31494,69.71%,
Single,VW_DH_TV_VF_yshaarj_nzoth_yogg_4049522998960109_Mis_IV_ME_DS,31494,69.71%,
Single,VW_DH_VW_VF_nzoth_yogg_cthun_3135004202557421_Mis_AM_DR_DS,31493,69.71%,
Single,VW_DH_TV_VF_nzoth_yogg_cthun_3135004202556911_Mis_IV_ME_DS,31493,69.71%,
Single,AR_SP_VF_nzoth_yogg_cthun_3132875903720943_IN_AM_ME_DS,31493,69.71%,
Single,AR_SW_VF_yshaarj_nzoth_yogg_4013851005017599_Mis_AM_DR,31491,69.70%,
Single,AR_SP_VF_yshaarj_nzoth_yogg_4013301316312575_Mis_AM_ME,31490,69.69%,
Single,VW_DH_TV_VF_nzoth_yogg_cthun_3132808400003053_Mis_AM_ME_DS,31490,69.69%,
Single,VW_DH_TV_VF_nzoth_yogg_cthun_3132797662592495_Mis_AM_ME,31490,69.69%,
Single,AR_EC_VF_yshaarj_nzoth_yogg_4013309906255343_Mis_IV_ME_DS,31489,69.69%,
Single,VW_DH_VW_VF_nzoth_yogg_cthun_3132808400002543_Mis_IV_ME_DS,31489,69.69%,
Single,AR_SW_VF_yshaarj_yogg_cthun_1971250525495277_IN_IV_DR_DS,31489,69.69%,
Single,AR_EC_VF_yshaarj_nzoth_yogg_4013851005017599_Mis_AM_ME,31489,69.69%,
Single,AR_SW_VF_nzoth_yogg_cthun_3169159786921455_Mis_AM_DR_DS,31488,69.68%,
Single,VW_DH_TV_VF_yshaarj_nzoth_yogg_3977497471147503_Mis_AM_DR,31488,69.68%,
Single,AR_SW_VF_yshaarj_nzoth_yogg_4013309839671277_IN_AM_DR_DS,31488,69.68%,
Single,AR_EC_VF_yshaarj_nzoth_yogg_3977567188409839_Mis_AM_ME,31488,69.68%,
Single,AR_SP_VF_yshaarj_yogg_cthun_2043259947179503_IN_IV_DR_DS,31487,69.68%,
Single,VW_DH_TV_VF_nzoth_yogg_cthun_3132813835820527_Mis_IV_ME_DS,31487,69.68%,
Single,AR_SW_VF_yshaarj_nzoth_yogg_4014409350774255_IN_AM_DR_DS,31487,69.68%,
Single,AR_SW_VF_yshaarj_yogg_cthun_1971370717478893_Mis_IV_DR,31486,69.67%,
Single,AR_EC_VF_yshaarj_nzoth_yogg_4014400760831487_Mis_AM_ME,31486,69.67%,
Single,VW_DH_VW_VF_nzoth_yogg_cthun_3132808400002543_Mis_IV_DR_DS,31486,69.67%,
Single,VW_DH_VW_VF_nzoth_yogg_cthun_3132806253043693_Mis_AM_DR_DS,31484,69.66%,
Single,AR_SP_VF_yshaarj_nzoth_yogg_4013309839146495_IN_IV_DR_DS,31484,69.66%,
Single,VW_DH_TV_VF_yshaarj_nzoth_yogg_3977513576759277_Mis_AM_DR_DS,31483,69.66%,
Single,AR_EC_VF_nzoth_yogg_cthun_3132875903204847_IN_AM_ME_DS,31483,69.66%,
Single,AR_SP_VF_nzoth_yogg_cthun_3169159787437551_Mis_AM_DR_DS,31483,69.65%,
Single,AR_SP_VF_yshaarj_nzoth_yogg_4013309906255343_Mis_IV_ME_DS,31481,69.65%,
Single,AR_SP_VF_yshaarj_nzoth_yogg_4013309906255343_IN_AM_DR_DS,31481,69.64%,
Single,AR_SW_VF_nzoth_yogg_cthun_3132875903204847_IN_AM_DR_DS,31480,69.64%,
Single,AR_SW_VF_yshaarj_yogg_cthun_2043251290144749_Mis_AM_DR,31480,69.64%,
Single,AR_SP_VF_nzoth_yogg_cthun_3132996162280959_Mis_AM_DR,31479,69.63%,
Single,VW_DH_VW_VF_nzoth_yogg_cthun_3132942617739245_Mis_AM_ME_DS,31479,69.63%,
Single,AR_SP_VF_yshaarj_nzoth_yogg_4013310913404909_IN_AM_ME_DS,31479,69.63%,
Single,AR_EC_VF_yshaarj_yogg_cthun_1973432302297069_IN_AM_DR,31478,69.63%,
Single,AR_SW_VF_yshaarj_yogg_cthun_1971234352267245_IN_IV_DR,31477,69.62%,
Single,AR_SW_VF_yshaarj_nzoth_yogg_4013309839671277_IN_AM_ME_DS,31476,69.62%,
Single,AR_EC_VF_yshaarj_yogg_cthun_2043251357244911_Mis_IV_ME,31476,69.62%,
Single,VW_DH_VW_VF_nzoth_yogg_cthun_3135012791967215_Mis_AM_DR_DS,31475,69.61%,
Single,AR_EC_VF_yshaarj_yogg_cthun_1988688025607679_IN_IV_DR,31475,69.61%,
Single,AR_SP_VF_yshaarj_nzoth_yogg_4013310912888813_IN_AM_ME_DS,31474,69.61%,
Single,AR_SP_VF_yshaarj_nzoth_yogg_4013584717045247_IN_IV_ME_DS,31473,69.60%,
Single,VW_DH_VW_VF_nzoth_yogg_cthun_3132799810067951_Mis_AM_ME,31473,69.60%,
Single,AR_EC_VF_yshaarj_nzoth_yogg_4013584717569519_IN_AM_DR_DS,31473,69.60%,
Single,AR_SW_VF_yshaarj_yogg_cthun_2043251290660335_IN_AM_DR,31473,69.60%,
Single,AR_SP_VF_yshaarj_nzoth_yogg_3977567121309167_Mis_IV_ME,31472,69.59%,
Single,AR_SW_VF_yshaarj_yogg_cthun_2043251290144749_IN_AM_ME,31472,69.59%,
Single,AR_SP_VF_yshaarj_nzoth_yogg_4013318429597677_Mis_AM_ME_DS,31471,69.59%,
Single,VW_DH_VW_VF_nzoth_yogg_cthun_3132791287242223_Mis_AM_ME,31470,69.59%,
Single,VW_DH_VW_VF_nzoth_yogg_cthun_3135004202557421_Mis_AM_ME_DS,31470,69.59%,
Single,AR_SP_VF_yshaarj_nzoth_yogg_4013447278616047_IN_AM_ME_DS,31469,69.58%,
Single,AR_SW_VF_yshaarj_nzoth_yogg_4013584784154095_Mis_IV_ME_DS,31469,69.58%,
Single,VW_DH_TV_VF_nzoth_yogg_cthun_3150259925868031_Mis_AM_DR_DS,31468,69.58%,
Single,AR_EC_VF_yshaarj_nzoth_yogg_4013584717570029_Mis_AM_ME_DS,31468,69.58%,
Single,VW_DH_VW_VF_yshaarj_nzoth_yogg_4049797876342255_Mis_AM_ME_DS,31467,69.57%,
Single,AR_SP_VF_yshaarj_nzoth_yogg_4013318429072895_Mis_IV_ME_DS,31467,69.57%,
Single,AR_EC_VF_yshaarj_yogg_cthun_1971370717994989_IN_AM_DR,31467,69.57%,
Single,AR_SP_VF_yshaarj_yogg_cthun_1988688025616365_IN_IV_ME,31466,69.56%,
Single,AR_SW_VF_yshaarj_nzoth_yogg_4013309906255853_Mis_AM_DR_DS,31466,69.56%,
Single,AR_SP_VF_yshaarj_yogg_cthun_1988688092717037_IN_AM_ME,31466,69.56%,
Single,AR_SW_VF_nzoth_yogg_cthun_3169159786913279_IN_AM_ME_DS,31465,69.56%,
Single,AR_SP_VF_yshaarj_nzoth_yogg_4013318429081581_Mis_AM_ME_DS,31465,69.56%,
Single,AR_SP_VF_yshaarj_yogg_cthun_1973432302297069_IN_IV_ME,31465,69.56%,
Single,AR_SP_VF_yshaarj_yogg_cthun_1972332857253359_IN_IV_DR,31465,69.56%,
Single,AR_SP_VF_yshaarj_yogg_cthun_1971234419367917_IN_IV_ME,31465,69.56%,
Single,AR_EC_VF_yshaarj_yogg_cthun_1971250525495277_IN_IV_DR_DS,31464,69.55%,
Single,AR_EC_VF_yshaarj_nzoth_yogg_4013318429072895_Mis_IV_ME_DS,31464,69.55%,
Single,AR_SW_VF_yshaarj_nzoth_yogg_4014409351290861_Mis_AM_DR_DS,31463,69.55%,
Single,AR_EC_VF_yshaarj_nzoth_yogg_4013309906247167_Mis_IV_DR_DS,31463,69.55%,
Single,AR_SW_VF_nzoth_yogg_cthun_3132996162280959_Mis_AM_ME,31463,69.55%,
Single,VW_DH_VW_VF_nzoth_yogg_cthun_3132942617730559_Mis_IV_ME_DS,31462,69.54%,
Single,AR_SW_VF_yshaarj_yogg_cthun_1988688025615855_IN_IV_DR,31462,69.54%,
Single,AR_SP_VF_yshaarj_nzoth_yogg_3977567121309167_Mis_IV_DR,31461,69.54%,
Single,AR_EC_VF_yshaarj_nzoth_yogg_4013447278091775_Mis_IV_ME_DS,31461,69.54%,
Single,AR_SW_VF_yshaarj_yogg_cthun_1971370784579055_Mis_IV_DR,31461,69.54%,
Single,AR_SP_VF_yshaarj_nzoth_yogg_3977567121300991_Mis_IV_DR,31460,69.53%,
Single,AR_SW_VF_yshaarj_yogg_cthun_1973432302297069_Mis_IV_ME,31460,69.53%,
Single,VW_DH_TV_VF_nzoth_yogg_cthun_3132808400003053_Mis_AM_DR_DS,31460,69.53%,
Single,AR_EC_VF_yshaarj_yogg_cthun_1988688025615855_IN_IV_ME,31459,69.53%,
Single,AR_SW_VF_yshaarj_nzoth_yogg_4013851005541871_Mis_AM_ME,31459,69.53%,
Single,AR_SW_VF_yshaarj_nzoth_yogg_3977567188409839_Mis_AM_DR,31459,69.52%,
Single,AR_EC_VF_yshaarj_nzoth_yogg_4013318429597167_Mis_AM_DR_DS,31459,69.52%,
Single,AR_EC_VF_yshaarj_yogg_cthun_1988688025616365_IN_AM_DR,31458,69.52%,
Single,VW_DH_VW_VF_nzoth_yogg_cthun_3132942684839407_Mis_AM_DR_DS,31458,69.52%,
Single,VW_DH_TV_VF_nzoth_yogg_cthun_3150244893482495_Mis_AM_ME,31458,69.52%,
Single,AR_EC_VF_yshaarj_nzoth_yogg_4013447278099951_Mis_AM_DR_DS,31457,69.52%,
Single,VW_DH_VW_VF_nzoth_yogg_cthun_3132943691472367_Mis_AM_ME_DS,31457,69.51%,
Single,AR_EC_VF_yshaarj_yogg_cthun_1973432368881645_Mis_AM_DR,31455,69.51%,
Single,AR_SW_VF_nzoth_yogg_cthun_3132875903721453_Mis_AM_DR_DS,31455,69.50%,
Single,AR_SP_VF_yshaarj_yogg_cthun_1988688092717037_Mis_AM_ME,31454,69.50%,
Single,AR_SP_VF_yshaarj_yogg_cthun_1972332857253869_IN_AM_DR,31454,69.50%,
Single,AR_SP_VF_yshaarj_yogg_cthun_1973432302297069_Mis_IV_DR,31454,69.50%,
Single,AR_SP_VF_nzoth_yogg_cthun_3132858723335679_IN_AM_DR,31454,69.50%,
Single,AR_EC_VF_yshaarj_yogg_cthun_1973432302297069_IN_IV_ME,31453,69.49%,
Single,AR_SP_VF_nzoth_yogg_cthun_3169159786913279_Mis_IV_ME_DS,31453,69.49%,
Single,VW_DH_VW_VF_yshaarj_nzoth_yogg_4049522998959599_Mis_AM_DR_DS,31453,69.49%,
Single,AR_EC_VF_yshaarj_yogg_cthun_1971370717994989_Mis_IV_ME,31453,69.49%,
Single,AR_SP_VF_yshaarj_yogg_cthun_1971370784579055_Mis_IV_DR,31453,69.49%,
Single,AR_EC_VF_yshaarj_nzoth_yogg_4013447278099951_IN_AM_ME_DS,31453,69.49%,
Single,VW_DH_TV_VF_yshaarj_nzoth_yogg_3977651015704047_Mis_AM_DR_DS,31452,69.49%,
Single,AR_SP_VF_yshaarj_yogg_cthun_1988688025607679_IN_IV_DR,31452,69.49%,
Single,AR_EC_VF_yshaarj_yogg_cthun_1971370784579055_IN_IV_ME,31452,69.49%,
Single,AR_SP_VF_yshaarj_nzoth_yogg_4013310174682607_Mis_AM_ME_DS,31452,69.49%,
Single,AR_SW_VF_yshaarj_yogg_cthun_1971370717994989_Mis_IV_DR,31452,69.49%,
Single,AR_EC_VF_yshaarj_yogg_cthun_2043251290144749_IN_AM_ME,31451,69.48%,
Single,AR_SW_VF_yshaarj_yogg_cthun_1973432368881645_Mis_AM_DR,31449,69.47%,
Single,AR_SW_VF_yshaarj_nzoth_yogg_4013584717569519_IN_AM_DR_DS,31448,69.47%,
Single,VW_DH_VW_VF_nzoth_yogg_cthun_3132808400003053_Mis_AM_ME_DS,31447,69.46%,
Single,AR_SW_VF_yshaarj_yogg_cthun_1973432301780973_IN_AM_DR,31447,69.46%,
Single,AR_EC_VF_yshaarj_nzoth_yogg_4013310913404399_Mis_IV_DR_DS,31447,69.46%,
Single,AR_EC_VF_yshaarj_nzoth_yogg_3977567121300991_Mis_IV_DR,31445,69.45%,
Single,VW_DH_TV_VF_yshaarj_nzoth_yogg_3977498544365055_Mis_IV_ME,31445,69.45%,
Single,AR_SW_VF_yshaarj_yogg_cthun_1971370717994989_IN_AM_DR,31444,69.45%,
Single,AR_SW_VF_yshaarj_nzoth_yogg_4014409351290351_Mis_IV_ME_DS,31444,69.45%,
Single,AR_EC_VF_nzoth_yogg_cthun_3132858723335679_IN_AM_ME,31444,69.44%,
Single,AR_EC_VF_yshaarj_nzoth_yogg_4013318429597167_Mis_AM_ME_DS,31442,69.44%,
Single,AR_EC_VF_yshaarj_yogg_cthun_1973432368881645_IN_AM_ME,31442,69.43%,
Single,AR_SW_VF_yshaarj_yogg_cthun_1972332857253869_Mis_IV_ME,31441,69.43%,
Single,AR_EC_VF_nzoth_yogg_cthun_3132867313786351_Mis_AM_DR,31440,69.43%,
Single,VW_DH_TV_VF_nzoth_yogg_cthun_3133348492140015_Mis_IV_DR,31440,69.43%,
Single,AR_SW_VF_yshaarj_yogg_cthun_2043251290144239_IN_IV_ME,31440,69.42%,
Single,AR_SP_VF_nzoth_yogg_cthun_3132858723335679_IN_AM_ME,31440,69.42%,
Single,AR_EC_VF_yshaarj_yogg_cthun_1972332857253869_Mis_IV_ME,31440,69.42%,
Single,AR_SP_VF_yshaarj_yogg_cthun_2043251290660845_IN_AM_ME,31439,69.42%,
Single,VW_DH_TV_VF_nzoth_yogg_cthun_3132799810067951_Mis_AM_ME,31439,69.42%,
Single,AR_EC_VF_yshaarj_nzoth_yogg_4013310912880127_IN_AM_DR_DS,31439,69.42%,
Single,VW_DH_TV_VF_nzoth_yogg_cthun_3132943691472367_Mis_AM_ME_DS,31438,69.41%,
Single,AR_EC_VF_yshaarj_yogg_cthun_2043251290144749_Mis_AM_DR,31438,69.41%,
Single,AR_EC_VF_yshaarj_nzoth_yogg_4013310912888813_Mis_AM_DR_DS,31438,69.41%,
Single,VW_DH_VW_VF_nzoth_yogg_cthun_3135004202040815_Mis_AM_DR_DS,31437,69.41%,
Single,AR_SP_VF_yshaarj_yogg_cthun_2043251290660845_Mis_AM_DR,31437,69.41%,
Single,AR_SW_VF_yshaarj_yogg_cthun_1988688026131951_Mis_IV_DR,31437,69.41%,
Single,AR_EC_VF_nzoth_yogg_cthun_3132858790444527_Mis_AM_ME,31437,69.41%,
Single,AR_EC_VF_nzoth_yogg_cthun_3132867313262079_Mis_IV_ME,31436,69.40%,
Single,AR_SP_VF_yshaarj_nzoth_yogg_4013584717053423_Mis_IV_DR_DS,31435,69.40%,
Single,AR_EC_VF_yshaarj_yogg_cthun_1988688025607679_Mis_IV_DR,31435,69.40%,
Single,AR_EC_VF_nzoth_yogg_cthun_3132858723335679_Mis_IV_ME,31435,69.40%,
Single,VW_DH_VW_VF_nzoth_yogg_cthun_3132797663108591_Mis_AM_DR,31435,69.40%,
Single,AR_SP_VF_yshaarj_yogg_cthun_2043251290144749_Mis_AM_DR,31434,69.39%,
Single,AR_EC_VF_yshaarj_yogg_cthun_1988688026132461_Mis_AM_DR,31434,69.39%,
Single,VW_DH_VW_VF_nzoth_yogg_cthun_3132807326785517_Mis_IV_ME_DS,31434,69.39%,
Single,VW_DH_VW_VF_nzoth_yogg_cthun_3132798736334319_Mis_AM_DR,31434,69.39%,
Single,VW_DH_TV_VF_nzoth_yogg_cthun_3150534803774959_Mis_AM_ME_DS,31433,69.39%,
Single,AR_SW_VF_yshaarj_nzoth_yogg_4013584717570029_Mis_AM_ME_DS,31433,69.38%,
Single,AR_EC_VF_yshaarj_nzoth_yogg_4013302322945535_Mis_AM_ME,31432,69.38%,
Single,AR_SP_VF_yshaarj_nzoth_yogg_4013318429072895_IN_AM_DR_DS,31431,69.38%,
Single,AR_EC_VF_yshaarj_nzoth_yogg_4013309839146495_IN_IV_DR_DS,31431,69.38%,
Single,VW_DH_TV_VF_yshaarj_nzoth_yogg_3977515724234223_Mis_IV_ME_DS,31431,69.37%,
Single,AR_SW_VF_nzoth_yogg_cthun_3132858723335679_Mis_IV_ME,31430,69.37%,
Single,VW_DH_VW_VF_nzoth_yogg_cthun_3132806253043183_Mis_IV_DR_DS,31430,69.37%,
Single,AR_SP_VF_nzoth_yogg_cthun_3169159786913279_IN_AM_DR_DS,31429,69.36%,
Single,AR_SP_VF_yshaarj_yogg_cthun_2043259947180013_Mis_IV_DR_DS,31428,69.36%,
Single,AR_SW_VF_yshaarj_nzoth_yogg_4013310979988975_IN_AM_ME_DS,31428,69.36%,
Single,VW_DH_TV_VF_nzoth_yogg_cthun_3132942618254831_Mis_IV_DR_DS,31428,69.36%,
Single,AR_SP_VF_yshaarj_nzoth_yogg_4014409351290351_IN_AM_ME_DS,31427,69.35%,
Single,AR_SP_VF_yshaarj_nzoth_yogg_4014409350774255_IN_AM_DR_DS,31426,69.35%,
Single,VW_DH_VW_VF_nzoth_yogg_cthun_3132808400003053_Mis_AM_DR_DS,31425,69.34%,
Single,AR_EC_VF_yshaarj_nzoth_yogg_4014409350774765_Mis_AM_DR_DS,31425,69.34%,
Single,AR_SW_VF_yshaarj_nzoth_yogg_4013851005025775_Mis_AM_ME,31425,69.34%,
Single,VW_DH_VW_VF_nzoth_yogg_cthun_3132806252518911_Mis_IV_DR_DS,31424,69.34%,
Single,AR_SW_VF_nzoth_yogg_cthun_3132858723851775_Mis_IV_ME,31423,69.33%,
Single,AR_SP_VF_yshaarj_yogg_cthun_2043251290136063_IN_IV_DR,31423,69.33%,
Single,AR_EC_VF_yshaarj_nzoth_yogg_4014409350766079_IN_AM_DR_DS,31423,69.33%,
Single,AR_EC_VF_yshaarj_nzoth_yogg_4013309839671277_IN_AM_ME_DS,31422,69.33%,
Single,AR_SP_VF_yshaarj_nzoth_yogg_4013584784154095_IN_AM_ME_DS,31422,69.33%,
Single,AR_SW_VF_yshaarj_nzoth_yogg_4013310979988975_Mis_IV_ME_DS,31422,69.33%,
Single,AR_SW_VF_yshaarj_nzoth_yogg_4013447278616047_Mis_AM_DR_DS,31422,69.32%,
Single,AR_SW_VF_yshaarj_nzoth_yogg_4013309839671277_Mis_IV_ME_DS,31421,69.32%,
Single,AR_EC_VF_yshaarj_nzoth_yogg_4013310912888303_Mis_IV_ME_DS,31420,69.31%,
Single,AR_SP_VF_yshaarj_nzoth_yogg_4014400760831487_Mis_AM_DR,31420,69.31%,
Single,AR_SW_VF_yshaarj_nzoth_yogg_4013302322953711_Mis_AM_ME,31419,69.31%,
Single,AR_SP_VF_yshaarj_nzoth_yogg_4013309839671277_IN_AM_ME_DS,31419,69.31%,
Single,VW_DH_TV_VF_yshaarj_nzoth_yogg_3977513643859949_Mis_AM_DR_DS,31419,69.31%,
Single,AR_EC_VF_yshaarj_nzoth_yogg_4013309906255343_IN_AM_ME_DS,31418,69.31%,
Single,VW_DH_TV_VF_yshaarj_nzoth_yogg_3977788454658029_Mis_AM_ME_DS,31417,69.30%,
Single,AR_SP_VF_yshaarj_nzoth_yogg_4013584717570029_Mis_AM_DR_DS,31417,69.30%,
Single,AR_SW_VF_yshaarj_nzoth_yogg_4014409350774255_IN_AM_ME_DS,31417,69.30%,
Single,AR_SP_VF_yshaarj_yogg_cthun_2043251290660335_IN_IV_ME,31415,69.29%,
Single,AR_SW_VF_yshaarj_yogg_cthun_1971234352783341_IN_IV_DR,31415,69.29%,
Single,VW_DH_VW_VF_nzoth_yogg_cthun_3132813835821037_Mis_AM_ME_DS,31414,69.28%,
Single,AR_SW_VF_yshaarj_nzoth_yogg_4013301249211903_IN_AM_ME,31413,69.28%,
Single,VW_DH_TV_VF_nzoth_yogg_cthun_3150259926392303_Mis_AM_DR_DS,31413,69.28%,
Single,AR_SW_VF_yshaarj_nzoth_yogg_4013310174682607_Mis_AM_ME_DS,31413,69.28%,
Single,AR_SW_VF_yshaarj_nzoth_yogg_4013310913404399_IN_AM_DR_DS,31412,69.27%,
Single,AR_SP_VF_yshaarj_nzoth_yogg_4013302322953711_Mis_AM_ME,31412,69.27%,
Single,AR_SP_VF_yshaarj_nzoth_yogg_4013447278091775_Mis_IV_ME_DS,31412,69.27%,
Single,AR_EC_VF_yshaarj_nzoth_yogg_4014409417874927_Mis_AM_ME_DS,31412,69.27%,
Single,VW_DH_VW_VF_nzoth_yogg_cthun_3133363524526061_Mis_AM_ME_DS,31411,69.27%,
Single,AR_EC_VF_nzoth_yogg_cthun_3169159786921455_Mis_AM_DR_DS,31411,69.27%,
Single,AR_EC_VF_yshaarj_yogg_cthun_1973432301780973_IN_AM_DR,31411,69.27%,
Single,AR_SP_VF_yshaarj_nzoth_yogg_4013301249736175_Mis_AM_ME,31410,69.26%,
Single,VW_DH_TV_VF_nzoth_yogg_cthun_3132806253043183_Mis_IV_DR_DS,31410,69.26%,
Single,AR_SP_VF_nzoth_yogg_cthun_3132859797593583_Mis_AM_ME,31410,69.26%,
Single,VW_DH_VW_VF_nzoth_yogg_cthun_3150534803774959_Mis_AM_ME_DS,31410,69.26%,
Single,AR_EC_VF_yshaarj_nzoth_yogg_4013309906255853_Mis_AM_ME_DS,31410,69.26%,
Single,AR_EC_VF_yshaarj_yogg_cthun_1971233279049709_IN_IV_DR,31409,69.26%,
Single,AR_SW_VF_yshaarj_nzoth_yogg_4013584717053423_IN_AM_DR_DS,31409,69.26%,
Single,AR_EC_VF_nzoth_yogg_cthun_3132858790444527_Mis_AM_DR,31409,69.25%,
Single,AR_SP_VF_yshaarj_nzoth_yogg_4013318429081071_IN_AM_ME_DS,31408,69.25%,
Single,AR_EC_VF_yshaarj_nzoth_yogg_4013447278091775_IN_AM_ME_DS,31408,69.25%,
Single,VW_DH_TV_VF_nzoth_yogg_cthun_3135012791967215_Mis_AM_DR_DS,31408,69.25%,
Single,AR_EC_VF_nzoth_yogg_cthun_3132875903721453_Mis_AM_DR_DS,31408,69.25%,
Single,AR_SW_VF_yshaarj_yogg_cthun_1988688092716527_Mis_IV_ME,31408,69.25%,
Single,VW_DH_TV_VF_yshaarj_nzoth_yogg_4049525145918959_Mis_IV_ME_DS,31407,69.25%,
Single,AR_EC_VF_yshaarj_nzoth_yogg_4013301249736175_Mis_AM_ME,31407,69.25%,
Single,AR_SP_VF_yshaarj_nzoth_yogg_4013851005541871_Mis_AM_ME,31407,69.25%,
Single,AR_SW_VF_nzoth_yogg_cthun_3169159787437551_Mis_AM_ME_DS,31407,69.25%,
Single,AR_SP_VF_yshaarj_nzoth_yogg_4013309906247167_Mis_IV_ME_DS,31407,69.24%,
Single,AR_EC_VF_nzoth_yogg_cthun_3132867313786351_Mis_AM_ME,31406,69.24%,
Single,AR_SP_VF_yshaarj_nzoth_yogg_4013310913404909_Mis_AM_DR_DS,31406,69.24%,
Single,AR_EC_VF_yshaarj_nzoth_yogg_4013584717045247_IN_IV_ME_DS,31406,69.24%,
Single,VW_DH_TV_VF_nzoth_yogg_cthun_3150259925876207_Mis_AM_ME_DS,31406,69.24%,
Single,AR_SW_VF_yshaarj_nzoth_yogg_4013447278099951_IN_AM_ME_DS,31405,69.24%,
Single,AR_EC_VF_yshaarj_yogg_cthun_1988688026131951_IN_AM_DR,31405,69.23%,
Single,AR_SP_VF_yshaarj_nzoth_yogg_4014409351290861_Mis_AM_DR_DS,31405,69.23%,
Single,AR_SP_VF_yshaarj_nzoth_yogg_4014409350774765_Mis_AM_DR_DS,31405,69.23%,
Single,AR_SP_VF_yshaarj_yogg_cthun_1971234419367917_Mis_IV_DR,31405,69.23%,
Single,VW_DH_TV_VF_yshaarj_nzoth_yogg_3977498544889327_Mis_IV_ME,31404,69.23%,
Single,AR_SP_VF_nzoth_yogg_cthun_3169159787437551_Mis_AM_ME_DS,31404,69.23%,
Single,AR_SW_VF_yshaarj_yogg_cthun_2043251357244911_IN_AM_ME,31403,69.23%,
Single,VW_DH_TV_VF_nzoth_yogg_cthun_3132791220141551_Mis_AM_ME,31403,69.23%,
Single,AR_SP_VF_yshaarj_yogg_cthun_1971233614061549_Mis_IV_ME,31403,69.23%,
Single,AR_SP_VF_yshaarj_nzoth_yogg_4014409351290351_Mis_IV_DR_DS,31403,69.22%,
Single,VW_DH_TV_VF_yshaarj_nzoth_yogg_3979697567620591_Mis_AM_ME,31402,69.22%,
Single,AR_EC_VF_yshaarj_nzoth_yogg_4013584784154095_Mis_AM_ME_DS,31402,69.22%,
Single,AR_SW_VF_yshaarj_nzoth_yogg_4013318429597167_Mis_AM_DR_DS,31401,69.22%,
Single,AR_SP_VF_nzoth_yogg_cthun_3132858723851775_Mis_IV_ME,31401,69.21%,
Single,AR_SW_VF_yshaarj_nzoth_yogg_4013301249727999_Mis_AM_DR,31401,69.21%,
Single,AR_EC_VF_yshaarj_nzoth_yogg_4013584717053933_Mis_AM_ME_DS,31400,69.21%,
Single,VW_DH_TV_VF_nzoth_yogg_cthun_3135004202557421_Mis_AM_ME_DS,31400,69.21%,
Single,AR_SW_VF_yshaarj_yogg_cthun_1971234419367407_IN_IV_DR,31400,69.21%,
Single,AR_EC_VF_yshaarj_nzoth_yogg_3977567121300991_Mis_IV_ME,31400,69.21%,
Single,AR_SW_VF_nzoth_yogg_cthun_3132875903196671_IN_AM_DR_DS,31399,69.20%,
Single,VW_DH_TV_VF_yshaarj_nzoth_yogg_4049797876342765_Mis_AM_ME_DS,31399,69.20%,
Single,AR_EC_VF_yshaarj_nzoth_yogg_4013584717045247_IN_IV_DR_DS,31399,69.20%,
Single,AR_SP_VF_yshaarj_yogg_cthun_1988688026132461_IN_AM_DR,31398,69.20%,
Single,VW_DH_TV_VF_nzoth_yogg_cthun_3132798736850415_Mis_IV_DR,31398,69.20%,
Single,AR_SP_VF_yshaarj_nzoth_yogg_4014409350766079_IN_AM_DR_DS,31398,69.20%,
Single,VW_DH_TV_VF_nzoth_yogg_cthun_3133347418398191_Mis_AM_ME,31398,69.20%,
Single,AR_EC_VF_nzoth_yogg_cthun_3132996162280959_Mis_AM_ME,31396,69.19%,
Single,AR_SW_VF_yshaarj_yogg_cthun_1988688025615855_Mis_IV_DR,31396,69.19%,
Single,AR_SW_VF_yshaarj_nzoth_yogg_4013309906255343_Mis_IV_ME_DS,31395,69.18%,
Single,AR_SW_VF_yshaarj_yogg_cthun_1973432301780973_Mis_IV_DR,31395,69.18%,
Single,VW_DH_TV_VF_nzoth_yogg_cthun_3135004269141487_Mis_AM_DR_DS,31394,69.17%,
Single,AR_SW_VF_yshaarj_nzoth_yogg_4013447278091775_Mis_IV_ME_DS,31393,69.17%,
Single,VW_DH_TV_VF_nzoth_yogg_cthun_3132807326268911_Mis_IV_DR_DS,31392,69.17%,
Single,AR_SW_VF_yshaarj_yogg_cthun_1971233346150381_IN_IV_ME,31392,69.16%,
Single,AR_EC_VF_yshaarj_yogg_cthun_2043259947179503_IN_IV_DR_DS,31392,69.16%,
Single,AR_SP_VF_nzoth_yogg_cthun_3169159786921455_Mis_AM_DR_DS,31391,69.16%,
Single,VW_DH_TV_VF_nzoth_yogg_cthun_3133348492140525_Mis_AM_ME,31391,69.16%,
Single,AR_EC_VF_yshaarj_yogg_cthun_1988688026131951_IN_IV_ME,31391,69.16%,
Single,AR_SW_VF_yshaarj_nzoth_yogg_4013584784154095_Mis_AM_DR_DS,31391,69.16%,
Single,AR_SP_VF_yshaarj_nzoth_yogg_4014409417874927_Mis_AM_DR_DS,31390,69.15%,
Single,AR_SW_VF_yshaarj_nzoth_yogg_3977567121309167_Mis_IV_ME,31390,69.15%,
Single,AR_EC_VF_yshaarj_nzoth_yogg_3977567121309677_Mis_AM_DR,31390,69.15%,
Single,VW_DH_TV_VF_yshaarj_nzoth_yogg_3977497470631407_Mis_AM_ME,31389,69.15%,
Single,AR_SW_VF_yshaarj_nzoth_yogg_4014409417874927_Mis_AM_DR_DS,31388,69.15%,
Single,AR_SW_VF_yshaarj_nzoth_yogg_4013301249736175_Mis_AM_ME,31387,69.14%,
Single,VW_DH_TV_VF_nzoth_yogg_cthun_3132942618255341_Mis_AM_ME_DS,31386,69.13%,
Single,VW_DH_VW_VF_yshaarj_nzoth_yogg_4049525145918959_Mis_AM_ME_DS,31385,69.13%,
Single,VW_DH_TV_VF_nzoth_yogg_cthun_3132798736326143_Mis_IV_DR,31385,69.13%,
Single,AR_EC_VF_yshaarj_yogg_cthun_1973432302297069_Mis_IV_DR,31385,69.13%,
Single,AR_SP_VF_nzoth_yogg_cthun_3132858723851775_Mis_IV_DR,31385,69.13%,
Single,AR_SP_VF_yshaarj_nzoth_yogg_4013584784154095_Mis_AM_DR_DS,31384,69.12%,
Single,VW_DH_VW_VF_nzoth_yogg_cthun_3132942617738735_Mis_AM_DR_DS,31384,69.12%,
Single,AR_SW_VF_yshaarj_yogg_cthun_1973432368881135_IN_IV_ME,31384,69.12%,
Single,VW_DH_VW_VF_nzoth_yogg_cthun_3132807326785517_Mis_IV_DR_DS,31383,69.12%,
Single,AR_EC_VF_nzoth_yogg_cthun_3132875903720943_Mis_IV_ME_DS,31383,69.12%,
Single,AR_SP_VF_yshaarj_nzoth_yogg_4013576127118831_Mis_AM_ME,31383,69.12%,
Single,AR_SP_VF_nzoth_yogg_cthun_3132858723335679_Mis_IV_ME,31383,69.12%,
Single,VW_DH_TV_VF_yshaarj_nzoth_yogg_3977635983318511_Mis_AM_ME,31383,69.12%,
Single,AR_SW_VF_yshaarj_nzoth_yogg_4013447278100461_Mis_AM_ME_DS,31382,69.11%,
Single,AR_EC_VF_yshaarj_nzoth_yogg_4014409350774255_Mis_IV_DR_DS,31382,69.11%,
Single,VW_DH_VW_VF_nzoth_yogg_cthun_3150262073351663_Mis_AM_ME_DS,31381,69.11%,
Single,VW_DH_TV_VF_yshaarj_nzoth_yogg_4049522998959599_Mis_IV_ME_DS,31381,69.11%,
Single,VW_DH_TV_VF_yshaarj_nzoth_yogg_3977513576750591_Mis_IV_ME_DS,31381,69.11%,
Single,AR_SW_VF_yshaarj_nzoth_yogg_3977567121825773_Mis_AM_ME,31381,69.10%,
Single,AR_EC_VF_yshaarj_nzoth_yogg_4013310913404909_Mis_AM_DR_DS,31381,69.10%,
Single,VW_DH_TV_VF_nzoth_yogg_cthun_3132791220657647_Mis_AM_DR,31379,69.10%,
Single,VW_DH_VW_VF_nzoth_yogg_cthun_3132798736326143_Mis_IV_DR,31379,69.09%,
Single,VW_DH_TV_VF_nzoth_yogg_cthun_3132791287242223_Mis_AM_ME,31379,69.09%,
Single,AR_SP_VF_yshaarj_yogg_cthun_2043251357245421_Mis_AM_ME,31378,69.09%,
Single,AR_SW_VF_nzoth_yogg_cthun_3132867313262079_Mis_IV_ME,31378,69.09%,
Single,VW_DH_VW_VF_nzoth_yogg_cthun_3132942617730559_Mis_IV_DR_DS,31378,69.09%,
Single,AR_EC_VF_yshaarj_yogg_cthun_1971234419367917_IN_AM_DR,31377,69.09%,
Single,AR_SP_VF_yshaarj_nzoth_yogg_4013309906247167_IN_AM_DR_DS,31377,69.08%,
Single,AR_SP_VF_yshaarj_yogg_cthun_1972332857253869_Mis_IV_DR,31375,69.08%,
Single,AR_EC_VF_yshaarj_yogg_cthun_1971370784579055_IN_AM_DR,31375,69.07%,
Single,AR_EC_VF_nzoth_yogg_cthun_3132875903205357_Mis_AM_ME_DS,31374,69.07%,
Single,VW_DH_VW_VF_nzoth_yogg_cthun_3132927585353199_Mis_AM_ME,31374,69.07%,
Single,AR_SP_VF_yshaarj_yogg_cthun_1971234352783341_IN_IV_DR,31374,69.07%,
Single,AR_EC_VF_yshaarj_yogg_cthun_1971233346150381_IN_AM_DR,31372,69.06%,
Single,AR_EC_VF_nzoth_yogg_cthun_3169159786913279_IN_AM_ME_DS,31372,69.06%,
Single,AR_SW_VF_yshaarj_yogg_cthun_1988688025616365_Mis_IV_ME,31372,69.06%,
Single,AR_SW_VF_yshaarj_nzoth_yogg_4013318429072895_Mis_IV_ME_DS,31372,69.05%,
Single,VW_DH_VW_VF_nzoth_yogg_cthun_3132798736850925_Mis_AM_ME,31371,69.05%,
Single,AR_EC_VF_yshaarj_yogg_cthun_1971234419367917_IN_IV_ME,31370,69.05%,
Single,AR_SW_VF_yshaarj_nzoth_yogg_4013584717569519_Mis_IV_ME_DS,31369,69.04%,
Single,VW_DH_TV_VF_yshaarj_nzoth_cthun_3696313477946863_Mis_AM_ME_DS,31369,69.04%,
Single,AR_SP_VF_yshaarj_nzoth_yogg_4013447278099951_IN_AM_ME_DS,31369,69.04%,
Single,AR_EC_VF_yshaarj_nzoth_yogg_4013301249727999_Mis_AM_ME,31368,69.04%,
Single,AR_SP_VF_yshaarj_nzoth_yogg_4013309906247167_Mis_IV_DR_DS,31368,69.03%,
Single,AR_SW_VF_yshaarj_nzoth_yogg_3977567121300991_Mis_IV_DR,31368,69.03%,
Single,AR_SW_VF_yshaarj_nzoth_yogg_4013318429072895_Mis_IV_DR_DS,31367,69.03%,
Single,VW_DH_TV_VF_nzoth_yogg_cthun_3132942617730559_Mis_IV_ME_DS,31367,69.03%,
Single,AR_EC_VF_yshaarj_yogg_cthun_1988688092716527_Mis_AM_ME,31366,69.03%,
Single,AR_EC_VF_yshaarj_nzoth_yogg_4013310912888303_IN_AM_DR_DS,31365,69.02%,
Single,AR_EC_VF_yshaarj_yogg_cthun_1973432302296559_IN_IV_DR,31362,69.00%,
Single,AR_EC_VF_yshaarj_yogg_cthun_1972332857253869_IN_AM_ME,31362,69.00%,
Single,AR_EC_VF_yshaarj_yogg_cthun_1971233346150381_IN_IV_ME,31361,69.00%,
Single,AR_SW_VF_yshaarj_yogg_cthun_1972332790669293_IN_AM_DR,31361,69.00%,
Single,AR_EC_VF_yshaarj_yogg_cthun_1988688092716527_IN_AM_ME,31361,69.00%,
Single,AR_SW_VF_nzoth_yogg_cthun_3132875903720943_Mis_IV_DR_DS,31360,68.99%,
Single,AR_SP_VF_nzoth_yogg_cthun_3132875903720943_Mis_IV_ME_DS,31360,68.99%,
Single,AR_SW_VF_yshaarj_nzoth_yogg_4013310913404909_Mis_AM_DR_DS,31360,68.99%,
Single,AR_SP_VF_yshaarj_nzoth_yogg_4013447278099951_Mis_AM_DR_DS,31359,68.99%,
Single,AR_SP_VF_yshaarj_nzoth_yogg_4013310979988975_Mis_AM_DR_DS,31358,68.98%,
Single,VW_DH_VW_VF_nzoth_yogg_cthun_3132807326268911_Mis_IV_ME_DS,31358,68.98%,
Single,AR_EC_VF_yshaarj_yogg_cthun_1971233614061549_Mis_AM_DR,31358,68.98%,
Single,AR_SW_VF_yshaarj_nzoth_yogg_4013584717053933_Mis_AM_ME_DS,31357,68.98%,
Single,AR_SW_VF_yshaarj_nzoth_yogg_4013576127110655_Mis_AM_ME,31357,68.98%,
Single,VW_DH_VW_VF_nzoth_yogg_cthun_3132942618255341_Mis_AM_ME_DS,31357,68.98%,
Single,AR_SW_VF_yshaarj_nzoth_yogg_4013310912888813_IN_AM_ME_DS,31356,68.97%,
Single,AR_SW_VF_yshaarj_nzoth_yogg_3977567121309677_Mis_AM_DR,31356,68.97%,
Single,VW_DH_VW_VF_yshaarj_nzoth_yogg_4049522998443503_Mis_AM_ME_DS,31355,68.97%,
Single,VW_DH_TV_VF_yshaarj_nzoth_yogg_4049525145919469_Mis_AM_DR_DS,31355,68.97%,
Single,AR_SW_VF_nzoth_yogg_cthun_3169159786913279_Mis_AM_DR_DS,31354,68.96%,
Single,AR_SW_VF_yshaarj_nzoth_yogg_4013310912888303_IN_AM_DR_DS,31354,68.96%,
Single,AR_SW_VF_yshaarj_nzoth_yogg_4013584717053423_Mis_IV_DR_DS,31354,68.96%,
Single,VW_DH_TV_VF_nzoth_yogg_cthun_3132942617738735_Mis_AM_DR_DS,31353,68.95%,
Single,VW_DH_TV_VF_nzoth_yogg_cthun_3132927585353199_Mis_AM_ME,31353,68.95%,
Single,AR_SP_VF_yshaarj_yogg_cthun_1971370784579565_Mis_AM_DR,31353,68.95%,
Single,AR_EC_VF_yshaarj_yogg_cthun_1988688026131951_Mis_IV_ME,31352,68.95%,
Single,VW_DH_TV_VF_yshaarj_nzoth_yogg_3979712600006127_Mis_AM_ME_DS,31352,68.95%,
Single,AR_SW_VF_nzoth_yogg_cthun_3132859797069311_Mis_AM_DR,31351,68.94%,
Single,AR_EC_VF_yshaarj_nzoth_yogg_4013576127110655_Mis_AM_ME,31351,68.94%,
Single,AR_SP_VF_yshaarj_yogg_cthun_1973432302297069_IN_AM_DR,31351,68.94%,
Single,AR_SW_VF_yshaarj_nzoth_yogg_4013851005025775_Mis_AM_DR,31348,68.93%,
Single,AR_SW_VF_yshaarj_yogg_cthun_1971370784579565_IN_AM_ME,31347,68.92%,
Single,AR_EC_VF_yshaarj_yogg_cthun_2043259880079341_IN_IV_ME_DS,31346,68.92%,
Single,VW_DH_VW_VF_nzoth_yogg_cthun_3132797663108591_Mis_AM_ME,31346,68.92%,
Single,AR_SW_VF_yshaarj_nzoth_yogg_4013310912880127_IN_AM_DR_DS,31345,68.91%,
Single,AR_EC_VF_yshaarj_yogg_cthun_1971234419367407_IN_IV_DR,31345,68.91%,
Single,AR_SP_VF_yshaarj_yogg_cthun_1988688025616365_IN_AM_DR,31345,68.91%,
Single,AR_SP_VF_nzoth_yogg_cthun_3132858790444527_Mis_AM_DR,31344,68.91%,
Single,AR_SW_VF_nzoth_yogg_cthun_3132867313262079_Mis_IV_DR,31344,68.91%,
Single,AR_SW_VF_yshaarj_nzoth_yogg_4013309906247167_IN_AM_DR_DS,31344,68.90%,
Single,VW_DH_VW_VF_nzoth_yogg_cthun_3150259925876207_Mis_AM_ME_DS,31343,68.90%,
Single,AR_EC_VF_yshaarj_yogg_cthun_1972332857253359_IN_IV_ME,31343,68.90%,
Single,AR_SP_VF_yshaarj_yogg_cthun_1988688025616365_Mis_AM_DR,31342,68.90%,
Single,AR_EC_VF_yshaarj_nzoth_yogg_3977567121309677_Mis_AM_ME,31342,68.90%,
Single,AR_SW_VF_yshaarj_nzoth_yogg_4013309906255343_IN_AM_ME_DS,31342,68.90%,
Single,AR_EC_VF_yshaarj_nzoth_yogg_4013301249211903_Mis_AM_DR,31342,68.89%,
Single,AR_SP_VF_yshaarj_yogg_cthun_1988688026132461_Mis_AM_DR,31341,68.89%,
Single,AR_EC_VF_yshaarj_nzoth_yogg_4013447278091775_Mis_AM_DR_DS,31341,68.89%,
Single,AR_EC_VF_yshaarj_yogg_cthun_1971233345634285_IN_IV_ME,31341,68.89%,
Single,VW_DH_VW_VF_nzoth_yogg_cthun_3132807326269421_Mis_AM_DR_DS,31340,68.88%,
Single,AR_SP_VF_yshaarj_nzoth_yogg_4013309906771949_Mis_AM_ME_DS,31340,68.88%,
Single,AR_SP_VF_nzoth_yogg_cthun_3132875903721453_Mis_AM_ME_DS,31339,68.88%,
Single,AR_EC_VF_yshaarj_yogg_cthun_2043251290660845_Mis_AM_ME,31339,68.88%,
Single,VW_DH_TV_VF_nzoth_yogg_cthun_3132797663108591_Mis_AM_DR,31339,68.88%,
Single,AR_SW_VF_yshaarj_nzoth_yogg_4013310979989485_Mis_AM_ME_DS,31338,68.88%,
Single,AR_EC_VF_nzoth_yogg_cthun_3132859797077487_Mis_AM_DR,31338,68.87%,
Single,AR_EC_VF_yshaarj_nzoth_yogg_4013584717053423_Mis_IV_DR_DS,31338,68.87%,
Single,AR_SP_VF_yshaarj_nzoth_yogg_4013301249727999_IN_AM_ME,31338,68.87%,
Single,VW_DH_TV_VF_yshaarj_nzoth_yogg_4049522998959599_Mis_IV_DR_DS,31338,68.87%,
Single,AR_SP_VF_yshaarj_nzoth_yogg_4013310912880127_IN_AM_DR_DS,31337,68.87%,
Single,AR_EC_VF_yshaarj_nzoth_yogg_4014409351290861_Mis_AM_ME_DS,31336,68.87%,
Single,AR_SW_VF_yshaarj_nzoth_yogg_4013309906255853_Mis_AM_ME_DS,31335,68.86%,
Single,VW_DH_VW_VF_nzoth_yogg_cthun_3132806319627759_Mis_AM_DR_DS,31335,68.86%,
Single,AR_EC_VF_yshaarj_nzoth_yogg_4013309906771439_Mis_AM_DR_DS,31333,68.85%,
Single,AR_SP_VF_yshaarj_yogg_cthun_1973432368881135_IN_IV_ME,31332,68.84%,
Single,AR_SW_VF_yshaarj_nzoth_yogg_4013309906247167_Mis_IV_DR_DS,31331,68.84%,
Single,AR_SW_VF_yshaarj_yogg_cthun_1971370717478893_IN_IV_ME,31331,68.84%,
Single,AR_SW_VF_yshaarj_yogg_cthun_1971370717478383_IN_IV_DR,31331,68.83%,
Single,AR_SP_VF_yshaarj_nzoth_yogg_4013310912888303_IN_AM_DR_DS,31330,68.83%,
Single,AR_SP_VF_nzoth_yogg_cthun_3132859797077487_Mis_AM_DR,31330,68.83%,
Single,VW_DH_TV_VF_yshaarj_nzoth_yogg_3977498611474413_Mis_AM_ME,31329,68.83%,
Single,AR_SW_VF_nzoth_yogg_cthun_3132875903721453_Mis_AM_ME_DS,31329,68.82%,
Single,AR_EC_VF_nzoth_yogg_cthun_3132858723851775_Mis_IV_DR,31328,68.82%,
Single,AR_SW_VF_yshaarj_yogg_cthun_1973432368881135_Mis_IV_DR,31327,68.82%,
Single,AR_SW_VF_yshaarj_nzoth_yogg_3977567121300991_Mis_IV_ME,31327,68.82%,
Single,AR_EC_VF_nzoth_yogg_cthun_3132858723851775_Mis_IV_ME,31327,68.82%,
Single,AR_SW_VF_nzoth_yogg_cthun_3132859797077487_Mis_AM_ME,31327,68.81%,
Single,AR_SP_VF_yshaarj_nzoth_yogg_4013310913404399_Mis_IV_DR_DS,31326,68.81%,
Single,VW_DH_VW_VF_nzoth_yogg_cthun_3132798736850415_Mis_IV_DR,31326,68.81%,
Single,AR_SP_VF_yshaarj_nzoth_yogg_4014409350774255_IN_AM_ME_DS,31326,68.81%,
Single,AR_SP_VF_yshaarj_yogg_cthun_1971250525495277_IN_IV_DR_DS,31325,68.80%,
Single,AR_SW_VF_yshaarj_nzoth_yogg_4013310912888813_Mis_AM_DR_DS,31325,68.80%,
Single,AR_SP_VF_yshaarj_nzoth_yogg_4013310979988975_IN_AM_ME_DS,31325,68.80%,
Single,AR_EC_VF_yshaarj_yogg_cthun_1971234419367917_Mis_IV_DR,31324,68.80%,
Single,AR_EC_VF_yshaarj_yogg_cthun_1971370784579565_IN_AM_ME,31324,68.80%,
Single,AR_SW_VF_yshaarj_nzoth_yogg_4014409350774255_Mis_IV_ME_DS,31323,68.79%,
Single,AR_SW_VF_yshaarj_nzoth_yogg_4014409350766079_IN_AM_DR_DS,31323,68.79%,
Single,AR_SW_VF_yshaarj_yogg_cthun_1971234419367917_IN_IV_ME,31323,68.79%,
Single,AR_SP_VF_yshaarj_nzoth_yogg_4014400760831487_Mis_AM_ME,31323,68.79%,
Single,AR_SP_VF_yshaarj_nzoth_yogg_4013447278616047_Mis_AM_ME_DS,31322,68.79%,
Single,AR_SP_VF_yshaarj_yogg_cthun_1988688025607679_Mis_IV_DR,31322,68.79%,
Single,VW_DH_TV_VF_nzoth_yogg_cthun_3133363524526061_Mis_AM_DR_DS,31322,68.79%,
Single,VW_DH_TV_VF_nzoth_yogg_cthun_3132798736334319_Mis_AM_DR,31321,68.78%,
Single,VW_DH_TV_VF_nzoth_yogg_cthun_3132807393370093_Mis_AM_DR_DS,31319,68.77%,
Single,VW_DH_TV_VF_nzoth_yogg_cthun_3132806253043693_Mis_AM_ME_DS,31319,68.77%,
Single,AR_SW_VF_yshaarj_yogg_cthun_1988688025607679_IN_IV_DR,31319,68.77%,
Single,VW_DH_TV_VF_yshaarj_nzoth_yogg_3977514650492399_Mis_AM_DR_DS,31318,68.77%,
Single,VW_DH_TV_VF_nzoth_yogg_cthun_3132798736850415_Mis_IV_ME,31318,68.77%,
Single,AR_SW_VF_yshaarj_nzoth_yogg_4013310979988975_Mis_AM_DR_DS,31318,68.76%,
Single,AR_EC_VF_yshaarj_yogg_cthun_1973432301780463_IN_IV_DR,31317,68.76%,
Single,AR_EC_VF_nzoth_yogg_cthun_3132867313262079_Mis_IV_DR,31317,68.76%,
Single,AR_SW_VF_yshaarj_yogg_cthun_1972332857253359_IN_IV_ME,31316,68.76%,
Single,AR_EC_VF_nzoth_yogg_cthun_3132875903721453_Mis_AM_ME_DS,31316,68.76%,
Single,AR_SP_VF_yshaarj_nzoth_yogg_4013576127110655_Mis_AM_DR,31314,68.74%,
Single,AR_SW_VF_yshaarj_yogg_cthun_1971370717994989_Mis_IV_ME,31313,68.74%,
Single,AR_SP_VF_yshaarj_nzoth_yogg_4013310979989485_Mis_AM_ME_DS,31312,68.73%,
Single,VW_DH_VW_VF_nzoth_yogg_cthun_3132807326268911_Mis_IV_DR_DS,31311,68.73%,
Single,AR_SP_VF_yshaarj_yogg_cthun_1971370717478893_IN_IV_ME,31310,68.72%,
Single,AR_EC_VF_yshaarj_yogg_cthun_2043251357244911_Mis_AM_DR,31310,68.72%,
Single,AR_EC_VF_yshaarj_nzoth_yogg_4014409350766079_IN_AM_ME_DS,31310,68.72%,
Single,AR_EC_VF_yshaarj_nzoth_yogg_4013584717569519_Mis_IV_ME_DS,31309,68.72%,
Single,AR_EC_VF_yshaarj_nzoth_yogg_4013447278616047_Mis_AM_ME_DS,31309,68.72%,
Single,VW_DH_TV_VF_nzoth_yogg_cthun_3132808400002543_Mis_IV_DR_DS,31308,68.71%,
Single,AR_SW_VF_nzoth_yogg_cthun_3132858723335679_Mis_IV_DR,31308,68.71%,
Single,AR_SW_VF_yshaarj_yogg_cthun_1988688025616365_IN_AM_DR,31308,68.71%,
Single,AR_SW_VF_yshaarj_yogg_cthun_1988688092717037_Mis_AM_ME,31307,68.71%,
Single,VW_DH_TV_VF_nzoth_yogg_cthun_3132807326268911_Mis_IV_ME_DS,31306,68.70%,
Single,AR_EC_VF_yshaarj_nzoth_yogg_4013584717053423_Mis_IV_ME_DS,31306,68.70%,
Single,VW_DH_VW_VF_nzoth_yogg_cthun_3132942684839407_Mis_AM_ME_DS,31306,68.70%,
Single,AR_EC_VF_yshaarj_nzoth_yogg_4013318429072895_Mis_AM_DR_DS,31306,68.70%,
Single,AR_SW_VF_yshaarj_nzoth_yogg_3977567188409839_Mis_AM_ME,31306,68.70%,
Single,AR_EC_VF_yshaarj_yogg_cthun_1972332790669293_Mis_IV_DR,31304,68.69%,
Single,AR_SP_VF_yshaarj_nzoth_yogg_4013851005025775_Mis_AM_ME,31304,68.69%,
Single,AR_EC_VF_yshaarj_nzoth_yogg_4013447278099951_Mis_AM_ME_DS,31304,68.69%,
Single,AR_SW_VF_yshaarj_nzoth_yogg_4014409351290861_Mis_AM_ME_DS,31304,68.69%,
Single,AR_SW_VF_nzoth_yogg_cthun_3132867313786351_Mis_AM_ME,31303,68.69%,
Single,AR_SW_VF_yshaarj_yogg_cthun_2043259880079341_IN_IV_ME_DS,31303,68.69%,
Single,VW_DH_TV_VF_yshaarj_nzoth_yogg_3977499618106863_Mis_AM_ME,31303,68.68%,
Single,AR_SW_VF_yshaarj_nzoth_yogg_4013318429081071_Mis_AM_DR_DS,31302,68.68%,
Single,AR_SP_VF_yshaarj_nzoth_yogg_3977567188409839_Mis_AM_DR,31302,68.68%,
Single,VW_DH_VW_VF_nzoth_yogg_cthun_3135004269141487_Mis_AM_DR_DS,31302,68.68%,
Single,AR_SW_VF_yshaarj_yogg_cthun_1971233279049709_IN_IV_DR,31302,68.68%,
Single,AR_EC_VF_nzoth_yogg_cthun_3132875903720943_Mis_IV_DR_DS,31301,68.68%,
Single,VW_DH_TV_VF_yshaarj_nzoth_yogg_4049522998443503_Mis_AM_DR_DS,31300,68.67%,
Single,AR_EC_VF_yshaarj_nzoth_yogg_4013309906247167_IN_AM_ME_DS,31300,68.67%,
Single,AR_SP_VF_yshaarj_yogg_cthun_1973432302296559_IN_IV_DR,31300,68.67%,
Single,AR_SP_VF_nzoth_yogg_cthun_3132867313262079_Mis_IV_ME,31299,68.66%,
Single,AR_SP_VF_yshaarj_nzoth_yogg_4013318429597167_Mis_AM_DR_DS,31299,68.66%,
Single,AR_EC_VF_nzoth_yogg_cthun_3132859797069311_Mis_AM_DR,31299,68.66%,
Single,AR_EC_VF_yshaarj_nzoth_yogg_4013318429072895_IN_AM_ME_DS,31296,68.65%,
Single,AR_SP_VF_yshaarj_yogg_cthun_1988688026131951_IN_IV_ME,31296,68.65%,
Single,AR_SP_VF_yshaarj_nzoth_yogg_4013584717570029_Mis_AM_ME_DS,31295,68.64%,
Single,AR_SW_VF_nzoth_yogg_cthun_3132858790436351_Mis_AM_ME,31295,68.64%,
Single,AR_EC_VF_yshaarj_yogg_cthun_1971370717994479_IN_IV_DR,31295,68.64%,
Single,AR_EC_VF_yshaarj_nzoth_yogg_4013309906247167_Mis_IV_ME_DS,31295,68.64%,
Single,VW_DH_TV_VF_nzoth_yogg_cthun_3132807326785517_Mis_IV_DR_DS,31294,68.64%,
Single,AR_SW_VF_yshaarj_nzoth_yogg_4013302322945535_Mis_AM_ME,31294,68.64%,
Single,AR_SW_VF_yshaarj_yogg_cthun_1971233614061549_Mis_AM_DR,31294,68.63%,
Single,VW_DH_TV_VF_nzoth_yogg_cthun_3132951207665135_Mis_AM_DR_DS,31293,68.63%,
Single,AR_SP_VF_yshaarj_yogg_cthun_1973432301780973_IN_IV_ME,31293,68.63%,
Single,AR_EC_VF_yshaarj_yogg_cthun_2043251290660335_Mis_IV_DR,31293,68.63%,
Single,AR_SP_VF_yshaarj_nzoth_yogg_4013301249727999_Mis_AM_DR,31292,68.63%,
Single,VW_DH_TV_VF_nzoth_yogg_cthun_3132815916195821_Mis_AM_DR_DS,31292,68.63%,
Single,AR_EC_VF_yshaarj_yogg_cthun_1988688026132461_IN_AM_ME,31292,68.62%,
Single,AR_SW_VF_yshaarj_yogg_cthun_1971370717478893_IN_AM_DR,31291,68.62%,
Single,AR_EC_VF_yshaarj_yogg_cthun_2043251290144239_IN_AM_DR,31289,68.61%,
Single,AR_SW_VF_yshaarj_yogg_cthun_1973432302296559_IN_IV_DR,31288,68.61%,
Single,AR_SP_VF_nzoth_yogg_cthun_3132875903720943_Mis_IV_DR_DS,31288,68.61%,
Single,AR_SP_VF_yshaarj_nzoth_yogg_4013318429072895_IN_AM_ME_DS,31287,68.60%,
Single,AR_SW_VF_yshaarj_yogg_cthun_1973432368881645_IN_AM_ME,31286,68.59%,
Single,VW_DH_TV_VF_yshaarj_nzoth_yogg_4049522998435327_Mis_IV_ME_DS,31285,68.59%,
Single,VW_DH_TV_VF_nzoth_yogg_cthun_3132797663108591_Mis_AM_ME,31285,68.59%,
Single,VW_DH_TV_VF_nzoth_yogg_cthun_3132791220133375_Mis_AM_DR,31284,68.58%,
Single,AR_SW_VF_yshaarj_yogg_cthun_1972332790152687_IN_IV_DR,31284,68.58%,
Single,VW_DH_TV_VF_yshaarj_nzoth_yogg_4049522998435327_Mis_IV_DR_DS,31282,68.57%,
Single,VW_DH_VW_VF_nzoth_yogg_cthun_3132798803434991_Mis_AM_DR,31282,68.57%,
Single,AR_SW_VF_yshaarj_yogg_cthun_2043251357244911_Mis_AM_DR,31282,68.57%,
Single,VW_DH_TV_VF_yshaarj_nzoth_yogg_4049523065544175_Mis_AM_DR_DS,31281,68.57%,
Single,AR_EC_VF_yshaarj_yogg_cthun_1973432368881135_IN_AM_DR,31281,68.57%,
Single,AR_EC_VF_yshaarj_nzoth_yogg_4014409350774765_Mis_AM_ME_DS,31280,68.56%,
Single,AR_EC_VF_yshaarj_nzoth_yogg_4013310912888303_Mis_IV_DR_DS,31280,68.56%,
Single,AR_SW_VF_yshaarj_yogg_cthun_1972332790668783_IN_IV_DR,31280,68.56%,
Single,AR_EC_VF_yshaarj_nzoth_yogg_4013584784154095_Mis_AM_DR_DS,31279,68.56%,
Single,AR_SP_VF_yshaarj_yogg_cthun_1971370717478893_Mis_IV_ME,31279,68.56%,
Single,VW_DH_TV_VF_yshaarj_nzoth_yogg_3977515724234733_Mis_AM_DR_DS,31279,68.55%,
Single,AR_SP_VF_yshaarj_nzoth_yogg_3977567121309677_Mis_AM_DR,31279,68.55%,
Single,AR_EC_VF_yshaarj_yogg_cthun_1988688025607679_IN_AM_DR,31278,68.55%,
Single,AR_EC_VF_yshaarj_yogg_cthun_1973432368881135_IN_IV_ME,31278,68.55%,
Single,VW_DH_TV_VF_yshaarj_nzoth_yogg_4049524072177135_Mis_AM_ME_DS,31278,68.55%,
Single,AR_SP_VF_yshaarj_nzoth_yogg_4013309906255853_Mis_AM_ME_DS,31276,68.54%,
Single,VW_DH_VW_VF_nzoth_yogg_cthun_3132806252527087_Mis_AM_DR_DS,31276,68.54%,
Single,VW_DH_TV_VF_yshaarj_nzoth_yogg_3977651015704047_Mis_AM_ME_DS,31276,68.54%,
Single,AR_EC_VF_yshaarj_nzoth_yogg_4013310913404399_IN_AM_ME_DS,31276,68.54%,
Single,VW_DH_VW_VF_nzoth_yogg_cthun_3132791220133375_Mis_AM_DR,31276,68.54%,
Single,VW_DH_VW_VF_nzoth_yogg_cthun_3132791220133375_Mis_AM_ME,31276,68.54%,
Single,AR_SW_VF_yshaarj_yogg_cthun_1971250525495277_IN_IV_ME_DS,31276,68.54%,
Single,AR_SW_VF_yshaarj_yogg_cthun_1973432301780463_IN_IV_DR,31275,68.53%,
Single,VW_DH_TV_VF_nzoth_yogg_cthun_3135004269141487_Mis_AM_ME_DS,31275,68.53%,
Single,AR_SP_VF_yshaarj_nzoth_yogg_4013584717569519_IN_AM_DR_DS,31274,68.53%,
Single,AR_SP_VF_nzoth_yogg_cthun_3132875903204847_IN_AM_ME_DS,31273,68.52%,
Single,AR_SP_VF_yshaarj_yogg_cthun_1973432368881645_IN_AM_ME,31272,68.52%,
Single,AR_SW_VF_yshaarj_yogg_cthun_1988688026132461_Mis_AM_DR,31272,68.52%,
Single,AR_EC_VF_nzoth_yogg_cthun_3132875903196671_IN_AM_ME_DS,31271,68.51%,
Single,VW_DH_TV_VF_nzoth_yogg_cthun_3132806252527087_Mis_AM_DR_DS,31271,68.51%,
Single,VW_DH_TV_VF_nzoth_yogg_cthun_3133363524525551_Mis_IV_ME_DS,31271,68.51%,
Single,AR_SP_VF_yshaarj_nzoth_yogg_4013302322945535_Mis_AM_ME,31271,68.51%,
Single,VW_DH_TV_VF_nzoth_yogg_cthun_3132806252518911_Mis_IV_DR_DS,31271,68.51%,
Single,VW_DH_VW_VF_nzoth_yogg_cthun_3150259926392303_Mis_AM_ME_DS,31271,68.51%,
Single,AR_SW_VF_nzoth_yogg_cthun_3132875903205357_Mis_AM_DR_DS,31271,68.51%,
Single,AR_SW_VF_yshaarj_nzoth_yogg_4013309906771439_IN_AM_ME_DS,31270,68.51%,
Single,AR_SP_VF_yshaarj_yogg_cthun_2043251290144239_Mis_IV_DR,31270,68.51%,
Single,AR_SP_VF_yshaarj_yogg_cthun_1971234352267245_IN_IV_DR,31270,68.51%,
Single,AR_EC_VF_yshaarj_nzoth_yogg_4013584717569519_IN_AM_ME_DS,31269,68.50%,
Single,VW_DH_TV_VF_yshaarj_nzoth_yogg_3977498544373741_Mis_AM_ME,31269,68.50%,
Single,AR_EC_VF_yshaarj_nzoth_yogg_4013310912880127_Mis_IV_DR_DS,31267,68.49%,
Single,VW_DH_VW_VF_nzoth_yogg_cthun_3132807393369583_Mis_IV_ME_DS,31267,68.49%,
Single,VW_DH_TV_VF_yshaarj_nzoth_yogg_3977515724234223_Mis_IV_DR_DS,31267,68.49%,
Single,VW_DH_VW_VF_nzoth_yogg_cthun_3132791220141551_Mis_AM_ME,31266,68.49%,
Single,AR_SP_VF_yshaarj_nzoth_yogg_4013310912888303_Mis_IV_ME_DS,31266,68.49%,
Single,VW_DH_TV_VF_yshaarj_nzoth_yogg_4049660437388783_Mis_AM_ME_DS,31266,68.49%,
Single,AR_EC_VF_yshaarj_yogg_cthun_2043251357244911_IN_AM_ME,31266,68.48%,
Single,AR_SW_VF_yshaarj_yogg_cthun_1988688025616365_Mis_AM_DR,31265,68.48%,
Single,AR_SW_VF_yshaarj_nzoth_yogg_4013310913404909_Mis_AM_ME_DS,31265,68.48%,
Single,VW_DH_TV_VF_yshaarj_nzoth_yogg_3977513577274863_Mis_IV_DR_DS,31264,68.48%,
Single,VW_DH_TV_VF_nzoth_yogg_cthun_3132815916195311_Mis_IV_ME_DS,31264,68.47%,
Single,VW_DH_VW_VF_nzoth_yogg_cthun_3135012791967215_Mis_AM_ME_DS,31263,68.47%,
Single,AR_SW_VF_nzoth_yogg_cthun_3132858723859951_Mis_AM_DR,31263,68.47%,
Single,AR_SP_VF_yshaarj_yogg_cthun_1971233614061549_Mis_AM_DR,31263,68.47%,
Single,VW_DH_VW_VF_nzoth_yogg_cthun_3132815916195311_Mis_IV_DR_DS,31261,68.46%,
Single,VW_DH_VW_VF_nzoth_yogg_cthun_3132806253043693_Mis_AM_ME_DS,31261,68.46%,
Single,AR_SW_VF_yshaarj_nzoth_yogg_4013310913404399_Mis_IV_ME_DS,31261,68.46%,
Single,AR_EC_VF_nzoth_yogg_cthun_3132875903205357_Mis_AM_DR_DS,31260,68.46%,
Single,VW_DH_VW_VF_yshaarj_nzoth_yogg_4049522998435327_Mis_AM_ME_DS,31260,68.45%,
Single,AR_SP_VF_yshaarj_nzoth_yogg_4013301249211903_IN_AM_ME,31260,68.45%,
Single,AR_SW_VF_nzoth_yogg_cthun_3132867313786351_Mis_AM_DR,31260,68.45%,
Single,AR_EC_VF_yshaarj_nzoth_yogg_4013584717053423_IN_AM_DR_DS,31259,68.45%,
Single,AR_SW_VF_yshaarj_nzoth_yogg_4013309839670767_IN_AM_DR_DS,31259,68.45%,
Single,AR_SW_VF_nzoth_yogg_cthun_3169159786921455_Mis_AM_ME_DS,31259,68.45%,
Single,AR_SW_VF_yshaarj_yogg_cthun_1971370717994479_IN_IV_DR,31258,68.44%,
Single,AR_SW_VF_yshaarj_nzoth_yogg_4013309906771949_Mis_AM_ME_DS,31258,68.44%,
Single,AR_SW_VF_yshaarj_yogg_cthun_2043251290144239_IN_AM_DR,31257,68.44%,
Single,AR_SP_VF_yshaarj_nzoth_yogg_4014409350774255_Mis_IV_ME_DS,31257,68.44%,
Single,AR_EC_VF_nzoth_yogg_cthun_3132875903196671_IN_AM_DR_DS,31257,68.44%,
Single,AR_EC_VF_yshaarj_yogg_cthun_2043259947180013_Mis_IV_ME_DS,31256,68.43%,
Single,AR_SP_VF_yshaarj_nzoth_yogg_4013584717053423_Mis_IV_ME_DS,31256,68.43%,
Single,VW_DH_VW_VF_nzoth_yogg_cthun_3132815916195821_Mis_AM_DR_DS,31255,68.43%,
Single,AR_EC_VF_nzoth_yogg_cthun_3132859797077487_Mis_AM_ME,31255,68.43%,
Single,AR_SP_VF_yshaarj_yogg_cthun_1971370717994989_IN_AM_DR,31254,68.42%,
Single,AR_EC_VF_nzoth_yogg_cthun_3169159786921455_Mis_AM_ME_DS,31254,68.42%,
Single,AR_SP_VF_yshaarj_yogg_cthun_1971370717478383_IN_IV_DR,31254,68.42%,
Single,AR_EC_VF_yshaarj_yogg_cthun_1973432301772287_IN_IV_DR,31254,68.42%,
Single,AR_EC_VF_yshaarj_yogg_cthun_1972332790669293_IN_AM_DR,31253,68.42%,
Single,VW_DH_VW_VF_nzoth_yogg_cthun_3132813769236461_Mis_AM_DR_DS,31253,68.42%,
Single,AR_EC_VF_yshaarj_yogg_cthun_1971233614061039_Mis_IV_DR,31252,68.41%,
Single,AR_EC_VF_yshaarj_yogg_cthun_2043251290660335_Mis_IV_ME,31252,68.41%,
Single,AR_SW_VF_yshaarj_nzoth_yogg_4013851005017599_Mis_AM_ME,31252,68.41%,
Single,VW_DH_TV_VF_nzoth_yogg_cthun_3132813768711679_Mis_IV_DR_DS,31249,68.40%,
Single,VW_DH_VW_VF_nzoth_yogg_cthun_3132815916195311_Mis_IV_ME_DS,31249,68.39%,
Single,AR_SW_VF_yshaarj_nzoth_yogg_4014409350774255_Mis_IV_DR_DS,31248,68.39%,
Single,VW_DH_TV_VF_nzoth_yogg_cthun_3132814842453487_Mis_AM_ME_DS,31247,68.38%,
Single,AR_EC_VF_yshaarj_yogg_cthun_1971233614061039_IN_IV_ME,31246,68.38%,
Single,AR_SP_VF_yshaarj_nzoth_yogg_4013310912888813_Mis_AM_DR_DS,31246,68.38%,
Single,AR_SW_VF_yshaarj_yogg_cthun_1971370784579055_IN_IV_ME,31245,68.37%,
Single,AR_SP_VF_nzoth_yogg_cthun_3132867313786351_Mis_AM_ME,31245,68.37%,
Single,VW_DH_TV_VF_nzoth_yogg_cthun_3132807393369583_Mis_IV_DR_DS,31243,68.36%,
Single,AR_EC_VF_yshaarj_nzoth_yogg_4013584717569519_Mis_IV_DR_DS,31243,68.36%,
Single,AR_SW_VF_yshaarj_yogg_cthun_1972332857253869_IN_AM_ME,31242,68.35%,
Single,AR_SP_VF_yshaarj_nzoth_yogg_4014409350774765_Mis_AM_ME_DS,31242,68.35%,
Single,AR_SP_VF_yshaarj_nzoth_yogg_4013851005017599_Mis_AM_ME,31241,68.35%,
Single,AR_SP_VF_yshaarj_nzoth_yogg_4013584717569519_Mis_IV_DR_DS,31241,68.35%,
Single,AR_SW_VF_yshaarj_yogg_cthun_1971234419367917_IN_AM_DR,31241,68.35%,
Single,AR_SP_VF_yshaarj_yogg_cthun_2043251290144239_IN_IV_ME,31241,68.35%,
Single,AR_EC_VF_yshaarj_yogg_cthun_1972332790668783_IN_IV_DR,31240,68.35%,
Single,VW_DH_TV_VF_nzoth_yogg_cthun_3132813768711679_Mis_IV_ME_DS,31239,68.34%,
Single,AR_SW_VF_yshaarj_nzoth_yogg_4013584784154095_Mis_AM_ME_DS,31239,68.34%,
Single,AR_SW_VF_yshaarj_nzoth_yogg_4013318429072895_IN_AM_ME_DS,31239,68.34%,
Single,AR_EC_VF_yshaarj_yogg_cthun_1988688025607679_IN_IV_ME,31238,68.34%,
Single,AR_SP_VF_yshaarj_yogg_cthun_1973432368881645_Mis_AM_DR,31237,68.33%,
Single,VW_DH_TV_VF_yshaarj_nzoth_yogg_3977497471147503_Mis_AM_ME,31237,68.33%,
Single,VW_DH_VW_VF_nzoth_yogg_cthun_3132813768720365_Mis_AM_ME_DS,31237,68.33%,
Single,AR_SP_VF_nzoth_yogg_cthun_3132867313786351_Mis_AM_DR,31236,68.33%,
Single,AR_SW_VF_yshaarj_yogg_cthun_2043251290144239_Mis_IV_DR,31236,68.33%,
Single,VW_DH_TV_VF_yshaarj_nzoth_yogg_3977498544889327_Mis_IV_DR,31236,68.33%,
Single,AR_SP_VF_yshaarj_nzoth_yogg_4013310912888303_Mis_IV_DR_DS,31236,68.33%,
Single,AR_SW_VF_yshaarj_nzoth_yogg_4013584717569519_IN_AM_ME_DS,31236,68.32%,
Single,AR_SW_VF_yshaarj_yogg_cthun_1971233614061039_IN_IV_ME,31235,68.32%,
Single,AR_SW_VF_yshaarj_yogg_cthun_2043251290660335_Mis_IV_ME,31235,68.32%,
Single,VW_DH_TV_VF_nzoth_yogg_cthun_3132951207665135_Mis_AM_ME_DS,31234,68.32%,
Single,VW_DH_TV_VF_nzoth_yogg_cthun_3150262073351663_Mis_AM_ME_DS,31234,68.31%,
Single,VW_DH_VW_VF_nzoth_yogg_cthun_3132814842453487_Mis_AM_DR_DS,31234,68.31%,
Single,AR_SW_VF_yshaarj_nzoth_yogg_4013447278616047_Mis_AM_ME_DS,31232,68.30%,
Single,AR_SW_VF_nzoth_yogg_cthun_3132858790436351_Mis_AM_DR,31231,68.30%,
Single,VW_DH_TV_VF_nzoth_yogg_cthun_3132927585869295_Mis_AM_ME,31229,68.29%,
Single,AR_EC_VF_yshaarj_yogg_cthun_1971370717478383_IN_IV_DR,31229,68.29%,
Single,AR_EC_VF_yshaarj_nzoth_yogg_4013309839671277_Mis_AM_DR_DS,31227,68.28%,
Single,AR_SW_VF_yshaarj_nzoth_yogg_4014409350774765_Mis_AM_DR_DS,31227,68.28%,
Single,AR_SW_VF_yshaarj_yogg_cthun_1973432368881135_IN_AM_DR,31227,68.27%,
Single,AR_SW_VF_yshaarj_yogg_cthun_1971234419367917_Mis_IV_DR,31226,68.27%,
Single,AR_EC_VF_nzoth_yogg_cthun_3132858790436351_Mis_AM_ME,31226,68.27%,
Single,AR_SW_VF_yshaarj_yogg_cthun_1972332790153197_Mis_IV_DR,31225,68.27%,
Single,AR_EC_VF_yshaarj_nzoth_yogg_4013309839146495_IN_IV_ME_DS,31225,68.27%,
Single,AR_SP_VF_yshaarj_nzoth_yogg_4013301249736175_Mis_AM_DR,31224,68.26%,
Single,AR_SP_VF_yshaarj_yogg_cthun_1971233279049709_IN_IV_DR,31222,68.25%,
Single,AR_SP_VF_yshaarj_yogg_cthun_1988688025615855_IN_IV_ME,31222,68.25%,
Single,VW_DH_TV_VF_yshaarj_nzoth_yogg_3977514650492399_Mis_AM_ME_DS,31222,68.25%,
Single,AR_EC_VF_yshaarj_nzoth_yogg_4013318429081071_Mis_AM_ME_DS,31221,68.25%,
Single,AR_SW_VF_yshaarj_yogg_cthun_1971233346150381_Mis_IV_DR,31221,68.24%,
Single,VW_DH_TV_VF_yshaarj_nzoth_yogg_4049522998960109_Mis_AM_DR_DS,31221,68.24%,
Single,AR_SP_VF_yshaarj_nzoth_yogg_4013309906255343_IN_AM_ME_DS,31221,68.24%,
Single,AR_EC_VF_yshaarj_yogg_cthun_1971233346150381_Mis_IV_DR,31221,68.24%,
Single,AR_EC_VF_yshaarj_yogg_cthun_1971233345634285_IN_AM_DR,31220,68.24%,
Single,AR_SP_VF_yshaarj_nzoth_yogg_4013309839146495_IN_IV_ME_DS,31220,68.24%,
Single,AR_SP_VF_yshaarj_yogg_cthun_1972332790669293_IN_AM_DR,31219,68.23%,
Single,VW_DH_TV_VF_nzoth_yogg_cthun_3132798736850925_Mis_AM_ME,31219,68.23%,
Single,VW_DH_TV_VF_nzoth_yogg_cthun_3132807326269421_Mis_AM_DR_DS,31218,68.23%,
Single,AR_SW_VF_yshaarj_nzoth_yogg_4013309839670767_Mis_IV_DR_DS,31217,68.22%,
Single,VW_DH_TV_VF_nzoth_yogg_cthun_3150259925868031_Mis_AM_ME_DS,31217,68.22%,
Single,VW_DH_VW_VF_nzoth_yogg_cthun_3132927585345023_Mis_AM_DR,31217,68.22%,
Single,AR_SP_VF_yshaarj_yogg_cthun_2043259947180013_Mis_IV_ME_DS,31217,68.22%,
Single,AR_EC_VF_yshaarj_nzoth_yogg_3977567121825263_Mis_AM_DR,31216,68.22%,
Single,AR_EC_VF_yshaarj_yogg_cthun_2043259880595437_IN_IV_ME_DS,31216,68.22%,
Single,AR_EC_VF_yshaarj_yogg_cthun_1971370784579565_Mis_AM_ME,31215,68.21%,
Single,AR_SP_VF_nzoth_yogg_cthun_3132858790436351_Mis_AM_DR,31214,68.21%,
Single,AR_SP_VF_yshaarj_yogg_cthun_1972332790152687_IN_IV_DR,31214,68.20%,
Single,AR_EC_VF_yshaarj_nzoth_yogg_4013309839662591_IN_IV_ME_DS,31214,68.20%,
Single,AR_EC_VF_yshaarj_nzoth_yogg_4013310912888303_IN_AM_ME_DS,31212,68.20%,
Single,VW_DH_VW_VF_nzoth_yogg_cthun_3132813768711679_Mis_IV_ME_DS,31212,68.19%,
Single,AR_SP_VF_yshaarj_nzoth_yogg_3977567121825773_Mis_AM_ME,31211,68.19%,
Single,AR_SP_VF_yshaarj_yogg_cthun_1973432302297069_Mis_IV_ME,31211,68.19%,
Single,VW_DH_VW_VF_nzoth_yogg_cthun_3132798803434991_Mis_AM_ME,31211,68.19%,
Single,AR_SP_VF_nzoth_yogg_cthun_3169159786921455_Mis_AM_ME_DS,31211,68.19%,
Single,AR_SP_VF_nzoth_yogg_cthun_3169159786913279_IN_AM_ME_DS,31210,68.19%,
Single,AR_EC_VF_yshaarj_yogg_cthun_1971370784579055_Mis_IV_ME,31210,68.19%,
Single,AR_EC_VF_nzoth_yogg_cthun_3132875903204847_Mis_IV_ME_DS,31210,68.18%,
Single,VW_DH_VW_VF_nzoth_yogg_cthun_3132951207665135_Mis_AM_ME_DS,31209,68.18%,
Single,AR_SP_VF_yshaarj_nzoth_yogg_4013309839662591_IN_IV_ME_DS,31209,68.18%,
Single,AR_SP_VF_yshaarj_yogg_cthun_2043259880079341_IN_IV_ME_DS,31209,68.18%,
Single,AR_SW_VF_yshaarj_nzoth_yogg_4013309906247167_Mis_IV_ME_DS,31209,68.18%,
Single,AR_SW_VF_nzoth_yogg_cthun_3132875903204847_Mis_IV_ME_DS,31208,68.17%,
Single,AR_SW_VF_yshaarj_nzoth_yogg_4013309906255343_Mis_AM_DR_DS,31208,68.17%,
Single,AR_SP_VF_yshaarj_yogg_cthun_1971233346150381_IN_IV_ME,31208,68.17%,
Single,VW_DH_TV_VF_nzoth_yogg_cthun_3132815916195821_Mis_AM_ME_DS,31207,68.17%,
Single,AR_EC_VF_yshaarj_nzoth_yogg_4013309839670767_IN_AM_DR_DS,31207,68.17%,
Single,AR_SW_VF_yshaarj_yogg_cthun_2043259880595437_IN_AM_DR_DS,31207,68.17%,
Single,AR_SW_VF_yshaarj_nzoth_yogg_4014409417874927_Mis_AM_ME_DS,31206,68.16%,
Single,AR_SW_VF_yshaarj_yogg_cthun_1971370784579055_IN_AM_DR,31206,68.16%,
Single,VW_DH_TV_VF_yshaarj_nzoth_yogg_3977498611473903_Mis_AM_DR,31204,68.15%,
Single,AR_SP_VF_yshaarj_yogg_cthun_1973432368881135_Mis_IV_DR,31204,68.15%,
Single,VW_DH_TV_VF_nzoth_yogg_cthun_3133363524525551_Mis_IV_DR_DS,31204,68.15%,
Single,AR_SW_VF_yshaarj_nzoth_yogg_4013310913404399_Mis_IV_DR_DS,31204,68.15%,
Single,VW_DH_VW_VF_nzoth_yogg_cthun_3132791220657647_Mis_AM_ME,31203,68.15%,
Single,AR_SW_VF_yshaarj_yogg_cthun_1971234419367917_Mis_IV_ME,31202,68.14%,
Single,AR_EC_VF_yshaarj_yogg_cthun_1971233345634285_Mis_IV_DR,31202,68.14%,
Single,AR_SP_VF_nzoth_yogg_cthun_3132859797069311_Mis_AM_DR,31201,68.14%,
Single,AR_SW_VF_yshaarj_yogg_cthun_2043251290660845_Mis_AM_ME,31201,68.14%,
Single,AR_SP_VF_yshaarj_yogg_cthun_2043251290660335_IN_AM_DR,31201,68.13%,
Single,AR_SW_VF_nzoth_yogg_cthun_3132875903205357_Mis_AM_ME_DS,31201,68.13%,
Single,AR_EC_VF_yshaarj_yogg_cthun_1972332790152687_IN_IV_DR,31200,68.13%,
Single,AR_EC_VF_yshaarj_nzoth_yogg_3977567121825263_Mis_AM_ME,31200,68.13%,
Single,AR_SW_VF_yshaarj_nzoth_yogg_4013310912888303_Mis_IV_ME_DS,31200,68.13%,
Single,AR_SP_VF_yshaarj_yogg_cthun_1971234419367917_IN_AM_DR,31199,68.13%,
Single,AR_SP_VF_yshaarj_nzoth_yogg_4014409351290861_Mis_AM_ME_DS,31199,68.13%,
Single,AR_SW_VF_yshaarj_yogg_cthun_1971233345634285_IN_AM_DR,31199,68.12%,
Single,VW_DH_TV_VF_nzoth_yogg_cthun_3132813768720365_Mis_AM_ME_DS,31199,68.12%,
Single,AR_EC_VF_yshaarj_nzoth_yogg_4013309839670767_Mis_IV_DR_DS,31199,68.12%,
Single,AR_SW_VF_yshaarj_yogg_cthun_2043259947180013_Mis_IV_ME_DS,31198,68.12%,
Single,AR_SW_VF_yshaarj_yogg_cthun_1971234352783341_Mis_IV_DR,31197,68.11%,
Single,AR_EC_VF_yshaarj_yogg_cthun_1971250525495277_IN_AM_DR_DS,31196,68.11%,
Single,AR_SP_VF_yshaarj_nzoth_yogg_4014409417874927_Mis_AM_ME_DS,31196,68.11%,
Single,AR_SP_VF_yshaarj_yogg_cthun_1971250525495277_IN_IV_ME_DS,31195,68.10%,
Single,VW_DH_TV_VF_nzoth_yogg_cthun_3132927585345023_Mis_AM_DR,31195,68.10%,
Single,AR_EC_VF_yshaarj_yogg_cthun_1973432368881135_Mis_IV_DR,31194,68.10%,
Single,AR_SP_VF_yshaarj_nzoth_yogg_4013584717053933_Mis_AM_ME_DS,31194,68.10%,
Single,AR_SW_VF_yshaarj_nzoth_yogg_4013309839662591_IN_IV_ME_DS,31194,68.10%,
Single,AR_SW_VF_yshaarj_nzoth_yogg_4013301249727999_Mis_AM_ME,31194,68.10%,
Single,AR_SW_VF_yshaarj_nzoth_yogg_4013447278091775_Mis_AM_DR_DS,31193,68.09%,
Single,VW_DH_VW_VF_nzoth_yogg_cthun_3132807393369583_Mis_IV_DR_DS,31193,68.09%,
Single,VW_DH_VW_VF_nzoth_yogg_cthun_3132815916195821_Mis_AM_ME_DS,31192,68.09%,
Single,AR_SP_VF_yshaarj_yogg_cthun_1971370717994989_Mis_IV_ME,31191,68.08%,
Single,AR_SP_VF_yshaarj_yogg_cthun_1972332857253869_Mis_IV_ME,31190,68.08%,
Single,AR_EC_VF_yshaarj_yogg_cthun_1988688025616365_IN_AM_ME,31189,68.07%,
Single,AR_EC_VF_yshaarj_nzoth_yogg_4013310979988975_Mis_AM_ME_DS,31189,68.07%,
Single,AR_EC_VF_yshaarj_yogg_cthun_1971370717478893_Mis_IV_ME,31189,68.07%,
Single,AR_SP_VF_nzoth_yogg_cthun_3132858723335679_Mis_IV_DR,31188,68.07%,
Single,AR_SW_VF_yshaarj_yogg_cthun_1971233614061549_IN_AM_ME,31188,68.06%,
Single,AR_SP_VF_yshaarj_yogg_cthun_1971370784579055_IN_AM_DR,31186,68.06%,
Single,AR_SW_VF_yshaarj_nzoth_yogg_4013310913404399_IN_AM_ME_DS,31186,68.05%,
Single,AR_SW_VF_yshaarj_yogg_cthun_1988688025615855_IN_IV_ME,31184,68.05%,
Single,AR_SW_VF_nzoth_yogg_cthun_3132875903196671_IN_AM_ME_DS,31184,68.05%,
Single,AR_SW_VF_yshaarj_yogg_cthun_1973432301780973_Mis_IV_ME,31184,68.04%,
Single,AR_SP_VF_yshaarj_yogg_cthun_1971370784579055_IN_IV_ME,31183,68.04%,
Single,AR_SP_VF_yshaarj_nzoth_yogg_4013309906771439_Mis_AM_DR_DS,31182,68.03%,
Single,AR_SW_VF_yshaarj_yogg_cthun_1971233345634285_IN_IV_ME,31182,68.03%,
Single,AR_SW_VF_yshaarj_nzoth_yogg_4013309839671277_Mis_AM_DR_DS,31181,68.03%,
Single,AR_SW_VF_yshaarj_yogg_cthun_1971233346150381_IN_AM_DR,31181,68.03%,
Single,AR_SP_VF_yshaarj_yogg_cthun_2043251357244911_IN_AM_ME,31181,68.03%,
Single,AR_SP_VF_nzoth_yogg_cthun_3132875903204847_Mis_IV_ME_DS,31180,68.02%,
Single,AR_SW_VF_yshaarj_yogg_cthun_1988688026131951_IN_AM_DR,31180,68.02%,
Single,AR_SP_VF_nzoth_yogg_cthun_3132858790444527_Mis_AM_ME,31179,68.02%,
Single,VW_DH_TV_VF_nzoth_yogg_cthun_3132791220133375_Mis_AM_ME,31179,68.02%,
Single,VW_DH_TV_VF_yshaarj_nzoth_yogg_3977513643859949_Mis_AM_ME_DS,31179,68.02%,
Single,AR_SW_VF_yshaarj_yogg_cthun_1971250458910701_IN_IV_DR_DS,31179,68.01%,
Single,AR_SP_VF_yshaarj_nzoth_yogg_3977567188409839_Mis_AM_ME,31178,68.01%,
Single,AR_SW_VF_yshaarj_nzoth_yogg_4013301249211903_Mis_AM_DR,31177,68.01%,
Single,VW_DH_TV_VF_nzoth_yogg_cthun_3150259926392303_Mis_AM_ME_DS,31177,68.01%,
Single,AR_SW_VF_yshaarj_nzoth_yogg_4013447278099951_Mis_AM_ME_DS,31177,68.00%,
Single,VW_DH_VW_VF_nzoth_yogg_cthun_3150259925868031_Mis_AM_ME_DS,31176,68.00%,
Single,AR_EC_VF_yshaarj_yogg_cthun_1971370717470207_IN_IV_DR,31176,68.00%,
Single,VW_DH_VW_VF_nzoth_yogg_cthun_3132807393370093_Mis_AM_DR_DS,31175,68.00%,
Single,AR_SW_VF_nzoth_yogg_cthun_3132875970305519_Mis_AM_DR_DS,31175,68.00%,
Single,AR_SP_VF_yshaarj_yogg_cthun_1988688092716527_IN_AM_ME,31175,67.99%,
Single,VW_DH_TV_VF_nzoth_yogg_cthun_3132942684839407_Mis_AM_ME_DS,31174,67.99%,
Single,AR_SP_VF_yshaarj_yogg_cthun_1988688092716527_Mis_AM_ME,31173,67.98%,
Single,VW_DH_VW_VF_nzoth_yogg_cthun_3135004202040815_Mis_AM_ME_DS,31172,67.98%,
Single,AR_SW_VF_yshaarj_nzoth_yogg_4013584717045247_IN_AM_DR_DS,31171,67.98%,
Single,AR_SW_VF_yshaarj_yogg_cthun_1972332790153197_IN_AM_DR,31171,67.97%,
Single,AR_SW_VF_yshaarj_nzoth_yogg_3977567121825263_Mis_AM_ME,31171,67.97%,
Single,AR_SP_VF_yshaarj_yogg_cthun_1971370717994989_IN_IV_ME,31169,67.97%,
Single,AR_SW_VF_yshaarj_yogg_cthun_1971370717478893_Mis_IV_ME,31169,67.97%,
Single,VW_DH_VW_VF_nzoth_yogg_cthun_3132798736334319_Mis_AM_ME,31169,67.96%,
Single,AR_SP_VF_yshaarj_yogg_cthun_1972332857253359_IN_IV_ME,31168,67.96%,
Single,VW_DH_VW_VF_nzoth_yogg_cthun_3135004269141487_Mis_AM_ME_DS,31167,67.95%,
Single,AR_EC_VF_yshaarj_yogg_cthun_1971233614061549_IN_AM_ME,31167,67.95%,
Single,AR_SP_VF_yshaarj_yogg_cthun_2043259880079341_Mis_IV_DR_DS,31167,67.95%,
Single,VW_DH_VW_VF_nzoth_yogg_cthun_3132814842453487_Mis_AM_ME_DS,31167,67.95%,
Single,AR_EC_VF_yshaarj_yogg_cthun_1973432302297069_Mis_IV_ME,31167,67.95%,
Single,VW_DH_TV_VF_nzoth_yogg_cthun_3132798803434991_Mis_AM_DR,31167,67.95%,
Single,AR_SP_VF_yshaarj_nzoth_yogg_4013576127110655_Mis_AM_ME,31167,67.95%,
Single,AR_SW_VF_yshaarj_nzoth_yogg_4013310912880127_Mis_IV_DR_DS,31166,67.95%,
Single,AR_EC_VF_yshaarj_nzoth_yogg_4013310913404399_Mis_IV_ME_DS,31166,67.95%,
Single,AR_SP_VF_yshaarj_nzoth_yogg_4013584717569519_Mis_IV_ME_DS,31166,67.95%,
Single,AR_EC_VF_yshaarj_yogg_cthun_1971250458910701_IN_IV_DR_DS,31166,67.95%,
Single,AR_SP_VF_nzoth_yogg_cthun_3132875903205357_Mis_AM_ME_DS,31165,67.94%,
Single,AR_SW_VF_yshaarj_yogg_cthun_1988688025607679_Mis_IV_DR,31164,67.94%,
Single,AR_SW_VF_yshaarj_nzoth_yogg_4013309839146495_IN_IV_ME_DS,31164,67.93%,
Single,AR_EC_VF_yshaarj_yogg_cthun_2043251290144749_Mis_AM_ME,31164,67.93%,
Single,AR_SP_VF_nzoth_yogg_cthun_3132875903721453_Mis_AM_DR_DS,31163,67.93%,
Single,AR_SP_VF_yshaarj_nzoth_yogg_4013310913404399_Mis_IV_ME_DS,31163,67.93%,
Single,VW_DH_VW_VF_nzoth_yogg_cthun_3132927585345023_Mis_AM_ME,31162,67.93%,
Single,AR_EC_VF_yshaarj_yogg_cthun_1971370717478893_IN_AM_DR,31161,67.92%,
Single,VW_DH_TV_VF_yshaarj_nzoth_yogg_4049523065544685_Mis_AM_ME_DS,31161,67.92%,
Single,AR_EC_VF_nzoth_yogg_cthun_3132858723335679_Mis_IV_DR,31161,67.92%,
Single,AR_SP_VF_yshaarj_yogg_cthun_1971370717478893_IN_AM_DR,31160,67.92%,
Single,AR_SW_VF_yshaarj_nzoth_yogg_4013318429597167_Mis_AM_ME_DS,31158,67.91%,
Single,AR_EC_VF_nzoth_yogg_cthun_3132858723859951_Mis_AM_DR,31158,67.90%,
Single,AR_EC_VF_yshaarj_nzoth_yogg_4013310912888813_Mis_AM_ME_DS,31157,67.90%,
Single,AR_EC_VF_yshaarj_nzoth_yogg_4013309906255343_Mis_AM_DR_DS,31157,67.90%,
Single,AR_EC_VF_yshaarj_yogg_cthun_1971233346150381_Mis_IV_ME,31156,67.89%,
Single,VW_DH_TV_VF_nzoth_yogg_cthun_3132813835821037_Mis_AM_ME_DS,31155,67.89%,
Single,AR_SW_VF_yshaarj_yogg_cthun_1971370784579055_Mis_IV_ME,31155,67.89%,
Single,AR_EC_VF_yshaarj_nzoth_yogg_4013309839670767_Mis_IV_ME_DS,31155,67.89%,
Single,VW_DH_TV_VF_nzoth_yogg_cthun_3132807393370093_Mis_AM_ME_DS,31154,67.88%,
Single,AR_EC_VF_yshaarj_nzoth_yogg_4013309906771439_Mis_AM_ME_DS,31154,67.88%,
Single,AR_SP_VF_yshaarj_yogg_cthun_1971234419367407_IN_IV_DR,31153,67.88%,
Single,AR_SP_VF_yshaarj_nzoth_yogg_4013309906255343_Mis_AM_DR_DS,31153,67.88%,
Single,AR_SW_VF_yshaarj_yogg_cthun_1971233345634285_Mis_IV_DR,31152,67.87%,
Single,AR_EC_VF_yshaarj_nzoth_yogg_4013318429081071_Mis_AM_DR_DS,31152,67.87%,
Single,AR_SW_VF_yshaarj_nzoth_yogg_4014409350774765_Mis_AM_ME_DS,31150,67.86%,
Single,VW_DH_TV_VF_nzoth_yogg_cthun_3132806253043183_Mis_IV_ME_DS,31150,67.86%,
Single,VW_DH_VW_VF_nzoth_yogg_cthun_3132927585869295_Mis_AM_ME,31150,67.86%,
Single,VW_DH_TV_VF_nzoth_yogg_cthun_3132806319627759_Mis_AM_DR_DS,31150,67.86%,
Single,VW_DH_VW_VF_nzoth_yogg_cthun_3133348492140015_Mis_AM_ME,31150,67.86%,
Single,AR_SW_VF_yshaarj_yogg_cthun_2043259880595437_IN_IV_ME_DS,31149,67.86%,
Single,AR_SW_VF_nzoth_yogg_cthun_3132858723859951_Mis_AM_ME,31149,67.85%,
Single,AR_SP_VF_yshaarj_yogg_cthun_1988688026132461_IN_AM_ME,31148,67.85%,
Single,AR_EC_VF_yshaarj_yogg_cthun_1973432368881135_Mis_IV_ME,31148,67.85%,
Single,AR_SP_VF_yshaarj_yogg_cthun_2043259880595437_IN_IV_ME_DS,31148,67.85%,
Single,AR_SW_VF_yshaarj_nzoth_yogg_4013309906771439_Mis_AM_DR_DS,31148,67.85%,
Single,AR_SW_VF_yshaarj_nzoth_yogg_4013309839670767_Mis_IV_ME_DS,31145,67.83%,
Single,AR_SW_VF_yshaarj_yogg_cthun_1971234352267245_Mis_IV_DR,31145,67.83%,
Single,VW_DH_TV_VF_yshaarj_nzoth_yogg_3977498544373231_Mis_AM_DR,31145,67.83%,
Single,AR_SP_VF_yshaarj_yogg_cthun_1971370784579055_Mis_IV_ME,31144,67.83%,
Single,AR_EC_VF_yshaarj_yogg_cthun_1971250525495277_IN_IV_ME_DS,31144,67.83%,
Single,AR_SW_VF_yshaarj_yogg_cthun_1971233614061039_Mis_IV_DR,31144,67.83%,
Single,AR_SW_VF_yshaarj_yogg_cthun_1972332790669293_Mis_IV_DR,31143,67.83%,
Single,AR_SW_VF_nzoth_yogg_cthun_3132875970305519_Mis_AM_ME_DS,31143,67.82%,
Single,AR_EC_VF_yshaarj_nzoth_yogg_4013309906255343_Mis_AM_ME_DS,31143,67.82%,
Single,VW_DH_TV_VF_nzoth_yogg_cthun_3132806252518911_Mis_AM_DR_DS,31143,67.82%,
Single,VW_DH_VW_VF_nzoth_yogg_cthun_3132813768711679_Mis_IV_DR_DS,31142,67.82%,
Single,AR_EC_VF_yshaarj_nzoth_yogg_4013310913404909_Mis_AM_ME_DS,31142,67.82%,
Single,VW_DH_TV_VF_nzoth_yogg_cthun_3132807393369583_Mis_IV_ME_DS,31142,67.82%,
Single,AR_SP_VF_yshaarj_nzoth_yogg_4013447278091775_Mis_AM_DR_DS,31142,67.82%,
Single,VW_DH_TV_VF_yshaarj_nzoth_yogg_4049797876342255_Mis_AM_DR_DS,31141,67.81%,
Single,VW_DH_VW_VF_nzoth_yogg_cthun_3132813769235951_Mis_IV_DR_DS,31140,67.81%,
Single,VW_DH_TV_VF_nzoth_yogg_cthun_3132813769235951_Mis_IV_ME_DS,31140,67.81%,
Single,AR_EC_VF_yshaarj_yogg_cthun_2043259947180013_Mis_AM_DR_DS,31140,67.81%,
Single,AR_SP_VF_nzoth_yogg_cthun_3132858790436351_Mis_AM_ME,31139,67.80%,
Single,AR_SP_VF_yshaarj_yogg_cthun_1971370784579565_IN_AM_ME,31138,67.80%,
Single,VW_DH_TV_VF_nzoth_yogg_cthun_3132927585345023_Mis_AM_ME,31138,67.80%,
Single,AR_SP_VF_yshaarj_yogg_cthun_1971370717994479_IN_IV_DR,31137,67.79%,
Single,VW_DH_TV_VF_nzoth_yogg_cthun_3132798803434991_Mis_AM_ME,31137,67.79%,
Single,AR_SW_VF_nzoth_yogg_cthun_3132867313270255_Mis_AM_ME,31137,67.79%,
Single,VW_DH_TV_VF_nzoth_yogg_cthun_3132806319627759_Mis_AM_ME_DS,31135,67.78%,
Single,AR_SP_VF_yshaarj_yogg_cthun_1971233614061039_Mis_IV_DR,31133,67.77%,
Single,VW_DH_VW_VF_nzoth_yogg_cthun_3133348492140015_Mis_AM_DR,31132,67.76%,
Single,AR_EC_VF_yshaarj_yogg_cthun_1972332790669293_Mis_IV_ME,31130,67.75%,
Single,AR_SP_VF_yshaarj_nzoth_yogg_4013584784154095_Mis_AM_ME_DS,31129,67.75%,
Single,AR_EC_VF_yshaarj_yogg_cthun_1988688025615855_Mis_IV_ME,31129,67.75%,
Single,AR_SP_VF_yshaarj_nzoth_yogg_3977567121825263_Mis_AM_DR,31128,67.74%,
Single,AR_SP_VF_nzoth_yogg_cthun_3132875903196671_IN_AM_ME_DS,31127,67.74%,
Single,AR_EC_VF_yshaarj_yogg_cthun_2043259880595437_IN_AM_DR_DS,31127,67.74%,
Single,AR_SP_VF_yshaarj_yogg_cthun_1973432368881135_IN_AM_DR,31126,67.73%,
Single,AR_EC_VF_yshaarj_nzoth_yogg_4013310913404399_Mis_AM_DR_DS,31126,67.73%,
Single,VW_DH_VW_VF_nzoth_yogg_cthun_3132806319627759_Mis_AM_ME_DS,31126,67.73%,
Single,AR_SW_VF_yshaarj_yogg_cthun_1971370717994479_IN_IV_ME,31125,67.73%,
Single,AR_EC_VF_nzoth_yogg_cthun_3132875970305519_Mis_AM_DR_DS,31124,67.72%,
Single,AR_SP_VF_yshaarj_yogg_cthun_1972332790669293_Mis_IV_DR,31123,67.72%,
Single,AR_SP_VF_yshaarj_yogg_cthun_1971233345634285_IN_IV_ME,31123,67.72%,
Single,AR_SP_VF_yshaarj_yogg_cthun_2043259880595437_Mis_IV_DR_DS,31122,67.71%,
Single,AR_SP_VF_yshaarj_nzoth_yogg_4013447278091775_IN_AM_ME_DS,31122,67.71%,
Single,AR_SP_VF_yshaarj_yogg_cthun_1971370784579565_Mis_AM_ME,31121,67.70%,
Single,VW_DH_TV_VF_nzoth_yogg_cthun_3135012791967215_Mis_AM_ME_DS,31120,67.70%,
Single,AR_EC_VF_yshaarj_yogg_cthun_1971234419367917_Mis_IV_ME,31120,67.70%,
Single,AR_SW_VF_yshaarj_yogg_cthun_1971234352783341_IN_IV_ME,31120,67.70%,
Single,VW_DH_TV_VF_yshaarj_nzoth_yogg_3977513576758767_Mis_AM_DR_DS,31120,67.70%,
Single,VW_DH_VW_VF_nzoth_yogg_cthun_3132813769235951_Mis_IV_ME_DS,31119,67.69%,
Single,AR_EC_VF_yshaarj_yogg_cthun_2043259880595437_Mis_IV_DR_DS,31118,67.69%,
Single,VW_DH_TV_VF_yshaarj_nzoth_yogg_4049525145919469_Mis_AM_ME_DS,31118,67.69%,
Single,AR_EC_VF_yshaarj_yogg_cthun_2043259880078831_IN_IV_DR_DS,31118,67.69%,
Single,AR_EC_VF_yshaarj_yogg_cthun_1972332790153197_IN_AM_DR,31115,67.67%,
Single,AR_EC_VF_yshaarj_yogg_cthun_1971370784579055_Mis_AM_DR,31115,67.67%,
Single,AR_SW_VF_yshaarj_yogg_cthun_1971233346150381_Mis_IV_ME,31114,67.67%,
Single,AR_SW_VF_yshaarj_nzoth_yogg_4013584717053423_Mis_IV_ME_DS,31114,67.67%,
Single,AR_SP_VF_yshaarj_yogg_cthun_2043251357244911_Mis_AM_DR,31110,67.65%,
Single,AR_EC_VF_yshaarj_nzoth_yogg_4013301249211903_Mis_AM_ME,31110,67.64%,
Single,AR_SW_VF_yshaarj_yogg_cthun_2043251290144239_Mis_IV_ME,31109,67.64%,
Single,AR_SW_VF_yshaarj_yogg_cthun_2043251290144749_Mis_AM_ME,31108,67.64%,
Single,AR_EC_VF_yshaarj_yogg_cthun_1971233614061039_IN_AM_DR,31108,67.64%,
Single,AR_SP_VF_yshaarj_nzoth_yogg_4013309839670767_Mis_IV_DR_DS,31108,67.64%,
Single,AR_SW_VF_yshaarj_nzoth_yogg_4013310912888303_Mis_IV_DR_DS,31107,67.63%,
Single,AR_SP_VF_yshaarj_yogg_cthun_1972332790669293_Mis_IV_ME,31106,67.63%,
Single,VW_DH_TV_VF_yshaarj_nzoth_yogg_3977513577275373_Mis_AM_DR_DS,31105,67.62%,
Single,VW_DH_TV_VF_yshaarj_nzoth_yogg_4049522998444013_Mis_AM_ME_DS,31105,67.62%,
Single,VW_DH_TV_VF_nzoth_yogg_cthun_3132815916195311_Mis_IV_DR_DS,31105,67.62%,
Single,VW_DH_TV_VF_nzoth_yogg_cthun_3132814842453487_Mis_AM_DR_DS,31105,67.62%,
Single,VW_DH_TV_VF_nzoth_yogg_cthun_3132813769236461_Mis_AM_DR_DS,31103,67.61%,
Single,AR_SP_VF_yshaarj_yogg_cthun_2043251290144239_IN_AM_DR,31102,67.60%,
Single,AR_SP_VF_yshaarj_yogg_cthun_1972332790668783_IN_IV_DR,31101,67.60%,
Single,AR_SP_VF_yshaarj_yogg_cthun_2043259947180013_Mis_AM_DR_DS,31100,67.59%,
Single,AR_SP_VF_yshaarj_nzoth_yogg_4013318429081071_Mis_AM_DR_DS,31099,67.59%,
Single,AR_SP_VF_yshaarj_nzoth_yogg_4013310913404909_Mis_AM_ME_DS,31099,67.59%,
Single,VW_DH_VW_VF_nzoth_yogg_cthun_3132942617730559_Mis_AM_DR_DS,31098,67.58%,
Single,AR_SP_VF_nzoth_yogg_cthun_3132859797077487_Mis_AM_ME,31098,67.58%,
Single,AR_EC_VF_nzoth_yogg_cthun_3169159786913279_Mis_AM_DR_DS,31097,67.58%,
Single,AR_SP_VF_yshaarj_yogg_cthun_1973432301780463_IN_IV_DR,31097,67.58%,
Single,AR_SP_VF_yshaarj_yogg_cthun_1971233614061039_IN_IV_ME,31097,67.58%,
Single,AR_SP_VF_yshaarj_nzoth_yogg_4013584717053423_IN_AM_DR_DS,31097,67.58%,
Single,AR_EC_VF_yshaarj_yogg_cthun_1973432368881645_Mis_AM_ME,31096,67.57%,
Single,AR_SW_VF_yshaarj_yogg_cthun_1972332790668783_IN_IV_ME,31096,67.57%,
Single,AR_EC_VF_yshaarj_yogg_cthun_1973432302297069_IN_AM_ME,31095,67.57%,
Single,VW_DH_TV_VF_yshaarj_nzoth_yogg_3977513577274863_Mis_IV_ME_DS,31095,67.57%,
Single,AR_SP_VF_nzoth_yogg_cthun_3132875903205357_Mis_AM_DR_DS,31094,67.56%,
Single,AR_EC_VF_nzoth_yogg_cthun_3132858790436351_Mis_AM_DR,31094,67.56%,
Single,AR_EC_VF_yshaarj_nzoth_yogg_4013310912880127_IN_AM_ME_DS,31094,67.56%,
Single,VW_DH_VW_VF_yshaarj_nzoth_yogg_4049522998959599_Mis_AM_ME_DS,31093,67.55%,
Single,AR_EC_VF_yshaarj_yogg_cthun_1972332857253359_IN_AM_DR,31093,67.55%,
Single,AR_EC_VF_yshaarj_nzoth_yogg_4014409351290351_Mis_AM_DR_DS,31091,67.55%,
Single,AR_SP_VF_nzoth_yogg_cthun_3132875903196671_IN_AM_DR_DS,31091,67.54%,
Single,AR_EC_VF_yshaarj_yogg_cthun_1971370717478893_Mis_AM_DR,31089,67.53%,
Single,AR_EC_VF_yshaarj_yogg_cthun_2043251290144239_Mis_IV_DR,31088,67.53%,
Single,AR_SP_VF_yshaarj_nzoth_yogg_4013309906247167_IN_AM_ME_DS,31087,67.52%,
Single,VW_DH_TV_VF_nzoth_yogg_cthun_3135004202556911_Mis_AM_DR_DS,31087,67.52%,
Single,VW_DH_TV_VF_nzoth_yogg_cthun_3132791220657647_Mis_AM_ME,31086,67.51%,
Single,AR_SP_VF_yshaarj_nzoth_yogg_4013301249727999_Mis_AM_ME,31086,67.51%,
Single,AR_SW_VF_yshaarj_nzoth_yogg_4013318429072895_Mis_AM_DR_DS,31086,67.51%,
Single,VW_DH_VW_VF_nzoth_yogg_cthun_3133363524525551_Mis_AM_DR_DS,31085,67.51%,
Single,AR_SW_VF_yshaarj_yogg_cthun_2043259880595437_Mis_IV_DR_DS,31085,67.51%,
Single,AR_SW_VF_nzoth_yogg_cthun_3132859797069311_Mis_AM_ME,31085,67.51%,
Single,AR_SP_VF_nzoth_yogg_cthun_3132867313270255_Mis_AM_ME,31084,67.51%,
Single,AR_EC_VF_yshaarj_nzoth_yogg_4013584717053423_IN_AM_ME_DS,31083,67.50%,
Single,AR_EC_VF_yshaarj_yogg_cthun_1971234352267245_IN_AM_DR,31082,67.49%,
Single,AR_SP_VF_yshaarj_nzoth_yogg_4014409350766079_Mis_IV_ME_DS,31081,67.49%,
Single,AR_SW_VF_yshaarj_yogg_cthun_2043259947180013_Mis_AM_DR_DS,31081,67.49%,
Single,VW_DH_VW_VF_nzoth_yogg_cthun_3132927585869295_Mis_AM_DR,31078,67.47%,
Single,AR_SW_VF_yshaarj_yogg_cthun_2043259880594927_IN_IV_DR_DS,31077,67.47%,
Single,AR_SP_VF_yshaarj_nzoth_yogg_4013310912880127_Mis_IV_DR_DS,31076,67.46%,
Single,AR_SW_VF_yshaarj_nzoth_yogg_4013310912888303_IN_AM_ME_DS,31075,67.46%,
Single,AR_EC_VF_yshaarj_yogg_cthun_1988688025616365_Mis_AM_ME,31074,67.45%,
Single,VW_DH_VW_VF_nzoth_yogg_cthun_3132944765214191_Mis_AM_DR_DS,31074,67.45%,
Single,AR_SP_VF_yshaarj_nzoth_yogg_4013309839670767_Mis_IV_ME_DS,31074,67.45%,
Single,AR_SW_VF_yshaarj_nzoth_yogg_4013584717053423_IN_AM_ME_DS,31074,67.45%,
Single,AR_SW_VF_yshaarj_yogg_cthun_2043251290660335_IN_AM_ME,31073,67.45%,
Single,AR_EC_VF_nzoth_yogg_cthun_3132867313270255_Mis_AM_ME,31071,67.44%,
Single,AR_EC_VF_yshaarj_yogg_cthun_1971234352267245_IN_IV_ME,31071,67.44%,
Single,VW_DH_TV_VF_nzoth_yogg_cthun_3133363524526061_Mis_AM_ME_DS,31071,67.43%,
Single,AR_SP_VF_yshaarj_yogg_cthun_1973432301780973_Mis_IV_ME,31071,67.43%,
Single,AR_EC_VF_yshaarj_yogg_cthun_1973432302297069_Mis_AM_DR,31071,67.43%,
Single,AR_SW_VF_yshaarj_yogg_cthun_2043251290136063_IN_IV_ME,31070,67.43%,
Single,AR_SP_VF_yshaarj_nzoth_yogg_3977567121309677_Mis_AM_ME,31070,67.43%,
Single,AR_EC_VF_nzoth_yogg_cthun_3132859797069311_Mis_AM_ME,31068,67.42%,
Single,VW_DH_TV_VF_yshaarj_nzoth_yogg_3977498544889837_Mis_AM_DR,31068,67.42%,
Single,AR_EC_VF_yshaarj_yogg_cthun_1973432301780463_IN_IV_ME,31068,67.42%,
Single,AR_SP_VF_yshaarj_nzoth_yogg_4013309839671277_Mis_AM_DR_DS,31068,67.42%,
Single,AR_SW_VF_nzoth_yogg_cthun_3132867313270255_Mis_AM_DR,31068,67.42%,
Single,AR_SW_VF_yshaarj_nzoth_yogg_4014409350766079_IN_AM_ME_DS,31067,67.41%,
Single,AR_EC_VF_yshaarj_yogg_cthun_2043259947180013_IN_AM_ME_DS,31067,67.41%,
Single,AR_SP_VF_yshaarj_nzoth_yogg_4013310913404399_IN_AM_ME_DS,31066,67.41%,
Single,AR_SP_VF_yshaarj_nzoth_yogg_4014409350766079_IN_AM_ME_DS,31064,67.40%,
Single,AR_EC_VF_yshaarj_yogg_cthun_1971250525495277_Mis_IV_ME_DS,31064,67.40%,
Single,AR_SP_VF_yshaarj_yogg_cthun_2043251290660335_Mis_IV_DR,31062,67.39%,
Single,AR_EC_VF_yshaarj_nzoth_yogg_4014409350766079_Mis_IV_ME_DS,31062,67.39%,
Single,AR_EC_VF_yshaarj_yogg_cthun_1972332790153197_Mis_IV_ME,31062,67.39%,
Single,AR_SP_VF_yshaarj_yogg_cthun_1971233346150381_Mis_IV_DR,31060,67.38%,
Single,AR_SW_VF_yshaarj_yogg_cthun_2043251290660335_Mis_AM_DR,31059,67.37%,
Single,AR_SP_VF_yshaarj_yogg_cthun_1988688026131951_Mis_IV_ME,31058,67.37%,
Single,AR_SP_VF_nzoth_yogg_cthun_3132859797069311_Mis_AM_ME,31057,67.36%,
Single,AR_SP_VF_yshaarj_yogg_cthun_1988688026131951_IN_AM_DR,31057,67.36%,
Single,VW_DH_TV_VF_nzoth_yogg_cthun_3135006349516271_Mis_AM_ME_DS,31057,67.36%,
Single,AR_EC_VF_yshaarj_yogg_cthun_1971370717994989_Mis_AM_DR,31056,67.36%,
Single,AR_SW_VF_yshaarj_yogg_cthun_1971250458394605_IN_IV_DR_DS,31055,67.35%,
Single,AR_SW_VF_yshaarj_yogg_cthun_1971234352267245_IN_IV_ME,31054,67.34%,
Single,AR_SP_VF_nzoth_yogg_cthun_3132867313270255_Mis_AM_DR,31053,67.34%,
Single,AR_EC_VF_yshaarj_nzoth_yogg_4013309839670767_IN_AM_ME_DS,31053,67.34%,
Single,AR_EC_VF_yshaarj_yogg_cthun_2043251290660335_IN_AM_ME,31052,67.33%,
Single,AR_EC_VF_nzoth_yogg_cthun_3132867313270255_Mis_AM_DR,31052,67.33%,
Single,AR_EC_VF_yshaarj_yogg_cthun_1988688026132461_Mis_AM_ME,31052,67.33%,
Single,AR_EC_VF_nzoth_yogg_cthun_3132875970305519_Mis_AM_ME_DS,31051,67.33%,
Single,AR_EC_VF_yshaarj_yogg_cthun_1971233345633775_IN_IV_DR,31051,67.32%,
Single,AR_EC_VF_yshaarj_nzoth_yogg_4013584717045247_IN_AM_DR_DS,31050,67.32%,
Single,VW_DH_TV_VF_yshaarj_nzoth_yogg_3977513576759277_Mis_AM_ME_DS,31049,67.32%,
Single,AR_SW_VF_yshaarj_yogg_cthun_1971233614061039_IN_AM_DR,31049,67.32%,
Single,AR_SP_VF_yshaarj_yogg_cthun_2043259880078831_IN_IV_DR_DS,31049,67.31%,
Single,VW_DH_VW_VF_nzoth_yogg_cthun_3132806252518911_Mis_AM_DR_DS,31048,67.31%,
Single,VW_DH_VW_VF_nzoth_yogg_cthun_3132813769236461_Mis_AM_ME_DS,31048,67.31%,
Single,AR_EC_VF_nzoth_yogg_cthun_3169159786913279_Mis_AM_ME_DS,31048,67.31%,
Single,AR_SP_VF_yshaarj_nzoth_yogg_4013318429081071_Mis_AM_ME_DS,31048,67.31%,
Single,AR_EC_VF_yshaarj_yogg_cthun_1972332790152687_IN_IV_ME,31047,67.31%,
Single,AR_EC_VF_yshaarj_nzoth_yogg_3977567121300991_Mis_AM_ME,31047,67.31%,
Single,AR_EC_VF_yshaarj_yogg_cthun_2043251290136063_Mis_IV_DR,31047,67.31%,
Single,AR_EC_VF_yshaarj_yogg_cthun_1971233345634285_Mis_IV_ME,31046,67.30%,
Single,AR_EC_VF_yshaarj_yogg_cthun_1971233346149871_IN_IV_DR,31046,67.30%,
Single,AR_EC_VF_yshaarj_yogg_cthun_1973432301780973_Mis_IV_ME,31045,67.30%,
Single,AR_EC_VF_yshaarj_nzoth_yogg_4013447278091775_Mis_AM_ME_DS,31045,67.29%,
Single,VW_DH_TV_VF_nzoth_yogg_cthun_3132927585869295_Mis_AM_DR,31044,67.29%,
Single,AR_SP_VF_yshaarj_yogg_cthun_1971370717470207_IN_IV_DR,31044,67.29%,
Single,AR_EC_VF_yshaarj_yogg_cthun_1973432301780973_IN_AM_ME,31043,67.29%,
Single,AR_SP_VF_yshaarj_yogg_cthun_1972332790153197_Mis_IV_DR,31043,67.28%,
Single,AR_SW_VF_yshaarj_yogg_cthun_2043259947179503_IN_IV_ME_DS,31043,67.28%,
Single,AR_EC_VF_nzoth_yogg_cthun_3132858723859951_Mis_AM_ME,31042,67.28%,
Single,VW_DH_VW_VF_nzoth_yogg_cthun_3135006349516271_Mis_AM_DR_DS,31041,67.27%,
Single,AR_SP_VF_yshaarj_yogg_cthun_1988688025615855_Mis_IV_ME,31040,67.27%,
Single,AR_SP_VF_yshaarj_yogg_cthun_1971233345634285_Mis_IV_DR,31039,67.26%,
Single,AR_SW_VF_yshaarj_nzoth_yogg_3977567121825263_Mis_AM_DR,31039,67.26%,
Single,VW_DH_VW_VF_nzoth_yogg_cthun_3132791220657647_Mis_AM_DR,31037,67.25%,
Single,AR_EC_VF_yshaarj_yogg_cthun_1972332857253869_Mis_AM_DR,31037,67.25%,
Single,AR_SP_VF_yshaarj_nzoth_yogg_4013301249211903_Mis_AM_DR,31036,67.25%,
Single,AR_SW_VF_yshaarj_yogg_cthun_1972332790669293_Mis_IV_ME,31035,67.24%,
Single,AR_EC_VF_yshaarj_nzoth_yogg_3977567121300991_Mis_AM_DR,31034,67.24%,
Single,VW_DH_TV_VF_yshaarj_nzoth_yogg_4049797876342255_Mis_AM_ME_DS,31033,67.23%,
Single,VW_DH_VW_VF_nzoth_yogg_cthun_3132807393370093_Mis_AM_ME_DS,31033,67.23%,
Single,AR_SW_VF_yshaarj_yogg_cthun_1971370717994989_Mis_AM_DR,31033,67.23%,
Single,AR_EC_VF_yshaarj_yogg_cthun_1973432302296559_IN_IV_ME,31032,67.23%,
Single,AR_EC_VF_yshaarj_nzoth_yogg_4013310912880127_Mis_IV_ME_DS,31032,67.22%,
Single,AR_SP_VF_yshaarj_yogg_cthun_1972332857253869_IN_AM_ME,31032,67.22%,
Single,AR_SP_VF_yshaarj_nzoth_yogg_4013309839146495_Mis_IV_DR_DS,31032,67.22%,
Single,AR_SP_VF_yshaarj_nzoth_yogg_4013584717045247_IN_AM_DR_DS,31031,67.22%,
Single,AR_SW_VF_yshaarj_yogg_cthun_1988688025616365_IN_AM_ME,31030,67.22%,
Single,AR_SP_VF_yshaarj_yogg_cthun_1971233614061549_IN_AM_ME,31030,67.21%,
Single,AR_SW_VF_yshaarj_yogg_cthun_1972332790669293_IN_AM_ME,31028,67.21%,
Single,AR_EC_VF_yshaarj_yogg_cthun_2043251290136063_IN_AM_DR,31028,67.20%,
Single,VW_DH_VW_VF_nzoth_yogg_cthun_3132813768719855_Mis_AM_DR_DS,31027,67.20%,
Single,AR_SP_VF_yshaarj_yogg_cthun_1988688025607679_IN_IV_ME,31027,67.20%,
Single,AR_SW_VF_yshaarj_yogg_cthun_1971370717470207_IN_IV_DR,31026,67.19%,
Single,AR_SW_VF_yshaarj_yogg_cthun_1973432368881645_Mis_AM_ME,31024,67.18%,
Single,AR_SW_VF_yshaarj_yogg_cthun_1971233345633775_IN_IV_DR,31023,67.18%,
Single,AR_SP_VF_nzoth_yogg_cthun_3132858723859951_Mis_AM_ME,31022,67.17%,
Single,AR_EC_VF_yshaarj_yogg_cthun_1988688026131951_Mis_AM_DR,31022,67.17%,
Single,AR_SW_VF_yshaarj_nzoth_yogg_4013309906771439_Mis_AM_ME_DS,31022,67.17%,
Single,VW_DH_TV_VF_yshaarj_nzoth_yogg_3977498544889837_Mis_AM_ME,31021,67.17%,
Single,AR_EC_VF_yshaarj_yogg_cthun_1971234352783341_IN_AM_DR,31020,67.16%,
Single,AR_SP_VF_nzoth_yogg_cthun_3132858723859951_Mis_AM_DR,31019,67.16%,
Single,AR_SW_VF_yshaarj_nzoth_yogg_4013447278091775_IN_AM_ME_DS,31019,67.15%,
Single,VW_DH_VW_VF_nzoth_yogg_cthun_3132944765214191_Mis_AM_ME_DS,31018,67.15%,
Single,AR_SP_VF_yshaarj_yogg_cthun_1971233346150381_IN_AM_DR,31017,67.15%,
Single,AR_SW_VF_yshaarj_nzoth_yogg_4013584717569519_Mis_AM_DR_DS,31017,67.14%,
Single,AR_EC_VF_yshaarj_yogg_cthun_1971250458394605_IN_IV_DR_DS,31017,67.14%,
Single,AR_SW_VF_yshaarj_yogg_cthun_1971250525495277_IN_AM_DR_DS,31017,67.14%,
Single,AR_SW_VF_yshaarj_yogg_cthun_1988688026131951_Mis_IV_ME,31017,67.14%,
Single,VW_DH_VW_VF_nzoth_yogg_cthun_3132813835820527_Mis_AM_DR_DS,31016,67.14%,
Single,AR_EC_VF_yshaarj_yogg_cthun_2043251290144239_Mis_IV_ME,31015,67.13%,
Single,AR_EC_VF_yshaarj_yogg_cthun_1971250525495277_Mis_IV_DR_DS,31015,67.13%,
Single,AR_EC_VF_yshaarj_nzoth_yogg_4013584717569519_Mis_AM_DR_DS,31015,67.13%,
Single,AR_EC_VF_yshaarj_yogg_cthun_1972332790153197_Mis_IV_DR,31014,67.13%,
Single,AR_EC_VF_yshaarj_yogg_cthun_1971370717994989_IN_AM_ME,31013,67.12%,
Single,AR_SP_VF_yshaarj_yogg_cthun_1971250525495277_Mis_IV_DR_DS,31011,67.11%,
Single,AR_SP_VF_yshaarj_nzoth_yogg_4013318429597167_Mis_AM_ME_DS,31011,67.11%,
Single,AR_SW_VF_nzoth_yogg_cthun_3132875903204847_Mis_IV_DR_DS,31011,67.11%,
Single,AR_EC_VF_nzoth_yogg_cthun_3132867313262079_Mis_AM_DR,31010,67.11%,
Single,AR_SW_VF_yshaarj_yogg_cthun_1988688092716527_IN_AM_ME,31009,67.10%,
Single,AR_SP_VF_yshaarj_yogg_cthun_1971233346150381_Mis_IV_ME,31008,67.10%,
Single,AR_SP_VF_yshaarj_yogg_cthun_1971370717994479_Mis_IV_DR,31008,67.10%,
Single,AR_SP_VF_yshaarj_nzoth_yogg_4014409350766079_Mis_IV_DR_DS,31008,67.09%,
Single,AR_SW_VF_yshaarj_nzoth_yogg_3977567121309677_Mis_AM_ME,31007,67.09%,
Single,AR_SW_VF_yshaarj_nzoth_yogg_4013310912888813_Mis_AM_ME_DS,31006,67.08%,
Single,AR_EC_VF_yshaarj_yogg_cthun_1988688025615855_IN_AM_DR,31005,67.08%,
Single,VW_DH_TV_VF_nzoth_yogg_cthun_3132813769235951_Mis_IV_DR_DS,31004,67.08%,
Single,VW_DH_TV_VF_nzoth_yogg_cthun_3135004202032639_Mis_AM_DR_DS,31003,67.07%,
Single,VW_DH_VW_VF_nzoth_yogg_cthun_3132942618254831_Mis_AM_DR_DS,31002,67.07%,
Single,AR_EC_VF_yshaarj_yogg_cthun_1972332790153197_IN_AM_ME,31002,67.06%,
Single,AR_SW_VF_yshaarj_yogg_cthun_1973432301780463_IN_IV_ME,31001,67.06%,
Single,AR_SP_VF_nzoth_yogg_cthun_3132875903204847_Mis_IV_DR_DS,31001,67.06%,
Single,AR_SP_VF_yshaarj_yogg_cthun_2043251290136063_IN_IV_ME,31000,67.06%,
Single,AR_SW_VF_yshaarj_yogg_cthun_1973432368881135_Mis_IV_ME,31000,67.05%,
Single,AR_SP_VF_yshaarj_yogg_cthun_1971250458910701_IN_IV_DR_DS,31000,67.05%,
Single,AR_EC_VF_yshaarj_yogg_cthun_2043251357244911_Mis_AM_ME,30998,67.04%,
Single,AR_SP_VF_yshaarj_yogg_cthun_1973432301772287_IN_IV_DR,30997,67.04%,
Single,VW_DH_TV_VF_nzoth_yogg_cthun_3132944765214191_Mis_AM_DR_DS,30997,67.04%,
Single,VW_DH_VW_VF_nzoth_yogg_cthun_3135004202032639_Mis_AM_DR_DS,30996,67.03%,
Single,VW_DH_TV_VF_nzoth_yogg_cthun_3132806252527087_Mis_AM_ME_DS,30994,67.02%,
Single,AR_EC_VF_yshaarj_yogg_cthun_1971234419367917_Mis_AM_DR,30994,67.02%,
Single,AR_SP_VF_yshaarj_nzoth_yogg_4013301249211903_Mis_AM_ME,30994,67.02%,
Single,AR_SW_VF_yshaarj_nzoth_yogg_4013310979988975_Mis_AM_ME_DS,30994,67.02%,
Single,AR_SW_VF_yshaarj_nzoth_yogg_4014409350766079_Mis_IV_DR_DS,30992,67.01%,
Single,AR_SP_VF_yshaarj_yogg_cthun_1971233614061039_IN_AM_DR,30992,67.01%,
Single,AR_SP_VF_yshaarj_yogg_cthun_2043251290660335_Mis_IV_ME,30991,67.01%,
Single,AR_SP_VF_yshaarj_nzoth_yogg_4013584717045247_Mis_IV_ME_DS,30991,67.00%,
Single,AR_EC_VF_yshaarj_nzoth_yogg_4014409351290351_Mis_AM_ME_DS,30991,67.00%,
Single,VW_DH_VW_VF_nzoth_yogg_cthun_3135006349516271_Mis_AM_ME_DS,30990,67.00%,
Single,AR_SW_VF_yshaarj_yogg_cthun_1971234352783341_IN_AM_DR,30990,67.00%,
Single,AR_SW_VF_yshaarj_yogg_cthun_1971233279049709_Mis_IV_DR,30990,67.00%,
Single,AR_SP_VF_yshaarj_nzoth_yogg_4014409351290351_Mis_AM_ME_DS,30990,67.00%,
Single,AR_SW_VF_yshaarj_yogg_cthun_1971370717478893_Mis_AM_DR,30990,67.00%,
Single,AR_SW_VF_yshaarj_yogg_cthun_1973432301780973_Mis_AM_DR,30989,67.00%,
Single,AR_EC_VF_yshaarj_yogg_cthun_2043251290136063_IN_IV_ME,30989,66.99%,
Single,AR_EC_VF_yshaarj_nzoth_yogg_4014409350766079_Mis_IV_DR_DS,30989,66.99%,
Single,AR_SP_VF_yshaarj_yogg_cthun_2043251290144239_Mis_IV_ME,30989,66.99%,
Single,AR_SP_VF_yshaarj_nzoth_yogg_4013584717045247_Mis_IV_DR_DS,30986,66.98%,
Single,AR_EC_VF_yshaarj_yogg_cthun_2043259947179503_IN_AM_DR_DS,30986,66.98%,
Single,AR_SP_VF_nzoth_yogg_cthun_3169159786913279_Mis_AM_DR_DS,30984,66.97%,
Single,AR_SW_VF_yshaarj_yogg_cthun_2043251357244911_Mis_AM_ME,30984,66.97%,
Single,AR_SP_VF_yshaarj_nzoth_yogg_4013309839670767_IN_AM_DR_DS,30984,66.96%,
Single,AR_EC_VF_nzoth_yogg_cthun_3132875903196671_Mis_IV_ME_DS,30983,66.96%,
Single,VW_DH_VW_VF_nzoth_yogg_cthun_3132942617738735_Mis_AM_ME_DS,30982,66.96%,
Single,AR_SP_VF_yshaarj_yogg_cthun_1973432301780973_IN_AM_DR,30980,66.95%,
Single,AR_SW_VF_yshaarj_yogg_cthun_2043259880079341_IN_AM_DR_DS,30980,66.94%,
Single,AR_SW_VF_yshaarj_nzoth_yogg_4014409351290351_Mis_AM_DR_DS,30980,66.94%,
Single,AR_EC_VF_yshaarj_yogg_cthun_1988688025607679_Mis_IV_ME,30979,66.94%,
Single,AR_EC_VF_yshaarj_yogg_cthun_1971234352783341_IN_IV_ME,30979,66.94%,
Single,AR_EC_VF_yshaarj_yogg_cthun_1972332790144511_IN_IV_DR,30979,66.94%,
Single,VW_DH_TV_VF_yshaarj_nzoth_yogg_3977515724234733_Mis_AM_ME_DS,30979,66.94%,
Single,AR_SP_VF_yshaarj_yogg_cthun_1971250458394605_IN_IV_DR_DS,30979,66.94%,
Single,AR_SW_VF_yshaarj_yogg_cthun_1988688092716527_Mis_AM_ME,30977,66.93%,
Single,AR_EC_VF_yshaarj_yogg_cthun_1971234352266735_IN_IV_DR,30977,66.93%,
Single,AR_SW_VF_yshaarj_yogg_cthun_1973432302297069_IN_AM_ME,30976,66.92%,
Single,AR_SP_VF_nzoth_yogg_cthun_3132875970305519_Mis_AM_DR_DS,30976,66.92%,
Single,AR_SW_VF_yshaarj_yogg_cthun_1972332790144511_IN_IV_DR,30975,66.92%,
Single,VW_DH_TV_VF_nzoth_yogg_cthun_3132942618254831_Mis_AM_DR_DS,30975,66.92%,
Single,AR_SP_VF_yshaarj_nzoth_yogg_4013310912888813_Mis_AM_ME_DS,30975,66.92%,
Single,VW_DH_TV_VF_yshaarj_nzoth_yogg_3977513643859439_Mis_AM_DR_DS,30973,66.91%,
Single,VW_DH_TV_VF_yshaarj_nzoth_yogg_3977498611473903_Mis_AM_ME,30972,66.90%,
Single,AR_EC_VF_yshaarj_nzoth_yogg_3977567121309167_Mis_AM_DR,30971,66.89%,
Single,AR_SP_VF_yshaarj_yogg_cthun_1988688026132461_Mis_AM_ME,30970,66.89%,
Single,AR_SW_VF_yshaarj_yogg_cthun_2043259947180013_IN_AM_ME_DS,30970,66.89%,
Single,AR_EC_VF_yshaarj_yogg_cthun_1971233279049709_IN_IV_ME,30969,66.89%,
Single,AR_SP_VF_yshaarj_nzoth_yogg_4013310912888303_IN_AM_ME_DS,30968,66.88%,
Single,AR_SP_VF_yshaarj_yogg_cthun_1971233345633775_IN_IV_DR,30967,66.87%,
Single,AR_SW_VF_yshaarj_yogg_cthun_1973432301772287_IN_IV_DR,30967,66.87%,
Single,AR_SW_VF_yshaarj_yogg_cthun_1971370717478383_Mis_IV_DR,30966,66.87%,
Single,AR_SP_VF_yshaarj_nzoth_yogg_3977567121825263_Mis_AM_ME,30965,66.87%,
Single,AR_SW_VF_yshaarj_nzoth_yogg_4013584717045247_Mis_IV_DR_DS,30964,66.86%,
Single,AR_SW_VF_yshaarj_nzoth_yogg_4013309839671277_Mis_AM_ME_DS,30963,66.85%,
Single,AR_SW_VF_nzoth_yogg_cthun_3169159786913279_Mis_AM_ME_DS,30963,66.85%,
Single,AR_EC_VF_yshaarj_nzoth_yogg_4013309839662591_IN_AM_DR_DS,30962,66.85%,
Single,AR_SP_VF_yshaarj_yogg_cthun_1972332857253359_IN_AM_DR,30961,66.84%,
Single,AR_SP_VF_yshaarj_yogg_cthun_1973432368881645_Mis_AM_ME,30961,66.84%,
Single,AR_SP_VF_yshaarj_yogg_cthun_2043259947179503_IN_IV_ME_DS,30961,66.84%,
Single,AR_EC_VF_yshaarj_yogg_cthun_1973432368881135_IN_AM_ME,30961,66.84%,
Single,AR_SW_VF_yshaarj_yogg_cthun_1971233279049709_IN_IV_ME,30961,66.84%,
Single,AR_SW_VF_yshaarj_nzoth_yogg_4013310913404399_Mis_AM_DR_DS,30960,66.83%,
Single,AR_SP_VF_yshaarj_nzoth_yogg_4013309839662591_IN_AM_DR_DS,30959,66.83%,
Single,AR_EC_VF_yshaarj_nzoth_yogg_4013309906247167_Mis_AM_DR_DS,30959,66.83%,
Single,AR_SP_VF_yshaarj_yogg_cthun_2043251290144749_Mis_AM_ME,30958,66.83%,
Single,AR_SW_VF_yshaarj_yogg_cthun_1988688025607679_IN_IV_ME,30957,66.82%,
Single,VW_DH_TV_VF_nzoth_yogg_cthun_3135006349516271_Mis_AM_DR_DS,30956,66.82%,
Single,VW_DH_VW_VF_nzoth_yogg_cthun_3133363524525551_Mis_AM_ME_DS,30956,66.81%,
Single,AR_SP_VF_yshaarj_nzoth_yogg_4013584717569519_IN_AM_ME_DS,30955,66.81%,
Single,AR_SW_VF_yshaarj_nzoth_yogg_4013309906247167_IN_AM_ME_DS,30954,66.80%,
Single,AR_EC_VF_yshaarj_nzoth_yogg_3977567121309167_Mis_AM_ME,30953,66.80%,
Single,AR_SW_VF_nzoth_yogg_cthun_3132867313262079_Mis_AM_DR,30953,66.80%,
Single,AR_EC_VF_yshaarj_yogg_cthun_2043259947179503_IN_IV_ME_DS,30953,66.80%,
Single,AR_EC_VF_yshaarj_yogg_cthun_1971233614061039_Mis_IV_ME,30953,66.80%,
Single,AR_SP_VF_yshaarj_yogg_cthun_1973432301780463_IN_IV_ME,30952,66.79%,
Single,AR_SW_VF_yshaarj_yogg_cthun_1988688026132461_IN_AM_ME,30951,66.79%,
Single,AR_EC_VF_nzoth_yogg_cthun_3132867313262079_Mis_AM_ME,30949,66.78%,
Single,AR_SP_VF_yshaarj_yogg_cthun_1971234419367917_Mis_IV_ME,30948,66.77%,
Single,AR_SW_VF_yshaarj_yogg_cthun_1972332857253869_Mis_AM_DR,30948,66.77%,
Single,AR_SW_VF_yshaarj_nzoth_yogg_4013309839670767_IN_AM_ME_DS,30947,66.77%,
Single,AR_SW_VF_yshaarj_yogg_cthun_1971234352267245_IN_AM_DR,30946,66.76%,
Single,VW_DH_VW_VF_nzoth_yogg_cthun_3132807326269421_Mis_AM_ME_DS,30946,66.76%,
Single,AR_SW_VF_yshaarj_nzoth_yogg_4013301249211903_Mis_AM_ME,30945,66.76%,
Single,VW_DH_TV_VF_yshaarj_nzoth_yogg_3977788454657519_Mis_AM_DR_DS,30945,66.75%,
Single,AR_EC_VF_yshaarj_yogg_cthun_2043259880594927_IN_IV_DR_DS,30943,66.75%,
Single,AR_EC_VF_yshaarj_nzoth_yogg_4013310912888303_Mis_AM_DR_DS,30942,66.74%,
Single,VW_DH_VW_VF_nzoth_yogg_cthun_3132806252527087_Mis_AM_ME_DS,30942,66.74%,
Single,AR_SP_VF_yshaarj_yogg_cthun_2043259880594927_IN_IV_DR_DS,30942,66.74%,
Single,AR_SP_VF_yshaarj_yogg_cthun_1973432302297069_IN_AM_ME,30941,66.73%,
Single,AR_SP_VF_yshaarj_nzoth_yogg_4013310912880127_Mis_IV_ME_DS,30940,66.73%,
Single,AR_SP_VF_yshaarj_yogg_cthun_2043251290660845_Mis_AM_ME,30939,66.73%,
Single,AR_SW_VF_nzoth_yogg_cthun_3132858723851775_Mis_AM_DR,30939,66.72%,
Single,VW_DH_TV_VF_nzoth_yogg_cthun_3132942617738735_Mis_AM_ME_DS,30939,66.72%,
Single,AR_EC_VF_nzoth_yogg_cthun_3132875903204847_Mis_IV_DR_DS,30938,66.72%,
Single,AR_EC_VF_yshaarj_yogg_cthun_1971234352267245_Mis_IV_DR,30937,66.71%,
Single,AR_SW_VF_yshaarj_yogg_cthun_2043259947179503_IN_AM_DR_DS,30937,66.71%,
Single,AR_SP_VF_yshaarj_nzoth_yogg_4013310979988975_Mis_AM_ME_DS,30937,66.71%,
Single,AR_SP_VF_yshaarj_nzoth_yogg_4013447278099951_Mis_AM_ME_DS,30936,66.71%,
Single,AR_SP_VF_nzoth_yogg_cthun_3132875970305519_Mis_AM_ME_DS,30936,66.71%,
Single,VW_DH_VW_VF_nzoth_yogg_cthun_3132798736326143_Mis_AM_DR,30936,66.71%,
Single,VW_DH_TV_VF_nzoth_yogg_cthun_3132807326785007_Mis_IV_ME_DS,30936,66.71%,
Single,AR_EC_VF_yshaarj_yogg_cthun_1971370784579055_IN_AM_ME,30936,66.71%,
Single,AR_SW_VF_yshaarj_nzoth_yogg_3977567121309167_Mis_AM_DR,30936,66.71%,
Single,AR_EC_VF_yshaarj_yogg_cthun_1971370717478383_Mis_IV_DR,30934,66.70%,
Single,AR_SW_VF_yshaarj_yogg_cthun_1971370784579565_Mis_AM_ME,30933,66.69%,
Single,AR_SW_VF_yshaarj_yogg_cthun_2043251290136063_Mis_IV_DR,30932,66.69%,
Single,VW_DH_TV_VF_yshaarj_nzoth_yogg_4049523065544175_Mis_AM_ME_DS,30931,66.68%,
Single,VW_DH_TV_VF_nzoth_yogg_cthun_3132942617730559_Mis_AM_DR_DS,30931,66.68%,
Single,AR_SP_VF_yshaarj_yogg_cthun_1971233346149871_IN_IV_DR,30931,66.68%,
Single,VW_DH_TV_VF_nzoth_yogg_cthun_3133348492140015_Mis_AM_ME,30930,66.67%,
Single,AR_SW_VF_nzoth_yogg_cthun_3132858723851775_Mis_AM_ME,30930,66.67%,
Single,AR_SW_VF_yshaarj_yogg_cthun_1971233346150381_Mis_AM_DR,30928,66.66%,
Single,AR_SW_VF_yshaarj_yogg_cthun_1973432302297069_Mis_AM_DR,30927,66.66%,
Single,VW_DH_VW_VF_nzoth_yogg_cthun_3132808400002543_Mis_AM_ME_DS,30926,66.66%,
Single,AR_SW_VF_yshaarj_nzoth_yogg_4013318429081071_Mis_AM_ME_DS,30926,66.66%,
Single,AR_EC_VF_yshaarj_yogg_cthun_1971370717994479_Mis_IV_DR,30926,66.66%,
Single,VW_DH_VW_VF_nzoth_yogg_cthun_3132807326785517_Mis_AM_DR_DS,30926,66.65%,
Single,AR_SW_VF_yshaarj_nzoth_yogg_4013310912888303_Mis_AM_DR_DS,30926,66.65%,
Single,AR_SW_VF_yshaarj_yogg_cthun_1971233345634285_Mis_IV_ME,30926,66.65%,
Single,AR_EC_VF_yshaarj_nzoth_yogg_4014409350774255_Mis_AM_DR_DS,30925,66.65%,
Single,AR_SW_VF_yshaarj_yogg_cthun_2043251290136063_IN_AM_DR,30923,66.64%,
Single,AR_SP_VF_yshaarj_nzoth_yogg_4013447278091775_Mis_AM_ME_DS,30923,66.64%,
Single,AR_EC_VF_nzoth_yogg_cthun_3132875903196671_Mis_IV_DR_DS,30923,66.64%,
Single,AR_EC_VF_yshaarj_yogg_cthun_2043259880079341_Mis_IV_DR_DS,30922,66.63%,
Single,AR_SP_VF_nzoth_yogg_cthun_3169159786913279_Mis_AM_ME_DS,30921,66.62%,
Single,VW_DH_TV_VF_yshaarj_nzoth_yogg_4049522998960109_Mis_AM_ME_DS,30920,66.62%,
Single,AR_EC_VF_yshaarj_yogg_cthun_1971233345625599_IN_IV_DR,30916,66.60%,
Single,AR_EC_VF_yshaarj_yogg_cthun_1971370717478383_IN_IV_ME,30915,66.60%,
Single,AR_SP_VF_yshaarj_yogg_cthun_2043251290136063_IN_AM_DR,30915,66.60%,
Single,AR_SP_VF_yshaarj_yogg_cthun_1971234352267245_Mis_IV_DR,30913,66.59%,
Single,AR_SW_VF_yshaarj_yogg_cthun_1972332857253359_IN_AM_DR,30911,66.58%,
Single,AR_SW_VF_yshaarj_nzoth_yogg_4014409350766079_Mis_IV_ME_DS,30911,66.57%,
Single,VW_DH_VW_VF_nzoth_yogg_cthun_3135004202556911_Mis_AM_DR_DS,30911,66.57%,
Single,AR_SW_VF_yshaarj_yogg_cthun_1971234419367917_Mis_AM_DR,30910,66.57%,
Single,VW_DH_TV_VF_nzoth_yogg_cthun_3132807326269421_Mis_AM_ME_DS,30909,66.56%,
Single,AR_SP_VF_nzoth_yogg_cthun_3132875903196671_Mis_IV_ME_DS,30909,66.56%,
Single,AR_SW_VF_yshaarj_yogg_cthun_1971370784579055_Mis_AM_DR,30909,66.56%,
Single,AR_SW_VF_yshaarj_yogg_cthun_1971370717478383_IN_IV_ME,30908,66.56%,
Single,VW_DH_TV_VF_nzoth_yogg_cthun_3132813768719855_Mis_AM_DR_DS,30908,66.56%,
Single,AR_SP_VF_yshaarj_yogg_cthun_2043259880079341_IN_AM_DR_DS,30907,66.55%,
Single,AR_EC_VF_nzoth_yogg_cthun_3132858723851775_Mis_AM_ME,30907,66.55%,
Single,AR_SP_VF_yshaarj_yogg_cthun_1971233345634285_IN_AM_DR,30906,66.54%,
Single,AR_EC_VF_yshaarj_yogg_cthun_1971234352258559_IN_IV_DR,30905,66.54%,
Single,VW_DH_TV_VF_nzoth_yogg_cthun_3132807326260735_Mis_IV_ME_DS,30902,66.52%,
Single,AR_EC_VF_yshaarj_yogg_cthun_1971234352783341_Mis_IV_DR,30901,66.52%,
Single,AR_SW_VF_yshaarj_yogg_cthun_1971233346149871_IN_IV_DR,30901,66.52%,
Single,AR_SW_VF_yshaarj_yogg_cthun_1971370717994989_IN_AM_ME,30900,66.51%,
Single,AR_EC_VF_yshaarj_yogg_cthun_2043251290144239_IN_AM_ME,30898,66.50%,
Single,AR_SW_VF_nzoth_yogg_cthun_3132875903196671_Mis_IV_DR_DS,30898,66.50%,
Single,AR_EC_VF_yshaarj_nzoth_yogg_4013584717045247_Mis_IV_ME_DS,30897,66.50%,
Single,AR_SP_VF_yshaarj_yogg_cthun_1971370717994479_IN_IV_ME,30897,66.50%,
Single,AR_SW_VF_yshaarj_yogg_cthun_2043259880078831_IN_IV_DR_DS,30896,66.49%,
Single,AR_EC_VF_yshaarj_nzoth_yogg_4013584717045247_Mis_IV_DR_DS,30896,66.49%,
Single,AR_EC_VF_yshaarj_yogg_cthun_1971370717994479_IN_IV_ME,30895,66.49%,
Single,VW_DH_TV_VF_nzoth_yogg_cthun_3135004202040815_Mis_AM_ME_DS,30895,66.49%,
Single,AR_SP_VF_yshaarj_yogg_cthun_1971234352783341_IN_AM_DR,30894,66.48%,
Single,AR_SW_VF_yshaarj_yogg_cthun_1972332790152687_IN_IV_ME,30894,66.48%,
Single,AR_EC_VF_yshaarj_yogg_cthun_1972332857253359_IN_AM_ME,30894,66.48%,
Single,AR_SW_VF_yshaarj_yogg_cthun_1971370717994479_Mis_IV_ME,30894,66.48%,
Single,AR_SP_VF_yshaarj_yogg_cthun_2043259880595437_IN_AM_DR_DS,30893,66.48%,
Single,AR_SW_VF_yshaarj_yogg_cthun_1988688025615855_IN_AM_DR,30892,66.47%,
Single,VW_DH_TV_VF_nzoth_yogg_cthun_3132813835820527_Mis_AM_DR_DS,30892,66.47%,
Single,AR_EC_VF_yshaarj_yogg_cthun_2043259947179503_Mis_IV_DR_DS,30892,66.47%,
Single,AR_SW_VF_yshaarj_yogg_cthun_1973432301780973_IN_AM_ME,30892,66.47%,
Single,AR_EC_VF_nzoth_yogg_cthun_3132875903720943_Mis_AM_ME_DS,30891,66.47%,
Single,AR_EC_VF_yshaarj_yogg_cthun_1972332790669293_IN_AM_ME,30891,66.46%,
Single,AR_EC_VF_yshaarj_yogg_cthun_1971370717994479_IN_AM_DR,30889,66.46%,
Single,VW_DH_VW_VF_nzoth_yogg_cthun_3132807326785007_Mis_IV_DR_DS,30889,66.45%,
Single,AR_EC_VF_yshaarj_yogg_cthun_1988688025615855_Mis_AM_DR,30887,66.44%,
Single,AR_SW_VF_yshaarj_nzoth_yogg_4013309906255343_Mis_AM_ME_DS,30887,66.44%,
Single,AR_EC_VF_yshaarj_yogg_cthun_2043259880079341_IN_AM_DR_DS,30884,66.43%,
Single,AR_EC_VF_yshaarj_nzoth_yogg_4013309839671277_Mis_AM_ME_DS,30884,66.43%,
Single,AR_SP_VF_yshaarj_yogg_cthun_1988688025607679_Mis_IV_ME,30883,66.42%,
Single,VW_DH_VW_VF_nzoth_yogg_cthun_3132807326785007_Mis_IV_ME_DS,30882,66.42%,
Single,AR_SW_VF_yshaarj_nzoth_yogg_4014409351290351_Mis_AM_ME_DS,30881,66.41%,
Single,AR_SP_VF_yshaarj_yogg_cthun_1971370717994989_Mis_AM_DR,30881,66.41%,
Single,AR_SW_VF_yshaarj_yogg_cthun_1988688025607679_IN_AM_DR,30881,66.41%,
Single,AR_SP_VF_yshaarj_nzoth_yogg_4013310913404399_Mis_AM_DR_DS,30881,66.41%,
Single,AR_EC_VF_yshaarj_yogg_cthun_1971370717994479_Mis_IV_ME,30880,66.41%,
Single,AR_EC_VF_yshaarj_nzoth_yogg_4014409350774255_Mis_AM_ME_DS,30880,66.41%,
Single,VW_DH_TV_VF_nzoth_yogg_cthun_3132813769236461_Mis_AM_ME_DS,30879,66.40%,
Single,AR_SW_VF_yshaarj_yogg_cthun_2043259947179503_Mis_IV_DR_DS,30879,66.40%,
Single,AR_SP_VF_yshaarj_yogg_cthun_2043251357244911_Mis_AM_ME,30879,66.40%,
Single,AR_EC_VF_yshaarj_nzoth_yogg_4013309839662591_Mis_IV_DR_DS,30879,66.40%,
Single,AR_SP_VF_yshaarj_yogg_cthun_1972332790668783_IN_IV_ME,30878,66.39%,
Single,AR_SW_VF_yshaarj_yogg_cthun_1973432302296559_IN_IV_ME,30877,66.39%,
Single,AR_SW_VF_yshaarj_nzoth_yogg_4013584717053423_Mis_AM_DR_DS,30877,66.39%,
Single,VW_DH_TV_VF_yshaarj_nzoth_yogg_3977773422271983_Mis_AM_DR,30877,66.39%,
Single,AR_EC_VF_yshaarj_nzoth_yogg_4013584717569519_Mis_AM_ME_DS,30876,66.38%,
Single,VW_DH_VW_VF_nzoth_yogg_cthun_3132813768719855_Mis_AM_ME_DS,30874,66.37%,
Single,VW_DH_TV_VF_nzoth_yogg_cthun_3132808400002543_Mis_AM_DR_DS,30873,66.37%,
Single,AR_SW_VF_yshaarj_nzoth_yogg_3977567121300991_Mis_AM_DR,30871,66.36%,
Single,AR_SW_VF_yshaarj_yogg_cthun_1971370717994479_IN_AM_DR,30871,66.36%,
Single,AR_SP_VF_yshaarj_yogg_cthun_1971233614061039_Mis_IV_ME,30870,66.35%,
Single,AR_SW_VF_yshaarj_nzoth_yogg_4013310912880127_IN_AM_ME_DS,30870,66.35%,
Single,AR_SP_VF_yshaarj_yogg_cthun_1971233345625599_IN_IV_DR,30868,66.34%,
Single,VW_DH_VW_VF_nzoth_yogg_cthun_3135004202556911_Mis_AM_ME_DS,30868,66.34%,
Single,AR_SW_VF_yshaarj_nzoth_yogg_4013447278091775_Mis_AM_ME_DS,30867,66.34%,
Single,AR_SP_VF_nzoth_yogg_cthun_3132867313262079_Mis_AM_DR,30867,66.34%,
Single,AR_SW_VF_yshaarj_yogg_cthun_1971233279049709_IN_AM_DR,30867,66.33%,
Single,AR_EC_VF_yshaarj_nzoth_yogg_4013309906247167_Mis_AM_ME_DS,30866,66.33%,
Single,AR_EC_VF_yshaarj_yogg_cthun_1973432301780973_Mis_AM_DR,30865,66.33%,
Single,AR_SP_VF_yshaarj_nzoth_yogg_4014409351290351_Mis_AM_DR_DS,30865,66.33%,
Single,AR_SP_VF_yshaarj_yogg_cthun_2043259947180013_IN_AM_ME_DS,30865,66.32%,
Single,AR_SW_VF_yshaarj_yogg_cthun_1971250525495277_Mis_IV_DR_DS,30864,66.32%,
Single,AR_SP_VF_yshaarj_yogg_cthun_1988688025615855_IN_AM_DR,30864,66.32%,
Single,AR_SP_VF_yshaarj_nzoth_yogg_4013309906771439_Mis_AM_ME_DS,30863,66.32%,
Single,AR_SP_VF_yshaarj_nzoth_yogg_4013309839662591_Mis_IV_DR_DS,30863,66.31%,
Single,VW_DH_TV_VF_yshaarj_nzoth_yogg_3977515724234223_Mis_AM_DR_DS,30863,66.31%,
Single,VW_DH_TV_VF_yshaarj_nzoth_yogg_3977513643859439_Mis_AM_ME_DS,30862,66.31%,
Single,AR_EC_VF_yshaarj_nzoth_yogg_4013309839662591_Mis_IV_ME_DS,30862,66.31%,
Single,VW_DH_TV_VF_yshaarj_nzoth_yogg_3977773422271983_Mis_AM_ME,30861,66.31%,
Single,AR_SW_VF_yshaarj_yogg_cthun_1972332790144511_IN_IV_ME,30861,66.31%,
Single,AR_EC_VF_yshaarj_yogg_cthun_1988688026131951_IN_AM_ME,30861,66.30%,
Single,AR_SP_VF_yshaarj_yogg_cthun_1972332857253359_Mis_IV_DR,30861,66.30%,
Single,AR_EC_VF_yshaarj_yogg_cthun_1971370717478893_IN_AM_ME,30861,66.30%,
Single,AR_EC_VF_nzoth_yogg_cthun_3132875903720943_Mis_AM_DR_DS,30860,66.30%,
Single,AR_EC_VF_yshaarj_yogg_cthun_2043259880595437_Mis_IV_ME_DS,30859,66.29%,
Single,AR_EC_VF_yshaarj_yogg_cthun_1971233614061549_Mis_AM_ME,30858,66.29%,
Single,AR_EC_VF_yshaarj_yogg_cthun_1988688025607679_Mis_AM_DR,30858,66.29%,
Single,VW_DH_TV_VF_nzoth_yogg_cthun_3132942617730559_Mis_AM_ME_DS,30858,66.29%,
Single,AR_SP_VF_yshaarj_yogg_cthun_1971250525494767_IN_IV_DR_DS,30857,66.28%,
Single,AR_SP_VF_yshaarj_yogg_cthun_1971234419367917_IN_AM_ME,30857,66.28%,
Single,AR_SP_VF_yshaarj_nzoth_yogg_4013584717569519_Mis_AM_DR_DS,30856,66.28%,
Single,AR_SP_VF_yshaarj_yogg_cthun_1973432368881135_Mis_IV_ME,30856,66.28%,
Single,VW_DH_TV_VF_nzoth_yogg_cthun_3132944765214191_Mis_AM_ME_DS,30856,66.27%,
Single,AR_SW_VF_nzoth_yogg_cthun_3132867313262079_Mis_AM_ME,30855,66.27%,
Single,AR_SW_VF_nzoth_yogg_cthun_3132858723335679_Mis_AM_DR,30855,66.27%,
Single,AR_EC_VF_yshaarj_yogg_cthun_1971233614061039_Mis_AM_DR,30854,66.26%,
Single,VW_DH_VW_VF_nzoth_yogg_cthun_3132808400002543_Mis_AM_DR_DS,30853,66.26%,
Single,AR_SW_VF_yshaarj_yogg_cthun_1971233345625599_IN_IV_DR,30853,66.26%,
Single,AR_SW_VF_yshaarj_yogg_cthun_1988688025615855_Mis_AM_DR,30852,66.25%,
Single,AR_SP_VF_yshaarj_yogg_cthun_1971250525495277_IN_AM_DR_DS,30850,66.25%,
Single,AR_EC_VF_yshaarj_yogg_cthun_1972332790668783_IN_IV_ME,30850,66.25%,
Single,AR_SW_VF_yshaarj_yogg_cthun_2043251290144239_IN_AM_ME,30850,66.24%,
Single,AR_SP_VF_yshaarj_yogg_cthun_1973432302296559_Mis_IV_DR,30850,66.24%,
Single,AR_SW_VF_yshaarj_nzoth_yogg_4013309839662591_IN_AM_DR_DS,30848,66.23%,
Single,AR_EC_VF_yshaarj_yogg_cthun_1971233346150381_Mis_AM_DR,30847,66.23%,
Single,VW_DH_TV_VF_nzoth_yogg_cthun_3132798736334319_Mis_AM_ME,30847,66.23%,
Single,AR_SW_VF_yshaarj_yogg_cthun_1973432302296559_Mis_IV_DR,30847,66.23%,
Single,AR_SW_VF_yshaarj_yogg_cthun_1973432302296559_IN_AM_DR,30847,66.23%,
Single,AR_SW_VF_yshaarj_nzoth_yogg_4013584717045247_Mis_IV_ME_DS,30847,66.23%,
Single,AR_SP_VF_yshaarj_nzoth_yogg_4013309839662591_Mis_IV_ME_DS,30846,66.22%,
Single,AR_SP_VF_yshaarj_nzoth_yogg_4013309906255343_Mis_AM_ME_DS,30846,66.22%,
Single,AR_SW_VF_yshaarj_nzoth_yogg_4013309839670767_Mis_AM_DR_DS,30845,66.22%,
Single,VW_DH_TV_VF_yshaarj_nzoth_yogg_3977513577275373_Mis_AM_ME_DS,30845,66.22%,
Single,AR_EC_VF_yshaarj_nzoth_yogg_4013318429072895_Mis_AM_ME_DS,30845,66.22%,
Single,VW_DH_TV_VF_nzoth_yogg_cthun_3132807326785517_Mis_AM_DR_DS,30844,66.21%,
Single,AR_SP_VF_yshaarj_yogg_cthun_1988688025616365_IN_AM_ME,30844,66.21%,
Single,AR_EC_VF_yshaarj_yogg_cthun_2043251290144239_Mis_AM_DR,30843,66.21%,
Single,AR_EC_VF_yshaarj_nzoth_yogg_4013310912888303_Mis_AM_ME_DS,30842,66.20%,
Single,VW_DH_VW_VF_nzoth_yogg_cthun_3132798736850415_Mis_AM_ME,30842,66.20%,
Single,VW_DH_TV_VF_yshaarj_nzoth_yogg_3977513576750591_Mis_AM_DR_DS,30841,66.20%,
Single,AR_EC_VF_yshaarj_yogg_cthun_1971250525494767_IN_IV_DR_DS,30841,66.19%,
Single,AR_EC_VF_yshaarj_yogg_cthun_1971370717470207_Mis_IV_DR,30840,66.19%,
Single,AR_SP_VF_yshaarj_yogg_cthun_1972332790152687_IN_IV_ME,30840,66.19%,
Single,AR_SW_VF_yshaarj_yogg_cthun_1971233614061549_Mis_AM_ME,30839,66.18%,
Single,VW_DH_TV_VF_yshaarj_nzoth_yogg_4049522998959599_Mis_AM_DR_DS,30838,66.18%,
Single,VW_DH_VW_VF_nzoth_yogg_cthun_3132813835820527_Mis_AM_ME_DS,30836,66.17%,
Single,AR_SW_VF_yshaarj_yogg_cthun_1988688026132461_Mis_AM_ME,30836,66.17%,
Single,AR_SW_VF_yshaarj_yogg_cthun_2043259880079341_Mis_IV_DR_DS,30834,66.16%,
Single,AR_SW_VF_yshaarj_nzoth_yogg_4013309839662591_Mis_IV_DR_DS,30833,66.15%,
Single,VW_DH_TV_VF_nzoth_yogg_cthun_3132798736326143_Mis_AM_DR,30833,66.15%,
Single,AR_SP_VF_yshaarj_yogg_cthun_2043259880595437_Mis_IV_ME_DS,30830,66.14%,
Single,VW_DH_VW_VF_nzoth_yogg_cthun_3132942617730559_Mis_AM_ME_DS,30829,66.13%,
Single,AR_SP_VF_yshaarj_yogg_cthun_2043259947179503_Mis_IV_DR_DS,30828,66.13%,
Single,AR_SW_VF_yshaarj_yogg_cthun_2043251290144239_Mis_AM_DR,30827,66.12%,
Single,VW_DH_TV_VF_yshaarj_nzoth_yogg_3977498544365055_Mis_AM_DR,30827,66.12%,
Single,VW_DH_TV_VF_yshaarj_nzoth_yogg_4049522998435327_Mis_AM_DR_DS,30826,66.12%,
Single,AR_SP_VF_yshaarj_yogg_cthun_1971234352267245_IN_IV_ME,30826,66.11%,
Single,AR_SW_VF_yshaarj_yogg_cthun_1972332857253359_Mis_IV_DR,30825,66.11%,
Single,AR_SW_VF_yshaarj_yogg_cthun_1988688025607679_Mis_IV_ME,30825,66.11%,
Single,AR_EC_VF_yshaarj_yogg_cthun_1972332857253359_Mis_IV_DR,30824,66.10%,
Single,AR_SW_VF_yshaarj_nzoth_yogg_4013318429072895_Mis_AM_ME_DS,30824,66.10%,
Single,AR_SP_VF_yshaarj_yogg_cthun_1971370717478383_Mis_IV_DR,30823,66.10%,
Single,AR_SW_VF_yshaarj_yogg_cthun_1972332790153197_IN_AM_ME,30823,66.10%,
Single,AR_EC_VF_yshaarj_nzoth_yogg_4013584717045247_IN_AM_ME_DS,30820,66.08%,
Single,AR_EC_VF_yshaarj_yogg_cthun_1973432302296559_IN_AM_DR,30819,66.08%,
Single,AR_EC_VF_yshaarj_yogg_cthun_1973432368881135_Mis_AM_DR,30819,66.08%,
Single,VW_DH_TV_VF_nzoth_yogg_cthun_3132807326785517_Mis_AM_ME_DS,30819,66.08%,
Single,VW_DH_TV_VF_yshaarj_nzoth_yogg_3977513577274863_Mis_AM_DR_DS,30818,66.07%,
Single,VW_DH_VW_VF_nzoth_yogg_cthun_3132798736850415_Mis_AM_DR,30818,66.07%,
Single,VW_DH_VW_VF_nzoth_yogg_cthun_3132807326260735_Mis_IV_ME_DS,30818,66.07%,
Single,AR_EC_VF_yshaarj_nzoth_yogg_4013309839146495_Mis_IV_DR_DS,30818,66.07%,
Single,VW_DH_TV_VF_yshaarj_nzoth_yogg_4049525145918959_Mis_AM_DR_DS,30817,66.07%,
Single,AR_SW_VF_yshaarj_nzoth_yogg_4013310912880127_Mis_IV_ME_DS,30815,66.05%,
Single,AR_SW_VF_nzoth_yogg_cthun_3132875903196671_Mis_IV_ME_DS,30814,66.05%,
Single,AR_SW_VF_yshaarj_yogg_cthun_1971250525495277_Mis_IV_ME_DS,30812,66.04%,
Single,AR_EC_VF_yshaarj_yogg_cthun_1988688025615855_IN_AM_ME,30811,66.03%,
Single,VW_DH_VW_VF_nzoth_yogg_cthun_3135004202032639_Mis_AM_ME_DS,30811,66.03%,
Single,AR_SP_VF_yshaarj_nzoth_yogg_4013584717053423_IN_AM_ME_DS,30810,66.03%,
Single,AR_SP_VF_yshaarj_yogg_cthun_1971234419367917_Mis_AM_DR,30810,66.03%,
Single,AR_SP_VF_nzoth_yogg_cthun_3132875903720943_Mis_AM_ME_DS,30810,66.03%,
Single,VW_DH_TV_VF_nzoth_yogg_cthun_3132806253043183_Mis_AM_DR_DS,30809,66.02%,
Single,VW_DH_TV_VF_nzoth_yogg_cthun_3135004202556911_Mis_AM_ME_DS,30807,66.01%,
Single,AR_SW_VF_yshaarj_nzoth_yogg_4013309839146495_Mis_IV_DR_DS,30806,66.01%,
Single,AR_SW_VF_yshaarj_nzoth_yogg_4014409350774255_Mis_AM_DR_DS,30806,66.00%,
Single,AR_EC_VF_yshaarj_yogg_cthun_1971234352782831_IN_IV_DR,30805,66.00%,
Single,AR_SP_VF_yshaarj_nzoth_yogg_4013309839671277_Mis_AM_ME_DS,30805,66.00%,
Single,AR_SP_VF_yshaarj_yogg_cthun_1988688026131951_Mis_AM_DR,30805,66.00%,
Single,AR_EC_VF_nzoth_yogg_cthun_3132858723335679_Mis_AM_ME,30804,66.00%,
Single,AR_SP_VF_yshaarj_yogg_cthun_1972332790144511_IN_IV_DR,30802,65.99%,
Single,AR_EC_VF_yshaarj_yogg_cthun_1973432301772287_Mis_IV_DR,30801,65.98%,
Single,AR_SP_VF_yshaarj_yogg_cthun_1973432302297069_Mis_AM_DR,30800,65.98%,
Single,AR_EC_VF_yshaarj_yogg_cthun_1971234352783341_Mis_IV_ME,30800,65.98%,
Single,AR_SW_VF_yshaarj_yogg_cthun_1971370717994479_Mis_IV_DR,30799,65.97%,
Single,VW_DH_TV_VF_nzoth_yogg_cthun_3132813835820527_Mis_AM_ME_DS,30798,65.96%,
Single,VW_DH_VW_VF_nzoth_yogg_cthun_3132806253043183_Mis_AM_DR_DS,30797,65.96%,
Single,AR_EC_VF_yshaarj_yogg_cthun_1973432301772287_IN_IV_ME,30795,65.95%,
Single,AR_SW_VF_yshaarj_yogg_cthun_1988688026131951_Mis_AM_DR,30795,65.95%,
Single,AR_SP_VF_yshaarj_yogg_cthun_2043251290136063_Mis_IV_DR,30794,65.94%,
Single,AR_SP_VF_yshaarj_yogg_cthun_1973432301780973_Mis_AM_DR,30793,65.94%,
Single,AR_SW_VF_yshaarj_yogg_cthun_1973432301780463_Mis_IV_DR,30793,65.94%,
Single,AR_SP_VF_nzoth_yogg_cthun_3132858723851775_Mis_AM_DR,30792,65.93%,
Single,AR_EC_VF_yshaarj_nzoth_yogg_4013309839146495_IN_AM_DR_DS,30791,65.93%,
Single,VW_DH_TV_VF_nzoth_yogg_cthun_3132808400002543_Mis_AM_ME_DS,30791,65.93%,
Single,AR_SW_VF_yshaarj_yogg_cthun_1971234352266735_IN_IV_DR,30791,65.92%,
Single,AR_SP_VF_yshaarj_yogg_cthun_1972332790153197_IN_AM_DR,30789,65.92%,
Single,AR_SW_VF_nzoth_yogg_cthun_3132875903720943_Mis_AM_DR_DS,30789,65.92%,
Single,AR_EC_VF_yshaarj_yogg_cthun_2043251290660335_Mis_AM_DR,30789,65.92%,
Single,AR_SP_VF_yshaarj_yogg_cthun_1971250525495277_Mis_IV_ME_DS,30789,65.91%,
Single,AR_EC_VF_yshaarj_yogg_cthun_2043259880595437_Mis_AM_DR_DS,30788,65.91%,
Single,AR_SP_VF_yshaarj_yogg_cthun_1988688025607679_IN_AM_DR,30787,65.90%,
Single,AR_SP_VF_yshaarj_yogg_cthun_1971233279049709_IN_IV_ME,30786,65.90%,
Single,AR_SP_VF_yshaarj_nzoth_yogg_3977567121309167_Mis_AM_DR,30786,65.90%,
Single,VW_DH_TV_VF_yshaarj_nzoth_yogg_3977498544373231_Mis_AM_ME,30785,65.89%,
Single,AR_SP_VF_yshaarj_yogg_cthun_1973432301780973_IN_AM_ME,30784,65.89%,
Single,AR_SW_VF_yshaarj_yogg_cthun_1971233346149871_IN_IV_ME,30784,65.89%,
Single,AR_SP_VF_nzoth_yogg_cthun_3132875903196671_Mis_IV_DR_DS,30784,65.89%,
Single,AR_EC_VF_yshaarj_yogg_cthun_1971233345633775_IN_IV_ME,30783,65.89%,
Single,AR_EC_VF_yshaarj_yogg_cthun_1971234419367407_IN_IV_ME,30783,65.88%,
Single,AR_SP_VF_yshaarj_yogg_cthun_1971234352783341_Mis_IV_DR,30782,65.88%,
Single,AR_SW_VF_yshaarj_yogg_cthun_1971370717478893_IN_AM_ME,30782,65.88%,
Single,AR_SW_VF_yshaarj_yogg_cthun_1971234352258559_IN_IV_DR,30782,65.88%,
Single,AR_SP_VF_yshaarj_nzoth_yogg_4013310912880127_IN_AM_ME_DS,30782,65.88%,
Single,VW_DH_TV_VF_nzoth_yogg_cthun_3133348492140015_Mis_AM_DR,30781,65.87%,
Single,AR_SP_VF_yshaarj_yogg_cthun_1971370717478893_Mis_AM_DR,30781,65.87%,
Single,AR_EC_VF_yshaarj_yogg_cthun_1973432302297069_Mis_AM_ME,30781,65.87%,
Single,AR_SW_VF_yshaarj_yogg_cthun_1972332857253869_Mis_AM_ME,30781,65.87%,
Single,VW_DH_VW_VF_nzoth_yogg_cthun_3132807326785517_Mis_AM_ME_DS,30780,65.87%,
Single,AR_EC_VF_yshaarj_nzoth_yogg_4013309839146495_Mis_IV_ME_DS,30778,65.86%,
Single,AR_SP_VF_yshaarj_yogg_cthun_1972332790669293_IN_AM_ME,30778,65.85%,
Single,AR_EC_VF_yshaarj_yogg_cthun_1972332857253359_Mis_IV_ME,30777,65.85%,
Single,AR_SP_VF_yshaarj_yogg_cthun_1971233345634285_Mis_IV_ME,30777,65.85%,
Single,AR_SP_VF_yshaarj_nzoth_yogg_4013310912888303_Mis_AM_DR_DS,30777,65.85%,
Single,AR_EC_VF_yshaarj_yogg_cthun_1971233346149871_Mis_IV_DR,30777,65.85%,
Single,AR_EC_VF_yshaarj_yogg_cthun_1971234419367407_IN_AM_DR,30777,65.85%,
Single,AR_EC_VF_yshaarj_yogg_cthun_1971370717994989_Mis_AM_ME,30775,65.84%,
Single,AR_EC_VF_yshaarj_nzoth_yogg_4013309839670767_Mis_AM_DR_DS,30774,65.84%,
Single,AR_SW_VF_yshaarj_yogg_cthun_1972332790153197_Mis_IV_ME,30774,65.83%,
Single,AR_SW_VF_yshaarj_yogg_cthun_2043259880595437_IN_AM_ME_DS,30773,65.83%,
Single,VW_DH_TV_VF_nzoth_yogg_cthun_3132798736850415_Mis_AM_DR,30773,65.83%,
Single,AR_SW_VF_yshaarj_nzoth_yogg_4014409350774255_Mis_AM_ME_DS,30773,65.83%,
Single,AR_SW_VF_yshaarj_yogg_cthun_1971234419367917_IN_AM_ME,30773,65.83%,
Single,AR_EC_VF_nzoth_yogg_cthun_3132858723851775_Mis_AM_DR,30771,65.82%,
Single,VW_DH_TV_VF_yshaarj_nzoth_yogg_3977513576758767_Mis_AM_ME_DS,30771,65.82%,
Single,VW_DH_VW_VF_nzoth_yogg_cthun_3132807326268911_Mis_AM_DR_DS,30768,65.80%,
Single,AR_EC_VF_yshaarj_yogg_cthun_1973432302296559_Mis_IV_DR,30765,65.79%,
Single,AR_EC_VF_yshaarj_yogg_cthun_1971370717478383_Mis_IV_ME,30764,65.78%,
Single,AR_SP_VF_yshaarj_yogg_cthun_1988688025607679_Mis_AM_DR,30763,65.78%,
Single,AR_SP_VF_yshaarj_nzoth_yogg_4013584717053423_Mis_AM_DR_DS,30762,65.77%,
Single,AR_SW_VF_yshaarj_nzoth_yogg_4013309839146495_IN_AM_DR_DS,30761,65.77%,
Single,AR_SP_VF_yshaarj_nzoth_yogg_4013309906247167_Mis_AM_DR_DS,30761,65.76%,
Single,AR_SP_VF_yshaarj_yogg_cthun_1971233279049709_Mis_IV_DR,30761,65.76%,
Single,AR_SP_VF_yshaarj_yogg_cthun_1973432302296559_IN_IV_ME,30760,65.76%,
Single,AR_EC_VF_yshaarj_yogg_cthun_1988688026131951_Mis_AM_ME,30760,65.76%,
Single,AR_SW_VF_yshaarj_yogg_cthun_1971370717994989_Mis_AM_ME,30759,65.76%,
Single,AR_SP_VF_yshaarj_nzoth_yogg_4013309839146495_IN_AM_DR_DS,30759,65.75%,
Single,AR_SP_VF_yshaarj_yogg_cthun_1971370784579055_IN_AM_ME,30759,65.75%,
Single,AR_EC_VF_yshaarj_yogg_cthun_2043259880594927_IN_IV_ME_DS,30758,65.75%,
Single,AR_SW_VF_yshaarj_yogg_cthun_1971233614061039_Mis_IV_ME,30757,65.74%,
Single,AR_SW_VF_yshaarj_yogg_cthun_1971370784579055_IN_AM_ME,30757,65.74%,
Single,VW_DH_VW_VF_nzoth_yogg_cthun_3132806252518911_Mis_AM_ME_DS,30753,65.72%,
Single,AR_SW_VF_yshaarj_nzoth_yogg_4013584717045247_IN_AM_ME_DS,30753,65.72%,
Single,AR_EC_VF_yshaarj_yogg_cthun_1971234419367407_Mis_IV_DR,30753,65.72%,
Single,AR_SW_VF_yshaarj_yogg_cthun_1971234419367407_IN_IV_ME,30752,65.72%,
Single,AR_EC_VF_yshaarj_nzoth_yogg_4013584717053423_Mis_AM_DR_DS,30752,65.72%,
Single,AR_SW_VF_yshaarj_yogg_cthun_1971234352782831_IN_IV_DR,30751,65.71%,
Single,VW_DH_TV_VF_yshaarj_nzoth_yogg_3977498544889327_Mis_AM_DR,30751,65.71%,
Single,AR_SP_VF_yshaarj_yogg_cthun_1973432302296559_Mis_IV_ME,30751,65.71%,
Single,AR_SP_VF_yshaarj_nzoth_yogg_4013309839146495_Mis_IV_ME_DS,30751,65.71%,
Single,AR_SP_VF_yshaarj_yogg_cthun_1973432301772287_IN_IV_ME,30749,65.70%,
Single,AR_SP_VF_yshaarj_nzoth_yogg_4013309839670767_IN_AM_ME_DS,30749,65.70%,
Single,AR_SP_VF_yshaarj_nzoth_yogg_4013318429072895_Mis_AM_DR_DS,30749,65.70%,
Single,AR_SW_VF_yshaarj_yogg_cthun_1988688025615855_Mis_IV_ME,30749,65.70%,
Single,VW_DH_VW_VF_nzoth_yogg_cthun_3132807326260735_Mis_IV_DR_DS,30749,65.70%,
Single,AR_SW_VF_yshaarj_nzoth_yogg_4013584717569519_Mis_AM_ME_DS,30749,65.70%,
Single,AR_SW_VF_nzoth_yogg_cthun_3132875903720943_Mis_AM_ME_DS,30748,65.70%,
Single,AR_SP_VF_yshaarj_yogg_cthun_1973432301780463_Mis_IV_DR,30748,65.70%,
Single,AR_SP_VF_yshaarj_yogg_cthun_1988688025616365_Mis_AM_ME,30748,65.69%,
Single,AR_EC_VF_yshaarj_yogg_cthun_1972332857253869_Mis_AM_ME,30746,65.69%,
Single,AR_SW_VF_yshaarj_yogg_cthun_1971233345633775_IN_IV_ME,30746,65.68%,
Single,VW_DH_TV_VF_yshaarj_nzoth_yogg_3977788454657519_Mis_AM_ME_DS,30745,65.68%,
Single,AR_SP_VF_yshaarj_yogg_cthun_1971234352783341_IN_IV_ME,30745,65.68%,
Single,VW_DH_TV_VF_nzoth_yogg_cthun_3132806252518911_Mis_AM_ME_DS,30744,65.68%,
Single,AR_EC_VF_yshaarj_yogg_cthun_1971233345634285_IN_AM_ME,30744,65.67%,
Single,AR_EC_VF_yshaarj_yogg_cthun_1973432301780463_Mis_IV_DR,30744,65.67%,
Single,AR_EC_VF_nzoth_yogg_cthun_3132858723335679_Mis_AM_DR,30743,65.67%,
Single,VW_DH_TV_VF_yshaarj_nzoth_yogg_3977498544365055_Mis_AM_ME,30741,65.66%,
Single,AR_EC_VF_yshaarj_yogg_cthun_1973432302296559_Mis_IV_ME,30741,65.66%,
Single,AR_SP_VF_yshaarj_yogg_cthun_1972332857253869_Mis_AM_DR,30741,65.66%,
Single,AR_EC_VF_yshaarj_yogg_cthun_2043259880079341_Mis_IV_ME_DS,30738,65.64%,
Single,AR_SP_VF_yshaarj_yogg_cthun_1972332790153197_Mis_IV_ME,30736,65.63%,
Single,AR_EC_VF_yshaarj_yogg_cthun_1972332790668783_IN_AM_DR,30736,65.63%,
Single,AR_EC_VF_yshaarj_yogg_cthun_1971233614061039_IN_AM_ME,30736,65.63%,
Single,AR_SP_VF_yshaarj_yogg_cthun_1971234352782831_IN_IV_DR,30733,65.61%,
Single,VW_DH_TV_VF_nzoth_yogg_cthun_3132942618254831_Mis_AM_ME_DS,30732,65.61%,
Single,AR_SW_VF_yshaarj_yogg_cthun_1973432368881135_Mis_AM_DR,30732,65.61%,
Single,AR_EC_VF_yshaarj_yogg_cthun_1988688025607679_IN_AM_ME,30732,65.61%,
Single,AR_SW_VF_yshaarj_yogg_cthun_1971250458910701_IN_IV_ME_DS,30730,65.60%,
Single,VW_DH_VW_VF_nzoth_yogg_cthun_3132807393369583_Mis_AM_DR_DS,30730,65.60%,
Single,AR_SW_VF_yshaarj_yogg_cthun_1971370717470207_Mis_IV_DR,30729,65.59%,
Single,AR_EC_VF_yshaarj_yogg_cthun_2043251290136063_Mis_IV_ME,30728,65.59%,
Single,AR_EC_VF_yshaarj_yogg_cthun_1971234419367917_IN_AM_ME,30727,65.58%,
Single,AR_SP_VF_yshaarj_yogg_cthun_1971234352266735_IN_IV_DR,30726,65.58%,
Single,AR_SW_VF_yshaarj_yogg_cthun_1971370717478383_IN_AM_DR,30725,65.57%,
Single,AR_EC_VF_yshaarj_yogg_cthun_1971233279049709_IN_AM_DR,30725,65.57%,
Single,AR_EC_VF_yshaarj_yogg_cthun_1973432301772287_IN_AM_DR,30724,65.56%,
Single,AR_EC_VF_yshaarj_yogg_cthun_1971250458910701_Mis_IV_ME_DS,30723,65.56%,
Single,AR_SP_VF_yshaarj_yogg_cthun_1971233614061549_Mis_AM_ME,30722,65.56%,
Single,AR_SW_VF_yshaarj_yogg_cthun_1971233279049199_IN_IV_DR,30722,65.55%,
Single,AR_EC_VF_yshaarj_nzoth_yogg_4013310912880127_Mis_AM_DR_DS,30722,65.55%,
Single,AR_SW_VF_yshaarj_yogg_cthun_1988688025607679_Mis_AM_DR,30721,65.55%,
Single,AR_SW_VF_yshaarj_yogg_cthun_1971250458394605_IN_IV_ME_DS,30721,65.55%,
Single,AR_EC_VF_yshaarj_nzoth_yogg_4013309839146495_IN_AM_ME_DS,30721,65.55%,
Single,AR_SW_VF_yshaarj_yogg_cthun_2043259880595437_Mis_AM_DR_DS,30720,65.55%,
Single,VW_DH_VW_VF_nzoth_yogg_cthun_3132815916195311_Mis_AM_DR_DS,30718,65.53%,
Single,AR_EC_VF_yshaarj_yogg_cthun_1971233345634285_Mis_AM_DR,30717,65.53%,
Single,AR_SP_VF_yshaarj_yogg_cthun_1971234352783341_Mis_IV_ME,30716,65.52%,
Single,AR_EC_VF_yshaarj_yogg_cthun_1971370717478383_IN_AM_DR,30715,65.52%,
Single,AR_EC_VF_yshaarj_yogg_cthun_1971250458394605_IN_IV_ME_DS,30715,65.52%,
Single,AR_SP_VF_yshaarj_nzoth_yogg_4013584717569519_Mis_AM_ME_DS,30715,65.52%,
Single,AR_SW_VF_yshaarj_nzoth_yogg_4013309839662591_Mis_IV_ME_DS,30714,65.51%,
Single,AR_SP_VF_yshaarj_nzoth_yogg_3977567121300991_Mis_AM_DR,30714,65.51%,
Single,AR_SW_VF_yshaarj_yogg_cthun_2043259880079341_Mis_IV_ME_DS,30713,65.50%,
Single,AR_SW_VF_yshaarj_yogg_cthun_1971234419367407_IN_AM_DR,30711,65.50%,
Single,AR_SW_VF_yshaarj_nzoth_yogg_3977567121309167_Mis_AM_ME,30711,65.50%,
Single,AR_SW_VF_yshaarj_yogg_cthun_1971250458394605_IN_AM_DR_DS,30711,65.50%,
Single,VW_DH_TV_VF_yshaarj_nzoth_yogg_3977498544889327_Mis_AM_ME,30710,65.49%,
Single,AR_EC_VF_yshaarj_yogg_cthun_1971370717478893_Mis_AM_ME,30710,65.49%,
Single,AR_SW_VF_yshaarj_yogg_cthun_1973432368881135_IN_AM_ME,30709,65.48%,
Single,AR_EC_VF_yshaarj_yogg_cthun_1973432301780463_IN_AM_DR,30707,65.47%,
Single,AR_SP_VF_yshaarj_yogg_cthun_1971234419367407_IN_AM_DR,30707,65.47%,
Single,AR_SP_VF_yshaarj_yogg_cthun_2043259880079341_Mis_IV_ME_DS,30706,65.47%,
Single,AR_SP_VF_yshaarj_yogg_cthun_1971370717478893_IN_AM_ME,30706,65.47%,
Single,AR_EC_VF_yshaarj_yogg_cthun_1971233279049199_IN_IV_DR,30705,65.46%,
Single,AR_SW_VF_nzoth_yogg_cthun_3132875903204847_Mis_AM_DR_DS,30704,65.46%,
Single,AR_SW_VF_yshaarj_yogg_cthun_1972332857253359_Mis_IV_ME,30704,65.46%,
Single,AR_SP_VF_yshaarj_nzoth_yogg_4014409350774255_Mis_AM_DR_DS,30704,65.46%,
Single,VW_DH_VW_VF_nzoth_yogg_cthun_3132798736326143_Mis_AM_ME,30704,65.46%,
Single,AR_SW_VF_yshaarj_yogg_cthun_1971370784579055_Mis_AM_ME,30703,65.45%,
Single,AR_SW_VF_nzoth_yogg_cthun_3132858723335679_Mis_AM_ME,30703,65.45%,
Single,AR_SP_VF_yshaarj_yogg_cthun_1971370717994989_IN_AM_ME,30703,65.45%,
Single,AR_SP_VF_yshaarj_yogg_cthun_2043259880070655_IN_IV_DR_DS,30702,65.45%,
Single,AR_SP_VF_yshaarj_yogg_cthun_1971370717994479_IN_AM_DR,30702,65.45%,
Single,AR_SW_VF_yshaarj_yogg_cthun_1971233346150381_IN_AM_ME,30701,65.44%,
Single,VW_DH_TV_VF_yshaarj_nzoth_yogg_3977515724234223_Mis_AM_ME_DS,30701,65.44%,
Single,AR_SP_VF_yshaarj_yogg_cthun_2043251290136063_Mis_IV_ME,30699,65.43%,
Single,AR_SP_VF_yshaarj_yogg_cthun_2043259947179503_IN_AM_DR_DS,30699,65.43%,
Single,AR_EC_VF_yshaarj_yogg_cthun_1973432301780973_Mis_AM_ME,30698,65.43%,
Single,VW_DH_TV_VF_nzoth_yogg_cthun_3132813768719855_Mis_AM_ME_DS,30698,65.43%,
Single,AR_SP_VF_yshaarj_yogg_cthun_1972332857253359_Mis_IV_ME,30697,65.42%,
Single,AR_EC_VF_yshaarj_yogg_cthun_1971370717470207_IN_IV_ME,30696,65.42%,
Single,VW_DH_TV_VF_nzoth_yogg_cthun_3132806253043183_Mis_AM_ME_DS,30694,65.41%,
Single,AR_SW_VF_yshaarj_yogg_cthun_1988688026131951_IN_AM_ME,30694,65.40%,
Single,AR_SP_VF_yshaarj_yogg_cthun_1973432301772287_Mis_IV_DR,30693,65.40%,
Single,VW_DH_TV_VF_nzoth_yogg_cthun_3133363524525551_Mis_AM_DR_DS,30693,65.40%,
Single,AR_EC_VF_yshaarj_yogg_cthun_1971250458394605_Mis_IV_DR_DS,30692,65.39%,
Single,AR_SW_VF_yshaarj_yogg_cthun_2043259947180013_Mis_AM_ME_DS,30692,65.39%,
Single,AR_SP_VF_nzoth_yogg_cthun_3132867313262079_Mis_AM_ME,30692,65.39%,
Single,VW_DH_TV_VF_nzoth_yogg_cthun_3132807326268911_Mis_AM_DR_DS,30692,65.39%,
Single,AR_EC_VF_yshaarj_yogg_cthun_1971233346150381_IN_AM_ME,30692,65.39%,
Single,AR_EC_VF_yshaarj_yogg_cthun_1971233346149871_IN_IV_ME,30691,65.39%,
Single,AR_SP_VF_yshaarj_nzoth_yogg_3977567121309167_Mis_AM_ME,30690,65.38%,
Single,AR_SW_VF_yshaarj_nzoth_yogg_4013310913404399_Mis_AM_ME_DS,30690,65.38%,
Single,AR_SW_VF_yshaarj_yogg_cthun_1971250525494767_IN_IV_DR_DS,30689,65.38%,
Single,AR_SP_VF_yshaarj_nzoth_yogg_4013310913404399_Mis_AM_ME_DS,30687,65.37%,
Single,VW_DH_TV_VF_nzoth_yogg_cthun_3132815916195311_Mis_AM_DR_DS,30686,65.36%,
Single,AR_SW_VF_yshaarj_yogg_cthun_1971234419367407_Mis_IV_DR,30686,65.36%,
Single,AR_EC_VF_yshaarj_yogg_cthun_2043259947179503_Mis_IV_ME_DS,30685,65.35%,
Single,AR_SW_VF_yshaarj_yogg_cthun_1971234352783341_Mis_IV_ME,30684,65.35%,
Single,AR_SP_VF_nzoth_yogg_cthun_3132858723851775_Mis_AM_ME,30684,65.35%,
Single,VW_DH_TV_VF_nzoth_yogg_cthun_3132807326260735_Mis_IV_DR_DS,30683,65.35%,
Single,AR_SW_VF_yshaarj_yogg_cthun_1971233346149871_IN_AM_DR,30682,65.34%,
Single,AR_SW_VF_yshaarj_yogg_cthun_1973432301772287_IN_IV_ME,30680,65.33%,
Single,AR_SW_VF_yshaarj_yogg_cthun_1972332790668783_IN_AM_DR,30680,65.33%,
Single,AR_EC_VF_yshaarj_nzoth_yogg_4013309839662591_IN_AM_ME_DS,30678,65.32%,
Single,AR_SW_VF_yshaarj_yogg_cthun_2043259880595437_Mis_IV_ME_DS,30678,65.32%,
Single,AR_SP_VF_yshaarj_yogg_cthun_1971233279049709_Mis_IV_ME,30675,65.30%,
Single,AR_SP_VF_yshaarj_nzoth_yogg_4014409350774255_Mis_AM_ME_DS,30674,65.30%,
Single,AR_SW_VF_nzoth_yogg_cthun_3132875903204847_Mis_AM_ME_DS,30673,65.29%,
Single,VW_DH_TV_VF_nzoth_yogg_cthun_3135004202032639_Mis_AM_ME_DS,30673,65.29%,
Single,AR_EC_VF_yshaarj_yogg_cthun_2043259947180013_Mis_AM_ME_DS,30672,65.29%,
Single,AR_SP_VF_yshaarj_yogg_cthun_1971370717478383_IN_IV_ME,30671,65.28%,
Single,VW_DH_TV_VF_yshaarj_nzoth_yogg_4049522998443503_Mis_AM_ME_DS,30667,65.26%,
Single,AR_SW_VF_yshaarj_nzoth_yogg_3977567121300991_Mis_AM_ME,30666,65.25%,
Single,AR_SP_VF_yshaarj_yogg_cthun_1971234419367407_IN_IV_ME,30663,65.24%,
Single,AR_EC_VF_yshaarj_yogg_cthun_1971370784579055_Mis_AM_ME,30660,65.22%,
Single,AR_EC_VF_yshaarj_yogg_cthun_2043251290136063_IN_AM_ME,30660,65.22%,
Single,AR_EC_VF_yshaarj_yogg_cthun_1972332790144511_IN_IV_ME,30660,65.22%,
Single,AR_SP_VF_yshaarj_yogg_cthun_2043251290660335_Mis_AM_DR,30659,65.22%,
Single,AR_EC_VF_yshaarj_yogg_cthun_1988688025615855_Mis_AM_ME,30658,65.21%,
Single,AR_SP_VF_yshaarj_yogg_cthun_1971233279049199_IN_IV_DR,30657,65.21%,
Single,AR_SP_VF_yshaarj_nzoth_yogg_4013309906247167_Mis_AM_ME_DS,30657,65.21%,
Single,AR_SP_VF_yshaarj_yogg_cthun_1971370784579055_Mis_AM_DR,30657,65.20%,
Single,VW_DH_VW_VF_nzoth_yogg_cthun_3132806253043183_Mis_AM_ME_DS,30654,65.19%,
Single,AR_SW_VF_yshaarj_nzoth_yogg_4013310912880127_Mis_AM_DR_DS,30653,65.18%,
Single,AR_SP_VF_yshaarj_yogg_cthun_1972332790153197_IN_AM_ME,30647,65.15%,
Single,AR_SW_VF_yshaarj_yogg_cthun_1971234419367917_Mis_AM_ME,30645,65.14%,
Single,VW_DH_TV_VF_nzoth_yogg_cthun_3132807326785007_Mis_IV_DR_DS,30644,65.14%,
Single,AR_EC_VF_yshaarj_yogg_cthun_2043259880594927_Mis_IV_DR_DS,30644,65.13%,
Single,AR_SW_VF_yshaarj_yogg_cthun_1971233279041023_IN_IV_DR,30643,65.13%,
Single,AR_SW_VF_yshaarj_yogg_cthun_2043259880594927_IN_IV_ME_DS,30643,65.13%,
Single,AR_SP_VF_nzoth_yogg_cthun_3132858723335679_Mis_AM_DR,30642,65.12%,
Single,AR_EC_VF_yshaarj_yogg_cthun_1971233345633775_Mis_IV_DR,30641,65.12%,
Single,AR_SP_VF_nzoth_yogg_cthun_3132875903720943_Mis_AM_DR_DS,30640,65.11%,
Single,AR_EC_VF_yshaarj_yogg_cthun_2043259880078831_IN_IV_ME_DS,30640,65.11%,
Single,AR_SW_VF_yshaarj_yogg_cthun_1973432301772287_Mis_IV_DR,30640,65.11%,
Single,AR_SW_VF_yshaarj_yogg_cthun_1988688025616365_Mis_AM_ME,30638,65.10%,
Single,AR_SP_VF_yshaarj_yogg_cthun_1971233346150381_Mis_AM_DR,30637,65.10%,
Single,AR_SP_VF_yshaarj_nzoth_yogg_4013318429072895_Mis_AM_ME_DS,30637,65.09%,
Single,AR_SW_VF_yshaarj_yogg_cthun_1971250458394605_Mis_IV_DR_DS,30634,65.08%,
Single,AR_SW_VF_yshaarj_nzoth_yogg_4013584717053423_Mis_AM_ME_DS,30633,65.08%,
Single,AR_SP_VF_yshaarj_yogg_cthun_1973432368881135_Mis_AM_DR,30631,65.06%,
Single,AR_SP_VF_yshaarj_nzoth_yogg_3977567121300991_Mis_AM_ME,30630,65.06%,
Single,AR_EC_VF_yshaarj_nzoth_yogg_4013584717053423_Mis_AM_ME_DS,30630,65.06%,
Single,AR_SW_VF_yshaarj_yogg_cthun_2043251290136063_Mis_IV_ME,30630,65.06%,
Single,VW_DH_TV_VF_nzoth_yogg_cthun_3132798736326143_Mis_AM_ME,30630,65.06%,
Single,AR_SP_VF_yshaarj_nzoth_yogg_4013584717053423_Mis_AM_ME_DS,30630,65.06%,
Single,AR_EC_VF_yshaarj_yogg_cthun_1971234352783341_IN_AM_ME,30629,65.05%,
Single,AR_SW_VF_yshaarj_yogg_cthun_1971233345634285_IN_AM_ME,30628,65.05%,
Single,AR_SW_VF_yshaarj_nzoth_yogg_4013309906247167_Mis_AM_DR_DS,30628,65.05%,
Single,AR_SP_VF_yshaarj_yogg_cthun_1971370717994479_Mis_IV_ME,30628,65.05%,
Single,AR_SP_VF_yshaarj_nzoth_yogg_4013584717045247_IN_AM_ME_DS,30627,65.04%,
Single,VW_DH_VW_VF_nzoth_yogg_cthun_3132942618254831_Mis_AM_ME_DS,30625,65.03%,
Single,AR_SW_VF_yshaarj_nzoth_yogg_4013584717045247_Mis_AM_DR_DS,30625,65.03%,
Single,AR_SP_VF_yshaarj_yogg_cthun_2043251290144239_IN_AM_ME,30623,65.02%,
Single,AR_SW_VF_yshaarj_yogg_cthun_1988688026131951_Mis_AM_ME,30623,65.02%,
Single,VW_DH_VW_VF_nzoth_yogg_cthun_3132813768711679_Mis_AM_DR_DS,30621,65.01%,
Single,AR_SP_VF_yshaarj_yogg_cthun_1972332857253869_Mis_AM_ME,30621,65.01%,
Single,AR_SW_VF_yshaarj_yogg_cthun_1972332790669293_Mis_AM_DR,30620,65.01%,
Single,AR_SW_VF_yshaarj_nzoth_yogg_4013309839662591_IN_AM_ME_DS,30620,65.00%,
Single,AR_SP_VF_yshaarj_nzoth_yogg_4013309839670767_Mis_AM_DR_DS,30619,65.00%,
Single,AR_SP_VF_yshaarj_yogg_cthun_1971234419367407_Mis_IV_ME,30618,64.99%,
Single,AR_SW_VF_yshaarj_yogg_cthun_1972332790668783_Mis_IV_DR,30618,64.99%,
Single,AR_EC_VF_yshaarj_yogg_cthun_2043259880594927_IN_AM_DR_DS,30617,64.99%,
Single,AR_EC_VF_yshaarj_yogg_cthun_1971233279049709_Mis_IV_DR,30616,64.99%,
Single,AR_EC_VF_yshaarj_yogg_cthun_1971250525495277_Mis_AM_DR_DS,30616,64.98%,
Single,AR_SP_VF_yshaarj_nzoth_yogg_4013310912880127_Mis_AM_DR_DS,30616,64.98%,
Single,AR_SP_VF_yshaarj_yogg_cthun_1971234352258559_IN_IV_DR,30616,64.98%,
Single,AR_SW_VF_yshaarj_yogg_cthun_1971370717470207_IN_IV_ME,30616,64.98%,
Single,AR_EC_VF_yshaarj_yogg_cthun_2043251290660335_Mis_AM_ME,30613,64.97%,
Single,AR_EC_VF_nzoth_yogg_cthun_3132875903204847_Mis_AM_ME_DS,30612,64.96%,
Single,AR_EC_VF_yshaarj_nzoth_yogg_4013310913404399_Mis_AM_ME_DS,30612,64.96%,
Single,AR_SP_VF_yshaarj_yogg_cthun_1971370717470207_IN_IV_ME,30612,64.96%,
Single,VW_DH_TV_VF_yshaarj_nzoth_yogg_4049525145918959_Mis_AM_ME_DS,30610,64.95%,
Single,AR_SP_VF_yshaarj_yogg_cthun_1971234352267245_IN_AM_DR,30610,64.95%,
Single,AR_SP_VF_yshaarj_yogg_cthun_1971250458910701_IN_IV_ME_DS,30608,64.94%,
Single,AR_SW_VF_yshaarj_yogg_cthun_1973432302296559_Mis_IV_ME,30608,64.94%,
Single,AR_EC_VF_yshaarj_yogg_cthun_1971370717470207_Mis_IV_ME,30606,64.93%,
Single,AR_SP_VF_yshaarj_yogg_cthun_1971370717470207_Mis_IV_DR,30606,64.93%,
Single,AR_SW_VF_yshaarj_nzoth_yogg_4013310912888303_Mis_AM_ME_DS,30605,64.92%,
Single,AR_SP_VF_yshaarj_yogg_cthun_2043251290660335_IN_AM_ME,30604,64.92%,
Single,AR_EC_VF_yshaarj_yogg_cthun_1971233346149871_IN_AM_DR,30601,64.90%,
Single,AR_SW_VF_yshaarj_yogg_cthun_2043259880070655_IN_IV_DR_DS,30601,64.90%,
Single,AR_EC_VF_yshaarj_nzoth_yogg_4014409350766079_Mis_AM_ME_DS,30600,64.89%,
Single,AR_SW_VF_yshaarj_yogg_cthun_2043259947179503_Mis_IV_ME_DS,30594,64.87%,
Single,AR_EC_VF_yshaarj_yogg_cthun_1971234352267245_IN_AM_ME,30594,64.87%,
Single,AR_SW_VF_yshaarj_yogg_cthun_1973432302297069_Mis_AM_ME,30594,64.86%,
Single,AR_EC_VF_yshaarj_yogg_cthun_1971250458910701_IN_AM_DR_DS,30592,64.85%,
Single,AR_SW_VF_yshaarj_yogg_cthun_1972332790152687_IN_AM_DR,30591,64.85%,
Single,AR_SP_VF_yshaarj_yogg_cthun_1971250458910701_IN_AM_DR_DS,30589,64.84%,
Single,AR_SP_VF_yshaarj_yogg_cthun_1971233345633775_IN_IV_ME,30589,64.84%,
Single,AR_SP_VF_yshaarj_yogg_cthun_1988688025615855_Mis_AM_DR,30589,64.84%,
Single,AR_SW_VF_yshaarj_yogg_cthun_1971250458910191_IN_IV_DR_DS,30588,64.83%,
Single,AR_EC_VF_yshaarj_yogg_cthun_1971234352783341_Mis_AM_DR,30586,64.82%,
Single,VW_DH_TV_VF_nzoth_yogg_cthun_3133363524525551_Mis_AM_ME_DS,30585,64.82%,
Single,VW_DH_TV_VF_nzoth_yogg_cthun_3132807393369583_Mis_AM_ME_DS,30584,64.81%,
Single,AR_SP_VF_yshaarj_yogg_cthun_1973432302296559_IN_AM_DR,30584,64.81%,
Single,AR_EC_VF_yshaarj_yogg_cthun_2043259947179503_Mis_AM_DR_DS,30583,64.81%,
Single,AR_SW_VF_yshaarj_yogg_cthun_1972332857253359_IN_AM_ME,30582,64.80%,
Single,AR_SW_VF_yshaarj_yogg_cthun_1971233345634285_Mis_AM_DR,30581,64.79%,
Single,AR_SP_VF_yshaarj_yogg_cthun_1971234352267245_Mis_IV_ME,30579,64.79%,
Single,VW_DH_TV_VF_nzoth_yogg_cthun_3132798736850415_Mis_AM_ME,30579,64.78%,
Single,AR_SW_VF_yshaarj_yogg_cthun_1971234352783341_Mis_AM_DR,30576,64.77%,
Single,AR_SW_VF_yshaarj_yogg_cthun_1971233614061039_Mis_AM_DR,30574,64.76%,
Single,AR_SP_VF_yshaarj_yogg_cthun_1988688026131951_IN_AM_ME,30574,64.76%,
Single,AR_EC_VF_yshaarj_yogg_cthun_1972332857253359_Mis_AM_DR,30573,64.75%,
Single,AR_EC_VF_yshaarj_yogg_cthun_1971250458910701_IN_IV_ME_DS,30572,64.75%,
Single,AR_SW_VF_yshaarj_yogg_cthun_1971233346149871_Mis_IV_DR,30571,64.74%,
Single,AR_EC_VF_yshaarj_yogg_cthun_1971250458394605_IN_AM_DR_DS,30571,64.74%,
Single,AR_SP_VF_yshaarj_nzoth_yogg_4013310912888303_Mis_AM_ME_DS,30571,64.74%,
Single,AR_SW_VF_yshaarj_yogg_cthun_1971250458910701_IN_AM_DR_DS,30571,64.74%,
Single,AR_EC_VF_yshaarj_nzoth_yogg_4013309839670767_Mis_AM_ME_DS,30570,64.73%,
Single,AR_SW_VF_yshaarj_yogg_cthun_1971233345633775_Mis_IV_DR,30570,64.73%,
Single,AR_SW_VF_yshaarj_nzoth_yogg_4013309839146495_Mis_IV_ME_DS,30568,64.72%,
Single,AR_SW_VF_yshaarj_yogg_cthun_1973432301780463_IN_AM_DR,30566,64.71%,
Single,AR_SP_VF_yshaarj_yogg_cthun_1972332790144511_IN_IV_ME,30566,64.71%,
Single,AR_EC_VF_yshaarj_yogg_cthun_1972332790669293_Mis_AM_DR,30566,64.71%,
Single,AR_EC_VF_yshaarj_yogg_cthun_1971234352267245_Mis_IV_ME,30565,64.71%,
Single,AR_EC_VF_yshaarj_yogg_cthun_2043251290136063_Mis_AM_DR,30565,64.71%,
Single,AR_EC_VF_yshaarj_yogg_cthun_1971233345625599_IN_IV_ME,30565,64.71%,
Single,AR_SP_VF_yshaarj_nzoth_yogg_4013309839146495_IN_AM_ME_DS,30564,64.70%,
Single,AR_SP_VF_yshaarj_yogg_cthun_1971233345634285_IN_AM_ME,30563,64.70%,
Single,VW_DH_TV_VF_yshaarj_nzoth_yogg_3977513576750591_Mis_AM_ME_DS,30562,64.69%,
Single,AR_SP_VF_yshaarj_nzoth_yogg_4014409350766079_Mis_AM_DR_DS,30560,64.68%,
Single,AR_SW_VF_yshaarj_yogg_cthun_2043251290660335_Mis_AM_ME,30560,64.68%,
Single,AR_EC_VF_yshaarj_nzoth_yogg_4014409350766079_Mis_AM_DR_DS,30560,64.68%,
Single,AR_SP_VF_yshaarj_yogg_cthun_1973432302297069_Mis_AM_ME,30559,64.67%,
Single,AR_SW_VF_yshaarj_yogg_cthun_1973432368881135_Mis_AM_ME,30557,64.67%,
Single,AR_SP_VF_yshaarj_yogg_cthun_1971234419367407_Mis_IV_DR,30554,64.65%,
Single,AR_EC_VF_yshaarj_nzoth_yogg_4013310912880127_Mis_AM_ME_DS,30553,64.64%,
Single,VW_DH_VW_VF_nzoth_yogg_cthun_3132815916195311_Mis_AM_ME_DS,30550,64.63%,
Single,AR_SP_VF_yshaarj_yogg_cthun_1971233346149871_IN_IV_ME,30547,64.61%,
Single,VW_DH_TV_VF_nzoth_yogg_cthun_3132815916195311_Mis_AM_ME_DS,30547,64.61%,
Single,AR_EC_VF_yshaarj_yogg_cthun_1971233346149871_Mis_IV_ME,30546,64.61%,
Single,AR_EC_VF_yshaarj_yogg_cthun_2043259880070655_IN_IV_DR_DS,30545,64.60%,
Single,AR_SW_VF_yshaarj_yogg_cthun_1971234352266735_Mis_IV_DR,30545,64.60%,
Single,AR_SP_VF_yshaarj_yogg_cthun_1971233346150381_IN_AM_ME,30545,64.60%,
Single,VW_DH_VW_VF_nzoth_yogg_cthun_3132813769235951_Mis_AM_DR_DS,30545,64.60%,
Single,VW_DH_TV_VF_nzoth_yogg_cthun_3132813769235951_Mis_AM_DR_DS,30544,64.60%,
Single,AR_SP_VF_yshaarj_yogg_cthun_1972332857253359_IN_AM_ME,30544,64.60%,
Single,AR_EC_VF_yshaarj_yogg_cthun_1971250525495277_IN_AM_ME_DS,30543,64.59%,
Single,AR_SP_VF_yshaarj_yogg_cthun_1973432368881135_IN_AM_ME,30542,64.58%,
Single,AR_SP_VF_yshaarj_yogg_cthun_2043259947179503_Mis_IV_ME_DS,30540,64.58%,
Single,AR_SW_VF_yshaarj_yogg_cthun_2043251290136063_Mis_AM_DR,30537,64.56%,
Single,AR_EC_VF_yshaarj_yogg_cthun_1971250458910701_Mis_IV_DR_DS,30537,64.56%,
Single,AR_EC_VF_nzoth_yogg_cthun_3132875903204847_Mis_AM_DR_DS,30534,64.54%,
Single,AR_SW_VF_yshaarj_yogg_cthun_1971233279049709_Mis_IV_ME,30533,64.54%,
Single,AR_EC_VF_yshaarj_yogg_cthun_2043259880595437_IN_AM_ME_DS,30532,64.53%,
Single,AR_SP_VF_yshaarj_nzoth_yogg_4013309839662591_IN_AM_ME_DS,30530,64.52%,
Single,AR_SP_VF_yshaarj_yogg_cthun_1971233278524927_IN_IV_DR,30528,64.51%,
Single,AR_EC_VF_yshaarj_yogg_cthun_1973432301780463_Mis_IV_ME,30525,64.50%,
Single,AR_SP_VF_yshaarj_yogg_cthun_2043251290144239_Mis_AM_DR,30525,64.49%,
Single,AR_EC_VF_yshaarj_yogg_cthun_1971234419367917_Mis_AM_ME,30524,64.49%,
Single,AR_SP_VF_yshaarj_yogg_cthun_2043259880595437_Mis_AM_DR_DS,30524,64.49%,
Single,AR_SP_VF_yshaarj_yogg_cthun_1971250458394095_IN_IV_DR_DS,30523,64.48%,
Single,VW_DH_TV_VF_nzoth_yogg_cthun_3132813768711679_Mis_AM_DR_DS,30521,64.47%,
Single,AR_SP_VF_yshaarj_yogg_cthun_2043259880595437_IN_AM_ME_DS,30520,64.47%,
Single,VW_DH_VW_VF_nzoth_yogg_cthun_3132807393369583_Mis_AM_ME_DS,30520,64.47%,
Single,AR_SP_VF_nzoth_yogg_cthun_3132875903204847_Mis_AM_ME_DS,30520,64.46%,
Single,AR_SW_VF_yshaarj_yogg_cthun_2043259880594927_IN_AM_DR_DS,30520,64.46%,
Single,AR_SP_VF_nzoth_yogg_cthun_3132858723335679_Mis_AM_ME,30519,64.46%,
Single,AR_EC_VF_yshaarj_yogg_cthun_1972332790152687_Mis_IV_DR,30518,64.46%,
Single,AR_SW_VF_yshaarj_yogg_cthun_1972332790144511_Mis_IV_DR,30517,64.45%,
Single,AR_SW_VF_yshaarj_yogg_cthun_1971233614061039_IN_AM_ME,30515,64.44%,
Single,AR_EC_VF_yshaarj_yogg_cthun_2043259880079341_Mis_AM_DR_DS,30515,64.44%,
Single,AR_SW_VF_yshaarj_yogg_cthun_2043251290136063_IN_AM_ME,30514,64.43%,
Single,AR_SW_VF_yshaarj_yogg_cthun_1972332790669293_Mis_AM_ME,30512,64.42%,
Single,AR_SW_VF_yshaarj_yogg_cthun_1971250458910701_Mis_IV_DR_DS,30511,64.42%,
Single,AR_EC_VF_yshaarj_yogg_cthun_2043251290144239_Mis_AM_ME,30511,64.42%,
Single,AR_SP_VF_yshaarj_yogg_cthun_1971370717470207_IN_AM_DR,30508,64.40%,
Single,AR_SW_VF_yshaarj_yogg_cthun_2043259880594927_Mis_IV_DR_DS,30507,64.39%,
Single,AR_SW_VF_yshaarj_yogg_cthun_1971234352267245_Mis_AM_DR,30506,64.39%,
Single,AR_SW_VF_yshaarj_yogg_cthun_1971370717478893_Mis_AM_ME,30506,64.39%,
Single,AR_SW_VF_yshaarj_yogg_cthun_1971234352266735_IN_IV_ME,30505,64.38%,
Single,AR_SW_VF_yshaarj_yogg_cthun_1971233278524927_IN_IV_DR,30504,64.38%,
Single,AR_SW_VF_yshaarj_yogg_cthun_2043259880079341_IN_AM_ME_DS,30504,64.38%,
Single,AR_EC_VF_yshaarj_yogg_cthun_1972332790669293_Mis_AM_ME,30504,64.38%,
Single,AR_EC_VF_yshaarj_yogg_cthun_1971233345633775_IN_AM_DR,30503,64.37%,
Single,AR_SP_VF_yshaarj_yogg_cthun_1971233279049709_IN_AM_DR,30503,64.37%,
Single,AR_SP_VF_yshaarj_yogg_cthun_2043259880594927_IN_IV_ME_DS,30502,64.37%,
Single,AR_SW_VF_yshaarj_yogg_cthun_1973432301772287_IN_AM_DR,30501,64.36%,
Single,AR_SP_VF_yshaarj_yogg_cthun_1972332790668783_Mis_IV_DR,30499,64.35%,
Single,AR_EC_VF_yshaarj_yogg_cthun_1973432302296559_Mis_AM_DR,30499,64.35%,
Single,AR_SW_VF_yshaarj_yogg_cthun_1971250525495277_Mis_AM_DR_DS,30498,64.35%,
Single,AR_EC_VF_yshaarj_yogg_cthun_1971370717994479_Mis_AM_DR,30498,64.35%,
Single,AR_EC_VF_yshaarj_nzoth_yogg_4013584717045247_Mis_AM_DR_DS,30497,64.34%,
Single,VW_DH_TV_VF_nzoth_yogg_cthun_3132807393369583_Mis_AM_DR_DS,30496,64.34%,
Single,AR_EC_VF_yshaarj_yogg_cthun_1971234352782831_IN_AM_DR,30495,64.33%,
Single,AR_EC_VF_yshaarj_yogg_cthun_1971370717994479_IN_AM_ME,30495,64.33%,
Single,AR_SP_VF_yshaarj_yogg_cthun_1971233346149871_Mis_IV_DR,30494,64.33%,
Single,AR_SP_VF_yshaarj_yogg_cthun_1971233345633775_Mis_IV_DR,30493,64.32%,
Single,AR_SW_VF_yshaarj_yogg_cthun_2043259880078831_IN_IV_ME_DS,30493,64.32%,
Single,AR_EC_VF_yshaarj_yogg_cthun_1971233279049709_Mis_IV_ME,30492,64.32%,
Single,AR_EC_VF_yshaarj_yogg_cthun_1971233614061039_Mis_AM_ME,30492,64.32%,
Single,AR_EC_VF_yshaarj_yogg_cthun_1973432301772287_Mis_IV_ME,30491,64.31%,
Single,AR_SP_VF_yshaarj_yogg_cthun_1972332790668783_IN_AM_DR,30489,64.30%,
Single,AR_EC_VF_yshaarj_yogg_cthun_1971250525494767_IN_IV_ME_DS,30489,64.30%,
Single,AR_EC_VF_yshaarj_yogg_cthun_1971370717470207_IN_AM_DR,30489,64.30%,
Single,AR_SP_VF_nzoth_yogg_cthun_3132875903204847_Mis_AM_DR_DS,30487,64.29%,
Single,AR_SW_VF_yshaarj_nzoth_yogg_4013309906247167_Mis_AM_ME_DS,30487,64.29%,
Single,AR_SP_VF_yshaarj_yogg_cthun_1971233614061039_Mis_AM_DR,30487,64.29%,
Single,AR_SW_VF_yshaarj_nzoth_yogg_4014409350766079_Mis_AM_DR_DS,30487,64.29%,
Single,AR_SW_VF_nzoth_yogg_cthun_3132875903196671_Mis_AM_DR_DS,30486,64.28%,
Single,AR_SP_VF_yshaarj_yogg_cthun_2043259880078831_IN_IV_ME_DS,30486,64.28%,
Single,AR_SW_VF_yshaarj_yogg_cthun_1971234352267245_Mis_IV_ME,30486,64.28%,
Single,AR_EC_VF_yshaarj_yogg_cthun_1971233278524927_IN_IV_DR,30485,64.28%,
Single,AR_SP_VF_yshaarj_yogg_cthun_1971234352782831_IN_IV_ME,30481,64.26%,
Single,AR_EC_VF_yshaarj_yogg_cthun_1971250458394095_IN_IV_DR_DS,30481,64.26%,
Single,AR_SP_VF_yshaarj_yogg_cthun_1971370717994989_Mis_AM_ME,30481,64.25%,
Single,AR_EC_VF_yshaarj_yogg_cthun_1971234352258559_IN_AM_DR,30480,64.25%,
Single,AR_SW_VF_yshaarj_yogg_cthun_1971233345625599_IN_IV_ME,30479,64.25%,
Single,VW_DH_TV_VF_yshaarj_nzoth_yogg_4049522998435327_Mis_AM_ME_DS,30478,64.24%,
Single,AR_SW_VF_yshaarj_yogg_cthun_1971250525494767_IN_IV_ME_DS,30476,64.23%,
Single,AR_SP_VF_yshaarj_yogg_cthun_2043259880079341_Mis_AM_DR_DS,30476,64.23%,
Single,AR_SW_VF_yshaarj_yogg_cthun_1971370717470207_IN_AM_DR,30474,64.22%,
Single,AR_EC_VF_yshaarj_yogg_cthun_1971233345625599_Mis_IV_DR,30473,64.21%,
Single,AR_SW_VF_yshaarj_yogg_cthun_1971233346150381_Mis_AM_ME,30469,64.19%,
Single,AR_SP_VF_yshaarj_yogg_cthun_1972332790669293_Mis_AM_DR,30468,64.19%,
Single,AR_SW_VF_yshaarj_yogg_cthun_1972332790152687_Mis_IV_DR,30465,64.17%,
Single,AR_SW_VF_yshaarj_yogg_cthun_2043259880078831_Mis_IV_DR_DS,30465,64.17%,
Single,AR_SP_VF_yshaarj_yogg_cthun_1971370717478383_Mis_IV_ME,30464,64.16%,
Single,VW_DH_TV_VF_yshaarj_nzoth_yogg_3977513577274863_Mis_AM_ME_DS,30463,64.16%,
Single,AR_SW_VF_yshaarj_yogg_cthun_1971233345633775_IN_AM_DR,30462,64.16%,
Single,AR_SW_VF_yshaarj_nzoth_yogg_4013309839146495_IN_AM_ME_DS,30462,64.15%,
Single,AR_EC_VF_yshaarj_yogg_cthun_1973432301780463_IN_AM_ME,30460,64.14%,
Single,VW_DH_TV_VF_yshaarj_nzoth_yogg_4049522998959599_Mis_AM_ME_DS,30460,64.14%,
Single,AR_EC_VF_yshaarj_nzoth_yogg_4013309839146495_Mis_AM_DR_DS,30459,64.14%,
Single,AR_SW_VF_yshaarj_yogg_cthun_2043259880079341_Mis_AM_ME_DS,30458,64.13%,
Single,VW_DH_VW_VF_nzoth_yogg_cthun_3132813769235951_Mis_AM_ME_DS,30455,64.12%,
Single,AR_SW_VF_yshaarj_nzoth_yogg_4014409350766079_Mis_AM_ME_DS,30455,64.11%,
Single,AR_EC_VF_yshaarj_yogg_cthun_1971234352267245_Mis_AM_DR,30454,64.11%,
Single,AR_SW_VF_yshaarj_yogg_cthun_1988688025607679_IN_AM_ME,30454,64.11%,
Single,AR_EC_VF_yshaarj_yogg_cthun_1971234419367407_Mis_IV_ME,30453,64.11%,
Single,AR_EC_VF_yshaarj_yogg_cthun_1972332790153197_Mis_AM_DR,30452,64.10%,
Single,AR_SP_VF_yshaarj_yogg_cthun_1971370784579055_Mis_AM_ME,30451,64.10%,
Single,AR_SP_VF_yshaarj_yogg_cthun_1971250458910701_Mis_IV_DR_DS,30451,64.09%,
Single,AR_SP_VF_yshaarj_yogg_cthun_1971233346149871_IN_AM_DR,30450,64.09%,
Single,AR_SW_VF_yshaarj_yogg_cthun_1971370717994479_Mis_AM_DR,30450,64.09%,
Single,AR_SW_VF_yshaarj_yogg_cthun_1971370717478383_Mis_IV_ME,30448,64.08%,
Single,AR_SW_VF_yshaarj_yogg_cthun_1971370717994479_IN_AM_ME,30446,64.07%,
Single,AR_SP_VF_yshaarj_yogg_cthun_1971370717470207_Mis_IV_ME,30446,64.07%,
Single,AR_SP_VF_yshaarj_yogg_cthun_2043259947179503_IN_AM_ME_DS,30443,64.05%,
Single,AR_SP_VF_nzoth_yogg_cthun_3132875903196671_Mis_AM_DR_DS,30443,64.05%,
Single,AR_EC_VF_yshaarj_yogg_cthun_1973432301780463_Mis_AM_DR,30443,64.05%,
Single,AR_SP_VF_yshaarj_yogg_cthun_1971233346150381_Mis_AM_ME,30442,64.05%,
Single,AR_SP_VF_yshaarj_yogg_cthun_1971233614061039_IN_AM_ME,30442,64.05%,
Single,AR_EC_VF_yshaarj_yogg_cthun_1971233345634285_Mis_AM_ME,30440,64.03%,
Single,AR_SP_VF_yshaarj_nzoth_yogg_4013584717045247_Mis_AM_DR_DS,30439,64.03%,
Single,AR_EC_VF_yshaarj_yogg_cthun_1971250458394605_Mis_IV_ME_DS,30439,64.03%,
Single,AR_SW_VF_yshaarj_nzoth_yogg_4013309839662591_Mis_AM_DR_DS,30439,64.03%,
Single,AR_SP_VF_yshaarj_yogg_cthun_1971250525494767_IN_IV_ME_DS,30437,64.02%,
Single,AR_EC_VF_yshaarj_yogg_cthun_1973432302296559_IN_AM_ME,30437,64.02%,
Single,AR_EC_VF_yshaarj_yogg_cthun_1971250525494767_Mis_IV_DR_DS,30437,64.02%,
Single,AR_EC_VF_yshaarj_yogg_cthun_1971233279041023_IN_IV_DR,30437,64.02%,
Single,AR_SW_VF_yshaarj_yogg_cthun_1972332790144511_IN_AM_DR,30434,64.00%,
Single,AR_SW_VF_yshaarj_nzoth_yogg_4013309839670767_Mis_AM_ME_DS,30434,64.00%,
Single,AR_SW_VF_yshaarj_yogg_cthun_2043259880078831_IN_AM_DR_DS,30433,64.00%,
Single,AR_SW_VF_yshaarj_yogg_cthun_1972332790153197_Mis_AM_DR,30432,63.99%,
Single,AR_SP_VF_yshaarj_yogg_cthun_1988688025607679_IN_AM_ME,30431,63.99%,
Single,AR_SW_VF_yshaarj_yogg_cthun_1988688025615855_IN_AM_ME,30430,63.98%,
Single,AR_EC_VF_yshaarj_yogg_cthun_1972332790144511_IN_AM_DR,30429,63.98%,
Single,AR_SP_VF_yshaarj_yogg_cthun_1973432301780463_Mis_IV_ME,30429,63.97%,
Single,AR_SP_VF_yshaarj_yogg_cthun_1988688025615855_Mis_AM_ME,30428,63.97%,
Single,AR_EC_VF_yshaarj_yogg_cthun_1971233345625599_IN_AM_DR,30426,63.96%,
Single,AR_EC_VF_yshaarj_yogg_cthun_1973432368881135_Mis_AM_ME,30425,63.95%,
Single,AR_SW_VF_yshaarj_yogg_cthun_2043259947179503_Mis_AM_DR_DS,30425,63.95%,
Single,AR_SW_VF_yshaarj_yogg_cthun_1971234352267245_IN_AM_ME,30423,63.95%,
Single,AR_SW_VF_yshaarj_yogg_cthun_1971250458394095_IN_IV_DR_DS,30422,63.94%,
Single,AR_EC_VF_yshaarj_yogg_cthun_1972332790152687_IN_AM_DR,30422,63.94%,
Single,AR_SP_VF_yshaarj_yogg_cthun_1973432301772287_Mis_IV_ME,30422,63.94%,
Single,AR_SP_VF_yshaarj_yogg_cthun_1971370717478893_Mis_AM_ME,30421,63.93%,
Single,AR_SW_VF_yshaarj_yogg_cthun_1973432301780973_Mis_AM_ME,30421,63.93%,
Single,AR_SP_VF_yshaarj_yogg_cthun_1972332790152687_Mis_IV_DR,30420,63.92%,
Single,AR_SP_VF_yshaarj_nzoth_yogg_4013309839662591_Mis_AM_DR_DS,30419,63.92%,
Single,AR_SW_VF_yshaarj_yogg_cthun_1971250525495277_IN_AM_ME_DS,30416,63.91%,
Single,AR_EC_VF_yshaarj_yogg_cthun_1971234352258559_Mis_IV_DR,30415,63.90%,
Single,AR_SW_VF_yshaarj_yogg_cthun_1972332857253359_Mis_AM_DR,30415,63.90%,
Single,AR_SP_VF_yshaarj_yogg_cthun_1971370717478383_IN_AM_DR,30415,63.90%,
Single,AR_SP_VF_yshaarj_yogg_cthun_1973432301780463_IN_AM_DR,30414,63.90%,
Single,AR_SW_VF_yshaarj_yogg_cthun_1971234419367407_Mis_AM_DR,30413,63.89%,
Single,AR_SP_VF_yshaarj_yogg_cthun_1972332790144511_IN_AM_DR,30412,63.89%,
Single,AR_EC_VF_yshaarj_yogg_cthun_1972332790668783_Mis_IV_DR,30409,63.87%,
Single,AR_SP_VF_yshaarj_yogg_cthun_2043259947179503_Mis_AM_DR_DS,30409,63.87%,
Single,AR_SP_VF_yshaarj_yogg_cthun_2043259947180013_Mis_AM_ME_DS,30409,63.87%,
Single,AR_SP_VF_yshaarj_yogg_cthun_1973432301780973_Mis_AM_ME,30408,63.86%,
Single,AR_EC_VF_yshaarj_yogg_cthun_1971233346150381_Mis_AM_ME,30407,63.86%,
Single,AR_SP_VF_yshaarj_yogg_cthun_1971233345634285_Mis_AM_DR,30406,63.85%,
Single,AR_SW_VF_yshaarj_yogg_cthun_2043251290144239_Mis_AM_ME,30406,63.85%,
Single,AR_EC_VF_yshaarj_yogg_cthun_1972332790668783_Mis_IV_ME,30402,63.83%,
Single,AR_EC_VF_yshaarj_yogg_cthun_2043259947179503_IN_AM_ME_DS,30402,63.83%,
Single,AR_SP_VF_yshaarj_yogg_cthun_1988688025615855_IN_AM_ME,30398,63.81%,
Single,AR_SW_VF_yshaarj_yogg_cthun_1988688025615855_Mis_AM_ME,30396,63.80%,
Single,AR_SP_VF_yshaarj_yogg_cthun_2043259880079341_IN_AM_ME_DS,30395,63.79%,
Single,AR_SP_VF_yshaarj_nzoth_yogg_4013309839670767_Mis_AM_ME_DS,30390,63.77%,
Single,AR_SP_VF_yshaarj_yogg_cthun_1971250458394605_Mis_IV_DR_DS,30389,63.76%,
Single,AR_SW_VF_yshaarj_yogg_cthun_1971234352783341_IN_AM_ME,30389,63.76%,
Single,AR_SP_VF_yshaarj_yogg_cthun_1971233345625599_IN_IV_ME,30387,63.75%,
Single,AR_SP_VF_yshaarj_yogg_cthun_1988688025607679_Mis_AM_ME,30386,63.74%,
Single,AR_EC_VF_nzoth_yogg_cthun_3132875903196671_Mis_AM_DR_DS,30383,63.73%,
Single,VW_DH_VW_VF_nzoth_yogg_cthun_3132807326268911_Mis_AM_ME_DS,30383,63.73%,
Single,AR_SW_VF_yshaarj_nzoth_yogg_4013310912880127_Mis_AM_ME_DS,30383,63.73%,
Single,AR_SW_VF_yshaarj_yogg_cthun_1971370717470207_Mis_IV_ME,30383,63.72%,
Single,AR_SW_VF_yshaarj_yogg_cthun_1971234352782831_Mis_IV_DR,30382,63.72%,
Single,AR_SP_VF_yshaarj_yogg_cthun_1972332790668783_Mis_IV_ME,30382,63.72%,
Single,AR_SP_VF_yshaarj_yogg_cthun_2043259880078831_Mis_IV_DR_DS,30380,63.71%,
Single,AR_SW_VF_yshaarj_yogg_cthun_1973432301772287_Mis_IV_ME,30378,63.70%,
Single,AR_SP_VF_yshaarj_yogg_cthun_2043251290660335_Mis_AM_ME,30378,63.70%,
Single,AR_SP_VF_yshaarj_yogg_cthun_1971250458394605_IN_IV_ME_DS,30378,63.70%,
Single,AR_SW_VF_yshaarj_yogg_cthun_1971250525494767_IN_AM_DR_DS,30377,63.69%,
Single,VW_DH_TV_VF_nzoth_yogg_cthun_3132813768711679_Mis_AM_ME_DS,30377,63.69%,
Single,AR_EC_VF_yshaarj_yogg_cthun_1971234352266735_IN_IV_ME,30376,63.69%,
Single,AR_SW_VF_yshaarj_nzoth_yogg_4013584717045247_Mis_AM_ME_DS,30375,63.68%,
Single,AR_SW_VF_yshaarj_yogg_cthun_1971234352258559_IN_AM_DR,30374,63.68%,
Single,AR_SW_VF_yshaarj_yogg_cthun_1971233346149871_Mis_IV_ME,30373,63.68%,
Single,AR_SW_VF_yshaarj_yogg_cthun_1971250525494767_Mis_IV_DR_DS,30373,63.67%,
Single,AR_SP_VF_yshaarj_yogg_cthun_1971234352266735_Mis_IV_DR,30373,63.67%,
Single,AR_EC_VF_yshaarj_nzoth_yogg_4013584717045247_Mis_AM_ME_DS,30372,63.67%,
Single,AR_SW_VF_yshaarj_yogg_cthun_1971250458910701_Mis_IV_ME_DS,30372,63.67%,
Single,AR_SP_VF_yshaarj_yogg_cthun_1971234352783341_Mis_AM_DR,30371,63.66%,
Single,AR_EC_VF_yshaarj_yogg_cthun_2043259880079341_IN_AM_ME_DS,30370,63.66%,
Single,AR_SP_VF_yshaarj_yogg_cthun_2043259880594927_IN_AM_DR_DS,30370,63.66%,
Single,AR_SW_VF_yshaarj_yogg_cthun_1971234352782831_IN_IV_ME,30368,63.64%,
Single,AR_EC_VF_yshaarj_yogg_cthun_2043251290136063_Mis_AM_ME,30364,63.63%,
Single,AR_EC_VF_yshaarj_yogg_cthun_1971234352266735_IN_AM_DR,30364,63.62%,
Single,AR_SP_VF_yshaarj_yogg_cthun_1971250525495277_Mis_AM_DR_DS,30364,63.62%,
Single,AR_SW_VF_yshaarj_yogg_cthun_1971233345625599_Mis_IV_DR,30363,63.62%,
Single,AR_SW_VF_yshaarj_yogg_cthun_1972332790668783_Mis_IV_ME,30363,63.62%,
Single,AR_SW_VF_yshaarj_yogg_cthun_1971233345634285_Mis_AM_ME,30361,63.61%,
Single,AR_SP_VF_yshaarj_yogg_cthun_1988688026131951_Mis_AM_ME,30359,63.60%,
Single,AR_SP_VF_yshaarj_yogg_cthun_1971233346149871_Mis_IV_ME,30359,63.60%,
Single,AR_SP_VF_yshaarj_yogg_cthun_1973432301772287_IN_AM_DR,30359,63.60%,
Single,AR_EC_VF_yshaarj_yogg_cthun_1971250525494767_IN_AM_DR_DS,30357,63.59%,
Single,AR_SP_VF_yshaarj_yogg_cthun_1971234419367917_Mis_AM_ME,30355,63.58%,
Single,AR_SW_VF_yshaarj_yogg_cthun_2043259947179503_IN_AM_ME_DS,30354,63.57%,
Single,AR_SP_VF_yshaarj_yogg_cthun_1972332790668783_IN_AM_ME,30354,63.57%,
Single,AR_EC_VF_yshaarj_yogg_cthun_1971234352782831_IN_IV_ME,30353,63.57%,
Single,VW_DH_VW_VF_nzoth_yogg_cthun_3132813768711679_Mis_AM_ME_DS,30352,63.56%,
Single,AR_SW_VF_yshaarj_yogg_cthun_1971370717470207_Mis_AM_DR,30351,63.56%,
Single,AR_EC_VF_yshaarj_yogg_cthun_1988688025607679_Mis_AM_ME,30351,63.55%,
Single,AR_EC_VF_yshaarj_yogg_cthun_1971370717478383_IN_AM_ME,30350,63.55%,
Single,AR_SW_VF_yshaarj_yogg_cthun_2043259880079341_Mis_AM_DR_DS,30349,63.54%,
Single,AR_SW_VF_yshaarj_yogg_cthun_1973432301780463_IN_AM_ME,30348,63.54%,
Single,AR_EC_VF_yshaarj_yogg_cthun_1971233279049199_IN_IV_ME,30347,63.54%,
Single,AR_SP_VF_yshaarj_yogg_cthun_1971250458910191_IN_IV_DR_DS,30347,63.53%,
Single,AR_EC_VF_yshaarj_yogg_cthun_1971370717478383_Mis_AM_DR,30346,63.53%,
Single,AR_SP_VF_yshaarj_yogg_cthun_2043251290136063_Mis_AM_DR,30341,63.50%,
Single,AR_SW_VF_yshaarj_yogg_cthun_1971233279049199_IN_IV_ME,30340,63.50%,
Single,AR_SP_VF_yshaarj_yogg_cthun_1971234352783341_IN_AM_ME,30340,63.49%,
Single,AR_EC_VF_yshaarj_yogg_cthun_2043259880078831_IN_AM_DR_DS,30339,63.49%,
Single,AR_EC_VF_yshaarj_yogg_cthun_1972332790668783_IN_AM_ME,30338,63.49%,
Single,AR_SW_VF_yshaarj_yogg_cthun_1973432301780463_Mis_IV_ME,30336,63.47%,
Single,AR_SP_VF_yshaarj_yogg_cthun_1972332790153197_Mis_AM_DR,30334,63.46%,
Single,AR_SW_VF_nzoth_yogg_cthun_3132875903196671_Mis_AM_ME_DS,30332,63.45%,
Single,AR_SP_VF_nzoth_yogg_cthun_3132875903196671_Mis_AM_ME_DS,30332,63.45%,
Single,AR_EC_VF_yshaarj_yogg_cthun_1971250525495277_Mis_AM_ME_DS,30326,63.42%,
Single,AR_SW_VF_yshaarj_yogg_cthun_1971234352782831_IN_AM_DR,30325,63.41%,
Single,AR_SW_VF_yshaarj_yogg_cthun_1971233345625599_IN_AM_DR,30324,63.41%,
Single,AR_SW_VF_yshaarj_yogg_cthun_1971234352266735_IN_AM_DR,30322,63.40%,
Single,AR_EC_VF_yshaarj_yogg_cthun_1972332790144511_IN_AM_ME,30320,63.39%,
Single,VW_DH_TV_VF_nzoth_yogg_cthun_3132807326268911_Mis_AM_ME_DS,30320,63.39%,
Single,AR_SP_VF_yshaarj_yogg_cthun_1971233345625599_Mis_IV_DR,30320,63.39%,
Single,AR_SP_VF_yshaarj_nzoth_yogg_4013310912880127_Mis_AM_ME_DS,30320,63.39%,
Single,AR_EC_VF_yshaarj_yogg_cthun_1971233345633775_Mis_IV_ME,30320,63.39%,
Single,AR_EC_VF_yshaarj_nzoth_yogg_4013309839662591_Mis_AM_DR_DS,30319,63.38%,
Single,AR_EC_VF_yshaarj_yogg_cthun_1971250458385919_IN_IV_DR_DS,30318,63.37%,
Single,AR_SP_VF_yshaarj_yogg_cthun_2043259880594927_Mis_IV_DR_DS,30313,63.35%,
Single,AR_SP_VF_yshaarj_yogg_cthun_1971233279041023_IN_IV_DR,30312,63.34%,
Single,AR_SW_VF_yshaarj_yogg_cthun_1971233345633775_Mis_IV_ME,30311,63.34%,
Single,AR_EC_VF_yshaarj_yogg_cthun_1971234352258559_IN_IV_ME,30308,63.33%,
Single,AR_SP_VF_yshaarj_yogg_cthun_1971234352782831_Mis_IV_DR,30308,63.32%,
Single,AR_EC_VF_yshaarj_yogg_cthun_1972332790152687_IN_AM_ME,30308,63.32%,
Single,AR_SP_VF_yshaarj_yogg_cthun_1971234352258559_IN_IV_ME,30307,63.32%,
Single,AR_EC_VF_yshaarj_yogg_cthun_1971234352782831_Mis_IV_DR,30305,63.31%,
Single,AR_SW_VF_yshaarj_yogg_cthun_1973432301780463_Mis_AM_DR,30305,63.31%,
Single,AR_SP_VF_yshaarj_yogg_cthun_1971250458394605_IN_AM_DR_DS,30305,63.31%,
Single,AR_EC_VF_yshaarj_yogg_cthun_1971234352782831_Mis_IV_ME,30304,63.30%,
Single,AR_SW_VF_yshaarj_yogg_cthun_2043259880595437_Mis_AM_ME_DS,30300,63.28%,
Single,AR_SP_VF_yshaarj_yogg_cthun_2043251290144239_Mis_AM_ME,30299,63.28%,
Single,AR_SW_VF_yshaarj_yogg_cthun_1973432302296559_IN_AM_ME,30298,63.27%,
Single,AR_SW_VF_yshaarj_yogg_cthun_1972332790152687_IN_AM_ME,30298,63.27%,
Single,AR_EC_VF_yshaarj_yogg_cthun_1971234352266735_Mis_IV_DR,30298,63.27%,
Single,AR_SP_VF_yshaarj_nzoth_yogg_4014409350766079_Mis_AM_ME_DS,30297,63.27%,
Single,AR_SW_VF_yshaarj_yogg_cthun_1971234419367407_Mis_IV_ME,30295,63.25%,
Single,AR_SP_VF_yshaarj_yogg_cthun_1971233345633775_IN_AM_DR,30294,63.25%,
Single,AR_SP_VF_yshaarj_yogg_cthun_1971370717478383_Mis_AM_DR,30292,63.24%,
Single,AR_EC_VF_yshaarj_yogg_cthun_1971250458910701_IN_AM_ME_DS,30291,63.23%,
Single,AR_EC_VF_yshaarj_yogg_cthun_1971233279049709_IN_AM_ME,30290,63.23%,
Single,AR_SW_VF_yshaarj_yogg_cthun_1971234352258559_IN_IV_ME,30288,63.22%,
Single,AR_SP_VF_yshaarj_yogg_cthun_1972332790669293_Mis_AM_ME,30286,63.21%,
Single,AR_EC_VF_yshaarj_yogg_cthun_2043259880595437_Mis_AM_ME_DS,30284,63.19%,
Single,AR_EC_VF_yshaarj_yogg_cthun_2043259880079341_Mis_AM_ME_DS,30284,63.19%,
Single,AR_EC_VF_yshaarj_yogg_cthun_1971233279041023_IN_IV_ME,30283,63.19%,
Single,AR_SW_VF_yshaarj_yogg_cthun_1971234352258559_Mis_IV_DR,30282,63.18%,
Single,AR_SP_VF_yshaarj_yogg_cthun_2043251290136063_IN_AM_ME,30282,63.18%,
Single,AR_EC_VF_yshaarj_yogg_cthun_1972332857253359_Mis_AM_ME,30280,63.17%,
Single,AR_SP_VF_yshaarj_yogg_cthun_2043259880078831_Mis_IV_ME_DS,30277,63.16%,
Single,AR_EC_VF_yshaarj_yogg_cthun_1971233345625599_IN_AM_ME,30276,63.15%,
Single,AR_SW_VF_yshaarj_yogg_cthun_1971233279049709_IN_AM_ME,30276,63.15%,
Single,AR_SW_VF_yshaarj_yogg_cthun_1971233279049709_Mis_AM_DR,30276,63.15%,
Single,AR_EC_VF_yshaarj_yogg_cthun_1971250458910191_IN_IV_DR_DS,30274,63.14%,
Single,AR_SW_VF_yshaarj_yogg_cthun_1988688025607679_Mis_AM_ME,30274,63.14%,
Single,AR_SW_VF_yshaarj_yogg_cthun_1971250458394605_Mis_IV_ME_DS,30271,63.13%,
Single,AR_SP_VF_yshaarj_yogg_cthun_1972332790144511_Mis_IV_DR,30271,63.12%,
Single,AR_SW_VF_yshaarj_yogg_cthun_1973432302296559_Mis_AM_DR,30271,63.12%,
Single,AR_EC_VF_yshaarj_yogg_cthun_1972332790153197_Mis_AM_ME,30269,63.11%,
Single,AR_EC_VF_yshaarj_yogg_cthun_1971233345625599_Mis_IV_ME,30267,63.10%,
Single,AR_EC_VF_yshaarj_yogg_cthun_2043259880078831_Mis_IV_DR_DS,30266,63.10%,
Single,AR_EC_VF_yshaarj_yogg_cthun_1971233346149871_Mis_AM_DR,30265,63.09%,
Single,AR_EC_VF_yshaarj_yogg_cthun_2043259880078831_Mis_IV_ME_DS,30261,63.07%,
Single,AR_EC_VF_yshaarj_yogg_cthun_1971234419367407_IN_AM_ME,30260,63.07%,
Single,AR_EC_VF_yshaarj_yogg_cthun_1971370717994479_Mis_AM_ME,30257,63.05%,
Single,VW_DH_TV_VF_nzoth_yogg_cthun_3132807326260735_Mis_AM_DR_DS,30255,63.04%,
Single,AR_SP_VF_yshaarj_nzoth_yogg_4013584717045247_Mis_AM_ME_DS,30255,63.04%,
Single,AR_SP_VF_yshaarj_yogg_cthun_1971250458910701_Mis_IV_ME_DS,30254,63.03%,
Single,AR_SP_VF_yshaarj_yogg_cthun_1971370717994479_Mis_AM_DR,30254,63.03%,
Single,AR_SP_VF_yshaarj_yogg_cthun_1973432301780463_IN_AM_ME,30253,63.03%,
Single,AR_EC_VF_yshaarj_yogg_cthun_1972332790152687_Mis_IV_ME,30252,63.02%,
Single,AR_EC_VF_yshaarj_yogg_cthun_1971233345633775_Mis_AM_DR,30252,63.02%,
Single,AR_SW_VF_yshaarj_yogg_cthun_1972332790668783_IN_AM_ME,30251,63.02%,
Single,AR_EC_VF_yshaarj_yogg_cthun_1971233279049199_Mis_IV_DR,30247,63.00%,
Single,AR_SP_VF_yshaarj_yogg_cthun_1971234352267245_Mis_AM_DR,30244,62.98%,
Single,AR_SW_VF_yshaarj_nzoth_yogg_4013309839662591_Mis_AM_ME_DS,30243,62.97%,
Single,AR_EC_VF_yshaarj_yogg_cthun_1971233279049709_Mis_AM_DR,30243,62.97%,
Single,AR_SP_VF_yshaarj_yogg_cthun_1972332790152687_IN_AM_DR,30241,62.96%,
Single,AR_EC_VF_yshaarj_yogg_cthun_1971234419367407_Mis_AM_DR,30240,62.96%,
Single,AR_EC_VF_yshaarj_yogg_cthun_1971234352267245_Mis_AM_ME,30239,62.95%,
Single,AR_EC_VF_yshaarj_yogg_cthun_1973432301772287_IN_AM_ME,30239,62.95%,
Single,AR_SP_VF_yshaarj_yogg_cthun_1971234352266735_IN_IV_ME,30239,62.95%,
Single,AR_SP_VF_yshaarj_nzoth_yogg_4013309839662591_Mis_AM_ME_DS,30235,62.93%,
Single,AR_SP_VF_yshaarj_yogg_cthun_1971250525495277_IN_AM_ME_DS,30232,62.91%,
Single,AR_SW_VF_yshaarj_nzoth_yogg_4013309839146495_Mis_AM_DR_DS,30231,62.91%,
Single,AR_SP_VF_yshaarj_yogg_cthun_1971250458385919_IN_IV_DR_DS,30230,62.91%,
Single,AR_EC_VF_yshaarj_yogg_cthun_1971370717470207_Mis_AM_DR,30230,62.90%,
Single,AR_SP_VF_yshaarj_yogg_cthun_1971250525494767_IN_AM_DR_DS,30226,62.88%,
Single,AR_EC_VF_yshaarj_yogg_cthun_1971250525494767_Mis_IV_ME_DS,30226,62.88%,
Single,AR_EC_VF_yshaarj_yogg_cthun_1972332790144511_Mis_IV_DR,30225,62.88%,
Single,AR_SW_VF_yshaarj_yogg_cthun_1971234419367407_IN_AM_ME,30224,62.87%,
Single,AR_SP_VF_yshaarj_yogg_cthun_1971250525494767_Mis_IV_DR_DS,30223,62.87%,
Single,AR_EC_VF_yshaarj_yogg_cthun_1972332790144511_Mis_IV_ME,30219,62.84%,
Single,AR_SW_VF_yshaarj_yogg_cthun_1971250525494767_Mis_IV_ME_DS,30218,62.84%,
Single,AR_SP_VF_yshaarj_yogg_cthun_1971234352782831_IN_AM_DR,30217,62.83%,
Single,VW_DH_TV_VF_nzoth_yogg_cthun_3132813769235951_Mis_AM_ME_DS,30217,62.83%,
Single,AR_EC_VF_yshaarj_yogg_cthun_2043259947179503_Mis_AM_ME_DS,30216,62.83%,
Single,AR_SW_VF_yshaarj_yogg_cthun_1971233346149871_Mis_AM_DR,30216,62.83%,
Single,AR_SP_VF_yshaarj_yogg_cthun_2043259880079341_Mis_AM_ME_DS,30215,62.82%,
Single,AR_SW_VF_yshaarj_yogg_cthun_1971370717478383_Mis_AM_DR,30213,62.81%,
Single,AR_SP_VF_yshaarj_yogg_cthun_1972332857253359_Mis_AM_DR,30211,62.80%,
Single,AR_SW_VF_yshaarj_yogg_cthun_1972332790153197_Mis_AM_ME,30210,62.80%,
Single,AR_SW_VF_yshaarj_yogg_cthun_1971233345625599_Mis_IV_ME,30208,62.79%,
Single,AR_SW_VF_yshaarj_yogg_cthun_2043259880594927_IN_AM_ME_DS,30207,62.78%,
Single,VW_DH_VW_VF_nzoth_yogg_cthun_3132807326260735_Mis_AM_ME_DS,30207,62.78%,
Single,AR_SP_VF_yshaarj_yogg_cthun_1971233279049199_IN_IV_ME,30206,62.77%,
Single,AR_SP_VF_yshaarj_yogg_cthun_1973432368881135_Mis_AM_ME,30206,62.77%,
Single,AR_EC_VF_yshaarj_yogg_cthun_1971250458394605_IN_AM_ME_DS,30204,62.76%,
Single,AR_SW_VF_yshaarj_yogg_cthun_1971233614061039_Mis_AM_ME,30204,62.76%,
Single,AR_SP_VF_yshaarj_yogg_cthun_1971234352267245_IN_AM_ME,30202,62.75%,
Single,AR_SW_VF_yshaarj_yogg_cthun_1972332790144511_Mis_IV_ME,30201,62.74%,
Single,AR_SW_VF_yshaarj_yogg_cthun_1971234352783341_Mis_AM_ME,30201,62.74%,
Single,AR_EC_VF_yshaarj_nzoth_yogg_4013309839662591_Mis_AM_ME_DS,30199,62.74%,
Single,AR_SW_VF_yshaarj_yogg_cthun_1971250458910701_Mis_AM_DR_DS,30197,62.73%,
Single,AR_SP_VF_yshaarj_yogg_cthun_1971233345634285_Mis_AM_ME,30197,62.72%,
Single,AR_SW_VF_yshaarj_yogg_cthun_1971370717994479_Mis_AM_ME,30195,62.71%,
Single,AR_EC_VF_nzoth_yogg_cthun_3132875903196671_Mis_AM_ME_DS,30190,62.69%,
Single,VW_DH_TV_VF_nzoth_yogg_cthun_3132807326785007_Mis_AM_DR_DS,30190,62.69%,
Single,AR_SP_VF_yshaarj_yogg_cthun_1972332790144511_Mis_IV_ME,30186,62.67%,
Single,AR_SW_VF_yshaarj_yogg_cthun_1971233346149871_IN_AM_ME,30186,62.67%,
Single,AR_SP_VF_yshaarj_yogg_cthun_2043259880594927_Mis_IV_ME_DS,30184,62.65%,
Single,AR_SW_VF_yshaarj_yogg_cthun_2043259880070655_IN_IV_ME_DS,30183,62.65%,
Single,AR_SW_VF_yshaarj_yogg_cthun_1972332790144511_IN_AM_ME,30183,62.65%,
Single,AR_EC_VF_yshaarj_nzoth_yogg_4013309839146495_Mis_AM_ME_DS,30182,62.64%,
Single,AR_EC_VF_yshaarj_yogg_cthun_1971370717470207_IN_AM_ME,30180,62.64%,
Single,VW_DH_VW_VF_nzoth_yogg_cthun_3132807326785007_Mis_AM_DR_DS,30177,62.62%,
Single,AR_EC_VF_yshaarj_yogg_cthun_1971233279049709_Mis_AM_ME,30173,62.60%,
Single,AR_SP_VF_yshaarj_yogg_cthun_1972332790153197_Mis_AM_ME,30173,62.60%,
Single,AR_SP_VF_yshaarj_yogg_cthun_1972332790152687_Mis_IV_ME,30173,62.59%,
Single,AR_EC_VF_yshaarj_yogg_cthun_1971234352783341_Mis_AM_ME,30171,62.58%,
Single,AR_SW_VF_yshaarj_nzoth_yogg_4013309839146495_Mis_AM_ME_DS,30170,62.58%,
Single,AR_EC_VF_yshaarj_yogg_cthun_2043259880070655_IN_AM_DR_DS,30169,62.57%,
Single,AR_SW_VF_yshaarj_yogg_cthun_1971234352782831_Mis_IV_ME,30168,62.57%,
Single,AR_EC_VF_yshaarj_yogg_cthun_1971233278524927_IN_IV_ME,30164,62.55%,
Single,AR_SW_VF_yshaarj_yogg_cthun_1973432301772287_Mis_AM_DR,30164,62.55%,
Single,AR_SW_VF_yshaarj_yogg_cthun_1971250458385919_IN_IV_DR_DS,30163,62.54%,
Single,AR_SP_VF_yshaarj_yogg_cthun_1971233279049709_Mis_AM_DR,30160,62.53%,
Single,AR_SW_VF_yshaarj_yogg_cthun_2043259880594927_Mis_IV_ME_DS,30160,62.53%,
Single,AR_SW_VF_yshaarj_yogg_cthun_1972332790152687_Mis_IV_ME,30159,62.52%,
Single,AR_SW_VF_yshaarj_yogg_cthun_1971250458394095_IN_IV_ME_DS,30154,62.50%,
Single,AR_SP_VF_yshaarj_yogg_cthun_1971250525494767_Mis_IV_ME_DS,30154,62.50%,
Single,AR_EC_VF_yshaarj_yogg_cthun_1973432301772287_Mis_AM_DR,30150,62.47%,
Single,AR_EC_VF_yshaarj_yogg_cthun_1971250458394605_Mis_AM_DR_DS,30149,62.47%,
Single,AR_SP_VF_yshaarj_yogg_cthun_1973432301780463_Mis_AM_DR,30148,62.46%,
Single,AR_EC_VF_yshaarj_yogg_cthun_2043259880594927_Mis_IV_ME_DS,30146,62.45%,
Single,AR_SW_VF_yshaarj_yogg_cthun_2043259880070655_IN_AM_DR_DS,30145,62.44%,
Single,AR_SW_VF_yshaarj_yogg_cthun_1971370717470207_IN_AM_ME,30144,62.44%,
Single,AR_EC_VF_yshaarj_yogg_cthun_1971234352266735_Mis_IV_ME,30140,62.42%,
Single,AR_SW_VF_yshaarj_yogg_cthun_1971233279049199_Mis_IV_DR,30137,62.40%,
Single,AR_EC_VF_yshaarj_yogg_cthun_1971233279049199_IN_AM_DR,30133,62.38%,
Single,AR_SP_VF_yshaarj_yogg_cthun_2043259880078831_IN_AM_DR_DS,30133,62.38%,
Single,AR_SW_VF_yshaarj_yogg_cthun_1973432301772287_IN_AM_ME,30132,62.37%,
Single,VW_DH_TV_VF_nzoth_yogg_cthun_3132807326785007_Mis_AM_ME_DS,30130,62.36%,
Single,AR_SP_VF_yshaarj_yogg_cthun_1971250458394605_Mis_IV_ME_DS,30130,62.36%,
Single,AR_SP_VF_yshaarj_yogg_cthun_1971233614061039_Mis_AM_ME,30129,62.36%,
Single,AR_SP_VF_yshaarj_yogg_cthun_1971233279041023_IN_IV_ME,30127,62.35%,
Single,AR_EC_VF_yshaarj_yogg_cthun_1971233346149871_IN_AM_ME,30126,62.34%,
Single,AR_SW_VF_yshaarj_yogg_cthun_1971233345633775_IN_AM_ME,30126,62.34%,
Single,AR_EC_VF_yshaarj_yogg_cthun_1971250458910701_Mis_AM_DR_DS,30124,62.33%,
Single,AR_SP_VF_yshaarj_yogg_cthun_1971370717470207_Mis_AM_DR,30123,62.33%,
Single,AR_SW_VF_yshaarj_yogg_cthun_1971250525495277_Mis_AM_ME_DS,30120,62.31%,
Single,AR_EC_VF_yshaarj_yogg_cthun_1971233345625599_Mis_AM_DR,30120,62.31%,
Single,AR_EC_VF_yshaarj_yogg_cthun_1971370717478383_Mis_AM_ME,30119,62.31%,
Single,VW_DH_VW_VF_nzoth_yogg_cthun_3132807326785007_Mis_AM_ME_DS,30119,62.30%,
Single,AR_SW_VF_yshaarj_yogg_cthun_1971233278524927_IN_IV_ME,30115,62.28%,
Single,AR_SP_VF_yshaarj_yogg_cthun_1971233278524927_IN_IV_ME,30114,62.28%,
Single,AR_SW_VF_yshaarj_yogg_cthun_1971234352782831_IN_AM_ME,30111,62.26%,
Single,AR_SW_VF_yshaarj_yogg_cthun_2043259880078831_Mis_IV_ME_DS,30111,62.26%,
Single,AR_SP_VF_yshaarj_yogg_cthun_1971233345625599_Mis_IV_ME,30109,62.25%,
Single,AR_SP_VF_yshaarj_yogg_cthun_1971234352258559_Mis_IV_DR,30106,62.24%,
Single,AR_EC_VF_yshaarj_yogg_cthun_1972332790668783_Mis_AM_DR,30106,62.23%,
Single,AR_SP_VF_yshaarj_yogg_cthun_1971233279049199_Mis_IV_DR,30105,62.23%,
Single,AR_EC_VF_yshaarj_yogg_cthun_1971234352782831_IN_AM_ME,30101,62.21%,
Single,AR_EC_VF_yshaarj_yogg_cthun_2043259880070655_IN_IV_ME_DS,30100,62.20%,
Single,AR_SP_VF_yshaarj_yogg_cthun_2043259880070655_IN_IV_ME_DS,30099,62.20%,
Single,VW_DH_TV_VF_nzoth_yogg_cthun_3132807326260735_Mis_AM_ME_DS,30099,62.20%,
Single,AR_SP_VF_yshaarj_yogg_cthun_1971370717994479_IN_AM_ME,30098,62.19%,
Single,AR_EC_VF_yshaarj_yogg_cthun_1971250458394095_IN_IV_ME_DS,30097,62.18%,
Single,AR_SP_VF_yshaarj_yogg_cthun_1973432302296559_IN_AM_ME,30094,62.17%,
Single,AR_SP_VF_yshaarj_yogg_cthun_1971233279049709_IN_AM_ME,30094,62.17%,
Single,AR_SP_VF_yshaarj_yogg_cthun_2043259880595437_Mis_AM_ME_DS,30093,62.16%,
Single,AR_SP_VF_yshaarj_yogg_cthun_1971233345625599_IN_AM_DR,30093,62.16%,
Single,AR_SW_VF_yshaarj_yogg_cthun_1971233345625599_Mis_AM_DR,30091,62.15%,
Single,AR_SW_VF_yshaarj_yogg_cthun_2043259880594927_Mis_AM_DR_DS,30090,62.15%,
Single,AR_SW_VF_yshaarj_yogg_cthun_1973432302296559_Mis_AM_ME,30089,62.14%,
Single,AR_EC_VF_yshaarj_yogg_cthun_1973432301780463_Mis_AM_ME,30089,62.14%,
Single,AR_SW_VF_yshaarj_yogg_cthun_1971370717478383_IN_AM_ME,30082,62.11%,
Single,VW_DH_VW_VF_nzoth_yogg_cthun_3132807326260735_Mis_AM_DR_DS,30082,62.11%,
Single,AR_SP_VF_yshaarj_yogg_cthun_1971234352258559_IN_AM_DR,30080,62.09%,
Single,AR_EC_VF_yshaarj_yogg_cthun_1971233279041023_Mis_IV_DR,30078,62.08%,
Single,AR_EC_VF_yshaarj_yogg_cthun_1971233345633775_IN_AM_ME,30073,62.06%,
Single,AR_SW_VF_yshaarj_yogg_cthun_2043251290136063_Mis_AM_ME,30070,62.04%,
Single,AR_SW_VF_yshaarj_yogg_cthun_1971233279049709_Mis_AM_ME,30069,62.04%,
Single,AR_EC_VF_yshaarj_yogg_cthun_2043259880070655_Mis_IV_DR_DS,30069,62.04%,
Single,AR_SP_VF_yshaarj_yogg_cthun_1973432302296559_Mis_AM_DR,30067,62.02%,
Single,AR_SP_VF_yshaarj_yogg_cthun_1971370717478383_IN_AM_ME,30066,62.02%,
Single,AR_SW_VF_yshaarj_yogg_cthun_1971250458910701_IN_AM_ME_DS,30063,62.00%,
Single,AR_SP_VF_yshaarj_yogg_cthun_1972332790152687_IN_AM_ME,30061,61.99%,
Single,AR_SW_VF_yshaarj_yogg_cthun_1971233279041023_IN_IV_ME,30058,61.98%,
Single,AR_SW_VF_yshaarj_yogg_cthun_1971233279049199_IN_AM_DR,30056,61.97%,
Single,AR_EC_VF_yshaarj_yogg_cthun_1971250458910191_Mis_IV_DR_DS,30056,61.97%,
Single,AR_EC_VF_yshaarj_yogg_cthun_2043259880594927_IN_AM_ME_DS,30055,61.96%,
Single,AR_EC_VF_yshaarj_yogg_cthun_1971250458910191_IN_IV_ME_DS,30054,61.96%,
Single,AR_SW_VF_yshaarj_yogg_cthun_1971234352267245_Mis_AM_ME,30051,61.94%,
Single,AR_EC_VF_yshaarj_yogg_cthun_1971233279041023_IN_AM_DR,30043,61.90%,
Single,AR_SP_VF_yshaarj_yogg_cthun_1971250458394605_IN_AM_ME_DS,30040,61.88%,
Single,AR_SW_VF_yshaarj_yogg_cthun_1971233278524927_Mis_IV_DR,30038,61.87%,
Single,AR_SW_VF_yshaarj_yogg_cthun_1971234352266735_Mis_IV_ME,30037,61.86%,
Single,AR_SP_VF_yshaarj_yogg_cthun_1971234419367407_Mis_AM_DR,30037,61.86%,
Single,AR_SP_VF_yshaarj_yogg_cthun_1971233345633775_Mis_IV_ME,30036,61.86%,
Single,AR_SP_VF_yshaarj_yogg_cthun_1971234352782831_Mis_IV_ME,30036,61.86%,
Single,AR_EC_VF_yshaarj_yogg_cthun_1971234352782831_Mis_AM_DR,30024,61.79%,
Single,AR_SW_VF_yshaarj_yogg_cthun_1971370717470207_Mis_AM_ME,30024,61.79%,
Single,AR_SP_VF_yshaarj_nzoth_yogg_4013309839146495_Mis_AM_DR_DS,30023,61.79%,
Single,AR_SP_VF_yshaarj_yogg_cthun_1971234419367407_IN_AM_ME,30021,61.78%,
Single,AR_EC_VF_yshaarj_yogg_cthun_1971370717470207_Mis_AM_ME,30015,61.75%,
Single,AR_SW_VF_yshaarj_yogg_cthun_1971233345633775_Mis_AM_DR,30010,61.72%,
Single,AR_SP_VF_yshaarj_yogg_cthun_1971250458910191_Mis_IV_DR_DS,30010,61.72%,
Single,AR_EC_VF_yshaarj_yogg_cthun_1971234352258559_Mis_IV_ME,30009,61.71%,
Single,AR_SW_VF_yshaarj_yogg_cthun_1972332857253359_Mis_AM_ME,30009,61.71%,
Single,AR_SW_VF_yshaarj_yogg_cthun_1971250458394605_IN_AM_ME_DS,30007,61.70%,
Single,AR_SP_VF_yshaarj_nzoth_yogg_4013309839146495_Mis_AM_ME_DS,30006,61.69%,
Single,AR_SP_VF_yshaarj_yogg_cthun_1971370717470207_IN_AM_ME,30006,61.69%,
Single,AR_SW_VF_yshaarj_yogg_cthun_1971250458394095_Mis_IV_DR_DS,30002,61.68%,
Single,AR_EC_VF_yshaarj_yogg_cthun_1971250458394095_Mis_IV_DR_DS,29999,61.66%,
Single,AR_SW_VF_yshaarj_yogg_cthun_2043259880070655_Mis_IV_DR_DS,29999,61.66%,
Single,AR_SP_VF_yshaarj_yogg_cthun_1971234352266735_IN_AM_DR,29997,61.65%,
Single,AR_SW_VF_yshaarj_yogg_cthun_2043259880078831_IN_AM_ME_DS,29997,61.64%,
Single,AR_SW_VF_yshaarj_yogg_cthun_1971250458394605_Mis_AM_DR_DS,29995,61.64%,
Single,AR_SP_VF_yshaarj_yogg_cthun_1973432301772287_Mis_AM_DR,29992,61.62%,
Single,AR_SP_VF_yshaarj_yogg_cthun_1971234352266735_Mis_IV_ME,29992,61.62%,
Single,AR_EC_VF_yshaarj_yogg_cthun_1971234419367407_Mis_AM_ME,29988,61.60%,
Single,AR_SW_VF_yshaarj_yogg_cthun_1971233279041023_IN_AM_DR,29986,61.59%,
Single,AR_EC_VF_yshaarj_yogg_cthun_1973432302296559_Mis_AM_ME,29981,61.56%,
Single,AR_EC_VF_yshaarj_yogg_cthun_1971233345633775_Mis_AM_ME,29980,61.56%,
Single,AR_SP_VF_yshaarj_yogg_cthun_1973432301772287_IN_AM_ME,29977,61.54%,
Single,AR_EC_VF_yshaarj_yogg_cthun_1971250525494767_Mis_AM_DR_DS,29977,61.54%,
Single,AR_SW_VF_yshaarj_yogg_cthun_1971234352266735_Mis_AM_DR,29975,61.53%,
Single,AR_SP_VF_yshaarj_yogg_cthun_1971233278524927_Mis_IV_DR,29973,61.52%,
Single,AR_SW_VF_yshaarj_yogg_cthun_1971233345625599_IN_AM_ME,29971,61.51%,
Single,AR_SP_VF_yshaarj_yogg_cthun_2043259880070655_IN_AM_DR_DS,29970,61.50%,
Single,AR_EC_VF_yshaarj_yogg_cthun_2043259880594927_Mis_AM_DR_DS,29968,61.49%,
Single,AR_EC_VF_yshaarj_yogg_cthun_2043259880078831_IN_AM_ME_DS,29966,61.48%,
Single,AR_SW_VF_yshaarj_yogg_cthun_1971233279041023_Mis_IV_DR,29966,61.48%,
Single,AR_SP_VF_yshaarj_yogg_cthun_2043259880070655_Mis_IV_DR_DS,29965,61.48%,
Single,AR_SP_VF_yshaarj_yogg_cthun_1971250458910191_IN_IV_ME_DS,29962,61.46%,
Single,AR_SP_VF_yshaarj_yogg_cthun_1972332857253359_Mis_AM_ME,29960,61.45%,
Single,AR_SP_VF_yshaarj_yogg_cthun_1972332790144511_IN_AM_ME,29959,61.44%,
Single,AR_SW_VF_yshaarj_yogg_cthun_1971234352258559_Mis_AM_DR,29958,61.44%,
Single,AR_SP_VF_yshaarj_yogg_cthun_2043251290136063_Mis_AM_ME,29957,61.43%,
Single,AR_SW_VF_yshaarj_yogg_cthun_1971233279049199_Mis_IV_ME,29955,61.42%,
Single,AR_SP_VF_yshaarj_yogg_cthun_1971234352783341_Mis_AM_ME,29955,61.42%,
Single,AR_SP_VF_yshaarj_yogg_cthun_1971233346149871_Mis_AM_DR,29953,61.41%,
Single,AR_EC_VF_yshaarj_yogg_cthun_1971250458385919_IN_IV_ME_DS,29952,61.41%,
Single,AR_EC_VF_yshaarj_yogg_cthun_1971250525494767_IN_AM_ME_DS,29952,61.40%,
Single,AR_SW_VF_yshaarj_yogg_cthun_1971370717478383_Mis_AM_ME,29950,61.39%,
Single,AR_SP_VF_yshaarj_yogg_cthun_2043259947179503_Mis_AM_ME_DS,29948,61.38%,
Single,AR_EC_VF_yshaarj_yogg_cthun_1971234352266735_IN_AM_ME,29946,61.37%,
Single,AR_SP_VF_yshaarj_yogg_cthun_1971233279049199_Mis_IV_ME,29945,61.37%,
Single,AR_SP_VF_yshaarj_yogg_cthun_1971370717994479_Mis_AM_ME,29944,61.36%,
Single,AR_EC_VF_yshaarj_yogg_cthun_1971233279049199_Mis_IV_ME,29941,61.35%,
Single,AR_SW_VF_yshaarj_yogg_cthun_1971250458910191_IN_AM_DR_DS,29941,61.34%,
Single,AR_SP_VF_yshaarj_yogg_cthun_1971250458385919_IN_IV_ME_DS,29940,61.34%,
Single,AR_SP_VF_yshaarj_yogg_cthun_1971370717478383_Mis_AM_ME,29935,61.31%,
Single,AR_SP_VF_yshaarj_yogg_cthun_1971250525495277_Mis_AM_ME_DS,29932,61.30%,
Single,AR_SW_VF_yshaarj_yogg_cthun_1971250458910191_IN_IV_ME_DS,29932,61.29%,
Single,AR_EC_VF_yshaarj_yogg_cthun_1971233278524927_Mis_IV_DR,29931,61.29%,
Single,AR_EC_VF_yshaarj_yogg_cthun_1971233346149871_Mis_AM_ME,29929,61.28%,
Single,AR_SP_VF_yshaarj_yogg_cthun_1971250458910701_Mis_AM_DR_DS,29923,61.25%,
Single,AR_SW_VF_yshaarj_yogg_cthun_2043259947179503_Mis_AM_ME_DS,29921,61.24%,
Single,AR_SP_VF_yshaarj_yogg_cthun_1971233345633775_IN_AM_ME,29920,61.23%,
Single,AR_SW_VF_yshaarj_yogg_cthun_1973432301780463_Mis_AM_ME,29916,61.21%,
Single,AR_SP_VF_yshaarj_yogg_cthun_2043259880594927_IN_AM_ME_DS,29914,61.20%,
Single,AR_EC_VF_yshaarj_yogg_cthun_2043259880078831_Mis_AM_DR_DS,29913,61.19%,
Single,AR_SW_VF_yshaarj_yogg_cthun_1971250458910191_Mis_IV_DR_DS,29913,61.19%,
Single,AR_EC_VF_yshaarj_yogg_cthun_1971234352258559_Mis_AM_DR,29911,61.18%,
Single,AR_SW_VF_yshaarj_yogg_cthun_1971234352258559_Mis_IV_ME,29910,61.18%,
Single,AR_SP_VF_yshaarj_yogg_cthun_1971250458910701_IN_AM_ME_DS,29910,61.18%,
Single,AR_EC_VF_yshaarj_yogg_cthun_1971233278524927_Mis_IV_ME,29902,61.14%,
Single,AR_SW_VF_yshaarj_yogg_cthun_1971250525494767_Mis_AM_DR_DS,29901,61.13%,
Single,AR_SP_VF_yshaarj_yogg_cthun_1971250458394095_Mis_IV_DR_DS,29901,61.13%,
Single,AR_SW_VF_yshaarj_yogg_cthun_1971234352782831_Mis_AM_DR,29897,61.11%,
Single,AR_SP_VF_yshaarj_yogg_cthun_1971250458394095_IN_IV_ME_DS,29896,61.10%,
Single,AR_EC_VF_yshaarj_yogg_cthun_1971234352266735_Mis_AM_DR,29896,61.10%,
Single,AR_SP_VF_yshaarj_yogg_cthun_1971233345633775_Mis_AM_DR,29895,61.10%,
Single,AR_SW_VF_yshaarj_yogg_cthun_1971250458910191_Mis_IV_ME_DS,29895,61.10%,
Single,AR_SP_VF_yshaarj_yogg_cthun_1971234352267245_Mis_AM_ME,29892,61.08%,
Single,AR_SP_VF_yshaarj_yogg_cthun_2043259880078831_Mis_AM_DR_DS,29892,61.08%,
Single,AR_SW_VF_yshaarj_yogg_cthun_1972332790668783_Mis_AM_DR,29889,61.06%,
Single,AR_SP_VF_yshaarj_yogg_cthun_2043259880594927_Mis_AM_DR_DS,29885,61.05%,
Single,AR_SW_VF_yshaarj_yogg_cthun_1971233278524927_IN_AM_DR,29884,61.04%,
Single,AR_SP_VF_yshaarj_yogg_cthun_1971234352258559_Mis_IV_ME,29884,61.04%,
Single,AR_EC_VF_yshaarj_yogg_cthun_1971250458394095_Mis_IV_ME_DS,29877,61.00%,
Single,AR_EC_VF_yshaarj_yogg_cthun_1971250458910191_Mis_IV_ME_DS,29874,60.99%,
Single,AR_SW_VF_yshaarj_yogg_cthun_1971250458910701_Mis_AM_ME_DS,29874,60.98%,
Single,AR_EC_VF_yshaarj_yogg_cthun_1972332790668783_Mis_AM_ME,29872,60.97%,
Single,AR_EC_VF_yshaarj_yogg_cthun_1971250458910191_IN_AM_DR_DS,29870,60.96%,
Single,AR_SP_VF_yshaarj_yogg_cthun_1971233346149871_IN_AM_ME,29869,60.96%,
Single,AR_SW_VF_yshaarj_yogg_cthun_1971250458385919_IN_IV_ME_DS,29865,60.94%,
Single,AR_SW_VF_yshaarj_yogg_cthun_2043259880078831_Mis_AM_DR_DS,29864,60.93%,
Single,AR_SW_VF_yshaarj_yogg_cthun_1971233346149871_Mis_AM_ME,29863,60.92%,
Single,AR_SP_VF_yshaarj_yogg_cthun_1971233279049199_IN_AM_DR,29855,60.88%,
Single,AR_SP_VF_yshaarj_yogg_cthun_1971233345625599_Mis_AM_DR,29855,60.88%,
Single,AR_SW_VF_yshaarj_yogg_cthun_1971234419367407_Mis_AM_ME,29850,60.86%,
Single,AR_SW_VF_yshaarj_yogg_cthun_1971250525494767_IN_AM_ME_DS,29850,60.86%,
Single,AR_SP_VF_yshaarj_yogg_cthun_1971233279049709_Mis_AM_ME,29845,60.83%,
Single,AR_EC_VF_yshaarj_yogg_cthun_1971250458394605_Mis_AM_ME_DS,29845,60.83%,
Single,AR_SP_VF_yshaarj_yogg_cthun_1971234352266735_Mis_AM_DR,29842,60.81%,
Single,AR_SP_VF_yshaarj_yogg_cthun_1973432301780463_Mis_AM_ME,29842,60.81%,
Single,AR_EC_VF_yshaarj_yogg_cthun_1971233278524927_IN_AM_DR,29842,60.81%,
Single,AR_EC_VF_yshaarj_yogg_cthun_1971250458910701_Mis_AM_ME_DS,29840,60.80%,
Single,AR_SW_VF_yshaarj_yogg_cthun_2043259880594927_Mis_AM_ME_DS,29833,60.76%,
Single,AR_EC_VF_yshaarj_yogg_cthun_1972332790152687_Mis_AM_DR,29827,60.73%,
Single,AR_SP_VF_yshaarj_yogg_cthun_1971250458910191_Mis_IV_ME_DS,29822,60.71%,
Single,AR_SW_VF_yshaarj_yogg_cthun_1971250458394095_IN_AM_DR_DS,29814,60.66%,
Single,AR_SP_VF_yshaarj_yogg_cthun_1971234419367407_Mis_AM_ME,29810,60.64%,
Single,AR_SW_VF_yshaarj_yogg_cthun_1972332790152687_Mis_AM_DR,29806,60.62%,
Single,AR_SW_VF_yshaarj_yogg_cthun_1972332790144511_Mis_AM_DR,29806,60.62%,
Single,AR_EC_VF_yshaarj_yogg_cthun_1971233279049199_Mis_AM_DR,29801,60.59%,
Single,AR_SP_VF_yshaarj_yogg_cthun_1972332790668783_Mis_AM_DR,29799,60.58%,
Single,AR_EC_VF_yshaarj_yogg_cthun_1972332790144511_Mis_AM_DR,29799,60.58%,
Single,AR_SP_VF_yshaarj_yogg_cthun_1971233279041023_Mis_IV_ME,29795,60.56%,
Single,AR_SP_VF_yshaarj_yogg_cthun_1971250525494767_IN_AM_ME_DS,29795,60.56%,
Single,AR_SW_VF_yshaarj_yogg_cthun_1971234352266735_IN_AM_ME,29789,60.53%,
Single,AR_SP_VF_yshaarj_yogg_cthun_1971250458910191_IN_AM_DR_DS,29789,60.52%,
Single,AR_SP_VF_yshaarj_yogg_cthun_1971233279041023_IN_AM_DR,29788,60.52%,
Single,AR_SP_VF_yshaarj_yogg_cthun_1971233279041023_Mis_IV_DR,29787,60.51%,
Single,AR_EC_VF_yshaarj_yogg_cthun_1971250458394095_IN_AM_DR_DS,29786,60.51%,
Single,AR_EC_VF_yshaarj_yogg_cthun_1971233279041023_Mis_IV_ME,29784,60.50%,
Single,AR_SW_VF_yshaarj_yogg_cthun_1971233279049199_IN_AM_ME,29780,60.48%,
Single,AR_SP_VF_yshaarj_yogg_cthun_1971234352782831_Mis_AM_DR,29778,60.46%,
Single,AR_EC_VF_yshaarj_yogg_cthun_1972332790152687_Mis_AM_ME,29766,60.40%,
Single,AR_EC_VF_yshaarj_yogg_cthun_1971233279049199_IN_AM_ME,29763,60.39%,
Single,AR_SP_VF_yshaarj_yogg_cthun_1971233345625599_IN_AM_ME,29761,60.37%,
Single,AR_SP_VF_yshaarj_yogg_cthun_1971234352258559_Mis_AM_DR,29756,60.35%,
Single,AR_SW_VF_yshaarj_yogg_cthun_1973432301772287_Mis_AM_ME,29754,60.34%,
Single,AR_SW_VF_yshaarj_yogg_cthun_1971234352258559_IN_AM_ME,29751,60.32%,
Single,AR_SW_VF_yshaarj_yogg_cthun_1971233279041023_Mis_IV_ME,29751,60.32%,
Single,AR_SP_VF_yshaarj_yogg_cthun_1971250458394605_Mis_AM_DR_DS,29748,60.31%,
Single,AR_EC_VF_yshaarj_yogg_cthun_1973432301772287_Mis_AM_ME,29748,60.30%,
Single,AR_SW_VF_yshaarj_yogg_cthun_1971250458394605_Mis_AM_ME_DS,29746,60.29%,
Single,AR_EC_VF_yshaarj_yogg_cthun_1971250458385919_Mis_IV_DR_DS,29738,60.25%,
Single,AR_SW_VF_yshaarj_yogg_cthun_1971233345633775_Mis_AM_ME,29737,60.25%,
Single,AR_SP_VF_yshaarj_yogg_cthun_1971233278524927_IN_AM_DR,29732,60.22%,
Single,AR_SP_VF_yshaarj_yogg_cthun_1971233278524927_Mis_IV_ME,29727,60.19%,
Single,AR_EC_VF_yshaarj_yogg_cthun_2043259880070655_Mis_IV_ME_DS,29726,60.19%,
Single,AR_SW_VF_yshaarj_yogg_cthun_1972332790668783_Mis_AM_ME,29723,60.17%,
Single,AR_SP_VF_yshaarj_yogg_cthun_1971234352782831_IN_AM_ME,29721,60.16%,
Single,AR_SW_VF_yshaarj_yogg_cthun_1971233279049199_Mis_AM_DR,29719,60.15%,
Single,AR_SP_VF_yshaarj_yogg_cthun_1971370717470207_Mis_AM_ME,29718,60.14%,
Single,AR_SW_VF_yshaarj_yogg_cthun_1971250458385919_IN_AM_DR_DS,29709,60.09%,
Single,AR_SW_VF_yshaarj_yogg_cthun_1971250458394095_Mis_IV_ME_DS,29705,60.07%,
Single,AR_SP_VF_yshaarj_yogg_cthun_1972332790152687_Mis_AM_DR,29704,60.07%,
Single,AR_SW_VF_yshaarj_yogg_cthun_1971233278524927_IN_AM_ME,29700,60.05%,
Single,AR_EC_VF_yshaarj_yogg_cthun_1971250458385919_IN_AM_DR_DS,29694,60.02%,
Single,AR_SP_VF_yshaarj_yogg_cthun_1971250525494767_Mis_AM_DR_DS,29694,60.01%,
Single,AR_SW_VF_yshaarj_yogg_cthun_1971250525494767_Mis_AM_ME_DS,29693,60.01%,
Single,AR_EC_VF_yshaarj_yogg_cthun_1971233345625599_Mis_AM_ME,29688,59.98%,
Single,AR_SW_VF_yshaarj_yogg_cthun_1971234352782831_Mis_AM_ME,29682,59.95%,
Single,AR_EC_VF_yshaarj_yogg_cthun_1971234352258559_IN_AM_ME,29682,59.95%,
Single,AR_SW_VF_yshaarj_yogg_cthun_1971233345625599_Mis_AM_ME,29677,59.93%,
Single,AR_EC_VF_yshaarj_yogg_cthun_1971250525494767_Mis_AM_ME_DS,29673,59.90%,
Single,AR_SP_VF_yshaarj_yogg_cthun_1971250458394605_Mis_AM_ME_DS,29669,59.88%,
Single,AR_EC_VF_yshaarj_yogg_cthun_1971234352266735_Mis_AM_ME,29669,59.88%,
Single,AR_SP_VF_yshaarj_yogg_cthun_1972332790152687_Mis_AM_ME,29667,59.87%,
Single,AR_EC_VF_yshaarj_yogg_cthun_1971233279041023_IN_AM_ME,29663,59.85%,
Single,AR_SP_VF_yshaarj_yogg_cthun_2043259880078831_IN_AM_ME_DS,29663,59.85%,
Single,AR_SW_VF_yshaarj_yogg_cthun_2043259880078831_Mis_AM_ME_DS,29661,59.84%,
Single,AR_SW_VF_yshaarj_yogg_cthun_2043259880070655_Mis_IV_ME_DS,29659,59.83%,
Single,AR_SP_VF_yshaarj_yogg_cthun_1971234352258559_IN_AM_ME,29659,59.83%,
Single,AR_SP_VF_yshaarj_yogg_cthun_1971233346149871_Mis_AM_ME,29659,59.82%,
Single,AR_SP_VF_yshaarj_yogg_cthun_1972332790668783_Mis_AM_ME,29656,59.81%,
Single,AR_SW_VF_yshaarj_yogg_cthun_1971233278524927_Mis_IV_ME,29653,59.79%,
Single,AR_SP_VF_yshaarj_yogg_cthun_1973432302296559_Mis_AM_ME,29653,59.79%,
Single,AR_SW_VF_yshaarj_yogg_cthun_2043259880070655_IN_AM_ME_DS,29650,59.78%,
Single,AR_SP_VF_yshaarj_yogg_cthun_1973432301772287_Mis_AM_ME,29647,59.76%,
Single,AR_SP_VF_yshaarj_yogg_cthun_2043259880070655_Mis_IV_ME_DS,29640,59.73%,
Single,AR_SW_VF_yshaarj_yogg_cthun_2043259880070655_Mis_AM_DR_DS,29638,59.72%,
Single,AR_EC_VF_yshaarj_yogg_cthun_1971250458385919_Mis_IV_ME_DS,29634,59.69%,
Single,AR_SP_VF_yshaarj_yogg_cthun_1971250458385919_IN_AM_DR_DS,29626,59.65%,
Single,AR_EC_VF_yshaarj_yogg_cthun_1971233278524927_IN_AM_ME,29623,59.63%,
Single,AR_EC_VF_yshaarj_yogg_cthun_1971233279049199_Mis_AM_ME,29621,59.62%,
Single,AR_SW_VF_yshaarj_yogg_cthun_1971250458910191_IN_AM_ME_DS,29621,59.62%,
Single,AR_SP_VF_yshaarj_yogg_cthun_1971250458910701_Mis_AM_ME_DS,29619,59.61%,
Single,AR_EC_VF_yshaarj_yogg_cthun_1971250458910191_Mis_AM_DR_DS,29615,59.59%,
Single,AR_SP_VF_yshaarj_yogg_cthun_1971233345633775_Mis_AM_ME,29614,59.58%,
Single,AR_SP_VF_yshaarj_yogg_cthun_1971234352266735_IN_AM_ME,29608,59.55%,
Single,AR_SW_VF_yshaarj_yogg_cthun_1971250458385919_Mis_IV_DR_DS,29606,59.54%,
Single,AR_SW_VF_yshaarj_yogg_cthun_1971234352266735_Mis_AM_ME,29604,59.53%,
Single,AR_SP_VF_yshaarj_yogg_cthun_1971233279049199_IN_AM_ME,29596,59.49%,
Single,AR_EC_VF_yshaarj_yogg_cthun_1971250458394095_IN_AM_ME_DS,29593,59.47%,
Single,AR_SW_VF_yshaarj_yogg_cthun_1972332790152687_Mis_AM_ME,29591,59.46%,
Single,AR_SP_VF_yshaarj_yogg_cthun_1972332790144511_Mis_AM_DR,29587,59.44%,
Single,AR_EC_VF_yshaarj_yogg_cthun_1971233279041023_Mis_AM_DR,29584,59.42%,
Single,AR_SW_VF_yshaarj_yogg_cthun_1971233279041023_Mis_AM_DR,29565,59.32%,
Single,AR_EC_VF_yshaarj_yogg_cthun_1972332790144511_Mis_AM_ME,29565,59.32%,
Single,AR_EC_VF_yshaarj_yogg_cthun_1971250458910191_IN_AM_ME_DS,29551,59.25%,
Single,AR_SP_VF_yshaarj_yogg_cthun_1971250458394095_IN_AM_DR_DS,29551,59.25%,
Single,AR_EC_VF_yshaarj_yogg_cthun_2043259880078831_Mis_AM_ME_DS,29545,59.21%,
Single,AR_EC_VF_yshaarj_yogg_cthun_2043259880070655_Mis_AM_DR_DS,29539,59.18%,
Single,AR_SP_VF_yshaarj_yogg_cthun_2043259880594927_Mis_AM_ME_DS,29538,59.17%,
Single,AR_SP_VF_yshaarj_yogg_cthun_2043259880070655_Mis_AM_DR_DS,29537,59.17%,
Single,AR_SP_VF_yshaarj_yogg_cthun_1971250458394095_Mis_IV_ME_DS,29533,59.14%,
Single,AR_EC_VF_yshaarj_yogg_cthun_2043259880594927_Mis_AM_ME_DS,29530,59.13%,
Single,AR_SP_VF_yshaarj_yogg_cthun_1971250458385919_Mis_IV_DR_DS,29513,59.04%,
Single,AR_EC_VF_yshaarj_yogg_cthun_1971234352782831_Mis_AM_ME,29508,59.01%,
Single,AR_EC_VF_yshaarj_yogg_cthun_2043259880070655_IN_AM_ME_DS,29508,59.01%,
Single,AR_SP_VF_yshaarj_yogg_cthun_1971250458910191_Mis_AM_DR_DS,29494,58.94%,
Single,AR_SP_VF_yshaarj_yogg_cthun_2043259880078831_Mis_AM_ME_DS,29488,58.91%,
Single,AR_SP_VF_yshaarj_yogg_cthun_1971233345625599_Mis_AM_ME,29488,58.90%,
Single,AR_SW_VF_yshaarj_yogg_cthun_1971233279041023_IN_AM_ME,29485,58.89%,
Single,AR_SP_VF_yshaarj_yogg_cthun_1971250458385919_Mis_IV_ME_DS,29478,58.85%,
Single,AR_SP_VF_yshaarj_yogg_cthun_1971233279041023_IN_AM_ME,29468,58.79%,
Single,AR_SW_VF_yshaarj_yogg_cthun_1971250458910191_Mis_AM_DR_DS,29441,58.65%,
Single,AR_SW_VF_yshaarj_yogg_cthun_1972332790144511_Mis_AM_ME,29435,58.62%,
Single,AR_SP_VF_yshaarj_yogg_cthun_1971250458910191_IN_AM_ME_DS,29433,58.61%,
Single,AR_SW_VF_yshaarj_yogg_cthun_1971250458394095_IN_AM_ME_DS,29430,58.59%,
Single,AR_SP_VF_yshaarj_yogg_cthun_1971234352266735_Mis_AM_ME,29418,58.53%,
Single,AR_SP_VF_yshaarj_yogg_cthun_1971233279049199_Mis_AM_DR,29398,58.42%,
Single,AR_SW_VF_yshaarj_yogg_cthun_1971250458385919_Mis_IV_ME_DS,29395,58.40%,
Single,AR_EC_VF_yshaarj_yogg_cthun_1971233278524927_Mis_AM_DR,29391,58.38%,
Single,AR_EC_VF_yshaarj_yogg_cthun_1971250458385919_Mis_AM_DR_DS,29383,58.34%,
Single,AR_SP_VF_yshaarj_yogg_cthun_1971234352782831_Mis_AM_ME,29383,58.34%,
Single,AR_SP_VF_yshaarj_yogg_cthun_1971233278524927_IN_AM_ME,29380,58.32%,
Single,AR_SW_VF_yshaarj_yogg_cthun_1971234352258559_Mis_AM_ME,29363,58.23%,
Single,AR_EC_VF_yshaarj_yogg_cthun_1971250458394095_Mis_AM_DR_DS,29362,58.23%,
Single,AR_SW_VF_yshaarj_yogg_cthun_1971233279049199_Mis_AM_ME,29351,58.17%,
Single,AR_SW_VF_yshaarj_yogg_cthun_1971250458394095_Mis_AM_DR_DS,29350,58.16%,
Single,AR_EC_VF_yshaarj_yogg_cthun_1971234352258559_Mis_AM_ME,29350,58.16%,
Single,AR_EC_VF_yshaarj_yogg_cthun_1971250458385919_IN_AM_ME_DS,29349,58.16%,
Single,AR_SP_VF_yshaarj_yogg_cthun_1971250458385919_IN_AM_ME_DS,29348,58.15%,
Single,AR_SP_VF_yshaarj_yogg_cthun_1971250458394095_IN_AM_ME_DS,29344,58.13%,
Single,AR_SP_VF_yshaarj_yogg_cthun_1971233279041023_Mis_AM_DR,29338,58.10%,
Single,AR_SP_VF_yshaarj_yogg_cthun_1971233279049199_Mis_AM_ME,29333,58.07%,
Single,AR_SW_VF_yshaarj_yogg_cthun_1971250458385919_IN_AM_ME_DS,29323,58.01%,
Single,AR_SP_VF_yshaarj_yogg_cthun_1971234352258559_Mis_AM_ME,29322,58.01%,
Single,AR_EC_VF_yshaarj_yogg_cthun_1971250458910191_Mis_AM_ME_DS,29320,58.00%,
Single,AR_SW_VF_yshaarj_yogg_cthun_1971233278524927_Mis_AM_DR,29310,57.94%,
Single,AR_EC_VF_yshaarj_yogg_cthun_1971250458394095_Mis_AM_ME_DS,29295,57.86%,
Single,AR_SP_VF_yshaarj_yogg_cthun_2043259880070655_IN_AM_ME_DS,29290,57.83%,
Single,AR_EC_VF_yshaarj_yogg_cthun_1971233279041023_Mis_AM_ME,29281,57.79%,
Single,AR_SP_VF_yshaarj_yogg_cthun_1972332790144511_Mis_AM_ME,29272,57.74%,
Single,AR_SP_VF_yshaarj_yogg_cthun_1971250525494767_Mis_AM_ME_DS,29269,57.73%,
Single,AR_SW_VF_yshaarj_yogg_cthun_1971233279041023_Mis_AM_ME,29260,57.68%,
Single,AR_SW_VF_yshaarj_yogg_cthun_1971250458385919_Mis_AM_DR_DS,29245,57.59%,
Single,AR_SW_VF_yshaarj_yogg_cthun_1971250458910191_Mis_AM_ME_DS,29210,57.41%,
Single,AR_SP_VF_yshaarj_yogg_cthun_1971250458394095_Mis_AM_DR_DS,29207,57.39%,
Single,AR_SP_VF_yshaarj_yogg_cthun_1971233278524927_Mis_AM_DR,29194,57.32%,
Single,AR_EC_VF_yshaarj_yogg_cthun_2043259880070655_Mis_AM_ME_DS,29184,57.27%,
Single,AR_SP_VF_yshaarj_yogg_cthun_1971233279041023_Mis_AM_ME,29160,57.14%,
Single,AR_SW_VF_yshaarj_yogg_cthun_1971233278524927_Mis_AM_ME,29151,57.09%,
Single,AR_SW_VF_yshaarj_yogg_cthun_2043259880070655_Mis_AM_ME_DS,29107,56.85%,
Single,AR_EC_VF_yshaarj_yogg_cthun_1971233278524927_Mis_AM_ME,29099,56.81%,
Single,AR_SW_VF_yshaarj_yogg_cthun_1971250458394095_Mis_AM_ME_DS,29052,56.55%,
Single,AR_SP_VF_yshaarj_yogg_cthun_1971250458385919_Mis_AM_DR_DS,29038,56.48%,
Single,AR_EC_VF_yshaarj_yogg_cthun_1971250458385919_Mis_AM_ME_DS,29026,56.42%,
Single,AR_SP_VF_yshaarj_yogg_cthun_1971250458910191_Mis_AM_ME_DS,28999,56.27%,
Single,AR_SP_VF_yshaarj_yogg_cthun_2043259880070655_Mis_AM_ME_DS,28975,56.14%,
Single,AR_SP_VF_yshaarj_yogg_cthun_1971233278524927_Mis_AM_ME,28912,55.80%,
Single,AR_SP_VF_yshaarj_yogg_cthun_1971250458394095_Mis_AM_ME_DS,28903,55.75%,
Single,AR_SW_VF_yshaarj_yogg_cthun_1971250458385919_Mis_AM_ME_DS,28862,55.53%,
Single,AR_SP_VF_yshaarj_yogg_cthun_1971250458385919_Mis_AM_ME_DS,28800,55.20%,
Single,Base,18557,0.00%,
