profile,actor,DPS,increase,
2T,VW_DH_VW_VF_yshaarj_nzoth_yogg_3977567263841775_IN_IV_ME,55345,112.82%,
2T,VW_DH_VW_VF_yshaarj_nzoth_yogg_3977567263841775_IN_IV_DR,54868,110.99%,
2T,VW_DH_TV_VF_nzoth_yogg_cthun_3150313612959215_IN_IV_ME,54132,108.16%,
2T,VW_DH_VW_VF_yshaarj_nzoth_yogg_3977567263841775_IN_AM_ME,54000,107.65%,
2T,VW_DH_TV_VF_yshaarj_nzoth_yogg_3977567263841775_IN_IV_ME,53958,107.49%,
2T,VW_DH_TV_VF_nzoth_yogg_cthun_3132859939610095_IN_IV_ME,53907,107.29%,
2T,VW_DH_VW_VF_nzoth_yogg_cthun_3150313612959215_IN_IV_ME,53797,106.87%,
2T,VW_DH_TV_VF_nzoth_yogg_cthun_3150313612959215_IN_IV_DR,53683,106.43%,
2T,VW_DH_TV_VF_nzoth_yogg_cthun_3132859939610095_IN_IV_DR,53529,105.84%,
2T,VW_DH_TV_VF_nzoth_yogg_cthun_3132867455802863_IN_IV_ME,53507,105.75%,
2T,VW_DH_TV_VF_nzoth_yogg_cthun_3132996304821743_IN_IV_ME,53432,105.47%,
2T,VW_DH_TV_VF_yshaarj_nzoth_yogg_3977567263841775_IN_IV_DR,53430,105.46%,
2T,VW_DH_VW_VF_yshaarj_nzoth_yogg_3977567263841775_IN_AM_DR,53370,105.23%,
2T,VW_DH_VW_VF_nzoth_yogg_cthun_3132859939610095_IN_IV_ME,53335,105.09%,
2T,VW_DH_VW_VF_nzoth_yogg_cthun_3150313612959215_IN_IV_DR,53322,105.04%,
2T,VW_DH_VW_VF_nzoth_yogg_cthun_3132858865876463_IN_IV_ME,53318,105.03%,
2T,VW_DH_VW_VF_nzoth_yogg_cthun_3132996304821743_IN_IV_ME,53276,104.87%,
2T,VW_DH_TV_VF_nzoth_yogg_cthun_3132858865876463_IN_IV_ME,53265,104.82%,
2T,VW_DH_TV_VF_nzoth_yogg_cthun_3132858866392559_IN_IV_ME,53250,104.77%,
2T,VW_DH_VW_VF_nzoth_yogg_cthun_3132867455802863_IN_IV_ME,53200,104.58%,
2T,VW_DH_TV_VF_nzoth_yogg_cthun_3132858932977135_IN_IV_ME,53165,104.44%,
2T,VW_DH_VW_VF_nzoth_yogg_cthun_3132859939610095_IN_IV_DR,53077,104.10%,
2T,VW_DH_TV_VF_nzoth_yogg_cthun_3132858865876463_IN_IV_DR,53066,104.06%,
2T,VW_DH_VW_VF_nzoth_yogg_cthun_3132858866392559_IN_IV_ME,53044,103.97%,
2T,VW_DH_TV_VF_nzoth_yogg_cthun_3132996304821743_IN_IV_DR,53026,103.91%,
2T,VW_DH_VW_VF_nzoth_yogg_cthun_3132996304821743_IN_IV_DR,52980,103.73%,
2T,VW_DH_VW_VF_yshaarj_nzoth_yogg_3979696493878767_IN_IV_ME,52978,103.72%,
2T,VW_DH_VW_VF_nzoth_yogg_cthun_3132858932977135_IN_IV_ME,52944,103.59%,
2T,VW_DH_VW_VF_yshaarj_nzoth_yogg_4049515482242543_IN_IV_ME,52935,103.56%,
2T,VW_DH_VW_VF_nzoth_yogg_cthun_3132858865876463_IN_IV_DR,52895,103.40%,
2T,VW_DH_TV_VF_nzoth_yogg_cthun_3132858865868287_IN_IV_ME,52839,103.19%,
2T,VW_DH_VW_VF_yshaarj_nzoth_yogg_3979696493878767_IN_IV_DR,52797,103.03%,
2T,VW_DH_TV_VF_nzoth_yogg_cthun_3132867455802863_IN_IV_DR,52769,102.92%,
2T,VW_DH_TV_VF_nzoth_yogg_cthun_3132858866392559_IN_IV_DR,52718,102.72%,
2T,VW_DH_VW_VF_nzoth_yogg_cthun_3132867455802863_IN_IV_DR,52566,102.14%,
2T,VW_DH_VW_VF_nzoth_yogg_cthun_3132858932977135_IN_IV_DR,52562,102.12%,
2T,VW_DH_TV_VF_nzoth_yogg_cthun_3150313612959215_IN_AM_ME,52523,101.97%,
2T,VW_DH_TV_VF_nzoth_yogg_cthun_3132859939610095_IN_AM_ME,52490,101.84%,
2T,VW_DH_VW_VF_yshaarj_nzoth_yogg_4049515482242543_IN_IV_DR,52419,101.57%,
2T,VW_DH_TV_VF_nzoth_yogg_cthun_3132858932977135_IN_IV_DR,52412,101.54%,
2T,VW_DH_TV_VF_nzoth_yogg_cthun_3150313612959215_IN_AM_DR,52402,101.51%,
2T,VW_DH_TV_VF_yshaarj_nzoth_yogg_4049515482242543_IN_IV_DR,52390,101.46%,
2T,VW_DH_VW_VF_nzoth_yogg_cthun_3132858866392559_IN_IV_DR,52385,101.44%,
2T,VW_DH_TV_VF_yshaarj_nzoth_yogg_3977567263841775_IN_AM_ME,52359,101.34%,
2T,VW_DH_VW_VF_nzoth_yogg_cthun_3132858865868287_IN_IV_ME,52342,101.28%,
2T,VW_DH_TV_VF_nzoth_yogg_cthun_3132876045737455_IN_IV_ME_DS,52333,101.24%,
2T,VW_DH_VW_VF_nzoth_yogg_cthun_3150313612959215_IN_AM_ME,52329,101.23%,
2T,VW_DH_VW_VF_nzoth_yogg_cthun_3132859939610095_IN_AM_ME,52292,101.08%,
2T,VW_DH_VW_VF_yshaarj_nzoth_yogg_3977634909576687_IN_IV_DR,52240,100.88%,
2T,VW_DH_VW_VF_yshaarj_nzoth_yogg_3977497470631407_IN_IV_DR,52225,100.82%,
2T,VW_DH_VW_VF_yshaarj_nzoth_cthun_3696297371819503_IN_IV_DR,52220,100.81%,
2T,VW_DH_VW_VF_yshaarj_nzoth_yogg_3977497470623231_IN_IV_DR,52217,100.79%,
2T,VW_DH_VW_VF_nzoth_yogg_cthun_3132876045737455_IN_IV_ME_DS,52213,100.78%,
2T,VW_DH_VW_VF_yshaarj_nzoth_yogg_3977497470623231_IN_IV_ME,52171,100.62%,
2T,VW_DH_TV_VF_yshaarj_nzoth_yogg_4049515482242543_IN_IV_ME,52157,100.56%,
2T,VW_DH_TV_VF_nzoth_yogg_cthun_3132859939610095_IN_AM_DR,52155,100.56%,
2T,VW_DH_VW_VF_nzoth_yogg_cthun_3150313612959215_IN_AM_DR,52154,100.55%,
2T,VW_DH_VW_VF_yshaarj_nzoth_yogg_3977497470631407_IN_IV_ME,52134,100.47%,
2T,VW_DH_VW_VF_yshaarj_nzoth_yogg_3977497537732079_IN_IV_DR,52097,100.33%,
2T,VW_DH_TV_VF_yshaarj_nzoth_yogg_3977567263841775_IN_AM_DR,52075,100.25%,
2T,VW_DH_TV_VF_nzoth_yogg_cthun_3132858865868287_IN_IV_DR,52016,100.02%,
2T,VW_DH_VW_VF_yshaarj_nzoth_yogg_3977634909576687_IN_IV_ME,51975,99.86%,
2T,VW_DH_VW_VF_nzoth_yogg_cthun_3132858865868287_IN_IV_DR,51930,99.69%,
2T,VW_DH_VW_VF_nzoth_yogg_cthun_3132859939610095_IN_AM_DR,51916,99.64%,
2T,VW_DH_TV_VF_nzoth_yogg_cthun_3132858865876463_IN_AM_DR,51862,99.43%,
2T,VW_DH_VW_VF_nzoth_yogg_cthun_3132996304821743_IN_AM_ME,51858,99.41%,
2T,VW_DH_VW_VF_yshaarj_nzoth_yogg_4049516555984367_IN_IV_ME,51849,99.38%,
2T,VW_DH_TV_VF_nzoth_yogg_cthun_3132996304821743_IN_AM_ME,51847,99.37%,
2T,VW_DH_VW_VF_yshaarj_nzoth_yogg_3977499618106863_IN_IV_ME,51845,99.36%,
2T,VW_DH_VW_VF_yshaarj_nzoth_yogg_3977772348530159_IN_IV_DR,51828,99.30%,
2T,VW_DH_VW_VF_yshaarj_nzoth_yogg_3979712600006127_IN_IV_ME_DS,51826,99.29%,
2T,VW_DH_VW_VF_yshaarj_nzoth_yogg_3979697567620591_IN_IV_ME,51816,99.25%,
2T,VW_DH_VW_VF_yshaarj_nzoth_cthun_3696297371819503_IN_IV_ME,51770,99.08%,
2T,VW_DH_VW_VF_yshaarj_nzoth_yogg_3977497537732079_IN_IV_ME,51767,99.06%,
2T,VW_DH_TV_VF_nzoth_yogg_cthun_3132876045737455_IN_IV_DR_DS,51746,98.98%,
2T,VW_DH_VW_VF_yshaarj_nzoth_yogg_3979696493878767_IN_AM_ME,51742,98.97%,
2T,VW_DH_VW_VF_yshaarj_nzoth_yogg_3977772348530159_IN_IV_ME,51739,98.96%,
2T,VW_DH_VW_VF_yshaarj_nzoth_yogg_4049515482242543_IN_AM_DR,51679,98.73%,
2T,VW_DH_TV_VF_yshaarj_nzoth_yogg_3979696493878767_IN_IV_DR,51675,98.71%,
2T,VW_DH_TV_VF_nzoth_yogg_cthun_3132858866392559_IN_AM_ME,51663,98.66%,
2T,VW_DH_TV_VF_nzoth_yogg_cthun_3132996304821743_IN_AM_DR,51654,98.63%,
2T,VW_DH_TV_VF_nzoth_yogg_cthun_3132858932977135_IN_AM_ME,51652,98.62%,
2T,VW_DH_VW_VF_yshaarj_nzoth_yogg_3979697567620591_IN_IV_DR,51646,98.60%,
2T,VW_DH_TV_VF_nzoth_yogg_cthun_3150243819748847_IN_IV_DR,51644,98.59%,
2T,VW_DH_VW_VF_yshaarj_nzoth_yogg_3977567263841775_Mis_IV_ME,51624,98.52%,
2T,VW_DH_VW_VF_nzoth_yogg_cthun_3132996304821743_IN_AM_DR,51623,98.51%,
2T,VW_DH_VW_VF_yshaarj_nzoth_yogg_3977499618106863_IN_IV_DR,51612,98.47%,
2T,VW_DH_VW_VF_yshaarj_nzoth_yogg_4049516555984367_IN_IV_DR,51608,98.45%,
2T,VW_DH_VW_VF_yshaarj_nzoth_yogg_3977514650492399_IN_IV_ME_DS,51597,98.41%,
2T,VW_DH_VW_VF_yshaarj_nzoth_yogg_4049531588369903_IN_IV_ME_DS,51594,98.40%,
2T,VW_DH_VW_VF_yshaarj_nzoth_yogg_3977497471147503_IN_IV_DR,51592,98.39%,
2T,VW_DH_VW_VF_yshaarj_nzoth_yogg_3977635983318511_IN_IV_ME,51580,98.34%,
2T,VW_DH_TV_VF_nzoth_yogg_cthun_3132858865876463_IN_AM_ME,51579,98.34%,
2T,VW_DH_VW_VF_yshaarj_nzoth_yogg_4049515482242543_IN_AM_ME,51561,98.27%,
2T,VW_DH_VW_VF_yshaarj_nzoth_yogg_3977497471147503_IN_IV_ME,51557,98.26%,
2T,VW_DH_VW_VF_yshaarj_nzoth_yogg_3979696493878767_IN_AM_DR,51546,98.21%,
2T,VW_DH_VW_VF_nzoth_yogg_cthun_3132876045737455_IN_IV_DR_DS,51541,98.20%,
2T,VW_DH_TV_VF_nzoth_yogg_cthun_3132867455802863_IN_AM_ME,51510,98.07%,
2T,VW_DH_VW_VF_nzoth_yogg_cthun_3132867455802863_IN_AM_ME,51504,98.05%,
2T,VW_DH_VW_VF_yshaarj_nzoth_yogg_3979712600006127_IN_IV_DR_DS,51504,98.05%,
2T,VW_DH_VW_VF_nzoth_yogg_cthun_3132858866392559_IN_AM_ME,51473,97.93%,
2T,VW_DH_VW_VF_nzoth_yogg_cthun_3132858865876463_IN_AM_DR,51445,97.83%,
2T,VW_DH_TV_VF_nzoth_yogg_cthun_3132858932977135_IN_AM_DR,51431,97.77%,
2T,VW_DH_TV_VF_nzoth_yogg_cthun_3132858866392559_IN_AM_DR,51424,97.74%,
2T,VW_DH_TV_VF_nzoth_yogg_cthun_3132867455802863_IN_AM_DR,51391,97.62%,
2T,VW_DH_VW_VF_yshaarj_nzoth_yogg_3977651015704047_IN_IV_ME_DS,51387,97.60%,
2T,VW_DH_TV_VF_yshaarj_nzoth_yogg_3979696493878767_IN_IV_ME,51350,97.46%,
2T,VW_DH_VW_VF_nzoth_yogg_cthun_3132858865876463_IN_AM_ME,51347,97.45%,
2T,VW_DH_VW_VF_yshaarj_nzoth_yogg_3977634909576687_IN_AM_DR,51306,97.29%,
2T,VW_DH_VW_VF_nzoth_yogg_cthun_3132858932977135_IN_AM_ME,51301,97.27%,
2T,VW_DH_VW_VF_yshaarj_nzoth_yogg_3977498544373231_IN_IV_DR,51300,97.27%,
2T,VW_DH_VW_VF_yshaarj_nzoth_yogg_3977514650492399_IN_IV_DR_DS,51277,97.18%,
2T,VW_DH_VW_VF_nzoth_yogg_cthun_3150243819748847_IN_IV_DR,51238,97.03%,
2T,VW_DH_TV_VF_nzoth_yogg_cthun_3150243886849519_IN_IV_DR,51237,97.03%,
2T,VW_DH_TV_VF_yshaarj_nzoth_yogg_4049516555984367_IN_IV_ME,51228,96.99%,
2T,VW_DH_TV_VF_nzoth_yogg_cthun_3132858865868287_IN_AM_ME,51226,96.98%,
2T,VW_DH_TV_VF_nzoth_yogg_cthun_3150313612959215_Mis_IV_DR,51196,96.87%,
2T,VW_DH_VW_VF_yshaarj_nzoth_yogg_3977651015704047_IN_IV_DR_DS,51184,96.82%,
2T,VW_DH_VW_VF_yshaarj_nzoth_yogg_3977635983318511_IN_IV_DR,51173,96.78%,
2T,VW_DH_VW_VF_yshaarj_nzoth_cthun_3696313477946863_IN_IV_ME_DS,51172,96.77%,
2T,VW_DH_VW_VF_yshaarj_nzoth_yogg_3977567263841775_Mis_IV_DR,51168,96.76%,
2T,VW_DH_VW_VF_yshaarj_nzoth_cthun_3696298445561327_IN_IV_DR,51155,96.71%,
2T,VW_DH_VW_VF_yshaarj_nzoth_cthun_3696298445561327_IN_IV_ME,51145,96.67%,
2T,VW_DH_TV_VF_yshaarj_nzoth_cthun_3696297371819503_IN_IV_DR,51120,96.58%,
2T,VW_DH_VW_VF_yshaarj_nzoth_yogg_4049531588369903_IN_IV_DR_DS,51116,96.56%,
2T,VW_DH_VW_VF_yshaarj_nzoth_yogg_4049524072177135_IN_IV_ME_DS,51109,96.53%,
2T,VW_DH_TV_VF_yshaarj_nzoth_yogg_3977634909576687_IN_IV_ME,51077,96.41%,
2T,VW_DH_VW_VF_yshaarj_nzoth_yogg_3977498544373231_IN_IV_ME,51075,96.40%,
2T,VW_DH_TV_VF_yshaarj_nzoth_yogg_3977634909576687_IN_IV_DR,51067,96.37%,
2T,VW_DH_TV_VF_yshaarj_nzoth_cthun_3696297371819503_IN_IV_ME,51057,96.33%,
2T,VW_DH_TV_VF_yshaarj_nzoth_yogg_3977497470631407_IN_IV_DR,51042,96.28%,
2T,VW_DH_VW_VF_yshaarj_nzoth_yogg_4049660437388783_IN_IV_DR_DS,51040,96.27%,
2T,VW_DH_VW_VF_nzoth_yogg_cthun_3150243886849519_IN_IV_DR,51037,96.26%,
2T,VW_DH_VW_VF_nzoth_yogg_cthun_3132858866392559_IN_AM_DR,51027,96.22%,
2T,VW_DH_TV_VF_yshaarj_nzoth_yogg_3977497470631407_IN_IV_ME,51014,96.17%,
2T,VW_DH_VW_VF_nzoth_yogg_cthun_3132867455802863_IN_AM_DR,51011,96.16%,
2T,VW_DH_VW_VF_yshaarj_nzoth_yogg_3977513576758767_IN_IV_DR_DS,51006,96.14%,
2T,VW_DH_TV_VF_nzoth_yogg_cthun_3132876045737455_IN_AM_ME_DS,51006,96.14%,
2T,VW_DH_TV_VF_yshaarj_nzoth_yogg_3977497470623231_IN_IV_ME,51001,96.12%,
2T,VW_DH_VW_VF_nzoth_yogg_cthun_3132858932977135_IN_AM_DR,50999,96.11%,
2T,VW_DH_VW_VF_yshaarj_nzoth_yogg_3977498611473903_IN_IV_ME,50997,96.10%,
2T,VW_DH_VW_VF_yshaarj_nzoth_yogg_3977497537732079_IN_AM_ME,50996,96.10%,
2T,VW_DH_VW_VF_yshaarj_nzoth_yogg_4049524072177135_IN_IV_DR_DS,50994,96.09%,
2T,VW_DH_VW_VF_yshaarj_nzoth_yogg_3977634909576687_IN_AM_ME,50984,96.05%,
2T,VW_DH_VW_VF_yshaarj_nzoth_yogg_3977788454657519_IN_IV_ME_DS,50981,96.04%,
2T,VW_DH_TV_VF_yshaarj_nzoth_yogg_4049531588369903_IN_IV_ME_DS,50980,96.04%,
2T,VW_DH_VW_VF_yshaarj_nzoth_yogg_3977513643859439_IN_IV_ME_DS,50979,96.03%,
2T,VW_DH_VW_VF_yshaarj_nzoth_yogg_3977513643859439_IN_IV_DR_DS,50971,96.00%,
2T,VW_DH_VW_VF_yshaarj_nzoth_cthun_3768322899631599_IN_IV_DR_DS,50953,95.93%,
2T,VW_DH_VW_VF_yshaarj_nzoth_yogg_3977513576758767_IN_IV_ME_DS,50941,95.89%,
2T,VW_DH_VW_VF_yshaarj_nzoth_yogg_3977497470631407_IN_AM_DR,50936,95.87%,
2T,VW_DH_TV_VF_nzoth_yogg_cthun_3150518697647599_IN_IV_DR,50931,95.85%,
2T,VW_DH_TV_VF_nzoth_yogg_cthun_3150313612959215_Mis_IV_ME,50929,95.84%,
2T,VW_DH_VW_VF_yshaarj_nzoth_yogg_3977497470623231_IN_AM_DR,50923,95.82%,
2T,VW_DH_VW_VF_yshaarj_nzoth_cthun_3696297371819503_IN_AM_ME,50923,95.82%,
2T,VW_DH_TV_VF_yshaarj_nzoth_yogg_4049516555984367_IN_IV_DR,50919,95.80%,
2T,VW_DH_TV_VF_yshaarj_nzoth_yogg_3977497470623231_IN_IV_DR,50905,95.75%,
2T,VW_DH_VW_VF_nzoth_yogg_cthun_3150243819748847_IN_IV_ME,50905,95.75%,
2T,VW_DH_TV_VF_yshaarj_nzoth_yogg_4049515482242543_IN_AM_DR,50898,95.72%,
2T,VW_DH_VW_VF_yshaarj_nzoth_yogg_3977497470631407_IN_AM_ME,50893,95.70%,
2T,VW_DH_TV_VF_nzoth_yogg_cthun_3150245967224303_IN_IV_DR,50887,95.68%,
2T,VW_DH_VW_VF_nzoth_yogg_cthun_3132858865868287_IN_AM_ME,50885,95.67%,
2T,VW_DH_TV_VF_nzoth_yogg_cthun_3150252409675247_IN_IV_ME,50870,95.61%,
2T,VW_DH_TV_VF_nzoth_yogg_cthun_3134996685839855_IN_IV_DR,50867,95.60%,
2T,VW_DH_VW_VF_nzoth_yogg_cthun_3150313612959215_Mis_IV_DR,50862,95.58%,
2T,VW_DH_TV_VF_nzoth_yogg_cthun_3150243886849519_IN_IV_ME,50843,95.51%,
2T,VW_DH_VW_VF_yshaarj_nzoth_yogg_3977497470623231_IN_AM_ME,50837,95.49%,
2T,VW_DH_TV_VF_nzoth_yogg_cthun_3150243819740671_IN_IV_DR,50835,95.48%,
2T,VW_DH_TV_VF_nzoth_yogg_cthun_3132926511611375_IN_IV_DR,50816,95.41%,
2T,VW_DH_VW_VF_yshaarj_nzoth_yogg_3977773422271983_IN_IV_ME,50813,95.40%,
2T,VW_DH_VW_VF_yshaarj_nzoth_yogg_3977497537732079_IN_AM_DR,50811,95.39%,
2T,VW_DH_VW_VF_nzoth_yogg_cthun_3150243886849519_IN_IV_ME,50806,95.37%,
2T,VW_DH_VW_VF_nzoth_yogg_cthun_3150313612959215_Mis_IV_ME,50802,95.35%,
2T,VW_DH_VW_VF_yshaarj_nzoth_cthun_3696297371819503_IN_AM_DR,50800,95.35%,
2T,VW_DH_TV_VF_nzoth_yogg_cthun_3150252409675247_IN_IV_DR,50800,95.35%,
2T,VW_DH_VW_VF_yshaarj_nzoth_yogg_3977515724234223_IN_IV_ME_DS,50797,95.33%,
2T,VW_DH_VW_VF_yshaarj_nzoth_yogg_3977498544365055_IN_IV_ME,50780,95.27%,
2T,VW_DH_TV_VF_nzoth_yogg_cthun_3152458949123567_IN_IV_DR_DS,50776,95.25%,
2T,VW_DH_VW_VF_yshaarj_nzoth_yogg_3977772348530159_IN_AM_DR,50768,95.22%,
2T,VW_DH_TV_VF_nzoth_yogg_cthun_3134996685839855_IN_IV_ME,50766,95.21%,
2T,VW_DH_TV_VF_nzoth_yogg_cthun_3150244893490671_IN_IV_DR,50759,95.19%,
2T,VW_DH_TV_VF_yshaarj_nzoth_yogg_4049531588369903_IN_IV_DR_DS,50756,95.18%,
2T,VW_DH_TV_VF_yshaarj_nzoth_yogg_3977497537732079_IN_IV_ME,50738,95.11%,
2T,VW_DH_TV_VF_yshaarj_nzoth_yogg_3977772348530159_IN_IV_ME,50723,95.05%,
2T,VW_DH_VW_VF_yshaarj_nzoth_yogg_4049522998443503_IN_IV_DR_DS,50721,95.04%,
2T,VW_DH_TV_VF_nzoth_yogg_cthun_3150245967224303_IN_IV_ME,50720,95.04%,
2T,VW_DH_TV_VF_nzoth_yogg_cthun_3150518697647599_IN_IV_ME,50717,95.03%,
2T,VW_DH_TV_VF_nzoth_yogg_cthun_3132858865868287_IN_AM_DR,50710,95.00%,
2T,VW_DH_VW_VF_yshaarj_nzoth_yogg_3977513576750591_IN_IV_DR_DS,50704,94.98%,
2T,VW_DH_VW_VF_yshaarj_nzoth_yogg_3977498544365055_IN_IV_DR,50698,94.95%,
2T,VW_DH_VW_VF_nzoth_yogg_cthun_3134996685839855_IN_IV_DR,50692,94.93%,
2T,VW_DH_TV_VF_nzoth_yogg_cthun_3132797662592495_IN_IV_DR,50687,94.91%,
2T,VW_DH_VW_VF_yshaarj_nzoth_yogg_3977498611473903_IN_IV_DR,50687,94.91%,
2T,VW_DH_VW_VF_yshaarj_nzoth_cthun_3768322899631599_IN_IV_ME_DS,50674,94.86%,
2T,VW_DH_VW_VF_yshaarj_nzoth_yogg_4049660437388783_IN_IV_ME_DS,50671,94.85%,
2T,VW_DH_VW_VF_nzoth_yogg_cthun_3132876045737455_IN_AM_ME_DS,50662,94.82%,
2T,VW_DH_TV_VF_yshaarj_nzoth_yogg_3977497537732079_IN_IV_DR,50660,94.81%,
2T,VW_DH_VW_VF_yshaarj_nzoth_yogg_3979697567620591_IN_AM_ME,50656,94.79%,
2T,VW_DH_VW_VF_yshaarj_nzoth_yogg_3977772348530159_IN_AM_ME,50640,94.73%,
2T,VW_DH_TV_VF_nzoth_yogg_cthun_3132926578712047_IN_IV_ME,50637,94.72%,
2T,VW_DH_TV_VF_nzoth_yogg_cthun_3150243819748847_IN_IV_ME,50637,94.72%,
2T,VW_DH_VW_VF_nzoth_yogg_cthun_3150518697647599_IN_IV_DR,50619,94.65%,
2T,VW_DH_VW_VF_nzoth_yogg_cthun_3132858865868287_IN_AM_DR,50618,94.64%,
2T,VW_DH_TV_VF_yshaarj_nzoth_yogg_4049515482242543_IN_AM_ME,50617,94.64%,
2T,VW_DH_VW_VF_yshaarj_nzoth_yogg_3977499618106863_IN_AM_ME,50616,94.64%,
2T,VW_DH_TV_VF_yshaarj_nzoth_yogg_3977772348530159_IN_IV_DR,50614,94.63%,
2T,VW_DH_VW_VF_yshaarj_nzoth_yogg_3977497471147503_IN_AM_ME,50613,94.63%,
2T,VW_DH_VW_VF_yshaarj_nzoth_yogg_4049516555984367_IN_AM_ME,50611,94.62%,
2T,VW_DH_TV_VF_yshaarj_nzoth_yogg_4049524072177135_IN_IV_ME_DS,50610,94.61%,
2T,VW_DH_VW_VF_yshaarj_nzoth_yogg_3977513576750591_IN_IV_ME_DS,50609,94.61%,
2T,VW_DH_VW_VF_yshaarj_nzoth_yogg_3977514650492399_IN_AM_ME_DS,50589,94.53%,
2T,VW_DH_VW_VF_nzoth_yogg_cthun_3150245967224303_IN_IV_DR,50579,94.49%,
2T,VW_DH_VW_VF_yshaarj_nzoth_yogg_3979697567620591_IN_AM_DR,50573,94.47%,
2T,VW_DH_VW_VF_yshaarj_nzoth_yogg_3977773422271983_IN_IV_DR,50572,94.47%,
2T,VW_DH_TV_VF_nzoth_yogg_cthun_3132876045737455_IN_AM_DR_DS,50572,94.47%,
2T,VW_DH_VW_VF_yshaarj_nzoth_cthun_3696313477946863_IN_IV_DR_DS,50564,94.44%,
2T,VW_DH_TV_VF_yshaarj_nzoth_yogg_3979697567620591_IN_IV_DR,50546,94.37%,
2T,VW_DH_TV_VF_nzoth_yogg_cthun_3150243820264943_IN_IV_DR,50526,94.29%,
2T,VW_DH_VW_VF_nzoth_yogg_cthun_3132926578712047_IN_IV_DR,50525,94.29%,
2T,VW_DH_VW_VF_nzoth_yogg_cthun_3150252409675247_IN_IV_DR,50524,94.29%,
2T,VW_DH_TV_VF_yshaarj_nzoth_yogg_3979697567620591_IN_IV_ME,50515,94.25%,
2T,VW_DH_VW_VF_nzoth_yogg_cthun_3132926511611375_IN_IV_DR,50499,94.19%,
2T,VW_DH_VW_VF_yshaarj_nzoth_yogg_3977513577274863_IN_IV_ME_DS,50497,94.18%,
2T,VW_DH_VW_VF_yshaarj_nzoth_yogg_4049522998443503_IN_IV_ME_DS,50497,94.18%,
2T,VW_DH_TV_VF_nzoth_yogg_cthun_3150260999609839_IN_IV_DR_DS,50497,94.18%,
2T,VW_DH_TV_VF_yshaarj_nzoth_yogg_3977514650492399_IN_IV_DR_DS,50495,94.17%,
2T,VW_DH_VW_VF_yshaarj_nzoth_yogg_3977514650492399_IN_AM_DR_DS,50492,94.16%,
2T,VW_DH_TV_VF_nzoth_yogg_cthun_3132926511611375_IN_IV_ME,50489,94.15%,
2T,VW_DH_TV_VF_nzoth_yogg_cthun_3132935101537775_IN_IV_DR,50476,94.10%,
2T,VW_DH_VW_VF_yshaarj_nzoth_yogg_4049523065544175_IN_IV_DR_DS,50464,94.05%,
2T,VW_DH_VW_VF_nzoth_yogg_cthun_3150243820264943_IN_IV_DR,50462,94.05%,
2T,VW_DH_VW_VF_nzoth_yogg_cthun_3150243819740671_IN_IV_DR,50453,94.01%,
2T,VW_DH_TV_VF_yshaarj_nzoth_yogg_3979712600006127_IN_IV_ME_DS,50452,94.01%,
2T,VW_DH_TV_VF_yshaarj_nzoth_yogg_3977499618106863_IN_IV_DR,50441,93.96%,
2T,VW_DH_TV_VF_yshaarj_nzoth_yogg_3979696493878767_IN_AM_DR,50438,93.95%,
2T,VW_DH_VW_VF_nzoth_yogg_cthun_3152458949123567_IN_IV_DR_DS,50427,93.91%,
2T,VW_DH_VW_VF_yshaarj_nzoth_yogg_4049523065544175_IN_IV_ME_DS,50421,93.89%,
2T,VW_DH_TV_VF_yshaarj_nzoth_yogg_3979696493878767_IN_AM_ME,50417,93.87%,
2T,VW_DH_VW_VF_yshaarj_nzoth_yogg_3977498544889327_IN_IV_ME,50415,93.86%,
2T,VW_DH_VW_VF_yshaarj_nzoth_yogg_4049525145918959_IN_IV_DR_DS,50404,93.82%,
2T,VW_DH_VW_VF_yshaarj_nzoth_yogg_3977498544889327_IN_IV_DR,50393,93.78%,
2T,VW_DH_VW_VF_yshaarj_nzoth_cthun_3696298445561327_IN_AM_DR,50390,93.77%,
2T,VW_DH_TV_VF_yshaarj_nzoth_cthun_3768322899631599_IN_IV_DR_DS,50387,93.76%,
2T,VW_DH_TV_VF_yshaarj_nzoth_yogg_3977499618106863_IN_IV_ME,50386,93.75%,
2T,VW_DH_TV_VF_yshaarj_nzoth_yogg_4049522998443503_IN_IV_DR_DS,50382,93.74%,
2T,VW_DH_VW_VF_yshaarj_nzoth_yogg_4049797876342255_IN_IV_DR_DS,50373,93.70%,
2T,VW_DH_VW_VF_yshaarj_nzoth_yogg_3977497471147503_IN_AM_DR,50371,93.70%,
2T,VW_DH_VW_VF_nzoth_yogg_cthun_3150252409675247_IN_IV_ME,50369,93.69%,
2T,VW_DH_VW_VF_yshaarj_nzoth_yogg_3977788454657519_IN_IV_DR_DS,50359,93.65%,
2T,VW_DH_TV_VF_yshaarj_nzoth_yogg_3977497471147503_IN_IV_ME,50356,93.64%,
2T,VW_DH_TV_VF_nzoth_yogg_cthun_3132928659086831_IN_IV_ME,50355,93.63%,
2T,VW_DH_TV_VF_nzoth_yogg_cthun_3150244960591343_IN_IV_DR,50351,93.62%,
2T,VW_DH_TV_VF_nzoth_yogg_cthun_3132996304821743_Mis_IV_ME,50347,93.60%,
2T,VW_DH_VW_VF_nzoth_yogg_cthun_3134996685839855_IN_IV_ME,50346,93.60%,
2T,VW_DH_VW_VF_yshaarj_nzoth_yogg_3977567263841775_Mis_AM_ME,50345,93.60%,
2T,VW_DH_VW_VF_yshaarj_nzoth_yogg_3979712600006127_IN_AM_DR_DS,50340,93.58%,
2T,VW_DH_VW_VF_yshaarj_nzoth_yogg_4049531588369903_IN_AM_DR_DS,50340,93.57%,
2T,VW_DH_VW_VF_yshaarj_nzoth_yogg_3979712600006127_IN_AM_ME_DS,50337,93.57%,
2T,VW_DH_TV_VF_nzoth_yogg_cthun_3132859939610095_Mis_IV_DR,50337,93.57%,
2T,VW_DH_VW_VF_yshaarj_nzoth_yogg_3977499618106863_IN_AM_DR,50334,93.56%,
2T,VW_DH_TV_VF_nzoth_yogg_cthun_3150519771389423_IN_IV_DR,50327,93.53%,
2T,VW_DH_TV_VF_yshaarj_nzoth_yogg_3977514650492399_IN_IV_ME_DS,50326,93.52%,
2T,VW_DH_VW_VF_nzoth_yogg_cthun_3150518697647599_IN_IV_ME,50325,93.52%,
2T,VW_DH_TV_VF_yshaarj_nzoth_yogg_4049524072177135_IN_IV_DR_DS,50318,93.49%,
2T,VW_DH_VW_VF_yshaarj_nzoth_yogg_3977515724234223_IN_IV_DR_DS,50310,93.46%,
2T,VW_DH_TV_VF_nzoth_yogg_cthun_3135005275774447_IN_IV_DR_DS,50308,93.45%,
2T,VW_DH_TV_VF_nzoth_yogg_cthun_3132859939610095_Mis_IV_ME,50300,93.42%,
2T,VW_DH_TV_VF_yshaarj_nzoth_yogg_4049660437388783_IN_IV_DR_DS,50300,93.42%,
2T,VW_DH_TV_VF_nzoth_yogg_cthun_3152458949123567_IN_IV_ME_DS,50299,93.42%,
2T,VW_DH_TV_VF_nzoth_yogg_cthun_3132926578712047_IN_IV_DR,50299,93.42%,
2T,VW_DH_TV_VF_nzoth_yogg_cthun_3205372946210287_IN_IV_DR_DS,50299,93.42%,
2T,VW_DH_TV_VF_nzoth_yogg_cthun_3132797729693167_IN_IV_DR,50292,93.39%,
2T,VW_DH_VW_VF_yshaarj_nzoth_yogg_4049797876342255_IN_IV_ME_DS,50279,93.34%,
2T,VW_DH_TV_VF_nzoth_yogg_cthun_3150253483417071_IN_IV_DR,50279,93.34%,
2T,VW_DH_VW_VF_nzoth_yogg_cthun_3132928659086831_IN_IV_DR,50275,93.33%,
2T,VW_DH_VW_VF_nzoth_yogg_cthun_3150245967224303_IN_IV_ME,50273,93.32%,
2T,VW_DH_TV_VF_nzoth_yogg_cthun_3132858865876463_Mis_IV_DR,50273,93.32%,
2T,VW_DH_TV_VF_nzoth_yogg_cthun_3150243820264943_IN_IV_ME,50271,93.31%,
2T,VW_DH_VW_VF_yshaarj_nzoth_yogg_4049516555984367_IN_AM_DR,50249,93.23%,
2T,VW_DH_TV_VF_yshaarj_nzoth_yogg_3977651015704047_IN_IV_ME_DS,50247,93.22%,
2T,VW_DH_TV_VF_yshaarj_nzoth_yogg_4049660437388783_IN_IV_ME_DS,50245,93.21%,
2T,VW_DH_TV_VF_yshaarj_nzoth_yogg_3977635983318511_IN_IV_ME,50244,93.21%,
2T,VW_DH_VW_VF_nzoth_yogg_cthun_3132797662592495_IN_IV_DR,50238,93.18%,
2T,VW_DH_VW_VF_nzoth_yogg_cthun_3132926578712047_IN_IV_ME,50230,93.15%,
2T,VW_DH_VW_VF_yshaarj_nzoth_yogg_3977635983318511_IN_AM_DR,50223,93.13%,
2T,VW_DH_TV_VF_nzoth_yogg_cthun_3132791220141551_IN_IV_DR,50222,93.12%,
2T,VW_DH_VW_VF_nzoth_yogg_cthun_3132996304821743_Mis_IV_ME,50222,93.12%,
2T,VW_DH_TV_VF_nzoth_yogg_cthun_3150244960591343_IN_IV_ME,50198,93.03%,
2T,VW_DH_TV_VF_yshaarj_nzoth_yogg_3977567263841775_Mis_IV_ME,50198,93.03%,
2T,VW_DH_TV_VF_nzoth_yogg_cthun_3150243819740671_IN_IV_ME,50183,92.97%,
2T,VW_DH_VW_VF_nzoth_yogg_cthun_3132876045737455_IN_AM_DR_DS,50177,92.95%,
2T,VW_DH_TV_VF_nzoth_yogg_cthun_3132926512127471_IN_IV_DR,50175,92.94%,
2T,VW_DH_TV_VF_nzoth_yogg_cthun_3150260999609839_IN_IV_ME_DS,50171,92.93%,
2T,VW_DH_VW_VF_nzoth_yogg_cthun_3132859939610095_Mis_IV_ME,50169,92.92%,
2T,VW_DH_TV_VF_nzoth_yogg_cthun_3132935101537775_IN_IV_ME,50163,92.89%,
2T,VW_DH_VW_VF_nzoth_yogg_cthun_3150244893490671_IN_IV_DR,50162,92.89%,
2T,VW_DH_TV_VF_nzoth_yogg_cthun_3150243886849519_IN_AM_DR,50158,92.88%,
2T,VW_DH_VW_VF_nzoth_yogg_cthun_3150243819740671_IN_IV_ME,50157,92.87%,
2T,VW_DH_TV_VF_nzoth_yogg_cthun_3150259925876207_IN_IV_DR_DS,50156,92.87%,
2T,VW_DH_TV_VF_yshaarj_nzoth_cthun_3768322899631599_IN_IV_ME_DS,50156,92.87%,
2T,VW_DH_TV_VF_nzoth_yogg_cthun_3132797662592495_IN_IV_ME,50151,92.85%,
2T,VW_DH_VW_VF_nzoth_yogg_cthun_3150244960591343_IN_IV_ME,50148,92.84%,
2T,VW_DH_VW_VF_yshaarj_nzoth_yogg_3977567263841775_Mis_AM_DR,50146,92.83%,
2T,VW_DH_VW_VF_nzoth_yogg_cthun_3150259925876207_IN_IV_DR_DS,50143,92.82%,
2T,VW_DH_VW_VF_nzoth_yogg_cthun_3150244960591343_IN_IV_DR,50142,92.82%,
2T,VW_DH_VW_VF_yshaarj_nzoth_cthun_3696313477946863_IN_AM_DR_DS,50141,92.81%,
2T,VW_DH_TV_VF_nzoth_yogg_cthun_3132996304821743_Mis_IV_DR,50138,92.80%,
2T,VW_DH_TV_VF_nzoth_yogg_cthun_3150244893490671_IN_IV_ME,50137,92.80%,
2T,VW_DH_VW_VF_nzoth_yogg_cthun_3132791220141551_IN_IV_DR,50132,92.78%,
2T,VW_DH_VW_VF_nzoth_yogg_cthun_3132926511611375_IN_IV_ME,50127,92.76%,
2T,VW_DH_TV_VF_nzoth_yogg_cthun_3132928659086831_IN_IV_DR,50122,92.74%,
2T,VW_DH_TV_VF_yshaarj_nzoth_yogg_3977635983318511_IN_IV_DR,50116,92.72%,
2T,VW_DH_VW_VF_nzoth_yogg_cthun_3152458949123567_IN_IV_ME_DS,50107,92.68%,
2T,VW_DH_VW_VF_nzoth_yogg_cthun_3135005275774447_IN_IV_DR_DS,50105,92.67%,
2T,VW_DH_VW_VF_nzoth_yogg_cthun_3132791220141551_IN_IV_ME,50105,92.67%,
2T,VW_DH_VW_VF_nzoth_yogg_cthun_3150243886849519_IN_AM_DR,50099,92.65%,
2T,VW_DH_VW_VF_yshaarj_nzoth_yogg_3977513577274863_IN_IV_DR_DS,50097,92.64%,
2T,VW_DH_VW_VF_yshaarj_nzoth_yogg_4049531588369903_IN_AM_ME_DS,50096,92.64%,
2T,VW_DH_TV_VF_nzoth_yogg_cthun_3150243819748847_IN_AM_DR,50096,92.64%,
2T,VW_DH_TV_VF_yshaarj_nzoth_yogg_3977651015704047_IN_IV_DR_DS,50092,92.62%,
2T,VW_DH_TV_VF_nzoth_yogg_cthun_3132927585353199_IN_IV_DR,50088,92.61%,
2T,VW_DH_VW_VF_nzoth_yogg_cthun_3132935101537775_IN_IV_ME,50082,92.59%,
2T,VW_DH_TV_VF_nzoth_yogg_cthun_3132926511603199_IN_IV_DR,50082,92.58%,
2T,VW_DH_VW_VF_yshaarj_nzoth_yogg_3977635983318511_IN_AM_ME,50065,92.52%,
2T,VW_DH_TV_VF_nzoth_yogg_cthun_3150253483417071_IN_IV_ME,50060,92.50%,
2T,VW_DH_VW_VF_nzoth_yogg_cthun_3150260999609839_IN_IV_DR_DS,50058,92.49%,
2T,VW_DH_TV_VF_yshaarj_nzoth_cthun_3696298445561327_IN_IV_ME,50052,92.47%,
2T,VW_DH_VW_VF_nzoth_yogg_cthun_3132996304821743_Mis_IV_DR,50048,92.45%,
2T,VW_DH_VW_VF_yshaarj_nzoth_yogg_3977513576758767_IN_AM_DR_DS,50032,92.39%,
2T,VW_DH_VW_VF_yshaarj_nzoth_yogg_3977497470631407_Mis_IV_DR,50032,92.39%,
2T,VW_DH_TV_VF_yshaarj_nzoth_yogg_3977497471147503_IN_IV_DR,50028,92.38%,
2T,VW_DH_VW_VF_yshaarj_nzoth_cthun_3696298445561327_IN_AM_ME,50020,92.35%,
2T,VW_DH_VW_VF_nzoth_yogg_cthun_3205372946210287_IN_IV_ME_DS,50019,92.34%,
2T,VW_DH_TV_VF_nzoth_yogg_cthun_3205372946210287_IN_IV_ME_DS,50018,92.34%,
2T,VW_DH_TV_VF_nzoth_yogg_cthun_3150259992976879_IN_IV_DR_DS,50015,92.33%,
2T,VW_DH_VW_VF_nzoth_yogg_cthun_3132935101537775_IN_IV_DR,50013,92.32%,
2T,VW_DH_TV_VF_yshaarj_nzoth_yogg_3977498544373231_IN_IV_DR,50010,92.31%,
2T,VW_DH_TV_VF_nzoth_yogg_cthun_3150244894006767_IN_IV_DR,50006,92.29%,
2T,VW_DH_TV_VF_nzoth_yogg_cthun_3132926511603199_IN_IV_ME,50005,92.29%,
2T,VW_DH_TV_VF_yshaarj_nzoth_yogg_4049523065544175_IN_IV_DR_DS,50003,92.28%,
2T,VW_DH_TV_VF_nzoth_yogg_cthun_3132791220141551_IN_IV_ME,49993,92.24%,
2T,VW_DH_VW_VF_yshaarj_nzoth_yogg_3977651015704047_IN_AM_DR_DS,49993,92.24%,
2T,VW_DH_TV_VF_yshaarj_nzoth_yogg_3977634909576687_IN_AM_DR,49987,92.22%,
2T,VW_DH_TV_VF_yshaarj_nzoth_yogg_3977513576758767_IN_IV_DR_DS,49979,92.19%,
2T,VW_DH_VW_VF_yshaarj_nzoth_yogg_3977651015704047_IN_AM_ME_DS,49978,92.18%,
2T,VW_DH_VW_VF_yshaarj_nzoth_yogg_4049525145918959_IN_IV_ME_DS,49975,92.17%,
2T,VW_DH_TV_VF_nzoth_yogg_cthun_3150519771389423_IN_IV_ME,49972,92.16%,
2T,VW_DH_VW_VF_yshaarj_nzoth_cthun_3696313477946863_IN_AM_ME_DS,49970,92.15%,
2T,VW_DH_VW_VF_yshaarj_nzoth_yogg_3979696493878767_Mis_IV_DR,49966,92.14%,
2T,VW_DH_VW_VF_yshaarj_nzoth_yogg_3977634909576687_Mis_IV_DR,49960,92.11%,
2T,VW_DH_VW_VF_yshaarj_nzoth_yogg_3977788454657519_IN_AM_ME_DS,49956,92.10%,
2T,VW_DH_TV_VF_nzoth_yogg_cthun_3132943691472367_IN_IV_DR_DS,49951,92.08%,
2T,VW_DH_TV_VF_nzoth_yogg_cthun_3132926512127471_IN_IV_ME,49949,92.07%,
2T,VW_DH_TV_VF_yshaarj_nzoth_yogg_3979712600006127_IN_IV_DR_DS,49948,92.07%,
2T,VW_DH_VW_VF_nzoth_yogg_cthun_3132926511603199_IN_IV_DR,49948,92.07%,
2T,VW_DH_TV_VF_nzoth_yogg_cthun_3132797729693167_IN_IV_ME,49944,92.05%,
2T,VW_DH_VW_VF_nzoth_yogg_cthun_3132797729693167_IN_IV_DR,49940,92.04%,
2T,VW_DH_VW_VF_yshaarj_nzoth_yogg_4049522998959599_IN_IV_DR_DS,49936,92.02%,
2T,VW_DH_TV_VF_nzoth_yogg_cthun_3132791287242223_IN_IV_ME,49930,92.00%,
2T,VW_DH_TV_VF_nzoth_yogg_cthun_3150313612959215_Mis_AM_ME,49930,92.00%,
2T,VW_DH_VW_VF_nzoth_yogg_cthun_3132926511603199_IN_IV_ME,49924,91.98%,
2T,VW_DH_TV_VF_nzoth_yogg_cthun_3150252409675247_IN_AM_DR,49919,91.96%,
2T,VW_DH_TV_VF_yshaarj_nzoth_yogg_4049516555984367_IN_AM_ME,49910,91.92%,
2T,VW_DH_TV_VF_yshaarj_nzoth_yogg_3977498544373231_IN_IV_ME,49903,91.90%,
2T,VW_DH_VW_VF_nzoth_yogg_cthun_3150253483417071_IN_IV_DR,49902,91.89%,
2T,VW_DH_TV_VF_yshaarj_nzoth_yogg_4049797876342255_IN_IV_DR_DS,49900,91.88%,
2T,VW_DH_TV_VF_nzoth_yogg_cthun_3135005275774447_IN_IV_ME_DS,49897,91.87%,
2T,VW_DH_TV_VF_nzoth_yogg_cthun_3150243819748847_Mis_IV_DR,49896,91.87%,
2T,VW_DH_VW_VF_nzoth_yogg_cthun_3150243819748847_IN_AM_DR,49895,91.87%,
2T,VW_DH_VW_VF_yshaarj_nzoth_yogg_4049660437388783_IN_AM_DR_DS,49893,91.86%,
2T,VW_DH_TV_VF_yshaarj_nzoth_yogg_3977498611473903_IN_IV_ME,49886,91.83%,
2T,VW_DH_VW_VF_yshaarj_nzoth_yogg_4049522998959599_IN_IV_ME_DS,49883,91.82%,
2T,VW_DH_VW_VF_yshaarj_nzoth_yogg_4049515482242543_Mis_IV_ME,49876,91.79%,
2T,VW_DH_TV_VF_yshaarj_nzoth_yogg_3977634909576687_IN_AM_ME,49870,91.77%,
2T,VW_DH_TV_VF_nzoth_yogg_cthun_3132799810067951_IN_IV_DR,49869,91.76%,
2T,VW_DH_VW_VF_nzoth_yogg_cthun_3132858865876463_Mis_IV_ME,49865,91.75%,
2T,VW_DH_TV_VF_yshaarj_nzoth_cthun_3696313477946863_IN_IV_ME_DS,49864,91.74%,
2T,VW_DH_VW_VF_nzoth_yogg_cthun_3132926512127471_IN_IV_DR,49862,91.74%,
2T,VW_DH_VW_VF_yshaarj_nzoth_yogg_4049522998435327_IN_IV_DR_DS,49861,91.73%,
2T,VW_DH_TV_VF_nzoth_yogg_cthun_3150245967224303_IN_AM_DR,49860,91.73%,
2T,VW_DH_TV_VF_nzoth_yogg_cthun_3134997759581679_IN_IV_DR,49856,91.71%,
2T,VW_DH_VW_VF_yshaarj_nzoth_yogg_3977634909576687_Mis_IV_ME,49851,91.69%,
2T,VW_DH_TV_VF_yshaarj_nzoth_yogg_3977567263841775_Mis_IV_DR,49838,91.65%,
2T,VW_DH_VW_VF_nzoth_yogg_cthun_3150243820264943_IN_IV_ME,49834,91.63%,
2T,VW_DH_VW_VF_yshaarj_nzoth_cthun_3768322899631599_IN_AM_DR_DS,49832,91.62%,
2T,VW_DH_VW_VF_nzoth_yogg_cthun_3133347418398191_IN_IV_DR,49823,91.59%,
2T,VW_DH_VW_VF_nzoth_yogg_cthun_3150259992976879_IN_IV_DR_DS,49821,91.58%,
2T,VW_DH_VW_VF_yshaarj_nzoth_yogg_3977513643859439_IN_AM_ME_DS,49821,91.58%,
2T,VW_DH_VW_VF_nzoth_yogg_cthun_3132926512127471_IN_IV_ME,49817,91.56%,
2T,VW_DH_TV_VF_nzoth_yogg_cthun_3132806252527087_IN_IV_DR_DS,49813,91.55%,
2T,VW_DH_TV_VF_yshaarj_nzoth_yogg_3977773422271983_IN_IV_ME,49808,91.53%,
2T,VW_DH_TV_VF_yshaarj_nzoth_cthun_3696297371819503_IN_AM_DR,49807,91.53%,
2T,VW_DH_TV_VF_nzoth_yogg_cthun_3150534803774959_IN_IV_DR_DS,49805,91.52%,
2T,VW_DH_VW_VF_nzoth_yogg_cthun_3150244893490671_IN_IV_ME,49802,91.51%,
2T,VW_DH_TV_VF_nzoth_yogg_cthun_3132858865876463_Mis_IV_ME,49800,91.50%,
2T,VW_DH_TV_VF_nzoth_yogg_cthun_3150268515802607_IN_IV_DR_DS,49793,91.47%,
2T,VW_DH_TV_VF_nzoth_yogg_cthun_3132926578712047_IN_AM_DR,49792,91.47%,
2T,VW_DH_TV_VF_nzoth_yogg_cthun_3135004202040815_IN_IV_DR_DS,49789,91.46%,
2T,VW_DH_TV_VF_yshaarj_nzoth_yogg_3977513643859439_IN_IV_ME_DS,49788,91.45%,
2T,VW_DH_TV_VF_yshaarj_nzoth_yogg_4049523065544175_IN_IV_ME_DS,49787,91.45%,
2T,VW_DH_VW_VF_nzoth_yogg_cthun_3132859939610095_Mis_IV_DR,49785,91.44%,
2T,VW_DH_TV_VF_nzoth_yogg_cthun_3134997759581679_IN_IV_ME,49776,91.41%,
2T,VW_DH_VW_VF_yshaarj_nzoth_yogg_3977498544373231_IN_AM_DR,49774,91.40%,
2T,VW_DH_TV_VF_nzoth_yogg_cthun_3132927585353199_IN_IV_ME,49773,91.40%,
2T,VW_DH_VW_VF_nzoth_yogg_cthun_3132797729693167_IN_IV_ME,49770,91.38%,
2T,VW_DH_VW_VF_nzoth_yogg_cthun_3132791287242223_IN_IV_ME,49767,91.37%,
2T,VW_DH_VW_VF_nzoth_yogg_cthun_3205372946210287_IN_IV_DR_DS,49764,91.36%,
2T,VW_DH_TV_VF_nzoth_yogg_cthun_3150313612959215_Mis_AM_DR,49763,91.36%,
2T,VW_DH_VW_VF_nzoth_yogg_cthun_3150260999609839_IN_IV_ME_DS,49760,91.35%,
2T,VW_DH_VW_VF_nzoth_yogg_cthun_3135005275774447_IN_IV_ME_DS,49756,91.33%,
2T,VW_DH_TV_VF_yshaarj_nzoth_yogg_4049797876342255_IN_IV_ME_DS,49755,91.33%,
2T,VW_DH_TV_VF_yshaarj_nzoth_cthun_3696313477946863_IN_IV_DR_DS,49755,91.33%,
2T,VW_DH_VW_VF_nzoth_yogg_cthun_3132797662592495_IN_IV_ME,49753,91.32%,
2T,VW_DH_VW_VF_nzoth_yogg_cthun_3132928659086831_IN_IV_ME,49751,91.31%,
2T,VW_DH_VW_VF_yshaarj_nzoth_yogg_4049524072177135_IN_AM_ME_DS,49751,91.31%,
2T,VW_DH_TV_VF_nzoth_yogg_cthun_3150259992976879_IN_IV_ME_DS,49747,91.29%,
2T,VW_DH_TV_VF_nzoth_yogg_cthun_3132936175279599_IN_IV_ME,49746,91.29%,
2T,VW_DH_TV_VF_nzoth_yogg_cthun_3134996685839855_IN_AM_ME,49744,91.29%,
2T,VW_DH_TV_VF_yshaarj_nzoth_yogg_3977498544365055_IN_IV_ME,49744,91.29%,
2T,VW_DH_VW_VF_yshaarj_nzoth_yogg_4049522998435327_IN_IV_ME_DS,49744,91.28%,
2T,VW_DH_VW_VF_nzoth_yogg_cthun_3134997759581679_IN_IV_ME,49737,91.26%,
2T,VW_DH_VW_VF_nzoth_yogg_cthun_3134997759581679_IN_IV_DR,49729,91.23%,
2T,VW_DH_TV_VF_yshaarj_nzoth_yogg_3977498611473903_IN_IV_DR,49722,91.20%,
2T,VW_DH_TV_VF_yshaarj_nzoth_yogg_3977497470623231_IN_AM_DR,49722,91.20%,
2T,VW_DH_TV_VF_nzoth_yogg_cthun_3133347418398191_IN_IV_DR,49721,91.20%,
2T,VW_DH_TV_VF_nzoth_yogg_cthun_3132797662584319_IN_IV_ME,49717,91.18%,
2T,VW_DH_TV_VF_yshaarj_nzoth_yogg_4049522998443503_IN_IV_ME_DS,49717,91.18%,
2T,VW_DH_TV_VF_nzoth_yogg_cthun_3150244894006767_IN_IV_ME,49717,91.18%,
2T,VW_DH_TV_VF_nzoth_yogg_cthun_3132858866392559_Mis_IV_ME,49715,91.17%,
2T,VW_DH_TV_VF_nzoth_yogg_cthun_3150243820264943_IN_AM_DR,49714,91.17%,
2T,VW_DH_TV_VF_nzoth_yogg_cthun_3150243886849519_IN_AM_ME,49712,91.16%,
2T,VW_DH_VW_VF_nzoth_yogg_cthun_3133347418398191_IN_IV_ME,49711,91.16%,
2T,VW_DH_TV_VF_nzoth_yogg_cthun_3132927652453871_IN_IV_DR,49707,91.14%,
2T,VW_DH_VW_VF_yshaarj_nzoth_yogg_4049524072177135_IN_AM_DR_DS,49702,91.12%,
2T,VW_DH_TV_VF_nzoth_yogg_cthun_3132858866392559_Mis_IV_DR,49700,91.11%,
2T,VW_DH_TV_VF_nzoth_yogg_cthun_3132799810067951_IN_IV_ME,49698,91.11%,
2T,VW_DH_TV_VF_nzoth_yogg_cthun_3132927652453871_IN_IV_ME,49696,91.10%,
2T,VW_DH_VW_VF_yshaarj_nzoth_yogg_3979696493878767_Mis_IV_ME,49696,91.10%,
2T,VW_DH_TV_VF_nzoth_yogg_cthun_3132791287242223_IN_IV_DR,49695,91.09%,
2T,VW_DH_VW_VF_yshaarj_nzoth_yogg_4049515482242543_Mis_IV_DR,49693,91.09%,
2T,VW_DH_TV_VF_yshaarj_nzoth_cthun_3696298445561327_IN_IV_DR,49685,91.06%,
2T,VW_DH_TV_VF_nzoth_yogg_cthun_3150259925876207_IN_IV_ME_DS,49680,91.04%,
2T,VW_DH_VW_VF_nzoth_yogg_cthun_3150244893482495_IN_IV_DR,49672,91.01%,
2T,VW_DH_VW_VF_nzoth_yogg_cthun_3150313612959215_Mis_AM_DR,49666,90.98%,
2T,VW_DH_TV_VF_nzoth_yogg_cthun_3135004202040815_IN_IV_ME_DS,49665,90.98%,
2T,VW_DH_TV_VF_yshaarj_nzoth_yogg_4049531588369903_IN_AM_DR_DS,49665,90.98%,
2T,VW_DH_VW_VF_yshaarj_nzoth_yogg_3977498611473903_IN_AM_ME,49661,90.97%,
2T,VW_DH_VW_VF_nzoth_yogg_cthun_3150252409675247_IN_AM_DR,49660,90.96%,
2T,VW_DH_TV_VF_nzoth_yogg_cthun_3132858932977135_Mis_IV_ME,49658,90.95%,
2T,VW_DH_TV_VF_nzoth_yogg_cthun_3132942617738735_IN_IV_DR_DS,49655,90.94%,
2T,VW_DH_TV_VF_yshaarj_nzoth_yogg_4049516555984367_IN_AM_DR,49650,90.92%,
2T,VW_DH_VW_VF_yshaarj_nzoth_yogg_3977497470631407_Mis_IV_ME,49645,90.91%,
2T,VW_DH_VW_VF_nzoth_yogg_cthun_3150519771389423_IN_IV_ME,49633,90.86%,
2T,VW_DH_VW_VF_nzoth_yogg_cthun_3132867455802863_Mis_IV_ME,49633,90.86%,
2T,VW_DH_VW_VF_nzoth_yogg_cthun_3150253483417071_IN_IV_ME,49626,90.83%,
2T,VW_DH_VW_VF_yshaarj_nzoth_yogg_3977498544373231_IN_AM_ME,49621,90.81%,
2T,VW_DH_VW_VF_nzoth_yogg_cthun_3150519771389423_IN_IV_DR,49619,90.80%,
2T,VW_DH_TV_VF_nzoth_yogg_cthun_3150244893482495_IN_IV_ME,49616,90.79%,
2T,VW_DH_TV_VF_nzoth_yogg_cthun_3132798736334319_IN_IV_DR,49615,90.79%,
2T,VW_DH_VW_VF_yshaarj_nzoth_yogg_3977513643859439_IN_AM_DR_DS,49609,90.76%,
2T,VW_DH_TV_VF_nzoth_yogg_cthun_3135004269141487_IN_IV_DR_DS,49608,90.76%,
2T,VW_DH_TV_VF_nzoth_yogg_cthun_3132797662584319_IN_IV_DR,49608,90.76%,
2T,VW_DH_VW_VF_yshaarj_nzoth_yogg_3977773422271983_IN_AM_DR,49608,90.76%,
2T,VW_DH_TV_VF_yshaarj_nzoth_yogg_3977497470631407_IN_AM_DR,49605,90.75%,
2T,VW_DH_VW_VF_yshaarj_nzoth_yogg_3977498611473903_IN_AM_DR,49603,90.74%,
2T,VW_DH_TV_VF_yshaarj_nzoth_cthun_3696297371819503_IN_AM_ME,49602,90.74%,
2T,VW_DH_TV_VF_yshaarj_nzoth_yogg_3977513643859439_IN_IV_DR_DS,49600,90.73%,
2T,VW_DH_TV_VF_nzoth_yogg_cthun_3150244893482495_IN_IV_DR,49593,90.70%,
2T,VW_DH_VW_VF_yshaarj_nzoth_yogg_3977498544365055_IN_AM_ME,49588,90.68%,
2T,VW_DH_VW_VF_nzoth_yogg_cthun_3132858865876463_Mis_IV_DR,49586,90.68%,
2T,VW_DH_VW_VF_nzoth_yogg_cthun_3150518697647599_IN_AM_DR,49585,90.67%,
2T,VW_DH_TV_VF_yshaarj_nzoth_yogg_3979697567620591_IN_AM_ME,49581,90.66%,
2T,VW_DH_VW_VF_yshaarj_nzoth_yogg_3977498544365055_IN_AM_DR,49574,90.63%,
2T,VW_DH_TV_VF_nzoth_yogg_cthun_3132791220657647_IN_IV_ME,49569,90.61%,
2T,VW_DH_VW_VF_nzoth_yogg_cthun_3132927652453871_IN_IV_ME,49566,90.60%,
2T,VW_DH_VW_VF_yshaarj_nzoth_cthun_3768322899631599_IN_AM_ME_DS,49563,90.59%,
2T,VW_DH_TV_VF_nzoth_yogg_cthun_3132797663108591_IN_IV_DR,49560,90.58%,
2T,VW_DH_TV_VF_nzoth_yogg_cthun_3150243819748847_IN_AM_ME,49558,90.57%,
2T,VW_DH_VW_VF_nzoth_yogg_cthun_3150268515802607_IN_IV_DR_DS,49555,90.56%,
2T,VW_DH_TV_VF_nzoth_yogg_cthun_3132867455802863_Mis_IV_ME,49554,90.55%,
2T,VW_DH_TV_VF_yshaarj_nzoth_yogg_3977513576758767_IN_IV_ME_DS,49552,90.55%,
2T,VW_DH_TV_VF_yshaarj_nzoth_yogg_3977497470623231_IN_AM_ME,49551,90.54%,
2T,VW_DH_VW_VF_nzoth_yogg_cthun_3150313612959215_Mis_AM_ME,49545,90.52%,
2T,VW_DH_TV_VF_yshaarj_nzoth_yogg_3977497537732079_IN_AM_DR,49545,90.52%,
2T,VW_DH_VW_VF_nzoth_yogg_cthun_3132799810067951_IN_IV_ME,49543,90.51%,
2T,VW_DH_TV_VF_nzoth_yogg_cthun_3152458949123567_IN_AM_DR_DS,49540,90.50%,
2T,VW_DH_TV_VF_nzoth_yogg_cthun_3132791220133375_IN_IV_ME,49536,90.49%,
2T,VW_DH_VW_VF_yshaarj_nzoth_yogg_3977497537732079_Mis_IV_DR,49533,90.47%,
2T,VW_DH_VW_VF_nzoth_yogg_cthun_3135004202040815_IN_IV_DR_DS,49532,90.47%,
2T,VW_DH_VW_VF_nzoth_yogg_cthun_3150243886849519_IN_AM_ME,49532,90.47%,
2T,VW_DH_VW_VF_nzoth_yogg_cthun_3132799810067951_IN_IV_DR,49531,90.47%,
2T,VW_DH_VW_VF_nzoth_yogg_cthun_3150259992976879_IN_IV_ME_DS,49530,90.46%,
2T,VW_DH_TV_VF_yshaarj_nzoth_yogg_3977498544889327_IN_IV_ME,49529,90.46%,
2T,VW_DH_TV_VF_yshaarj_nzoth_yogg_4049522998959599_IN_IV_DR_DS,49528,90.46%,
2T,VW_DH_TV_VF_nzoth_yogg_cthun_3132943691472367_IN_IV_ME_DS,49524,90.44%,
2T,VW_DH_VW_VF_yshaarj_nzoth_yogg_3977773422271983_IN_AM_ME,49524,90.44%,
2T,VW_DH_VW_VF_nzoth_yogg_cthun_3132858932977135_Mis_IV_ME,49519,90.42%,
2T,VW_DH_VW_VF_nzoth_yogg_cthun_3150534803774959_IN_IV_ME_DS,49519,90.42%,
2T,VW_DH_TV_VF_nzoth_yogg_cthun_3150518697647599_IN_AM_DR,49518,90.41%,
2T,VW_DH_TV_VF_nzoth_yogg_cthun_3132942684839407_IN_IV_DR_DS,49515,90.41%,
2T,VW_DH_VW_VF_nzoth_yogg_cthun_3150243819740671_IN_AM_DR,49513,90.40%,
2T,VW_DH_VW_VF_nzoth_yogg_cthun_3132806252527087_IN_IV_DR_DS,49507,90.37%,
2T,VW_DH_TV_VF_nzoth_yogg_cthun_3135004269141487_IN_IV_ME_DS,49504,90.36%,
2T,VW_DH_VW_VF_nzoth_yogg_cthun_3132927652453871_IN_IV_DR,49502,90.35%,
2T,VW_DH_VW_VF_nzoth_yogg_cthun_3132943691472367_IN_IV_ME_DS,49501,90.35%,
2T,VW_DH_VW_VF_nzoth_yogg_cthun_3132927585353199_IN_IV_DR,49498,90.34%,
2T,VW_DH_TV_VF_nzoth_yogg_cthun_3132806319627759_IN_IV_ME_DS,49496,90.33%,
2T,VW_DH_VW_VF_yshaarj_nzoth_cthun_3696297371819503_Mis_IV_DR,49494,90.32%,
2T,VW_DH_TV_VF_nzoth_yogg_cthun_3134996685839855_IN_AM_DR,49494,90.32%,
2T,VW_DH_VW_VF_yshaarj_nzoth_yogg_3977498544889327_IN_AM_ME,49488,90.30%,
2T,VW_DH_TV_VF_nzoth_yogg_cthun_3150243819740671_IN_AM_DR,49487,90.30%,
2T,VW_DH_TV_VF_nzoth_yogg_cthun_3132797663108591_IN_IV_ME,49476,90.25%,
2T,VW_DH_VW_VF_nzoth_yogg_cthun_3132927585353199_IN_IV_ME,49473,90.24%,
2T,VW_DH_VW_VF_nzoth_yogg_cthun_3134996685839855_IN_AM_DR,49470,90.23%,
2T,VW_DH_VW_VF_nzoth_yogg_cthun_3135004269141487_IN_IV_ME_DS,49470,90.23%,
2T,VW_DH_VW_VF_yshaarj_nzoth_yogg_3977515724234223_IN_AM_ME_DS,49465,90.21%,
2T,VW_DH_TV_VF_yshaarj_nzoth_yogg_4049525145918959_IN_IV_DR_DS,49459,90.19%,
2T,VW_DH_TV_VF_nzoth_yogg_cthun_3135006349516271_IN_IV_ME_DS,49459,90.19%,
2T,VW_DH_TV_VF_nzoth_yogg_cthun_3150243886849519_Mis_IV_DR,49456,90.18%,
2T,VW_DH_VW_VF_nzoth_yogg_cthun_3132943691472367_IN_IV_DR_DS,49456,90.18%,
2T,VW_DH_VW_VF_nzoth_yogg_cthun_3150244894006767_IN_IV_ME,49454,90.17%,
2T,VW_DH_VW_VF_nzoth_yogg_cthun_3132858932977135_Mis_IV_DR,49454,90.17%,
2T,VW_DH_TV_VF_nzoth_yogg_cthun_3132926511611375_IN_AM_DR,49454,90.17%,
2T,VW_DH_VW_VF_nzoth_yogg_cthun_3134996685839855_IN_AM_ME,49448,90.15%,
2T,VW_DH_TV_VF_nzoth_yogg_cthun_3150252409675247_IN_AM_ME,49447,90.14%,
2T,VW_DH_VW_VF_nzoth_yogg_cthun_3150259925876207_IN_IV_ME_DS,49447,90.14%,
2T,VW_DH_TV_VF_nzoth_yogg_cthun_3150262073351663_IN_IV_DR_DS,49445,90.14%,
2T,VW_DH_TV_VF_yshaarj_nzoth_yogg_3977497470631407_IN_AM_ME,49443,90.13%,
2T,VW_DH_TV_VF_yshaarj_nzoth_yogg_3977513576750591_IN_IV_ME_DS,49442,90.12%,
2T,VW_DH_TV_VF_nzoth_yogg_cthun_3132806252527087_IN_IV_ME_DS,49440,90.12%,
2T,VW_DH_VW_VF_nzoth_yogg_cthun_3132936175279599_IN_IV_ME,49431,90.08%,
2T,VW_DH_VW_VF_nzoth_yogg_cthun_3150243820264943_IN_AM_DR,49430,90.08%,
2T,VW_DH_VW_VF_yshaarj_nzoth_yogg_4049660437388783_IN_AM_ME_DS,49426,90.06%,
2T,VW_DH_TV_VF_nzoth_yogg_cthun_3132858932977135_Mis_IV_DR,49425,90.06%,
2T,VW_DH_TV_VF_yshaarj_nzoth_yogg_3977513576750591_IN_IV_DR_DS,49424,90.05%,
2T,VW_DH_VW_VF_nzoth_yogg_cthun_3132791287242223_IN_IV_DR,49424,90.05%,
2T,VW_DH_VW_VF_nzoth_yogg_cthun_3150245967224303_IN_AM_DR,49423,90.05%,
2T,VW_DH_TV_VF_yshaarj_nzoth_yogg_3977515724234223_IN_IV_ME_DS,49420,90.04%,
2T,VW_DH_VW_VF_nzoth_yogg_cthun_3132858866392559_Mis_IV_ME,49408,89.99%,
2T,VW_DH_TV_VF_nzoth_yogg_cthun_3135012791967215_IN_IV_DR_DS,49407,89.99%,
2T,VW_DH_VW_VF_nzoth_yogg_cthun_3150252409675247_IN_AM_ME,49403,89.97%,
2T,VW_DH_TV_VF_nzoth_yogg_cthun_3150244960591343_IN_AM_DR,49394,89.94%,
2T,VW_DH_TV_VF_nzoth_yogg_cthun_3132814842453487_IN_IV_ME_DS,49393,89.94%,
2T,VW_DH_VW_VF_nzoth_yogg_cthun_3150244894006767_IN_IV_DR,49393,89.94%,
2T,VW_DH_VW_VF_yshaarj_nzoth_yogg_4049522998443503_IN_AM_DR_DS,49391,89.93%,
2T,VW_DH_TV_VF_nzoth_yogg_cthun_3132936175279599_IN_IV_DR,49391,89.93%,
2T,VW_DH_VW_VF_nzoth_yogg_cthun_3132797663108591_IN_IV_ME,49389,89.92%,
2T,VW_DH_VW_VF_yshaarj_nzoth_cthun_3696297371819503_Mis_IV_ME,49384,89.90%,
2T,VW_DH_TV_VF_yshaarj_nzoth_yogg_3977788454657519_IN_IV_ME_DS,49381,89.89%,
2T,VW_DH_VW_VF_nzoth_yogg_cthun_3132791220657647_IN_IV_ME,49378,89.88%,
2T,VW_DH_TV_VF_nzoth_yogg_cthun_3132806319627759_IN_IV_DR_DS,49378,89.88%,
2T,VW_DH_TV_VF_yshaarj_nzoth_yogg_3977773422271983_IN_IV_DR,49378,89.88%,
2T,VW_DH_VW_VF_nzoth_yogg_cthun_3135012791967215_IN_IV_DR_DS,49372,89.86%,
2T,VW_DH_TV_VF_nzoth_yogg_cthun_3150259925868031_IN_IV_DR_DS,49371,89.85%,
2T,VW_DH_VW_VF_nzoth_yogg_cthun_3150243819748847_Mis_IV_DR,49370,89.84%,
2T,VW_DH_TV_VF_yshaarj_nzoth_yogg_3979697567620591_IN_AM_DR,49368,89.84%,
2T,VW_DH_TV_VF_nzoth_yogg_cthun_3132951207665135_IN_IV_DR_DS,49366,89.83%,
2T,VW_DH_VW_VF_yshaarj_nzoth_yogg_3977513576758767_IN_AM_ME_DS,49362,89.82%,
2T,VW_DH_TV_VF_yshaarj_nzoth_yogg_3977635983318511_IN_AM_ME,49362,89.82%,
2T,VW_DH_VW_VF_nzoth_yogg_cthun_3132791220133375_IN_IV_ME,49360,89.81%,
2T,VW_DH_TV_VF_yshaarj_nzoth_yogg_4049525145918959_IN_IV_ME_DS,49356,89.79%,
2T,VW_DH_VW_VF_nzoth_yogg_cthun_3150534803774959_IN_IV_DR_DS,49356,89.79%,
2T,VW_DH_TV_VF_nzoth_yogg_cthun_3132814842453487_IN_IV_DR_DS,49354,89.79%,
2T,VW_DH_VW_VF_yshaarj_nzoth_yogg_3977788454657519_IN_AM_DR_DS,49348,89.76%,
2T,VW_DH_TV_VF_nzoth_yogg_cthun_3150268515802607_IN_IV_ME_DS,49345,89.75%,
2T,VW_DH_TV_VF_yshaarj_nzoth_yogg_3977498544365055_IN_IV_DR,49342,89.74%,
2T,VW_DH_VW_VF_nzoth_yogg_cthun_3132814842453487_IN_IV_ME_DS,49339,89.73%,
2T,VW_DH_TV_VF_yshaarj_nzoth_yogg_3977497537732079_IN_AM_ME,49335,89.71%,
2T,VW_DH_VW_VF_yshaarj_nzoth_yogg_3977513576750591_IN_AM_ME_DS,49334,89.71%,
2T,VW_DH_VW_VF_nzoth_yogg_cthun_3135006349516271_IN_IV_ME_DS,49333,89.71%,
2T,VW_DH_VW_VF_nzoth_yogg_cthun_3150268515802607_IN_IV_ME_DS,49333,89.70%,
2T,VW_DH_TV_VF_nzoth_yogg_cthun_3135005275774447_IN_AM_DR_DS,49333,89.70%,
2T,VW_DH_VW_VF_nzoth_yogg_cthun_3132942617738735_IN_IV_DR_DS,49324,89.67%,
2T,VW_DH_TV_VF_nzoth_yogg_cthun_3132791220133375_IN_IV_DR,49323,89.67%,
2T,VW_DH_TV_VF_nzoth_yogg_cthun_3132926578712047_IN_AM_ME,49321,89.66%,
2T,VW_DH_TV_VF_nzoth_yogg_cthun_3133347418398191_IN_IV_ME,49317,89.64%,
2T,VW_DH_TV_VF_yshaarj_nzoth_yogg_3977499618106863_IN_AM_ME,49317,89.64%,
2T,VW_DH_TV_VF_nzoth_yogg_cthun_3150534803774959_IN_IV_ME_DS,49316,89.64%,
2T,VW_DH_VW_VF_yshaarj_nzoth_yogg_3977497537732079_Mis_IV_ME,49315,89.64%,
2T,VW_DH_TV_VF_nzoth_yogg_cthun_3132927585345023_IN_IV_DR,49306,89.60%,
2T,VW_DH_VW_VF_nzoth_yogg_cthun_3135004269141487_IN_IV_DR_DS,49306,89.60%,
2T,VW_DH_TV_VF_nzoth_yogg_cthun_3150259926392303_IN_IV_DR_DS,49305,89.60%,
2T,VW_DH_TV_VF_nzoth_yogg_cthun_3150262073351663_IN_IV_ME_DS,49301,89.58%,
2T,VW_DH_TV_VF_yshaarj_nzoth_yogg_4049515482242543_Mis_IV_DR,49300,89.58%,
2T,VW_DH_TV_VF_nzoth_yogg_cthun_3132798803434991_IN_IV_ME,49295,89.56%,
2T,VW_DH_TV_VF_yshaarj_nzoth_yogg_4049531588369903_IN_AM_ME_DS,49290,89.54%,
2T,VW_DH_TV_VF_yshaarj_nzoth_yogg_3977515724234223_IN_IV_DR_DS,49289,89.54%,
2T,VW_DH_VW_VF_nzoth_yogg_cthun_3132858866392559_Mis_IV_DR,49289,89.53%,
2T,VW_DH_TV_VF_nzoth_yogg_cthun_3132935101537775_IN_AM_DR,49288,89.53%,
2T,VW_DH_TV_VF_nzoth_yogg_cthun_3132942684839407_IN_IV_ME_DS,49288,89.53%,
2T,VW_DH_VW_VF_nzoth_yogg_cthun_3132806252527087_IN_IV_ME_DS,49283,89.51%,
2T,VW_DH_VW_VF_nzoth_yogg_cthun_3132797662584319_IN_IV_ME,49279,89.50%,
2T,VW_DH_VW_VF_yshaarj_nzoth_yogg_3977513576750591_IN_AM_DR_DS,49277,89.49%,
2T,VW_DH_VW_VF_nzoth_yogg_cthun_3150259925868031_IN_IV_DR_DS,49277,89.49%,
2T,VW_DH_TV_VF_nzoth_yogg_cthun_3150245967224303_IN_AM_ME,49276,89.48%,
2T,VW_DH_VW_VF_yshaarj_nzoth_yogg_4049797876342255_IN_AM_DR_DS,49275,89.48%,
2T,VW_DH_TV_VF_yshaarj_nzoth_yogg_4049522998435327_IN_IV_ME_DS,49266,89.45%,
2T,VW_DH_VW_VF_nzoth_yogg_cthun_3132791220657647_IN_IV_DR,49264,89.44%,
2T,VW_DH_VW_VF_nzoth_yogg_cthun_3132797663108591_IN_IV_DR,49262,89.43%,
2T,VW_DH_TV_VF_yshaarj_nzoth_yogg_3977772348530159_IN_AM_DR,49262,89.43%,
2T,VW_DH_TV_VF_yshaarj_nzoth_yogg_3977499618106863_IN_AM_DR,49259,89.42%,
2T,VW_DH_VW_VF_nzoth_yogg_cthun_3132798736334319_IN_IV_DR,49258,89.41%,
2T,VW_DH_TV_VF_yshaarj_nzoth_yogg_3979712600006127_IN_AM_ME_DS,49257,89.41%,
2T,VW_DH_VW_VF_nzoth_yogg_cthun_3132926511611375_IN_AM_DR,49256,89.41%,
2T,VW_DH_TV_VF_yshaarj_nzoth_yogg_4049522998435327_IN_IV_DR_DS,49255,89.40%,
2T,VW_DH_TV_VF_nzoth_yogg_cthun_3132927585869295_IN_IV_DR,49246,89.37%,
2T,VW_DH_VW_VF_yshaarj_nzoth_yogg_4049523065544175_IN_AM_DR_DS,49245,89.37%,
2T,VW_DH_TV_VF_yshaarj_nzoth_yogg_4049522998959599_IN_IV_ME_DS,49239,89.34%,
2T,VW_DH_TV_VF_yshaarj_nzoth_yogg_3977513577274863_IN_IV_ME_DS,49235,89.33%,
2T,VW_DH_TV_VF_yshaarj_nzoth_yogg_3977788454657519_IN_IV_DR_DS,49234,89.33%,
2T,VW_DH_TV_VF_nzoth_yogg_cthun_3132951207665135_IN_IV_ME_DS,49234,89.32%,
2T,VW_DH_TV_VF_nzoth_yogg_cthun_3135012791967215_IN_IV_ME_DS,49232,89.32%,
2T,VW_DH_VW_VF_nzoth_yogg_cthun_3132867455802863_Mis_IV_DR,49224,89.28%,
2T,VW_DH_VW_VF_yshaarj_nzoth_yogg_3977498544889327_IN_AM_DR,49224,89.28%,
2T,VW_DH_VW_VF_nzoth_yogg_cthun_3135012791967215_IN_IV_ME_DS,49221,89.27%,
2T,VW_DH_VW_VF_nzoth_yogg_cthun_3132797662584319_IN_IV_DR,49217,89.26%,
2T,VW_DH_VW_VF_yshaarj_nzoth_yogg_3977497470623231_Mis_IV_DR,49216,89.25%,
2T,VW_DH_TV_VF_nzoth_yogg_cthun_3150243886849519_Mis_IV_ME,49210,89.23%,
2T,VW_DH_VW_VF_nzoth_yogg_cthun_3152458949123567_IN_AM_DR_DS,49203,89.20%,
2T,VW_DH_VW_VF_nzoth_yogg_cthun_3150245967224303_IN_AM_ME,49198,89.19%,
2T,VW_DH_TV_VF_nzoth_yogg_cthun_3132926511603199_IN_AM_DR,49196,89.18%,
2T,VW_DH_VW_VF_yshaarj_nzoth_yogg_3977635983318511_Mis_IV_ME,49192,89.16%,
2T,VW_DH_TV_VF_yshaarj_nzoth_yogg_4049524072177135_IN_AM_DR_DS,49190,89.15%,
2T,VW_DH_TV_VF_yshaarj_nzoth_yogg_3979712600006127_IN_AM_DR_DS,49187,89.14%,
2T,VW_DH_TV_VF_nzoth_yogg_cthun_3132935101537775_IN_AM_ME,49184,89.13%,
2T,VW_DH_VW_VF_nzoth_yogg_cthun_3150244893482495_IN_IV_ME,49180,89.12%,
2T,VW_DH_VW_VF_nzoth_yogg_cthun_3150262073351663_IN_IV_DR_DS,49165,89.06%,
2T,VW_DH_VW_VF_nzoth_yogg_cthun_3132858865868287_Mis_IV_ME,49161,89.04%,
2T,VW_DH_TV_VF_nzoth_yogg_cthun_3132927585869295_IN_IV_ME,49157,89.03%,
2T,VW_DH_TV_VF_yshaarj_nzoth_cthun_3696298445561327_IN_AM_ME,49156,89.02%,
2T,VW_DH_TV_VF_nzoth_yogg_cthun_3132791220657647_IN_IV_DR,49155,89.02%,
2T,VW_DH_VW_VF_yshaarj_nzoth_yogg_3977513577274863_IN_AM_ME_DS,49149,89.00%,
2T,VW_DH_TV_VF_nzoth_yogg_cthun_3150259926392303_IN_IV_ME_DS,49148,88.99%,
2T,VW_DH_TV_VF_nzoth_yogg_cthun_3135004202032639_IN_IV_ME_DS,49147,88.99%,
2T,VW_DH_VW_VF_nzoth_yogg_cthun_3132926578712047_IN_AM_ME,49144,88.98%,
2T,VW_DH_VW_VF_nzoth_yogg_cthun_3150259925868031_IN_IV_ME_DS,49140,88.96%,
2T,VW_DH_TV_VF_nzoth_yogg_cthun_3150243819740671_IN_AM_ME,49139,88.96%,
2T,VW_DH_TV_VF_yshaarj_nzoth_yogg_3977497471147503_IN_AM_ME,49134,88.94%,
2T,VW_DH_VW_VF_nzoth_yogg_cthun_3150243819748847_IN_AM_ME,49133,88.94%,
2T,VW_DH_TV_VF_nzoth_yogg_cthun_3150518697647599_IN_AM_ME,49131,88.93%,
2T,VW_DH_VW_VF_nzoth_yogg_cthun_3150518697647599_IN_AM_ME,49128,88.92%,
2T,VW_DH_TV_VF_nzoth_yogg_cthun_3132867455802863_Mis_IV_DR,49127,88.91%,
2T,VW_DH_VW_VF_nzoth_yogg_cthun_3150260999609839_IN_AM_DR_DS,49125,88.90%,
2T,VW_DH_TV_VF_nzoth_yogg_cthun_3150518697647599_Mis_IV_DR,49122,88.89%,
2T,VW_DH_VW_VF_yshaarj_nzoth_yogg_3979697567620591_Mis_IV_DR,49117,88.87%,
2T,VW_DH_TV_VF_nzoth_yogg_cthun_3135006349516271_IN_IV_DR_DS,49116,88.87%,
2T,VW_DH_VW_VF_nzoth_yogg_cthun_3132942684839407_IN_IV_ME_DS,49113,88.86%,
2T,VW_DH_VW_VF_yshaarj_nzoth_yogg_3977635983318511_Mis_IV_DR,49112,88.85%,
2T,VW_DH_VW_VF_yshaarj_nzoth_yogg_3979697567620591_Mis_IV_ME,49107,88.83%,
2T,VW_DH_TV_VF_nzoth_yogg_cthun_3132797662592495_IN_AM_DR,49104,88.82%,
2T,VW_DH_VW_VF_nzoth_yogg_cthun_3132791220133375_IN_IV_DR,49103,88.82%,
2T,VW_DH_TV_VF_yshaarj_nzoth_yogg_4049524072177135_IN_AM_ME_DS,49103,88.82%,
2T,VW_DH_VW_VF_nzoth_yogg_cthun_3132927585345023_IN_IV_DR,49100,88.81%,
2T,VW_DH_VW_VF_yshaarj_nzoth_yogg_3977515724234223_IN_AM_DR_DS,49099,88.80%,
2T,VW_DH_VW_VF_nzoth_yogg_cthun_3150259926392303_IN_IV_DR_DS,49097,88.80%,
2T,VW_DH_VW_VF_nzoth_yogg_cthun_3132806319627759_IN_IV_DR_DS,49096,88.79%,
2T,VW_DH_TV_VF_yshaarj_nzoth_yogg_3977772348530159_IN_AM_ME,49094,88.79%,
2T,VW_DH_TV_VF_nzoth_yogg_cthun_3132798736334319_IN_IV_ME,49093,88.78%,
2T,VW_DH_VW_VF_nzoth_yogg_cthun_3132806319627759_IN_IV_ME_DS,49088,88.76%,
2T,VW_DH_VW_VF_nzoth_yogg_cthun_3133348492140015_IN_IV_ME,49087,88.76%,
2T,VW_DH_TV_VF_nzoth_yogg_cthun_3132859939610095_Mis_AM_DR,49086,88.75%,
2T,VW_DH_TV_VF_nzoth_yogg_cthun_3132942617738735_IN_IV_ME_DS,49082,88.74%,
2T,VW_DH_TV_VF_nzoth_yogg_cthun_3132926512127471_IN_AM_DR,49078,88.72%,
2T,VW_DH_TV_VF_nzoth_yogg_cthun_3132876045737455_Mis_IV_ME_DS,49076,88.72%,
2T,VW_DH_VW_VF_yshaarj_nzoth_yogg_4049523065544175_IN_AM_ME_DS,49076,88.71%,
2T,VW_DH_VW_VF_nzoth_yogg_cthun_3150243819740671_IN_AM_ME,49076,88.71%,
2T,VW_DH_TV_VF_yshaarj_nzoth_yogg_3977514650492399_IN_AM_DR_DS,49075,88.71%,
2T,VW_DH_VW_VF_nzoth_yogg_cthun_3135004202040815_IN_IV_ME_DS,49073,88.70%,
2T,VW_DH_TV_VF_nzoth_yogg_cthun_3132926511611375_IN_AM_ME,49072,88.70%,
2T,VW_DH_TV_VF_yshaarj_nzoth_yogg_4049660437388783_IN_AM_DR_DS,49072,88.70%,
2T,VW_DH_VW_VF_yshaarj_nzoth_yogg_3977497470623231_Mis_IV_ME,49071,88.70%,
2T,VW_DH_VW_VF_yshaarj_nzoth_yogg_3977772348530159_Mis_IV_ME,49071,88.70%,
2T,VW_DH_TV_VF_nzoth_yogg_cthun_3150260999609839_IN_AM_DR_DS,49066,88.68%,
2T,VW_DH_TV_VF_nzoth_yogg_cthun_3132927585345023_IN_IV_ME,49060,88.66%,
2T,VW_DH_VW_VF_nzoth_yogg_cthun_3132926578712047_IN_AM_DR,49058,88.65%,
2T,VW_DH_VW_VF_nzoth_yogg_cthun_3132926511611375_IN_AM_ME,49057,88.64%,
2T,VW_DH_TV_VF_nzoth_yogg_cthun_3150243819748847_Mis_IV_ME,49052,88.62%,
2T,VW_DH_TV_VF_yshaarj_nzoth_yogg_3977498544889327_IN_IV_DR,49051,88.62%,
2T,VW_DH_VW_VF_nzoth_yogg_cthun_3132935101537775_IN_AM_DR,49045,88.60%,
2T,VW_DH_VW_VF_nzoth_yogg_cthun_3132928659086831_IN_AM_DR,49043,88.59%,
2T,VW_DH_TV_VF_nzoth_yogg_cthun_3132942617730559_IN_IV_DR_DS,49043,88.59%,
2T,VW_DH_TV_VF_yshaarj_nzoth_yogg_3977513577274863_IN_IV_DR_DS,49041,88.58%,
2T,VW_DH_VW_VF_nzoth_yogg_cthun_3132942617738735_IN_IV_ME_DS,49040,88.58%,
2T,VW_DH_VW_VF_yshaarj_nzoth_yogg_3977651015704047_Mis_IV_DR_DS,49039,88.57%,
2T,VW_DH_VW_VF_yshaarj_nzoth_yogg_3977514650492399_Mis_IV_ME_DS,49036,88.56%,
2T,VW_DH_TV_VF_nzoth_yogg_cthun_3132808400002543_IN_IV_DR_DS,49036,88.56%,
2T,VW_DH_TV_VF_nzoth_yogg_cthun_3150244893490671_IN_AM_DR,49034,88.56%,
2T,VW_DH_VW_VF_nzoth_yogg_cthun_3132936175279599_IN_IV_DR,49033,88.55%,
2T,VW_DH_TV_VF_yshaarj_nzoth_yogg_3977514650492399_IN_AM_ME_DS,49030,88.54%,
2T,VW_DH_VW_VF_yshaarj_nzoth_yogg_3977651015704047_Mis_IV_ME_DS,49027,88.53%,
2T,VW_DH_TV_VF_yshaarj_nzoth_cthun_3696298445561327_IN_AM_DR,49027,88.53%,
2T,VW_DH_VW_VF_nzoth_yogg_cthun_3150262073351663_IN_IV_ME_DS,49027,88.53%,
2T,VW_DH_VW_VF_yshaarj_nzoth_yogg_3977567263842285_IN_IV_ME,49027,88.53%,
2T,VW_DH_TV_VF_nzoth_yogg_cthun_3132858865868287_Mis_IV_ME,49024,88.52%,
2T,VW_DH_VW_VF_nzoth_yogg_cthun_3132858865868287_Mis_IV_DR,49024,88.52%,
2T,VW_DH_TV_VF_nzoth_yogg_cthun_3132996304821743_Mis_AM_DR,49022,88.51%,
2T,VW_DH_TV_VF_nzoth_yogg_cthun_3135004202032639_IN_IV_DR_DS,49014,88.48%,
2T,VW_DH_TV_VF_nzoth_yogg_cthun_3132808400002543_IN_IV_ME_DS,49010,88.46%,
2T,VW_DH_TV_VF_nzoth_yogg_cthun_3132942618254831_IN_IV_DR_DS,49009,88.46%,
2T,VW_DH_TV_VF_nzoth_yogg_cthun_3150244960591343_IN_AM_ME,49009,88.46%,
2T,VW_DH_VW_VF_nzoth_yogg_cthun_3132942684839407_IN_IV_DR_DS,49007,88.45%,
2T,VW_DH_TV_VF_nzoth_yogg_cthun_3132858865868287_Mis_IV_DR,49001,88.43%,
2T,VW_DH_VW_VF_nzoth_yogg_cthun_3132814842453487_IN_IV_DR_DS,48997,88.41%,
2T,VW_DH_TV_VF_nzoth_yogg_cthun_3150259925868031_IN_IV_ME_DS,48994,88.40%,
2T,VW_DH_VW_VF_yshaarj_nzoth_yogg_4049797876342255_IN_AM_ME_DS,48994,88.40%,
2T,VW_DH_TV_VF_nzoth_yogg_cthun_3132798803434991_IN_IV_DR,48991,88.39%,
2T,VW_DH_VW_VF_nzoth_yogg_cthun_3150243886849519_Mis_IV_DR,48989,88.38%,
2T,VW_DH_TV_VF_nzoth_yogg_cthun_3150243820264943_IN_AM_ME,48986,88.37%,
2T,VW_DH_TV_VF_nzoth_yogg_cthun_3132928659086831_IN_AM_DR,48983,88.36%,
2T,VW_DH_TV_VF_nzoth_yogg_cthun_3135004202556911_IN_IV_ME_DS,48979,88.34%,
2T,VW_DH_TV_VF_nzoth_yogg_cthun_3132813835820527_IN_IV_DR_DS,48971,88.31%,
2T,AR_EC_VF_nzoth_yogg_cthun_3150313537527279_IN_IV_DR,48968,88.30%,
2T,VW_DH_TV_VF_nzoth_yogg_cthun_3150243819740671_Mis_IV_DR,48965,88.29%,
2T,VW_DH_TV_VF_nzoth_yogg_cthun_3152458949123567_IN_AM_ME_DS,48962,88.28%,
2T,VW_DH_VW_VF_nzoth_yogg_cthun_3132797662592495_IN_AM_DR,48961,88.27%,
2T,VW_DH_VW_VF_yshaarj_nzoth_yogg_3977513577274863_IN_AM_DR_DS,48961,88.27%,
2T,VW_DH_TV_VF_yshaarj_nzoth_yogg_4049515482242543_Mis_IV_ME,48951,88.23%,
2T,VW_DH_TV_VF_nzoth_yogg_cthun_3132944765214191_IN_IV_DR_DS,48951,88.23%,
2T,VW_DH_VW_VF_nzoth_yogg_cthun_3132798803434991_IN_IV_ME,48946,88.22%,
2T,VW_DH_TV_VF_nzoth_yogg_cthun_3132859939610095_Mis_AM_ME,48941,88.20%,
2T,VW_DH_TV_VF_yshaarj_nzoth_yogg_3977567263841775_Mis_AM_DR,48940,88.19%,
2T,VW_DH_TV_VF_yshaarj_nzoth_yogg_3977651015704047_IN_AM_DR_DS,48939,88.19%,
2T,VW_DH_VW_VF_yshaarj_nzoth_yogg_3979696493878767_Mis_AM_ME,48938,88.19%,
2T,VW_DH_TV_VF_nzoth_yogg_cthun_3132944765214191_IN_IV_ME_DS,48937,88.18%,
2T,VW_DH_TV_VF_nzoth_yogg_cthun_3132926511611375_Mis_IV_DR,48934,88.17%,
2T,VW_DH_VW_VF_nzoth_yogg_cthun_3135006349516271_IN_IV_DR_DS,48933,88.17%,
2T,VW_DH_TV_VF_nzoth_yogg_cthun_3132926511603199_IN_AM_ME,48929,88.15%,
2T,VW_DH_VW_VF_nzoth_yogg_cthun_3150244893490671_IN_AM_DR,48925,88.14%,
2T,VW_DH_VW_VF_nzoth_yogg_cthun_3135004202556911_IN_IV_ME_DS,48921,88.12%,
2T,VW_DH_TV_VF_yshaarj_nzoth_cthun_3768322899631599_IN_AM_DR_DS,48913,88.09%,
2T,VW_DH_VW_VF_nzoth_yogg_cthun_3132926511603199_IN_AM_DR,48910,88.08%,
2T,VW_DH_VW_VF_nzoth_yogg_cthun_3132944765214191_IN_IV_ME_DS,48909,88.08%,
2T,VW_DH_TV_VF_nzoth_yogg_cthun_3132813768719855_IN_IV_DR_DS,48905,88.06%,
2T,VW_DH_VW_VF_nzoth_yogg_cthun_3150259926392303_IN_IV_ME_DS,48903,88.05%,
2T,VW_DH_VW_VF_nzoth_yogg_cthun_3132927585869295_IN_IV_ME,48901,88.04%,
2T,VW_DH_TV_VF_nzoth_yogg_cthun_3150519771389423_IN_AM_DR,48896,88.03%,
2T,VW_DH_VW_VF_yshaarj_nzoth_yogg_3977772348530159_Mis_IV_DR,48895,88.02%,
2T,VW_DH_TV_VF_nzoth_yogg_cthun_3135004202556911_IN_IV_DR_DS,48892,88.01%,
2T,VW_DH_VW_VF_yshaarj_nzoth_yogg_4049516555984367_Mis_IV_DR,48892,88.01%,
2T,VW_DH_TV_VF_nzoth_yogg_cthun_3132928659086831_IN_AM_ME,48891,88.01%,
2T,VW_DH_VW_VF_nzoth_yogg_cthun_3133363524525551_IN_IV_ME_DS,48890,88.00%,
2T,VW_DH_TV_VF_nzoth_yogg_cthun_3132996304821743_Mis_AM_ME,48883,87.97%,
2T,VW_DH_TV_VF_yshaarj_nzoth_yogg_3977635983318511_IN_AM_DR,48881,87.97%,
2T,VW_DH_TV_VF_nzoth_yogg_cthun_3205372946210287_IN_AM_DR_DS,48881,87.96%,
2T,VW_DH_VW_VF_nzoth_yogg_cthun_3132808400002543_IN_IV_DR_DS,48876,87.95%,
2T,VW_DH_VW_VF_nzoth_yogg_cthun_3132951207665135_IN_IV_ME_DS,48874,87.94%,
2T,VW_DH_TV_VF_nzoth_yogg_cthun_3205372946210287_IN_AM_ME_DS,48872,87.93%,
2T,VW_DH_TV_VF_nzoth_yogg_cthun_3132813768719855_IN_IV_ME_DS,48863,87.90%,
2T,VW_DH_VW_VF_nzoth_yogg_cthun_3150244960591343_IN_AM_DR,48858,87.88%,
2T,VW_DH_TV_VF_yshaarj_nzoth_yogg_3979696493878767_Mis_IV_DR,48857,87.87%,
2T,VW_DH_TV_VF_nzoth_yogg_cthun_3150260999609839_IN_AM_ME_DS,48856,87.87%,
2T,VW_DH_VW_VF_nzoth_yogg_cthun_3150243819748847_Mis_IV_ME,48852,87.85%,
2T,VW_DH_TV_VF_nzoth_yogg_cthun_3150252409675247_Mis_IV_DR,48849,87.84%,
2T,VW_DH_VW_VF_nzoth_yogg_cthun_3132876045737455_Mis_IV_ME_DS,48849,87.84%,
2T,VW_DH_VW_VF_nzoth_yogg_cthun_3135005275774447_IN_AM_ME_DS,48844,87.82%,
2T,VW_DH_TV_VF_nzoth_yogg_cthun_3132806252518911_IN_IV_DR_DS,48844,87.82%,
2T,VW_DH_VW_VF_nzoth_yogg_cthun_3135004202032639_IN_IV_ME_DS,48843,87.82%,
2T,VW_DH_VW_VF_yshaarj_nzoth_yogg_3977497470631407_Mis_AM_DR,48840,87.81%,
2T,VW_DH_TV_VF_nzoth_yogg_cthun_3150518697647599_Mis_IV_ME,48839,87.80%,
2T,VW_DH_VW_VF_nzoth_yogg_cthun_3132806253043183_IN_IV_DR_DS,48837,87.80%,
2T,VW_DH_VW_VF_nzoth_yogg_cthun_3132806252518911_IN_IV_ME_DS,48836,87.79%,
2T,VW_DH_TV_VF_nzoth_yogg_cthun_3150253483417071_IN_AM_DR,48834,87.79%,
2T,VW_DH_VW_VF_yshaarj_nzoth_yogg_3977499618106863_Mis_IV_ME,48834,87.79%,
2T,VW_DH_VW_VF_nzoth_yogg_cthun_3132927585869295_IN_IV_DR,48831,87.77%,
2T,VW_DH_VW_VF_yshaarj_nzoth_yogg_3977634909576687_Mis_AM_ME,48827,87.76%,
2T,VW_DH_VW_VF_yshaarj_nzoth_yogg_3977634909576687_Mis_AM_DR,48823,87.74%,
2T,VW_DH_VW_VF_nzoth_yogg_cthun_3150243886849519_Mis_IV_ME,48823,87.74%,
2T,VW_DH_VW_VF_nzoth_yogg_cthun_3132808400002543_IN_IV_ME_DS,48821,87.74%,
2T,VW_DH_TV_VF_nzoth_yogg_cthun_3133348492140015_IN_IV_ME,48818,87.72%,
2T,VW_DH_VW_VF_nzoth_yogg_cthun_3132798736334319_IN_IV_ME,48816,87.72%,
2T,VW_DH_VW_VF_yshaarj_nzoth_yogg_3977514650492399_Mis_IV_DR_DS,48813,87.70%,
2T,VW_DH_TV_VF_nzoth_yogg_cthun_3132797729693167_IN_AM_DR,48813,87.70%,
2T,VW_DH_TV_VF_nzoth_yogg_cthun_3132791220141551_IN_AM_DR,48811,87.70%,
2T,VW_DH_VW_VF_nzoth_yogg_cthun_3135005275774447_IN_AM_DR_DS,48807,87.68%,
2T,VW_DH_VW_VF_nzoth_yogg_cthun_3132996304821743_Mis_AM_DR,48805,87.67%,
2T,VW_DH_TV_VF_nzoth_yogg_cthun_3150259992976879_IN_AM_DR_DS,48804,87.67%,
2T,VW_DH_TV_VF_nzoth_yogg_cthun_3133347418398191_IN_AM_DR,48802,87.66%,
2T,VW_DH_TV_VF_nzoth_yogg_cthun_3132807326268911_IN_IV_DR_DS,48797,87.64%,
2T,VW_DH_VW_VF_nzoth_yogg_cthun_3132806252518911_IN_IV_DR_DS,48797,87.64%,
2T,VW_DH_VW_VF_nzoth_yogg_cthun_3132951207665135_IN_IV_DR_DS,48795,87.64%,
2T,VW_DH_VW_VF_nzoth_yogg_cthun_3150244960591343_IN_AM_ME,48793,87.63%,
2T,VW_DH_TV_VF_yshaarj_nzoth_yogg_4049523065544175_IN_AM_DR_DS,48787,87.60%,
2T,VW_DH_VW_VF_yshaarj_nzoth_cthun_3696298445561327_Mis_IV_ME,48783,87.59%,
2T,VW_DH_TV_VF_yshaarj_nzoth_yogg_3977497471147503_IN_AM_DR,48783,87.59%,
2T,VW_DH_VW_VF_yshaarj_nzoth_yogg_4049525145918959_IN_AM_ME_DS,48782,87.58%,
2T,VW_DH_VW_VF_nzoth_yogg_cthun_3132813768719855_IN_IV_DR_DS,48782,87.58%,
2T,VW_DH_VW_VF_nzoth_yogg_cthun_3205372946210287_IN_AM_DR_DS,48778,87.57%,
2T,AR_SP_VF_nzoth_yogg_cthun_3150313537527279_IN_IV_DR,48774,87.56%,
2T,VW_DH_VW_VF_yshaarj_nzoth_yogg_3977497471147503_Mis_IV_DR,48770,87.54%,
2T,VW_DH_TV_VF_yshaarj_nzoth_yogg_3977634909576687_Mis_IV_DR,48769,87.53%,
2T,VW_DH_VW_VF_nzoth_yogg_cthun_3132926511611375_Mis_IV_DR,48768,87.53%,
2T,VW_DH_VW_VF_yshaarj_nzoth_yogg_3977497471147503_Mis_IV_ME,48763,87.51%,
2T,VW_DH_VW_VF_nzoth_yogg_cthun_3135004202032639_IN_IV_DR_DS,48763,87.51%,
2T,VW_DH_TV_VF_nzoth_yogg_cthun_3150252409675247_Mis_IV_ME,48762,87.51%,
2T,VW_DH_TV_VF_yshaarj_nzoth_yogg_3977567263841775_Mis_AM_ME,48760,87.50%,
2T,VW_DH_VW_VF_nzoth_yogg_cthun_3133348492140015_IN_IV_DR,48758,87.49%,
2T,VW_DH_TV_VF_nzoth_yogg_cthun_3132798736850415_IN_IV_ME,48757,87.49%,
2T,VW_DH_VW_VF_nzoth_yogg_cthun_3132806253043183_IN_IV_ME_DS,48756,87.49%,
2T,VW_DH_VW_VF_nzoth_yogg_cthun_3150244893490671_Mis_IV_DR,48756,87.49%,
2T,VW_DH_VW_VF_yshaarj_nzoth_yogg_3979712600006127_Mis_IV_DR_DS,48755,87.48%,
2T,VW_DH_TV_VF_yshaarj_nzoth_yogg_3977651015704047_IN_AM_ME_DS,48748,87.45%,
2T,VW_DH_TV_VF_yshaarj_nzoth_cthun_3696313477946863_IN_AM_ME_DS,48747,87.45%,
2T,VW_DH_VW_VF_nzoth_yogg_cthun_3150518697647599_Mis_IV_DR,48747,87.45%,
2T,VW_DH_VW_VF_nzoth_yogg_cthun_3150243820264943_IN_AM_ME,48745,87.44%,
2T,VW_DH_TV_VF_nzoth_yogg_cthun_3132806253043183_IN_IV_DR_DS,48744,87.44%,
2T,VW_DH_VW_VF_yshaarj_nzoth_yogg_4049516555984367_Mis_IV_ME,48743,87.44%,
2T,VW_DH_VW_VF_nzoth_yogg_cthun_3132935101537775_IN_AM_ME,48742,87.43%,
2T,VW_DH_TV_VF_nzoth_yogg_cthun_3150245967224303_Mis_IV_DR,48738,87.42%,
2T,VW_DH_TV_VF_nzoth_yogg_cthun_3132797662592495_IN_AM_ME,48735,87.41%,
2T,VW_DH_TV_VF_nzoth_yogg_cthun_3135005275774447_IN_AM_ME_DS,48734,87.40%,
2T,VW_DH_VW_VF_yshaarj_nzoth_yogg_3979696493878767_Mis_AM_DR,48728,87.38%,
2T,VW_DH_VW_VF_nzoth_yogg_cthun_3150252409675247_Mis_IV_ME,48727,87.37%,
2T,VW_DH_VW_VF_nzoth_yogg_cthun_3152458949123567_IN_AM_ME_DS,48726,87.37%,
2T,VW_DH_TV_VF_nzoth_yogg_cthun_3150259925876207_IN_AM_DR_DS,48726,87.37%,
2T,AR_EC_VF_nzoth_yogg_cthun_3150313537527279_IN_IV_ME,48724,87.36%,
2T,VW_DH_VW_VF_yshaarj_nzoth_yogg_3979712600006127_Mis_IV_ME_DS,48723,87.36%,
2T,VW_DH_VW_VF_nzoth_yogg_cthun_3132859939610095_Mis_AM_ME,48722,87.35%,
2T,VW_DH_TV_VF_yshaarj_nzoth_yogg_3977498544373231_IN_AM_DR,48721,87.35%,
2T,VW_DH_TV_VF_nzoth_yogg_cthun_3132927652453871_IN_AM_DR,48720,87.35%,
2T,VW_DH_TV_VF_nzoth_yogg_cthun_3134997759581679_IN_AM_ME,48720,87.35%,
2T,VW_DH_VW_VF_nzoth_yogg_cthun_3132926512127471_IN_AM_DR,48719,87.34%,
2T,VW_DH_VW_VF_yshaarj_nzoth_yogg_4049525145918959_IN_AM_DR_DS,48709,87.30%,
2T,VW_DH_VW_VF_yshaarj_nzoth_yogg_4049522998443503_IN_AM_ME_DS,48707,87.30%,
2T,VW_DH_VW_VF_yshaarj_nzoth_yogg_3977513576758767_Mis_IV_ME_DS,48706,87.29%,
2T,VW_DH_TV_VF_yshaarj_nzoth_yogg_4049660437388783_IN_AM_ME_DS,48706,87.29%,
2T,VW_DH_TV_VF_nzoth_yogg_cthun_3132791287242223_IN_AM_DR,48703,87.28%,
2T,VW_DH_TV_VF_nzoth_yogg_cthun_3150244894006767_IN_AM_DR,48701,87.27%,
2T,VW_DH_VW_VF_nzoth_yogg_cthun_3132859939610095_Mis_AM_DR,48699,87.27%,
2T,VW_DH_VW_VF_nzoth_yogg_cthun_3150243819740671_Mis_IV_ME,48693,87.24%,
2T,VW_DH_VW_VF_yshaarj_nzoth_yogg_4049522998959599_IN_AM_DR_DS,48693,87.24%,
2T,VW_DH_VW_VF_nzoth_yogg_cthun_3205372946210287_IN_AM_ME_DS,48688,87.22%,
2T,VW_DH_TV_VF_nzoth_yogg_cthun_3134997759581679_IN_AM_DR,48686,87.22%,
2T,VW_DH_VW_VF_yshaarj_nzoth_yogg_3977498544373231_Mis_IV_ME,48685,87.21%,
2T,VW_DH_TV_VF_nzoth_yogg_cthun_3152458949123567_Mis_IV_DR_DS,48684,87.21%,
2T,VW_DH_TV_VF_nzoth_yogg_cthun_3132797729693167_IN_AM_ME,48681,87.20%,
2T,VW_DH_VW_VF_nzoth_yogg_cthun_3133347418398191_IN_AM_ME,48675,87.18%,
2T,VW_DH_TV_VF_yshaarj_nzoth_cthun_3696313477946863_IN_AM_DR_DS,48675,87.17%,
2T,VW_DH_VW_VF_yshaarj_nzoth_yogg_4049524072177135_Mis_IV_ME_DS,48672,87.16%,
2T,VW_DH_TV_VF_nzoth_yogg_cthun_3132926512127471_IN_AM_ME,48669,87.15%,
2T,VW_DH_VW_VF_nzoth_yogg_cthun_3150260999609839_IN_AM_ME_DS,48667,87.14%,
2T,VW_DH_TV_VF_nzoth_yogg_cthun_3150253483417071_IN_AM_ME,48665,87.13%,
2T,VW_DH_VW_VF_nzoth_yogg_cthun_3135004202556911_IN_IV_DR_DS,48662,87.13%,
2T,VW_DH_TV_VF_nzoth_yogg_cthun_3132943691472367_IN_AM_DR_DS,48662,87.12%,
2T,VW_DH_VW_VF_nzoth_yogg_cthun_3133347418398191_IN_AM_DR,48658,87.11%,
2T,VW_DH_VW_VF_nzoth_yogg_cthun_3150519771389423_IN_AM_DR,48657,87.11%,
2T,VW_DH_VW_VF_yshaarj_nzoth_yogg_3977499618106863_Mis_IV_DR,48655,87.10%,
2T,VW_DH_VW_VF_nzoth_yogg_cthun_3132926512127471_IN_AM_ME,48649,87.08%,
2T,VW_DH_TV_VF_yshaarj_nzoth_yogg_4049522998443503_IN_AM_DR_DS,48648,87.07%,
2T,VW_DH_VW_VF_nzoth_yogg_cthun_3132798736326143_IN_IV_ME,48644,87.05%,
2T,VW_DH_VW_VF_nzoth_yogg_cthun_3133363524525551_IN_IV_DR_DS,48643,87.05%,
2T,VW_DH_VW_VF_nzoth_yogg_cthun_3132797662592495_IN_AM_ME,48642,87.05%,
2T,VW_DH_TV_VF_nzoth_yogg_cthun_3150268515802607_IN_AM_DR_DS,48637,87.03%,
2T,VW_DH_VW_VF_yshaarj_nzoth_yogg_4049531588369903_Mis_IV_DR_DS,48637,87.03%,
2T,VW_DH_TV_VF_nzoth_yogg_cthun_3132798736850415_IN_IV_DR,48631,87.00%,
2T,VW_DH_TV_VF_nzoth_yogg_cthun_3150519771389423_IN_AM_ME,48630,87.00%,
2T,VW_DH_TV_VF_yshaarj_nzoth_cthun_3768322899631599_IN_AM_ME_DS,48628,86.99%,
2T,VW_DH_VW_VF_nzoth_yogg_cthun_3132928659086831_IN_AM_ME,48624,86.98%,
2T,VW_DH_VW_VF_yshaarj_nzoth_yogg_4049531588369903_Mis_IV_ME_DS,48622,86.97%,
2T,VW_DH_VW_VF_yshaarj_nzoth_yogg_4049515482242543_Mis_AM_DR,48621,86.96%,
2T,VW_DH_TV_VF_nzoth_yogg_cthun_3133347418398191_IN_AM_ME,48619,86.96%,
2T,VW_DH_TV_VF_nzoth_yogg_cthun_3150243820264943_Mis_IV_DR,48617,86.95%,
2T,VW_DH_TV_VF_nzoth_yogg_cthun_3132942618254831_IN_IV_ME_DS,48616,86.95%,
2T,VW_DH_TV_VF_nzoth_yogg_cthun_3150245967224303_Mis_IV_ME,48612,86.93%,
2T,VW_DH_TV_VF_nzoth_yogg_cthun_3132806252518911_IN_IV_ME_DS,48610,86.92%,
2T,VW_DH_VW_VF_nzoth_yogg_cthun_3150253483417071_IN_AM_DR,48604,86.90%,
2T,VW_DH_VW_VF_nzoth_yogg_cthun_3132797729693167_IN_AM_ME,48603,86.90%,
2T,VW_DH_TV_VF_nzoth_yogg_cthun_3132813835820527_IN_IV_ME_DS,48601,86.89%,
2T,VW_DH_TV_VF_nzoth_yogg_cthun_3132876045737455_Mis_IV_DR_DS,48597,86.87%,
2T,VW_DH_VW_VF_nzoth_yogg_cthun_3132798803434991_IN_IV_DR,48593,86.86%,
2T,VW_DH_TV_VF_nzoth_yogg_cthun_3150244893490671_IN_AM_ME,48593,86.86%,
2T,VW_DH_TV_VF_nzoth_yogg_cthun_3132927585353199_IN_AM_DR,48589,86.84%,
2T,VW_DH_TV_VF_yshaarj_nzoth_yogg_3977773422271983_IN_AM_ME,48585,86.83%,
2T,VW_DH_VW_VF_nzoth_yogg_cthun_3150252409675247_Mis_IV_DR,48584,86.82%,
2T,VW_DH_TV_VF_yshaarj_nzoth_yogg_3979696493878767_Mis_IV_ME,48576,86.79%,
2T,VW_DH_VW_VF_nzoth_yogg_cthun_3132876045737455_Mis_IV_DR_DS,48575,86.79%,
2T,VW_DH_TV_VF_nzoth_yogg_cthun_3150244893490671_Mis_IV_DR,48574,86.79%,
2T,VW_DH_TV_VF_nzoth_yogg_cthun_3150243819740671_Mis_IV_ME,48574,86.79%,
2T,VW_DH_TV_VF_nzoth_yogg_cthun_3132797662584319_IN_AM_DR,48569,86.77%,
2T,VW_DH_TV_VF_nzoth_yogg_cthun_3133348492140015_IN_IV_DR,48568,86.76%,
2T,VW_DH_VW_VF_nzoth_yogg_cthun_3132926511603199_IN_AM_ME,48568,86.76%,
2T,VW_DH_VW_VF_nzoth_yogg_cthun_3150245967224303_Mis_IV_DR,48563,86.74%,
2T,VW_DH_VW_VF_yshaarj_nzoth_yogg_4049522998435327_IN_AM_DR_DS,48563,86.74%,
2T,VW_DH_VW_VF_nzoth_yogg_cthun_3132942618254831_IN_IV_ME_DS,48561,86.74%,
2T,VW_DH_VW_VF_nzoth_yogg_cthun_3150243819740671_Mis_IV_DR,48560,86.73%,
2T,VW_DH_TV_VF_nzoth_yogg_cthun_3133363524525551_IN_IV_DR_DS,48559,86.73%,
2T,VW_DH_TV_VF_nzoth_yogg_cthun_3132798736326143_IN_IV_ME,48553,86.70%,
2T,VW_DH_VW_VF_nzoth_yogg_cthun_3132791220141551_IN_AM_DR,48552,86.70%,
2T,VW_DH_VW_VF_nzoth_yogg_cthun_3150259992976879_IN_AM_DR_DS,48549,86.69%,
2T,AR_EC_VF_nzoth_yogg_cthun_3150313537527279_Mis_IV_DR,48548,86.69%,
2T,VW_DH_VW_VF_nzoth_yogg_cthun_3132927585345023_IN_IV_ME,48543,86.67%,
2T,VW_DH_TV_VF_nzoth_yogg_cthun_3132798736326143_IN_IV_DR,48543,86.67%,
2T,VW_DH_VW_VF_yshaarj_nzoth_cthun_3696313477946863_Mis_IV_ME_DS,48542,86.66%,
2T,VW_DH_VW_VF_nzoth_yogg_cthun_3132944765214191_IN_IV_DR_DS,48541,86.66%,
2T,VW_DH_TV_VF_nzoth_yogg_cthun_3132942617730559_IN_IV_ME_DS,48539,86.65%,
2T,VW_DH_TV_VF_yshaarj_nzoth_yogg_3977513576758767_IN_AM_DR_DS,48535,86.64%,
2T,VW_DH_VW_VF_yshaarj_nzoth_yogg_3977567263842285_IN_IV_DR,48535,86.63%,
2T,VW_DH_TV_VF_nzoth_yogg_cthun_3132858865876463_Mis_AM_DR,48534,86.63%,
2T,AR_SP_VF_nzoth_yogg_cthun_3150313537527279_IN_IV_ME,48532,86.62%,
2T,VW_DH_TV_VF_nzoth_yogg_cthun_3150244893482495_IN_AM_DR,48528,86.61%,
2T,VW_DH_VW_VF_nzoth_yogg_cthun_3132942617730559_IN_IV_DR_DS,48526,86.60%,
2T,VW_DH_TV_VF_nzoth_yogg_cthun_3132806253043183_IN_IV_ME_DS,48525,86.60%,
2T,VW_DH_TV_VF_nzoth_yogg_cthun_3150534803774959_IN_AM_DR_DS,48522,86.59%,
2T,VW_DH_VW_VF_yshaarj_nzoth_yogg_3977513576758767_Mis_IV_DR_DS,48521,86.58%,
2T,VW_DH_VW_VF_yshaarj_nzoth_cthun_3696313477946863_Mis_IV_DR_DS,48519,86.57%,
2T,VW_DH_VW_VF_nzoth_yogg_cthun_3132797729693167_IN_AM_DR,48517,86.57%,
2T,VW_DH_TV_VF_nzoth_yogg_cthun_3132799810067951_IN_AM_ME,48515,86.56%,
2T,VW_DH_VW_VF_yshaarj_nzoth_yogg_4049515482242543_Mis_AM_ME,48513,86.55%,
2T,VW_DH_VW_VF_yshaarj_nzoth_yogg_3977498544373231_Mis_IV_DR,48509,86.54%,
2T,VW_DH_VW_VF_yshaarj_nzoth_cthun_3696298445561327_Mis_IV_DR,48508,86.53%,
2T,VW_DH_TV_VF_nzoth_yogg_cthun_3132797662584319_IN_AM_ME,48505,86.52%,
2T,VW_DH_TV_VF_nzoth_yogg_cthun_3132807393369583_IN_IV_DR_DS,48500,86.50%,
2T,VW_DH_TV_VF_nzoth_yogg_cthun_3132791287242223_IN_AM_ME,48499,86.50%,
2T,VW_DH_VW_VF_nzoth_yogg_cthun_3132798736850415_IN_IV_ME,48499,86.50%,
2T,VW_DH_VW_VF_nzoth_yogg_cthun_3150518697647599_Mis_IV_ME,48499,86.50%,
2T,VW_DH_TV_VF_nzoth_yogg_cthun_3135004202040815_IN_AM_DR_DS,48495,86.48%,
2T,VW_DH_TV_VF_nzoth_yogg_cthun_3133363524525551_IN_IV_ME_DS,48492,86.47%,
2T,VW_DH_TV_VF_yshaarj_nzoth_yogg_3977788454657519_IN_AM_ME_DS,48492,86.47%,
2T,VW_DH_TV_VF_nzoth_yogg_cthun_3150259992976879_IN_AM_ME_DS,48488,86.46%,
2T,VW_DH_TV_VF_yshaarj_nzoth_yogg_3977497470631407_Mis_IV_DR,48486,86.45%,
2T,VW_DH_VW_VF_nzoth_yogg_cthun_3132813835820527_IN_IV_ME_DS,48486,86.45%,
2T,VW_DH_VW_VF_yshaarj_nzoth_yogg_4049522998959599_IN_AM_ME_DS,48484,86.44%,
2T,VW_DH_VW_VF_nzoth_yogg_cthun_3150253483417071_IN_AM_ME,48481,86.43%,
2T,VW_DH_TV_VF_nzoth_yogg_cthun_3132797663108591_IN_AM_ME,48473,86.40%,
2T,VW_DH_VW_VF_nzoth_yogg_cthun_3132996304821743_Mis_AM_ME,48471,86.39%,
2T,VW_DH_TV_VF_nzoth_yogg_cthun_3132799810067951_IN_AM_DR,48470,86.39%,
2T,VW_DH_TV_VF_nzoth_yogg_cthun_3150260999609839_Mis_IV_DR_DS,48458,86.34%,
2T,VW_DH_TV_VF_nzoth_yogg_cthun_3150243886849519_Mis_AM_DR,48457,86.33%,
2T,VW_DH_TV_VF_nzoth_yogg_cthun_3132926578712047_Mis_IV_DR,48454,86.32%,
2T,VW_DH_VW_VF_nzoth_yogg_cthun_3150244894006767_IN_AM_DR,48454,86.32%,
2T,VW_DH_VW_VF_nzoth_yogg_cthun_3132807393369583_IN_IV_ME_DS,48453,86.32%,
2T,VW_DH_TV_VF_nzoth_yogg_cthun_3132936175279599_IN_AM_DR,48451,86.31%,
2T,VW_DH_TV_VF_yshaarj_nzoth_yogg_3977498611473903_IN_AM_DR,48450,86.31%,
2T,VW_DH_VW_VF_nzoth_yogg_cthun_3132942618254831_IN_IV_DR_DS,48449,86.31%,
2T,VW_DH_VW_VF_yshaarj_nzoth_yogg_3977773422271983_Mis_IV_ME,48446,86.29%,
2T,VW_DH_TV_VF_nzoth_yogg_cthun_3132807393369583_IN_IV_ME_DS,48439,86.27%,
2T,VW_DH_TV_VF_nzoth_yogg_cthun_3132807326268911_IN_IV_ME_DS,48436,86.25%,
2T,VW_DH_VW_VF_yshaarj_nzoth_cthun_3696297371819503_Mis_AM_DR,48435,86.25%,
2T,AR_SW_VF_nzoth_yogg_cthun_3150313537527279_IN_IV_DR,48431,86.24%,
2T,VW_DH_VW_VF_nzoth_yogg_cthun_3150244893490671_IN_AM_ME,48426,86.22%,
2T,VW_DH_VW_VF_nzoth_yogg_cthun_3132927652453871_IN_AM_DR,48426,86.22%,
2T,VW_DH_TV_VF_nzoth_yogg_cthun_3132791220141551_IN_AM_ME,48422,86.20%,
2T,VW_DH_VW_VF_yshaarj_nzoth_yogg_3977498611473903_Mis_IV_ME,48419,86.19%,
2T,VW_DH_VW_VF_nzoth_yogg_cthun_3150259925876207_IN_AM_DR_DS,48417,86.18%,
2T,VW_DH_VW_VF_nzoth_yogg_cthun_3134997759581679_IN_AM_DR,48417,86.18%,
2T,VW_DH_TV_VF_nzoth_yogg_cthun_3132858932977135_Mis_AM_DR,48415,86.17%,
2T,VW_DH_TV_VF_yshaarj_nzoth_yogg_3977498544373231_IN_AM_ME,48414,86.17%,
2T,VW_DH_TV_VF_yshaarj_nzoth_yogg_3977498611473903_IN_AM_ME,48413,86.17%,
2T,VW_DH_TV_VF_nzoth_yogg_cthun_3132927652453871_IN_AM_ME,48407,86.14%,
2T,VW_DH_VW_VF_nzoth_yogg_cthun_3132858865876463_Mis_AM_DR,48404,86.13%,
2T,VW_DH_TV_VF_nzoth_yogg_cthun_3150244960591343_Mis_IV_DR,48398,86.11%,
2T,VW_DH_VW_VF_nzoth_yogg_cthun_3132807326268911_IN_IV_DR_DS,48396,86.10%,
2T,VW_DH_VW_VF_nzoth_yogg_cthun_3132943691472367_IN_AM_DR_DS,48391,86.08%,
2T,VW_DH_VW_VF_nzoth_yogg_cthun_3152458949123567_Mis_IV_DR_DS,48391,86.08%,
2T,VW_DH_TV_VF_yshaarj_nzoth_yogg_4049797876342255_IN_AM_DR_DS,48390,86.08%,
2T,VW_DH_VW_VF_nzoth_yogg_cthun_3150244960591343_Mis_IV_DR,48388,86.07%,
2T,VW_DH_TV_VF_nzoth_yogg_cthun_3132926578712047_Mis_IV_ME,48388,86.07%,
2T,VW_DH_VW_VF_nzoth_yogg_cthun_3132791287242223_IN_AM_DR,48379,86.04%,
2T,VW_DH_VW_VF_nzoth_yogg_cthun_3132813768719855_IN_IV_ME_DS,48377,86.03%,
2T,VW_DH_VW_VF_yshaarj_nzoth_yogg_4049522998435327_IN_AM_ME_DS,48376,86.02%,
2T,VW_DH_TV_VF_nzoth_yogg_cthun_3150262073351663_IN_AM_DR_DS,48374,86.02%,
2T,VW_DH_VW_VF_yshaarj_nzoth_yogg_3977513643859439_Mis_IV_DR_DS,48373,86.01%,
2T,VW_DH_VW_VF_nzoth_yogg_cthun_3132858866392559_Mis_AM_ME,48371,86.00%,
2T,VW_DH_VW_VF_nzoth_yogg_cthun_3132813835820527_IN_IV_DR_DS,48370,86.00%,
2T,VW_DH_TV_VF_yshaarj_nzoth_yogg_3977513576758767_IN_AM_ME_DS,48368,85.99%,
2T,VW_DH_TV_VF_yshaarj_nzoth_yogg_3977788454657519_IN_AM_DR_DS,48366,85.99%,
2T,VW_DH_TV_VF_nzoth_yogg_cthun_3132797663108591_IN_AM_DR,48365,85.98%,
2T,VW_DH_VW_VF_nzoth_yogg_cthun_3132798736326143_IN_IV_DR,48360,85.96%,
2T,VW_DH_VW_VF_nzoth_yogg_cthun_3132926511611375_Mis_IV_ME,48358,85.95%,
2T,VW_DH_VW_VF_nzoth_yogg_cthun_3150244893482495_IN_AM_DR,48358,85.95%,
2T,VW_DH_VW_VF_nzoth_yogg_cthun_3132798736850415_IN_IV_DR,48356,85.95%,
2T,VW_DH_TV_VF_nzoth_yogg_cthun_3132806252527087_IN_AM_DR_DS,48348,85.91%,
2T,VW_DH_VW_VF_nzoth_yogg_cthun_3150243819748847_Mis_AM_DR,48340,85.88%,
2T,VW_DH_TV_VF_nzoth_yogg_cthun_3150253483417071_Mis_IV_DR,48338,85.88%,
2T,VW_DH_TV_VF_nzoth_yogg_cthun_3132815916195311_IN_IV_ME_DS,48337,85.87%,
2T,VW_DH_VW_VF_yshaarj_nzoth_yogg_3977497470623231_Mis_AM_DR,48336,85.87%,
2T,AR_EC_VF_nzoth_yogg_cthun_3132996229389807_IN_IV_DR,48331,85.85%,
2T,VW_DH_TV_VF_nzoth_yogg_cthun_3150243819748847_Mis_AM_DR,48328,85.84%,
2T,VW_DH_TV_VF_yshaarj_nzoth_yogg_3977498544889327_IN_AM_ME,48324,85.82%,
2T,VW_DH_TV_VF_nzoth_yogg_cthun_3132791220133375_IN_AM_ME,48314,85.79%,
2T,VW_DH_VW_VF_yshaarj_nzoth_cthun_3696297371819503_Mis_AM_ME,48313,85.78%,
2T,VW_DH_VW_VF_nzoth_yogg_cthun_3150268515802607_IN_AM_DR_DS,48307,85.76%,
2T,VW_DH_TV_VF_nzoth_yogg_cthun_3150244960591343_Mis_IV_ME,48304,85.75%,
2T,VW_DH_TV_VF_nzoth_yogg_cthun_3132942684839407_IN_AM_DR_DS,48304,85.75%,
2T,VW_DH_VW_VF_yshaarj_nzoth_yogg_4049522998443503_Mis_IV_DR_DS,48298,85.72%,
2T,VW_DH_TV_VF_nzoth_yogg_cthun_3132867455802863_Mis_AM_ME,48296,85.71%,
2T,VW_DH_TV_VF_nzoth_yogg_cthun_3132943691472367_IN_AM_ME_DS,48295,85.71%,
2T,VW_DH_VW_VF_yshaarj_nzoth_yogg_4049660437388783_Mis_IV_DR_DS,48294,85.71%,
2T,VW_DH_TV_VF_nzoth_yogg_cthun_3135012791967215_IN_AM_ME_DS,48293,85.70%,
2T,VW_DH_TV_VF_yshaarj_nzoth_cthun_3696297371819503_Mis_IV_DR,48290,85.69%,
2T,VW_DH_TV_VF_nzoth_yogg_cthun_3132926511611375_Mis_IV_ME,48286,85.68%,
2T,VW_DH_TV_VF_nzoth_yogg_cthun_3135012791967215_IN_AM_DR_DS,48283,85.67%,
2T,VW_DH_VW_VF_nzoth_yogg_cthun_3150244960591343_Mis_IV_ME,48279,85.65%,
2T,VW_DH_VW_VF_nzoth_yogg_cthun_3132926578712047_Mis_IV_DR,48277,85.64%,
2T,VW_DH_TV_VF_yshaarj_nzoth_yogg_3977634909576687_Mis_IV_ME,48275,85.64%,
2T,VW_DH_VW_VF_nzoth_yogg_cthun_3132791220141551_IN_AM_ME,48274,85.63%,
2T,VW_DH_VW_VF_nzoth_yogg_cthun_3132807326268911_IN_IV_ME_DS,48272,85.62%,
2T,VW_DH_TV_VF_nzoth_yogg_cthun_3150259925876207_Mis_IV_DR_DS,48269,85.61%,
2T,VW_DH_TV_VF_yshaarj_nzoth_yogg_4049525145918959_IN_AM_DR_DS,48269,85.61%,
2T,VW_DH_TV_VF_nzoth_yogg_cthun_3134996685839855_Mis_IV_DR,48265,85.60%,
2T,VW_DH_VW_VF_nzoth_yogg_cthun_3132927585353199_IN_AM_DR,48264,85.59%,
2T,VW_DH_TV_VF_yshaarj_nzoth_yogg_3977497470631407_Mis_IV_ME,48263,85.59%,
2T,VW_DH_VW_VF_yshaarj_nzoth_yogg_4049660437388783_Mis_IV_ME_DS,48262,85.59%,
2T,VW_DH_VW_VF_nzoth_yogg_cthun_3132858866392559_Mis_AM_DR,48262,85.58%,
2T,VW_DH_VW_VF_nzoth_yogg_cthun_3132858865876463_Mis_AM_ME,48261,85.58%,
2T,VW_DH_VW_VF_nzoth_yogg_cthun_3150243820264943_Mis_IV_DR,48258,85.57%,
2T,VW_DH_TV_VF_yshaarj_nzoth_yogg_3977513643859439_IN_AM_DR_DS,48258,85.57%,
2T,VW_DH_VW_VF_nzoth_yogg_cthun_3132799810067951_IN_AM_DR,48254,85.56%,
2T,VW_DH_TV_VF_nzoth_yogg_cthun_3132815916195311_IN_IV_DR_DS,48253,85.55%,
2T,VW_DH_VW_VF_yshaarj_nzoth_yogg_3977498544365055_Mis_IV_ME,48250,85.54%,
2T,VW_DH_TV_VF_nzoth_yogg_cthun_3132807326785007_IN_IV_ME_DS,48250,85.54%,
2T,VW_DH_TV_VF_yshaarj_nzoth_yogg_3977498544365055_IN_AM_ME,48249,85.54%,
2T,VW_DH_VW_VF_nzoth_yogg_cthun_3132799810067951_IN_AM_ME,48243,85.51%,
2T,VW_DH_TV_VF_nzoth_yogg_cthun_3150259925868031_IN_AM_DR_DS,48235,85.48%,
2T,VW_DH_VW_VF_yshaarj_nzoth_yogg_3977498544889327_Mis_IV_ME,48231,85.47%,
2T,VW_DH_VW_VF_nzoth_yogg_cthun_3150245967224303_Mis_IV_ME,48229,85.46%,
2T,VW_DH_TV_VF_nzoth_yogg_cthun_3150243820264943_Mis_IV_ME,48228,85.46%,
2T,VW_DH_TV_VF_nzoth_yogg_cthun_3132936175279599_IN_AM_ME,48228,85.45%,
2T,VW_DH_VW_VF_nzoth_yogg_cthun_3132797662584319_IN_AM_DR,48228,85.45%,
2T,VW_DH_TV_VF_nzoth_yogg_cthun_3132935101537775_Mis_IV_DR,48227,85.45%,
2T,VW_DH_TV_VF_yshaarj_nzoth_yogg_4049523065544175_IN_AM_ME_DS,48223,85.44%,
2T,VW_DH_VW_VF_yshaarj_nzoth_yogg_3977513643859439_Mis_IV_ME_DS,48222,85.43%,
2T,VW_DH_VW_VF_nzoth_yogg_cthun_3132807393369583_IN_IV_DR_DS,48218,85.42%,
2T,VW_DH_TV_VF_yshaarj_nzoth_yogg_4049516555984367_Mis_IV_DR,48218,85.42%,
2T,VW_DH_TV_VF_nzoth_yogg_cthun_3132814842453487_IN_AM_DR_DS,48215,85.40%,
2T,VW_DH_TV_VF_nzoth_yogg_cthun_3132926511603199_Mis_IV_DR,48214,85.40%,
2T,VW_DH_VW_VF_nzoth_yogg_cthun_3135004202040815_IN_AM_DR_DS,48214,85.40%,
2T,AR_EC_VF_nzoth_yogg_cthun_3150313537527279_IN_AM_DR,48213,85.40%,
2T,VW_DH_TV_VF_nzoth_yogg_cthun_3132858866392559_Mis_AM_ME,48212,85.39%,
2T,VW_DH_TV_VF_nzoth_yogg_cthun_3132813769235951_IN_IV_ME_DS,48211,85.39%,
2T,VW_DH_VW_VF_nzoth_yogg_cthun_3134997759581679_IN_AM_ME,48209,85.38%,
2T,VW_DH_TV_VF_yshaarj_nzoth_yogg_3977513577274863_IN_AM_ME_DS,48205,85.37%,
2T,VW_DH_VW_VF_yshaarj_nzoth_yogg_3977515724234223_Mis_IV_ME_DS,48203,85.36%,
2T,AR_SP_VF_nzoth_yogg_cthun_3150313537527279_Mis_IV_DR,48202,85.36%,
2T,VW_DH_TV_VF_nzoth_yogg_cthun_3150259992976879_Mis_IV_DR_DS,48199,85.34%,
2T,VW_DH_VW_VF_nzoth_yogg_cthun_3150519771389423_IN_AM_ME,48199,85.34%,
2T,VW_DH_VW_VF_yshaarj_nzoth_yogg_3977497537732079_Mis_AM_ME,48195,85.33%,
2T,VW_DH_TV_VF_nzoth_yogg_cthun_3132791220657647_IN_AM_ME,48195,85.33%,
2T,VW_DH_VW_VF_nzoth_yogg_cthun_3132806252527087_IN_AM_DR_DS,48191,85.31%,
2T,VW_DH_TV_VF_yshaarj_nzoth_yogg_3977513576750591_IN_AM_DR_DS,48188,85.30%,
2T,VW_DH_VW_VF_yshaarj_nzoth_yogg_3977497470631407_Mis_AM_ME,48187,85.30%,
2T,VW_DH_TV_VF_nzoth_yogg_cthun_3132867455802863_Mis_AM_DR,48184,85.28%,
2T,VW_DH_VW_VF_nzoth_yogg_cthun_3132867455802863_Mis_AM_DR,48182,85.28%,
2T,VW_DH_VW_VF_nzoth_yogg_cthun_3132815916195311_IN_IV_ME_DS,48174,85.25%,
2T,VW_DH_TV_VF_nzoth_yogg_cthun_3132791220133375_IN_AM_DR,48172,85.24%,
2T,VW_DH_VW_VF_yshaarj_nzoth_yogg_3977498611473903_Mis_IV_DR,48171,85.24%,
2T,VW_DH_VW_VF_yshaarj_nzoth_yogg_3977513576750591_Mis_IV_DR_DS,48171,85.24%,
2T,VW_DH_VW_VF_nzoth_yogg_cthun_3132813769235951_IN_IV_ME_DS,48171,85.24%,
2T,VW_DH_TV_VF_yshaarj_nzoth_yogg_3977497537732079_Mis_IV_DR,48171,85.23%,
2T,AR_SP_VF_nzoth_yogg_cthun_3150313470942703_IN_IV_DR,48169,85.23%,
2T,VW_DH_TV_VF_yshaarj_nzoth_yogg_3977513643859439_IN_AM_ME_DS,48169,85.23%,
2T,VW_DH_TV_VF_nzoth_yogg_cthun_3132814842453487_IN_AM_ME_DS,48169,85.23%,
2T,VW_DH_VW_VF_yshaarj_nzoth_cthun_3768322899631599_Mis_IV_DR_DS,48167,85.22%,
2T,VW_DH_VW_VF_nzoth_yogg_cthun_3135004269141487_IN_AM_DR_DS,48161,85.20%,
2T,VW_DH_TV_VF_nzoth_yogg_cthun_3134996685839855_Mis_IV_ME,48159,85.19%,
2T,VW_DH_VW_VF_yshaarj_nzoth_yogg_3977788454657519_Mis_IV_ME_DS,48158,85.19%,
2T,VW_DH_VW_VF_yshaarj_nzoth_yogg_4049524072177135_Mis_IV_DR_DS,48158,85.18%,
2T,VW_DH_VW_VF_nzoth_yogg_cthun_3150259992976879_IN_AM_ME_DS,48153,85.17%,
2T,VW_DH_VW_VF_nzoth_yogg_cthun_3132791287242223_IN_AM_ME,48152,85.16%,
2T,VW_DH_TV_VF_nzoth_yogg_cthun_3132813768711679_IN_IV_DR_DS,48148,85.15%,
2T,VW_DH_TV_VF_nzoth_yogg_cthun_3132942617738735_IN_AM_DR_DS,48148,85.15%,
2T,VW_DH_TV_VF_nzoth_yogg_cthun_3150244894006767_IN_AM_ME,48143,85.13%,
2T,VW_DH_VW_VF_nzoth_yogg_cthun_3150259925876207_Mis_IV_DR_DS,48142,85.12%,
2T,VW_DH_VW_VF_nzoth_yogg_cthun_3150260999609839_Mis_IV_ME_DS,48141,85.12%,
2T,VW_DH_TV_VF_nzoth_yogg_cthun_3150259926392303_IN_AM_DR_DS,48139,85.11%,
2T,VW_DH_TV_VF_nzoth_yogg_cthun_3132813769235951_IN_IV_DR_DS,48137,85.10%,
2T,VW_DH_TV_VF_nzoth_yogg_cthun_3132928659086831_Mis_IV_DR,48136,85.10%,
2T,AR_EC_VF_nzoth_yogg_cthun_3150313470942703_IN_IV_ME,48135,85.10%,
2T,AR_EC_VF_nzoth_yogg_cthun_3150313470426607_IN_IV_DR,48134,85.09%,
2T,VW_DH_VW_VF_nzoth_yogg_cthun_3132867455802863_Mis_AM_ME,48133,85.09%,
2T,VW_DH_TV_VF_nzoth_yogg_cthun_3132935101537775_Mis_IV_ME,48132,85.09%,
2T,VW_DH_TV_VF_nzoth_yogg_cthun_3152458949123567_Mis_IV_ME_DS,48132,85.08%,
2T,VW_DH_VW_VF_nzoth_yogg_cthun_3132926578712047_Mis_IV_ME,48123,85.05%,
2T,VW_DH_VW_VF_nzoth_yogg_cthun_3134996685839855_Mis_IV_DR,48123,85.05%,
2T,VW_DH_VW_VF_nzoth_yogg_cthun_3132797662584319_IN_AM_ME,48123,85.05%,
2T,AR_EC_VF_nzoth_yogg_cthun_3150313470942703_IN_IV_DR,48121,85.04%,
2T,VW_DH_TV_VF_yshaarj_nzoth_yogg_3977773422271983_IN_AM_DR,48119,85.04%,
2T,VW_DH_TV_VF_yshaarj_nzoth_yogg_4049515482242543_Mis_AM_DR,48118,85.03%,
2T,VW_DH_TV_VF_yshaarj_nzoth_yogg_3977497537732079_Mis_IV_ME,48115,85.02%,
2T,VW_DH_TV_VF_nzoth_yogg_cthun_3150243886849519_Mis_AM_ME,48115,85.02%,
2T,VW_DH_TV_VF_nzoth_yogg_cthun_3132927585353199_IN_AM_ME,48114,85.01%,
2T,AR_SW_VF_nzoth_yogg_cthun_3150313537527279_Mis_IV_DR,48113,85.01%,
2T,VW_DH_TV_VF_nzoth_yogg_cthun_3132791220657647_IN_AM_DR,48112,85.01%,
2T,VW_DH_TV_VF_yshaarj_nzoth_yogg_4049516555984367_Mis_IV_ME,48110,85.00%,
2T,VW_DH_VW_VF_nzoth_yogg_cthun_3135012791967215_IN_AM_DR_DS,48110,85.00%,
2T,VW_DH_VW_VF_nzoth_yogg_cthun_3132813768711679_IN_IV_ME_DS,48102,84.97%,
2T,VW_DH_VW_VF_nzoth_yogg_cthun_3152458949123567_Mis_IV_ME_DS,48100,84.96%,
2T,VW_DH_VW_VF_nzoth_yogg_cthun_3132815916195311_IN_IV_DR_DS,48097,84.95%,
2T,VW_DH_VW_VF_nzoth_yogg_cthun_3132858932977135_Mis_AM_DR,48097,84.95%,
2T,VW_DH_TV_VF_yshaarj_nzoth_yogg_4049531588369903_Mis_IV_ME_DS,48096,84.95%,
2T,VW_DH_VW_VF_nzoth_yogg_cthun_3150534803774959_IN_AM_DR_DS,48090,84.93%,
2T,VW_DH_VW_VF_nzoth_yogg_cthun_3132942617730559_IN_IV_ME_DS,48090,84.92%,
2T,VW_DH_VW_VF_nzoth_yogg_cthun_3150260999609839_Mis_IV_DR_DS,48085,84.91%,
2T,VW_DH_TV_VF_yshaarj_nzoth_yogg_3977515724234223_IN_AM_ME_DS,48084,84.90%,
2T,VW_DH_VW_VF_nzoth_yogg_cthun_3150268515802607_IN_AM_ME_DS,48084,84.90%,
2T,VW_DH_VW_VF_yshaarj_nzoth_yogg_3977498544365055_Mis_IV_DR,48083,84.90%,
2T,VW_DH_VW_VF_nzoth_yogg_cthun_3150244894006767_IN_AM_ME,48082,84.89%,
2T,VW_DH_TV_VF_nzoth_yogg_cthun_3132858932977135_Mis_AM_ME,48080,84.89%,
2T,VW_DH_VW_VF_nzoth_yogg_cthun_3132858932977135_Mis_AM_ME,48080,84.88%,
2T,VW_DH_TV_VF_yshaarj_nzoth_yogg_3977497470623231_Mis_IV_DR,48079,84.88%,
2T,VW_DH_TV_VF_nzoth_yogg_cthun_3150534803774959_IN_AM_ME_DS,48077,84.88%,
2T,VW_DH_TV_VF_nzoth_yogg_cthun_3132858866392559_Mis_AM_DR,48076,84.87%,
2T,VW_DH_TV_VF_nzoth_yogg_cthun_3132951207665135_IN_AM_DR_DS,48072,84.86%,
2T,VW_DH_TV_VF_nzoth_yogg_cthun_3132858865876463_Mis_AM_ME,48072,84.86%,
2T,VW_DH_TV_VF_nzoth_yogg_cthun_3132797662592495_Mis_IV_DR,48072,84.86%,
2T,VW_DH_TV_VF_nzoth_yogg_cthun_3135004269141487_IN_AM_DR_DS,48070,84.85%,
2T,VW_DH_VW_VF_yshaarj_nzoth_yogg_3977772348530159_Mis_AM_DR,48069,84.84%,
2T,VW_DH_VW_VF_nzoth_yogg_cthun_3134996685839855_Mis_IV_ME,48069,84.84%,
2T,VW_DH_VW_VF_nzoth_yogg_cthun_3132797663108591_IN_AM_ME,48068,84.84%,
2T,VW_DH_VW_VF_yshaarj_nzoth_yogg_3977497537732079_Mis_AM_DR,48059,84.81%,
2T,AR_EC_VF_nzoth_yogg_cthun_3150313470426607_IN_IV_ME,48058,84.80%,
2T,VW_DH_TV_VF_yshaarj_nzoth_yogg_4049522998959599_IN_AM_DR_DS,48055,84.79%,
2T,VW_DH_TV_VF_nzoth_yogg_cthun_3150243819740671_Mis_AM_DR,48051,84.77%,
2T,VW_DH_VW_VF_nzoth_yogg_cthun_3135012791967215_IN_AM_ME_DS,48051,84.77%,
2T,VW_DH_VW_VF_nzoth_yogg_cthun_3150243820264943_Mis_IV_ME,48050,84.77%,
2T,VW_DH_TV_VF_yshaarj_nzoth_yogg_4049531588369903_Mis_IV_DR_DS,48046,84.75%,
2T,VW_DH_VW_VF_nzoth_yogg_cthun_3132927585869295_IN_AM_DR,48040,84.73%,
2T,VW_DH_VW_VF_nzoth_yogg_cthun_3150259926392303_IN_AM_DR_DS,48036,84.72%,
2T,VW_DH_VW_VF_nzoth_yogg_cthun_3132791220657647_IN_AM_ME,48035,84.71%,
2T,VW_DH_TV_VF_nzoth_yogg_cthun_3150244893490671_Mis_IV_ME,48034,84.71%,
2T,AR_EC_VF_yshaarj_nzoth_yogg_4014400827940335_IN_IV_DR,48025,84.67%,
2T,VW_DH_VW_VF_nzoth_yogg_cthun_3132791220133375_IN_AM_DR,48022,84.66%,
2T,VW_DH_TV_VF_nzoth_yogg_cthun_3132927585869295_IN_AM_DR,48018,84.65%,
2T,AR_SP_VF_nzoth_yogg_cthun_3150313470426607_IN_IV_DR,48015,84.64%,
2T,VW_DH_TV_VF_nzoth_yogg_cthun_3132926511603199_Mis_IV_ME,48015,84.63%,
2T,AR_EC_VF_nzoth_yogg_cthun_3132996229389807_IN_IV_ME,48011,84.62%,
2T,VW_DH_VW_VF_yshaarj_nzoth_yogg_3977497470623231_Mis_AM_ME,48010,84.62%,
2T,VW_DH_TV_VF_nzoth_yogg_cthun_3132798736334319_IN_AM_DR,48010,84.62%,
2T,AR_SW_VF_nzoth_yogg_cthun_3150313537527279_IN_IV_ME,48009,84.61%,
2T,VW_DH_VW_VF_nzoth_yogg_cthun_3150244893490671_Mis_IV_ME,48007,84.61%,
2T,VW_DH_TV_VF_nzoth_yogg_cthun_3132926512127471_Mis_IV_DR,48003,84.59%,
2T,VW_DH_VW_VF_nzoth_yogg_cthun_3150243886849519_Mis_AM_DR,48002,84.58%,
2T,VW_DH_VW_VF_yshaarj_nzoth_yogg_3977498544889327_Mis_IV_DR,48001,84.58%,
2T,VW_DH_VW_VF_nzoth_yogg_cthun_3150262073351663_IN_AM_DR_DS,48000,84.58%,
2T,VW_DH_TV_VF_nzoth_yogg_cthun_3135006349516271_IN_AM_DR_DS,47997,84.57%,
2T,VW_DH_TV_VF_nzoth_yogg_cthun_3150260999609839_Mis_IV_ME_DS,47995,84.56%,
2T,VW_DH_TV_VF_yshaarj_nzoth_yogg_4049522998435327_IN_AM_DR_DS,47994,84.56%,
2T,VW_DH_TV_VF_nzoth_yogg_cthun_3135004202040815_IN_AM_ME_DS,47992,84.55%,
2T,VW_DH_VW_VF_nzoth_yogg_cthun_3150534803774959_IN_AM_ME_DS,47992,84.55%,
2T,AR_EC_VF_nzoth_yogg_cthun_3150313537527279_Mis_IV_ME,47990,84.54%,
2T,VW_DH_VW_VF_nzoth_yogg_cthun_3132935101537775_Mis_IV_DR,47989,84.54%,
2T,VW_DH_TV_VF_yshaarj_nzoth_yogg_3977513576750591_IN_AM_ME_DS,47987,84.53%,
2T,AR_SP_VF_nzoth_yogg_cthun_3150313470942703_IN_IV_ME,47980,84.50%,
2T,VW_DH_VW_VF_nzoth_yogg_cthun_3132813768711679_IN_IV_DR_DS,47980,84.50%,
2T,VW_DH_TV_VF_nzoth_yogg_cthun_3132927585345023_IN_AM_DR,47978,84.50%,
2T,VW_DH_TV_VF_nzoth_yogg_cthun_3150244893482495_Mis_IV_DR,47978,84.49%,
2T,VW_DH_VW_VF_nzoth_yogg_cthun_3132936175279599_IN_AM_DR,47978,84.49%,
2T,VW_DH_TV_VF_nzoth_yogg_cthun_3132806252527087_IN_AM_ME_DS,47976,84.49%,
2T,VW_DH_TV_VF_nzoth_yogg_cthun_3135004202556911_IN_AM_DR_DS,47975,84.48%,
2T,VW_DH_TV_VF_nzoth_yogg_cthun_3150268515802607_IN_AM_ME_DS,47972,84.47%,
2T,VW_DH_VW_VF_yshaarj_nzoth_yogg_3977567263842285_IN_AM_ME,47967,84.45%,
2T,VW_DH_TV_VF_nzoth_yogg_cthun_3135004269141487_IN_AM_ME_DS,47967,84.45%,
2T,VW_DH_TV_VF_yshaarj_nzoth_yogg_3977772348530159_Mis_IV_DR,47966,84.45%,
2T,VW_DH_TV_VF_nzoth_yogg_cthun_3132806319627759_IN_AM_ME_DS,47963,84.44%,
2T,VW_DH_TV_VF_yshaarj_nzoth_yogg_4049660437388783_Mis_IV_DR_DS,47962,84.43%,
2T,VW_DH_TV_VF_yshaarj_nzoth_yogg_3977499618106863_Mis_IV_ME,47962,84.43%,
2T,VW_DH_TV_VF_yshaarj_nzoth_yogg_3977498544365055_IN_AM_DR,47961,84.43%,
2T,VW_DH_VW_VF_yshaarj_nzoth_yogg_3979697567620591_Mis_AM_DR,47958,84.42%,
2T,VW_DH_VW_VF_nzoth_yogg_cthun_3150253483417071_Mis_IV_DR,47954,84.40%,
2T,VW_DH_TV_VF_nzoth_yogg_cthun_3150253483417071_Mis_IV_ME,47954,84.40%,
2T,VW_DH_VW_VF_nzoth_yogg_cthun_3132806319627759_IN_AM_DR_DS,47954,84.40%,
2T,VW_DH_VW_VF_nzoth_yogg_cthun_3132859939610605_IN_IV_ME,47952,84.40%,
2T,AR_EC_VF_yshaarj_nzoth_yogg_4013301584748015_Mis_IV_DR,47951,84.39%,
2T,VW_DH_VW_VF_nzoth_yogg_cthun_3150259925868031_IN_AM_DR_DS,47950,84.39%,
2T,VW_DH_TV_VF_nzoth_yogg_cthun_3132806319627759_IN_AM_DR_DS,47948,84.38%,
2T,VW_DH_VW_VF_nzoth_yogg_cthun_3132926511603199_Mis_IV_DR,47947,84.37%,
2T,VW_DH_TV_VF_nzoth_yogg_cthun_3132951207665135_IN_AM_ME_DS,47946,84.37%,
2T,VW_DH_TV_VF_nzoth_yogg_cthun_3150244893482495_IN_AM_ME,47943,84.36%,
2T,VW_DH_VW_VF_yshaarj_nzoth_cthun_3768322899631599_Mis_IV_ME_DS,47943,84.36%,
2T,AR_SP_VF_nzoth_yogg_cthun_3132996229389807_IN_IV_DR,47941,84.35%,
2T,VW_DH_TV_VF_nzoth_yogg_cthun_3150518697647599_Mis_AM_DR,47938,84.34%,
2T,AR_EC_VF_yshaarj_nzoth_yogg_4013438755266031_Mis_IV_DR,47935,84.33%,
2T,VW_DH_TV_VF_yshaarj_nzoth_yogg_3977651015704047_Mis_IV_DR_DS,47933,84.32%,
2T,VW_DH_VW_VF_nzoth_yogg_cthun_3132927652453871_IN_AM_ME,47933,84.32%,
2T,VW_DH_TV_VF_nzoth_yogg_cthun_3132813768711679_IN_IV_ME_DS,47932,84.32%,
2T,AR_SP_VF_nzoth_yogg_cthun_3150313537527279_Mis_IV_ME,47931,84.31%,
2T,VW_DH_TV_VF_yshaarj_nzoth_yogg_4049797876342255_IN_AM_ME_DS,47930,84.31%,
2T,VW_DH_TV_VF_nzoth_yogg_cthun_3150259992976879_Mis_IV_ME_DS,47928,84.30%,
2T,VW_DH_TV_VF_yshaarj_nzoth_yogg_4049522998443503_IN_AM_ME_DS,47926,84.29%,
2T,VW_DH_VW_VF_nzoth_yogg_cthun_3132791220141551_Mis_IV_DR,47926,84.29%,
2T,VW_DH_VW_VF_nzoth_yogg_cthun_3132936175279599_IN_AM_ME,47925,84.29%,
2T,VW_DH_VW_VF_nzoth_yogg_cthun_3132791220657647_IN_AM_DR,47924,84.29%,
2T,VW_DH_VW_VF_nzoth_yogg_cthun_3132797663108591_IN_AM_DR,47924,84.29%,
2T,VW_DH_TV_VF_yshaarj_nzoth_yogg_3977497470623231_Mis_IV_ME,47923,84.28%,
2T,VW_DH_VW_VF_nzoth_yogg_cthun_3132797662592495_Mis_IV_DR,47919,84.27%,
2T,VW_DH_TV_VF_nzoth_yogg_cthun_3132808400002543_IN_AM_DR_DS,47914,84.25%,
2T,VW_DH_TV_VF_yshaarj_nzoth_yogg_3979697567620591_Mis_IV_ME,47914,84.25%,
2T,VW_DH_VW_VF_nzoth_yogg_cthun_3150519771389423_Mis_IV_DR,47914,84.25%,
2T,VW_DH_TV_VF_yshaarj_nzoth_yogg_4049524072177135_Mis_IV_DR_DS,47911,84.24%,
2T,VW_DH_VW_VF_nzoth_yogg_cthun_3132813769235951_IN_IV_DR_DS,47910,84.23%,
2T,VW_DH_VW_VF_nzoth_yogg_cthun_3132943691472367_IN_AM_ME_DS,47905,84.21%,
2T,VW_DH_VW_VF_nzoth_yogg_cthun_3132942617738735_IN_AM_DR_DS,47902,84.20%,
2T,VW_DH_VW_VF_nzoth_yogg_cthun_3132807326785007_IN_IV_ME_DS,47901,84.20%,
2T,VW_DH_TV_VF_nzoth_yogg_cthun_3150519771389423_Mis_IV_ME,47894,84.17%,
2T,VW_DH_VW_VF_nzoth_yogg_cthun_3150519771389423_Mis_IV_ME,47893,84.17%,
2T,VW_DH_VW_VF_nzoth_yogg_cthun_3150253483417071_Mis_IV_ME,47893,84.17%,
2T,VW_DH_VW_VF_yshaarj_nzoth_yogg_3977788454657519_Mis_IV_DR_DS,47892,84.16%,
2T,VW_DH_VW_VF_nzoth_yogg_cthun_3150259992976879_Mis_IV_DR_DS,47891,84.16%,
2T,VW_DH_VW_VF_nzoth_yogg_cthun_3132807326785007_IN_IV_DR_DS,47890,84.16%,
2T,VW_DH_VW_VF_yshaarj_nzoth_yogg_3979712600006127_Mis_AM_DR_DS,47890,84.15%,
2T,VW_DH_TV_VF_nzoth_yogg_cthun_3132807326260735_IN_IV_ME_DS,47887,84.14%,
2T,VW_DH_TV_VF_nzoth_yogg_cthun_3132859939610605_IN_IV_ME,47887,84.14%,
2T,VW_DH_VW_VF_nzoth_yogg_cthun_3133348492140015_IN_AM_ME,47885,84.14%,
2T,VW_DH_VW_VF_yshaarj_nzoth_yogg_4049523065544175_Mis_IV_DR_DS,47883,84.13%,
2T,VW_DH_TV_VF_yshaarj_nzoth_yogg_4049515482242543_Mis_AM_ME,47882,84.13%,
2T,VW_DH_TV_VF_nzoth_yogg_cthun_3150519771389423_Mis_IV_DR,47882,84.13%,
2T,AR_SW_VF_nzoth_yogg_cthun_3150313537527279_Mis_IV_ME,47882,84.13%,
2T,VW_DH_VW_VF_nzoth_yogg_cthun_3132927585353199_Mis_IV_DR,47879,84.11%,
2T,VW_DH_TV_VF_nzoth_yogg_cthun_3132927585353199_Mis_IV_DR,47871,84.08%,
2T,VW_DH_TV_VF_yshaarj_nzoth_cthun_3696297371819503_Mis_IV_ME,47870,84.08%,
2T,VW_DH_TV_VF_yshaarj_nzoth_yogg_3977498544889327_IN_AM_DR,47868,84.07%,
2T,AR_SP_VF_yshaarj_nzoth_yogg_4013438755266031_Mis_IV_DR,47867,84.07%,
2T,VW_DH_TV_VF_nzoth_yogg_cthun_3132798803434991_IN_AM_DR,47866,84.06%,
2T,AR_SP_VF_yshaarj_nzoth_yogg_4013438755266031_IN_IV_DR,47863,84.05%,
2T,VW_DH_VW_VF_yshaarj_nzoth_yogg_3979697567620591_Mis_AM_ME,47858,84.03%,
2T,VW_DH_TV_VF_yshaarj_nzoth_yogg_4049525145918959_IN_AM_ME_DS,47853,84.01%,
2T,VW_DH_VW_VF_nzoth_yogg_cthun_3132935101537775_Mis_IV_ME,47853,84.01%,
2T,VW_DH_TV_VF_nzoth_yogg_cthun_3132807326785007_IN_IV_DR_DS,47850,84.00%,
2T,VW_DH_TV_VF_nzoth_yogg_cthun_3150259925876207_IN_AM_ME_DS,47844,83.98%,
2T,VW_DH_TV_VF_nzoth_yogg_cthun_3132807326260735_IN_IV_DR_DS,47841,83.97%,
2T,VW_DH_TV_VF_nzoth_yogg_cthun_3150259926392303_IN_AM_ME_DS,47839,83.96%,
2T,VW_DH_VW_VF_nzoth_yogg_cthun_3135004269141487_IN_AM_ME_DS,47836,83.95%,
2T,VW_DH_VW_VF_nzoth_yogg_cthun_3132942684839407_IN_AM_DR_DS,47836,83.95%,
2T,VW_DH_VW_VF_nzoth_yogg_cthun_3132798736334319_IN_AM_DR,47836,83.95%,
2T,VW_DH_VW_VF_nzoth_yogg_cthun_3150244893482495_IN_AM_ME,47828,83.92%,
2T,VW_DH_TV_VF_yshaarj_nzoth_yogg_3977635983318511_Mis_IV_ME,47825,83.90%,
2T,AR_EC_VF_nzoth_yogg_cthun_3150313470418431_IN_IV_DR,47822,83.89%,
2T,VW_DH_TV_VF_nzoth_yogg_cthun_3132926512127471_Mis_IV_ME,47821,83.89%,
2T,VW_DH_VW_VF_yshaarj_nzoth_yogg_4049522998443503_Mis_IV_ME_DS,47821,83.89%,
2T,VW_DH_TV_VF_nzoth_yogg_cthun_3132806252518911_IN_AM_ME_DS,47820,83.89%,
2T,VW_DH_VW_VF_nzoth_yogg_cthun_3132798803434991_IN_AM_ME,47815,83.87%,
2T,VW_DH_VW_VF_nzoth_yogg_cthun_3132927585345023_IN_AM_DR,47815,83.87%,
2T,VW_DH_TV_VF_nzoth_yogg_cthun_3132858866393069_IN_IV_ME,47814,83.86%,
2T,VW_DH_VW_VF_nzoth_yogg_cthun_3132806252527087_IN_AM_ME_DS,47810,83.85%,
2T,VW_DH_TV_VF_nzoth_yogg_cthun_3132798736334319_IN_AM_ME,47809,83.84%,
2T,VW_DH_VW_VF_nzoth_yogg_cthun_3132814842453487_IN_AM_ME_DS,47806,83.83%,
2T,AR_EC_VF_nzoth_yogg_cthun_3150313470426607_Mis_IV_DR,47804,83.82%,
2T,VW_DH_VW_VF_yshaarj_nzoth_yogg_3977513577274863_Mis_IV_DR_DS,47804,83.82%,
2T,VW_DH_TV_VF_yshaarj_nzoth_yogg_3977515724234223_IN_AM_DR_DS,47802,83.82%,
2T,VW_DH_TV_VF_nzoth_yogg_cthun_3132928659086831_Mis_IV_ME,47801,83.81%,
2T,AR_SP_VF_nzoth_yogg_cthun_3150313470426607_IN_IV_ME,47798,83.80%,
2T,VW_DH_TV_VF_nzoth_yogg_cthun_3135006349516271_IN_AM_ME_DS,47796,83.79%,
2T,VW_DH_TV_VF_nzoth_yogg_cthun_3132806252518911_IN_AM_DR_DS,47795,83.79%,
2T,VW_DH_TV_VF_nzoth_yogg_cthun_3150262073351663_IN_AM_ME_DS,47792,83.78%,
2T,VW_DH_VW_VF_nzoth_yogg_cthun_3150262073351663_IN_AM_ME_DS,47791,83.78%,
2T,VW_DH_TV_VF_nzoth_yogg_cthun_3132808400002543_IN_AM_ME_DS,47790,83.77%,
2T,VW_DH_VW_VF_yshaarj_nzoth_yogg_3977513576750591_Mis_IV_ME_DS,47789,83.77%,
2T,VW_DH_TV_VF_nzoth_yogg_cthun_3150252409675247_Mis_AM_DR,47784,83.75%,
2T,VW_DH_VW_VF_nzoth_yogg_cthun_3135004202040815_IN_AM_ME_DS,47780,83.73%,
2T,VW_DH_VW_VF_nzoth_yogg_cthun_3132807326260735_IN_IV_ME_DS,47779,83.73%,
2T,VW_DH_VW_VF_nzoth_yogg_cthun_3132928659086831_Mis_IV_DR,47777,83.72%,
2T,VW_DH_VW_VF_nzoth_yogg_cthun_3135006349516271_IN_AM_ME_DS,47776,83.72%,
2T,VW_DH_VW_VF_yshaarj_nzoth_yogg_3977651015704047_Mis_AM_DR_DS,47775,83.71%,
2T,AR_EC_VF_nzoth_yogg_cthun_3132859058871791_IN_IV_ME,47768,83.69%,
2T,VW_DH_VW_VF_nzoth_yogg_cthun_3150243886849519_Mis_AM_ME,47768,83.68%,
2T,VW_DH_VW_VF_nzoth_yogg_cthun_3150259992976879_Mis_IV_ME_DS,47765,83.68%,
2T,VW_DH_VW_VF_yshaarj_nzoth_yogg_4049523065544175_Mis_IV_ME_DS,47765,83.68%,
2T,VW_DH_VW_VF_yshaarj_nzoth_yogg_3977515724234223_Mis_IV_DR_DS,47764,83.67%,
2T,VW_DH_VW_VF_nzoth_yogg_cthun_3132951207665135_IN_AM_DR_DS,47759,83.65%,
2T,VW_DH_TV_VF_yshaarj_nzoth_yogg_3977635983318511_Mis_IV_DR,47757,83.64%,
2T,VW_DH_TV_VF_nzoth_yogg_cthun_3132927585869295_IN_AM_ME,47752,83.63%,
2T,VW_DH_TV_VF_nzoth_yogg_cthun_3132858865868287_Mis_AM_ME,47751,83.62%,
2T,VW_DH_VW_VF_yshaarj_nzoth_yogg_3977499618106863_Mis_AM_DR,47747,83.60%,
2T,VW_DH_TV_VF_yshaarj_nzoth_yogg_3977634909576687_Mis_AM_DR,47746,83.60%,
2T,VW_DH_TV_VF_yshaarj_nzoth_yogg_3977772348530159_Mis_IV_ME,47743,83.59%,
2T,VW_DH_VW_VF_nzoth_yogg_cthun_3132927585353199_IN_AM_ME,47742,83.59%,
2T,VW_DH_VW_VF_nzoth_yogg_cthun_3132926511603199_Mis_IV_ME,47741,83.58%,
2T,VW_DH_TV_VF_yshaarj_nzoth_yogg_4049522998443503_Mis_IV_DR_DS,47737,83.57%,
2T,VW_DH_VW_VF_yshaarj_nzoth_yogg_3977635983318511_Mis_AM_DR,47736,83.56%,
2T,VW_DH_TV_VF_nzoth_yogg_cthun_3132798803434991_IN_AM_ME,47736,83.56%,
2T,VW_DH_TV_VF_nzoth_yogg_cthun_3150259925876207_Mis_IV_ME_DS,47734,83.56%,
2T,VW_DH_VW_VF_yshaarj_nzoth_yogg_3977773422271983_Mis_IV_DR,47734,83.55%,
2T,VW_DH_VW_VF_nzoth_yogg_cthun_3135006349516271_IN_AM_DR_DS,47734,83.55%,
2T,VW_DH_TV_VF_yshaarj_nzoth_yogg_3979712600006127_Mis_IV_DR_DS,47732,83.55%,
2T,AR_EC_VF_yshaarj_nzoth_yogg_3977567188409839_IN_IV_DR,47727,83.53%,
2T,VW_DH_TV_VF_yshaarj_nzoth_yogg_3979712600006127_Mis_IV_ME_DS,47726,83.52%,
2T,VW_DH_TV_VF_nzoth_yogg_cthun_3150244894006767_Mis_IV_DR,47725,83.52%,
2T,VW_DH_TV_VF_nzoth_yogg_cthun_3132942684839407_IN_AM_ME_DS,47716,83.48%,
2T,AR_EC_VF_nzoth_yogg_cthun_3132859058871791_IN_IV_DR,47712,83.47%,
2T,AR_EC_VF_yshaarj_nzoth_yogg_4013438755266031_IN_IV_DR,47711,83.47%,
2T,VW_DH_VW_VF_nzoth_yogg_cthun_3132791220133375_IN_AM_ME,47704,83.44%,
2T,VW_DH_VW_VF_yshaarj_nzoth_yogg_3977772348530159_Mis_AM_ME,47704,83.44%,
2T,VW_DH_TV_VF_nzoth_yogg_cthun_3132858865868287_Mis_AM_DR,47702,83.43%,
2T,VW_DH_TV_VF_yshaarj_nzoth_yogg_4049524072177135_Mis_IV_ME_DS,47702,83.43%,
2T,AR_SP_VF_nzoth_yogg_cthun_3132996229389807_IN_IV_ME,47701,83.43%,
2T,VW_DH_TV_VF_yshaarj_nzoth_yogg_4049660437388783_Mis_IV_ME_DS,47700,83.43%,
2T,VW_DH_VW_VF_nzoth_yogg_cthun_3150259925876207_IN_AM_ME_DS,47699,83.42%,
2T,VW_DH_TV_VF_yshaarj_nzoth_cthun_3696298445561327_Mis_IV_DR,47698,83.42%,
2T,VW_DH_TV_VF_nzoth_yogg_cthun_3132798736850415_IN_AM_ME,47694,83.40%,
2T,VW_DH_TV_VF_nzoth_yogg_cthun_3150244893482495_Mis_IV_ME,47691,83.39%,
2T,AR_SW_VF_nzoth_yogg_cthun_3150313470942703_IN_IV_DR,47688,83.38%,
2T,VW_DH_TV_VF_yshaarj_nzoth_yogg_3977651015704047_Mis_IV_ME_DS,47688,83.38%,
2T,AR_EC_VF_nzoth_yogg_cthun_3150313470942703_Mis_IV_DR,47687,83.37%,
2T,VW_DH_VW_VF_nzoth_yogg_cthun_3132858865868287_Mis_AM_DR,47684,83.36%,
2T,VW_DH_TV_VF_yshaarj_nzoth_yogg_4049522998959599_IN_AM_ME_DS,47682,83.36%,
2T,VW_DH_TV_VF_nzoth_yogg_cthun_3132806253043183_IN_AM_ME_DS,47677,83.34%,
2T,VW_DH_VW_VF_nzoth_yogg_cthun_3132942684839407_IN_AM_ME_DS,47676,83.33%,
2T,VW_DH_VW_VF_nzoth_yogg_cthun_3132798803434991_IN_AM_DR,47674,83.33%,
2T,VW_DH_VW_VF_nzoth_yogg_cthun_3132808400002543_IN_AM_ME_DS,47673,83.32%,
2T,VW_DH_TV_VF_nzoth_yogg_cthun_3135004202556911_IN_AM_ME_DS,47671,83.31%,
2T,AR_EC_VF_yshaarj_nzoth_yogg_4014400827940335_Mis_IV_DR,47669,83.31%,
2T,VW_DH_TV_VF_nzoth_yogg_cthun_3135004202032639_IN_AM_DR_DS,47664,83.29%,
2T,AR_EC_VF_yshaarj_nzoth_yogg_4014400760839663_IN_IV_DR,47664,83.29%,
2T,VW_DH_VW_VF_nzoth_yogg_cthun_3150259926392303_IN_AM_ME_DS,47664,83.29%,
2T,VW_DH_TV_VF_nzoth_yogg_cthun_3150534803774959_Mis_IV_DR_DS,47661,83.27%,
2T,VW_DH_VW_VF_yshaarj_nzoth_yogg_3977513577274863_Mis_IV_ME_DS,47661,83.27%,
2T,VW_DH_VW_VF_nzoth_yogg_cthun_3132807326260735_IN_IV_DR_DS,47659,83.27%,
2T,VW_DH_VW_VF_yshaarj_nzoth_yogg_3977635983318511_Mis_AM_ME,47659,83.27%,
2T,AR_SP_VF_nzoth_yogg_cthun_3150313470418431_IN_IV_DR,47658,83.26%,
2T,VW_DH_TV_VF_nzoth_yogg_cthun_3150244894006767_Mis_IV_ME,47656,83.26%,
2T,VW_DH_VW_VF_nzoth_yogg_cthun_3133363524525551_IN_AM_ME_DS,47654,83.25%,
2T,VW_DH_TV_VF_yshaarj_nzoth_yogg_3977513577274863_IN_AM_DR_DS,47653,83.24%,
2T,AR_EC_VF_nzoth_yogg_cthun_3132996229389807_Mis_IV_DR,47647,83.22%,
2T,VW_DH_VW_VF_yshaarj_nzoth_yogg_4049516555984367_Mis_AM_DR,47646,83.22%,
2T,AR_SP_VF_nzoth_yogg_cthun_3132859058871791_IN_IV_ME,47643,83.20%,
2T,VW_DH_TV_VF_nzoth_yogg_cthun_3150243819748847_Mis_AM_ME,47641,83.20%,
2T,AR_EC_VF_yshaarj_nzoth_yogg_4013438755266031_Mis_IV_ME,47638,83.19%,
2T,VW_DH_VW_VF_yshaarj_nzoth_cthun_3696298445561327_Mis_AM_DR,47638,83.18%,
2T,VW_DH_TV_VF_yshaarj_nzoth_yogg_3977499618106863_Mis_IV_DR,47635,83.18%,
2T,VW_DH_TV_VF_yshaarj_nzoth_yogg_3979696493878767_Mis_AM_ME,47635,83.18%,
2T,AR_SW_VF_nzoth_yogg_cthun_3150313470942703_IN_IV_ME,47635,83.17%,
2T,VW_DH_TV_VF_yshaarj_nzoth_yogg_3977514650492399_Mis_IV_DR_DS,47629,83.15%,
2T,VW_DH_TV_VF_nzoth_yogg_cthun_3205372946210287_Mis_IV_ME_DS,47629,83.15%,
2T,AR_EC_VF_nzoth_yogg_cthun_3132859864178159_IN_IV_DR,47629,83.15%,
2T,VW_DH_VW_VF_nzoth_yogg_cthun_3132927585869295_IN_AM_ME,47628,83.15%,
2T,AR_SW_VF_nzoth_yogg_cthun_3132996229389807_IN_IV_DR,47625,83.14%,
2T,VW_DH_TV_VF_nzoth_yogg_cthun_3132867455803373_IN_IV_ME,47625,83.14%,
2T,VW_DH_TV_VF_nzoth_yogg_cthun_3132944765214191_IN_AM_DR_DS,47624,83.13%,
2T,VW_DH_TV_VF_nzoth_yogg_cthun_3150518697647599_Mis_AM_ME,47624,83.13%,
2T,VW_DH_TV_VF_nzoth_yogg_cthun_3150243820264943_Mis_AM_DR,47622,83.12%,
2T,VW_DH_TV_VF_nzoth_yogg_cthun_3150259925868031_Mis_IV_DR_DS,47621,83.12%,
2T,VW_DH_TV_VF_nzoth_yogg_cthun_3132943691472367_Mis_IV_DR_DS,47620,83.12%,
2T,VW_DH_VW_VF_nzoth_yogg_cthun_3132806252518911_IN_AM_DR_DS,47620,83.12%,
2T,VW_DH_VW_VF_nzoth_yogg_cthun_3132808400002543_IN_AM_DR_DS,47620,83.12%,
2T,AR_EC_VF_yshaarj_nzoth_yogg_4014400827940335_IN_IV_ME,47619,83.11%,
2T,VW_DH_TV_VF_nzoth_yogg_cthun_3150252409675247_Mis_AM_ME,47619,83.11%,
2T,VW_DH_VW_VF_nzoth_yogg_cthun_3150268515802607_Mis_IV_DR_DS,47619,83.11%,
2T,VW_DH_VW_VF_nzoth_yogg_cthun_3132814842453487_IN_AM_DR_DS,47609,83.08%,
2T,AR_EC_VF_nzoth_yogg_cthun_3132996162805231_IN_IV_DR,47605,83.06%,
2T,VW_DH_TV_VF_yshaarj_nzoth_yogg_3977567263842285_IN_IV_ME,47604,83.05%,
2T,VW_DH_TV_VF_yshaarj_nzoth_yogg_3977513576758767_Mis_IV_DR_DS,47601,83.05%,
2T,VW_DH_TV_VF_yshaarj_nzoth_yogg_4049522998435327_IN_AM_ME_DS,47601,83.04%,
2T,VW_DH_VW_VF_nzoth_yogg_cthun_3150243819740671_Mis_AM_DR,47600,83.04%,
2T,AR_SP_VF_nzoth_yogg_cthun_3132859058871791_IN_IV_DR,47600,83.04%,
2T,VW_DH_TV_VF_nzoth_yogg_cthun_3133348492140015_IN_AM_ME,47597,83.03%,
2T,VW_DH_VW_VF_nzoth_yogg_cthun_3150252409675247_Mis_AM_DR,47591,83.01%,
2T,VW_DH_VW_VF_nzoth_yogg_cthun_3150518697647599_Mis_AM_DR,47590,83.00%,
2T,VW_DH_VW_VF_nzoth_yogg_cthun_3135004202556911_IN_AM_DR_DS,47590,83.00%,
2T,VW_DH_TV_VF_nzoth_yogg_cthun_3132813768719855_IN_AM_DR_DS,47589,83.00%,
2T,VW_DH_TV_VF_yshaarj_nzoth_yogg_3979697567620591_Mis_IV_DR,47588,82.99%,
2T,VW_DH_TV_VF_nzoth_yogg_cthun_3132806253043183_IN_AM_DR_DS,47583,82.97%,
2T,VW_DH_VW_VF_nzoth_yogg_cthun_3150244893482495_Mis_IV_ME,47576,82.95%,
2T,VW_DH_VW_VF_nzoth_yogg_cthun_3132951207665135_IN_AM_ME_DS,47575,82.94%,
2T,VW_DH_VW_VF_nzoth_yogg_cthun_3132858866393069_IN_IV_ME,47573,82.94%,
2T,VW_DH_VW_VF_nzoth_yogg_cthun_3132927652453871_Mis_IV_ME,47571,82.93%,
2T,VW_DH_VW_VF_nzoth_yogg_cthun_3132813768719855_IN_AM_DR_DS,47570,82.92%,
2T,VW_DH_TV_VF_nzoth_yogg_cthun_3152458949123567_Mis_AM_DR_DS,47569,82.92%,
2T,VW_DH_VW_VF_nzoth_yogg_cthun_3132928659086831_Mis_IV_ME,47565,82.91%,
2T,VW_DH_VW_VF_yshaarj_nzoth_yogg_3977499618106863_Mis_AM_ME,47564,82.90%,
2T,VW_DH_TV_VF_nzoth_yogg_cthun_3150268515802607_Mis_IV_DR_DS,47564,82.90%,
2T,AR_SP_VF_yshaarj_nzoth_yogg_4014400827940335_IN_IV_DR,47562,82.89%,
2T,AR_EC_VF_nzoth_yogg_cthun_3150313470418431_IN_IV_ME,47560,82.89%,
2T,VW_DH_VW_VF_nzoth_yogg_cthun_3132797662592495_Mis_IV_ME,47560,82.89%,
2T,VW_DH_TV_VF_nzoth_yogg_cthun_3132927585345023_IN_AM_ME,47558,82.88%,
2T,VW_DH_VW_VF_yshaarj_nzoth_yogg_4049797876342255_Mis_IV_ME_DS,47557,82.87%,
2T,VW_DH_VW_VF_yshaarj_nzoth_yogg_3977497471147503_Mis_AM_DR,47555,82.87%,
2T,VW_DH_VW_VF_yshaarj_nzoth_yogg_3979712600006127_Mis_AM_ME_DS,47554,82.86%,
2T,VW_DH_TV_VF_nzoth_yogg_cthun_3135004202032639_IN_AM_ME_DS,47552,82.85%,
2T,VW_DH_VW_VF_nzoth_yogg_cthun_3132926512127471_Mis_IV_DR,47549,82.84%,
2T,VW_DH_TV_VF_yshaarj_nzoth_yogg_3977498544373231_Mis_IV_ME,47549,82.84%,
2T,VW_DH_VW_VF_nzoth_yogg_cthun_3150244894006767_Mis_IV_DR,47547,82.84%,
2T,AR_EC_VF_yshaarj_nzoth_yogg_4014400761355759_IN_IV_DR,47547,82.83%,
2T,VW_DH_TV_VF_nzoth_yogg_cthun_3133348492140015_IN_AM_DR,47541,82.81%,
2T,VW_DH_VW_VF_nzoth_yogg_cthun_3132876045737455_Mis_AM_ME_DS,47541,82.81%,
2T,VW_DH_VW_VF_nzoth_yogg_cthun_3132798736334319_IN_AM_ME,47540,82.81%,
2T,VW_DH_VW_VF_nzoth_yogg_cthun_3132858865868287_Mis_AM_ME,47540,82.81%,
2T,AR_EC_VF_yshaarj_nzoth_yogg_4013438688681455_Mis_IV_DR,47539,82.80%,
2T,AR_EC_VF_yshaarj_nzoth_yogg_3977567188409839_IN_IV_ME,47534,82.79%,
2T,VW_DH_TV_VF_nzoth_yogg_cthun_3150245967224303_Mis_AM_DR,47532,82.78%,
2T,VW_DH_TV_VF_nzoth_yogg_cthun_3132927585353199_Mis_IV_ME,47530,82.77%,
2T,VW_DH_VW_VF_nzoth_yogg_cthun_3150259925868031_IN_AM_ME_DS,47529,82.77%,
2T,VW_DH_VW_VF_yshaarj_nzoth_yogg_3977497471147503_Mis_AM_ME,47526,82.76%,
2T,VW_DH_TV_VF_nzoth_yogg_cthun_3150259925868031_IN_AM_ME_DS,47525,82.75%,
2T,VW_DH_TV_VF_yshaarj_nzoth_yogg_3979696493878767_Mis_AM_DR,47524,82.75%,
2T,VW_DH_VW_VF_yshaarj_nzoth_yogg_3977514650492399_Mis_AM_ME_DS,47519,82.73%,
2T,VW_DH_VW_VF_nzoth_yogg_cthun_3150244894006767_Mis_IV_ME,47517,82.72%,
2T,VW_DH_TV_VF_nzoth_yogg_cthun_3135005275774447_Mis_IV_DR_DS,47516,82.72%,
2T,VW_DH_TV_VF_yshaarj_nzoth_cthun_3696298445561327_Mis_IV_ME,47516,82.72%,
2T,AR_SW_VF_nzoth_yogg_cthun_3150313537527279_IN_AM_DR,47514,82.71%,
2T,VW_DH_TV_VF_nzoth_yogg_cthun_3132942618254831_IN_AM_DR_DS,47514,82.71%,
2T,VW_DH_TV_VF_nzoth_yogg_cthun_3132876045737455_Mis_AM_DR_DS,47513,82.71%,
2T,VW_DH_TV_VF_nzoth_yogg_cthun_3150313612959725_IN_IV_ME,47512,82.70%,
2T,VW_DH_TV_VF_nzoth_yogg_cthun_3132791220141551_Mis_IV_DR,47511,82.70%,
2T,VW_DH_VW_VF_nzoth_yogg_cthun_3135004202032639_IN_AM_DR_DS,47510,82.70%,
2T,AR_EC_VF_nzoth_yogg_cthun_3132859864178159_IN_IV_ME,47508,82.69%,
2T,AR_SW_VF_yshaarj_nzoth_yogg_4013438755266031_Mis_IV_DR,47508,82.69%,
2T,VW_DH_TV_VF_nzoth_yogg_cthun_3132813835820527_IN_AM_DR_DS,47507,82.68%,
2T,VW_DH_VW_VF_nzoth_yogg_cthun_3150259925876207_Mis_IV_ME_DS,47506,82.68%,
2T,VW_DH_TV_VF_nzoth_yogg_cthun_3132926511611375_Mis_AM_DR,47500,82.66%,
2T,VW_DH_VW_VF_nzoth_yogg_cthun_3133348492140015_IN_AM_DR,47499,82.65%,
2T,VW_DH_VW_VF_yshaarj_nzoth_yogg_4049516555984367_Mis_AM_ME,47498,82.65%,
2T,VW_DH_TV_VF_yshaarj_nzoth_yogg_3977497471147503_Mis_IV_ME,47496,82.64%,
2T,VW_DH_TV_VF_nzoth_yogg_cthun_3132927652453871_Mis_IV_DR,47494,82.63%,
2T,VW_DH_VW_VF_nzoth_yogg_cthun_3132944765214191_IN_AM_DR_DS,47494,82.63%,
2T,AR_SW_VF_nzoth_yogg_cthun_3132859058871791_IN_IV_DR,47489,82.61%,
2T,VW_DH_VW_VF_yshaarj_nzoth_yogg_3977514650492399_Mis_AM_DR_DS,47486,82.60%,
2T,VW_DH_VW_VF_nzoth_yogg_cthun_3150244893482495_Mis_IV_DR,47483,82.59%,
2T,VW_DH_VW_VF_nzoth_yogg_cthun_3133347418398191_Mis_IV_DR,47481,82.58%,
2T,AR_SP_VF_yshaarj_nzoth_yogg_3977567188409839_IN_IV_ME,47480,82.58%,
2T,AR_EC_VF_nzoth_yogg_cthun_3150313537527279_IN_AM_ME,47478,82.57%,
2T,AR_EC_VF_yshaarj_nzoth_yogg_4013301584748015_IN_IV_DR,47477,82.57%,
2T,AR_SP_VF_nzoth_yogg_cthun_3150313537527279_IN_AM_DR,47475,82.56%,
2T,VW_DH_TV_VF_nzoth_yogg_cthun_3132942617738735_IN_AM_ME_DS,47474,82.55%,
2T,VW_DH_TV_VF_nzoth_yogg_cthun_3132813768719855_IN_AM_ME_DS,47474,82.55%,
2T,VW_DH_TV_VF_nzoth_yogg_cthun_3132797662592495_Mis_IV_ME,47472,82.55%,
2T,VW_DH_TV_VF_nzoth_yogg_cthun_3132797729693167_Mis_IV_DR,47471,82.55%,
2T,VW_DH_VW_VF_yshaarj_nzoth_cthun_3696298445561327_Mis_AM_ME,47469,82.54%,
2T,VW_DH_VW_VF_nzoth_yogg_cthun_3150243820264943_Mis_AM_DR,47468,82.53%,
2T,VW_DH_VW_VF_yshaarj_nzoth_yogg_4049797876342255_Mis_IV_DR_DS,47467,82.53%,
2T,AR_EC_VF_nzoth_yogg_cthun_3150313537527279_Mis_AM_DR,47464,82.52%,
2T,VW_DH_VW_VF_nzoth_yogg_cthun_3133363524525551_IN_AM_DR_DS,47464,82.52%,
2T,VW_DH_VW_VF_nzoth_yogg_cthun_3132927585353199_Mis_IV_ME,47463,82.51%,
2T,VW_DH_VW_VF_nzoth_yogg_cthun_3132996304822253_IN_IV_ME,47463,82.51%,
2T,VW_DH_TV_VF_nzoth_yogg_cthun_3135004202040815_Mis_IV_DR_DS,47461,82.51%,
2T,VW_DH_TV_VF_yshaarj_nzoth_yogg_3977498544373231_Mis_IV_DR,47457,82.49%,
2T,VW_DH_TV_VF_nzoth_yogg_cthun_3132813835820527_IN_AM_ME_DS,47456,82.49%,
2T,VW_DH_TV_VF_nzoth_yogg_cthun_3150243819740671_Mis_AM_ME,47455,82.48%,
2T,AR_EC_VF_yshaarj_nzoth_yogg_4013438688165359_Mis_IV_DR,47454,82.48%,
2T,AR_SP_VF_yshaarj_nzoth_yogg_3977567188409839_IN_IV_DR,47451,82.47%,
2T,VW_DH_TV_VF_nzoth_yogg_cthun_3150244960591343_Mis_AM_DR,47448,82.46%,
2T,VW_DH_VW_VF_nzoth_yogg_cthun_3150245967224303_Mis_AM_DR,47443,82.44%,
2T,VW_DH_VW_VF_nzoth_yogg_cthun_3132806319627759_IN_AM_ME_DS,47443,82.43%,
2T,VW_DH_TV_VF_yshaarj_nzoth_cthun_3768322899631599_Mis_IV_DR_DS,47442,82.43%,
2T,VW_DH_VW_VF_yshaarj_nzoth_cthun_3696313477946863_Mis_AM_ME_DS,47441,82.43%,
2T,VW_DH_TV_VF_nzoth_yogg_cthun_3132806252527087_Mis_IV_DR_DS,47440,82.43%,
2T,VW_DH_VW_VF_yshaarj_nzoth_yogg_4049524072177135_Mis_AM_DR_DS,47439,82.42%,
2T,AR_EC_VF_nzoth_yogg_cthun_3132996162289135_IN_IV_ME,47438,82.42%,
2T,AR_EC_VF_yshaarj_nzoth_yogg_3977567121309167_IN_IV_DR,47436,82.41%,
2T,VW_DH_TV_VF_nzoth_yogg_cthun_3132942618254831_IN_AM_ME_DS,47436,82.41%,
2T,AR_SP_VF_nzoth_yogg_cthun_3150313470942703_Mis_IV_DR,47435,82.41%,
2T,VW_DH_TV_VF_nzoth_yogg_cthun_3205372946210287_Mis_IV_DR_DS,47435,82.40%,
2T,AR_SW_VF_nzoth_yogg_cthun_3150313470942703_Mis_IV_DR,47434,82.40%,
2T,VW_DH_TV_VF_nzoth_yogg_cthun_3132859939610605_IN_IV_DR,47434,82.40%,
2T,VW_DH_TV_VF_nzoth_yogg_cthun_3132942617738735_Mis_IV_DR_DS,47432,82.39%,
2T,VW_DH_TV_VF_nzoth_yogg_cthun_3135005275774447_Mis_IV_ME_DS,47431,82.39%,
2T,VW_DH_VW_VF_nzoth_yogg_cthun_3132806252518911_IN_AM_ME_DS,47429,82.38%,
2T,AR_EC_VF_nzoth_yogg_cthun_3132996162805231_IN_IV_ME,47428,82.38%,
2T,VW_DH_TV_VF_yshaarj_nzoth_yogg_3977514650492399_Mis_IV_ME_DS,47428,82.38%,
2T,AR_EC_VF_nzoth_yogg_cthun_3132858790960623_IN_IV_ME,47426,82.37%,
2T,VW_DH_VW_VF_nzoth_yogg_cthun_3132876045737455_Mis_AM_DR_DS,47424,82.36%,
2T,AR_EC_VF_nzoth_yogg_cthun_3150313470426607_Mis_IV_ME,47423,82.36%,
2T,AR_EC_VF_nzoth_yogg_cthun_3150313470942703_Mis_IV_ME,47419,82.35%,
2T,AR_SP_VF_yshaarj_nzoth_yogg_4013301584748015_Mis_IV_DR,47415,82.33%,
2T,VW_DH_VW_VF_yshaarj_nzoth_yogg_4049531588369903_Mis_AM_DR_DS,47414,82.32%,
2T,VW_DH_TV_VF_nzoth_yogg_cthun_3132798736850415_IN_AM_DR,47413,82.32%,
2T,VW_DH_VW_VF_nzoth_yogg_cthun_3132927585345023_IN_AM_ME,47409,82.31%,
2T,VW_DH_TV_VF_nzoth_yogg_cthun_3150245967224303_Mis_AM_ME,47406,82.29%,
2T,VW_DH_TV_VF_nzoth_yogg_cthun_3132996304822253_IN_IV_ME,47405,82.29%,
2T,VW_DH_TV_VF_nzoth_yogg_cthun_3132798736326143_IN_AM_ME,47402,82.28%,
2T,VW_DH_TV_VF_nzoth_yogg_cthun_3132944765214191_IN_AM_ME_DS,47401,82.28%,
2T,VW_DH_TV_VF_nzoth_yogg_cthun_3132858865876973_IN_IV_ME,47398,82.26%,
2T,VW_DH_VW_VF_yshaarj_nzoth_yogg_3977498544373231_Mis_AM_DR,47397,82.26%,
2T,AR_EC_VF_yshaarj_nzoth_yogg_3977567121825263_IN_IV_ME,47397,82.26%,
2T,VW_DH_VW_VF_nzoth_yogg_cthun_3150259925868031_Mis_IV_DR_DS,47395,82.25%,
2T,VW_DH_VW_VF_nzoth_yogg_cthun_3132806253043183_IN_AM_DR_DS,47393,82.24%,
2T,VW_DH_TV_VF_nzoth_yogg_cthun_3132936175279599_Mis_IV_DR,47391,82.24%,
2T,VW_DH_VW_VF_nzoth_yogg_cthun_3132798736850415_IN_AM_ME,47390,82.23%,
2T,AR_SP_VF_yshaarj_nzoth_yogg_4014400761355759_IN_IV_DR,47382,82.20%,
2T,AR_EC_VF_nzoth_yogg_cthun_3150313470942703_IN_AM_DR,47373,82.17%,
2T,VW_DH_VW_VF_nzoth_yogg_cthun_3132867455803373_IN_IV_ME,47373,82.17%,
2T,VW_DH_TV_VF_yshaarj_nzoth_yogg_3977513643859439_Mis_IV_ME_DS,47372,82.16%,
2T,AR_SW_VF_nzoth_yogg_cthun_3132996229389807_IN_IV_ME,47371,82.16%,
2T,VW_DH_TV_VF_nzoth_yogg_cthun_3132927652453871_Mis_IV_ME,47369,82.15%,
2T,VW_DH_TV_VF_nzoth_yogg_cthun_3132942617730559_IN_AM_DR_DS,47369,82.15%,
2T,VW_DH_VW_VF_nzoth_yogg_cthun_3135004202032639_IN_AM_ME_DS,47368,82.15%,
2T,AR_SW_VF_nzoth_yogg_cthun_3150313470426607_IN_IV_ME,47368,82.15%,
2T,AR_EC_VF_yshaarj_nzoth_yogg_4013301584748015_Mis_IV_ME,47368,82.15%,
2T,AR_SP_VF_yshaarj_nzoth_yogg_4013301584748015_IN_IV_DR,47366,82.14%,
2T,VW_DH_VW_VF_nzoth_yogg_cthun_3150268515802607_Mis_IV_ME_DS,47364,82.13%,
2T,VW_DH_TV_VF_nzoth_yogg_cthun_3132943691472367_Mis_IV_ME_DS,47363,82.13%,
2T,VW_DH_TV_VF_nzoth_yogg_cthun_3132926578712047_Mis_AM_DR,47362,82.12%,
2T,VW_DH_TV_VF_nzoth_yogg_cthun_3133363524525551_IN_AM_DR_DS,47357,82.11%,
2T,VW_DH_VW_VF_yshaarj_nzoth_cthun_3696313477946863_Mis_AM_DR_DS,47356,82.10%,
2T,VW_DH_TV_VF_nzoth_yogg_cthun_3150244893490671_Mis_AM_DR,47354,82.09%,
2T,VW_DH_TV_VF_nzoth_yogg_cthun_3132876045737455_Mis_AM_ME_DS,47353,82.09%,
2T,AR_SW_VF_nzoth_yogg_cthun_3132859864178159_IN_IV_DR,47352,82.09%,
2T,VW_DH_VW_VF_nzoth_yogg_cthun_3132926511611375_Mis_AM_DR,47350,82.08%,
2T,VW_DH_VW_VF_yshaarj_nzoth_yogg_3977651015704047_Mis_AM_ME_DS,47347,82.07%,
2T,VW_DH_VW_VF_yshaarj_nzoth_yogg_3977567263842285_IN_AM_DR,47346,82.06%,
2T,VW_DH_VW_VF_nzoth_yogg_cthun_3132943691472367_Mis_IV_DR_DS,47345,82.06%,
2T,VW_DH_TV_VF_nzoth_yogg_cthun_3150534803774959_Mis_IV_ME_DS,47342,82.05%,
2T,VW_DH_VW_VF_nzoth_yogg_cthun_3132806253043183_IN_AM_ME_DS,47340,82.04%,
2T,VW_DH_TV_VF_yshaarj_nzoth_cthun_3696297371819503_Mis_AM_ME,47337,82.03%,
2T,AR_EC_VF_nzoth_yogg_cthun_3132996162289135_IN_IV_DR,47337,82.03%,
2T,VW_DH_VW_VF_nzoth_yogg_cthun_3132791220141551_Mis_IV_ME,47331,82.01%,
2T,VW_DH_TV_VF_nzoth_yogg_cthun_3135004202040815_Mis_IV_ME_DS,47331,82.01%,
2T,VW_DH_TV_VF_yshaarj_nzoth_yogg_3977497470631407_Mis_AM_DR,47330,82.00%,
2T,VW_DH_TV_VF_nzoth_yogg_cthun_3134997759581679_Mis_IV_ME,47326,81.99%,
2T,VW_DH_TV_VF_nzoth_yogg_cthun_3132798736326143_IN_AM_DR,47325,81.98%,
2T,VW_DH_TV_VF_yshaarj_nzoth_cthun_3696313477946863_Mis_IV_ME_DS,47324,81.98%,
2T,VW_DH_TV_VF_nzoth_yogg_cthun_3133363524525551_IN_AM_ME_DS,47318,81.96%,
2T,VW_DH_VW_VF_nzoth_yogg_cthun_3150518697647599_Mis_AM_ME,47317,81.95%,
2T,VW_DH_VW_VF_nzoth_yogg_cthun_3150534803774959_Mis_IV_DR_DS,47316,81.95%,
2T,VW_DH_VW_VF_yshaarj_nzoth_yogg_4049660437388783_Mis_AM_DR_DS,47316,81.95%,
2T,VW_DH_TV_VF_nzoth_yogg_cthun_3150262073351663_Mis_IV_DR_DS,47315,81.94%,
2T,AR_SP_VF_nzoth_yogg_cthun_3132996162805231_IN_IV_DR,47315,81.94%,
2T,VW_DH_TV_VF_yshaarj_nzoth_yogg_4049523065544175_Mis_IV_DR_DS,47313,81.94%,
2T,VW_DH_TV_VF_nzoth_yogg_cthun_3150259926392303_Mis_IV_DR_DS,47310,81.92%,
2T,AR_EC_VF_yshaarj_nzoth_yogg_4013438688681455_IN_IV_DR,47310,81.92%,
2T,VW_DH_VW_VF_nzoth_yogg_cthun_3205372946210287_Mis_IV_DR_DS,47309,81.92%,
2T,AR_EC_VF_nzoth_yogg_cthun_3150313470418431_Mis_IV_DR,47306,81.91%,
2T,VW_DH_VW_VF_nzoth_yogg_cthun_3150252409675247_Mis_AM_ME,47306,81.91%,
2T,AR_SP_VF_yshaarj_nzoth_yogg_4014400760839663_IN_IV_DR,47305,81.90%,
2T,VW_DH_VW_VF_yshaarj_nzoth_yogg_3977498611473903_Mis_AM_ME,47303,81.90%,
2T,AR_SP_VF_nzoth_yogg_cthun_3132996162289135_IN_IV_ME,47302,81.90%,
2T,AR_SP_VF_nzoth_yogg_cthun_3150313470942703_Mis_IV_ME,47301,81.89%,
2T,VW_DH_TV_VF_nzoth_yogg_cthun_3150243820264943_Mis_AM_ME,47301,81.89%,
2T,VW_DH_TV_VF_yshaarj_nzoth_yogg_3977513576758767_Mis_IV_ME_DS,47299,81.88%,
2T,AR_SP_VF_nzoth_yogg_cthun_3150313470418431_IN_IV_ME,47299,81.88%,
2T,VW_DH_VW_VF_nzoth_yogg_cthun_3135004202040815_Mis_IV_DR_DS,47299,81.88%,
2T,AR_SP_VF_nzoth_yogg_cthun_3132996229389807_Mis_IV_DR,47297,81.88%,
2T,VW_DH_VW_VF_nzoth_yogg_cthun_3132942617738735_IN_AM_ME_DS,47296,81.87%,
2T,VW_DH_VW_VF_nzoth_yogg_cthun_3205372946210287_Mis_IV_ME_DS,47294,81.86%,
2T,VW_DH_TV_VF_nzoth_yogg_cthun_3132936175279599_Mis_IV_ME,47293,81.86%,
2T,VW_DH_VW_VF_nzoth_yogg_cthun_3132927652453871_Mis_IV_DR,47292,81.85%,
2T,VW_DH_VW_VF_nzoth_yogg_cthun_3132942618254831_IN_AM_DR_DS,47288,81.84%,
2T,VW_DH_TV_VF_nzoth_yogg_cthun_3132926578712047_Mis_AM_ME,47283,81.82%,
2T,VW_DH_TV_VF_nzoth_yogg_cthun_3150268515802607_Mis_IV_ME_DS,47283,81.82%,
2T,AR_EC_VF_yshaarj_nzoth_yogg_4013851072126447_Mis_IV_DR,47280,81.81%,
2T,VW_DH_VW_VF_yshaarj_nzoth_yogg_3977773422271983_Mis_AM_ME,47278,81.80%,
2T,AR_SP_VF_nzoth_yogg_cthun_3150313470426607_Mis_IV_ME,47277,81.80%,
2T,VW_DH_VW_VF_nzoth_yogg_cthun_3150243819740671_Mis_AM_ME,47275,81.79%,
2T,VW_DH_VW_VF_nzoth_yogg_cthun_3152458949123567_Mis_AM_DR_DS,47265,81.75%,
2T,VW_DH_VW_VF_nzoth_yogg_cthun_3132798736326143_IN_AM_ME,47262,81.74%,
2T,VW_DH_TV_VF_yshaarj_nzoth_yogg_3977497471147503_Mis_IV_DR,47261,81.74%,
2T,VW_DH_TV_VF_nzoth_yogg_cthun_3132797729693167_Mis_IV_ME,47259,81.73%,
2T,AR_EC_VF_nzoth_yogg_cthun_3132859797077487_IN_IV_ME,47259,81.73%,
2T,AR_EC_VF_nzoth_yogg_cthun_3132859797077487_IN_IV_DR,47258,81.73%,
2T,VW_DH_TV_VF_nzoth_yogg_cthun_3132791287242223_Mis_IV_ME,47257,81.72%,
2T,VW_DH_VW_VF_yshaarj_nzoth_yogg_3977513576758767_Mis_AM_DR_DS,47257,81.72%,
2T,AR_SW_VF_nzoth_yogg_cthun_3132996229389807_Mis_IV_DR,47255,81.71%,
2T,AR_SP_VF_nzoth_yogg_cthun_3132996162805231_IN_IV_ME,47254,81.71%,
2T,VW_DH_TV_VF_nzoth_yogg_cthun_3132815916195311_IN_AM_ME_DS,47252,81.70%,
2T,VW_DH_VW_VF_nzoth_yogg_cthun_3135004202556911_IN_AM_ME_DS,47252,81.70%,
2T,VW_DH_VW_VF_nzoth_yogg_cthun_3132942617730559_IN_AM_DR_DS,47250,81.69%,
2T,VW_DH_VW_VF_nzoth_yogg_cthun_3135005275774447_Mis_IV_DR_DS,47248,81.69%,
2T,VW_DH_VW_VF_nzoth_yogg_cthun_3132797729693167_Mis_IV_DR,47247,81.68%,
2T,VW_DH_VW_VF_nzoth_yogg_cthun_3132858865876973_IN_IV_DR,47246,81.68%,
2T,VW_DH_VW_VF_nzoth_yogg_cthun_3150262073351663_Mis_IV_ME_DS,47245,81.68%,
2T,VW_DH_TV_VF_nzoth_yogg_cthun_3133347418398191_Mis_IV_DR,47244,81.67%,
2T,VW_DH_VW_VF_yshaarj_nzoth_yogg_4049531588369903_Mis_AM_ME_DS,47241,81.66%,
2T,VW_DH_VW_VF_nzoth_yogg_cthun_3150244893490671_Mis_AM_DR,47240,81.65%,
2T,VW_DH_VW_VF_yshaarj_nzoth_yogg_4049525145918959_Mis_IV_DR_DS,47237,81.64%,
2T,VW_DH_VW_VF_yshaarj_nzoth_yogg_3977498611473903_Mis_AM_DR,47236,81.64%,
2T,VW_DH_TV_VF_nzoth_yogg_cthun_3132799810067951_Mis_IV_DR,47236,81.64%,
2T,VW_DH_TV_VF_nzoth_yogg_cthun_3132935101537775_Mis_AM_DR,47235,81.64%,
2T,AR_SW_VF_nzoth_yogg_cthun_3132859864178159_IN_IV_ME,47235,81.64%,
2T,VW_DH_VW_VF_nzoth_yogg_cthun_3132943691472367_Mis_IV_ME_DS,47234,81.63%,
2T,VW_DH_VW_VF_nzoth_yogg_cthun_3134997759581679_Mis_IV_ME,47230,81.62%,
2T,VW_DH_TV_VF_yshaarj_nzoth_yogg_3977634909576687_Mis_AM_ME,47230,81.62%,
2T,VW_DH_TV_VF_nzoth_yogg_cthun_3132807393369583_IN_AM_DR_DS,47230,81.62%,
2T,AR_SW_VF_nzoth_yogg_cthun_3150313470426607_IN_IV_DR,47229,81.62%,
2T,AR_SP_VF_yshaarj_nzoth_yogg_4013438688165359_Mis_IV_DR,47228,81.61%,
2T,AR_SP_VF_yshaarj_nzoth_yogg_4014400827940335_Mis_IV_DR,47228,81.61%,
2T,AR_SP_VF_nzoth_yogg_cthun_3132859797593583_IN_IV_ME,47227,81.61%,
2T,AR_SP_VF_yshaarj_nzoth_yogg_4014400827940335_IN_IV_ME,47225,81.60%,
2T,AR_SW_VF_yshaarj_nzoth_yogg_4014400827940335_IN_IV_DR,47225,81.60%,
2T,AR_EC_VF_nzoth_yogg_cthun_3132867380370927_IN_IV_DR,47223,81.59%,
2T,VW_DH_VW_VF_nzoth_yogg_cthun_3150313612959725_IN_IV_ME,47222,81.59%,
2T,VW_DH_TV_VF_nzoth_yogg_cthun_3132791220141551_Mis_IV_ME,47218,81.57%,
2T,VW_DH_VW_VF_nzoth_yogg_cthun_3132926512127471_Mis_IV_ME,47216,81.56%,
2T,VW_DH_VW_VF_nzoth_yogg_cthun_3132942617738735_Mis_IV_DR_DS,47212,81.55%,
2T,VW_DH_VW_VF_nzoth_yogg_cthun_3132798736850415_IN_AM_DR,47209,81.54%,
2T,VW_DH_TV_VF_yshaarj_nzoth_yogg_3977567263842285_IN_IV_DR,47203,81.52%,
2T,VW_DH_VW_VF_nzoth_yogg_cthun_3132813835820527_IN_AM_ME_DS,47201,81.50%,
2T,VW_DH_VW_VF_nzoth_yogg_cthun_3132858865876973_IN_IV_ME,47201,81.50%,
2T,VW_DH_TV_VF_nzoth_yogg_cthun_3132791287242223_Mis_IV_DR,47198,81.49%,
2T,AR_SW_VF_nzoth_yogg_cthun_3132859058871791_IN_IV_ME,47197,81.49%,
2T,VW_DH_VW_VF_nzoth_yogg_cthun_3132807326268911_IN_AM_DR_DS,47197,81.49%,
2T,AR_EC_VF_nzoth_yogg_cthun_3132859797593583_IN_IV_DR,47195,81.48%,
2T,AR_SP_VF_nzoth_yogg_cthun_3132859864178159_IN_IV_ME,47193,81.48%,
2T,VW_DH_VW_VF_nzoth_yogg_cthun_3150243819748847_Mis_AM_ME,47192,81.47%,
2T,VW_DH_VW_VF_nzoth_yogg_cthun_3132944765214191_IN_AM_ME_DS,47189,81.46%,
2T,AR_EC_VF_yshaarj_nzoth_yogg_3977567121825263_IN_IV_DR,47189,81.46%,
2T,AR_EC_VF_yshaarj_nzoth_yogg_4013438688165359_IN_IV_DR,47188,81.46%,
2T,AR_EC_VF_yshaarj_nzoth_yogg_4013438755266031_IN_IV_ME,47184,81.44%,
2T,AR_SW_VF_nzoth_yogg_cthun_3150313470418431_IN_IV_DR,47184,81.44%,
2T,AR_SP_VF_yshaarj_nzoth_yogg_3977567121825263_IN_IV_DR,47183,81.44%,
2T,VW_DH_TV_VF_yshaarj_nzoth_yogg_3977498611473903_Mis_IV_ME,47182,81.43%,
2T,VW_DH_TV_VF_yshaarj_nzoth_cthun_3696297371819503_Mis_AM_DR,47181,81.43%,
2T,AR_SP_VF_nzoth_yogg_cthun_3132858790960623_IN_IV_DR,47180,81.42%,
2T,AR_EC_VF_yshaarj_nzoth_yogg_3977567121300991_IN_IV_DR,47179,81.42%,
2T,AR_SW_VF_nzoth_yogg_cthun_3150313470942703_Mis_IV_ME,47177,81.41%,
2T,VW_DH_VW_VF_nzoth_yogg_cthun_3132926578712047_Mis_AM_DR,47176,81.41%,
2T,VW_DH_TV_VF_nzoth_yogg_cthun_3132942684839407_Mis_IV_DR_DS,47174,81.40%,
2T,AR_EC_VF_yshaarj_nzoth_yogg_4014400760839663_IN_IV_ME,47172,81.40%,
2T,VW_DH_TV_VF_yshaarj_nzoth_yogg_3977513643859439_Mis_IV_DR_DS,47171,81.39%,
2T,AR_SP_VF_nzoth_yogg_cthun_3132867380370927_IN_IV_DR,47167,81.37%,
2T,VW_DH_TV_VF_nzoth_yogg_cthun_3132813768711679_IN_AM_DR_DS,47164,81.36%,
2T,AR_SP_VF_yshaarj_nzoth_yogg_4013438755266031_Mis_IV_ME,47162,81.36%,
2T,VW_DH_TV_VF_yshaarj_nzoth_yogg_3977773422271983_Mis_IV_ME,47161,81.35%,
2T,VW_DH_VW_VF_nzoth_yogg_cthun_3132799810067951_Mis_IV_DR,47158,81.34%,
2T,VW_DH_VW_VF_nzoth_yogg_cthun_3135005275774447_Mis_IV_ME_DS,47157,81.34%,
2T,VW_DH_VW_VF_nzoth_yogg_cthun_3132859939610605_IN_IV_DR,47157,81.34%,
2T,VW_DH_VW_VF_yshaarj_nzoth_yogg_4049522998435327_Mis_IV_ME_DS,47156,81.33%,
2T,VW_DH_VW_VF_nzoth_yogg_cthun_3132936175279599_Mis_IV_DR,47154,81.32%,
2T,VW_DH_TV_VF_nzoth_yogg_cthun_3132797662584319_Mis_IV_ME,47154,81.32%,
2T,VW_DH_VW_VF_nzoth_yogg_cthun_3132813835820527_IN_AM_DR_DS,47153,81.32%,
2T,VW_DH_TV_VF_yshaarj_nzoth_cthun_3768322899631599_Mis_IV_ME_DS,47149,81.31%,
2T,VW_DH_TV_VF_nzoth_yogg_cthun_3132798736334319_Mis_IV_DR,47147,81.30%,
2T,AR_SP_VF_nzoth_yogg_cthun_3150313470426607_Mis_IV_DR,47146,81.30%,
2T,VW_DH_VW_VF_nzoth_yogg_cthun_3150245967224303_Mis_AM_ME,47146,81.30%,
2T,AR_EC_VF_yshaarj_nzoth_yogg_4013302390054383_Mis_IV_DR,47146,81.29%,
2T,AR_SW_VF_nzoth_yogg_cthun_3132996162805231_IN_IV_DR,47144,81.29%,
2T,VW_DH_TV_VF_nzoth_yogg_cthun_3150260999609839_Mis_AM_DR_DS,47144,81.29%,
2T,AR_SP_VF_nzoth_yogg_cthun_3132996162289135_IN_IV_DR,47141,81.27%,
2T,VW_DH_VW_VF_nzoth_yogg_cthun_3132806252527087_Mis_IV_DR_DS,47141,81.27%,
2T,AR_EC_VF_yshaarj_nzoth_yogg_4013438755266031_Mis_AM_DR,47139,81.27%,
2T,VW_DH_TV_VF_nzoth_yogg_cthun_3150259925868031_Mis_IV_ME_DS,47131,81.24%,
2T,VW_DH_TV_VF_nzoth_yogg_cthun_3132807326268911_IN_AM_ME_DS,47131,81.23%,
2T,VW_DH_VW_VF_yshaarj_nzoth_yogg_4049525145918959_Mis_IV_ME_DS,47130,81.23%,
2T,AR_EC_VF_nzoth_yogg_cthun_3150313537527279_Mis_AM_ME,47128,81.23%,
2T,VW_DH_VW_VF_yshaarj_nzoth_yogg_3977788454657519_Mis_AM_DR_DS,47128,81.23%,
2T,VW_DH_VW_VF_nzoth_yogg_cthun_3132936175279599_Mis_IV_ME,47127,81.22%,
2T,VW_DH_VW_VF_nzoth_yogg_cthun_3132798736326143_IN_AM_DR,47127,81.22%,
2T,VW_DH_TV_VF_nzoth_yogg_cthun_3132858932977645_IN_IV_ME,47126,81.22%,
2T,VW_DH_TV_VF_nzoth_yogg_cthun_3152458949123567_Mis_AM_ME_DS,47123,81.21%,
2T,AR_EC_VF_nzoth_yogg_cthun_3132858790960623_IN_IV_DR,47121,81.20%,
2T,VW_DH_VW_VF_nzoth_yogg_cthun_3132858932977645_IN_IV_ME,47121,81.20%,
2T,VW_DH_VW_VF_yshaarj_nzoth_yogg_4049522998435327_Mis_IV_DR_DS,47116,81.18%,
2T,VW_DH_VW_VF_nzoth_yogg_cthun_3132813768719855_IN_AM_ME_DS,47115,81.17%,
2T,VW_DH_TV_VF_nzoth_yogg_cthun_3132942617730559_IN_AM_ME_DS,47115,81.17%,
2T,AR_SW_VF_yshaarj_nzoth_yogg_4013438755266031_IN_IV_DR,47115,81.17%,
2T,VW_DH_VW_VF_yshaarj_nzoth_yogg_3977513643859439_Mis_AM_ME_DS,47112,81.16%,
2T,AR_SP_VF_nzoth_yogg_cthun_3150313537527279_IN_AM_ME,47110,81.16%,
2T,VW_DH_VW_VF_yshaarj_nzoth_yogg_3977513643859439_Mis_AM_DR_DS,47108,81.15%,
2T,VW_DH_VW_VF_nzoth_yogg_cthun_3132797662584319_Mis_IV_DR,47108,81.15%,
2T,AR_EC_VF_nzoth_yogg_cthun_3132996229389807_IN_AM_DR,47108,81.15%,
2T,VW_DH_VW_VF_nzoth_yogg_cthun_3134997759581679_Mis_IV_DR,47108,81.15%,
2T,VW_DH_TV_VF_nzoth_yogg_cthun_3132858865876973_IN_IV_DR,47105,81.14%,
2T,AR_SW_VF_nzoth_yogg_cthun_3132858790960623_IN_IV_ME,47104,81.13%,
2T,VW_DH_VW_VF_nzoth_yogg_cthun_3132942617730559_IN_AM_ME_DS,47104,81.13%,
2T,VW_DH_TV_VF_nzoth_yogg_cthun_3134997759581679_Mis_IV_DR,47103,81.13%,
2T,VW_DH_VW_VF_nzoth_yogg_cthun_3150260999609839_Mis_AM_DR_DS,47102,81.13%,
2T,VW_DH_TV_VF_yshaarj_nzoth_yogg_4049523065544175_Mis_IV_ME_DS,47101,81.12%,
2T,VW_DH_VW_VF_nzoth_yogg_cthun_3150534803774959_Mis_IV_ME_DS,47099,81.11%,
2T,AR_EC_VF_nzoth_yogg_cthun_3132996229389807_Mis_IV_ME,47098,81.11%,
2T,AR_EC_VF_yshaarj_nzoth_yogg_4013302390054383_IN_IV_DR,47098,81.11%,
2T,VW_DH_VW_VF_nzoth_yogg_cthun_3133347418398191_Mis_IV_ME,47097,81.11%,
2T,AR_SP_VF_yshaarj_nzoth_yogg_4013438688681455_IN_IV_DR,47095,81.10%,
2T,AR_EC_VF_yshaarj_nzoth_yogg_4014400827940335_IN_AM_DR,47092,81.09%,
2T,AR_SW_VF_nzoth_yogg_cthun_3132996162289135_IN_IV_DR,47092,81.09%,
2T,VW_DH_TV_VF_nzoth_yogg_cthun_3132815916195311_IN_AM_DR_DS,47091,81.08%,
2T,VW_DH_TV_VF_nzoth_yogg_cthun_3132807393369583_IN_AM_ME_DS,47088,81.07%,
2T,VW_DH_TV_VF_nzoth_yogg_cthun_3132799810067951_Mis_IV_ME,47082,81.05%,
2T,VW_DH_TV_VF_nzoth_yogg_cthun_3150244960591343_Mis_AM_ME,47082,81.05%,
2T,VW_DH_TV_VF_nzoth_yogg_cthun_3132797662584319_Mis_IV_DR,47078,81.03%,
2T,AR_SP_VF_nzoth_yogg_cthun_3132996229389807_Mis_IV_ME,47078,81.03%,
2T,AR_SP_VF_nzoth_yogg_cthun_3132859864178159_IN_IV_DR,47078,81.03%,
2T,VW_DH_VW_VF_yshaarj_nzoth_yogg_3977498544373231_Mis_AM_ME,47077,81.03%,
2T,VW_DH_VW_VF_yshaarj_nzoth_yogg_4049522998959599_Mis_IV_DR_DS,47077,81.03%,
2T,AR_EC_VF_yshaarj_nzoth_yogg_4014400827940335_Mis_IV_ME,47074,81.02%,
2T,VW_DH_TV_VF_nzoth_yogg_cthun_3133347418398191_Mis_IV_ME,47070,81.00%,
2T,VW_DH_TV_VF_nzoth_yogg_cthun_3134996685839855_Mis_AM_DR,47068,80.99%,
2T,VW_DH_VW_VF_nzoth_yogg_cthun_3132797729693167_Mis_IV_ME,47066,80.99%,
2T,VW_DH_VW_VF_nzoth_yogg_cthun_3150253483417071_Mis_AM_DR,47064,80.98%,
2T,VW_DH_VW_VF_nzoth_yogg_cthun_3132791287242223_Mis_IV_DR,47062,80.97%,
2T,VW_DH_VW_VF_nzoth_yogg_cthun_3150244960591343_Mis_AM_DR,47062,80.97%,
2T,VW_DH_TV_VF_nzoth_yogg_cthun_3150259992976879_Mis_AM_DR_DS,47061,80.97%,
2T,VW_DH_TV_VF_yshaarj_nzoth_yogg_3977498611473903_Mis_IV_DR,47061,80.97%,
2T,VW_DH_TV_VF_yshaarj_nzoth_cthun_3696313477946863_Mis_IV_DR_DS,47060,80.96%,
2T,VW_DH_VW_VF_nzoth_yogg_cthun_3132815916195311_IN_AM_ME_DS,47059,80.96%,
2T,VW_DH_VW_VF_nzoth_yogg_cthun_3132942618254831_IN_AM_ME_DS,47048,80.92%,
2T,VW_DH_TV_VF_nzoth_yogg_cthun_3132927585345023_Mis_IV_DR,47046,80.91%,
2T,AR_SW_VF_yshaarj_nzoth_yogg_4013301584748015_Mis_IV_DR,47046,80.91%,
2T,VW_DH_TV_VF_nzoth_yogg_cthun_3150262073351663_Mis_IV_ME_DS,47046,80.91%,
2T,AR_SW_VF_yshaarj_nzoth_yogg_3977567188409839_IN_IV_DR,47045,80.91%,
2T,VW_DH_TV_VF_nzoth_yogg_cthun_3132927585345023_Mis_IV_ME,47045,80.90%,
2T,VW_DH_VW_VF_yshaarj_nzoth_yogg_3977498544365055_Mis_AM_ME,47038,80.88%,
2T,AR_EC_VF_nzoth_yogg_cthun_3150313470418431_Mis_IV_ME,47036,80.87%,
2T,AR_SW_VF_nzoth_yogg_cthun_3150313470426607_Mis_IV_ME,47036,80.87%,
2T,VW_DH_TV_VF_yshaarj_nzoth_yogg_4049516555984367_Mis_AM_DR,47030,80.85%,
2T,AR_EC_VF_yshaarj_nzoth_yogg_4013438688157183_Mis_IV_DR,47028,80.84%,
2T,AR_SP_VF_nzoth_yogg_cthun_3150313537527279_Mis_AM_DR,47027,80.84%,
2T,VW_DH_VW_VF_nzoth_yogg_cthun_3132799810067951_Mis_IV_ME,47027,80.84%,
2T,AR_EC_VF_nzoth_yogg_cthun_3132859797593583_IN_IV_ME,47025,80.83%,
2T,VW_DH_VW_VF_nzoth_yogg_cthun_3132927585869295_Mis_IV_ME,47023,80.82%,
2T,AR_SP_VF_yshaarj_nzoth_yogg_4013438688165359_IN_IV_DR,47023,80.82%,
2T,VW_DH_TV_VF_nzoth_yogg_cthun_3150259926392303_Mis_IV_ME_DS,47020,80.81%,
2T,VW_DH_TV_VF_nzoth_yogg_cthun_3150259925876207_Mis_AM_DR_DS,47017,80.80%,
2T,AR_EC_VF_yshaarj_nzoth_yogg_4013438755266031_IN_AM_DR,47017,80.80%,
2T,VW_DH_TV_VF_yshaarj_nzoth_yogg_4049522998443503_Mis_IV_ME_DS,47014,80.79%,
2T,VW_DH_VW_VF_nzoth_yogg_cthun_3150259926392303_Mis_IV_DR_DS,47012,80.78%,
2T,AR_EC_VF_nzoth_yogg_cthun_3132858790444527_IN_IV_ME,47007,80.76%,
2T,AR_EC_VF_yshaarj_nzoth_yogg_4013447345200623_Mis_IV_DR_DS,47005,80.75%,
2T,VW_DH_TV_VF_yshaarj_nzoth_yogg_4049797876342255_Mis_IV_ME_DS,47004,80.75%,
2T,VW_DH_TV_VF_nzoth_yogg_cthun_3132813769235951_IN_AM_DR_DS,47004,80.75%,
2T,AR_SW_VF_nzoth_yogg_cthun_3132858790960623_IN_IV_DR,47002,80.74%,
2T,VW_DH_VW_VF_yshaarj_nzoth_yogg_4049522998959599_Mis_IV_ME_DS,47002,80.74%,
2T,AR_SW_VF_nzoth_yogg_cthun_3132859797593583_IN_IV_DR,47002,80.74%,
2T,VW_DH_TV_VF_nzoth_yogg_cthun_3132807326268911_IN_AM_DR_DS,47001,80.74%,
2T,AR_SW_VF_nzoth_yogg_cthun_3150313470942703_IN_AM_DR,47000,80.73%,
2T,VW_DH_VW_VF_yshaarj_nzoth_yogg_4049660437388783_Mis_AM_ME_DS,46996,80.72%,
2T,VW_DH_TV_VF_yshaarj_nzoth_yogg_3977498544365055_Mis_IV_ME,46995,80.71%,
2T,AR_SW_VF_nzoth_yogg_cthun_3150313470426607_Mis_IV_DR,46993,80.71%,
2T,AR_SW_VF_nzoth_yogg_cthun_3132996229389807_Mis_IV_ME,46990,80.69%,
2T,VW_DH_TV_VF_yshaarj_nzoth_yogg_3977498544889327_Mis_IV_ME,46985,80.68%,
2T,VW_DH_TV_VF_nzoth_yogg_cthun_3132797663108591_Mis_IV_DR,46980,80.66%,
2T,AR_SP_VF_nzoth_yogg_cthun_3132859797077487_IN_IV_DR,46978,80.65%,
2T,VW_DH_VW_VF_nzoth_yogg_cthun_3132926578712047_Mis_AM_ME,46974,80.63%,
2T,VW_DH_VW_VF_nzoth_yogg_cthun_3150243820264943_Mis_AM_ME,46972,80.62%,
2T,AR_SW_VF_nzoth_yogg_cthun_3132859797593583_IN_IV_ME,46971,80.62%,
2T,VW_DH_TV_VF_nzoth_yogg_cthun_3134996685839855_Mis_AM_ME,46971,80.62%,
2T,VW_DH_VW_VF_nzoth_yogg_cthun_3132798736334319_Mis_IV_ME,46971,80.62%,
2T,VW_DH_VW_VF_nzoth_yogg_cthun_3132797662584319_Mis_IV_ME,46967,80.61%,
2T,AR_SP_VF_nzoth_yogg_cthun_3132859797593583_IN_IV_DR,46967,80.60%,
2T,VW_DH_TV_VF_yshaarj_nzoth_yogg_4049516555984367_Mis_AM_ME,46965,80.60%,
2T,VW_DH_TV_VF_nzoth_yogg_cthun_3150253483417071_Mis_AM_DR,46962,80.59%,
2T,AR_EC_VF_nzoth_yogg_cthun_3132867380370927_IN_IV_ME,46962,80.59%,
2T,VW_DH_TV_VF_nzoth_yogg_cthun_3132858866393069_IN_IV_DR,46962,80.59%,
2T,AR_EC_VF_yshaarj_nzoth_yogg_4013301316320751_IN_IV_DR,46959,80.57%,
2T,VW_DH_TV_VF_nzoth_yogg_cthun_3132813769235951_IN_AM_ME_DS,46957,80.57%,
2T,AR_EC_VF_nzoth_yogg_cthun_3132858723859951_IN_IV_ME,46957,80.57%,
2T,VW_DH_VW_VF_nzoth_yogg_cthun_3132807393369583_IN_AM_DR_DS,46954,80.56%,
2T,VW_DH_TV_VF_nzoth_yogg_cthun_3132791220657647_Mis_IV_ME,46952,80.55%,
2T,AR_SP_VF_nzoth_yogg_cthun_3132858790960623_IN_IV_ME,46945,80.52%,
2T,VW_DH_TV_VF_nzoth_yogg_cthun_3132942684839407_Mis_IV_ME_DS,46943,80.51%,
2T,AR_SW_VF_yshaarj_nzoth_yogg_4013301584748015_IN_IV_DR,46943,80.51%,
2T,VW_DH_TV_VF_nzoth_yogg_cthun_3132927585869295_Mis_IV_DR,46942,80.51%,
2T,VW_DH_TV_VF_nzoth_yogg_cthun_3132926511603199_Mis_AM_DR,46940,80.50%,
2T,AR_EC_VF_nzoth_yogg_cthun_3150313470942703_IN_AM_ME,46940,80.50%,
2T,VW_DH_VW_VF_nzoth_yogg_cthun_3150519771389423_Mis_AM_DR,46939,80.50%,
2T,AR_EC_VF_nzoth_yogg_cthun_3169151264087535_Mis_IV_DR,46939,80.50%,
2T,AR_EC_VF_nzoth_yogg_cthun_3169151264087535_IN_IV_DR,46939,80.50%,
2T,AR_EC_VF_yshaarj_nzoth_yogg_4013576194219503_IN_IV_DR,46939,80.50%,
2T,AR_SW_VF_yshaarj_nzoth_yogg_4013438755266031_Mis_IV_ME,46937,80.49%,
2T,AR_EC_VF_yshaarj_nzoth_yogg_4013301316320751_Mis_IV_DR,46936,80.49%,
2T,VW_DH_VW_VF_nzoth_yogg_cthun_3150262073351663_Mis_IV_DR_DS,46935,80.48%,
2T,VW_DH_TV_VF_nzoth_yogg_cthun_3132951207665135_Mis_IV_DR_DS,46934,80.48%,
2T,VW_DH_VW_VF_nzoth_yogg_cthun_3132815916195311_IN_AM_DR_DS,46932,80.47%,
2T,VW_DH_TV_VF_yshaarj_nzoth_yogg_3977773422271983_Mis_IV_DR,46926,80.45%,
2T,AR_SP_VF_yshaarj_nzoth_yogg_4014400760839663_IN_IV_ME,46925,80.44%,
2T,VW_DH_VW_VF_nzoth_yogg_cthun_3150259925868031_Mis_IV_ME_DS,46924,80.44%,
2T,AR_SP_VF_nzoth_yogg_cthun_3132996162280959_IN_IV_DR,46923,80.44%,
2T,VW_DH_TV_VF_nzoth_yogg_cthun_3132806319627759_Mis_IV_DR_DS,46922,80.43%,
2T,VW_DH_VW_VF_nzoth_yogg_cthun_3152458949123567_Mis_AM_ME_DS,46921,80.43%,
2T,VW_DH_VW_VF_nzoth_yogg_cthun_3135004269141487_Mis_IV_DR_DS,46921,80.43%,
2T,AR_EC_VF_nzoth_yogg_cthun_3132859058871791_Mis_IV_DR,46916,80.41%,
2T,AR_EC_VF_nzoth_yogg_cthun_3132859797069311_IN_IV_DR,46916,80.41%,
2T,VW_DH_TV_VF_nzoth_yogg_cthun_3132876045737965_IN_IV_ME_DS,46916,80.41%,
2T,VW_DH_VW_VF_nzoth_yogg_cthun_3132935101537775_Mis_AM_DR,46916,80.41%,
2T,AR_EC_VF_yshaarj_nzoth_yogg_4014400761355759_IN_IV_ME,46915,80.41%,
2T,AR_SW_VF_yshaarj_nzoth_yogg_4013438688681455_Mis_IV_DR,46915,80.41%,
2T,VW_DH_TV_VF_nzoth_yogg_cthun_3132942617738735_Mis_IV_ME_DS,46913,80.40%,
2T,VW_DH_VW_VF_yshaarj_nzoth_cthun_3768322899631599_Mis_AM_DR_DS,46913,80.40%,
2T,AR_EC_VF_yshaarj_nzoth_yogg_4013302322953711_IN_IV_DR,46912,80.39%,
2T,VW_DH_VW_VF_yshaarj_nzoth_yogg_3977498544365055_Mis_AM_DR,46911,80.39%,
2T,AR_EC_VF_yshaarj_nzoth_yogg_4013438688165359_Mis_IV_ME,46910,80.39%,
2T,AR_SP_VF_nzoth_yogg_cthun_3150313470418431_Mis_IV_DR,46908,80.38%,
2T,VW_DH_VW_VF_nzoth_yogg_cthun_3150260999609839_Mis_AM_ME_DS,46907,80.38%,
2T,VW_DH_TV_VF_nzoth_yogg_cthun_3135004269141487_Mis_IV_DR_DS,46907,80.37%,
2T,AR_SW_VF_yshaarj_nzoth_yogg_4014400827940335_Mis_IV_DR,46904,80.37%,
2T,AR_EC_VF_nzoth_yogg_cthun_3132867313270255_IN_IV_DR,46904,80.36%,
2T,AR_SP_VF_yshaarj_nzoth_yogg_4013438688681455_Mis_IV_DR,46903,80.36%,
2T,VW_DH_VW_VF_yshaarj_nzoth_yogg_3977773422271983_Mis_AM_DR,46903,80.36%,
2T,VW_DH_TV_VF_yshaarj_nzoth_yogg_3977788454657519_Mis_IV_ME_DS,46901,80.35%,
2T,AR_SP_VF_yshaarj_nzoth_yogg_3977567121309167_IN_IV_DR,46899,80.34%,
2T,VW_DH_TV_VF_nzoth_yogg_cthun_3132859939610605_IN_AM_ME,46897,80.34%,
2T,VW_DH_TV_VF_yshaarj_nzoth_yogg_3977772348530159_Mis_AM_DR,46896,80.33%,
2T,AR_EC_VF_nzoth_yogg_cthun_3150313470426607_IN_AM_DR,46893,80.32%,
2T,AR_EC_VF_yshaarj_nzoth_yogg_3977567121309167_IN_IV_ME,46888,80.30%,
2T,VW_DH_VW_VF_nzoth_yogg_cthun_3134996685839855_Mis_AM_ME,46887,80.30%,
2T,AR_EC_VF_yshaarj_nzoth_yogg_4013447345200623_IN_IV_DR_DS,46884,80.29%,
2T,AR_SW_VF_nzoth_yogg_cthun_3132996162289135_IN_IV_ME,46883,80.28%,
2T,AR_EC_VF_yshaarj_nzoth_yogg_4013438688681455_Mis_IV_ME,46883,80.28%,
2T,VW_DH_TV_VF_nzoth_yogg_cthun_3132806252527087_Mis_IV_ME_DS,46882,80.28%,
2T,VW_DH_VW_VF_nzoth_yogg_cthun_3132791220133375_Mis_IV_ME,46881,80.28%,
2T,AR_EC_VF_yshaarj_nzoth_yogg_4013438688165359_IN_IV_ME,46881,80.27%,
2T,AR_SW_VF_nzoth_yogg_cthun_3132996162805231_IN_IV_ME,46881,80.27%,
2T,AR_SW_VF_yshaarj_nzoth_yogg_4014400760839663_IN_IV_DR,46880,80.27%,
2T,VW_DH_TV_VF_nzoth_yogg_cthun_3132926511611375_Mis_AM_ME,46880,80.27%,
2T,AR_EC_VF_nzoth_yogg_cthun_3150313470418431_IN_AM_DR,46880,80.27%,
2T,VW_DH_TV_VF_yshaarj_nzoth_yogg_4049531588369903_Mis_AM_DR_DS,46879,80.27%,
2T,AR_EC_VF_yshaarj_nzoth_yogg_4013576194219503_Mis_IV_DR,46877,80.26%,
2T,AR_EC_VF_yshaarj_nzoth_yogg_4013301316836847_Mis_IV_DR,46876,80.26%,
2T,VW_DH_TV_VF_yshaarj_nzoth_yogg_3977497537732079_Mis_AM_DR,46875,80.25%,
2T,AR_EC_VF_yshaarj_nzoth_yogg_4014400760839663_Mis_IV_DR,46874,80.25%,
2T,VW_DH_TV_VF_nzoth_yogg_cthun_3132791220133375_Mis_IV_ME,46873,80.25%,
2T,AR_SW_VF_nzoth_yogg_cthun_3132858790444527_IN_IV_DR,46873,80.24%,
2T,AR_EC_VF_yshaarj_nzoth_yogg_4014400760831487_IN_IV_DR,46872,80.24%,
2T,VW_DH_TV_VF_nzoth_yogg_cthun_3132926511603199_Mis_AM_ME,46869,80.23%,
2T,VW_DH_VW_VF_nzoth_yogg_cthun_3150259992976879_Mis_AM_DR_DS,46867,80.22%,
2T,VW_DH_VW_VF_yshaarj_nzoth_yogg_3977513576750591_Mis_AM_ME_DS,46866,80.22%,
2T,VW_DH_VW_VF_nzoth_yogg_cthun_3135004202040815_Mis_IV_ME_DS,46866,80.22%,
2T,AR_SW_VF_yshaarj_nzoth_yogg_3977567121825263_IN_IV_DR,46865,80.21%,
2T,AR_SW_VF_nzoth_yogg_cthun_3150313470418431_IN_IV_ME,46864,80.21%,
2T,VW_DH_TV_VF_yshaarj_nzoth_yogg_4049797876342255_Mis_IV_DR_DS,46864,80.21%,
2T,AR_SW_VF_nzoth_yogg_cthun_3132867380370927_IN_IV_DR,46864,80.21%,
2T,VW_DH_VW_VF_yshaarj_nzoth_yogg_3977513576750591_Mis_AM_DR_DS,46863,80.21%,
2T,AR_EC_VF_yshaarj_nzoth_yogg_4013301584748015_IN_IV_ME,46863,80.21%,
2T,VW_DH_VW_VF_nzoth_yogg_cthun_3135012791967215_Mis_IV_ME_DS,46862,80.20%,
2T,AR_SP_VF_yshaarj_nzoth_yogg_4014400761355759_IN_IV_ME,46861,80.20%,
2T,AR_SP_VF_nzoth_yogg_cthun_3132858790444527_IN_IV_ME,46858,80.19%,
2T,AR_EC_VF_yshaarj_nzoth_yogg_4013438688157183_IN_IV_DR,46856,80.18%,
2T,VW_DH_TV_VF_nzoth_yogg_cthun_3132951207665135_Mis_IV_ME_DS,46851,80.16%,
2T,VW_DH_VW_VF_yshaarj_nzoth_yogg_3977498544889327_Mis_AM_ME,46850,80.16%,
2T,VW_DH_VW_VF_yshaarj_nzoth_yogg_4049524072177135_Mis_AM_ME_DS,46850,80.16%,
2T,VW_DH_VW_VF_yshaarj_nzoth_yogg_3977788454657519_Mis_AM_ME_DS,46850,80.16%,
2T,VW_DH_VW_VF_nzoth_yogg_cthun_3132807326268911_IN_AM_ME_DS,46846,80.14%,
2T,AR_EC_VF_nzoth_yogg_cthun_3132996162280959_IN_IV_DR,46844,80.13%,
2T,VW_DH_TV_VF_nzoth_yogg_cthun_3132927585869295_Mis_IV_ME,46843,80.13%,
2T,VW_DH_VW_VF_nzoth_yogg_cthun_3134996685839855_Mis_AM_DR,46843,80.13%,
2T,VW_DH_VW_VF_nzoth_yogg_cthun_3132927585345023_Mis_IV_ME,46832,80.09%,
2T,VW_DH_VW_VF_nzoth_yogg_cthun_3132813769235951_IN_AM_DR_DS,46828,80.07%,
2T,AR_SP_VF_yshaarj_nzoth_yogg_3977567121825263_IN_IV_ME,46828,80.07%,
2T,VW_DH_TV_VF_nzoth_yogg_cthun_3132867455803373_IN_IV_DR,46825,80.06%,
2T,VW_DH_VW_VF_nzoth_yogg_cthun_3132942617738735_Mis_IV_ME_DS,46824,80.06%,
2T,AR_SW_VF_nzoth_yogg_cthun_3132859797077487_IN_IV_ME,46822,80.05%,
2T,VW_DH_VW_VF_nzoth_yogg_cthun_3132942684839407_Mis_IV_ME_DS,46819,80.04%,
2T,AR_EC_VF_nzoth_yogg_cthun_3132867313786351_IN_IV_DR,46818,80.03%,
2T,AR_SW_VF_yshaarj_nzoth_yogg_4014400761355759_IN_IV_ME,46817,80.03%,
2T,VW_DH_TV_VF_nzoth_yogg_cthun_3132928659086831_Mis_AM_DR,46815,80.02%,
2T,AR_EC_VF_yshaarj_nzoth_yogg_4013851072126447_IN_IV_DR,46813,80.01%,
2T,AR_EC_VF_yshaarj_nzoth_yogg_4014409417874927_IN_IV_DR_DS,46811,80.01%,
2T,VW_DH_TV_VF_nzoth_yogg_cthun_3132807326785007_IN_AM_DR_DS,46811,80.01%,
2T,AR_EC_VF_yshaarj_nzoth_yogg_3977567121300991_IN_IV_ME,46811,80.00%,
2T,VW_DH_VW_VF_nzoth_yogg_cthun_3132942684839407_Mis_IV_DR_DS,46809,80.00%,
2T,AR_SW_VF_nzoth_yogg_cthun_3150313537527279_Mis_AM_DR,46809,80.00%,
2T,VW_DH_TV_VF_nzoth_yogg_cthun_3150519771389423_Mis_AM_DR,46809,80.00%,
2T,VW_DH_TV_VF_nzoth_yogg_cthun_3132858932977645_IN_IV_DR,46808,80.00%,
2T,VW_DH_TV_VF_yshaarj_nzoth_yogg_3977497470623231_Mis_AM_ME,46807,79.99%,
2T,VW_DH_VW_VF_nzoth_yogg_cthun_3150259926392303_Mis_IV_ME_DS,46806,79.99%,
2T,VW_DH_VW_VF_nzoth_yogg_cthun_3132798736334319_Mis_IV_DR,46804,79.98%,
2T,VW_DH_VW_VF_nzoth_yogg_cthun_3132926511603199_Mis_AM_DR,46804,79.98%,
2T,VW_DH_TV_VF_nzoth_yogg_cthun_3132935101537775_Mis_AM_ME,46803,79.97%,
2T,VW_DH_VW_VF_nzoth_yogg_cthun_3132951207665135_Mis_IV_DR_DS,46803,79.97%,
2T,VW_DH_TV_VF_nzoth_yogg_cthun_3132996304822253_IN_IV_DR,46801,79.97%,
2T,VW_DH_VW_VF_nzoth_yogg_cthun_3150244960591343_Mis_AM_ME,46799,79.96%,
2T,AR_SP_VF_yshaarj_nzoth_yogg_4013301584748015_Mis_IV_ME,46799,79.96%,
2T,VW_DH_TV_VF_yshaarj_nzoth_yogg_3977497537732079_Mis_AM_ME,46798,79.96%,
2T,AR_SP_VF_yshaarj_nzoth_yogg_4013302390054383_IN_IV_DR,46795,79.94%,
2T,AR_SW_VF_nzoth_yogg_cthun_3150313537527279_IN_AM_ME,46793,79.94%,
2T,VW_DH_TV_VF_nzoth_yogg_cthun_3132813768711679_IN_AM_ME_DS,46791,79.93%,
2T,AR_SP_VF_nzoth_yogg_cthun_3132859797069311_IN_IV_DR,46786,79.91%,
2T,VW_DH_VW_VF_nzoth_yogg_cthun_3132791220133375_Mis_IV_DR,46785,79.91%,
2T,VW_DH_TV_VF_nzoth_yogg_cthun_3132942617730559_Mis_IV_DR_DS,46785,79.91%,
2T,AR_SW_VF_yshaarj_nzoth_yogg_4014400761355759_IN_IV_DR,46779,79.88%,
2T,VW_DH_TV_VF_nzoth_yogg_cthun_3150260999609839_Mis_AM_ME_DS,46776,79.87%,
2T,AR_SP_VF_yshaarj_nzoth_yogg_4013438755266031_IN_IV_ME,46775,79.87%,
2T,AR_EC_VF_yshaarj_nzoth_yogg_4013301316836847_IN_IV_DR,46774,79.86%,
2T,VW_DH_TV_VF_nzoth_yogg_cthun_3132807326260735_IN_AM_DR_DS,46771,79.85%,
2T,VW_DH_TV_VF_yshaarj_nzoth_yogg_3977497470631407_Mis_AM_ME,46764,79.82%,
2T,AR_EC_VF_nzoth_yogg_cthun_3132858790444527_IN_IV_DR,46758,79.80%,
2T,AR_SW_VF_yshaarj_nzoth_yogg_4013302390054383_IN_IV_DR,46756,79.79%,
2T,VW_DH_VW_VF_nzoth_yogg_cthun_3135004269141487_Mis_IV_ME_DS,46756,79.79%,
2T,VW_DH_VW_VF_nzoth_yogg_cthun_3132996304822253_IN_IV_DR,46753,79.78%,
2T,VW_DH_VW_VF_yshaarj_nzoth_yogg_3977513577274863_Mis_AM_ME_DS,46753,79.78%,
2T,VW_DH_VW_VF_nzoth_yogg_cthun_3135012791967215_Mis_IV_DR_DS,46752,79.78%,
2T,AR_EC_VF_yshaarj_nzoth_yogg_3977567188409839_IN_AM_DR,46751,79.78%,
2T,VW_DH_TV_VF_nzoth_yogg_cthun_3132814842453487_Mis_IV_DR_DS,46749,79.77%,
2T,VW_DH_VW_VF_nzoth_yogg_cthun_3132797662592495_Mis_AM_DR,46748,79.77%,
2T,VW_DH_TV_VF_yshaarj_nzoth_yogg_3977515724234223_Mis_IV_ME_DS,46748,79.76%,
2T,VW_DH_VW_VF_yshaarj_nzoth_yogg_3977513576758767_Mis_AM_ME_DS,46747,79.76%,
2T,VW_DH_VW_VF_nzoth_yogg_cthun_3132927585345023_Mis_IV_DR,46747,79.76%,
2T,VW_DH_VW_VF_nzoth_yogg_cthun_3132813768711679_IN_AM_ME_DS,46745,79.75%,
2T,VW_DH_TV_VF_nzoth_yogg_cthun_3135004269141487_Mis_IV_ME_DS,46744,79.75%,
2T,AR_SP_VF_yshaarj_nzoth_yogg_4013851072126447_IN_IV_DR,46743,79.74%,
2T,AR_SW_VF_yshaarj_nzoth_yogg_4013438688165359_IN_IV_DR,46743,79.74%,
2T,AR_EC_VF_yshaarj_nzoth_yogg_3977567188409839_Mis_IV_DR,46740,79.73%,
2T,AR_SP_VF_yshaarj_nzoth_yogg_4013302390054383_Mis_IV_DR,46739,79.73%,
2T,VW_DH_VW_VF_nzoth_yogg_cthun_3132807393369583_IN_AM_ME_DS,46738,79.72%,
2T,VW_DH_VW_VF_nzoth_yogg_cthun_3132791287242223_Mis_IV_ME,46736,79.72%,
2T,VW_DH_TV_VF_nzoth_yogg_cthun_3132797662592495_Mis_AM_DR,46735,79.71%,
2T,AR_SP_VF_nzoth_yogg_cthun_3132858790444527_IN_IV_DR,46734,79.71%,
2T,VW_DH_VW_VF_nzoth_yogg_cthun_3132806319627759_Mis_IV_DR_DS,46732,79.70%,
2T,VW_DH_VW_VF_yshaarj_nzoth_yogg_4049522998443503_Mis_AM_DR_DS,46731,79.70%,
2T,AR_SP_VF_yshaarj_nzoth_yogg_4013301584748015_IN_IV_ME,46730,79.69%,
2T,VW_DH_VW_VF_nzoth_yogg_cthun_3150253483417071_Mis_AM_ME,46730,79.69%,
2T,AR_SP_VF_yshaarj_nzoth_yogg_3977567121309167_IN_IV_ME,46730,79.69%,
2T,VW_DH_TV_VF_nzoth_yogg_cthun_3132859939610605_IN_AM_DR,46729,79.69%,
2T,VW_DH_TV_VF_nzoth_yogg_cthun_3135012791967215_Mis_IV_ME_DS,46728,79.69%,
2T,VW_DH_TV_VF_nzoth_yogg_cthun_3150244893482495_Mis_AM_DR,46726,79.68%,
2T,VW_DH_VW_VF_nzoth_yogg_cthun_3132797663108591_Mis_IV_ME,46723,79.67%,
2T,VW_DH_TV_VF_nzoth_yogg_cthun_3132791220133375_Mis_IV_DR,46723,79.67%,
2T,AR_EC_VF_yshaarj_nzoth_yogg_4014400761355759_Mis_IV_DR,46720,79.66%,
2T,AR_SW_VF_nzoth_yogg_cthun_3132996162280959_IN_IV_DR,46720,79.66%,
2T,VW_DH_TV_VF_yshaarj_nzoth_yogg_4049522998959599_Mis_IV_DR_DS,46714,79.63%,
2T,VW_DH_VW_VF_nzoth_yogg_cthun_3132858866393069_IN_IV_DR,46714,79.63%,
2T,AR_SP_VF_yshaarj_nzoth_yogg_4013576194219503_IN_IV_DR,46713,79.63%,
2T,VW_DH_TV_VF_yshaarj_nzoth_yogg_3977497470623231_Mis_AM_DR,46709,79.61%,
2T,VW_DH_VW_VF_yshaarj_nzoth_yogg_3977515724234223_Mis_AM_ME_DS,46708,79.61%,
2T,VW_DH_TV_VF_nzoth_yogg_cthun_3135012791967215_Mis_IV_DR_DS,46707,79.60%,
2T,AR_EC_VF_nzoth_yogg_cthun_3132996229389807_IN_AM_ME,46705,79.60%,
2T,AR_SP_VF_yshaarj_nzoth_yogg_4013576194219503_Mis_IV_DR,46705,79.60%,
2T,AR_EC_VF_nzoth_yogg_cthun_3132859797069311_IN_IV_ME,46703,79.59%,
2T,VW_DH_TV_VF_nzoth_yogg_cthun_3150244894006767_Mis_AM_DR,46701,79.58%,
2T,AR_SW_VF_yshaarj_nzoth_yogg_4013438755266031_Mis_AM_DR,46699,79.57%,
2T,VW_DH_TV_VF_nzoth_yogg_cthun_3150313612959725_IN_IV_DR,46698,79.57%,
2T,VW_DH_TV_VF_nzoth_yogg_cthun_3150253483417071_Mis_AM_ME,46698,79.57%,
2T,AR_EC_VF_yshaarj_nzoth_yogg_4013301584748015_IN_AM_DR,46696,79.56%,
2T,VW_DH_TV_VF_nzoth_yogg_cthun_3132798803434991_Mis_IV_ME,46695,79.56%,
2T,VW_DH_TV_VF_nzoth_yogg_cthun_3132791220657647_Mis_IV_DR,46693,79.55%,
2T,VW_DH_TV_VF_nzoth_yogg_cthun_3150244893490671_Mis_AM_ME,46693,79.55%,
2T,VW_DH_TV_VF_nzoth_yogg_cthun_3132797663108591_Mis_IV_ME,46691,79.55%,
2T,AR_EC_VF_nzoth_yogg_cthun_3132996162805231_Mis_IV_DR,46689,79.54%,
2T,VW_DH_VW_VF_nzoth_yogg_cthun_3132813768711679_IN_AM_DR_DS,46687,79.53%,
2T,VW_DH_VW_VF_nzoth_yogg_cthun_3132926511611375_Mis_AM_ME,46686,79.53%,
2T,VW_DH_VW_VF_yshaarj_nzoth_yogg_3977515724234223_Mis_AM_DR_DS,46685,79.52%,
2T,AR_SP_VF_yshaarj_nzoth_yogg_4013438755266031_IN_AM_DR,46685,79.52%,
2T,AR_SW_VF_yshaarj_nzoth_yogg_4014400827940335_IN_IV_ME,46684,79.52%,
2T,VW_DH_VW_VF_nzoth_yogg_cthun_3132859939610605_IN_AM_ME,46681,79.51%,
2T,VW_DH_VW_VF_nzoth_yogg_cthun_3132806252527087_Mis_IV_ME_DS,46678,79.49%,
2T,VW_DH_VW_VF_nzoth_yogg_cthun_3150519771389423_Mis_AM_ME,46676,79.49%,
2T,AR_EC_VF_yshaarj_nzoth_yogg_4013438755266031_Mis_AM_ME,46675,79.48%,
2T,VW_DH_TV_VF_nzoth_yogg_cthun_3132806319627759_Mis_IV_ME_DS,46675,79.48%,
2T,AR_SW_VF_nzoth_yogg_cthun_3132859797077487_IN_IV_DR,46674,79.48%,
2T,VW_DH_VW_VF_yshaarj_nzoth_yogg_4049523065544175_Mis_AM_DR_DS,46674,79.48%,
2T,VW_DH_VW_VF_nzoth_yogg_cthun_3150259925876207_Mis_AM_DR_DS,46673,79.48%,
2T,AR_EC_VF_nzoth_yogg_cthun_3132858723859951_IN_IV_DR,46672,79.47%,
2T,VW_DH_VW_VF_yshaarj_nzoth_cthun_3768322899631599_Mis_AM_ME_DS,46671,79.47%,
2T,AR_SP_VF_yshaarj_nzoth_yogg_4013301316836847_IN_IV_DR,46670,79.47%,
2T,AR_SP_VF_nzoth_yogg_cthun_3150313470942703_IN_AM_DR,46667,79.45%,
2T,VW_DH_VW_VF_nzoth_yogg_cthun_3132876045737965_IN_IV_ME_DS,46667,79.45%,
2T,VW_DH_TV_VF_yshaarj_nzoth_yogg_3977772348530159_Mis_AM_ME,46666,79.45%,
2T,VW_DH_TV_VF_yshaarj_nzoth_yogg_3977513576750591_Mis_IV_DR_DS,46666,79.45%,
2T,VW_DH_TV_VF_yshaarj_nzoth_yogg_4049522998435327_Mis_IV_DR_DS,46662,79.43%,
2T,AR_SW_VF_nzoth_yogg_cthun_3150313470418431_Mis_IV_DR,46659,79.42%,
2T,AR_EC_VF_nzoth_yogg_cthun_3132858790436351_IN_IV_DR,46658,79.42%,
2T,AR_SP_VF_yshaarj_nzoth_yogg_4013447345200623_Mis_IV_DR_DS,46656,79.41%,
2T,AR_SP_VF_yshaarj_nzoth_yogg_4013447345200623_IN_IV_DR_DS,46656,79.41%,
2T,VW_DH_TV_VF_nzoth_yogg_cthun_3132798736334319_Mis_IV_ME,46656,79.41%,
2T,AR_SP_VF_nzoth_yogg_cthun_3132867380370927_IN_IV_ME,46656,79.41%,
2T,VW_DH_TV_VF_yshaarj_nzoth_yogg_3977515724234223_Mis_IV_DR_DS,46654,79.40%,
2T,VW_DH_TV_VF_nzoth_yogg_cthun_3150268515802607_Mis_AM_DR_DS,46654,79.40%,
2T,VW_DH_TV_VF_yshaarj_nzoth_yogg_3977788454657519_Mis_IV_DR_DS,46649,79.38%,
2T,AR_SW_VF_nzoth_yogg_cthun_3132858790444527_IN_IV_ME,46648,79.38%,
2T,AR_EC_VF_nzoth_yogg_cthun_3132867313786351_IN_IV_ME,46644,79.37%,
2T,VW_DH_VW_VF_nzoth_yogg_cthun_3132928659086831_Mis_AM_DR,46642,79.36%,
2T,AR_SP_VF_yshaarj_nzoth_yogg_4013301316836847_Mis_IV_DR,46641,79.35%,
2T,AR_EC_VF_nzoth_yogg_cthun_3132858790436351_IN_IV_ME,46641,79.35%,
2T,AR_SP_VF_yshaarj_nzoth_yogg_4014400761355759_Mis_IV_DR,46641,79.35%,
2T,AR_SW_VF_nzoth_yogg_cthun_3132996162805231_Mis_IV_DR,46640,79.35%,
2T,AR_SP_VF_nzoth_yogg_cthun_3150313537527279_Mis_AM_ME,46639,79.35%,
2T,AR_SP_VF_nzoth_yogg_cthun_3132859058871791_Mis_IV_DR,46638,79.34%,
2T,VW_DH_TV_VF_yshaarj_nzoth_yogg_4049660437388783_Mis_AM_DR_DS,46637,79.34%,
2T,AR_SP_VF_yshaarj_nzoth_yogg_4013851072126447_Mis_IV_DR,46635,79.33%,
2T,AR_SW_VF_yshaarj_nzoth_yogg_4013301584748015_Mis_IV_ME,46635,79.33%,
2T,VW_DH_VW_VF_nzoth_yogg_cthun_3132928659086831_Mis_AM_ME,46635,79.33%,
2T,AR_SP_VF_nzoth_yogg_cthun_3169151264087535_IN_IV_DR,46635,79.33%,
2T,AR_SP_VF_nzoth_yogg_cthun_3132858723859951_IN_IV_ME,46634,79.33%,
2T,VW_DH_VW_VF_nzoth_yogg_cthun_3150244893482495_Mis_AM_DR,46630,79.31%,
2T,AR_SW_VF_yshaarj_nzoth_yogg_4013438688165359_Mis_IV_DR,46629,79.31%,
2T,AR_SP_VF_nzoth_yogg_cthun_3132996162289135_Mis_IV_DR,46629,79.31%,
2T,VW_DH_TV_VF_yshaarj_nzoth_yogg_3977635983318511_Mis_AM_DR,46628,79.30%,
2T,VW_DH_TV_VF_nzoth_yogg_cthun_3132928659086831_Mis_AM_ME,46626,79.29%,
2T,VW_DH_TV_VF_nzoth_yogg_cthun_3132791220141551_Mis_AM_DR,46625,79.29%,
2T,AR_SW_VF_yshaarj_nzoth_yogg_4013851072126447_Mis_IV_DR,46624,79.29%,
2T,AR_SP_VF_yshaarj_nzoth_yogg_4013301316320751_IN_IV_DR,46623,79.28%,
2T,VW_DH_TV_VF_nzoth_yogg_cthun_3135004202032639_Mis_IV_DR_DS,46622,79.28%,
2T,AR_SW_VF_nzoth_yogg_cthun_3132996229389807_IN_AM_DR,46622,79.28%,
2T,VW_DH_VW_VF_yshaarj_nzoth_yogg_3977498544889327_Mis_AM_DR,46621,79.28%,
2T,AR_EC_VF_nzoth_yogg_cthun_3132996162289135_Mis_IV_ME,46621,79.28%,
2T,VW_DH_VW_VF_nzoth_yogg_cthun_3132806319627759_Mis_IV_ME_DS,46621,79.27%,
2T,AR_EC_VF_yshaarj_nzoth_yogg_4013438688681455_IN_IV_ME,46620,79.27%,
2T,AR_SP_VF_yshaarj_nzoth_yogg_4014400760831487_IN_IV_DR,46619,79.27%,
2T,VW_DH_TV_VF_nzoth_yogg_cthun_3132814842453487_Mis_IV_ME_DS,46619,79.27%,
2T,VW_DH_VW_VF_nzoth_yogg_cthun_3132797663108591_Mis_IV_DR,46618,79.26%,
2T,AR_EC_VF_nzoth_yogg_cthun_3132996162289135_Mis_IV_DR,46618,79.26%,
2T,VW_DH_TV_VF_yshaarj_nzoth_yogg_4049525145918959_Mis_IV_DR_DS,46614,79.25%,
2T,AR_EC_VF_yshaarj_nzoth_yogg_4013851005541871_IN_IV_DR,46614,79.25%,
2T,AR_SP_VF_nzoth_yogg_cthun_3132996229389807_IN_AM_DR,46614,79.25%,
2T,AR_EC_VF_nzoth_yogg_cthun_3132859864178159_IN_AM_DR,46612,79.24%,
2T,AR_SW_VF_nzoth_yogg_cthun_3132858723859951_IN_IV_DR,46612,79.24%,
2T,VW_DH_TV_VF_yshaarj_nzoth_yogg_3977498544889327_Mis_IV_DR,46611,79.24%,
2T,VW_DH_VW_VF_nzoth_yogg_cthun_3132807326785007_IN_AM_ME_DS,46610,79.23%,
2T,VW_DH_TV_VF_yshaarj_nzoth_yogg_3977513576750591_Mis_IV_ME_DS,46610,79.23%,
2T,AR_EC_VF_nzoth_yogg_cthun_3132859864178159_Mis_IV_DR,46609,79.23%,
2T,AR_SP_VF_yshaarj_nzoth_yogg_4013438755266031_Mis_AM_DR,46606,79.22%,
2T,AR_SP_VF_yshaarj_nzoth_yogg_4014400827940335_Mis_IV_ME,46606,79.22%,
2T,AR_SW_VF_nzoth_yogg_cthun_3132859058871791_Mis_IV_DR,46603,79.21%,
2T,VW_DH_TV_VF_nzoth_yogg_cthun_3132807326260735_IN_AM_ME_DS,46603,79.21%,
2T,AR_EC_VF_nzoth_yogg_cthun_3132859058871791_IN_AM_ME,46603,79.21%,
2T,AR_SP_VF_nzoth_yogg_cthun_3132859797077487_IN_IV_ME,46603,79.21%,
2T,AR_SP_VF_nzoth_yogg_cthun_3132996162280959_IN_IV_ME,46600,79.19%,
2T,AR_EC_VF_yshaarj_nzoth_yogg_4013438688681455_Mis_AM_DR,46599,79.19%,
2T,AR_SP_VF_yshaarj_nzoth_yogg_4013301316320751_Mis_IV_DR,46598,79.19%,
2T,AR_EC_VF_nzoth_yogg_cthun_3132867313270255_IN_IV_ME,46597,79.18%,
2T,VW_DH_TV_VF_nzoth_yogg_cthun_3132806252518911_Mis_IV_ME_DS,46596,79.18%,
2T,AR_SP_VF_nzoth_yogg_cthun_3150313470426607_IN_AM_DR,46591,79.16%,
2T,AR_SP_VF_yshaarj_nzoth_yogg_4013438688157183_IN_IV_DR,46589,79.15%,
2T,AR_SW_VF_yshaarj_nzoth_yogg_4013438755266031_IN_IV_ME,46587,79.15%,
2T,AR_SW_VF_yshaarj_nzoth_yogg_4013302390054383_Mis_IV_DR,46585,79.14%,
2T,AR_EC_VF_nzoth_yogg_cthun_3150313470426607_IN_AM_ME,46585,79.14%,
2T,VW_DH_TV_VF_yshaarj_nzoth_yogg_3979697567620591_Mis_AM_ME,46584,79.13%,
2T,VW_DH_TV_VF_nzoth_yogg_cthun_3132813768719855_Mis_IV_DR_DS,46583,79.13%,
2T,VW_DH_VW_VF_yshaarj_nzoth_yogg_3977513577274863_Mis_AM_DR_DS,46581,79.12%,
2T,VW_DH_TV_VF_nzoth_yogg_cthun_3132926512127471_Mis_AM_DR,46577,79.11%,
2T,VW_DH_TV_VF_yshaarj_nzoth_yogg_3977513577274863_Mis_IV_ME_DS,46575,79.10%,
2T,AR_SP_VF_nzoth_yogg_cthun_3132859058871791_Mis_IV_ME,46574,79.10%,
2T,AR_EC_VF_yshaarj_nzoth_yogg_4013318496181743_Mis_IV_DR_DS,46574,79.10%,
2T,VW_DH_TV_VF_nzoth_yogg_cthun_3135006349516271_Mis_IV_DR_DS,46574,79.09%,
2T,AR_SP_VF_nzoth_yogg_cthun_3132867313786351_IN_IV_ME,46573,79.09%,
2T,AR_SW_VF_yshaarj_nzoth_yogg_3977567188409839_IN_IV_ME,46573,79.09%,
2T,VW_DH_VW_VF_nzoth_yogg_cthun_3150313612959725_IN_IV_DR,46573,79.09%,
2T,VW_DH_TV_VF_nzoth_yogg_cthun_3135005275774447_Mis_AM_DR_DS,46573,79.09%,
2T,AR_EC_VF_yshaarj_nzoth_yogg_4014400760839663_IN_AM_DR,46572,79.09%,
2T,VW_DH_VW_VF_nzoth_yogg_cthun_3132791220657647_Mis_IV_DR,46572,79.09%,
2T,AR_SP_VF_yshaarj_nzoth_yogg_4013438688681455_Mis_IV_ME,46572,79.09%,
2T,AR_SP_VF_yshaarj_nzoth_yogg_4014400760839663_Mis_IV_DR,46570,79.08%,
2T,AR_EC_VF_nzoth_yogg_cthun_3132996162805231_IN_AM_DR,46569,79.08%,
2T,VW_DH_TV_VF_nzoth_yogg_cthun_3150519771389423_Mis_AM_ME,46568,79.07%,
2T,VW_DH_TV_VF_nzoth_yogg_cthun_3132806252518911_Mis_IV_DR_DS,46567,79.07%,
2T,AR_SP_VF_yshaarj_nzoth_yogg_3977567121300991_IN_IV_DR,46564,79.06%,
2T,VW_DH_TV_VF_nzoth_yogg_cthun_3150244894006767_Mis_AM_ME,46563,79.05%,
2T,AR_EC_VF_yshaarj_nzoth_yogg_4013302323469807_Mis_IV_DR,46561,79.05%,
2T,AR_EC_VF_nzoth_yogg_cthun_3150313470942703_Mis_AM_DR,46561,79.04%,
2T,VW_DH_TV_VF_yshaarj_nzoth_yogg_3979697567620591_Mis_AM_DR,46560,79.04%,
2T,AR_SW_VF_nzoth_yogg_cthun_3132859797069311_IN_IV_DR,46554,79.02%,
2T,AR_SW_VF_nzoth_yogg_cthun_3150313537527279_Mis_AM_ME,46552,79.01%,
2T,AR_EC_VF_yshaarj_nzoth_yogg_4014400761355759_IN_AM_DR,46551,79.01%,
2T,VW_DH_TV_VF_yshaarj_nzoth_yogg_4049524072177135_Mis_AM_DR_DS,46550,79.00%,
2T,VW_DH_TV_VF_nzoth_yogg_cthun_3132808400002543_Mis_IV_ME_DS,46548,79.00%,
2T,AR_EC_VF_yshaarj_nzoth_yogg_4013301316320751_IN_IV_ME,46547,78.99%,
2T,AR_SW_VF_nzoth_yogg_cthun_3132996162289135_Mis_IV_DR,46542,78.97%,
2T,AR_EC_VF_yshaarj_nzoth_yogg_4013302322953711_Mis_IV_DR,46541,78.97%,
2T,AR_SW_VF_yshaarj_nzoth_yogg_4013447345200623_Mis_IV_DR_DS,46541,78.97%,
2T,AR_SP_VF_nzoth_yogg_cthun_3150313470418431_IN_AM_DR,46537,78.95%,
2T,AR_EC_VF_yshaarj_nzoth_yogg_4013302390054383_Mis_IV_ME,46537,78.95%,
2T,AR_EC_VF_nzoth_yogg_cthun_3132858790960623_Mis_IV_DR,46534,78.94%,
2T,VW_DH_VW_VF_nzoth_yogg_cthun_3133348492140015_Mis_IV_ME,46530,78.93%,
2T,VW_DH_VW_VF_nzoth_yogg_cthun_3132926512127471_Mis_AM_DR,46530,78.92%,
2T,VW_DH_VW_VF_nzoth_yogg_cthun_3132806252518911_Mis_IV_DR_DS,46525,78.91%,
2T,VW_DH_TV_VF_nzoth_yogg_cthun_3132926512127471_Mis_AM_ME,46524,78.90%,
2T,VW_DH_TV_VF_nzoth_yogg_cthun_3132943691472367_Mis_AM_DR_DS,46524,78.90%,
2T,VW_DH_VW_VF_nzoth_yogg_cthun_3132926511603199_Mis_AM_ME,46524,78.90%,
2T,AR_SP_VF_nzoth_yogg_cthun_3150313470942703_IN_AM_ME,46523,78.90%,
2T,VW_DH_TV_VF_yshaarj_nzoth_yogg_3977651015704047_Mis_AM_DR_DS,46520,78.89%,
2T,VW_DH_VW_VF_nzoth_yogg_cthun_3132813769235951_IN_AM_ME_DS,46520,78.89%,
2T,AR_SP_VF_nzoth_yogg_cthun_3132859058871791_IN_AM_DR,46519,78.88%,
2T,VW_DH_TV_VF_yshaarj_nzoth_yogg_4049522998959599_Mis_IV_ME_DS,46516,78.87%,
2T,AR_SP_VF_nzoth_yogg_cthun_3169151264087535_Mis_IV_DR,46515,78.87%,
2T,VW_DH_TV_VF_yshaarj_nzoth_yogg_3977635983318511_Mis_AM_ME,46513,78.86%,
2T,AR_SP_VF_yshaarj_nzoth_yogg_4014409417874927_IN_IV_DR_DS,46512,78.86%,
2T,AR_SW_VF_yshaarj_nzoth_yogg_4013301316320751_Mis_IV_DR,46511,78.85%,
2T,AR_EC_VF_yshaarj_nzoth_yogg_4013301584748015_Mis_AM_DR,46510,78.85%,
2T,AR_SW_VF_yshaarj_nzoth_yogg_4014400760839663_IN_IV_ME,46510,78.85%,
2T,VW_DH_VW_VF_nzoth_yogg_cthun_3132858932977645_IN_IV_DR,46509,78.84%,
2T,VW_DH_TV_VF_nzoth_yogg_cthun_3132807326785007_IN_AM_ME_DS,46505,78.83%,
2T,AR_EC_VF_yshaarj_nzoth_yogg_4013301316312575_Mis_IV_DR,46504,78.83%,
2T,VW_DH_VW_VF_nzoth_yogg_cthun_3132798803434991_Mis_IV_ME,46503,78.82%,
2T,AR_EC_VF_yshaarj_nzoth_yogg_4014400827940335_IN_AM_ME,46502,78.82%,
2T,AR_SP_VF_yshaarj_nzoth_yogg_4013302323469807_IN_IV_DR,46497,78.80%,
2T,AR_SW_VF_nzoth_yogg_cthun_3132859058871791_IN_AM_DR,46497,78.80%,
2T,VW_DH_TV_VF_yshaarj_nzoth_yogg_3977567263842285_IN_AM_ME,46496,78.79%,
2T,VW_DH_TV_VF_nzoth_yogg_cthun_3135006349516271_Mis_IV_ME_DS,46495,78.79%,
2T,VW_DH_TV_VF_nzoth_yogg_cthun_3132927585353199_Mis_AM_DR,46495,78.79%,
2T,AR_EC_VF_yshaarj_nzoth_yogg_4014409417874927_IN_IV_ME_DS,46492,78.78%,
2T,VW_DH_VW_VF_nzoth_yogg_cthun_3132942617730559_Mis_IV_DR_DS,46490,78.77%,
2T,AR_SP_VF_nzoth_yogg_cthun_3150313470418431_Mis_IV_ME,46487,78.76%,
2T,VW_DH_TV_VF_yshaarj_nzoth_yogg_3979712600006127_Mis_AM_DR_DS,46486,78.76%,
2T,VW_DH_TV_VF_yshaarj_nzoth_yogg_4049522998435327_Mis_IV_ME_DS,46485,78.75%,
2T,VW_DH_TV_VF_nzoth_yogg_cthun_3132944765214191_Mis_IV_DR_DS,46483,78.75%,
2T,AR_EC_VF_yshaarj_nzoth_yogg_4013310174682607_IN_IV_DR_DS,46480,78.73%,
2T,VW_DH_VW_VF_nzoth_yogg_cthun_3132951207665135_Mis_IV_ME_DS,46479,78.73%,
2T,AR_EC_VF_nzoth_yogg_cthun_3132859058871791_IN_AM_DR,46479,78.73%,
2T,VW_DH_VW_VF_nzoth_yogg_cthun_3132807326785007_IN_AM_DR_DS,46479,78.73%,
2T,VW_DH_TV_VF_nzoth_yogg_cthun_3135004202556911_Mis_IV_ME_DS,46476,78.72%,
2T,AR_EC_VF_yshaarj_nzoth_yogg_3977567188409839_IN_AM_ME,46473,78.71%,
2T,VW_DH_VW_VF_nzoth_yogg_cthun_3133348492140015_Mis_IV_DR,46472,78.70%,
2T,AR_EC_VF_nzoth_yogg_cthun_3132996162805231_Mis_IV_ME,46472,78.70%,
2T,AR_SP_VF_yshaarj_nzoth_yogg_4013438688165359_Mis_IV_ME,46472,78.70%,
2T,VW_DH_VW_VF_nzoth_yogg_cthun_3132808400002543_Mis_IV_ME_DS,46470,78.70%,
2T,AR_SW_VF_yshaarj_nzoth_yogg_3977567121825263_IN_IV_ME,46470,78.69%,
2T,AR_EC_VF_yshaarj_nzoth_yogg_4013302322945535_IN_IV_DR,46470,78.69%,
2T,VW_DH_VW_VF_nzoth_yogg_cthun_3135006349516271_Mis_IV_ME_DS,46469,78.69%,
2T,AR_EC_VF_nzoth_yogg_cthun_3132996162280959_IN_IV_ME,46468,78.69%,
2T,VW_DH_TV_VF_yshaarj_nzoth_yogg_3977499618106863_Mis_AM_DR,46467,78.68%,
2T,VW_DH_VW_VF_nzoth_yogg_cthun_3132927585869295_Mis_IV_DR,46467,78.68%,
2T,AR_SW_VF_yshaarj_nzoth_yogg_4013438688681455_Mis_IV_ME,46467,78.68%,
2T,AR_EC_VF_nzoth_yogg_cthun_3132858723851775_IN_IV_ME,46467,78.68%,
2T,VW_DH_TV_VF_nzoth_yogg_cthun_3150259992976879_Mis_AM_ME_DS,46467,78.68%,
2T,AR_EC_VF_yshaarj_nzoth_yogg_4013318496181743_IN_IV_DR_DS,46466,78.68%,
2T,VW_DH_VW_VF_nzoth_yogg_cthun_3132791220657647_Mis_IV_ME,46465,78.68%,
2T,AR_SP_VF_yshaarj_nzoth_yogg_4013438688165359_IN_IV_ME,46464,78.67%,
2T,VW_DH_VW_VF_nzoth_yogg_cthun_3132798803434991_Mis_IV_DR,46463,78.67%,
2T,VW_DH_TV_VF_nzoth_yogg_cthun_3132806253043183_Mis_IV_DR_DS,46460,78.66%,
2T,AR_SP_VF_yshaarj_nzoth_yogg_4013301316312575_IN_IV_DR,46460,78.65%,
2T,AR_EC_VF_nzoth_yogg_cthun_3132996162805231_IN_AM_ME,46457,78.65%,
2T,VW_DH_TV_VF_nzoth_yogg_cthun_3150534803774959_Mis_AM_DR_DS,46457,78.64%,
2T,AR_EC_VF_yshaarj_nzoth_yogg_4013851072126447_Mis_IV_ME,46457,78.64%,
2T,AR_SW_VF_yshaarj_nzoth_yogg_4013576194219503_IN_IV_DR,46455,78.64%,
2T,AR_SW_VF_yshaarj_nzoth_yogg_4014400827940335_Mis_IV_ME,46455,78.64%,
2T,VW_DH_TV_VF_yshaarj_nzoth_yogg_4049525145918959_Mis_IV_ME_DS,46454,78.63%,
2T,AR_SW_VF_yshaarj_nzoth_yogg_4014400761355759_Mis_IV_DR,46453,78.63%,
2T,AR_SW_VF_nzoth_yogg_cthun_3132867313786351_IN_IV_DR,46451,78.62%,
2T,VW_DH_VW_VF_nzoth_yogg_cthun_3132813768719855_Mis_IV_DR_DS,46449,78.61%,
2T,AR_SW_VF_nzoth_yogg_cthun_3150313470942703_IN_AM_ME,46447,78.61%,
2T,AR_EC_VF_nzoth_yogg_cthun_3150313470942703_Mis_AM_ME,46446,78.60%,
2T,AR_EC_VF_yshaarj_nzoth_yogg_4014409351290351_IN_IV_DR_DS,46443,78.59%,
2T,AR_SP_VF_nzoth_yogg_cthun_3132867313270255_IN_IV_DR,46443,78.59%,
2T,VW_DH_TV_VF_nzoth_yogg_cthun_3205372946210287_Mis_AM_DR_DS,46443,78.59%,
2T,VW_DH_VW_VF_nzoth_yogg_cthun_3132944765214191_Mis_IV_DR_DS,46441,78.58%,
2T,VW_DH_TV_VF_yshaarj_nzoth_yogg_3977498544365055_Mis_IV_DR,46440,78.58%,
2T,AR_EC_VF_yshaarj_nzoth_yogg_4013438755266031_IN_AM_ME,46439,78.58%,
2T,AR_SW_VF_yshaarj_nzoth_yogg_4013438688681455_IN_IV_DR,46438,78.57%,
2T,AR_EC_VF_yshaarj_nzoth_yogg_4014400760831487_IN_IV_ME,46438,78.57%,
2T,VW_DH_VW_VF_nzoth_yogg_cthun_3132927585353199_Mis_AM_DR,46436,78.57%,
2T,VW_DH_TV_VF_nzoth_yogg_cthun_3132798803434991_Mis_IV_DR,46436,78.56%,
2T,AR_SW_VF_nzoth_yogg_cthun_3132996162280959_IN_IV_ME,46436,78.56%,
2T,VW_DH_VW_VF_nzoth_yogg_cthun_3150259992976879_Mis_AM_ME_DS,46435,78.56%,
2T,VW_DH_TV_VF_nzoth_yogg_cthun_3132813768719855_Mis_IV_ME_DS,46434,78.56%,
2T,AR_EC_VF_nzoth_yogg_cthun_3132859864178159_Mis_IV_ME,46429,78.54%,
2T,VW_DH_VW_VF_nzoth_yogg_cthun_3132942618254831_Mis_IV_ME_DS,46425,78.52%,
2T,VW_DH_TV_VF_yshaarj_nzoth_yogg_4049524072177135_Mis_AM_ME_DS,46425,78.52%,
2T,AR_SW_VF_nzoth_yogg_cthun_3132867380370927_IN_IV_ME,46424,78.52%,
2T,AR_SW_VF_yshaarj_nzoth_yogg_3977567121309167_IN_IV_ME,46424,78.52%,
2T,AR_EC_VF_nzoth_yogg_cthun_3150313470418431_IN_AM_ME,46422,78.51%,
2T,AR_EC_VF_nzoth_yogg_cthun_3132859058871791_Mis_IV_ME,46421,78.51%,
2T,AR_EC_VF_yshaarj_nzoth_yogg_4013301316836847_Mis_IV_ME,46421,78.51%,
2T,AR_SW_VF_nzoth_yogg_cthun_3150313470418431_Mis_IV_ME,46420,78.50%,
2T,VW_DH_VW_VF_nzoth_yogg_cthun_3133363524525551_Mis_IV_ME_DS,46415,78.48%,
2T,AR_EC_VF_yshaarj_nzoth_yogg_4013851005025775_IN_IV_DR,46414,78.48%,
2T,AR_SP_VF_yshaarj_nzoth_yogg_4014400827940335_IN_AM_DR,46414,78.48%,
2T,VW_DH_TV_VF_nzoth_yogg_cthun_3132808400002543_Mis_IV_DR_DS,46412,78.47%,
2T,AR_EC_VF_yshaarj_nzoth_yogg_4013851005025775_Mis_IV_DR,46412,78.47%,
2T,AR_EC_VF_yshaarj_nzoth_yogg_4014400827940335_Mis_AM_DR,46411,78.47%,
2T,VW_DH_VW_VF_nzoth_yogg_cthun_3132807326260735_IN_AM_DR_DS,46410,78.46%,
2T,VW_DH_VW_VF_nzoth_yogg_cthun_3132813768719855_Mis_IV_ME_DS,46410,78.46%,
2T,AR_EC_VF_yshaarj_nzoth_yogg_4013301316320751_Mis_IV_ME,46408,78.46%,
2T,VW_DH_TV_VF_nzoth_yogg_cthun_3132807326268911_Mis_IV_DR_DS,46405,78.44%,
2T,AR_SW_VF_yshaarj_nzoth_yogg_4013301316836847_Mis_IV_DR,46405,78.44%,
2T,VW_DH_VW_VF_nzoth_yogg_cthun_3132935101537775_Mis_AM_ME,46405,78.44%,
2T,VW_DH_TV_VF_nzoth_yogg_cthun_3132797729693167_Mis_AM_DR,46404,78.44%,
2T,VW_DH_VW_VF_nzoth_yogg_cthun_3133347418398191_Mis_AM_DR,46404,78.44%,
2T,AR_EC_VF_yshaarj_nzoth_yogg_4013576127634927_IN_IV_DR,46403,78.44%,
2T,VW_DH_TV_VF_nzoth_yogg_cthun_3132927652453871_Mis_AM_DR,46402,78.43%,
2T,VW_DH_TV_VF_nzoth_yogg_cthun_3150244893482495_Mis_AM_ME,46401,78.43%,
2T,AR_SP_VF_nzoth_yogg_cthun_3132996229389807_IN_AM_ME,46401,78.43%,
2T,VW_DH_VW_VF_nzoth_yogg_cthun_3150244894006767_Mis_AM_DR,46400,78.42%,
2T,AR_SW_VF_nzoth_yogg_cthun_3169151264087535_IN_IV_DR,46399,78.42%,
2T,AR_SW_VF_nzoth_yogg_cthun_3169151264087535_Mis_IV_DR,46398,78.42%,
2T,AR_SP_VF_nzoth_yogg_cthun_3132858790436351_IN_IV_DR,46398,78.42%,
2T,VW_DH_TV_VF_nzoth_yogg_cthun_3135004202556911_Mis_IV_DR_DS,46397,78.42%,
2T,VW_DH_TV_VF_nzoth_yogg_cthun_3132944765214191_Mis_IV_ME_DS,46397,78.42%,
2T,AR_SP_VF_yshaarj_nzoth_yogg_4013438688157183_Mis_IV_DR,46397,78.41%,
2T,VW_DH_TV_VF_nzoth_yogg_cthun_3132798736326143_Mis_IV_ME,46396,78.41%,
2T,VW_DH_TV_VF_yshaarj_nzoth_cthun_3696298445561327_Mis_AM_DR,46395,78.41%,
2T,VW_DH_TV_VF_nzoth_yogg_cthun_3132927652453871_Mis_AM_ME,46395,78.41%,
2T,AR_SP_VF_nzoth_yogg_cthun_3132996162805231_Mis_IV_DR,46395,78.41%,
2T,VW_DH_VW_VF_nzoth_yogg_cthun_3132942617730559_Mis_IV_ME_DS,46392,78.40%,
2T,AR_SP_VF_nzoth_yogg_cthun_3132858723859951_IN_IV_DR,46390,78.39%,
2T,AR_SP_VF_yshaarj_nzoth_yogg_4014409417874927_Mis_IV_DR_DS,46389,78.38%,
2T,VW_DH_VW_VF_nzoth_yogg_cthun_3132867455803373_IN_IV_DR,46387,78.38%,
2T,AR_EC_VF_yshaarj_nzoth_yogg_4013438688157183_Mis_IV_ME,46386,78.37%,
2T,VW_DH_TV_VF_yshaarj_nzoth_yogg_3977514650492399_Mis_AM_ME_DS,46383,78.36%,
2T,AR_EC_VF_nzoth_yogg_cthun_3169151197502959_Mis_IV_DR,46383,78.36%,
2T,VW_DH_VW_VF_nzoth_yogg_cthun_3132944765214191_Mis_IV_ME_DS,46382,78.36%,
2T,VW_DH_TV_VF_nzoth_yogg_cthun_3132942617738735_Mis_AM_DR_DS,46380,78.35%,
2T,AR_EC_VF_yshaarj_nzoth_yogg_4013576194219503_IN_IV_ME,46380,78.35%,
2T,VW_DH_TV_VF_yshaarj_nzoth_yogg_4049531588369903_Mis_AM_ME_DS,46379,78.35%,
2T,AR_SP_VF_nzoth_yogg_cthun_3132859864178159_Mis_IV_DR,46379,78.34%,
2T,VW_DH_TV_VF_nzoth_yogg_cthun_3132942618254831_Mis_IV_ME_DS,46378,78.34%,
2T,VW_DH_VW_VF_nzoth_yogg_cthun_3150268515802607_Mis_AM_DR_DS,46378,78.34%,
2T,AR_SW_VF_yshaarj_nzoth_yogg_3977567121300991_IN_IV_DR,46377,78.34%,
2T,VW_DH_TV_VF_yshaarj_nzoth_yogg_3977499618106863_Mis_AM_ME,46371,78.31%,
2T,AR_SP_VF_nzoth_yogg_cthun_3132859797069311_IN_IV_ME,46369,78.31%,
2T,AR_SW_VF_yshaarj_nzoth_yogg_3977567121309167_IN_IV_DR,46369,78.31%,
2T,AR_EC_VF_yshaarj_nzoth_yogg_4013302390054383_IN_AM_DR,46369,78.31%,
2T,AR_SW_VF_nzoth_yogg_cthun_3132867313786351_IN_IV_ME,46367,78.30%,
2T,AR_EC_VF_yshaarj_nzoth_yogg_4013576194219503_Mis_IV_ME,46367,78.30%,
2T,AR_EC_VF_yshaarj_nzoth_yogg_4013576127118831_IN_IV_DR,46367,78.30%,
2T,VW_DH_TV_VF_nzoth_yogg_cthun_3150262073351663_Mis_AM_DR_DS,46365,78.29%,
2T,AR_EC_VF_yshaarj_nzoth_yogg_4013851005017599_IN_IV_DR,46364,78.29%,
2T,AR_SW_VF_nzoth_yogg_cthun_3132867313270255_IN_IV_ME,46363,78.28%,
2T,AR_EC_VF_yshaarj_nzoth_yogg_4013301249736175_IN_IV_DR,46362,78.28%,
2T,AR_EC_VF_yshaarj_yogg_cthun_1988688092716527_Mis_IV_DR,46361,78.28%,
2T,AR_EC_VF_yshaarj_nzoth_yogg_4013301316312575_IN_IV_DR,46359,78.27%,
2T,VW_DH_VW_VF_nzoth_yogg_cthun_3135004202032639_Mis_IV_DR_DS,46357,78.26%,
2T,AR_EC_VF_yshaarj_nzoth_yogg_4014400761355759_IN_AM_ME,46355,78.25%,
2T,VW_DH_VW_VF_nzoth_yogg_cthun_3150534803774959_Mis_AM_DR_DS,46355,78.25%,
2T,AR_EC_VF_yshaarj_nzoth_yogg_4014400761355759_Mis_IV_ME,46354,78.25%,
2T,VW_DH_VW_VF_nzoth_yogg_cthun_3132806252518911_Mis_IV_ME_DS,46354,78.25%,
2T,AR_SW_VF_nzoth_yogg_cthun_3132858790436351_IN_IV_DR,46352,78.24%,
2T,AR_SW_VF_yshaarj_nzoth_yogg_4013438688165359_Mis_IV_ME,46352,78.24%,
2T,VW_DH_TV_VF_yshaarj_nzoth_yogg_3977514650492399_Mis_AM_DR_DS,46351,78.24%,
2T,VW_DH_TV_VF_yshaarj_nzoth_yogg_3979712600006127_Mis_AM_ME_DS,46349,78.23%,
2T,AR_EC_VF_yshaarj_nzoth_yogg_4013302323469807_IN_IV_DR,46348,78.22%,
2T,AR_SP_VF_yshaarj_nzoth_yogg_4014400827940335_IN_AM_ME,46344,78.21%,
2T,AR_EC_VF_yshaarj_nzoth_yogg_3977567188409839_Mis_IV_ME,46342,78.20%,
2T,VW_DH_TV_VF_nzoth_yogg_cthun_3132996304822253_IN_AM_ME,46339,78.19%,
2T,AR_EC_VF_nzoth_yogg_cthun_3132859797077487_IN_AM_DR,46338,78.19%,
2T,AR_SW_VF_yshaarj_nzoth_yogg_4013438688157183_Mis_IV_DR,46337,78.18%,
2T,AR_SP_VF_yshaarj_nzoth_yogg_4014400760831487_IN_IV_ME,46336,78.18%,
2T,AR_EC_VF_yshaarj_nzoth_yogg_4013310174682607_Mis_IV_DR_DS,46332,78.16%,
2T,VW_DH_VW_VF_nzoth_yogg_cthun_3205372946210287_Mis_AM_DR_DS,46332,78.16%,
2T,AR_SW_VF_nzoth_yogg_cthun_3150313470426607_IN_AM_DR,46331,78.16%,
2T,AR_SW_VF_nzoth_yogg_cthun_3132867313270255_IN_IV_DR,46328,78.15%,
2T,AR_SW_VF_nzoth_yogg_cthun_3132858723859951_IN_IV_ME,46327,78.14%,
2T,VW_DH_VW_VF_nzoth_yogg_cthun_3132807326268911_Mis_IV_DR_DS,46327,78.14%,
2T,AR_SP_VF_nzoth_yogg_cthun_3132858790436351_IN_IV_ME,46326,78.14%,
2T,AR_SP_VF_yshaarj_nzoth_yogg_3977567121300991_IN_IV_ME,46325,78.14%,
2T,AR_EC_VF_yshaarj_nzoth_yogg_4013851072126447_Mis_AM_DR,46321,78.12%,
2T,VW_DH_VW_VF_nzoth_yogg_cthun_3132814842453487_Mis_IV_DR_DS,46320,78.12%,
2T,VW_DH_TV_VF_yshaarj_nzoth_yogg_3977497471147503_Mis_AM_DR,46319,78.11%,
2T,VW_DH_VW_VF_nzoth_yogg_cthun_3150244894006767_Mis_AM_ME,46317,78.11%,
2T,VW_DH_TV_VF_yshaarj_nzoth_yogg_3977513577274863_Mis_IV_DR_DS,46316,78.10%,
2T,VW_DH_VW_VF_nzoth_yogg_cthun_3132797729693167_Mis_AM_DR,46315,78.10%,
2T,VW_DH_VW_VF_nzoth_yogg_cthun_3150244893490671_Mis_AM_ME,46312,78.09%,
2T,VW_DH_TV_VF_yshaarj_nzoth_yogg_4049660437388783_Mis_AM_ME_DS,46311,78.09%,
2T,VW_DH_VW_VF_nzoth_yogg_cthun_3135006349516271_Mis_IV_DR_DS,46307,78.07%,
2T,AR_EC_VF_nzoth_yogg_cthun_3132858790960623_Mis_IV_ME,46301,78.05%,
2T,AR_SP_VF_yshaarj_nzoth_yogg_4013310174682607_IN_IV_DR_DS,46301,78.04%,
2T,AR_EC_VF_yshaarj_nzoth_yogg_4013851072126447_IN_IV_ME,46300,78.04%,
2T,VW_DH_TV_VF_yshaarj_nzoth_cthun_3696313477946863_Mis_AM_DR_DS,46298,78.04%,
2T,AR_EC_VF_yshaarj_nzoth_yogg_4013302390054383_IN_IV_ME,46296,78.03%,
2T,AR_EC_VF_yshaarj_nzoth_yogg_4013438688681455_IN_AM_DR,46296,78.03%,
2T,VW_DH_VW_VF_nzoth_yogg_cthun_3132867455803373_IN_AM_ME,46295,78.02%,
2T,AR_EC_VF_nzoth_yogg_cthun_3132996162289135_IN_AM_DR,46293,78.01%,
2T,AR_EC_VF_nzoth_yogg_cthun_3150313470426607_Mis_AM_DR,46292,78.01%,
2T,AR_SP_VF_nzoth_yogg_cthun_3132996162289135_Mis_IV_ME,46291,78.01%,
2T,VW_DH_VW_VF_nzoth_yogg_cthun_3135005275774447_Mis_AM_DR_DS,46291,78.01%,
2T,AR_EC_VF_nzoth_yogg_cthun_3169151196986863_Mis_IV_DR,46291,78.01%,
2T,VW_DH_TV_VF_nzoth_yogg_cthun_3132806253043183_Mis_IV_ME_DS,46290,78.00%,
2T,AR_SW_VF_yshaarj_nzoth_yogg_4014400760839663_Mis_IV_DR,46290,78.00%,
2T,VW_DH_TV_VF_nzoth_yogg_cthun_3133348492140015_Mis_IV_ME,46289,78.00%,
2T,VW_DH_VW_VF_yshaarj_nzoth_yogg_3979696493879277_IN_IV_DR,46288,77.99%,
2T,AR_SW_VF_yshaarj_nzoth_yogg_4014400760831487_IN_IV_DR,46287,77.99%,
2T,AR_EC_VF_yshaarj_nzoth_yogg_4013302322953711_Mis_IV_ME,46286,77.99%,
2T,VW_DH_TV_VF_nzoth_yogg_cthun_3132942618254831_Mis_IV_DR_DS,46286,77.99%,
2T,AR_EC_VF_yshaarj_nzoth_yogg_4014400760839663_Mis_IV_ME,46286,77.99%,
2T,VW_DH_TV_VF_nzoth_yogg_cthun_3132936175279599_Mis_AM_DR,46285,77.98%,
2T,VW_DH_VW_VF_nzoth_yogg_cthun_3132791220141551_Mis_AM_DR,46282,77.97%,
2T,AR_EC_VF_nzoth_yogg_cthun_3132875970305519_IN_IV_ME_DS,46281,77.97%,
2T,AR_EC_VF_nzoth_yogg_cthun_3132859797593583_IN_AM_ME,46280,77.97%,
2T,VW_DH_VW_VF_nzoth_yogg_cthun_3132808400002543_Mis_IV_DR_DS,46279,77.96%,
2T,AR_EC_VF_nzoth_yogg_cthun_3132858790960623_IN_AM_DR,46279,77.96%,
2T,VW_DH_VW_VF_nzoth_yogg_cthun_3150259925868031_Mis_AM_DR_DS,46279,77.96%,
2T,AR_EC_VF_nzoth_yogg_cthun_3132859797593583_Mis_IV_DR,46275,77.94%,
2T,AR_SP_VF_yshaarj_nzoth_yogg_4013851005025775_IN_IV_DR,46275,77.94%,
2T,AR_SP_VF_yshaarj_nzoth_yogg_4013576127118831_IN_IV_DR,46274,77.94%,
2T,VW_DH_TV_VF_nzoth_yogg_cthun_3132942684839407_Mis_AM_DR_DS,46270,77.93%,
2T,AR_SP_VF_yshaarj_nzoth_yogg_4013302322953711_IN_IV_DR,46269,77.92%,
2T,AR_EC_VF_nzoth_yogg_cthun_3132859797593583_IN_AM_DR,46267,77.91%,
2T,AR_EC_VF_yshaarj_nzoth_yogg_4013447345200623_Mis_IV_ME_DS,46265,77.91%,
2T,AR_SP_VF_nzoth_yogg_cthun_3150313470426607_IN_AM_ME,46265,77.91%,
2T,AR_EC_VF_nzoth_yogg_cthun_3169151264087535_Mis_IV_ME,46264,77.90%,
2T,VW_DH_VW_VF_nzoth_yogg_cthun_3132807326260735_IN_AM_ME_DS,46264,77.90%,
2T,AR_EC_VF_nzoth_yogg_cthun_3132875970305519_IN_IV_DR_DS,46263,77.90%,
2T,AR_SW_VF_yshaarj_nzoth_yogg_4013301316836847_IN_IV_DR,46262,77.89%,
2T,AR_SP_VF_yshaarj_nzoth_yogg_4014400761355759_IN_AM_DR,46262,77.89%,
2T,AR_EC_VF_yshaarj_nzoth_yogg_4013447278099951_Mis_IV_DR_DS,46259,77.88%,
2T,VW_DH_TV_VF_nzoth_yogg_cthun_3135004202032639_Mis_IV_ME_DS,46259,77.88%,
2T,AR_SP_VF_nzoth_yogg_cthun_3132867313786351_IN_IV_DR,46258,77.88%,
2T,VW_DH_VW_VF_nzoth_yogg_cthun_3132814842453487_Mis_IV_ME_DS,46256,77.87%,
2T,AR_SW_VF_yshaarj_nzoth_yogg_4013851072126447_IN_IV_DR,46256,77.87%,
2T,AR_SP_VF_nzoth_yogg_cthun_3132867313270255_IN_IV_ME,46253,77.86%,
2T,AR_EC_VF_yshaarj_nzoth_yogg_4013301316836847_IN_IV_ME,46252,77.86%,
2T,AR_EC_VF_yshaarj_nzoth_yogg_4013438688165359_Mis_AM_DR,46252,77.86%,
2T,AR_SP_VF_yshaarj_nzoth_yogg_4013302323469807_Mis_IV_DR,46247,77.84%,
2T,VW_DH_TV_VF_nzoth_yogg_cthun_3132942617730559_Mis_IV_ME_DS,46247,77.84%,
2T,VW_DH_TV_VF_nzoth_yogg_cthun_3150268515802607_Mis_AM_ME_DS,46246,77.83%,
2T,VW_DH_VW_VF_nzoth_yogg_cthun_3132926512127471_Mis_AM_ME,46245,77.83%,
2T,VW_DH_TV_VF_nzoth_yogg_cthun_3150259925876207_Mis_AM_ME_DS,46245,77.83%,
2T,VW_DH_VW_VF_nzoth_yogg_cthun_3132943691472367_Mis_AM_DR_DS,46233,77.78%,
2T,AR_SW_VF_yshaarj_nzoth_yogg_4014409417874927_IN_IV_DR_DS,46232,77.78%,
2T,VW_DH_VW_VF_nzoth_yogg_cthun_3132942618254831_Mis_IV_DR_DS,46232,77.78%,
2T,AR_SP_VF_yshaarj_nzoth_yogg_4013310174682607_Mis_IV_DR_DS,46228,77.76%,
2T,AR_SW_VF_nzoth_yogg_cthun_3132859058871791_Mis_IV_ME,46224,77.75%,
2T,VW_DH_TV_VF_yshaarj_nzoth_cthun_3696298445561327_Mis_AM_ME,46224,77.75%,
2T,AR_SW_VF_yshaarj_nzoth_yogg_4014400827940335_IN_AM_DR,46224,77.75%,
2T,AR_EC_VF_nzoth_yogg_cthun_3132859864178159_IN_AM_ME,46224,77.75%,
2T,AR_SP_VF_yshaarj_nzoth_yogg_4013318496181743_IN_IV_DR_DS,46224,77.75%,
2T,VW_DH_VW_VF_nzoth_yogg_cthun_3135004202556911_Mis_IV_ME_DS,46222,77.74%,
2T,AR_SW_VF_yshaarj_nzoth_yogg_4013301584748015_IN_IV_ME,46220,77.73%,
2T,AR_EC_VF_nzoth_yogg_cthun_3169159854022127_Mis_IV_DR_DS,46220,77.73%,
2T,VW_DH_VW_VF_yshaarj_nzoth_yogg_4049797876342255_Mis_AM_ME_DS,46219,77.73%,
2T,AR_EC_VF_yshaarj_nzoth_yogg_4013301249736175_Mis_IV_DR,46219,77.73%,
2T,AR_SW_VF_yshaarj_nzoth_yogg_4013576194219503_Mis_IV_DR,46219,77.73%,
2T,AR_SW_VF_nzoth_yogg_cthun_3132859797593583_IN_AM_DR,46217,77.72%,
2T,AR_EC_VF_yshaarj_nzoth_yogg_4014409417874927_Mis_IV_DR_DS,46214,77.71%,
2T,AR_EC_VF_nzoth_yogg_cthun_3169151196986863_IN_IV_DR,46214,77.71%,
2T,AR_EC_VF_nzoth_yogg_cthun_3132996229389807_Mis_AM_DR,46212,77.70%,
2T,AR_EC_VF_yshaarj_nzoth_yogg_4013302390054383_Mis_AM_DR,46212,77.70%,
2T,VW_DH_VW_VF_nzoth_yogg_cthun_3133363524525551_Mis_IV_DR_DS,46209,77.69%,
2T,AR_SW_VF_nzoth_yogg_cthun_3132859864178159_IN_AM_DR,46209,77.69%,
2T,AR_SW_VF_nzoth_yogg_cthun_3150313470418431_IN_AM_DR,46208,77.69%,
2T,AR_SP_VF_yshaarj_nzoth_yogg_4013851005541871_IN_IV_DR,46207,77.68%,
2T,AR_EC_VF_nzoth_yogg_cthun_3132858790444527_Mis_IV_DR,46206,77.68%,
2T,AR_EC_VF_yshaarj_nzoth_yogg_4013447278616047_IN_IV_DR_DS,46206,77.68%,
2T,VW_DH_VW_VF_nzoth_yogg_cthun_3135004202556911_Mis_IV_DR_DS,46206,77.68%,
2T,AR_EC_VF_yshaarj_nzoth_yogg_4013576127634927_Mis_IV_DR,46205,77.68%,
2T,AR_SP_VF_nzoth_yogg_cthun_3150313470942703_Mis_AM_DR,46204,77.67%,
2T,VW_DH_VW_VF_yshaarj_nzoth_yogg_4049797876342255_Mis_AM_DR_DS,46202,77.66%,
2T,VW_DH_TV_VF_yshaarj_nzoth_yogg_3977498544373231_Mis_AM_DR,46201,77.66%,
2T,VW_DH_TV_VF_yshaarj_nzoth_cthun_3768322899631599_Mis_AM_DR_DS,46201,77.66%,
2T,AR_EC_VF_nzoth_yogg_cthun_3132867313262079_IN_IV_DR,46200,77.66%,
2T,VW_DH_TV_VF_nzoth_yogg_cthun_3133348492140015_Mis_IV_DR,46199,77.65%,
2T,AR_EC_VF_nzoth_yogg_cthun_3169151264087535_IN_IV_ME,46199,77.65%,
2T,VW_DH_TV_VF_nzoth_yogg_cthun_3132858866393069_IN_AM_ME,46197,77.65%,
2T,AR_EC_VF_yshaarj_nzoth_yogg_4013438688157183_IN_IV_ME,46197,77.65%,
2T,AR_SP_VF_yshaarj_nzoth_yogg_4014400760839663_Mis_IV_ME,46193,77.63%,
2T,VW_DH_TV_VF_yshaarj_nzoth_yogg_3977651015704047_Mis_AM_ME_DS,46190,77.62%,
2T,AR_EC_VF_nzoth_yogg_cthun_3132858790960623_IN_AM_ME,46190,77.62%,
2T,AR_SP_VF_yshaarj_nzoth_yogg_4013301316836847_Mis_IV_ME,46189,77.61%,
2T,AR_SW_VF_yshaarj_nzoth_yogg_4013302323469807_IN_IV_DR,46188,77.61%,
2T,VW_DH_TV_VF_nzoth_yogg_cthun_3150259926392303_Mis_AM_DR_DS,46187,77.61%,
2T,AR_SW_VF_nzoth_yogg_cthun_3132996162805231_Mis_IV_ME,46187,77.61%,
2T,AR_SP_VF_yshaarj_nzoth_yogg_4013576127634927_IN_IV_DR,46186,77.60%,
2T,VW_DH_TV_VF_nzoth_yogg_cthun_3134997759581679_Mis_AM_DR,46185,77.60%,
2T,AR_EC_VF_yshaarj_nzoth_yogg_4013302323469807_Mis_IV_ME,46184,77.59%,
2T,AR_EC_VF_yshaarj_nzoth_yogg_4013301584748015_Mis_AM_ME,46183,77.59%,
2T,VW_DH_TV_VF_nzoth_yogg_cthun_3150259925868031_Mis_AM_DR_DS,46183,77.59%,
2T,AR_SP_VF_yshaarj_nzoth_yogg_4013301316836847_IN_IV_ME,46181,77.58%,
2T,AR_EC_VF_yshaarj_nzoth_yogg_4014400760831487_Mis_IV_DR,46178,77.57%,
2T,AR_SP_VF_yshaarj_nzoth_yogg_4013851005541871_Mis_IV_DR,46177,77.57%,
2T,AR_SP_VF_yshaarj_nzoth_yogg_3977567188409839_Mis_IV_DR,46175,77.56%,
2T,AR_SP_VF_nzoth_yogg_cthun_3132875970305519_IN_IV_ME_DS,46174,77.56%,
2T,AR_SW_VF_yshaarj_nzoth_yogg_3977567188409839_Mis_IV_DR,46174,77.56%,
2T,AR_SW_VF_nzoth_yogg_cthun_3150313470942703_Mis_AM_DR,46173,77.55%,
2T,AR_SP_VF_yshaarj_nzoth_yogg_4014409351290351_IN_IV_DR_DS,46173,77.55%,
2T,AR_SW_VF_yshaarj_nzoth_yogg_4013438688157183_IN_IV_DR,46172,77.55%,
2T,AR_SW_VF_yshaarj_nzoth_yogg_4013438755266031_IN_AM_DR,46170,77.54%,
2T,AR_EC_VF_nzoth_yogg_cthun_3150313470426607_Mis_AM_ME,46169,77.54%,
2T,AR_EC_VF_nzoth_yogg_cthun_3132996162280959_Mis_IV_DR,46168,77.53%,
2T,VW_DH_VW_VF_nzoth_yogg_cthun_3132859939610605_IN_AM_DR,46166,77.53%,
2T,VW_DH_TV_VF_nzoth_yogg_cthun_3132943691472367_Mis_AM_ME_DS,46162,77.51%,
2T,VW_DH_TV_VF_nzoth_yogg_cthun_3132798736326143_Mis_IV_DR,46162,77.51%,
2T,VW_DH_TV_VF_yshaarj_nzoth_yogg_4049523065544175_Mis_AM_DR_DS,46161,77.51%,
2T,AR_EC_VF_nzoth_yogg_cthun_3132858790444527_Mis_IV_ME,46159,77.50%,
2T,AR_EC_VF_nzoth_yogg_cthun_3132867380370927_Mis_IV_DR,46156,77.49%,
2T,AR_SW_VF_yshaarj_nzoth_yogg_4013438688165359_IN_IV_ME,46156,77.49%,
2T,AR_SP_VF_nzoth_yogg_cthun_3132996162805231_Mis_IV_ME,46155,77.48%,
2T,VW_DH_VW_VF_yshaarj_nzoth_yogg_3979696493879277_IN_IV_ME,46154,77.48%,
2T,VW_DH_VW_VF_nzoth_yogg_cthun_3132806253043183_Mis_IV_ME_DS,46153,77.48%,
2T,AR_SP_VF_nzoth_yogg_cthun_3132858790960623_Mis_IV_DR,46151,77.47%,
2T,VW_DH_VW_VF_nzoth_yogg_cthun_3132798736326143_Mis_IV_ME,46151,77.47%,
2T,AR_EC_VF_yshaarj_nzoth_yogg_4013851005541871_Mis_IV_DR,46150,77.47%,
2T,AR_EC_VF_nzoth_yogg_cthun_3132858723851775_IN_IV_DR,46150,77.47%,
2T,AR_SP_VF_nzoth_yogg_cthun_3132875970305519_IN_IV_DR_DS,46150,77.46%,
2T,AR_SP_VF_yshaarj_nzoth_yogg_4013447345200623_Mis_IV_ME_DS,46147,77.45%,
2T,VW_DH_VW_VF_nzoth_yogg_cthun_3132858866393069_IN_AM_ME,46146,77.45%,
2T,AR_EC_VF_yshaarj_nzoth_yogg_4013302322945535_Mis_IV_DR,46146,77.45%,
2T,AR_SW_VF_nzoth_yogg_cthun_3132858790960623_Mis_IV_DR,46146,77.45%,
2T,AR_EC_VF_nzoth_yogg_cthun_3150313470418431_Mis_AM_DR,46145,77.44%,
2T,VW_DH_VW_VF_yshaarj_nzoth_yogg_4049523065544175_Mis_AM_ME_DS,46144,77.44%,
2T,AR_EC_VF_yshaarj_nzoth_yogg_4013438688165359_IN_AM_DR,46142,77.44%,
2T,AR_EC_VF_nzoth_yogg_cthun_3132875903720943_IN_IV_DR_DS,46141,77.43%,
2T,AR_EC_VF_nzoth_yogg_cthun_3132875903720943_IN_IV_ME_DS,46140,77.42%,
2T,AR_EC_VF_yshaarj_nzoth_yogg_4013301316320751_IN_AM_DR,46139,77.42%,
2T,VW_DH_TV_VF_nzoth_yogg_cthun_3132813835820527_Mis_IV_ME_DS,46136,77.41%,
2T,VW_DH_TV_VF_nzoth_yogg_cthun_3132791287242223_Mis_AM_DR,46132,77.39%,
2T,VW_DH_TV_VF_nzoth_yogg_cthun_3132798736850415_Mis_IV_ME,46130,77.39%,
2T,AR_SW_VF_nzoth_yogg_cthun_3132859864178159_Mis_IV_DR,46129,77.38%,
2T,AR_SP_VF_nzoth_yogg_cthun_3169151197502959_IN_IV_DR,46128,77.38%,
2T,AR_SW_VF_yshaarj_nzoth_yogg_4013301584748015_Mis_AM_DR,46127,77.38%,
2T,VW_DH_TV_VF_nzoth_yogg_cthun_3132806252527087_Mis_AM_DR_DS,46127,77.38%,
2T,AR_EC_VF_yshaarj_nzoth_yogg_4013851005541871_IN_IV_ME,46125,77.37%,
2T,AR_EC_VF_nzoth_yogg_cthun_3132996162289135_IN_AM_ME,46125,77.37%,
2T,AR_SP_VF_yshaarj_nzoth_yogg_4013301584748015_Mis_AM_DR,46121,77.35%,
2T,AR_SW_VF_yshaarj_nzoth_yogg_4013301316320751_IN_IV_DR,46121,77.35%,
2T,AR_EC_VF_yshaarj_nzoth_yogg_4013301584748015_IN_AM_ME,46121,77.35%,
2T,AR_SW_VF_nzoth_yogg_cthun_3132858790436351_IN_IV_ME,46120,77.35%,
2T,VW_DH_VW_VF_yshaarj_nzoth_yogg_4049522998959599_Mis_AM_DR_DS,46119,77.35%,
2T,AR_SP_VF_yshaarj_nzoth_yogg_4013438688681455_IN_IV_ME,46118,77.34%,
2T,AR_EC_VF_nzoth_yogg_cthun_3169159854022127_IN_IV_DR_DS,46118,77.34%,
2T,AR_SP_VF_yshaarj_nzoth_yogg_4013851072126447_IN_IV_ME,46116,77.33%,
2T,AR_SP_VF_yshaarj_nzoth_yogg_4013851005017599_IN_IV_DR,46114,77.33%,
2T,AR_SP_VF_nzoth_yogg_cthun_3132996162805231_IN_AM_DR,46114,77.33%,
2T,VW_DH_VW_VF_nzoth_yogg_cthun_3205372946210287_Mis_AM_ME_DS,46114,77.32%,
2T,AR_EC_VF_yshaarj_nzoth_yogg_4013576127118831_Mis_IV_DR,46111,77.32%,
2T,VW_DH_TV_VF_nzoth_yogg_cthun_3132996304822253_IN_AM_DR,46110,77.31%,
2T,AR_SP_VF_yshaarj_nzoth_yogg_4013301249736175_IN_IV_DR,46109,77.31%,
2T,VW_DH_VW_VF_yshaarj_nzoth_yogg_4049522998435327_Mis_AM_DR_DS,46109,77.31%,
2T,VW_DH_VW_VF_nzoth_yogg_cthun_3132791287242223_Mis_AM_ME,46107,77.30%,
2T,AR_EC_VF_yshaarj_nzoth_yogg_3977567121825263_IN_AM_DR,46105,77.29%,
2T,VW_DH_VW_VF_nzoth_yogg_cthun_3132927652453871_Mis_AM_DR,46105,77.29%,
2T,VW_DH_TV_VF_nzoth_yogg_cthun_3150313612959725_IN_AM_ME,46104,77.29%,
2T,VW_DH_TV_VF_nzoth_yogg_cthun_3135005275774447_Mis_AM_ME_DS,46103,77.28%,
2T,AR_SP_VF_nzoth_yogg_cthun_3169159854022127_Mis_IV_DR_DS,46103,77.28%,
2T,AR_SP_VF_nzoth_yogg_cthun_3132859864178159_IN_AM_ME,46103,77.28%,
2T,VW_DH_VW_VF_nzoth_yogg_cthun_3135005275774447_Mis_AM_ME_DS,46100,77.27%,
2T,VW_DH_TV_VF_nzoth_yogg_cthun_3132799810067951_Mis_AM_ME,46099,77.27%,
2T,AR_SP_VF_yshaarj_nzoth_yogg_4014400761355759_Mis_IV_ME,46096,77.26%,
2T,VW_DH_TV_VF_nzoth_yogg_cthun_3150534803774959_Mis_AM_ME_DS,46095,77.25%,
2T,AR_EC_VF_yshaarj_nzoth_yogg_4013447278616047_Mis_IV_DR_DS,46095,77.25%,
2T,VW_DH_TV_VF_nzoth_yogg_cthun_3132797662592495_Mis_AM_ME,46094,77.25%,
2T,VW_DH_TV_VF_nzoth_yogg_cthun_3132858932977645_IN_AM_ME,46094,77.25%,
2T,AR_SP_VF_yshaarj_nzoth_yogg_4013302390054383_IN_IV_ME,46094,77.25%,
2T,AR_EC_VF_yshaarj_nzoth_yogg_3977567121309167_IN_AM_DR,46094,77.25%,
2T,AR_SW_VF_yshaarj_nzoth_yogg_4013576194219503_Mis_IV_ME,46091,77.24%,
2T,VW_DH_TV_VF_nzoth_yogg_cthun_3135004202040815_Mis_AM_DR_DS,46090,77.23%,
2T,VW_DH_TV_VF_yshaarj_nzoth_yogg_3977497471147503_Mis_AM_ME,46089,77.23%,
2T,AR_EC_VF_yshaarj_nzoth_yogg_4013447278099951_IN_IV_DR_DS,46089,77.23%,
2T,VW_DH_VW_VF_nzoth_yogg_cthun_3132807326268911_Mis_IV_ME_DS,46088,77.23%,
2T,VW_DH_TV_VF_yshaarj_nzoth_yogg_4049522998443503_Mis_AM_DR_DS,46087,77.22%,
2T,AR_SW_VF_nzoth_yogg_cthun_3132996162289135_Mis_IV_ME,46085,77.22%,
2T,AR_SW_VF_nzoth_yogg_cthun_3132996162805231_IN_AM_DR,46084,77.21%,
2T,VW_DH_TV_VF_nzoth_yogg_cthun_3132797662584319_Mis_AM_DR,46084,77.21%,
2T,AR_SP_VF_yshaarj_nzoth_yogg_4014409350774255_IN_IV_DR_DS,46082,77.20%,
2T,AR_EC_VF_nzoth_yogg_cthun_3132858790444527_IN_AM_ME,46082,77.20%,
2T,VW_DH_VW_VF_nzoth_yogg_cthun_3132798736850415_Mis_IV_ME,46081,77.20%,
2T,VW_DH_VW_VF_nzoth_yogg_cthun_3132996304822253_IN_AM_ME,46080,77.19%,
2T,AR_SW_VF_yshaarj_nzoth_yogg_4013438688681455_IN_IV_ME,46079,77.19%,
2T,AR_EC_VF_nzoth_yogg_cthun_3169151197502959_IN_IV_DR,46075,77.17%,
2T,AR_SW_VF_yshaarj_nzoth_yogg_4014400761355759_IN_AM_DR,46070,77.16%,
2T,AR_EC_VF_yshaarj_nzoth_yogg_4013851005017599_Mis_IV_DR,46069,77.15%,
2T,VW_DH_TV_VF_nzoth_yogg_cthun_3132791287242223_Mis_AM_ME,46065,77.14%,
2T,AR_EC_VF_nzoth_yogg_cthun_3132875903204847_IN_IV_ME_DS,46065,77.14%,
2T,VW_DH_VW_VF_yshaarj_nzoth_yogg_3977772348530669_IN_IV_DR,46064,77.14%,
2T,AR_SP_VF_yshaarj_nzoth_yogg_4013318496181743_Mis_IV_DR_DS,46063,77.13%,
2T,VW_DH_VW_VF_nzoth_yogg_cthun_3132806253043183_Mis_IV_DR_DS,46062,77.12%,
2T,VW_DH_TV_VF_nzoth_yogg_cthun_3132876045737965_IN_IV_DR_DS,46061,77.12%,
2T,AR_SW_VF_nzoth_yogg_cthun_3132996229389807_IN_AM_ME,46060,77.12%,
2T,AR_SW_VF_yshaarj_nzoth_yogg_4013302323469807_Mis_IV_DR,46058,77.11%,
2T,AR_EC_VF_yshaarj_nzoth_yogg_4013301316312575_Mis_IV_ME,46056,77.10%,
2T,AR_SP_VF_nzoth_yogg_cthun_3132858723851775_IN_IV_ME,46055,77.10%,
2T,AR_EC_VF_yshaarj_nzoth_yogg_4013576194219503_IN_AM_DR,46055,77.10%,
2T,VW_DH_VW_VF_yshaarj_nzoth_cthun_3696297371820013_IN_IV_DR,46055,77.10%,
2T,AR_EC_VF_yshaarj_nzoth_yogg_4013851072126447_IN_AM_DR,46054,77.10%,
2T,AR_SP_VF_nzoth_yogg_cthun_3132858723851775_IN_IV_DR,46054,77.10%,
2T,AR_EC_VF_nzoth_yogg_cthun_3169151196986863_Mis_IV_ME,46054,77.09%,
2T,AR_SW_VF_nzoth_yogg_cthun_3132875903720943_IN_IV_DR_DS,46051,77.08%,
2T,AR_EC_VF_nzoth_yogg_cthun_3132859797077487_IN_AM_ME,46051,77.08%,
2T,AR_SW_VF_yshaarj_nzoth_yogg_4013301584748015_IN_AM_DR,46050,77.08%,
2T,AR_SP_VF_yshaarj_nzoth_yogg_3977567188409839_IN_AM_DR,46050,77.08%,
2T,VW_DH_TV_VF_nzoth_yogg_cthun_3132867455803373_IN_AM_ME,46049,77.08%,
2T,VW_DH_VW_VF_nzoth_yogg_cthun_3150259926392303_Mis_AM_DR_DS,46049,77.08%,
2T,AR_SW_VF_nzoth_yogg_cthun_3132858790960623_IN_AM_DR,46048,77.07%,
2T,AR_EC_VF_yshaarj_nzoth_yogg_4013302322953711_IN_IV_ME,46048,77.07%,
2T,VW_DH_VW_VF_nzoth_yogg_cthun_3132798736850415_Mis_IV_DR,46047,77.07%,
2T,VW_DH_VW_VF_nzoth_yogg_cthun_3150262073351663_Mis_AM_DR_DS,46046,77.06%,
2T,AR_EC_VF_yshaarj_nzoth_yogg_4013301316836847_IN_AM_DR,46045,77.06%,
2T,AR_SW_VF_nzoth_yogg_cthun_3132859058871791_IN_AM_ME,46044,77.06%,
2T,VW_DH_VW_VF_nzoth_yogg_cthun_3150244893482495_Mis_AM_ME,46042,77.05%,
2T,AR_EC_VF_yshaarj_nzoth_yogg_4014400761355759_Mis_AM_DR,46042,77.05%,
2T,VW_DH_TV_VF_yshaarj_nzoth_yogg_3977498611473903_Mis_AM_DR,46041,77.05%,
2T,AR_SW_VF_nzoth_yogg_cthun_3132875970305519_IN_IV_ME_DS,46040,77.04%,
2T,AR_EC_VF_nzoth_yogg_cthun_3132858723335679_IN_IV_DR,46040,77.04%,
2T,VW_DH_VW_VF_nzoth_yogg_cthun_3132797662592495_Mis_AM_ME,46039,77.04%,
2T,AR_EC_VF_yshaarj_nzoth_yogg_4013301249736175_IN_IV_ME,46039,77.04%,
2T,VW_DH_VW_VF_yshaarj_nzoth_yogg_4049522998443503_Mis_AM_ME_DS,46037,77.03%,
2T,AR_SW_VF_yshaarj_nzoth_yogg_4013576127118831_IN_IV_DR,46037,77.03%,
2T,AR_EC_VF_yshaarj_nzoth_yogg_3977567121309167_Mis_IV_DR,46037,77.03%,
2T,AR_EC_VF_yshaarj_nzoth_yogg_4014400760839663_IN_AM_ME,46036,77.02%,
2T,VW_DH_VW_VF_nzoth_yogg_cthun_3135004202032639_Mis_IV_ME_DS,46033,77.02%,
2T,AR_SP_VF_yshaarj_nzoth_yogg_4013301316320751_Mis_IV_ME,46033,77.02%,
2T,VW_DH_TV_VF_nzoth_yogg_cthun_3150262073351663_Mis_AM_ME_DS,46033,77.01%,
2T,AR_EC_VF_nzoth_yogg_cthun_3132859797077487_Mis_IV_ME,46032,77.01%,
2T,VW_DH_VW_VF_yshaarj_nzoth_yogg_4049525145918959_Mis_AM_DR_DS,46029,77.00%,
2T,VW_DH_VW_VF_nzoth_yogg_cthun_3132858865876973_IN_AM_DR,46028,76.99%,
2T,VW_DH_TV_VF_nzoth_yogg_cthun_3205372946210287_Mis_AM_ME_DS,46027,76.99%,
2T,AR_EC_VF_yshaarj_nzoth_yogg_4013318429597167_IN_IV_DR_DS,46026,76.99%,
2T,VW_DH_TV_VF_nzoth_yogg_cthun_3133363524525551_Mis_IV_ME_DS,46025,76.98%,
2T,VW_DH_VW_VF_nzoth_yogg_cthun_3132936175279599_Mis_AM_ME,46024,76.98%,
2T,AR_EC_VF_yshaarj_nzoth_yogg_4014400827940335_Mis_AM_ME,46024,76.98%,
2T,AR_EC_VF_nzoth_yogg_cthun_3132996162280959_IN_AM_DR,46023,76.98%,
2T,VW_DH_VW_VF_nzoth_yogg_cthun_3134997759581679_Mis_AM_DR,46022,76.97%,
2T,AR_SP_VF_yshaarj_nzoth_yogg_4013851072126447_Mis_IV_ME,46021,76.97%,
2T,AR_SP_VF_nzoth_yogg_cthun_3132858790444527_Mis_IV_DR,46019,76.96%,
2T,AR_EC_VF_yshaarj_nzoth_yogg_4014409350774255_IN_IV_DR_DS,46018,76.96%,
2T,VW_DH_VW_VF_yshaarj_nzoth_yogg_4049515482243053_IN_IV_DR,46017,76.95%,
2T,AR_SP_VF_yshaarj_nzoth_yogg_4013301316312575_Mis_IV_DR,46017,76.95%,
2T,AR_SP_VF_nzoth_yogg_cthun_3169151264087535_Mis_IV_ME,46017,76.95%,
2T,AR_SP_VF_yshaarj_nzoth_yogg_4013576194219503_Mis_IV_ME,46015,76.94%,
2T,AR_SW_VF_yshaarj_nzoth_yogg_4013302322953711_Mis_IV_DR,46014,76.94%,
2T,AR_EC_VF_yshaarj_nzoth_yogg_3977567121825263_IN_AM_ME,46013,76.94%,
2T,AR_SW_VF_nzoth_yogg_cthun_3132859797077487_Mis_IV_DR,46011,76.93%,
2T,VW_DH_TV_VF_nzoth_yogg_cthun_3132807326268911_Mis_IV_ME_DS,46009,76.92%,
2T,AR_EC_VF_yshaarj_nzoth_yogg_3977567121300991_IN_AM_DR,46008,76.92%,
2T,AR_EC_VF_yshaarj_nzoth_yogg_4013438688157183_IN_AM_DR,46008,76.92%,
2T,VW_DH_TV_VF_nzoth_yogg_cthun_3132797729693167_Mis_AM_ME,46007,76.91%,
2T,AR_SW_VF_nzoth_yogg_cthun_3169151197502959_Mis_IV_DR,46006,76.91%,
2T,AR_SW_VF_nzoth_yogg_cthun_3150313470942703_Mis_AM_ME,46006,76.91%,
2T,AR_EC_VF_yshaarj_nzoth_yogg_3977567121825263_Mis_IV_ME,46005,76.91%,
2T,AR_SW_VF_nzoth_yogg_cthun_3169151197502959_IN_IV_DR,46005,76.91%,
2T,AR_SW_VF_nzoth_yogg_cthun_3132875970305519_IN_IV_DR_DS,46004,76.90%,
2T,AR_SP_VF_nzoth_yogg_cthun_3132859864178159_Mis_IV_ME,46003,76.90%,
2T,AR_SP_VF_yshaarj_nzoth_yogg_4013301316320751_IN_IV_ME,46001,76.89%,
2T,AR_EC_VF_yshaarj_nzoth_yogg_4013438688681455_Mis_AM_ME,46000,76.89%,
2T,AR_EC_VF_yshaarj_nzoth_yogg_4014400760831487_Mis_IV_ME,46000,76.89%,
2T,VW_DH_VW_VF_yshaarj_nzoth_cthun_3696297371820013_IN_IV_ME,45998,76.88%,
2T,AR_EC_VF_yshaarj_nzoth_yogg_4013438688157183_Mis_AM_DR,45998,76.88%,
2T,AR_EC_VF_yshaarj_nzoth_yogg_4013438688165359_Mis_AM_ME,45997,76.88%,
2T,VW_DH_VW_VF_nzoth_yogg_cthun_3132876045737965_IN_IV_DR_DS,45996,76.87%,
2T,VW_DH_TV_VF_yshaarj_nzoth_yogg_3977567263842285_IN_AM_DR,45996,76.87%,
2T,AR_SW_VF_yshaarj_nzoth_yogg_4013576127634927_Mis_IV_DR,45996,76.87%,
2T,AR_SP_VF_nzoth_yogg_cthun_3150313470942703_Mis_AM_ME,45995,76.87%,
2T,AR_EC_VF_nzoth_yogg_cthun_3132996229389807_Mis_AM_ME,45991,76.85%,
2T,AR_SP_VF_yshaarj_nzoth_yogg_4013438688681455_IN_AM_DR,45990,76.85%,
2T,VW_DH_TV_VF_nzoth_yogg_cthun_3132813835820527_Mis_IV_DR_DS,45990,76.85%,
2T,AR_SP_VF_yshaarj_nzoth_yogg_4013302390054383_Mis_IV_ME,45990,76.85%,
2T,AR_SP_VF_yshaarj_nzoth_yogg_4014409417874927_IN_IV_ME_DS,45989,76.85%,
2T,AR_SP_VF_yshaarj_nzoth_yogg_4013302322953711_Mis_IV_DR,45989,76.84%,
2T,AR_SP_VF_yshaarj_nzoth_yogg_4013851005017599_Mis_IV_DR,45988,76.84%,
2T,AR_EC_VF_yshaarj_nzoth_yogg_4013301249727999_IN_IV_DR,45987,76.84%,
2T,AR_SP_VF_yshaarj_nzoth_yogg_4013302322945535_IN_IV_DR,45986,76.83%,
2T,AR_SP_VF_nzoth_yogg_cthun_3132875903720943_IN_IV_DR_DS,45986,76.83%,
2T,AR_SP_VF_nzoth_yogg_cthun_3132867380370927_Mis_IV_DR,45986,76.83%,
2T,AR_SW_VF_yshaarj_nzoth_yogg_4013302390054383_Mis_IV_ME,45986,76.83%,
2T,AR_SP_VF_yshaarj_nzoth_yogg_4013438755266031_IN_AM_ME,45985,76.83%,
2T,VW_DH_TV_VF_nzoth_yogg_cthun_3132951207665135_Mis_AM_DR_DS,45984,76.83%,
2T,AR_EC_VF_yshaarj_nzoth_yogg_4013438688681455_IN_AM_ME,45984,76.83%,
2T,AR_EC_VF_yshaarj_nzoth_yogg_4014409350774255_IN_IV_ME_DS,45984,76.83%,
2T,AR_SW_VF_nzoth_yogg_cthun_3132859864178159_Mis_IV_ME,45984,76.82%,
2T,AR_EC_VF_yshaarj_nzoth_yogg_4013310979988975_IN_IV_DR_DS,45984,76.82%,
2T,AR_SW_VF_nzoth_yogg_cthun_3132859797593583_IN_AM_ME,45983,76.82%,
2T,AR_SP_VF_yshaarj_nzoth_yogg_4013438688157183_Mis_IV_ME,45982,76.82%,
2T,VW_DH_VW_VF_nzoth_yogg_cthun_3132797662584319_Mis_AM_DR,45980,76.81%,
2T,VW_DH_TV_VF_yshaarj_nzoth_yogg_3977513576758767_Mis_AM_DR_DS,45980,76.81%,
2T,AR_EC_VF_nzoth_yogg_cthun_3132867313262079_IN_IV_ME,45980,76.81%,
2T,VW_DH_VW_VF_nzoth_yogg_cthun_3133347418398191_Mis_AM_ME,45980,76.81%,
2T,VW_DH_TV_VF_nzoth_yogg_cthun_3132798736850415_Mis_IV_DR,45979,76.81%,
2T,AR_SW_VF_nzoth_yogg_cthun_3169151264087535_Mis_IV_ME,45978,76.80%,
2T,VW_DH_TV_VF_nzoth_yogg_cthun_3132858865876973_IN_AM_DR,45978,76.80%,
2T,AR_EC_VF_nzoth_yogg_cthun_3132875903204847_IN_IV_DR_DS,45977,76.80%,
2T,VW_DH_TV_VF_nzoth_yogg_cthun_3133347418398191_Mis_AM_ME,45977,76.80%,
2T,VW_DH_VW_VF_nzoth_yogg_cthun_3132797729693167_Mis_AM_ME,45977,76.80%,
2T,AR_SW_VF_nzoth_yogg_cthun_3132996162289135_IN_AM_DR,45976,76.80%,
2T,AR_SP_VF_nzoth_yogg_cthun_3132859797077487_Mis_IV_DR,45976,76.80%,
2T,AR_SP_VF_nzoth_yogg_cthun_3169151196986863_Mis_IV_DR,45974,76.79%,
2T,AR_SP_VF_nzoth_yogg_cthun_3169159854022127_IN_IV_DR_DS,45973,76.78%,
2T,VW_DH_TV_VF_nzoth_yogg_cthun_3135004269141487_Mis_AM_DR_DS,45971,76.78%,
2T,AR_EC_VF_yshaarj_nzoth_yogg_4013302323469807_IN_IV_ME,45970,76.77%,
2T,AR_SP_VF_nzoth_yogg_cthun_3132996229389807_Mis_AM_DR,45970,76.77%,
2T,AR_EC_VF_nzoth_yogg_cthun_3132867380370927_IN_AM_ME,45970,76.77%,
2T,AR_SW_VF_nzoth_yogg_cthun_3169151196986863_IN_IV_DR,45969,76.77%,
2T,AR_SW_VF_nzoth_yogg_cthun_3150313470426607_IN_AM_ME,45967,76.76%,
2T,AR_SP_VF_yshaarj_nzoth_yogg_4013576194219503_IN_IV_ME,45965,76.75%,
2T,VW_DH_VW_VF_nzoth_yogg_cthun_3132858932977645_IN_AM_ME,45964,76.75%,
2T,AR_EC_VF_nzoth_yogg_cthun_3169151196986863_IN_IV_ME,45962,76.74%,
2T,AR_SW_VF_yshaarj_nzoth_yogg_4013302322953711_IN_IV_DR,45962,76.74%,
2T,AR_EC_VF_yshaarj_nzoth_yogg_4013851005025775_IN_IV_ME,45961,76.74%,
2T,AR_SP_VF_nzoth_yogg_cthun_3169151264087535_IN_IV_ME,45961,76.74%,
2T,VW_DH_TV_VF_yshaarj_nzoth_cthun_3696313477946863_Mis_AM_ME_DS,45960,76.73%,
2T,AR_SW_VF_nzoth_yogg_cthun_3132859797069311_IN_IV_ME,45960,76.73%,
2T,AR_EC_VF_nzoth_yogg_cthun_3169151196978687_IN_IV_DR,45960,76.73%,
2T,AR_SP_VF_yshaarj_nzoth_yogg_4013447278616047_IN_IV_DR_DS,45954,76.71%,
2T,VW_DH_TV_VF_nzoth_yogg_cthun_3132807393369583_Mis_IV_ME_DS,45950,76.70%,
2T,AR_EC_VF_yshaarj_nzoth_yogg_4013310979988975_Mis_IV_DR_DS,45949,76.69%,
2T,AR_SP_VF_nzoth_yogg_cthun_3132867313262079_IN_IV_DR,45947,76.68%,
2T,AR_SP_VF_yshaarj_nzoth_yogg_4013851005025775_Mis_IV_DR,45944,76.67%,
2T,VW_DH_VW_VF_nzoth_yogg_cthun_3132927652453871_Mis_AM_ME,45942,76.66%,
2T,AR_SW_VF_nzoth_yogg_cthun_3132867313262079_IN_IV_DR,45942,76.66%,
2T,VW_DH_TV_VF_nzoth_yogg_cthun_3132797662584319_Mis_AM_ME,45942,76.66%,
2T,VW_DH_TV_VF_nzoth_yogg_cthun_3132798736334319_Mis_AM_DR,45941,76.66%,
2T,AR_SP_VF_nzoth_yogg_cthun_3132859864178159_IN_AM_DR,45941,76.66%,
2T,VW_DH_VW_VF_nzoth_yogg_cthun_3150259925876207_Mis_AM_ME_DS,45939,76.65%,
2T,VW_DH_TV_VF_nzoth_yogg_cthun_3150259926392303_Mis_AM_ME_DS,45939,76.65%,
2T,AR_EC_VF_yshaarj_nzoth_yogg_4013301316836847_Mis_AM_DR,45939,76.65%,
2T,AR_SP_VF_nzoth_yogg_cthun_3132858723335679_IN_IV_ME,45939,76.65%,
2T,AR_SP_VF_yshaarj_nzoth_yogg_4013301584748015_IN_AM_DR,45939,76.65%,
2T,VW_DH_VW_VF_nzoth_yogg_cthun_3132798736326143_Mis_IV_DR,45938,76.65%,
2T,VW_DH_TV_VF_nzoth_yogg_cthun_3132799810067951_Mis_AM_DR,45938,76.65%,
2T,AR_SW_VF_nzoth_yogg_cthun_3169151264087535_IN_IV_ME,45937,76.65%,
2T,AR_EC_VF_nzoth_yogg_cthun_3132867380370927_IN_AM_DR,45937,76.64%,
2T,AR_SP_VF_yshaarj_nzoth_yogg_4013301249736175_Mis_IV_DR,45935,76.64%,
2T,VW_DH_TV_VF_nzoth_yogg_cthun_3133347418398191_Mis_AM_DR,45932,76.62%,
2T,VW_DH_VW_VF_nzoth_yogg_cthun_3132936175279599_Mis_AM_DR,45930,76.62%,
2T,AR_SP_VF_yshaarj_nzoth_yogg_4014400760831487_Mis_IV_DR,45930,76.62%,
2T,AR_SW_VF_yshaarj_nzoth_yogg_4013301316312575_Mis_IV_DR,45928,76.61%,
2T,AR_EC_VF_yshaarj_nzoth_yogg_4013318429597167_Mis_IV_DR_DS,45927,76.61%,
2T,AR_EC_VF_nzoth_yogg_cthun_3132858723335679_IN_IV_ME,45927,76.61%,
2T,VW_DH_TV_VF_nzoth_yogg_cthun_3132791220133375_Mis_AM_ME,45926,76.60%,
2T,AR_SP_VF_yshaarj_nzoth_yogg_4013576127634927_Mis_IV_DR,45926,76.60%,
2T,VW_DH_TV_VF_nzoth_yogg_cthun_3133363524525551_Mis_IV_DR_DS,45923,76.59%,
2T,AR_EC_VF_yshaarj_nzoth_yogg_4013576127634927_IN_IV_ME,45922,76.59%,
2T,VW_DH_VW_VF_nzoth_yogg_cthun_3132813835820527_Mis_IV_ME_DS,45921,76.58%,
2T,AR_SW_VF_yshaarj_nzoth_yogg_4014400760839663_IN_AM_DR,45921,76.58%,
2T,AR_SP_VF_nzoth_yogg_cthun_3132996162289135_IN_AM_DR,45920,76.58%,
2T,AR_SW_VF_yshaarj_nzoth_yogg_4013851072126447_Mis_IV_ME,45919,76.58%,
2T,AR_EC_VF_yshaarj_nzoth_yogg_4013301316320751_Mis_AM_DR,45918,76.57%,
2T,AR_EC_VF_nzoth_yogg_cthun_3132859797593583_Mis_IV_ME,45917,76.57%,
2T,AR_EC_VF_yshaarj_nzoth_yogg_4013576127118831_IN_IV_ME,45917,76.57%,
2T,AR_SP_VF_yshaarj_nzoth_yogg_4014400827940335_Mis_AM_DR,45916,76.57%,
2T,AR_EC_VF_yshaarj_nzoth_yogg_4013447345200623_IN_AM_DR_DS,45916,76.57%,
2T,AR_SW_VF_yshaarj_nzoth_yogg_4013301316312575_IN_IV_DR,45914,76.56%,
2T,AR_SW_VF_yshaarj_nzoth_yogg_4014400760831487_IN_IV_ME,45914,76.56%,
2T,AR_SP_VF_yshaarj_nzoth_yogg_4013438755266031_Mis_AM_ME,45913,76.55%,
2T,AR_SP_VF_nzoth_yogg_cthun_3150313470418431_IN_AM_ME,45912,76.55%,
2T,AR_SW_VF_yshaarj_nzoth_yogg_4013851005025775_IN_IV_DR,45910,76.54%,
2T,VW_DH_VW_VF_nzoth_yogg_cthun_3132797662584319_Mis_AM_ME,45906,76.53%,
2T,AR_SP_VF_nzoth_yogg_cthun_3150313470426607_Mis_AM_DR,45906,76.52%,
2T,VW_DH_VW_VF_nzoth_yogg_cthun_3132942617738735_Mis_AM_DR_DS,45904,76.52%,
2T,AR_SW_VF_nzoth_yogg_cthun_3132859797593583_Mis_IV_DR,45902,76.51%,
2T,VW_DH_VW_VF_nzoth_yogg_cthun_3132807393369583_Mis_IV_DR_DS,45902,76.51%,
2T,AR_EC_VF_yshaarj_nzoth_yogg_4013851005025775_Mis_IV_ME,45900,76.50%,
2T,AR_SW_VF_yshaarj_nzoth_yogg_4013310174682607_Mis_IV_DR_DS,45899,76.50%,
2T,AR_EC_VF_yshaarj_nzoth_yogg_4013301249211903_IN_IV_DR,45898,76.50%,
2T,AR_SP_VF_yshaarj_nzoth_yogg_4013576127118831_Mis_IV_DR,45898,76.50%,
2T,AR_SP_VF_yshaarj_nzoth_yogg_4013302322953711_IN_IV_ME,45897,76.49%,
2T,VW_DH_VW_VF_nzoth_yogg_cthun_3135004202040815_Mis_AM_DR_DS,45896,76.49%,
2T,AR_SP_VF_yshaarj_nzoth_yogg_4013447345200623_IN_IV_ME_DS,45894,76.48%,
2T,VW_DH_TV_VF_nzoth_yogg_cthun_3132858865876973_IN_AM_ME,45894,76.48%,
2T,VW_DH_TV_VF_nzoth_yogg_cthun_3132807393369583_Mis_IV_DR_DS,45893,76.48%,
2T,AR_SP_VF_nzoth_yogg_cthun_3169151196986863_IN_IV_DR,45892,76.47%,
2T,AR_SW_VF_yshaarj_nzoth_yogg_4014400827940335_IN_AM_ME,45892,76.47%,
2T,AR_SP_VF_yshaarj_nzoth_yogg_4013447278099951_Mis_IV_DR_DS,45892,76.47%,
2T,AR_EC_VF_nzoth_yogg_cthun_3132996162280959_Mis_IV_ME,45890,76.47%,
2T,AR_SW_VF_nzoth_yogg_cthun_3132996229389807_Mis_AM_DR,45890,76.46%,
2T,AR_SW_VF_nzoth_yogg_cthun_3132858790444527_Mis_IV_DR,45890,76.46%,
2T,AR_EC_VF_yshaarj_nzoth_yogg_4014409351290351_IN_IV_ME_DS,45887,76.45%,
2T,AR_SP_VF_yshaarj_nzoth_yogg_4014409351290351_IN_IV_ME_DS,45886,76.45%,
2T,AR_SP_VF_nzoth_yogg_cthun_3132858790960623_Mis_IV_ME,45883,76.44%,
2T,AR_SP_VF_nzoth_yogg_cthun_3132859797593583_IN_AM_DR,45883,76.44%,
2T,AR_EC_VF_yshaarj_nzoth_yogg_4013576194219503_Mis_AM_DR,45882,76.43%,
2T,AR_EC_VF_yshaarj_nzoth_yogg_4013310174682607_IN_IV_ME_DS,45882,76.43%,
2T,VW_DH_VW_VF_nzoth_yogg_cthun_3132799810067951_Mis_AM_ME,45879,76.42%,
2T,AR_SP_VF_nzoth_yogg_cthun_3132858790444527_Mis_IV_ME,45878,76.42%,
2T,AR_SW_VF_yshaarj_nzoth_yogg_4013447278616047_Mis_IV_DR_DS,45877,76.41%,
2T,VW_DH_VW_VF_nzoth_yogg_cthun_3150268515802607_Mis_AM_ME_DS,45872,76.39%,
2T,VW_DH_TV_VF_nzoth_yogg_cthun_3150313612959725_IN_AM_DR,45871,76.39%,
2T,AR_SW_VF_yshaarj_nzoth_yogg_3977567121825263_IN_AM_ME,45871,76.39%,
2T,AR_SW_VF_nzoth_yogg_cthun_3169159854022127_Mis_IV_DR_DS,45871,76.39%,
2T,VW_DH_VW_VF_nzoth_yogg_cthun_3132791287242223_Mis_AM_DR,45871,76.39%,
2T,AR_SW_VF_yshaarj_nzoth_yogg_3977567121300991_IN_IV_ME,45870,76.39%,
2T,AR_SP_VF_nzoth_yogg_cthun_3132859058871791_IN_AM_ME,45869,76.39%,
2T,AR_SW_VF_nzoth_yogg_cthun_3132858723851775_IN_IV_ME,45869,76.38%,
2T,AR_SP_VF_nzoth_yogg_cthun_3132875903720943_IN_IV_ME_DS,45868,76.38%,
2T,AR_SP_VF_nzoth_yogg_cthun_3132996162280959_Mis_IV_DR,45866,76.37%,
2T,AR_EC_VF_yshaarj_nzoth_yogg_3977567121825263_Mis_IV_DR,45866,76.37%,
2T,VW_DH_TV_VF_nzoth_yogg_cthun_3132927585353199_Mis_AM_ME,45865,76.37%,
2T,AR_EC_VF_nzoth_yogg_cthun_3132858790444527_IN_AM_DR,45865,76.37%,
2T,AR_EC_VF_nzoth_yogg_cthun_3132858790436351_Mis_IV_DR,45863,76.36%,
2T,VW_DH_VW_VF_yshaarj_nzoth_yogg_4049522998959599_Mis_AM_ME_DS,45861,76.35%,
2T,VW_DH_VW_VF_yshaarj_nzoth_yogg_4049525145918959_Mis_AM_ME_DS,45861,76.35%,
2T,AR_SW_VF_yshaarj_nzoth_yogg_4013447345200623_IN_IV_DR_DS,45861,76.35%,
2T,VW_DH_VW_VF_yshaarj_nzoth_yogg_3977772348530669_IN_IV_ME,45858,76.34%,
2T,AR_EC_VF_yshaarj_nzoth_yogg_4013309906771439_Mis_IV_DR_DS,45857,76.34%,
2T,AR_SP_VF_yshaarj_nzoth_yogg_4013302323469807_Mis_IV_ME,45857,76.34%,
2T,AR_SP_VF_yshaarj_nzoth_yogg_4014400760839663_IN_AM_DR,45857,76.34%,
2T,AR_SW_VF_yshaarj_nzoth_yogg_4013576194219503_IN_IV_ME,45856,76.34%,
2T,AR_SP_VF_nzoth_yogg_cthun_3132859797593583_Mis_IV_DR,45856,76.33%,
2T,AR_SW_VF_nzoth_yogg_cthun_3132996162805231_IN_AM_ME,45856,76.33%,
2T,VW_DH_VW_VF_yshaarj_nzoth_yogg_4049515482243053_IN_IV_ME,45856,76.33%,
2T,AR_SP_VF_nzoth_yogg_cthun_3169151196986863_IN_IV_ME,45854,76.32%,
2T,VW_DH_TV_VF_yshaarj_nzoth_yogg_4049523065544175_Mis_AM_ME_DS,45853,76.32%,
2T,AR_SP_VF_yshaarj_nzoth_yogg_4013851072126447_IN_AM_DR,45853,76.32%,
2T,AR_SW_VF_nzoth_yogg_cthun_3132858723851775_IN_IV_DR,45853,76.32%,
2T,AR_SW_VF_yshaarj_nzoth_yogg_4013318496181743_Mis_IV_DR_DS,45852,76.32%,
2T,AR_SW_VF_yshaarj_nzoth_yogg_4013576127634927_IN_IV_DR,45852,76.32%,
2T,VW_DH_VW_VF_nzoth_yogg_cthun_3132791220133375_Mis_AM_DR,45850,76.31%,
2T,AR_EC_VF_yshaarj_nzoth_yogg_4013851005017599_IN_AM_DR,45850,76.31%,
2T,VW_DH_VW_VF_nzoth_yogg_cthun_3150534803774959_Mis_AM_ME_DS,45848,76.30%,
2T,AR_EC_VF_yshaarj_nzoth_yogg_4013576127110655_Mis_IV_DR,45846,76.30%,
2T,VW_DH_VW_VF_yshaarj_nzoth_yogg_3979697567621101_IN_IV_ME,45845,76.29%,
2T,VW_DH_VW_VF_nzoth_yogg_cthun_3132813835820527_Mis_IV_DR_DS,45844,76.29%,
2T,AR_SW_VF_yshaarj_nzoth_yogg_4013438755266031_Mis_AM_ME,45844,76.29%,
2T,AR_SW_VF_nzoth_yogg_cthun_3132858723335679_IN_IV_DR,45843,76.28%,
2T,AR_SW_VF_yshaarj_nzoth_yogg_3977567188409839_IN_AM_DR,45843,76.28%,
2T,AR_EC_VF_yshaarj_nzoth_yogg_4013576127110655_IN_IV_DR,45842,76.28%,
2T,VW_DH_TV_VF_yshaarj_nzoth_cthun_3768322899631599_Mis_AM_ME_DS,45837,76.26%,
2T,AR_EC_VF_yshaarj_nzoth_yogg_4013447345200623_IN_IV_ME_DS,45837,76.26%,
2T,VW_DH_VW_VF_nzoth_yogg_cthun_3132799810067951_Mis_AM_DR,45836,76.26%,
2T,AR_SP_VF_yshaarj_nzoth_yogg_4013301316312575_Mis_IV_ME,45834,76.25%,
2T,AR_SW_VF_nzoth_yogg_cthun_3150313470426607_Mis_AM_DR,45833,76.24%,
2T,AR_SP_VF_yshaarj_nzoth_yogg_3977567188409839_IN_AM_ME,45831,76.24%,
2T,VW_DH_VW_VF_nzoth_yogg_cthun_3134997759581679_Mis_AM_ME,45830,76.23%,
2T,VW_DH_TV_VF_nzoth_yogg_cthun_3132867455803373_IN_AM_DR,45830,76.23%,
2T,VW_DH_TV_VF_nzoth_yogg_cthun_3132791220141551_Mis_AM_ME,45829,76.23%,
2T,AR_EC_VF_nzoth_yogg_cthun_3169151264087535_Mis_AM_DR,45827,76.22%,
2T,VW_DH_TV_VF_nzoth_yogg_cthun_3132936175279599_Mis_AM_ME,45827,76.22%,
2T,VW_DH_TV_VF_nzoth_yogg_cthun_3150259925868031_Mis_AM_ME_DS,45826,76.22%,
2T,AR_EC_VF_yshaarj_nzoth_yogg_4013318429081071_IN_IV_DR_DS,45825,76.21%,
2T,VW_DH_TV_VF_yshaarj_nzoth_yogg_3977513576750591_Mis_AM_DR_DS,45822,76.20%,
2T,AR_EC_VF_nzoth_yogg_cthun_3132867313270255_Mis_IV_DR,45821,76.20%,
2T,AR_SP_VF_nzoth_yogg_cthun_3132996162280959_IN_AM_DR,45821,76.20%,
2T,VW_DH_TV_VF_nzoth_yogg_cthun_3134997759581679_Mis_AM_ME,45820,76.20%,
2T,AR_SP_VF_yshaarj_nzoth_yogg_4013301249211903_IN_IV_DR,45819,76.19%,
2T,VW_DH_VW_VF_nzoth_yogg_cthun_3132943691472367_Mis_AM_ME_DS,45817,76.19%,
2T,AR_SP_VF_nzoth_yogg_cthun_3132996162805231_IN_AM_ME,45817,76.18%,
2T,VW_DH_VW_VF_nzoth_yogg_cthun_3132858866393069_IN_AM_DR,45816,76.18%,
2T,AR_SW_VF_nzoth_yogg_cthun_3150313470418431_IN_AM_ME,45815,76.18%,
2T,AR_EC_VF_yshaarj_nzoth_yogg_3977567121309167_Mis_IV_ME,45813,76.17%,
2T,AR_SP_VF_yshaarj_nzoth_yogg_4013310979988975_IN_IV_DR_DS,45813,76.17%,
2T,AR_EC_VF_nzoth_yogg_cthun_3132859797069311_Mis_IV_DR,45812,76.17%,
2T,VW_DH_VW_VF_nzoth_yogg_cthun_3132807393369583_Mis_IV_ME_DS,45811,76.16%,
2T,AR_EC_VF_nzoth_yogg_cthun_3132867313786351_IN_AM_ME,45807,76.14%,
2T,VW_DH_TV_VF_nzoth_yogg_cthun_3132927585345023_Mis_AM_DR,45807,76.14%,
2T,VW_DH_TV_VF_nzoth_yogg_cthun_3132797663108591_Mis_AM_DR,45806,76.14%,
2T,VW_DH_TV_VF_nzoth_yogg_cthun_3132815916195311_Mis_IV_ME_DS,45806,76.14%,
2T,AR_EC_VF_nzoth_yogg_cthun_3150313470418431_Mis_AM_ME,45802,76.13%,
2T,AR_SW_VF_nzoth_yogg_cthun_3132858790444527_Mis_IV_ME,45802,76.12%,
2T,AR_EC_VF_yshaarj_nzoth_yogg_4014400760831487_IN_AM_DR,45801,76.12%,
2T,AR_SW_VF_yshaarj_nzoth_yogg_4014409350774255_IN_IV_DR_DS,45798,76.11%,
2T,AR_EC_VF_yshaarj_nzoth_yogg_4013302323469807_IN_AM_DR,45798,76.11%,
2T,AR_EC_VF_yshaarj_nzoth_yogg_4013318429081071_Mis_IV_DR_DS,45797,76.11%,
2T,VW_DH_VW_VF_yshaarj_nzoth_yogg_4049522998435327_Mis_AM_ME_DS,45796,76.10%,
2T,AR_SP_VF_yshaarj_nzoth_yogg_4013302322953711_Mis_IV_ME,45795,76.10%,
2T,AR_SP_VF_yshaarj_nzoth_yogg_4013302323469807_IN_IV_ME,45795,76.10%,
2T,AR_SP_VF_yshaarj_nzoth_yogg_4013438688681455_Mis_AM_DR,45794,76.09%,
2T,AR_EC_VF_yshaarj_nzoth_yogg_4013301249727999_Mis_IV_DR,45793,76.09%,
2T,AR_SP_VF_nzoth_yogg_cthun_3132867313262079_IN_IV_ME,45792,76.09%,
2T,AR_SW_VF_yshaarj_nzoth_yogg_4014400761355759_Mis_IV_ME,45790,76.08%,
2T,AR_EC_VF_yshaarj_nzoth_yogg_4014409417874927_IN_AM_DR_DS,45789,76.08%,
2T,AR_EC_VF_nzoth_yogg_cthun_3132858790436351_Mis_IV_ME,45789,76.07%,
2T,AR_EC_VF_yshaarj_nzoth_yogg_4013851005541871_Mis_IV_ME,45788,76.07%,
2T,AR_SW_VF_yshaarj_nzoth_yogg_4013851005541871_IN_IV_DR,45787,76.07%,
2T,AR_SP_VF_nzoth_yogg_cthun_3132858723335679_IN_IV_DR,45787,76.07%,
2T,VW_DH_VW_VF_nzoth_yogg_cthun_3132791220133375_Mis_AM_ME,45786,76.07%,
2T,VW_DH_VW_VF_nzoth_yogg_cthun_3150262073351663_Mis_AM_ME_DS,45786,76.06%,
2T,AR_SP_VF_yshaarj_nzoth_yogg_4013301584748015_Mis_AM_ME,45785,76.06%,
2T,AR_SP_VF_yshaarj_nzoth_yogg_4013851005025775_IN_IV_ME,45784,76.06%,
2T,VW_DH_VW_VF_nzoth_yogg_cthun_3132942684839407_Mis_AM_DR_DS,45784,76.06%,
2T,AR_SW_VF_nzoth_yogg_cthun_3132875903720943_IN_IV_ME_DS,45783,76.05%,
2T,AR_EC_VF_nzoth_yogg_cthun_3132859797077487_Mis_IV_DR,45782,76.05%,
2T,VW_DH_VW_VF_nzoth_yogg_cthun_3132927585869295_Mis_AM_DR,45782,76.05%,
2T,AR_EC_VF_yshaarj_nzoth_yogg_4013302322945535_Mis_IV_ME,45781,76.05%,
2T,AR_EC_VF_yshaarj_nzoth_yogg_4013301249736175_Mis_IV_ME,45781,76.05%,
2T,AR_SW_VF_yshaarj_nzoth_yogg_4013851005017599_IN_IV_DR,45780,76.04%,
2T,AR_EC_VF_nzoth_yogg_cthun_3169151197502959_IN_IV_ME,45779,76.04%,
2T,AR_EC_VF_yshaarj_nzoth_yogg_3977567121300991_Mis_IV_DR,45779,76.04%,
2T,VW_DH_VW_VF_yshaarj_nzoth_yogg_3977497470631917_IN_IV_DR,45778,76.03%,
2T,AR_SP_VF_yshaarj_nzoth_yogg_3977567121825263_Mis_IV_ME,45777,76.03%,
2T,VW_DH_TV_VF_nzoth_yogg_cthun_3132813769235951_Mis_IV_ME_DS,45775,76.02%,
2T,AR_SP_VF_nzoth_yogg_cthun_3150313470418431_Mis_AM_DR,45775,76.02%,
2T,VW_DH_TV_VF_yshaarj_nzoth_yogg_3977513643859439_Mis_AM_DR_DS,45772,76.01%,
2T,AR_EC_VF_yshaarj_nzoth_yogg_4013301249211903_Mis_IV_DR,45772,76.01%,
2T,AR_EC_VF_nzoth_yogg_cthun_3132867380370927_Mis_IV_ME,45769,76.00%,
2T,AR_EC_VF_yshaarj_nzoth_yogg_4013302390054383_IN_AM_ME,45769,76.00%,
2T,AR_SW_VF_yshaarj_nzoth_yogg_4013438688681455_Mis_AM_DR,45768,76.00%,
2T,AR_SW_VF_yshaarj_nzoth_yogg_4014400827940335_Mis_AM_DR,45767,75.99%,
2T,AR_SP_VF_yshaarj_nzoth_yogg_4013438688157183_IN_IV_ME,45765,75.99%,
2T,VW_DH_VW_VF_nzoth_yogg_cthun_3132798736334319_Mis_AM_DR,45765,75.98%,
2T,VW_DH_VW_VF_nzoth_yogg_cthun_3150259925868031_Mis_AM_ME_DS,45764,75.98%,
2T,AR_SW_VF_nzoth_yogg_cthun_3132996229389807_Mis_AM_ME,45763,75.98%,
2T,AR_SW_VF_nzoth_yogg_cthun_3169159854022127_IN_IV_DR_DS,45762,75.97%,
2T,VW_DH_TV_VF_nzoth_yogg_cthun_3132791220133375_Mis_AM_DR,45759,75.96%,
2T,VW_DH_VW_VF_nzoth_yogg_cthun_3132806252527087_Mis_AM_DR_DS,45759,75.96%,
2T,AR_EC_VF_nzoth_yogg_cthun_3169151264087535_Mis_AM_ME,45758,75.96%,
2T,AR_SP_VF_yshaarj_nzoth_yogg_3977567121825263_Mis_IV_DR,45756,75.95%,
2T,AR_EC_VF_nzoth_yogg_cthun_3169159786921455_IN_IV_DR_DS,45755,75.95%,
2T,AR_EC_VF_nzoth_yogg_cthun_3169151197502959_Mis_IV_ME,45752,75.93%,
2T,AR_SW_VF_nzoth_yogg_cthun_3132859797077487_Mis_IV_ME,45752,75.93%,
2T,AR_EC_VF_nzoth_yogg_cthun_3132859058871791_Mis_AM_DR,45751,75.93%,
2T,AR_SW_VF_yshaarj_nzoth_yogg_4013302390054383_IN_AM_DR,45751,75.93%,
2T,AR_EC_VF_yshaarj_nzoth_yogg_4014409417874927_Mis_IV_ME_DS,45751,75.93%,
2T,AR_SW_VF_yshaarj_nzoth_yogg_4013301316320751_Mis_IV_ME,45750,75.93%,
2T,VW_DH_TV_VF_nzoth_yogg_cthun_3132806319627759_Mis_AM_DR_DS,45750,75.93%,
2T,AR_SP_VF_yshaarj_nzoth_yogg_4014409417874927_Mis_IV_ME_DS,45749,75.92%,
2T,AR_SW_VF_yshaarj_nzoth_yogg_4013438688157183_IN_IV_ME,45748,75.92%,
2T,AR_SP_VF_nzoth_yogg_cthun_3132867380370927_Mis_IV_ME,45747,75.92%,
2T,AR_SP_VF_nzoth_yogg_cthun_3132875903204847_IN_IV_ME_DS,45747,75.91%,
2T,AR_SW_VF_nzoth_yogg_cthun_3169151196986863_Mis_IV_DR,45746,75.91%,
2T,AR_SW_VF_nzoth_yogg_cthun_3132867380370927_Mis_IV_ME,45745,75.91%,
2T,VW_DH_TV_VF_nzoth_yogg_cthun_3132798803434991_Mis_AM_DR,45744,75.90%,
2T,AR_EC_VF_yshaarj_nzoth_yogg_4013584784154095_Mis_IV_DR_DS,45744,75.90%,
2T,VW_DH_TV_VF_yshaarj_nzoth_yogg_3977513643859439_Mis_AM_ME_DS,45744,75.90%,
2T,VW_DH_VW_VF_nzoth_yogg_cthun_3132996304822253_IN_AM_DR,45743,75.90%,
2T,AR_EC_VF_nzoth_yogg_cthun_3132859058871791_Mis_AM_ME,45742,75.90%,
2T,VW_DH_TV_VF_nzoth_yogg_cthun_3132858866393069_IN_AM_DR,45739,75.88%,
2T,AR_SP_VF_nzoth_yogg_cthun_3132859797593583_Mis_IV_ME,45738,75.88%,
2T,AR_EC_VF_yshaarj_nzoth_yogg_4013447345200623_Mis_AM_DR_DS,45738,75.88%,
2T,AR_EC_VF_nzoth_yogg_cthun_3132867313786351_Mis_IV_DR,45737,75.88%,
2T,AR_SW_VF_yshaarj_nzoth_yogg_4013301249736175_IN_IV_DR,45737,75.88%,
2T,AR_SP_VF_yshaarj_nzoth_yogg_4014409350774255_IN_IV_ME_DS,45737,75.87%,
2T,AR_EC_VF_nzoth_yogg_cthun_3169151264087535_IN_AM_DR,45736,75.87%,
2T,AR_SW_VF_nzoth_yogg_cthun_3132867380370927_IN_AM_DR,45736,75.87%,
2T,AR_EC_VF_yshaarj_nzoth_yogg_3977567121309167_IN_AM_ME,45736,75.87%,
2T,AR_SW_VF_yshaarj_nzoth_yogg_4013301249736175_Mis_IV_DR,45734,75.86%,
2T,AR_SP_VF_yshaarj_nzoth_yogg_3977567188409839_Mis_IV_ME,45734,75.86%,
2T,AR_EC_VF_yshaarj_nzoth_yogg_4013447278099951_Mis_IV_ME_DS,45733,75.86%,
2T,AR_EC_VF_yshaarj_nzoth_yogg_4013309906255343_IN_IV_DR_DS,45733,75.86%,
2T,VW_DH_TV_VF_yshaarj_nzoth_yogg_3977773422271983_Mis_AM_ME,45732,75.86%,
2T,AR_SW_VF_yshaarj_nzoth_yogg_4014409417874927_IN_IV_ME_DS,45731,75.85%,
2T,VW_DH_TV_VF_yshaarj_nzoth_yogg_4049797876342255_Mis_AM_DR_DS,45730,75.85%,
2T,VW_DH_VW_VF_nzoth_yogg_cthun_3132797663108591_Mis_AM_DR,45729,75.85%,
2T,AR_SP_VF_nzoth_yogg_cthun_3132859797069311_IN_AM_DR,45729,75.84%,
2T,VW_DH_TV_VF_nzoth_yogg_cthun_3132927585869295_Mis_AM_DR,45728,75.84%,
2T,AR_EC_VF_yshaarj_nzoth_yogg_4013576127634927_Mis_IV_ME,45726,75.83%,
2T,AR_SP_VF_nzoth_yogg_cthun_3169151197502959_Mis_IV_DR,45724,75.83%,
2T,AR_SW_VF_nzoth_yogg_cthun_3150313470418431_Mis_AM_DR,45724,75.83%,
2T,AR_SW_VF_yshaarj_nzoth_yogg_4013301316320751_IN_IV_ME,45724,75.83%,
2T,AR_SP_VF_nzoth_yogg_cthun_3132858790960623_IN_AM_ME,45723,75.82%,
2T,AR_EC_VF_yshaarj_nzoth_yogg_4013851005025775_IN_AM_DR,45723,75.82%,
2T,AR_SW_VF_yshaarj_nzoth_yogg_4013851005541871_Mis_IV_DR,45723,75.82%,
2T,AR_SP_VF_yshaarj_nzoth_yogg_4013310979988975_Mis_IV_DR_DS,45719,75.81%,
2T,AR_SW_VF_yshaarj_nzoth_yogg_4014400760831487_Mis_IV_DR,45719,75.81%,
2T,VW_DH_VW_VF_yshaarj_nzoth_yogg_3977634909577197_IN_IV_DR,45719,75.81%,
2T,AR_SW_VF_yshaarj_nzoth_yogg_4013438755266031_IN_AM_ME,45717,75.80%,
2T,AR_SW_VF_nzoth_yogg_cthun_3132996162280959_Mis_IV_DR,45714,75.79%,
2T,VW_DH_VW_VF_nzoth_yogg_cthun_3132858865876973_IN_AM_ME,45710,75.77%,
2T,VW_DH_TV_VF_yshaarj_nzoth_yogg_3977498544373231_Mis_AM_ME,45710,75.77%,
2T,AR_SP_VF_nzoth_yogg_cthun_3132859797593583_IN_AM_ME,45709,75.77%,
2T,AR_EC_VF_nzoth_yogg_cthun_3132996162805231_Mis_AM_DR,45709,75.77%,
2T,AR_SW_VF_nzoth_yogg_cthun_3132858790444527_IN_AM_DR,45708,75.76%,
2T,VW_DH_TV_VF_yshaarj_nzoth_yogg_3977498611473903_Mis_AM_ME,45707,75.76%,
2T,VW_DH_VW_VF_nzoth_yogg_cthun_3132951207665135_Mis_AM_DR_DS,45707,75.76%,
2T,AR_SP_VF_yshaarj_nzoth_yogg_4013310174682607_Mis_IV_ME_DS,45707,75.76%,
2T,AR_SP_VF_yshaarj_nzoth_yogg_4013301249211903_Mis_IV_DR,45706,75.76%,
2T,AR_EC_VF_nzoth_yogg_cthun_3132867313786351_Mis_IV_ME,45705,75.75%,
2T,AR_EC_VF_yshaarj_nzoth_yogg_4013310174682607_Mis_IV_ME_DS,45705,75.75%,
2T,AR_EC_VF_yshaarj_nzoth_yogg_4013318496181743_Mis_IV_ME_DS,45705,75.75%,
2T,AR_SW_VF_yshaarj_nzoth_yogg_4013576127118831_Mis_IV_DR,45704,75.75%,
2T,AR_EC_VF_nzoth_yogg_cthun_3132859797069311_IN_AM_ME,45703,75.74%,
2T,AR_EC_VF_yshaarj_nzoth_yogg_4013302390054383_Mis_AM_ME,45702,75.74%,
2T,AR_SP_VF_yshaarj_nzoth_yogg_4013301249736175_IN_IV_ME,45702,75.74%,
2T,AR_EC_VF_nzoth_yogg_cthun_3169159854022127_IN_IV_ME_DS,45701,75.74%,
2T,AR_SP_VF_yshaarj_yogg_cthun_1988688092716527_Mis_IV_DR,45700,75.73%,
2T,AR_SP_VF_nzoth_yogg_cthun_3132859797077487_IN_AM_DR,45700,75.73%,
2T,VW_DH_TV_VF_yshaarj_nzoth_yogg_3977773422271983_Mis_AM_DR,45699,75.73%,
2T,AR_SW_VF_yshaarj_nzoth_yogg_4014400760839663_Mis_IV_ME,45699,75.73%,
2T,AR_SW_VF_yshaarj_nzoth_yogg_4013318496181743_IN_IV_DR_DS,45699,75.73%,
2T,AR_SW_VF_yshaarj_nzoth_yogg_4014409351290351_IN_IV_DR_DS,45697,75.72%,
2T,AR_SW_VF_nzoth_yogg_cthun_3132858790960623_IN_AM_ME,45697,75.72%,
2T,AR_SP_VF_yshaarj_nzoth_yogg_4013301316836847_IN_AM_DR,45695,75.72%,
2T,AR_EC_VF_yshaarj_nzoth_yogg_4014409351290351_Mis_IV_DR_DS,45695,75.71%,
2T,AR_SP_VF_yshaarj_nzoth_yogg_4013438688165359_Mis_AM_DR,45694,75.71%,
2T,AR_SW_VF_nzoth_yogg_cthun_3132859864178159_IN_AM_ME,45694,75.71%,
2T,AR_EC_VF_yshaarj_nzoth_yogg_4013447278091775_IN_IV_DR_DS,45693,75.71%,
2T,AR_SW_VF_yshaarj_nzoth_yogg_4013302390054383_Mis_AM_DR,45692,75.70%,
2T,AR_SP_VF_nzoth_yogg_cthun_3150313470426607_Mis_AM_ME,45691,75.70%,
2T,AR_EC_VF_yshaarj_nzoth_yogg_4013851005017599_IN_IV_ME,45691,75.70%,
2T,AR_SW_VF_yshaarj_nzoth_yogg_4013302322945535_IN_IV_DR,45690,75.69%,
2T,AR_EC_VF_yshaarj_nzoth_yogg_4013576127118831_Mis_IV_ME,45689,75.69%,
2T,VW_DH_VW_VF_nzoth_yogg_cthun_3132815916195311_Mis_IV_ME_DS,45687,75.69%,
2T,AR_SP_VF_yshaarj_nzoth_yogg_4013302390054383_IN_AM_DR,45686,75.68%,
2T,AR_EC_VF_nzoth_yogg_cthun_3132996162280959_IN_AM_ME,45686,75.68%,
2T,AR_EC_VF_yshaarj_nzoth_yogg_4013302322953711_IN_AM_DR,45684,75.67%,
2T,AR_SW_VF_yshaarj_nzoth_yogg_4013301316836847_Mis_IV_ME,45682,75.67%,
2T,AR_EC_VF_yshaarj_nzoth_yogg_4013447278616047_Mis_IV_ME_DS,45682,75.67%,
2T,VW_DH_VW_VF_nzoth_yogg_cthun_3132927585345023_Mis_AM_DR,45681,75.66%,
2T,AR_SW_VF_nzoth_yogg_cthun_3132867380370927_Mis_IV_DR,45681,75.66%,
2T,AR_EC_VF_yshaarj_nzoth_yogg_4013318496181743_IN_AM_DR_DS,45680,75.66%,
2T,AR_SP_VF_yshaarj_nzoth_yogg_4013318429081071_IN_IV_DR_DS,45680,75.66%,
2T,AR_EC_VF_nzoth_yogg_cthun_3132858723859951_IN_AM_DR,45679,75.65%,
2T,AR_SW_VF_nzoth_yogg_cthun_3132858790960623_Mis_IV_ME,45679,75.65%,
2T,AR_SW_VF_yshaarj_nzoth_yogg_4013310174682607_IN_IV_DR_DS,45676,75.64%,
2T,VW_DH_TV_VF_nzoth_yogg_cthun_3132813769235951_Mis_IV_DR_DS,45676,75.64%,
2T,AR_SP_VF_nzoth_yogg_cthun_3132858790444527_IN_AM_DR,45675,75.64%,
2T,AR_EC_VF_yshaarj_nzoth_yogg_4013309906771439_IN_IV_DR_DS,45672,75.63%,
2T,AR_SP_VF_yshaarj_nzoth_yogg_4013301249727999_IN_IV_DR,45670,75.62%,
2T,AR_EC_VF_yshaarj_nzoth_yogg_4013851005017599_Mis_IV_ME,45670,75.62%,
2T,AR_EC_VF_yshaarj_nzoth_yogg_4013301316312575_IN_AM_DR,45669,75.62%,
2T,AR_SP_VF_yshaarj_nzoth_yogg_3977567121309167_Mis_IV_DR,45668,75.61%,
2T,AR_SW_VF_yshaarj_nzoth_yogg_4013301316836847_IN_IV_ME,45666,75.60%,
2T,AR_SP_VF_yshaarj_nzoth_yogg_4013302322945535_Mis_IV_DR,45666,75.60%,
2T,VW_DH_VW_VF_nzoth_yogg_cthun_3132927585353199_Mis_AM_ME,45665,75.60%,
2T,VW_DH_TV_VF_nzoth_yogg_cthun_3132927585869295_Mis_AM_ME,45663,75.59%,
2T,AR_SW_VF_nzoth_yogg_cthun_3132996162280959_IN_AM_DR,45663,75.59%,
2T,AR_SW_VF_yshaarj_nzoth_yogg_4013302390054383_IN_IV_ME,45662,75.59%,
2T,VW_DH_VW_VF_nzoth_yogg_cthun_3132791220141551_Mis_AM_ME,45661,75.58%,
2T,VW_DH_TV_VF_nzoth_yogg_cthun_3132813768711679_Mis_IV_ME_DS,45660,75.58%,
2T,AR_EC_VF_nzoth_yogg_cthun_3132858723859951_Mis_IV_ME,45659,75.57%,
2T,AR_EC_VF_yshaarj_nzoth_yogg_4014400761355759_Mis_AM_ME,45658,75.57%,
2T,AR_SP_VF_nzoth_yogg_cthun_3132875903204847_IN_IV_DR_DS,45657,75.57%,
2T,VW_DH_VW_VF_yshaarj_nzoth_yogg_3979696493879277_IN_AM_ME,45657,75.57%,
2T,VW_DH_TV_VF_nzoth_yogg_cthun_3132791220657647_Mis_AM_ME,45656,75.56%,
2T,AR_EC_VF_nzoth_yogg_cthun_3169159787437551_IN_IV_DR_DS,45652,75.55%,
2T,AR_SP_VF_yshaarj_nzoth_yogg_4013318429597167_IN_IV_DR_DS,45650,75.54%,
2T,VW_DH_VW_VF_yshaarj_nzoth_yogg_3977497537732589_IN_IV_ME,45648,75.53%,
2T,VW_DH_TV_VF_nzoth_yogg_cthun_3132797663108591_Mis_AM_ME,45645,75.52%,
2T,AR_EC_VF_yshaarj_nzoth_yogg_4013318496181743_IN_IV_ME_DS,45645,75.52%,
2T,AR_SP_VF_yshaarj_nzoth_yogg_4013318496181743_Mis_IV_ME_DS,45644,75.52%,
2T,VW_DH_TV_VF_nzoth_yogg_cthun_3132927585345023_Mis_AM_ME,45642,75.51%,
2T,AR_SW_VF_nzoth_yogg_cthun_3132996162289135_IN_AM_ME,45642,75.51%,
2T,AR_EC_VF_yshaarj_nzoth_yogg_4013301249736175_IN_AM_DR,45640,75.50%,
2T,AR_SP_VF_yshaarj_nzoth_yogg_4013301584748015_IN_AM_ME,45639,75.50%,
2T,VW_DH_VW_VF_nzoth_yogg_cthun_3132813769235951_Mis_IV_ME_DS,45638,75.49%,
2T,AR_EC_VF_nzoth_yogg_cthun_3132867313270255_IN_AM_ME,45638,75.49%,
2T,AR_EC_VF_nzoth_yogg_cthun_3132867313270255_Mis_IV_ME,45637,75.49%,
2T,AR_SW_VF_yshaarj_nzoth_yogg_4013438688165359_Mis_AM_DR,45637,75.49%,
2T,AR_SP_VF_yshaarj_nzoth_yogg_3977567121825263_IN_AM_ME,45637,75.49%,
2T,AR_SP_VF_yshaarj_nzoth_yogg_4013447278616047_Mis_IV_DR_DS,45636,75.49%,
2T,AR_SW_VF_nzoth_yogg_cthun_3132859797077487_IN_AM_DR,45635,75.48%,
2T,VW_DH_TV_VF_nzoth_yogg_cthun_3132791220657647_Mis_AM_DR,45633,75.48%,
2T,AR_SW_VF_nzoth_yogg_cthun_3132859797593583_Mis_IV_ME,45632,75.47%,
2T,VW_DH_TV_VF_nzoth_yogg_cthun_3132942684839407_Mis_AM_ME_DS,45630,75.47%,
2T,VW_DH_VW_VF_nzoth_yogg_cthun_3132815916195311_Mis_IV_DR_DS,45627,75.45%,
2T,VW_DH_VW_VF_nzoth_yogg_cthun_3132797663108591_Mis_AM_ME,45626,75.45%,
2T,AR_SW_VF_yshaarj_nzoth_yogg_3977567121825263_IN_AM_DR,45626,75.45%,
2T,VW_DH_TV_VF_nzoth_yogg_cthun_3132815916195311_Mis_IV_DR_DS,45625,75.44%,
2T,AR_SP_VF_yshaarj_nzoth_yogg_4013851005541871_IN_IV_ME,45624,75.44%,
2T,AR_SW_VF_nzoth_yogg_cthun_3169151196986863_Mis_IV_ME,45622,75.43%,
2T,AR_SW_VF_yshaarj_nzoth_yogg_4013851005025775_Mis_IV_DR,45622,75.43%,
2T,AR_EC_VF_nzoth_yogg_cthun_3132858790436351_IN_AM_DR,45621,75.43%,
2T,AR_SP_VF_yshaarj_nzoth_yogg_4014400760831487_IN_AM_DR,45621,75.43%,
2T,AR_SP_VF_yshaarj_nzoth_yogg_4013447278099951_IN_IV_DR_DS,45620,75.43%,
2T,VW_DH_TV_VF_nzoth_yogg_cthun_3135012791967215_Mis_AM_DR_DS,45619,75.42%,
2T,AR_SW_VF_nzoth_yogg_cthun_3132859797077487_IN_AM_ME,45618,75.42%,
2T,VW_DH_TV_VF_nzoth_yogg_cthun_3132806319627759_Mis_AM_ME_DS,45616,75.41%,
2T,AR_EC_VF_yshaarj_nzoth_yogg_4013310174682607_IN_AM_DR_DS,45616,75.41%,
2T,VW_DH_VW_VF_nzoth_yogg_cthun_3150313612959725_IN_AM_ME,45614,75.40%,
2T,AR_EC_VF_yshaarj_nzoth_yogg_3977567121300991_Mis_IV_ME,45614,75.40%,
2T,AR_EC_VF_yshaarj_nzoth_yogg_4014409350774255_Mis_IV_DR_DS,45614,75.40%,
2T,AR_SW_VF_nzoth_yogg_cthun_3132875903204847_IN_IV_DR_DS,45611,75.39%,
2T,VW_DH_VW_VF_nzoth_yogg_cthun_3132858932977645_IN_AM_DR,45610,75.39%,
2T,AR_SP_VF_yshaarj_nzoth_yogg_4014400761355759_IN_AM_ME,45609,75.39%,
2T,AR_SP_VF_nzoth_yogg_cthun_3132996162289135_IN_AM_ME,45609,75.38%,
2T,AR_EC_VF_yshaarj_nzoth_yogg_4013301316320751_IN_AM_ME,45608,75.38%,
2T,AR_SW_VF_yshaarj_nzoth_yogg_3977567188409839_IN_AM_ME,45608,75.38%,
2T,AR_EC_VF_yshaarj_nzoth_yogg_4013576194219503_Mis_AM_ME,45607,75.37%,
2T,VW_DH_TV_VF_nzoth_yogg_cthun_3132807326785007_Mis_IV_ME_DS,45605,75.37%,
2T,VW_DH_VW_VF_nzoth_yogg_cthun_3150313612959725_IN_AM_DR,45604,75.36%,
2T,AR_SP_VF_yshaarj_nzoth_yogg_4014400827940335_Mis_AM_ME,45602,75.36%,
2T,AR_SW_VF_yshaarj_nzoth_yogg_3977567121309167_Mis_IV_DR,45601,75.35%,
2T,AR_SP_VF_yshaarj_nzoth_yogg_4013301316312575_IN_IV_ME,45601,75.35%,
2T,AR_SP_VF_yshaarj_nzoth_yogg_4013447278091775_IN_IV_DR_DS,45601,75.35%,
2T,AR_EC_VF_yshaarj_nzoth_yogg_4013576194219503_IN_AM_ME,45598,75.34%,
2T,AR_EC_VF_yshaarj_nzoth_yogg_4013302323469807_Mis_AM_DR,45598,75.34%,
2T,AR_EC_VF_yshaarj_nzoth_yogg_4013438688165359_IN_AM_ME,45597,75.34%,
2T,AR_EC_VF_yshaarj_nzoth_yogg_4013302322953711_Mis_AM_DR,45597,75.34%,
2T,VW_DH_VW_VF_yshaarj_nzoth_yogg_3977634909577197_IN_IV_ME,45596,75.33%,
2T,AR_SW_VF_yshaarj_nzoth_yogg_4013447345200623_Mis_IV_ME_DS,45595,75.33%,
2T,AR_SP_VF_nzoth_yogg_cthun_3132858790960623_IN_AM_DR,45593,75.32%,
2T,VW_DH_TV_VF_nzoth_yogg_cthun_3132858932977645_IN_AM_DR,45592,75.32%,
2T,AR_SW_VF_nzoth_yogg_cthun_3132859797069311_IN_AM_DR,45591,75.31%,
2T,VW_DH_VW_VF_nzoth_yogg_cthun_3135004269141487_Mis_AM_DR_DS,45589,75.31%,
2T,AR_SP_VF_yshaarj_nzoth_yogg_4013309906255343_IN_IV_DR_DS,45589,75.31%,
2T,AR_EC_VF_nzoth_yogg_cthun_3169159786921455_Mis_IV_DR_DS,45588,75.30%,
2T,AR_SP_VF_yshaarj_nzoth_yogg_3977567121825263_IN_AM_DR,45586,75.30%,
2T,AR_EC_VF_nzoth_yogg_cthun_3169151196978687_Mis_IV_DR,45586,75.29%,
2T,AR_SP_VF_nzoth_yogg_cthun_3132858723859951_Mis_IV_DR,45586,75.29%,
2T,AR_EC_VF_yshaarj_nzoth_yogg_4014400760839663_Mis_AM_DR,45586,75.29%,
2T,AR_SP_VF_nzoth_yogg_cthun_3132996229389807_Mis_AM_ME,45585,75.29%,
2T,AR_EC_VF_yshaarj_nzoth_yogg_3977567121300991_IN_AM_ME,45585,75.29%,
2T,VW_DH_TV_VF_yshaarj_nzoth_yogg_3977498544365055_Mis_AM_ME,45584,75.29%,
2T,AR_EC_VF_yshaarj_nzoth_yogg_4014400760831487_IN_AM_ME,45584,75.29%,
2T,AR_EC_VF_yshaarj_nzoth_yogg_4013302322945535_IN_AM_DR,45582,75.28%,
2T,AR_EC_VF_nzoth_yogg_cthun_3132858723851775_IN_AM_DR,45581,75.28%,
2T,VW_DH_TV_VF_nzoth_yogg_cthun_3132944765214191_Mis_AM_DR_DS,45581,75.28%,
2T,AR_SW_VF_yshaarj_nzoth_yogg_4013301249727999_IN_IV_DR,45578,75.26%,
2T,AR_SW_VF_yshaarj_nzoth_yogg_4014400760839663_IN_AM_ME,45578,75.26%,
2T,VW_DH_VW_VF_nzoth_yogg_cthun_3132942684839407_Mis_AM_ME_DS,45577,75.26%,
2T,AR_SP_VF_yshaarj_nzoth_yogg_4013576194219503_IN_AM_DR,45575,75.25%,
2T,VW_DH_VW_VF_nzoth_yogg_cthun_3135012791967215_Mis_AM_DR_DS,45574,75.25%,
2T,AR_SP_VF_yshaarj_nzoth_yogg_4013438688165359_IN_AM_DR,45571,75.24%,
2T,AR_SP_VF_nzoth_yogg_cthun_3132867313786351_Mis_IV_DR,45570,75.24%,
2T,VW_DH_TV_VF_nzoth_yogg_cthun_3135004269141487_Mis_AM_ME_DS,45569,75.23%,
2T,AR_SW_VF_yshaarj_nzoth_yogg_4013851072126447_Mis_AM_DR,45568,75.23%,
2T,AR_SP_VF_yshaarj_nzoth_yogg_4013302390054383_Mis_AM_DR,45568,75.23%,
2T,AR_SP_VF_nzoth_yogg_cthun_3169151196978687_IN_IV_DR,45567,75.22%,
2T,AR_SW_VF_yshaarj_nzoth_yogg_4013318429081071_IN_IV_DR_DS,45567,75.22%,
2T,AR_SW_VF_yshaarj_nzoth_yogg_4013438688681455_IN_AM_DR,45567,75.22%,
2T,AR_SW_VF_yshaarj_nzoth_yogg_4014409417874927_Mis_IV_DR_DS,45567,75.22%,
2T,AR_SW_VF_yshaarj_nzoth_yogg_4013301249736175_Mis_IV_ME,45565,75.21%,
2T,AR_EC_VF_yshaarj_nzoth_yogg_4013301316312575_IN_IV_ME,45562,75.20%,
2T,AR_SW_VF_yshaarj_nzoth_yogg_4013301249211903_IN_IV_DR,45560,75.19%,
2T,AR_EC_VF_yshaarj_nzoth_yogg_4013301316320751_Mis_AM_ME,45559,75.19%,
2T,AR_SP_VF_nzoth_yogg_cthun_3132875970305519_Mis_IV_DR_DS,45558,75.19%,
2T,AR_SP_VF_yshaarj_nzoth_yogg_3977567121309167_Mis_IV_ME,45558,75.19%,
2T,VW_DH_VW_VF_yshaarj_nzoth_yogg_3977497537732589_IN_IV_DR,45557,75.18%,
2T,AR_SW_VF_yshaarj_nzoth_yogg_3977567121825263_Mis_IV_DR,45553,75.17%,
2T,AR_EC_VF_nzoth_yogg_cthun_3132996162805231_Mis_AM_ME,45553,75.17%,
2T,AR_SW_VF_yshaarj_nzoth_yogg_4013447278099951_Mis_IV_DR_DS,45553,75.17%,
2T,AR_EC_VF_yshaarj_nzoth_yogg_4013301316312575_Mis_AM_DR,45552,75.16%,
2T,AR_EC_VF_nzoth_yogg_cthun_3169159787437551_Mis_IV_DR_DS,45551,75.16%,
2T,VW_DH_VW_VF_nzoth_yogg_cthun_3132806319627759_Mis_AM_DR_DS,45545,75.14%,
2T,AR_SW_VF_nzoth_yogg_cthun_3132858723859951_Mis_IV_DR,45544,75.14%,
2T,VW_DH_VW_VF_nzoth_yogg_cthun_3132927585869295_Mis_AM_ME,45542,75.13%,
2T,AR_SW_VF_yshaarj_nzoth_yogg_4014400761355759_IN_AM_ME,45542,75.13%,
2T,AR_EC_VF_yshaarj_nzoth_yogg_4013851005541871_IN_AM_DR,45541,75.12%,
2T,VW_DH_VW_VF_nzoth_yogg_cthun_3133348492140015_Mis_AM_ME,45538,75.11%,
2T,VW_DH_TV_VF_yshaarj_nzoth_yogg_3977498544365055_Mis_AM_DR,45536,75.10%,
2T,AR_SW_VF_yshaarj_nzoth_yogg_4013438688157183_Mis_IV_ME,45534,75.10%,
2T,AR_SW_VF_yshaarj_nzoth_yogg_4013447345200623_IN_IV_ME_DS,45531,75.08%,
2T,AR_SW_VF_yshaarj_nzoth_yogg_4013438688165359_IN_AM_DR,45530,75.08%,
2T,AR_SW_VF_nzoth_yogg_cthun_3132858723335679_IN_IV_ME,45530,75.08%,
2T,AR_SW_VF_yshaarj_nzoth_yogg_4013447278616047_IN_IV_DR_DS,45529,75.08%,
2T,AR_EC_VF_nzoth_yogg_cthun_3132867313786351_IN_AM_DR,45528,75.07%,
2T,VW_DH_TV_VF_nzoth_yogg_cthun_3132876045737965_IN_AM_ME_DS,45527,75.07%,
2T,AR_EC_VF_yshaarj_nzoth_yogg_4014409350766079_IN_IV_DR_DS,45519,75.04%,
2T,AR_SP_VF_nzoth_yogg_cthun_3132858790444527_IN_AM_ME,45519,75.04%,
2T,VW_DH_VW_VF_yshaarj_nzoth_yogg_3977497470631917_IN_IV_ME,45518,75.03%,
2T,VW_DH_TV_VF_yshaarj_nzoth_yogg_4049522998443503_Mis_AM_ME_DS,45517,75.03%,
2T,VW_DH_VW_VF_nzoth_yogg_cthun_3132867455803373_IN_AM_DR,45516,75.03%,
2T,AR_EC_VF_yshaarj_nzoth_yogg_4013447278616047_IN_IV_ME_DS,45515,75.02%,
2T,VW_DH_VW_VF_yshaarj_nzoth_cthun_3696298445561837_IN_IV_DR,45515,75.02%,
2T,AR_SP_VF_yshaarj_nzoth_yogg_4013447278091775_Mis_IV_DR_DS,45515,75.02%,
2T,AR_EC_VF_yshaarj_nzoth_yogg_4013584784154095_IN_IV_DR_DS,45514,75.02%,
2T,AR_SP_VF_yshaarj_nzoth_yogg_3977567121300991_IN_AM_DR,45513,75.02%,
2T,AR_SP_VF_nzoth_yogg_cthun_3132858790436351_Mis_IV_DR,45510,75.00%,
2T,VW_DH_VW_VF_nzoth_yogg_cthun_3132876045737965_IN_AM_ME_DS,45510,75.00%,
2T,AR_SW_VF_nzoth_yogg_cthun_3132875903204847_IN_IV_ME_DS,45508,75.00%,
2T,AR_SW_VF_yshaarj_nzoth_yogg_4013302323469807_Mis_IV_ME,45508,75.00%,
2T,AR_SW_VF_yshaarj_nzoth_yogg_3977567188409839_Mis_IV_ME,45507,74.99%,
2T,AR_EC_VF_yshaarj_nzoth_yogg_4013851072126447_Mis_AM_ME,45507,74.99%,
2T,AR_EC_VF_nzoth_yogg_cthun_3132875970305519_Mis_IV_DR_DS,45502,74.97%,
2T,AR_SP_VF_yshaarj_nzoth_yogg_4013438688681455_IN_AM_ME,45502,74.97%,
2T,AR_EC_VF_nzoth_yogg_cthun_3169151264087535_IN_AM_ME,45502,74.97%,
2T,AR_SP_VF_nzoth_yogg_cthun_3169159787437551_Mis_IV_DR_DS,45501,74.97%,
2T,AR_EC_VF_yshaarj_nzoth_yogg_4013447278091775_Mis_IV_DR_DS,45500,74.97%,
2T,AR_SP_VF_yshaarj_nzoth_yogg_4013576127118831_IN_IV_ME,45499,74.96%,
2T,AR_SP_VF_nzoth_yogg_cthun_3132867380370927_IN_AM_ME,45498,74.96%,
2T,AR_SP_VF_nzoth_yogg_cthun_3132996162280959_IN_AM_ME,45498,74.96%,
2T,VW_DH_VW_VF_nzoth_yogg_cthun_3150259926392303_Mis_AM_ME_DS,45498,74.96%,
2T,AR_SP_VF_yshaarj_nzoth_yogg_3977567121309167_IN_AM_ME,45497,74.95%,
2T,AR_SW_VF_yshaarj_nzoth_yogg_4014400760831487_Mis_IV_ME,45495,74.95%,
2T,VW_DH_TV_VF_yshaarj_nzoth_yogg_3977788454657519_Mis_AM_DR_DS,45495,74.94%,
2T,AR_SP_VF_yshaarj_nzoth_yogg_4013576127634927_Mis_IV_ME,45494,74.94%,
2T,AR_SP_VF_nzoth_yogg_cthun_3132858723859951_Mis_IV_ME,45492,74.93%,
2T,AR_SW_VF_yshaarj_nzoth_yogg_4013302322953711_Mis_IV_ME,45491,74.93%,
2T,VW_DH_TV_VF_nzoth_yogg_cthun_3132942617730559_Mis_AM_DR_DS,45490,74.93%,
2T,AR_SP_VF_nzoth_yogg_cthun_3132859797077487_IN_AM_ME,45490,74.92%,
2T,VW_DH_TV_VF_yshaarj_nzoth_yogg_3977498544889327_Mis_AM_DR,45489,74.92%,
2T,VW_DH_TV_VF_yshaarj_nzoth_yogg_4049525145918959_Mis_AM_DR_DS,45487,74.91%,
2T,AR_SP_VF_nzoth_yogg_cthun_3169159854022127_IN_IV_ME_DS,45483,74.90%,
2T,AR_SP_VF_yshaarj_nzoth_yogg_4013438688157183_IN_AM_DR,45483,74.90%,
2T,AR_EC_VF_yshaarj_nzoth_yogg_4013318429081071_IN_IV_ME_DS,45482,74.90%,
2T,AR_EC_VF_nzoth_yogg_cthun_3132859797069311_Mis_IV_ME,45481,74.89%,
2T,AR_EC_VF_nzoth_yogg_cthun_3132858790436351_IN_AM_ME,45481,74.89%,
2T,AR_SW_VF_yshaarj_nzoth_yogg_4013302322953711_IN_IV_ME,45480,74.89%,
2T,AR_SW_VF_yshaarj_nzoth_yogg_4013310979988975_Mis_IV_DR_DS,45479,74.88%,
2T,AR_SP_VF_nzoth_yogg_cthun_3169159854022127_Mis_IV_ME_DS,45479,74.88%,
2T,AR_SW_VF_yshaarj_nzoth_yogg_4013310979988975_IN_IV_DR_DS,45478,74.88%,
2T,VW_DH_VW_VF_nzoth_yogg_cthun_3132807326785007_Mis_IV_ME_DS,45477,74.87%,
2T,AR_SW_VF_yshaarj_nzoth_yogg_4014409351290351_IN_IV_ME_DS,45476,74.87%,
2T,AR_EC_VF_nzoth_yogg_cthun_3132858723859951_IN_AM_ME,45476,74.87%,
2T,AR_EC_VF_yshaarj_nzoth_yogg_4013576127118831_IN_AM_DR,45475,74.87%,
2T,AR_SP_VF_yshaarj_nzoth_yogg_4013438688165359_IN_AM_ME,45473,74.86%,
2T,AR_SW_VF_nzoth_yogg_cthun_3132867380370927_IN_AM_ME,45470,74.85%,
2T,AR_EC_VF_nzoth_yogg_cthun_3169159854022127_Mis_IV_ME_DS,45470,74.85%,
2T,AR_EC_VF_nzoth_yogg_cthun_3132875903196671_IN_IV_DR_DS,45469,74.85%,
2T,AR_SW_VF_yshaarj_nzoth_yogg_4013576127110655_IN_IV_DR,45469,74.84%,
2T,AR_EC_VF_nzoth_yogg_cthun_3132859864178159_Mis_AM_DR,45466,74.83%,
2T,AR_SP_VF_yshaarj_nzoth_yogg_4013447278616047_Mis_IV_ME_DS,45466,74.83%,
2T,VW_DH_VW_VF_nzoth_yogg_cthun_3132791220657647_Mis_AM_DR,45466,74.83%,
2T,AR_EC_VF_yshaarj_yogg_cthun_1988688092716527_IN_IV_DR,45465,74.83%,
2T,AR_EC_VF_yshaarj_nzoth_yogg_4013447278099951_IN_IV_ME_DS,45465,74.83%,
2T,AR_SP_VF_nzoth_yogg_cthun_3132859797077487_Mis_IV_ME,45465,74.83%,
2T,AR_EC_VF_yshaarj_nzoth_yogg_4013851005025775_Mis_AM_DR,45463,74.82%,
2T,AR_EC_VF_yshaarj_nzoth_yogg_4013851072126447_IN_AM_ME,45462,74.82%,
2T,AR_SW_VF_nzoth_yogg_cthun_3132858790444527_IN_AM_ME,45460,74.81%,
2T,AR_SP_VF_yshaarj_nzoth_yogg_3977567121309167_IN_AM_DR,45457,74.80%,
2T,VW_DH_TV_VF_yshaarj_nzoth_yogg_3977515724234223_Mis_AM_ME_DS,45453,74.79%,
2T,AR_EC_VF_nzoth_yogg_cthun_3169159786921455_IN_IV_ME_DS,45453,74.78%,
2T,VW_DH_VW_VF_nzoth_yogg_cthun_3133348492140015_Mis_AM_DR,45452,74.78%,
2T,AR_EC_VF_nzoth_yogg_cthun_3132859797069311_IN_AM_DR,45452,74.78%,
2T,AR_EC_VF_yshaarj_nzoth_yogg_4013318429597167_IN_IV_ME_DS,45452,74.78%,
2T,AR_SW_VF_yshaarj_nzoth_yogg_4013851005541871_Mis_IV_ME,45448,74.77%,
2T,AR_SP_VF_yshaarj_nzoth_yogg_4013318429081071_Mis_IV_DR_DS,45448,74.76%,
2T,VW_DH_VW_VF_nzoth_yogg_cthun_3132813768711679_Mis_IV_ME_DS,45448,74.76%,
2T,AR_SP_VF_yshaarj_nzoth_yogg_4013851005025775_Mis_IV_ME,45445,74.75%,
2T,AR_EC_VF_yshaarj_nzoth_yogg_3977567188409839_Mis_AM_DR,45445,74.75%,
2T,AR_EC_VF_yshaarj_nzoth_yogg_4013310913404399_IN_IV_DR_DS,45445,74.75%,
2T,AR_SP_VF_nzoth_yogg_cthun_3169151196986863_Mis_IV_ME,45444,74.75%,
2T,AR_SP_VF_yshaarj_nzoth_yogg_4013301249727999_Mis_IV_DR,45442,74.74%,
2T,AR_SP_VF_yshaarj_nzoth_yogg_4013301316836847_Mis_AM_DR,45442,74.74%,
2T,AR_SW_VF_yshaarj_nzoth_yogg_4013584784154095_Mis_IV_DR_DS,45441,74.74%,
2T,VW_DH_VW_VF_nzoth_yogg_cthun_3132927585345023_Mis_AM_ME,45441,74.74%,
2T,AR_EC_VF_yshaarj_yogg_cthun_1988688025615855_Mis_IV_DR,45440,74.73%,
2T,AR_SW_VF_yshaarj_nzoth_yogg_4014400761355759_Mis_AM_DR,45438,74.73%,
2T,AR_SP_VF_yshaarj_nzoth_yogg_4013576127110655_IN_IV_DR,45438,74.73%,
2T,AR_SP_VF_yshaarj_nzoth_yogg_4013438688157183_Mis_AM_DR,45437,74.72%,
2T,AR_SP_VF_yshaarj_nzoth_yogg_4013851005541871_Mis_IV_ME,45435,74.72%,
2T,AR_EC_VF_yshaarj_nzoth_yogg_4013309906255343_Mis_IV_DR_DS,45433,74.71%,
2T,AR_SW_VF_yshaarj_nzoth_yogg_4013301249736175_IN_IV_ME,45432,74.70%,
2T,VW_DH_VW_VF_nzoth_yogg_cthun_3132806252518911_Mis_AM_DR_DS,45430,74.70%,
2T,AR_SW_VF_nzoth_yogg_cthun_3132858723859951_IN_AM_DR,45429,74.69%,
2T,AR_SP_VF_yshaarj_nzoth_yogg_4014400760839663_IN_AM_ME,45428,74.69%,
2T,VW_DH_TV_VF_yshaarj_nzoth_yogg_3977515724234223_Mis_AM_DR_DS,45428,74.69%,
2T,AR_EC_VF_yshaarj_nzoth_yogg_4013301249727999_Mis_IV_ME,45427,74.68%,
2T,AR_SP_VF_yshaarj_nzoth_yogg_4014400761355759_Mis_AM_DR,45426,74.68%,
2T,AR_SP_VF_yshaarj_nzoth_yogg_4013851005017599_IN_IV_ME,45425,74.68%,
2T,AR_SP_VF_yshaarj_nzoth_yogg_3977567121300991_Mis_IV_DR,45424,74.67%,
2T,AR_SP_VF_nzoth_yogg_cthun_3150313470418431_Mis_AM_ME,45424,74.67%,
2T,VW_DH_TV_VF_nzoth_yogg_cthun_3132808400002543_Mis_AM_ME_DS,45423,74.67%,
2T,AR_EC_VF_yshaarj_nzoth_yogg_4013310912888303_IN_IV_DR_DS,45423,74.67%,
2T,AR_SP_VF_nzoth_yogg_cthun_3132996162280959_Mis_IV_ME,45422,74.67%,
2T,AR_SP_VF_yshaarj_nzoth_yogg_4013301316320751_Mis_AM_DR,45421,74.66%,
2T,AR_SW_VF_yshaarj_nzoth_yogg_4013301316836847_IN_AM_DR,45418,74.65%,
2T,AR_EC_VF_nzoth_yogg_cthun_3132858723851775_IN_AM_ME,45417,74.65%,
2T,AR_SW_VF_nzoth_yogg_cthun_3169159787437551_IN_IV_DR_DS,45417,74.65%,
2T,VW_DH_TV_VF_nzoth_yogg_cthun_3135006349516271_Mis_AM_DR_DS,45416,74.64%,
2T,AR_EC_VF_nzoth_yogg_cthun_3132996162289135_Mis_AM_DR,45416,74.64%,
2T,AR_SW_VF_yshaarj_nzoth_yogg_4013851072126447_IN_AM_DR,45415,74.64%,
2T,AR_EC_VF_nzoth_yogg_cthun_3132867313270255_IN_AM_DR,45415,74.64%,
2T,VW_DH_TV_VF_nzoth_yogg_cthun_3132942618254831_Mis_AM_DR_DS,45415,74.64%,
2T,AR_SW_VF_yshaarj_nzoth_yogg_4013301584748015_IN_AM_ME,45415,74.64%,
2T,AR_SP_VF_yshaarj_nzoth_yogg_4013576127118831_Mis_IV_ME,45414,74.64%,
2T,AR_SP_VF_yshaarj_nzoth_yogg_4013584784154095_Mis_IV_DR_DS,45414,74.63%,
2T,AR_SW_VF_nzoth_yogg_cthun_3132867313786351_Mis_IV_DR,45412,74.63%,
2T,AR_SW_VF_yshaarj_nzoth_yogg_4013438688157183_Mis_AM_DR,45410,74.62%,
2T,AR_EC_VF_yshaarj_nzoth_yogg_4013438688157183_Mis_AM_ME,45410,74.62%,
2T,AR_EC_VF_nzoth_yogg_cthun_3132858723859951_Mis_IV_DR,45410,74.62%,
2T,AR_SP_VF_nzoth_yogg_cthun_3169159786921455_IN_IV_DR_DS,45408,74.61%,
2T,AR_SW_VF_yshaarj_nzoth_yogg_4013576194219503_IN_AM_DR,45408,74.61%,
2T,AR_SP_VF_yshaarj_nzoth_yogg_4013301249736175_Mis_IV_ME,45406,74.60%,
2T,AR_SP_VF_nzoth_yogg_cthun_3169159787437551_IN_IV_DR_DS,45404,74.59%,
2T,VW_DH_VW_VF_nzoth_yogg_cthun_3135004269141487_Mis_AM_ME_DS,45403,74.59%,
2T,AR_SP_VF_nzoth_yogg_cthun_3132858790436351_IN_AM_DR,45402,74.59%,
2T,AR_SW_VF_yshaarj_nzoth_yogg_4013301584748015_Mis_AM_ME,45401,74.59%,
2T,AR_SP_VF_nzoth_yogg_cthun_3132859797069311_Mis_IV_DR,45400,74.58%,
2T,AR_EC_VF_yshaarj_nzoth_yogg_4013447345200623_Mis_AM_ME_DS,45399,74.58%,
2T,AR_SP_VF_nzoth_yogg_cthun_3132996162805231_Mis_AM_DR,45399,74.58%,
2T,AR_SP_VF_nzoth_yogg_cthun_3169151197502959_Mis_IV_ME,45398,74.57%,
2T,AR_EC_VF_yshaarj_nzoth_yogg_4014400760839663_Mis_AM_ME,45398,74.57%,
2T,AR_SP_VF_nzoth_yogg_cthun_3169151196978687_Mis_IV_DR,45396,74.57%,
2T,AR_EC_VF_yshaarj_nzoth_yogg_4013309906247167_IN_IV_DR_DS,45393,74.55%,
2T,AR_EC_VF_yshaarj_nzoth_yogg_4013301249211903_IN_IV_ME,45392,74.55%,
2T,AR_SW_VF_yshaarj_nzoth_yogg_4013438688681455_Mis_AM_ME,45392,74.55%,
2T,AR_SP_VF_yshaarj_nzoth_yogg_4014409350766079_IN_IV_DR_DS,45388,74.53%,
2T,AR_SW_VF_nzoth_yogg_cthun_3169159787437551_Mis_IV_DR_DS,45386,74.53%,
2T,AR_SP_VF_yshaarj_nzoth_yogg_4013309906771439_IN_IV_DR_DS,45386,74.52%,
2T,AR_EC_VF_nzoth_yogg_cthun_3132875903196671_IN_IV_ME_DS,45385,74.52%,
2T,VW_DH_TV_VF_nzoth_yogg_cthun_3135004202556911_Mis_AM_DR_DS,45385,74.52%,
2T,AR_SP_VF_yshaarj_nzoth_yogg_4013576194219503_Mis_AM_DR,45384,74.52%,
2T,AR_SP_VF_yshaarj_nzoth_yogg_4013584784154095_IN_IV_DR_DS,45383,74.52%,
2T,AR_SP_VF_yshaarj_nzoth_yogg_4014409351290351_Mis_IV_DR_DS,45383,74.51%,
2T,AR_SP_VF_yshaarj_nzoth_yogg_3977567121300991_Mis_IV_ME,45383,74.51%,
2T,AR_SP_VF_yshaarj_nzoth_yogg_4013318496181743_IN_IV_ME_DS,45381,74.51%,
2T,AR_EC_VF_yshaarj_nzoth_yogg_4013576127634927_IN_AM_DR,45381,74.51%,
2T,AR_EC_VF_nzoth_yogg_cthun_3132859864178159_Mis_AM_ME,45381,74.51%,
2T,AR_EC_VF_yshaarj_nzoth_yogg_4013851005541871_Mis_AM_DR,45380,74.50%,
2T,AR_SW_VF_nzoth_yogg_cthun_3169151197502959_IN_IV_ME,45380,74.50%,
2T,VW_DH_TV_VF_nzoth_yogg_cthun_3132944765214191_Mis_AM_ME_DS,45380,74.50%,
2T,AR_SW_VF_yshaarj_nzoth_yogg_4014400760831487_IN_AM_DR,45379,74.50%,
2T,VW_DH_TV_VF_yshaarj_nzoth_yogg_4049797876342255_Mis_AM_ME_DS,45378,74.49%,
2T,AR_EC_VF_yshaarj_yogg_cthun_1988688092716527_Mis_AM_DR,45376,74.49%,
2T,AR_SP_VF_yshaarj_nzoth_yogg_4013309906771439_Mis_IV_DR_DS,45375,74.49%,
2T,VW_DH_VW_VF_yshaarj_nzoth_yogg_4049516555984877_IN_IV_ME,45375,74.48%,
2T,AR_SP_VF_nzoth_yogg_cthun_3132867313786351_Mis_IV_ME,45375,74.48%,
2T,VW_DH_VW_VF_nzoth_yogg_cthun_3132791220657647_Mis_AM_ME,45373,74.48%,
2T,AR_SW_VF_yshaarj_nzoth_yogg_4014409417874927_IN_AM_DR_DS,45373,74.48%,
2T,AR_SW_VF_yshaarj_nzoth_yogg_4013302322945535_Mis_IV_DR,45371,74.47%,
2T,AR_SW_VF_nzoth_yogg_cthun_3169151196986863_IN_IV_ME,45371,74.47%,
2T,AR_EC_VF_yshaarj_nzoth_yogg_4014409350766079_IN_IV_ME_DS,45370,74.46%,
2T,AR_EC_VF_yshaarj_nzoth_yogg_4013318496181743_Mis_AM_DR_DS,45370,74.46%,
2T,AR_SP_VF_yshaarj_nzoth_yogg_4013318429597167_Mis_IV_DR_DS,45369,74.46%,
2T,AR_SP_VF_nzoth_yogg_cthun_3132859058871791_Mis_AM_DR,45369,74.46%,
2T,AR_SW_VF_yshaarj_nzoth_yogg_4013318496181743_IN_IV_ME_DS,45369,74.46%,
2T,VW_DH_TV_VF_yshaarj_nzoth_yogg_4049522998435327_Mis_AM_DR_DS,45367,74.45%,
2T,AR_SW_VF_yshaarj_nzoth_yogg_3977567121309167_IN_AM_DR,45366,74.45%,
2T,VW_DH_TV_VF_nzoth_yogg_cthun_3132814842453487_Mis_AM_DR_DS,45366,74.45%,
2T,VW_DH_VW_VF_nzoth_yogg_cthun_3132798803434991_Mis_AM_DR,45363,74.44%,
2T,AR_SP_VF_yshaarj_nzoth_yogg_4013851072126447_Mis_AM_DR,45362,74.43%,
2T,AR_SP_VF_yshaarj_nzoth_yogg_4013310174682607_IN_IV_ME_DS,45362,74.43%,
2T,AR_SP_VF_yshaarj_nzoth_yogg_4013447345200623_Mis_AM_DR_DS,45361,74.43%,
2T,AR_EC_VF_yshaarj_nzoth_yogg_4013309906771439_IN_IV_ME_DS,45361,74.43%,
2T,AR_SW_VF_nzoth_yogg_cthun_3150313470426607_Mis_AM_ME,45360,74.43%,
2T,AR_SP_VF_yshaarj_nzoth_yogg_4013438688165359_Mis_AM_ME,45358,74.42%,
2T,AR_SP_VF_nzoth_yogg_cthun_3132858723859951_IN_AM_DR,45357,74.42%,
2T,AR_SW_VF_nzoth_yogg_cthun_3132867313786351_IN_AM_DR,45355,74.41%,
2T,AR_EC_VF_yshaarj_nzoth_yogg_4013318429072895_IN_IV_DR_DS,45354,74.40%,
2T,VW_DH_TV_VF_yshaarj_nzoth_yogg_4049522998959599_Mis_AM_DR_DS,45352,74.40%,
2T,AR_SP_VF_nzoth_yogg_cthun_3169151264087535_Mis_AM_DR,45352,74.40%,
2T,AR_SW_VF_yshaarj_nzoth_yogg_4013851072126447_IN_IV_ME,45352,74.40%,
2T,VW_DH_VW_VF_yshaarj_nzoth_cthun_3696297371820013_IN_AM_ME,45351,74.39%,
2T,AR_EC_VF_nzoth_yogg_cthun_3169159854022127_IN_AM_DR_DS,45350,74.39%,
2T,AR_SW_VF_yshaarj_nzoth_yogg_4013576127118831_Mis_IV_ME,45349,74.38%,
2T,AR_EC_VF_nzoth_yogg_cthun_3169151197502959_Mis_AM_DR,45349,74.38%,
2T,AR_SW_VF_nzoth_yogg_cthun_3169151264087535_IN_AM_DR,45349,74.38%,
2T,AR_SW_VF_nzoth_yogg_cthun_3132996162280959_Mis_IV_ME,45348,74.38%,
2T,AR_SW_VF_yshaarj_nzoth_yogg_4013851005017599_Mis_IV_DR,45347,74.38%,
2T,AR_SP_VF_nzoth_yogg_cthun_3132875903196671_IN_IV_ME_DS,45346,74.37%,
2T,AR_EC_VF_nzoth_yogg_cthun_3132875970305519_IN_AM_DR_DS,45346,74.37%,
2T,VW_DH_TV_VF_nzoth_yogg_cthun_3135004202040815_Mis_AM_ME_DS,45344,74.36%,
2T,AR_SW_VF_yshaarj_nzoth_yogg_4013318429597167_IN_IV_DR_DS,45342,74.36%,
2T,AR_SW_VF_yshaarj_nzoth_yogg_4013301316312575_Mis_IV_ME,45341,74.35%,
2T,AR_SP_VF_nzoth_yogg_cthun_3132867380370927_IN_AM_DR,45339,74.35%,
2T,VW_DH_TV_VF_nzoth_yogg_cthun_3132807326260735_Mis_IV_DR_DS,45339,74.34%,
2T,VW_DH_VW_VF_yshaarj_nzoth_yogg_4049531588370413_IN_IV_ME_DS,45337,74.34%,
2T,VW_DH_VW_VF_yshaarj_nzoth_cthun_3696298445561837_IN_IV_ME,45337,74.34%,
2T,AR_EC_VF_yshaarj_nzoth_yogg_4013576127634927_Mis_AM_DR,45336,74.34%,
2T,AR_EC_VF_nzoth_yogg_cthun_3132858723851775_Mis_IV_DR,45336,74.33%,
2T,VW_DH_VW_VF_nzoth_yogg_cthun_3132942617738735_Mis_AM_ME_DS,45335,74.33%,
2T,VW_DH_TV_VF_nzoth_yogg_cthun_3132813768711679_Mis_IV_DR_DS,45335,74.33%,
2T,VW_DH_TV_VF_yshaarj_nzoth_yogg_3977788454657519_Mis_AM_ME_DS,45334,74.33%,
2T,AR_SW_VF_yshaarj_nzoth_yogg_4013301316320751_IN_AM_DR,45332,74.32%,
2T,AR_SP_VF_yshaarj_nzoth_yogg_4014400760831487_Mis_IV_ME,45332,74.32%,
2T,AR_SW_VF_nzoth_yogg_cthun_3169151197502959_Mis_IV_ME,45331,74.32%,
2T,AR_SW_VF_nzoth_yogg_cthun_3132867313262079_IN_IV_ME,45331,74.31%,
2T,AR_SW_VF_nzoth_yogg_cthun_3132996162280959_IN_AM_ME,45330,74.31%,
2T,AR_EC_VF_yshaarj_nzoth_yogg_4013584717053423_IN_IV_DR_DS,45330,74.31%,
2T,AR_EC_VF_yshaarj_nzoth_yogg_4013309839670767_IN_IV_DR_DS,45328,74.30%,
2T,AR_SW_VF_yshaarj_nzoth_yogg_4013576127634927_IN_IV_ME,45328,74.30%,
2T,VW_DH_TV_VF_nzoth_yogg_cthun_3132807326785007_Mis_IV_DR_DS,45327,74.30%,
2T,VW_DH_TV_VF_nzoth_yogg_cthun_3132951207665135_Mis_AM_ME_DS,45326,74.30%,
2T,VW_DH_TV_VF_nzoth_yogg_cthun_3132807326260735_Mis_IV_ME_DS,45325,74.29%,
2T,VW_DH_TV_VF_nzoth_yogg_cthun_3132806252518911_Mis_AM_DR_DS,45324,74.29%,
2T,AR_SW_VF_yshaarj_nzoth_yogg_4013301316836847_Mis_AM_DR,45324,74.29%,
2T,VW_DH_VW_VF_nzoth_yogg_cthun_3132814842453487_Mis_AM_DR_DS,45324,74.29%,
2T,AR_SP_VF_yshaarj_nzoth_yogg_4014409417874927_IN_AM_DR_DS,45324,74.29%,
2T,AR_SW_VF_nzoth_yogg_cthun_3132858723859951_IN_AM_ME,45323,74.28%,
2T,AR_EC_VF_yshaarj_nzoth_yogg_4013851005541871_IN_AM_ME,45320,74.27%,
2T,VW_DH_TV_VF_nzoth_yogg_cthun_3132806252518911_Mis_AM_ME_DS,45319,74.27%,
2T,AR_SW_VF_nzoth_yogg_cthun_3169159854022127_Mis_IV_ME_DS,45318,74.26%,
2T,AR_EC_VF_yshaarj_nzoth_yogg_4013301316836847_Mis_AM_ME,45316,74.26%,
2T,AR_SP_VF_yshaarj_nzoth_yogg_4013302322945535_Mis_IV_ME,45316,74.26%,
2T,AR_EC_VF_nzoth_yogg_cthun_3132996162289135_Mis_AM_ME,45316,74.26%,
2T,AR_SW_VF_nzoth_yogg_cthun_3169151196978687_Mis_IV_DR,45313,74.25%,
2T,VW_DH_TV_VF_yshaarj_nzoth_yogg_3977513576750591_Mis_AM_ME_DS,45313,74.24%,
2T,AR_SW_VF_yshaarj_nzoth_yogg_4013851005025775_Mis_IV_ME,45313,74.24%,
2T,VW_DH_VW_VF_yshaarj_nzoth_yogg_3979712600006637_IN_IV_ME_DS,45311,74.24%,
2T,AR_SW_VF_nzoth_yogg_cthun_3169151264087535_Mis_AM_DR,45311,74.24%,
2T,AR_EC_VF_yshaarj_nzoth_yogg_4013310912888303_Mis_IV_DR_DS,45310,74.24%,
2T,AR_SW_VF_nzoth_yogg_cthun_3132859797069311_Mis_IV_DR,45310,74.24%,
2T,VW_DH_VW_VF_nzoth_yogg_cthun_3132814842453487_Mis_AM_ME_DS,45309,74.23%,
2T,AR_SP_VF_yshaarj_nzoth_yogg_4013438688681455_Mis_AM_ME,45309,74.23%,
2T,AR_EC_VF_yshaarj_nzoth_yogg_4013301316836847_IN_AM_ME,45309,74.23%,
2T,VW_DH_VW_VF_nzoth_yogg_cthun_3132798803434991_Mis_AM_ME,45308,74.23%,
2T,AR_SW_VF_yshaarj_nzoth_yogg_4013576194219503_Mis_AM_DR,45306,74.22%,
2T,VW_DH_VW_VF_yshaarj_nzoth_yogg_3977499618107373_IN_IV_ME,45306,74.22%,
2T,AR_SP_VF_nzoth_yogg_cthun_3132867313786351_IN_AM_ME,45306,74.22%,
2T,AR_SW_VF_nzoth_yogg_cthun_3132875970305519_Mis_IV_DR_DS,45304,74.21%,
2T,AR_SW_VF_yshaarj_nzoth_yogg_4014400827940335_Mis_AM_ME,45304,74.21%,
2T,AR_SP_VF_yshaarj_nzoth_yogg_4014409350774255_Mis_IV_DR_DS,45303,74.21%,
2T,AR_SW_VF_yshaarj_nzoth_yogg_4013851005541871_IN_IV_ME,45303,74.21%,
2T,VW_DH_TV_VF_nzoth_yogg_cthun_3132798803434991_Mis_AM_ME,45301,74.20%,
2T,VW_DH_VW_VF_nzoth_yogg_cthun_3135012791967215_Mis_AM_ME_DS,45301,74.20%,
2T,AR_EC_VF_yshaarj_nzoth_yogg_4013302322945535_IN_IV_ME,45300,74.19%,
2T,VW_DH_VW_VF_yshaarj_nzoth_yogg_3977773422272493_IN_IV_ME,45299,74.19%,
2T,AR_SW_VF_yshaarj_nzoth_yogg_4013447278099951_IN_IV_DR_DS,45299,74.19%,
2T,AR_EC_VF_yshaarj_nzoth_yogg_4013309906255343_Mis_IV_ME_DS,45298,74.19%,
2T,AR_SP_VF_yshaarj_nzoth_yogg_4013309906255343_Mis_IV_DR_DS,45298,74.19%,
2T,AR_SW_VF_yshaarj_nzoth_yogg_4014409350774255_IN_IV_ME_DS,45297,74.18%,
2T,AR_SW_VF_yshaarj_nzoth_yogg_4013302323469807_IN_IV_ME,45295,74.18%,
2T,VW_DH_TV_VF_nzoth_yogg_cthun_3135012791967215_Mis_AM_ME_DS,45295,74.18%,
2T,AR_EC_VF_nzoth_yogg_cthun_3169159787437551_IN_IV_ME_DS,45294,74.17%,
2T,VW_DH_TV_VF_yshaarj_nzoth_yogg_3977513576758767_Mis_AM_ME_DS,45293,74.17%,
2T,AR_EC_VF_yshaarj_nzoth_yogg_4013310174682607_Mis_AM_DR_DS,45292,74.17%,
2T,AR_SW_VF_yshaarj_nzoth_yogg_4013851005025775_IN_IV_ME,45292,74.17%,
2T,VW_DH_TV_VF_nzoth_yogg_cthun_3132806252527087_Mis_AM_ME_DS,45292,74.16%,
2T,AR_EC_VF_yshaarj_nzoth_yogg_4013318429081071_Mis_IV_ME_DS,45287,74.14%,
2T,AR_EC_VF_yshaarj_nzoth_yogg_4014409350774255_IN_AM_DR_DS,45286,74.14%,
2T,AR_SW_VF_yshaarj_nzoth_yogg_4013302322953711_IN_AM_DR,45284,74.14%,
2T,AR_EC_VF_yshaarj_nzoth_yogg_4013576127110655_Mis_IV_ME,45284,74.13%,
2T,AR_SW_VF_nzoth_yogg_cthun_3132858723859951_Mis_IV_ME,45282,74.13%,
2T,AR_SW_VF_yshaarj_yogg_cthun_1988688092716527_Mis_IV_DR,45279,74.11%,
2T,AR_SW_VF_yshaarj_nzoth_yogg_3977567121309167_IN_AM_ME,45277,74.11%,
2T,VW_DH_TV_VF_yshaarj_nzoth_yogg_3977498544889327_Mis_AM_ME,45276,74.10%,
2T,AR_SW_VF_nzoth_yogg_cthun_3132996162805231_Mis_AM_DR,45276,74.10%,
2T,AR_SW_VF_nzoth_yogg_cthun_3169159854022127_IN_IV_ME_DS,45276,74.10%,
2T,AR_EC_VF_nzoth_yogg_cthun_3132875970305519_Mis_IV_ME_DS,45275,74.10%,
2T,VW_DH_TV_VF_yshaarj_nzoth_yogg_3977513577274863_Mis_AM_DR_DS,45275,74.10%,
2T,AR_SP_VF_yshaarj_nzoth_yogg_4013576127634927_IN_IV_ME,45272,74.09%,
2T,AR_SP_VF_nzoth_yogg_cthun_3132875903196671_IN_IV_DR_DS,45271,74.08%,
2T,AR_EC_VF_nzoth_yogg_cthun_3132859797593583_Mis_AM_ME,45269,74.08%,
2T,AR_SW_VF_nzoth_yogg_cthun_3169159786921455_Mis_IV_DR_DS,45268,74.07%,
2T,AR_SP_VF_yshaarj_nzoth_yogg_4013310174682607_IN_AM_DR_DS,45266,74.06%,
2T,AR_EC_VF_yshaarj_nzoth_yogg_4013318429597167_IN_AM_DR_DS,45263,74.05%,
2T,AR_SW_VF_yshaarj_nzoth_yogg_4013576127634927_Mis_IV_ME,45262,74.05%,
2T,AR_EC_VF_yshaarj_nzoth_yogg_4013584784154095_IN_IV_ME_DS,45259,74.04%,
2T,AR_EC_VF_yshaarj_yogg_cthun_1988688026131951_Mis_IV_DR,45259,74.04%,
2T,AR_SP_VF_yshaarj_nzoth_yogg_4013302322945535_IN_AM_DR,45259,74.04%,
2T,VW_DH_VW_VF_nzoth_yogg_cthun_3135004202040815_Mis_AM_ME_DS,45258,74.03%,
2T,AR_SP_VF_yshaarj_nzoth_yogg_4013576127110655_Mis_IV_DR,45258,74.03%,
2T,VW_DH_VW_VF_yshaarj_nzoth_yogg_3977514650492909_IN_IV_ME_DS,45258,74.03%,
2T,VW_DH_TV_VF_nzoth_yogg_cthun_3132814842453487_Mis_AM_ME_DS,45257,74.03%,
2T,AR_SP_VF_nzoth_yogg_cthun_3132867313270255_IN_AM_DR,45257,74.03%,
2T,AR_EC_VF_yshaarj_nzoth_yogg_4013576127118831_Mis_AM_DR,45257,74.03%,
2T,AR_EC_VF_yshaarj_nzoth_yogg_4013301249736175_Mis_AM_DR,45256,74.03%,
2T,AR_SP_VF_yshaarj_nzoth_yogg_4013310913404399_Mis_IV_DR_DS,45256,74.03%,
2T,AR_SP_VF_yshaarj_nzoth_yogg_4013301316320751_IN_AM_DR,45253,74.02%,
2T,AR_SW_VF_nzoth_yogg_cthun_3169151196978687_IN_IV_DR,45249,74.00%,
2T,AR_SP_VF_nzoth_yogg_cthun_3169151264087535_IN_AM_DR,45249,74.00%,
2T,AR_EC_VF_yshaarj_nzoth_yogg_4013576127118831_IN_AM_ME,45246,73.99%,
2T,AR_SP_VF_yshaarj_nzoth_yogg_4013447345200623_IN_AM_DR_DS,45245,73.98%,
2T,AR_SW_VF_yshaarj_nzoth_yogg_4013576127118831_IN_IV_ME,45244,73.98%,
2T,AR_EC_VF_yshaarj_nzoth_yogg_4013301316312575_IN_AM_ME,45243,73.98%,
2T,AR_SP_VF_yshaarj_yogg_cthun_1988688026131951_Mis_IV_DR,45242,73.97%,
2T,AR_SP_VF_nzoth_yogg_cthun_3132996162289135_Mis_AM_DR,45242,73.97%,
2T,VW_DH_TV_VF_nzoth_yogg_cthun_3132942617738735_Mis_AM_ME_DS,45240,73.97%,
2T,AR_SW_VF_yshaarj_nzoth_yogg_4013584784154095_IN_IV_DR_DS,45239,73.96%,
2T,AR_EC_VF_nzoth_yogg_cthun_3169159786913279_IN_IV_DR_DS,45239,73.96%,
2T,AR_EC_VF_nzoth_yogg_cthun_3169151196986863_IN_AM_DR,45238,73.96%,
2T,AR_EC_VF_yshaarj_nzoth_yogg_4013302322945535_Mis_AM_DR,45237,73.95%,
2T,AR_SW_VF_yshaarj_nzoth_yogg_4013309906255343_Mis_IV_DR_DS,45235,73.95%,
2T,AR_SP_VF_yshaarj_nzoth_yogg_4013309906255343_Mis_IV_ME_DS,45231,73.93%,
2T,AR_SP_VF_yshaarj_nzoth_yogg_4013302322953711_Mis_AM_DR,45229,73.92%,
2T,AR_SP_VF_yshaarj_nzoth_yogg_4013851005017599_Mis_IV_ME,45229,73.92%,
2T,AR_SW_VF_nzoth_yogg_cthun_3132875970305519_IN_AM_DR_DS,45229,73.92%,
2T,AR_SW_VF_yshaarj_nzoth_yogg_4014409350774255_Mis_IV_DR_DS,45229,73.92%,
2T,AR_SP_VF_yshaarj_nzoth_yogg_4013310979988975_IN_IV_ME_DS,45228,73.92%,
2T,VW_DH_TV_VF_nzoth_yogg_cthun_3132808400002543_Mis_AM_DR_DS,45226,73.91%,
2T,AR_SP_VF_yshaarj_nzoth_yogg_4013318496181743_IN_AM_DR_DS,45226,73.91%,
2T,AR_EC_VF_yshaarj_nzoth_yogg_4013310913404399_Mis_IV_DR_DS,45225,73.91%,
2T,VW_DH_VW_VF_nzoth_yogg_cthun_3132806252527087_Mis_AM_ME_DS,45225,73.91%,
2T,VW_DH_TV_VF_yshaarj_nzoth_yogg_4049515482243053_IN_IV_ME,45222,73.90%,
2T,AR_EC_VF_yshaarj_nzoth_yogg_4014409351290351_Mis_IV_ME_DS,45221,73.89%,
2T,AR_SP_VF_yshaarj_nzoth_yogg_4013851005025775_IN_AM_DR,45220,73.89%,
2T,AR_SP_VF_yshaarj_nzoth_yogg_4013447278616047_IN_IV_ME_DS,45220,73.89%,
2T,VW_DH_VW_VF_nzoth_yogg_cthun_3132798736334319_Mis_AM_ME,45220,73.89%,
2T,VW_DH_VW_VF_nzoth_yogg_cthun_3132807326260735_Mis_IV_ME_DS,45219,73.89%,
2T,VW_DH_TV_VF_nzoth_yogg_cthun_3132942617730559_Mis_AM_ME_DS,45219,73.89%,
2T,AR_EC_VF_yshaarj_nzoth_yogg_4013301249727999_IN_IV_ME,45219,73.88%,
2T,VW_DH_VW_VF_nzoth_yogg_cthun_3132813769235951_Mis_IV_DR_DS,45218,73.88%,
2T,AR_SW_VF_yshaarj_nzoth_yogg_4013318496181743_Mis_IV_ME_DS,45218,73.88%,
2T,VW_DH_TV_VF_nzoth_yogg_cthun_3133348492140015_Mis_AM_ME,45214,73.86%,
2T,VW_DH_VW_VF_nzoth_yogg_cthun_3132951207665135_Mis_AM_ME_DS,45213,73.86%,
2T,VW_DH_TV_VF_nzoth_yogg_cthun_3132813835820527_Mis_AM_DR_DS,45212,73.86%,
2T,VW_DH_VW_VF_yshaarj_nzoth_yogg_3979697567621101_IN_IV_DR,45212,73.86%,
2T,AR_SP_VF_yshaarj_nzoth_yogg_4014400760839663_Mis_AM_DR,45212,73.86%,
2T,AR_EC_VF_yshaarj_nzoth_yogg_4013447345200623_IN_AM_ME_DS,45211,73.85%,
2T,AR_EC_VF_yshaarj_nzoth_yogg_4013851005017599_Mis_AM_DR,45211,73.85%,
2T,AR_SP_VF_nzoth_yogg_cthun_3169151197502959_IN_IV_ME,45209,73.85%,
2T,VW_DH_VW_VF_nzoth_yogg_cthun_3132942617730559_Mis_AM_DR_DS,45207,73.84%,
2T,AR_SW_VF_nzoth_yogg_cthun_3132859058871791_Mis_AM_DR,45206,73.83%,
2T,AR_EC_VF_yshaarj_nzoth_yogg_4014409417874927_IN_AM_ME_DS,45206,73.83%,
2T,AR_SP_VF_yshaarj_nzoth_yogg_4013447278099951_Mis_IV_ME_DS,45205,73.83%,
2T,AR_EC_VF_yshaarj_nzoth_yogg_4013310979988975_IN_IV_ME_DS,45205,73.83%,
2T,AR_EC_VF_yshaarj_nzoth_yogg_4014409351290351_IN_AM_DR_DS,45205,73.83%,
2T,AR_SP_VF_nzoth_yogg_cthun_3132867313270255_Mis_IV_DR,45204,73.83%,
2T,AR_SW_VF_yshaarj_nzoth_yogg_3977567121825263_Mis_IV_ME,45203,73.82%,
2T,AR_EC_VF_nzoth_yogg_cthun_3132858790960623_Mis_AM_ME,45203,73.82%,
2T,AR_EC_VF_nzoth_yogg_cthun_3169151196978687_IN_IV_ME,45200,73.81%,
2T,AR_EC_VF_yshaarj_nzoth_yogg_4013301249211903_Mis_IV_ME,45200,73.81%,
2T,AR_SW_VF_nzoth_yogg_cthun_3132859797069311_IN_AM_ME,45199,73.81%,
2T,AR_EC_VF_yshaarj_nzoth_yogg_4013851005025775_IN_AM_ME,45197,73.80%,
2T,AR_SP_VF_yshaarj_nzoth_yogg_4013302322945535_IN_IV_ME,45196,73.80%,
2T,AR_EC_VF_yshaarj_nzoth_yogg_4013301249727999_IN_AM_DR,45196,73.80%,
2T,AR_SP_VF_yshaarj_nzoth_yogg_4013310913404399_IN_IV_DR_DS,45196,73.79%,
2T,AR_SW_VF_yshaarj_nzoth_yogg_4013438688165359_Mis_AM_ME,45195,73.79%,
2T,VW_DH_VW_VF_nzoth_yogg_cthun_3132808400002543_Mis_AM_DR_DS,45195,73.79%,
2T,VW_DH_VW_VF_nzoth_yogg_cthun_3132807326785007_Mis_IV_DR_DS,45194,73.79%,
2T,VW_DH_TV_VF_nzoth_yogg_cthun_3135004202032639_Mis_AM_DR_DS,45194,73.79%,
2T,VW_DH_TV_VF_nzoth_yogg_cthun_3135004202032639_Mis_AM_ME_DS,45194,73.79%,
2T,AR_SP_VF_yshaarj_nzoth_yogg_4013851072126447_IN_AM_ME,45194,73.79%,
2T,AR_SP_VF_yshaarj_nzoth_yogg_4013301316312575_IN_AM_DR,45192,73.78%,
2T,VW_DH_TV_VF_yshaarj_nzoth_yogg_4049515482243053_IN_IV_DR,45192,73.78%,
2T,AR_EC_VF_yshaarj_yogg_cthun_2043251357244911_IN_IV_DR,45191,73.78%,
2T,AR_SW_VF_yshaarj_nzoth_yogg_4013301316312575_IN_IV_ME,45191,73.78%,
2T,VW_DH_TV_VF_yshaarj_nzoth_yogg_4049525145918959_Mis_AM_ME_DS,45191,73.77%,
2T,VW_DH_TV_VF_nzoth_yogg_cthun_3133348492140015_Mis_AM_DR,45190,73.77%,
2T,AR_EC_VF_yshaarj_nzoth_yogg_4013576127110655_IN_IV_ME,45188,73.76%,
2T,AR_SP_VF_yshaarj_yogg_cthun_1988688092716527_IN_IV_DR,45188,73.76%,
2T,AR_EC_VF_yshaarj_yogg_cthun_2043251357244911_Mis_IV_DR,45187,73.76%,
2T,AR_EC_VF_yshaarj_nzoth_yogg_4014409417874927_Mis_AM_DR_DS,45186,73.76%,
2T,AR_SP_VF_yshaarj_nzoth_yogg_4013851072126447_Mis_AM_ME,45186,73.76%,
2T,VW_DH_VW_VF_nzoth_yogg_cthun_3135006349516271_Mis_AM_DR_DS,45184,73.75%,
2T,AR_EC_VF_nzoth_yogg_cthun_3132858723335679_IN_AM_DR,45184,73.75%,
2T,AR_SP_VF_nzoth_yogg_cthun_3132859797069311_IN_AM_ME,45183,73.74%,
2T,AR_SW_VF_yshaarj_nzoth_yogg_3977567121300991_IN_AM_ME,45183,73.74%,
2T,AR_EC_VF_yshaarj_nzoth_yogg_4014400760831487_Mis_AM_DR,45181,73.74%,
2T,AR_SP_VF_yshaarj_nzoth_yogg_4013302322953711_IN_AM_DR,45181,73.74%,
2T,VW_DH_VW_VF_nzoth_yogg_cthun_3133363524525551_Mis_AM_DR_DS,45179,73.73%,
2T,AR_EC_VF_yshaarj_yogg_cthun_1988688092716527_Mis_IV_ME,45179,73.73%,
2T,AR_SW_VF_nzoth_yogg_cthun_3132858790436351_IN_AM_ME,45179,73.73%,
2T,VW_DH_VW_VF_nzoth_yogg_cthun_3135004202556911_Mis_AM_DR_DS,45178,73.73%,
2T,VW_DH_VW_VF_yshaarj_nzoth_cthun_3696297371820013_IN_AM_DR,45176,73.72%,
2T,AR_SW_VF_yshaarj_nzoth_yogg_4013447345200623_Mis_AM_DR_DS,45174,73.71%,
2T,AR_EC_VF_nzoth_yogg_cthun_3132875970305519_IN_AM_ME_DS,45174,73.71%,
2T,AR_SP_VF_yshaarj_nzoth_yogg_4014400760831487_IN_AM_ME,45173,73.71%,
2T,AR_SW_VF_nzoth_yogg_cthun_3132996162289135_Mis_AM_DR,45173,73.71%,
2T,AR_SP_VF_nzoth_yogg_cthun_3132867313786351_IN_AM_DR,45173,73.71%,
2T,VW_DH_VW_VF_nzoth_yogg_cthun_3132806319627759_Mis_AM_ME_DS,45172,73.70%,
2T,AR_SW_VF_yshaarj_nzoth_yogg_4013310174682607_IN_IV_ME_DS,45171,73.70%,
2T,AR_EC_VF_nzoth_yogg_cthun_3132858723335679_Mis_IV_DR,45171,73.70%,
2T,AR_SP_VF_nzoth_yogg_cthun_3132875970305519_Mis_IV_ME_DS,45171,73.70%,
2T,VW_DH_TV_VF_nzoth_yogg_cthun_3132798736334319_Mis_AM_ME,45170,73.69%,
2T,VW_DH_VW_VF_nzoth_yogg_cthun_3132944765214191_Mis_AM_ME_DS,45169,73.69%,
2T,VW_DH_VW_VF_nzoth_yogg_cthun_3132813768711679_Mis_IV_DR_DS,45169,73.69%,
2T,AR_EC_VF_yshaarj_nzoth_yogg_4013310979988975_Mis_IV_ME_DS,45169,73.69%,
2T,AR_SP_VF_yshaarj_nzoth_yogg_4013302323469807_IN_AM_DR,45169,73.69%,
2T,AR_EC_VF_yshaarj_nzoth_yogg_4013301249211903_IN_AM_DR,45169,73.69%,
2T,VW_DH_VW_VF_yshaarj_nzoth_yogg_3979712600006637_IN_IV_DR_DS,45168,73.69%,
2T,VW_DH_VW_VF_nzoth_yogg_cthun_3132813768719855_Mis_AM_DR_DS,45168,73.69%,
2T,AR_EC_VF_yshaarj_nzoth_yogg_4013318429072895_Mis_IV_DR_DS,45167,73.68%,
2T,AR_SP_VF_nzoth_yogg_cthun_3132858790436351_IN_AM_ME,45167,73.68%,
2T,VW_DH_VW_VF_nzoth_yogg_cthun_3135006349516271_Mis_AM_ME_DS,45166,73.68%,
2T,AR_SP_VF_yshaarj_nzoth_yogg_4013310912888303_IN_IV_DR_DS,45166,73.68%,
2T,VW_DH_VW_VF_yshaarj_nzoth_cthun_3696313477947373_IN_IV_DR_DS,45165,73.68%,
2T,VW_DH_TV_VF_nzoth_yogg_cthun_3135006349516271_Mis_AM_ME_DS,45165,73.68%,
2T,AR_SP_VF_nzoth_yogg_cthun_3132867313270255_Mis_IV_ME,45164,73.67%,
2T,AR_EC_VF_yshaarj_nzoth_yogg_4013438688157183_IN_AM_ME,45162,73.67%,
2T,VW_DH_TV_VF_nzoth_yogg_cthun_3132813768719855_Mis_AM_DR_DS,45161,73.66%,
2T,AR_SW_VF_nzoth_yogg_cthun_3132858790436351_IN_AM_DR,45160,73.66%,
2T,AR_EC_VF_nzoth_yogg_cthun_3169151196978687_Mis_IV_ME,45160,73.66%,
2T,AR_SW_VF_yshaarj_nzoth_yogg_4013301316320751_Mis_AM_DR,45160,73.66%,
2T,AR_SW_VF_yshaarj_nzoth_yogg_4013318429597167_Mis_IV_DR_DS,45160,73.66%,
2T,VW_DH_VW_VF_yshaarj_nzoth_yogg_3979696493879277_IN_AM_DR,45159,73.65%,
2T,AR_SW_VF_yshaarj_nzoth_yogg_4013301249727999_Mis_IV_DR,45158,73.65%,
2T,AR_SP_VF_yshaarj_nzoth_yogg_4013447278099951_IN_IV_ME_DS,45152,73.63%,
2T,VW_DH_VW_VF_yshaarj_nzoth_cthun_3696313477947373_IN_IV_ME_DS,45152,73.62%,
2T,VW_DH_TV_VF_nzoth_yogg_cthun_3132876045737965_IN_AM_DR_DS,45150,73.62%,
2T,AR_EC_VF_yshaarj_nzoth_yogg_4013584717569519_Mis_IV_DR_DS,45149,73.62%,
2T,AR_SW_VF_yshaarj_nzoth_yogg_4013318429081071_Mis_IV_DR_DS,45149,73.62%,
2T,AR_EC_VF_yshaarj_nzoth_yogg_3977567121825263_Mis_AM_DR,45149,73.61%,
2T,AR_SP_VF_yshaarj_nzoth_yogg_4013302390054383_IN_AM_ME,45149,73.61%,
2T,AR_SP_VF_yshaarj_nzoth_yogg_4013309839670767_IN_IV_DR_DS,45148,73.61%,
2T,AR_SP_VF_yshaarj_nzoth_yogg_3977567121300991_IN_AM_ME,45148,73.61%,
2T,AR_SW_VF_nzoth_yogg_cthun_3150313470418431_Mis_AM_ME,45147,73.61%,
2T,AR_SP_VF_yshaarj_nzoth_yogg_4013851005541871_IN_AM_DR,45147,73.61%,
2T,AR_EC_VF_nzoth_yogg_cthun_3169159786921455_Mis_IV_ME_DS,45146,73.60%,
2T,AR_SW_VF_yshaarj_nzoth_yogg_4013310174682607_Mis_IV_ME_DS,45145,73.60%,
2T,AR_SW_VF_nzoth_yogg_cthun_3132867313786351_Mis_IV_ME,45139,73.58%,
2T,AR_SP_VF_nzoth_yogg_cthun_3132996162805231_Mis_AM_ME,45138,73.57%,
2T,AR_EC_VF_yshaarj_nzoth_yogg_4013318429597167_Mis_IV_ME_DS,45136,73.57%,
2T,AR_EC_VF_yshaarj_nzoth_yogg_4014409350774255_Mis_IV_ME_DS,45136,73.56%,
2T,VW_DH_VW_VF_nzoth_yogg_cthun_3132807326268911_Mis_AM_DR_DS,45133,73.56%,
2T,AR_EC_VF_nzoth_yogg_cthun_3132996162280959_Mis_AM_DR,45132,73.55%,
2T,AR_SW_VF_nzoth_yogg_cthun_3132858790436351_Mis_IV_ME,45132,73.55%,
2T,VW_DH_TV_VF_nzoth_yogg_cthun_3135004202556911_Mis_AM_ME_DS,45131,73.55%,
2T,AR_SW_VF_nzoth_yogg_cthun_3132858790436351_Mis_IV_DR,45131,73.55%,
2T,VW_DH_VW_VF_nzoth_yogg_cthun_3132944765214191_Mis_AM_DR_DS,45131,73.55%,
2T,VW_DH_TV_VF_nzoth_yogg_cthun_3132798736850415_Mis_AM_DR,45130,73.54%,
2T,AR_SP_VF_yshaarj_nzoth_yogg_4013318429597167_Mis_IV_ME_DS,45129,73.54%,
2T,AR_EC_VF_yshaarj_nzoth_yogg_3977567188409839_Mis_AM_ME,45129,73.54%,
2T,AR_EC_VF_yshaarj_nzoth_yogg_4013309906771439_Mis_IV_ME_DS,45128,73.54%,
2T,AR_EC_VF_nzoth_yogg_cthun_3132875903204847_Mis_IV_DR_DS,45128,73.53%,
2T,AR_EC_VF_nzoth_yogg_cthun_3132875903720943_IN_AM_DR_DS,45127,73.53%,
2T,AR_SW_VF_yshaarj_nzoth_yogg_4013438688157183_IN_AM_DR,45127,73.53%,
2T,AR_EC_VF_yshaarj_nzoth_yogg_4013309906247167_Mis_IV_DR_DS,45126,73.52%,
2T,VW_DH_VW_VF_nzoth_yogg_cthun_3133363524525551_Mis_AM_ME_DS,45122,73.51%,
2T,AR_EC_VF_yshaarj_nzoth_yogg_4013318429072895_IN_IV_ME_DS,45122,73.51%,
2T,AR_EC_VF_yshaarj_nzoth_yogg_4013309906255343_IN_IV_ME_DS,45120,73.50%,
2T,AR_SW_VF_yshaarj_nzoth_yogg_4013447345200623_IN_AM_DR_DS,45119,73.50%,
2T,AR_SP_VF_yshaarj_nzoth_yogg_4013576194219503_Mis_AM_ME,45118,73.50%,
2T,AR_SW_VF_yshaarj_nzoth_yogg_3977567121309167_Mis_IV_ME,45117,73.49%,
2T,AR_EC_VF_nzoth_yogg_cthun_3132858790960623_Mis_AM_DR,45117,73.49%,
2T,AR_SP_VF_nzoth_yogg_cthun_3132858723851775_IN_AM_DR,45117,73.49%,
2T,AR_SP_VF_nzoth_yogg_cthun_3132859797069311_Mis_IV_ME,45116,73.49%,
2T,AR_SP_VF_nzoth_yogg_cthun_3169159786921455_Mis_IV_DR_DS,45115,73.48%,
2T,VW_DH_TV_VF_yshaarj_nzoth_cthun_3696297371820013_IN_IV_DR,45113,73.48%,
2T,AR_SP_VF_nzoth_yogg_cthun_3132859864178159_Mis_AM_DR,45113,73.48%,
2T,AR_SP_VF_yshaarj_nzoth_yogg_4013851005017599_IN_AM_DR,45113,73.48%,
2T,AR_EC_VF_nzoth_yogg_cthun_3132875903720943_IN_AM_ME_DS,45112,73.47%,
2T,AR_SW_VF_nzoth_yogg_cthun_3132875903196671_IN_IV_ME_DS,45112,73.47%,
2T,AR_EC_VF_nzoth_yogg_cthun_3132859797593583_Mis_AM_DR,45111,73.47%,
2T,AR_EC_VF_nzoth_yogg_cthun_3132858723851775_Mis_IV_ME,45111,73.47%,
2T,VW_DH_VW_VF_nzoth_yogg_cthun_3132942618254831_Mis_AM_DR_DS,45111,73.47%,
2T,VW_DH_VW_VF_yshaarj_nzoth_yogg_4049515482243053_IN_AM_DR,45111,73.47%,
2T,AR_SW_VF_nzoth_yogg_cthun_3132867313270255_IN_AM_ME,45110,73.47%,
2T,VW_DH_TV_VF_yshaarj_nzoth_yogg_4049522998435327_Mis_AM_ME_DS,45108,73.46%,
2T,AR_EC_VF_yshaarj_nzoth_yogg_4013318496181743_IN_AM_ME_DS,45108,73.46%,
2T,AR_SW_VF_yshaarj_nzoth_yogg_4013447278091775_Mis_IV_DR_DS,45107,73.45%,
2T,VW_DH_VW_VF_yshaarj_nzoth_yogg_3977634909577197_IN_AM_ME,45105,73.45%,
2T,VW_DH_TV_VF_yshaarj_nzoth_yogg_3979696493879277_IN_IV_ME,45104,73.44%,
2T,AR_EC_VF_yshaarj_nzoth_yogg_4013318429081071_IN_AM_DR_DS,45101,73.43%,
2T,AR_SW_VF_yshaarj_nzoth_yogg_4013302322945535_IN_AM_DR,45101,73.43%,
2T,AR_SW_VF_yshaarj_nzoth_yogg_3977567121300991_IN_AM_DR,45101,73.43%,
2T,AR_SP_VF_yshaarj_nzoth_yogg_4013301249211903_IN_IV_ME,45098,73.42%,
2T,AR_SW_VF_yshaarj_nzoth_yogg_4014400760839663_Mis_AM_DR,45098,73.42%,
2T,AR_SW_VF_yshaarj_nzoth_yogg_4013302323469807_IN_AM_DR,45097,73.42%,
2T,VW_DH_TV_VF_yshaarj_nzoth_yogg_3977513577274863_Mis_AM_ME_DS,45096,73.41%,
2T,VW_DH_VW_VF_nzoth_yogg_cthun_3132806253043183_Mis_AM_DR_DS,45096,73.41%,
2T,AR_SP_VF_yshaarj_nzoth_yogg_4013576127110655_Mis_IV_ME,45095,73.41%,
2T,AR_SP_VF_nzoth_yogg_cthun_3132875903720943_Mis_IV_DR_DS,45094,73.40%,
2T,AR_SW_VF_yshaarj_nzoth_yogg_4013309906255343_IN_IV_DR_DS,45092,73.40%,
2T,AR_EC_VF_yshaarj_nzoth_yogg_4013310979988975_IN_AM_DR_DS,45091,73.39%,
2T,AR_SW_VF_yshaarj_nzoth_yogg_4013309906771439_IN_IV_DR_DS,45090,73.39%,
2T,AR_SP_VF_yshaarj_nzoth_yogg_4013302323469807_Mis_AM_DR,45090,73.39%,
2T,VW_DH_VW_VF_yshaarj_nzoth_yogg_3977499618107373_IN_IV_DR,45088,73.38%,
2T,AR_SP_VF_nzoth_yogg_cthun_3169159786913279_IN_IV_DR_DS,45088,73.38%,
2T,AR_SW_VF_yshaarj_nzoth_yogg_4013576127634927_IN_AM_DR,45088,73.38%,
2T,AR_EC_VF_nzoth_yogg_cthun_3169159786913279_Mis_IV_DR_DS,45087,73.38%,
2T,AR_SW_VF_yshaarj_nzoth_yogg_4014409417874927_Mis_IV_ME_DS,45085,73.37%,
2T,VW_DH_VW_VF_yshaarj_nzoth_yogg_3977514650492909_IN_IV_DR_DS,45085,73.37%,
2T,AR_EC_VF_yshaarj_nzoth_yogg_4013302323469807_IN_AM_ME,45085,73.37%,
2T,VW_DH_VW_VF_nzoth_yogg_cthun_3132807326260735_Mis_IV_DR_DS,45084,73.37%,
2T,AR_SP_VF_nzoth_yogg_cthun_3169151264087535_IN_AM_ME,45083,73.36%,
2T,AR_EC_VF_nzoth_yogg_cthun_3169151197502959_IN_AM_DR,45082,73.36%,
2T,AR_EC_VF_nzoth_yogg_cthun_3132858790444527_Mis_AM_ME,45082,73.36%,
2T,AR_SP_VF_yshaarj_nzoth_yogg_4013318429081071_Mis_IV_ME_DS,45082,73.36%,
2T,AR_SW_VF_nzoth_yogg_cthun_3169159786921455_IN_IV_DR_DS,45082,73.36%,
2T,VW_DH_VW_VF_yshaarj_nzoth_yogg_3977497471148013_IN_IV_DR,45081,73.35%,
2T,VW_DH_VW_VF_nzoth_yogg_cthun_3132942618254831_Mis_AM_ME_DS,45080,73.35%,
2T,VW_DH_VW_VF_nzoth_yogg_cthun_3135004202032639_Mis_AM_DR_DS,45079,73.34%,
2T,AR_EC_VF_yshaarj_nzoth_yogg_4013309839670767_Mis_IV_DR_DS,45079,73.34%,
2T,AR_SW_VF_yshaarj_nzoth_yogg_4014400760831487_IN_AM_ME,45076,73.34%,
2T,AR_EC_VF_yshaarj_nzoth_yogg_4013576127110655_IN_AM_DR,45073,73.32%,
2T,AR_SP_VF_yshaarj_nzoth_yogg_4013309906255343_IN_IV_ME_DS,45070,73.31%,
2T,AR_SP_VF_nzoth_yogg_cthun_3169159787437551_IN_IV_ME_DS,45070,73.31%,
2T,VW_DH_VW_VF_nzoth_yogg_cthun_3135004202032639_Mis_AM_ME_DS,45070,73.31%,
2T,AR_SP_VF_yshaarj_nzoth_yogg_4013302390054383_Mis_AM_ME,45069,73.31%,
2T,AR_EC_VF_nzoth_yogg_cthun_3132875903720943_Mis_IV_DR_DS,45068,73.31%,
2T,VW_DH_TV_VF_nzoth_yogg_cthun_3132806253043183_Mis_AM_DR_DS,45067,73.30%,
2T,AR_SP_VF_nzoth_yogg_cthun_3132875970305519_IN_AM_DR_DS,45066,73.30%,
2T,AR_SP_VF_nzoth_yogg_cthun_3132858723859951_IN_AM_ME,45063,73.28%,
2T,AR_SP_VF_yshaarj_nzoth_yogg_4013301249736175_IN_AM_DR,45062,73.28%,
2T,AR_SP_VF_nzoth_yogg_cthun_3169151196986863_IN_AM_DR,45062,73.28%,
2T,AR_SW_VF_yshaarj_nzoth_yogg_4013447278099951_Mis_IV_ME_DS,45060,73.27%,
2T,AR_EC_VF_yshaarj_yogg_cthun_1988688025607679_Mis_IV_DR,45060,73.27%,
2T,AR_SW_VF_yshaarj_nzoth_yogg_4013851005025775_IN_AM_DR,45059,73.27%,
2T,AR_SW_VF_nzoth_yogg_cthun_3132859864178159_Mis_AM_DR,45056,73.26%,
2T,AR_SP_VF_yshaarj_nzoth_yogg_3977567188409839_Mis_AM_DR,45056,73.26%,
2T,AR_SP_VF_yshaarj_nzoth_yogg_4013301249211903_Mis_IV_ME,45055,73.25%,
2T,AR_SP_VF_yshaarj_nzoth_yogg_4013301316836847_IN_AM_ME,45053,73.25%,
2T,VW_DH_VW_VF_yshaarj_nzoth_cthun_3696298445561837_IN_AM_ME,45052,73.24%,
2T,AR_SP_VF_yshaarj_nzoth_yogg_4013318429081071_IN_IV_ME_DS,45051,73.24%,
2T,AR_SW_VF_nzoth_yogg_cthun_3132859864178159_Mis_AM_ME,45050,73.23%,
2T,AR_SW_VF_nzoth_yogg_cthun_3169151197502959_IN_AM_DR,45048,73.23%,
2T,VW_DH_VW_VF_yshaarj_nzoth_yogg_3977635983319021_IN_IV_ME,45048,73.23%,
2T,AR_EC_VF_nzoth_yogg_cthun_3132858723335679_Mis_IV_ME,45045,73.22%,
2T,AR_SW_VF_nzoth_yogg_cthun_3132867313270255_Mis_IV_ME,45044,73.21%,
2T,AR_SW_VF_nzoth_yogg_cthun_3132867313786351_IN_AM_ME,45044,73.21%,
2T,AR_SP_VF_yshaarj_nzoth_yogg_4013851005541871_Mis_AM_DR,45043,73.21%,
2T,AR_EC_VF_yshaarj_nzoth_yogg_4013301249736175_IN_AM_ME,45042,73.20%,
2T,VW_DH_VW_VF_yshaarj_nzoth_yogg_4049515482243053_IN_AM_ME,45042,73.20%,
2T,AR_SP_VF_nzoth_yogg_cthun_3169159786921455_IN_IV_ME_DS,45042,73.20%,
2T,AR_SW_VF_yshaarj_nzoth_yogg_4013576194219503_IN_AM_ME,45040,73.20%,
2T,AR_SP_VF_yshaarj_nzoth_yogg_4013318429072895_Mis_IV_DR_DS,45039,73.19%,
2T,AR_SP_VF_yshaarj_nzoth_yogg_4013576194219503_IN_AM_ME,45039,73.19%,
2T,AR_SW_VF_nzoth_yogg_cthun_3169151264087535_IN_AM_ME,45038,73.19%,
2T,AR_SP_VF_nzoth_yogg_cthun_3169151196978687_Mis_IV_ME,45035,73.18%,
2T,AR_SW_VF_yshaarj_nzoth_yogg_4013576127110655_Mis_IV_DR,45035,73.18%,
2T,AR_SW_VF_yshaarj_nzoth_yogg_4013851005017599_IN_AM_DR,45033,73.17%,
2T,AR_SW_VF_nzoth_yogg_cthun_3132867313270255_IN_AM_DR,45031,73.16%,
2T,AR_SW_VF_yshaarj_nzoth_yogg_4014409350766079_IN_IV_DR_DS,45030,73.16%,
2T,AR_SW_VF_yshaarj_nzoth_yogg_4013301249211903_IN_IV_ME,45030,73.16%,
2T,AR_SP_VF_yshaarj_yogg_cthun_2043251357244911_IN_IV_DR,45029,73.15%,
2T,AR_SW_VF_nzoth_yogg_cthun_3132858723851775_Mis_IV_ME,45024,73.14%,
2T,VW_DH_TV_VF_nzoth_yogg_cthun_3132813835820527_Mis_AM_ME_DS,45024,73.13%,
2T,AR_EC_VF_yshaarj_nzoth_yogg_4013302322953711_IN_AM_ME,45023,73.13%,
2T,AR_EC_VF_yshaarj_nzoth_yogg_4013584717053423_Mis_IV_DR_DS,45022,73.13%,
2T,AR_SW_VF_nzoth_yogg_cthun_3132867313270255_Mis_IV_DR,45022,73.13%,
2T,AR_SW_VF_yshaarj_nzoth_yogg_4013309906771439_Mis_IV_DR_DS,45022,73.13%,
2T,AR_EC_VF_nzoth_yogg_cthun_3132867313262079_Mis_IV_DR,45019,73.11%,
2T,AR_SW_VF_yshaarj_nzoth_yogg_4013851005541871_IN_AM_DR,45015,73.10%,
2T,VW_DH_VW_VF_nzoth_yogg_cthun_3132808400002543_Mis_AM_ME_DS,45014,73.09%,
2T,AR_EC_VF_nzoth_yogg_cthun_3169151196986863_Mis_AM_DR,45011,73.09%,
2T,AR_EC_VF_nzoth_yogg_cthun_3169159787437551_Mis_IV_ME_DS,45010,73.08%,
2T,AR_SP_VF_yshaarj_nzoth_yogg_4013576127634927_IN_AM_DR,45010,73.08%,
2T,AR_SP_VF_nzoth_yogg_cthun_3132867313270255_IN_AM_ME,45008,73.07%,
2T,AR_SP_VF_nzoth_yogg_cthun_3132858723851775_Mis_IV_DR,45005,73.06%,
2T,VW_DH_VW_VF_yshaarj_nzoth_yogg_3977773422272493_IN_IV_DR,45003,73.05%,
2T,AR_EC_VF_nzoth_yogg_cthun_3169151197502959_IN_AM_ME,45002,73.05%,
2T,VW_DH_VW_VF_nzoth_yogg_cthun_3132876045737965_IN_AM_DR_DS,45001,73.05%,
2T,AR_SW_VF_yshaarj_nzoth_yogg_4013447278616047_IN_IV_ME_DS,45000,73.04%,
2T,AR_SP_VF_yshaarj_nzoth_yogg_4013310912888303_Mis_IV_DR_DS,45000,73.04%,
2T,VW_DH_TV_VF_yshaarj_nzoth_yogg_3979696493879277_IN_IV_DR,44996,73.03%,
2T,VW_DH_TV_VF_nzoth_yogg_cthun_3132807326268911_Mis_AM_DR_DS,44995,73.02%,
2T,AR_SW_VF_yshaarj_nzoth_yogg_4013438688681455_IN_AM_ME,44995,73.02%,
2T,AR_SP_VF_yshaarj_nzoth_yogg_4013309906771439_IN_IV_ME_DS,44993,73.01%,
2T,AR_SP_VF_yshaarj_nzoth_yogg_4013576127110655_IN_IV_ME,44992,73.01%,
2T,AR_SW_VF_yshaarj_nzoth_yogg_4013310174682607_Mis_AM_DR_DS,44992,73.01%,
2T,AR_EC_VF_nzoth_yogg_cthun_3132867380370927_Mis_AM_ME,44990,73.01%,
2T,AR_SP_VF_nzoth_yogg_cthun_3132859058871791_Mis_AM_ME,44989,73.00%,
2T,AR_SW_VF_yshaarj_nzoth_yogg_4013310913404399_Mis_IV_DR_DS,44987,72.99%,
2T,AR_EC_VF_yshaarj_nzoth_yogg_4014409417874927_Mis_AM_ME_DS,44986,72.99%,
2T,AR_SW_VF_yshaarj_nzoth_yogg_4014409351290351_Mis_IV_DR_DS,44986,72.99%,
2T,AR_SW_VF_yshaarj_nzoth_yogg_4013310913404399_IN_IV_DR_DS,44986,72.99%,
2T,AR_EC_VF_nzoth_yogg_cthun_3169159854022127_Mis_AM_DR_DS,44985,72.98%,
2T,VW_DH_VW_VF_yshaarj_nzoth_yogg_3977497471148013_IN_IV_ME,44984,72.98%,
2T,VW_DH_TV_VF_nzoth_yogg_cthun_3132942618254831_Mis_AM_ME_DS,44983,72.98%,
2T,AR_EC_VF_nzoth_yogg_cthun_3132858723335679_IN_AM_ME,44983,72.98%,
2T,AR_EC_VF_yshaarj_yogg_cthun_1971370784579055_Mis_IV_DR,44983,72.98%,
2T,AR_SW_VF_yshaarj_nzoth_yogg_4013447278616047_Mis_IV_ME_DS,44982,72.97%,
2T,AR_SP_VF_yshaarj_nzoth_yogg_4013584784154095_IN_IV_ME_DS,44982,72.97%,
2T,VW_DH_TV_VF_nzoth_yogg_cthun_3132807393369583_Mis_AM_DR_DS,44981,72.97%,
2T,AR_EC_VF_nzoth_yogg_cthun_3169151196986863_Mis_AM_ME,44981,72.97%,
2T,AR_EC_VF_nzoth_yogg_cthun_3169151197502959_Mis_AM_ME,44979,72.96%,
2T,AR_SW_VF_yshaarj_nzoth_yogg_4013447278091775_IN_IV_DR_DS,44979,72.96%,
2T,AR_EC_VF_nzoth_yogg_cthun_3132867380370927_Mis_AM_DR,44976,72.95%,
2T,AR_SW_VF_yshaarj_nzoth_yogg_4013438688165359_IN_AM_ME,44976,72.95%,
2T,AR_SP_VF_yshaarj_nzoth_yogg_4014409350766079_Mis_IV_DR_DS,44975,72.95%,
2T,VW_DH_TV_VF_nzoth_yogg_cthun_3134996685840365_IN_IV_ME,44975,72.95%,
2T,AR_SP_VF_nzoth_yogg_cthun_3132858790436351_Mis_IV_ME,44974,72.94%,
2T,AR_SW_VF_yshaarj_nzoth_yogg_4013310174682607_IN_AM_DR_DS,44973,72.94%,
2T,AR_EC_VF_nzoth_yogg_cthun_3169159854022127_Mis_AM_ME_DS,44971,72.93%,
2T,AR_EC_VF_yshaarj_nzoth_yogg_4013447278091775_IN_IV_ME_DS,44968,72.92%,
2T,AR_SP_VF_yshaarj_nzoth_yogg_4014409350766079_IN_IV_ME_DS,44968,72.92%,
2T,AR_SP_VF_yshaarj_nzoth_yogg_4014409417874927_IN_AM_ME_DS,44966,72.91%,
2T,AR_SW_VF_yshaarj_nzoth_yogg_4013851005025775_Mis_AM_DR,44964,72.90%,
2T,AR_EC_VF_yshaarj_yogg_cthun_1972332857253359_IN_IV_DR,44963,72.90%,
2T,AR_EC_VF_yshaarj_nzoth_yogg_4013851005017599_IN_AM_ME,44962,72.90%,
2T,VW_DH_VW_VF_yshaarj_nzoth_yogg_3977772348530669_IN_AM_DR,44962,72.90%,
2T,VW_DH_VW_VF_nzoth_yogg_cthun_3132942617730559_Mis_AM_ME_DS,44961,72.89%,
2T,AR_SW_VF_yshaarj_nzoth_yogg_4013851072126447_IN_AM_ME,44961,72.89%,
2T,AR_SP_VF_nzoth_yogg_cthun_3132859864178159_Mis_AM_ME,44961,72.89%,
2T,AR_SP_VF_nzoth_yogg_cthun_3132875970305519_IN_AM_ME_DS,44960,72.89%,
2T,AR_EC_VF_yshaarj_nzoth_yogg_3977567121309167_Mis_AM_DR,44959,72.89%,
2T,AR_EC_VF_yshaarj_nzoth_yogg_4013584717569519_IN_IV_DR_DS,44957,72.88%,
2T,AR_SP_VF_yshaarj_nzoth_yogg_4014409351290351_Mis_IV_ME_DS,44957,72.88%,
2T,VW_DH_TV_VF_yshaarj_nzoth_cthun_3696297371820013_IN_IV_ME,44956,72.87%,
2T,AR_EC_VF_yshaarj_nzoth_yogg_4013584717053423_IN_IV_ME_DS,44956,72.87%,
2T,AR_SW_VF_nzoth_yogg_cthun_3132859797069311_Mis_IV_ME,44953,72.86%,
2T,AR_EC_VF_yshaarj_nzoth_yogg_4013584784154095_Mis_IV_ME_DS,44951,72.85%,
2T,AR_SW_VF_yshaarj_nzoth_yogg_4013302323469807_Mis_AM_DR,44950,72.85%,
2T,AR_EC_VF_nzoth_yogg_cthun_3132867313262079_IN_AM_ME,44949,72.85%,
2T,VW_DH_VW_VF_nzoth_yogg_cthun_3132806252518911_Mis_AM_ME_DS,44946,72.83%,
2T,AR_SW_VF_nzoth_yogg_cthun_3132875903196671_IN_IV_DR_DS,44945,72.83%,
2T,AR_SW_VF_nzoth_yogg_cthun_3169151264087535_Mis_AM_ME,44944,72.83%,
2T,AR_EC_VF_nzoth_yogg_cthun_3132867313262079_Mis_IV_ME,44944,72.83%,
2T,VW_DH_VW_VF_nzoth_yogg_cthun_3132798736326143_Mis_AM_DR,44942,72.82%,
2T,AR_SP_VF_nzoth_yogg_cthun_3132858723335679_Mis_IV_DR,44941,72.82%,
2T,AR_EC_VF_yshaarj_nzoth_yogg_4013576127634927_Mis_AM_ME,44940,72.81%,
2T,AR_EC_VF_nzoth_yogg_cthun_3169151196986863_IN_AM_ME,44939,72.81%,
2T,VW_DH_VW_VF_nzoth_yogg_cthun_3132813835820527_Mis_AM_DR_DS,44939,72.81%,
2T,VW_DH_VW_VF_yshaarj_nzoth_yogg_3977772348530669_IN_AM_ME,44937,72.80%,
2T,AR_SW_VF_nzoth_yogg_cthun_3132858723851775_IN_AM_DR,44935,72.79%,
2T,AR_SP_VF_yshaarj_yogg_cthun_1988688092716527_Mis_IV_ME,44932,72.78%,
2T,AR_SW_VF_yshaarj_nzoth_yogg_4013302322945535_Mis_IV_ME,44931,72.78%,
2T,AR_EC_VF_yshaarj_nzoth_yogg_4013318429072895_Mis_IV_ME_DS,44930,72.77%,
2T,AR_SP_VF_yshaarj_nzoth_yogg_4013318496181743_Mis_AM_DR_DS,44926,72.76%,
2T,VW_DH_TV_VF_yshaarj_nzoth_yogg_4049522998959599_Mis_AM_ME_DS,44920,72.73%,
2T,AR_SW_VF_nzoth_yogg_cthun_3169159787437551_IN_IV_ME_DS,44920,72.73%,
2T,AR_SP_VF_yshaarj_nzoth_yogg_4013309906771439_Mis_IV_ME_DS,44918,72.73%,
2T,AR_SP_VF_yshaarj_nzoth_yogg_4013310174682607_Mis_AM_DR_DS,44917,72.72%,
2T,AR_EC_VF_yshaarj_nzoth_yogg_4013447278616047_Mis_AM_ME_DS,44917,72.72%,
2T,AR_SW_VF_yshaarj_nzoth_yogg_4013301249211903_Mis_IV_DR,44915,72.72%,
2T,AR_SW_VF_nzoth_yogg_cthun_3169159854022127_IN_AM_DR_DS,44915,72.72%,
2T,AR_SW_VF_yshaarj_nzoth_yogg_4013310912888303_IN_IV_DR_DS,44914,72.71%,
2T,AR_SP_VF_nzoth_yogg_cthun_3169151196978687_IN_IV_ME,44911,72.70%,
2T,AR_EC_VF_yshaarj_nzoth_yogg_4013447278616047_Mis_AM_DR_DS,44910,72.70%,
2T,VW_DH_VW_VF_yshaarj_nzoth_yogg_4049531588370413_IN_IV_DR_DS,44910,72.69%,
2T,AR_EC_VF_nzoth_yogg_cthun_3132859797077487_Mis_AM_DR,44905,72.68%,
2T,AR_SP_VF_nzoth_yogg_cthun_3132996162289135_Mis_AM_ME,44905,72.68%,
2T,AR_SP_VF_yshaarj_nzoth_yogg_4013318429597167_IN_IV_ME_DS,44903,72.67%,
2T,AR_EC_VF_yshaarj_nzoth_yogg_4013447278099951_Mis_AM_DR_DS,44903,72.67%,
2T,VW_DH_TV_VF_yshaarj_nzoth_yogg_3977772348530669_IN_IV_ME,44902,72.67%,
2T,AR_SW_VF_nzoth_yogg_cthun_3132875970305519_Mis_IV_ME_DS,44902,72.66%,
2T,AR_SP_VF_yshaarj_nzoth_yogg_4014400761355759_Mis_AM_ME,44898,72.65%,
2T,AR_SW_VF_yshaarj_nzoth_yogg_4013302322953711_Mis_AM_DR,44897,72.64%,
2T,AR_SW_VF_yshaarj_nzoth_yogg_4013447345200623_Mis_AM_ME_DS,44895,72.64%,
2T,AR_EC_VF_yshaarj_nzoth_yogg_4013302322953711_Mis_AM_ME,44895,72.64%,
2T,AR_EC_VF_yshaarj_nzoth_yogg_4013310174682607_Mis_AM_ME_DS,44894,72.63%,
2T,AR_SW_VF_yshaarj_nzoth_yogg_4014409351290351_IN_AM_DR_DS,44892,72.63%,
2T,AR_SP_VF_yshaarj_nzoth_yogg_4013310912880127_IN_IV_DR_DS,44891,72.62%,
2T,AR_SP_VF_yshaarj_nzoth_yogg_4013301316320751_IN_AM_ME,44890,72.62%,
2T,AR_SW_VF_yshaarj_nzoth_yogg_4013851005017599_Mis_IV_ME,44890,72.62%,
2T,AR_SP_VF_yshaarj_nzoth_yogg_4013301316320751_Mis_AM_ME,44889,72.61%,
2T,AR_SW_VF_nzoth_yogg_cthun_3132859058871791_Mis_AM_ME,44888,72.61%,
2T,VW_DH_VW_VF_nzoth_yogg_cthun_3132813835820527_Mis_AM_ME_DS,44888,72.61%,
2T,AR_SW_VF_nzoth_yogg_cthun_3169159854022127_Mis_AM_DR_DS,44887,72.61%,
2T,AR_SP_VF_yshaarj_nzoth_yogg_4013438688157183_Mis_AM_ME,44886,72.61%,
2T,AR_EC_VF_yshaarj_nzoth_yogg_4013310912880127_IN_IV_DR_DS,44886,72.60%,
2T,AR_EC_VF_yshaarj_nzoth_yogg_4014409350766079_Mis_IV_DR_DS,44885,72.60%,
2T,AR_SP_VF_nzoth_yogg_cthun_3169159786921455_Mis_IV_ME_DS,44885,72.60%,
2T,AR_SW_VF_nzoth_yogg_cthun_3169151196986863_IN_AM_DR,44885,72.60%,
2T,VW_DH_VW_VF_nzoth_yogg_cthun_3132798736850415_Mis_AM_DR,44883,72.59%,
2T,VW_DH_VW_VF_yshaarj_nzoth_yogg_3977498544373741_IN_IV_DR,44883,72.59%,
2T,AR_SW_VF_yshaarj_nzoth_yogg_3977567121300991_Mis_IV_DR,44882,72.59%,
2T,AR_SW_VF_nzoth_yogg_cthun_3132875903720943_Mis_IV_DR_DS,44881,72.59%,
2T,VW_DH_VW_VF_yshaarj_nzoth_yogg_3977513576759277_IN_IV_DR_DS,44881,72.59%,
2T,AR_EC_VF_yshaarj_nzoth_yogg_4013576127634927_IN_AM_ME,44881,72.59%,
2T,AR_SP_VF_yshaarj_nzoth_yogg_4013310979988975_Mis_IV_ME_DS,44881,72.58%,
2T,AR_SW_VF_yshaarj_nzoth_yogg_4013309906771439_Mis_IV_ME_DS,44881,72.58%,
2T,AR_SW_VF_yshaarj_nzoth_yogg_4013576127118831_IN_AM_DR,44877,72.57%,
2T,AR_EC_VF_yshaarj_nzoth_yogg_4013302323469807_Mis_AM_ME,44876,72.56%,
2T,AR_SP_VF_yshaarj_yogg_cthun_1988688025615855_Mis_IV_DR,44875,72.56%,
2T,AR_EC_VF_yshaarj_nzoth_yogg_4013851005025775_Mis_AM_ME,44875,72.56%,
2T,VW_DH_TV_VF_nzoth_yogg_cthun_3132798736850415_Mis_AM_ME,44875,72.56%,
2T,AR_SP_VF_yshaarj_nzoth_yogg_4013318429072895_IN_IV_DR_DS,44875,72.56%,
2T,AR_SP_VF_yshaarj_nzoth_yogg_4013447345200623_Mis_AM_ME_DS,44872,72.55%,
2T,AR_SW_VF_nzoth_yogg_cthun_3132996162289135_Mis_AM_ME,44871,72.55%,
2T,AR_EC_VF_nzoth_yogg_cthun_3132875903720943_Mis_IV_ME_DS,44871,72.55%,
2T,AR_EC_VF_nzoth_yogg_cthun_3132875903204847_IN_AM_DR_DS,44868,72.54%,
2T,AR_SP_VF_yshaarj_nzoth_yogg_4013851005025775_Mis_AM_DR,44868,72.53%,
2T,AR_EC_VF_yshaarj_yogg_cthun_1988688025615855_IN_IV_DR,44865,72.52%,
2T,VW_DH_TV_VF_nzoth_yogg_cthun_3132813768719855_Mis_AM_ME_DS,44865,72.52%,
2T,AR_SW_VF_yshaarj_nzoth_yogg_4013301316836847_Mis_AM_ME,44863,72.52%,
2T,AR_EC_VF_nzoth_yogg_cthun_3169159854022127_IN_AM_ME_DS,44863,72.52%,
2T,AR_SW_VF_nzoth_yogg_cthun_3132996162805231_Mis_AM_ME,44863,72.52%,
2T,AR_SW_VF_nzoth_yogg_cthun_3132858723851775_Mis_IV_DR,44862,72.51%,
2T,AR_SP_VF_nzoth_yogg_cthun_3132996162280959_Mis_AM_DR,44861,72.51%,
2T,AR_SW_VF_yshaarj_nzoth_yogg_4013318496181743_Mis_AM_DR_DS,44860,72.50%,
2T,AR_SW_VF_nzoth_yogg_cthun_3169151197502959_Mis_AM_DR,44859,72.50%,
2T,AR_SP_VF_yshaarj_nzoth_yogg_4013309906247167_IN_IV_DR_DS,44859,72.50%,
2T,AR_SP_VF_yshaarj_nzoth_yogg_4013584717053423_IN_IV_DR_DS,44858,72.50%,
2T,AR_SP_VF_yshaarj_nzoth_yogg_4013301316312575_Mis_AM_DR,44855,72.49%,
2T,AR_EC_VF_yshaarj_nzoth_yogg_4013310913404399_Mis_IV_ME_DS,44854,72.48%,
2T,VW_DH_VW_VF_nzoth_yogg_cthun_3135004202556911_Mis_AM_ME_DS,44854,72.48%,
2T,AR_SP_VF_yshaarj_nzoth_yogg_4013584784154095_Mis_IV_ME_DS,44853,72.48%,
2T,AR_SP_VF_nzoth_yogg_cthun_3169151264087535_Mis_AM_ME,44853,72.48%,
2T,AR_EC_VF_yshaarj_nzoth_yogg_4013318429597167_Mis_AM_DR_DS,44853,72.48%,
2T,AR_SW_VF_yshaarj_nzoth_yogg_4013576194219503_Mis_AM_ME,44852,72.47%,
2T,AR_SW_VF_nzoth_yogg_cthun_3132858723335679_Mis_IV_DR,44852,72.47%,
2T,AR_EC_VF_yshaarj_nzoth_yogg_4013851005541871_Mis_AM_ME,44851,72.47%,
2T,AR_SP_VF_nzoth_yogg_cthun_3132858723851775_IN_AM_ME,44851,72.47%,
2T,AR_SP_VF_yshaarj_nzoth_yogg_4014409351290351_IN_AM_DR_DS,44844,72.44%,
2T,VW_DH_VW_VF_yshaarj_nzoth_cthun_3768322899632109_IN_IV_ME_DS,44844,72.44%,
2T,VW_DH_TV_VF_nzoth_yogg_cthun_3132798736326143_Mis_AM_DR,44844,72.44%,
2T,AR_SW_VF_yshaarj_nzoth_yogg_4013576127110655_Mis_IV_ME,44844,72.44%,
2T,AR_EC_VF_yshaarj_nzoth_yogg_4013309906771439_IN_AM_DR_DS,44842,72.43%,
2T,AR_EC_VF_yshaarj_nzoth_yogg_4013447278091775_Mis_IV_ME_DS,44842,72.43%,
2T,AR_SW_VF_yshaarj_nzoth_yogg_4013302390054383_IN_AM_ME,44841,72.43%,
2T,VW_DH_VW_VF_yshaarj_nzoth_yogg_4049516555984877_IN_IV_DR,44840,72.43%,
2T,AR_EC_VF_nzoth_yogg_cthun_3132858790436351_Mis_AM_DR,44837,72.42%,
2T,AR_SW_VF_yshaarj_nzoth_yogg_4013302390054383_Mis_AM_ME,44837,72.41%,
2T,AR_SW_VF_nzoth_yogg_cthun_3132875903204847_IN_AM_DR_DS,44836,72.41%,
2T,AR_SW_VF_nzoth_yogg_cthun_3169159787437551_Mis_IV_ME_DS,44836,72.41%,
2T,AR_EC_VF_nzoth_yogg_cthun_3132996162280959_Mis_AM_ME,44832,72.40%,
2T,AR_SW_VF_yshaarj_nzoth_yogg_4014409351290351_Mis_IV_ME_DS,44832,72.40%,
2T,AR_SW_VF_yshaarj_yogg_cthun_2043251357244911_IN_IV_DR,44831,72.39%,
2T,AR_EC_VF_yshaarj_nzoth_yogg_4014409350766079_IN_AM_DR_DS,44831,72.39%,
2T,AR_SP_VF_nzoth_yogg_cthun_3169159786913279_Mis_IV_DR_DS,44827,72.38%,
2T,VW_DH_VW_VF_yshaarj_nzoth_yogg_3977788454658029_IN_IV_ME_DS,44825,72.37%,
2T,AR_SW_VF_nzoth_yogg_cthun_3132875903720943_Mis_IV_ME_DS,44823,72.36%,
2T,AR_EC_VF_yshaarj_nzoth_yogg_4013310912880127_Mis_IV_DR_DS,44822,72.36%,
2T,AR_SW_VF_yshaarj_nzoth_yogg_4013301316320751_Mis_AM_ME,44821,72.35%,
2T,VW_DH_VW_VF_nzoth_yogg_cthun_3132806253043183_Mis_AM_ME_DS,44818,72.34%,
2T,AR_SW_VF_yshaarj_nzoth_yogg_4013310912888303_Mis_IV_DR_DS,44817,72.34%,
2T,AR_SP_VF_yshaarj_nzoth_yogg_4014400760831487_Mis_AM_DR,44815,72.33%,
2T,AR_SW_VF_yshaarj_yogg_cthun_1988688092716527_IN_IV_DR,44815,72.33%,
2T,AR_EC_VF_yshaarj_nzoth_yogg_4013301316312575_Mis_AM_ME,44813,72.32%,
2T,AR_SP_VF_yshaarj_yogg_cthun_1988688092716527_Mis_AM_DR,44812,72.32%,
2T,AR_SW_VF_nzoth_yogg_cthun_3169159786913279_IN_IV_DR_DS,44812,72.32%,
2T,AR_SW_VF_yshaarj_nzoth_yogg_4013318429081071_IN_IV_ME_DS,44811,72.31%,
2T,AR_EC_VF_yshaarj_nzoth_yogg_3977567121825263_Mis_AM_ME,44810,72.31%,
2T,AR_SW_VF_yshaarj_nzoth_yogg_4013302322945535_IN_IV_ME,44810,72.31%,
2T,AR_SW_VF_nzoth_yogg_cthun_3132875903720943_IN_AM_DR_DS,44808,72.30%,
2T,AR_SW_VF_nzoth_yogg_cthun_3132875970305519_IN_AM_ME_DS,44808,72.30%,
2T,AR_SP_VF_yshaarj_nzoth_yogg_4014409350774255_Mis_IV_ME_DS,44804,72.29%,
2T,AR_EC_VF_yshaarj_nzoth_yogg_4013310174682607_IN_AM_ME_DS,44801,72.28%,
2T,AR_SP_VF_yshaarj_yogg_cthun_2043251357244911_Mis_IV_DR,44801,72.28%,
2T,VW_DH_VW_VF_yshaarj_nzoth_yogg_3977498544373741_IN_IV_ME,44800,72.27%,
2T,AR_SP_VF_yshaarj_nzoth_yogg_4013309906247167_Mis_IV_DR_DS,44800,72.27%,
2T,AR_SW_VF_yshaarj_nzoth_yogg_3977567188409839_Mis_AM_DR,44800,72.27%,
2T,AR_SW_VF_nzoth_yogg_cthun_3169159786921455_Mis_IV_ME_DS,44799,72.27%,
2T,AR_EC_VF_yshaarj_nzoth_yogg_4014400760831487_Mis_AM_ME,44798,72.27%,
2T,AR_EC_VF_yshaarj_yogg_cthun_1971370784579055_IN_IV_DR,44798,72.27%,
2T,VW_DH_VW_VF_nzoth_yogg_cthun_3132798736326143_Mis_AM_ME,44797,72.26%,
2T,AR_SP_VF_yshaarj_nzoth_yogg_4013310979988975_IN_AM_DR_DS,44797,72.26%,
2T,AR_SP_VF_nzoth_yogg_cthun_3169159787437551_Mis_IV_ME_DS,44797,72.26%,
2T,VW_DH_TV_VF_nzoth_yogg_cthun_3132806253043183_Mis_AM_ME_DS,44797,72.26%,
2T,AR_SW_VF_nzoth_yogg_cthun_3169151196978687_IN_IV_ME,44796,72.26%,
2T,AR_SW_VF_yshaarj_nzoth_yogg_4013576127110655_IN_IV_ME,44795,72.25%,
2T,AR_EC_VF_nzoth_yogg_cthun_3132859797077487_Mis_AM_ME,44795,72.25%,
2T,AR_EC_VF_yshaarj_nzoth_yogg_4013447278616047_IN_AM_DR_DS,44795,72.25%,
2T,AR_SW_VF_nzoth_yogg_cthun_3132858790960623_Mis_AM_DR,44794,72.25%,
2T,AR_EC_VF_yshaarj_nzoth_yogg_4013301249211903_IN_AM_ME,44794,72.25%,
2T,AR_EC_VF_yshaarj_nzoth_yogg_4013309839146495_IN_IV_DR_DS,44793,72.25%,
2T,AR_SW_VF_yshaarj_nzoth_yogg_4013851072126447_Mis_AM_ME,44793,72.25%,
2T,AR_SW_VF_yshaarj_yogg_cthun_1988688025615855_Mis_IV_DR,44790,72.24%,
2T,AR_SP_VF_nzoth_yogg_cthun_3169151197502959_Mis_AM_DR,44789,72.23%,
2T,AR_EC_VF_yshaarj_nzoth_yogg_4013301249736175_Mis_AM_ME,44789,72.23%,
2T,AR_EC_VF_yshaarj_nzoth_yogg_4013310913404399_IN_IV_ME_DS,44789,72.23%,
2T,AR_SP_VF_yshaarj_nzoth_yogg_4013447278091775_Mis_IV_ME_DS,44789,72.23%,
2T,AR_SP_VF_nzoth_yogg_cthun_3169151197502959_IN_AM_DR,44789,72.23%,
2T,VW_DH_VW_VF_yshaarj_nzoth_yogg_3977788454658029_IN_IV_DR_DS,44789,72.23%,
2T,AR_SP_VF_yshaarj_nzoth_yogg_4013301249727999_IN_IV_ME,44788,72.23%,
2T,AR_SP_VF_yshaarj_nzoth_yogg_4013301316836847_Mis_AM_ME,44786,72.22%,
2T,AR_SW_VF_yshaarj_nzoth_yogg_4013318496181743_IN_AM_DR_DS,44786,72.22%,
2T,AR_SP_VF_nzoth_yogg_cthun_3169159854022127_Mis_AM_DR_DS,44785,72.22%,
2T,VW_DH_VW_VF_nzoth_yogg_cthun_3132798736850415_Mis_AM_ME,44785,72.21%,
2T,AR_SP_VF_yshaarj_yogg_cthun_1988688025607679_Mis_IV_DR,44784,72.21%,
2T,AR_SW_VF_yshaarj_nzoth_yogg_4014409350774255_IN_AM_DR_DS,44784,72.21%,
2T,AR_SP_VF_nzoth_yogg_cthun_3132875903720943_IN_AM_DR_DS,44783,72.21%,
2T,AR_SW_VF_nzoth_yogg_cthun_3132858790960623_Mis_AM_ME,44782,72.20%,
2T,AR_EC_VF_yshaarj_nzoth_yogg_4014409351290351_IN_AM_ME_DS,44781,72.20%,
2T,AR_SW_VF_yshaarj_nzoth_yogg_4013318429597167_IN_IV_ME_DS,44781,72.20%,
2T,AR_EC_VF_yshaarj_yogg_cthun_1973432368881135_IN_IV_DR,44779,72.19%,
2T,VW_DH_VW_VF_yshaarj_nzoth_cthun_3696298445561837_IN_AM_DR,44779,72.19%,
2T,AR_SP_VF_yshaarj_nzoth_yogg_4013584717569519_Mis_IV_DR_DS,44779,72.19%,
2T,AR_SW_VF_yshaarj_nzoth_yogg_4013301249211903_Mis_IV_ME,44777,72.19%,
2T,AR_SW_VF_yshaarj_nzoth_yogg_4013584717569519_Mis_IV_DR_DS,44777,72.18%,
2T,VW_DH_VW_VF_yshaarj_nzoth_cthun_3768322899632109_IN_IV_DR_DS,44777,72.18%,
2T,AR_SW_VF_yshaarj_nzoth_yogg_4013318429597167_Mis_IV_ME_DS,44776,72.18%,
2T,AR_SP_VF_yshaarj_nzoth_yogg_4013301249727999_Mis_IV_ME,44775,72.18%,
2T,AR_EC_VF_yshaarj_yogg_cthun_1988688025607679_IN_IV_DR,44775,72.18%,
2T,AR_EC_VF_yshaarj_yogg_cthun_2043251290660335_Mis_IV_DR,44775,72.18%,
2T,AR_EC_VF_nzoth_yogg_cthun_3169159786913279_IN_IV_ME_DS,44775,72.18%,
2T,AR_SP_VF_yshaarj_nzoth_yogg_4013584717569519_IN_IV_DR_DS,44774,72.17%,
2T,AR_SW_VF_yshaarj_nzoth_yogg_4013309906255343_Mis_IV_ME_DS,44773,72.17%,
2T,AR_EC_VF_yshaarj_nzoth_yogg_4013309906247167_Mis_IV_ME_DS,44772,72.17%,
2T,AR_SW_VF_yshaarj_nzoth_yogg_4013851005541871_Mis_AM_DR,44770,72.16%,
2T,AR_SW_VF_yshaarj_nzoth_yogg_4013447278099951_IN_IV_ME_DS,44769,72.15%,
2T,AR_EC_VF_yshaarj_nzoth_yogg_4013309906247167_IN_IV_ME_DS,44768,72.15%,
2T,AR_SW_VF_yshaarj_nzoth_yogg_4013584717569519_IN_IV_DR_DS,44768,72.15%,
2T,AR_EC_VF_yshaarj_nzoth_yogg_4013302322945535_IN_AM_ME,44767,72.15%,
2T,AR_SP_VF_nzoth_yogg_cthun_3132858790444527_Mis_AM_DR,44765,72.14%,
2T,AR_SP_VF_nzoth_yogg_cthun_3132858790960623_Mis_AM_DR,44764,72.13%,
2T,VW_DH_VW_VF_yshaarj_nzoth_yogg_3977567263842285_Mis_IV_ME,44764,72.13%,
2T,AR_SW_VF_nzoth_yogg_cthun_3132996162280959_Mis_AM_DR,44762,72.13%,
2T,AR_SP_VF_yshaarj_nzoth_yogg_3977567188409839_Mis_AM_ME,44761,72.12%,
2T,AR_EC_VF_yshaarj_nzoth_yogg_4013309839146495_Mis_IV_DR_DS,44760,72.12%,
2T,AR_SW_VF_yshaarj_nzoth_yogg_4013301316312575_IN_AM_DR,44759,72.12%,
2T,AR_SP_VF_nzoth_yogg_cthun_3169159854022127_IN_AM_DR_DS,44759,72.12%,
2T,AR_SW_VF_yshaarj_nzoth_yogg_4013318429081071_Mis_IV_ME_DS,44759,72.11%,
2T,AR_EC_VF_yshaarj_nzoth_yogg_4013310979988975_Mis_AM_DR_DS,44757,72.11%,
2T,AR_SW_VF_yshaarj_nzoth_yogg_4013301249727999_IN_IV_ME,44757,72.11%,
2T,AR_SP_VF_yshaarj_nzoth_yogg_4013576127118831_Mis_AM_DR,44756,72.10%,
2T,VW_DH_VW_VF_yshaarj_nzoth_yogg_3977634909577197_IN_AM_DR,44753,72.09%,
2T,AR_EC_VF_yshaarj_nzoth_yogg_4013309839670767_IN_IV_ME_DS,44752,72.09%,
2T,AR_EC_VF_yshaarj_nzoth_yogg_4013309906255343_IN_AM_DR_DS,44750,72.08%,
2T,AR_EC_VF_yshaarj_nzoth_yogg_4013576127110655_Mis_AM_DR,44749,72.08%,
2T,AR_SW_VF_nzoth_yogg_cthun_3132867313262079_Mis_IV_DR,44749,72.08%,
2T,AR_EC_VF_yshaarj_nzoth_yogg_4013851005017599_Mis_AM_ME,44748,72.07%,
2T,AR_SW_VF_nzoth_yogg_cthun_3169151196978687_Mis_IV_ME,44744,72.06%,
2T,AR_SP_VF_nzoth_yogg_cthun_3132867313262079_Mis_IV_ME,44744,72.06%,
2T,AR_EC_VF_yshaarj_nzoth_yogg_4013301249211903_Mis_AM_DR,44741,72.04%,
2T,AR_EC_VF_yshaarj_nzoth_yogg_4013310912888303_IN_IV_ME_DS,44740,72.04%,
2T,VW_DH_TV_VF_nzoth_yogg_cthun_3133363524525551_Mis_AM_DR_DS,44740,72.04%,
2T,AR_SW_VF_yshaarj_nzoth_yogg_4013301316836847_IN_AM_ME,44739,72.04%,
2T,AR_EC_VF_nzoth_yogg_cthun_3132867313262079_IN_AM_DR,44738,72.04%,
2T,AR_SP_VF_yshaarj_yogg_cthun_1971370784579055_Mis_IV_DR,44738,72.03%,
2T,AR_SW_VF_yshaarj_nzoth_yogg_4013576127118831_Mis_AM_DR,44737,72.03%,
2T,AR_EC_VF_nzoth_yogg_cthun_3132858790444527_Mis_AM_DR,44737,72.03%,
2T,AR_SW_VF_nzoth_yogg_cthun_3169159786921455_IN_IV_ME_DS,44735,72.02%,
2T,AR_SP_VF_yshaarj_nzoth_yogg_4013309906247167_IN_IV_ME_DS,44735,72.02%,
2T,AR_EC_VF_nzoth_yogg_cthun_3132859797069311_Mis_AM_DR,44733,72.02%,
2T,AR_SP_VF_yshaarj_nzoth_yogg_4014400760839663_Mis_AM_ME,44732,72.01%,
2T,AR_SP_VF_nzoth_yogg_cthun_3132867313262079_IN_AM_ME,44731,72.01%,
2T,AR_SW_VF_yshaarj_nzoth_yogg_4013576127634927_Mis_AM_DR,44731,72.01%,
2T,AR_EC_VF_yshaarj_nzoth_yogg_4013310912888303_Mis_IV_ME_DS,44729,72.00%,
2T,AR_SP_VF_nzoth_yogg_cthun_3132867313262079_Mis_IV_DR,44729,72.00%,
2T,AR_EC_VF_yshaarj_yogg_cthun_1988688092716527_IN_AM_DR,44729,72.00%,
2T,AR_EC_VF_nzoth_yogg_cthun_3169159787437551_IN_AM_DR_DS,44729,72.00%,
2T,AR_SP_VF_nzoth_yogg_cthun_3132858723335679_Mis_IV_ME,44728,72.00%,
2T,VW_DH_VW_VF_yshaarj_nzoth_yogg_3977513643859949_IN_IV_ME_DS,44727,71.99%,
2T,AR_SP_VF_yshaarj_nzoth_yogg_4013584717053423_Mis_IV_DR_DS,44726,71.99%,
2T,AR_SW_VF_yshaarj_nzoth_yogg_4013309839670767_IN_IV_DR_DS,44722,71.97%,
2T,AR_SP_VF_nzoth_yogg_cthun_3132858723335679_IN_AM_DR,44722,71.97%,
2T,AR_EC_VF_yshaarj_nzoth_yogg_4013310913404399_IN_AM_DR_DS,44721,71.97%,
2T,AR_SW_VF_yshaarj_nzoth_yogg_4013309906255343_IN_IV_ME_DS,44721,71.97%,
2T,AR_EC_VF_nzoth_yogg_cthun_3132875903204847_Mis_IV_ME_DS,44720,71.97%,
2T,AR_EC_VF_yshaarj_yogg_cthun_2043251290660335_IN_IV_DR,44720,71.96%,
2T,AR_EC_VF_yshaarj_nzoth_yogg_4013318429081071_Mis_AM_DR_DS,44720,71.96%,
2T,AR_EC_VF_yshaarj_yogg_cthun_2043251290144239_IN_IV_DR,44719,71.96%,
2T,AR_SW_VF_yshaarj_nzoth_yogg_3977567121300991_Mis_IV_ME,44719,71.96%,
2T,AR_EC_VF_yshaarj_nzoth_yogg_4013318496181743_Mis_AM_ME_DS,44718,71.96%,
2T,AR_SP_VF_yshaarj_nzoth_yogg_4013576127634927_Mis_AM_DR,44717,71.95%,
2T,AR_EC_VF_yshaarj_nzoth_yogg_4013576127118831_Mis_AM_ME,44713,71.94%,
2T,AR_SP_VF_yshaarj_nzoth_yogg_4013576127118831_IN_AM_DR,44709,71.92%,
2T,AR_SW_VF_yshaarj_nzoth_yogg_4013310979988975_IN_IV_ME_DS,44709,71.92%,
2T,AR_SP_VF_yshaarj_nzoth_yogg_4013301249736175_Mis_AM_DR,44708,71.92%,
2T,AR_EC_VF_yshaarj_nzoth_yogg_3977567121300991_Mis_AM_DR,44706,71.91%,
2T,AR_SP_VF_yshaarj_nzoth_yogg_4013309839670767_Mis_IV_DR_DS,44705,71.91%,
2T,AR_SW_VF_nzoth_yogg_cthun_3132875903204847_Mis_IV_DR_DS,44705,71.91%,
2T,AR_SW_VF_yshaarj_yogg_cthun_1988688092716527_Mis_AM_DR,44700,71.89%,
2T,VW_DH_VW_VF_yshaarj_nzoth_yogg_3977515724234733_IN_IV_ME_DS,44700,71.89%,
2T,AR_SW_VF_nzoth_yogg_cthun_3132858723335679_IN_AM_DR,44700,71.89%,
2T,AR_SP_VF_yshaarj_nzoth_yogg_4013576127110655_IN_AM_DR,44698,71.88%,
2T,AR_SW_VF_yshaarj_nzoth_yogg_4013309906247167_Mis_IV_DR_DS,44696,71.87%,
2T,AR_SW_VF_yshaarj_nzoth_yogg_4013309839670767_Mis_IV_DR_DS,44696,71.87%,
2T,AR_SW_VF_nzoth_yogg_cthun_3132859797593583_Mis_AM_DR,44694,71.87%,
2T,AR_SW_VF_yshaarj_nzoth_yogg_3977567188409839_Mis_AM_ME,44694,71.86%,
2T,AR_SW_VF_yshaarj_nzoth_yogg_4013438688157183_IN_AM_ME,44694,71.86%,
2T,AR_EC_VF_yshaarj_nzoth_yogg_4013447278099951_IN_AM_DR_DS,44692,71.86%,
2T,AR_SP_VF_yshaarj_nzoth_yogg_4013851005017599_Mis_AM_DR,44692,71.86%,
2T,AR_SW_VF_yshaarj_nzoth_yogg_4013301316320751_IN_AM_ME,44689,71.85%,
2T,AR_SW_VF_nzoth_yogg_cthun_3132858723335679_Mis_IV_ME,44685,71.83%,
2T,AR_SW_VF_yshaarj_nzoth_yogg_4013576127634927_IN_AM_ME,44682,71.82%,
2T,AR_SW_VF_nzoth_yogg_cthun_3132875903720943_IN_AM_ME_DS,44681,71.82%,
2T,VW_DH_VW_VF_yshaarj_nzoth_cthun_3696313477947373_IN_AM_ME_DS,44681,71.82%,
2T,AR_SW_VF_yshaarj_nzoth_yogg_4013851005017599_IN_IV_ME,44681,71.81%,
2T,VW_DH_VW_VF_nzoth_yogg_cthun_3132815916195311_Mis_AM_DR_DS,44680,71.81%,
2T,AR_SP_VF_nzoth_yogg_cthun_3132858790960623_Mis_AM_ME,44679,71.81%,
2T,AR_SW_VF_yshaarj_nzoth_yogg_4014400761355759_Mis_AM_ME,44678,71.81%,
2T,AR_SW_VF_yshaarj_nzoth_yogg_4014409350774255_Mis_IV_ME_DS,44678,71.80%,
2T,AR_SW_VF_yshaarj_nzoth_yogg_4013318429072895_IN_IV_DR_DS,44678,71.80%,
2T,AR_SW_VF_nzoth_yogg_cthun_3132867313262079_IN_AM_DR,44677,71.80%,
2T,VW_DH_VW_VF_yshaarj_nzoth_yogg_3977635983319021_IN_IV_DR,44674,71.79%,
2T,AR_SP_VF_yshaarj_nzoth_yogg_4014409350774255_IN_AM_DR_DS,44673,71.79%,
2T,AR_EC_VF_nzoth_yogg_cthun_3169159786921455_IN_AM_DR_DS,44672,71.78%,
2T,AR_SW_VF_yshaarj_nzoth_yogg_4013310979988975_Mis_IV_ME_DS,44670,71.77%,
2T,AR_EC_VF_yshaarj_nzoth_yogg_4013447278091775_Mis_AM_DR_DS,44670,71.77%,
2T,AR_SP_VF_yshaarj_nzoth_yogg_4013447345200623_IN_AM_ME_DS,44670,71.77%,
2T,AR_SW_VF_yshaarj_nzoth_yogg_4014400760839663_Mis_AM_ME,44669,71.77%,
2T,AR_SW_VF_nzoth_yogg_cthun_3132858790444527_Mis_AM_DR,44668,71.77%,
2T,AR_SP_VF_yshaarj_nzoth_yogg_4014409417874927_Mis_AM_DR_DS,44668,71.77%,
2T,AR_EC_VF_yshaarj_nzoth_yogg_4013584717045247_IN_IV_DR_DS,44667,71.76%,
2T,VW_DH_VW_VF_yshaarj_nzoth_yogg_3977498611474413_IN_IV_ME,44664,71.75%,
2T,VW_DH_VW_VF_yshaarj_nzoth_yogg_3977651015704557_IN_IV_ME_DS,44664,71.75%,
2T,AR_SW_VF_nzoth_yogg_cthun_3132867380370927_Mis_AM_DR,44662,71.74%,
2T,VW_DH_VW_VF_nzoth_yogg_cthun_3132813768719855_Mis_AM_ME_DS,44662,71.74%,
2T,AR_EC_VF_yshaarj_yogg_cthun_1973432368881135_Mis_IV_DR,44661,71.74%,
2T,AR_SW_VF_yshaarj_nzoth_yogg_4014409417874927_IN_AM_ME_DS,44660,71.74%,
2T,AR_EC_VF_yshaarj_nzoth_yogg_4013309839670767_Mis_IV_ME_DS,44660,71.73%,
2T,AR_SP_VF_yshaarj_nzoth_yogg_4013310912880127_Mis_IV_DR_DS,44660,71.73%,
2T,AR_SW_VF_yshaarj_nzoth_yogg_4013310912880127_IN_IV_DR_DS,44657,71.72%,
2T,AR_SP_VF_yshaarj_nzoth_yogg_4013851005025775_IN_AM_ME,44657,71.72%,
2T,AR_EC_VF_yshaarj_nzoth_yogg_4013309839662591_IN_IV_DR_DS,44655,71.72%,
2T,AR_SP_VF_yshaarj_nzoth_yogg_4013301316312575_IN_AM_ME,44654,71.71%,
2T,AR_EC_VF_nzoth_yogg_cthun_3169159786913279_Mis_IV_ME_DS,44653,71.71%,
2T,AR_EC_VF_yshaarj_nzoth_yogg_4013584717569519_IN_IV_ME_DS,44652,71.70%,
2T,VW_DH_VW_VF_yshaarj_nzoth_yogg_3977651015704557_IN_IV_DR_DS,44652,71.70%,
2T,VW_DH_TV_VF_nzoth_yogg_cthun_3132815916195311_Mis_AM_DR_DS,44651,71.70%,
2T,AR_EC_VF_yshaarj_nzoth_yogg_4013318429072895_Mis_AM_DR_DS,44651,71.70%,
2T,VW_DH_VW_VF_yshaarj_nzoth_cthun_3696313477947373_IN_AM_DR_DS,44650,71.70%,
2T,AR_SW_VF_nzoth_yogg_cthun_3169151196986863_IN_AM_ME,44650,71.70%,
2T,AR_SP_VF_yshaarj_nzoth_yogg_4013310174682607_Mis_AM_ME_DS,44650,71.70%,
2T,AR_SW_VF_yshaarj_nzoth_yogg_4013584717053423_IN_IV_DR_DS,44649,71.69%,
2T,AR_SW_VF_yshaarj_nzoth_yogg_4013301316312575_Mis_AM_DR,44645,71.68%,
2T,AR_SP_VF_nzoth_yogg_cthun_3132858723851775_Mis_IV_ME,44644,71.67%,
2T,AR_SP_VF_nzoth_yogg_cthun_3132875903204847_Mis_IV_DR_DS,44643,71.67%,
2T,AR_SW_VF_yshaarj_nzoth_yogg_4013301249736175_IN_AM_DR,44642,71.67%,
2T,AR_SP_VF_yshaarj_nzoth_yogg_4013447278616047_IN_AM_DR_DS,44641,71.66%,
2T,AR_EC_VF_yshaarj_yogg_cthun_2043251357244911_Mis_IV_ME,44641,71.66%,
2T,AR_SW_VF_yshaarj_yogg_cthun_2043251357244911_Mis_IV_DR,44641,71.66%,
2T,VW_DH_TV_VF_yshaarj_nzoth_yogg_3977634909577197_IN_IV_ME,44640,71.66%,
2T,AR_EC_VF_nzoth_yogg_cthun_3169151196978687_Mis_AM_DR,44638,71.65%,
2T,VW_DH_VW_VF_yshaarj_nzoth_yogg_4049524072177645_IN_IV_DR_DS,44637,71.65%,
2T,AR_SP_VF_yshaarj_nzoth_yogg_4013438688157183_IN_AM_ME,44636,71.64%,
2T,AR_SP_VF_yshaarj_nzoth_yogg_4013310912888303_IN_IV_ME_DS,44632,71.63%,
2T,AR_SP_VF_yshaarj_nzoth_yogg_4013447278091775_IN_IV_ME_DS,44631,71.62%,
2T,AR_EC_VF_nzoth_yogg_cthun_3169159786913279_IN_AM_DR_DS,44630,71.62%,
2T,VW_DH_VW_VF_yshaarj_nzoth_yogg_3977497537732589_IN_AM_ME,44630,71.62%,
2T,AR_SP_VF_nzoth_yogg_cthun_3169151196986863_IN_AM_ME,44629,71.61%,
2T,AR_SW_VF_nzoth_yogg_cthun_3132867313262079_IN_AM_ME,44628,71.61%,
2T,AR_SW_VF_yshaarj_nzoth_yogg_4013851005025775_IN_AM_ME,44625,71.60%,
2T,AR_SW_VF_yshaarj_nzoth_yogg_4013851005541871_IN_AM_ME,44624,71.59%,
2T,AR_EC_VF_yshaarj_nzoth_yogg_4013447278091775_IN_AM_DR_DS,44622,71.59%,
2T,AR_SP_VF_nzoth_yogg_cthun_3132875903204847_Mis_IV_ME_DS,44621,71.59%,
2T,VW_DH_VW_VF_nzoth_yogg_cthun_3134996685840365_IN_IV_ME,44619,71.58%,
2T,AR_SW_VF_nzoth_yogg_cthun_3132858723851775_IN_AM_ME,44618,71.57%,
2T,VW_DH_TV_VF_nzoth_yogg_cthun_3132815916195311_Mis_AM_ME_DS,44617,71.57%,
2T,AR_EC_VF_yshaarj_yogg_cthun_1988688026131951_IN_IV_DR,44616,71.56%,
2T,AR_EC_VF_nzoth_yogg_cthun_3169151196978687_IN_AM_DR,44615,71.56%,
2T,AR_SW_VF_yshaarj_nzoth_yogg_4013309906771439_IN_IV_ME_DS,44615,71.56%,
2T,AR_SP_VF_yshaarj_nzoth_yogg_4013318496181743_IN_AM_ME_DS,44614,71.56%,
2T,VW_DH_TV_VF_nzoth_yogg_cthun_3132798736326143_Mis_AM_ME,44613,71.56%,
2T,VW_DH_VW_VF_nzoth_yogg_cthun_3132815916195311_Mis_AM_ME_DS,44613,71.55%,
2T,AR_EC_VF_yshaarj_nzoth_yogg_4013309906771439_Mis_AM_DR_DS,44613,71.55%,
2T,AR_SP_VF_yshaarj_nzoth_yogg_4013309839670767_IN_IV_ME_DS,44612,71.55%,
2T,AR_EC_VF_yshaarj_nzoth_yogg_4013584717053423_Mis_IV_ME_DS,44610,71.54%,
2T,AR_EC_VF_yshaarj_nzoth_yogg_4014409350774255_IN_AM_ME_DS,44607,71.53%,
2T,VW_DH_TV_VF_yshaarj_nzoth_yogg_3977772348530669_IN_IV_DR,44606,71.53%,
2T,AR_EC_VF_yshaarj_nzoth_yogg_4013584717045247_Mis_IV_DR_DS,44605,71.52%,
2T,AR_SP_VF_yshaarj_nzoth_yogg_4013318429597167_IN_AM_DR_DS,44605,71.52%,
2T,AR_SW_VF_yshaarj_nzoth_yogg_4013309906247167_IN_IV_DR_DS,44602,71.51%,
2T,VW_DH_TV_VF_yshaarj_nzoth_yogg_3977497470631917_IN_IV_DR,44602,71.51%,
2T,AR_SP_VF_nzoth_yogg_cthun_3132867380370927_Mis_AM_DR,44600,71.51%,
2T,AR_SW_VF_nzoth_yogg_cthun_3132859797077487_Mis_AM_DR,44600,71.50%,
2T,VW_DH_VW_VF_nzoth_yogg_cthun_3134996685840365_IN_IV_DR,44598,71.50%,
2T,AR_SP_VF_nzoth_yogg_cthun_3132858790436351_Mis_AM_DR,44598,71.50%,
2T,AR_SW_VF_nzoth_yogg_cthun_3169159787437551_IN_AM_DR_DS,44596,71.49%,
2T,AR_SP_VF_yshaarj_nzoth_yogg_4013301249727999_IN_AM_DR,44596,71.49%,
2T,AR_EC_VF_yshaarj_nzoth_yogg_4013576127110655_IN_AM_ME,44595,71.49%,
2T,VW_DH_TV_VF_nzoth_yogg_cthun_3134996685840365_IN_IV_DR,44594,71.48%,
2T,VW_DH_TV_VF_nzoth_yogg_cthun_3150518697648109_IN_IV_DR,44591,71.47%,
2T,AR_EC_VF_yshaarj_nzoth_yogg_4013318429081071_IN_AM_ME_DS,44589,71.46%,
2T,AR_SP_VF_nzoth_yogg_cthun_3132859797593583_Mis_AM_DR,44584,71.44%,
2T,AR_EC_VF_yshaarj_nzoth_yogg_4013447278099951_Mis_AM_ME_DS,44584,71.44%,
2T,VW_DH_VW_VF_yshaarj_nzoth_yogg_3977499618107373_IN_AM_ME,44583,71.44%,
2T,AR_SP_VF_yshaarj_yogg_cthun_1988688026131951_IN_IV_DR,44583,71.44%,
2T,AR_SP_VF_yshaarj_yogg_cthun_2043251290660335_IN_IV_DR,44581,71.43%,
2T,AR_EC_VF_yshaarj_yogg_cthun_1988688025615855_Mis_IV_ME,44580,71.43%,
2T,AR_SW_VF_nzoth_yogg_cthun_3132867313262079_Mis_IV_ME,44579,71.42%,
2T,AR_SP_VF_yshaarj_nzoth_yogg_4013447278616047_Mis_AM_DR_DS,44579,71.42%,
2T,AR_SW_VF_nzoth_yogg_cthun_3169159786913279_Mis_IV_DR_DS,44579,71.42%,
2T,AR_EC_VF_yshaarj_nzoth_yogg_4013584784154095_IN_AM_DR_DS,44578,71.42%,
2T,VW_DH_TV_VF_nzoth_yogg_cthun_3133363524525551_Mis_AM_ME_DS,44577,71.42%,
2T,VW_DH_TV_VF_yshaarj_nzoth_yogg_4049516555984877_IN_IV_ME,44576,71.41%,
2T,AR_EC_VF_nzoth_yogg_cthun_3132859797069311_Mis_AM_ME,44575,71.41%,
2T,AR_SW_VF_yshaarj_nzoth_yogg_4013447278616047_IN_AM_DR_DS,44574,71.40%,
2T,AR_SW_VF_yshaarj_nzoth_yogg_4013584784154095_IN_AM_DR_DS,44570,71.39%,
2T,AR_SW_VF_nzoth_yogg_cthun_3169151196978687_IN_AM_DR,44570,71.39%,
2T,AR_SW_VF_yshaarj_yogg_cthun_1988688092716527_Mis_IV_ME,44566,71.37%,
2T,VW_DH_TV_VF_nzoth_yogg_cthun_3132807393369583_Mis_AM_ME_DS,44562,71.36%,
2T,AR_SP_VF_yshaarj_nzoth_yogg_3977567121825263_Mis_AM_DR,44560,71.35%,
2T,AR_SP_VF_nzoth_yogg_cthun_3132859797077487_Mis_AM_DR,44560,71.35%,
2T,AR_SP_VF_yshaarj_nzoth_yogg_4013301249211903_IN_AM_DR,44559,71.35%,
2T,AR_EC_VF_yshaarj_nzoth_yogg_4013310979988975_IN_AM_ME_DS,44558,71.34%,
2T,AR_EC_VF_yshaarj_nzoth_yogg_4013301249727999_Mis_AM_DR,44557,71.34%,
2T,VW_DH_VW_VF_yshaarj_nzoth_yogg_3979697567621101_IN_AM_ME,44556,71.33%,
2T,AR_SW_VF_yshaarj_nzoth_yogg_4013318429072895_Mis_IV_DR_DS,44552,71.32%,
2T,AR_SP_VF_yshaarj_nzoth_yogg_4013301249736175_IN_AM_ME,44552,71.32%,
2T,AR_SP_VF_nzoth_yogg_cthun_3169159786913279_IN_IV_ME_DS,44550,71.31%,
2T,AR_EC_VF_nzoth_yogg_cthun_3132875903204847_IN_AM_ME_DS,44550,71.31%,
2T,AR_EC_VF_nzoth_yogg_cthun_3132867313786351_Mis_AM_DR,44550,71.31%,
2T,AR_SP_VF_nzoth_yogg_cthun_3132996162280959_Mis_AM_ME,44547,71.30%,
2T,AR_SP_VF_yshaarj_nzoth_yogg_4013447278099951_IN_AM_DR_DS,44547,71.30%,
2T,AR_SP_VF_nzoth_yogg_cthun_3132875903720943_IN_AM_ME_DS,44547,71.30%,
2T,AR_SP_VF_yshaarj_yogg_cthun_1971370784579055_IN_IV_DR,44546,71.30%,
2T,VW_DH_VW_VF_yshaarj_nzoth_yogg_3979697567621101_IN_AM_DR,44545,71.29%,
2T,AR_SW_VF_nzoth_yogg_cthun_3132858790436351_Mis_AM_DR,44542,71.28%,
2T,AR_SP_VF_yshaarj_nzoth_yogg_4013851005541871_IN_AM_ME,44541,71.28%,
2T,AR_EC_VF_yshaarj_nzoth_yogg_4013318429597167_Mis_AM_ME_DS,44539,71.27%,
2T,VW_DH_VW_VF_nzoth_yogg_cthun_3132807393369583_Mis_AM_DR_DS,44539,71.27%,
2T,VW_DH_VW_VF_nzoth_yogg_cthun_3132807393369583_Mis_AM_ME_DS,44538,71.27%,
2T,AR_SW_VF_nzoth_yogg_cthun_3169151197502959_IN_AM_ME,44538,71.27%,
2T,VW_DH_VW_VF_yshaarj_nzoth_yogg_3977513577275373_IN_IV_ME_DS,44536,71.26%,
2T,AR_SP_VF_yshaarj_nzoth_yogg_4013310174682607_IN_AM_ME_DS,44536,71.26%,
2T,VW_DH_VW_VF_yshaarj_nzoth_yogg_3977498544889837_IN_IV_ME,44536,71.26%,
2T,AR_EC_VF_nzoth_yogg_cthun_3132867313786351_Mis_AM_ME,44533,71.25%,
2T,AR_SP_VF_nzoth_yogg_cthun_3132875903720943_Mis_IV_ME_DS,44533,71.25%,
2T,VW_DH_TV_VF_nzoth_yogg_cthun_3132813769235951_Mis_AM_DR_DS,44527,71.22%,
2T,AR_SW_VF_yshaarj_nzoth_yogg_4014409350766079_IN_IV_ME_DS,44526,71.22%,
2T,AR_SW_VF_yshaarj_nzoth_yogg_4013584717053423_Mis_IV_DR_DS,44525,71.22%,
2T,AR_SP_VF_yshaarj_nzoth_yogg_4013302322945535_Mis_AM_DR,44525,71.21%,
2T,AR_SW_VF_yshaarj_yogg_cthun_1988688026131951_Mis_IV_DR,44525,71.21%,
2T,AR_SW_VF_yshaarj_nzoth_yogg_4013318496181743_IN_AM_ME_DS,44524,71.21%,
2T,AR_SP_VF_yshaarj_nzoth_yogg_4013309839146495_IN_IV_DR_DS,44523,71.21%,
2T,AR_SP_VF_yshaarj_nzoth_yogg_4013310912888303_Mis_IV_ME_DS,44522,71.20%,
2T,AR_SP_VF_yshaarj_nzoth_yogg_4013302323469807_IN_AM_ME,44521,71.20%,
2T,AR_SP_VF_nzoth_yogg_cthun_3132858723335679_IN_AM_ME,44520,71.20%,
2T,AR_EC_VF_yshaarj_yogg_cthun_1988688092716527_IN_IV_ME,44520,71.20%,
2T,AR_SW_VF_nzoth_yogg_cthun_3132858723335679_IN_AM_ME,44520,71.20%,
2T,AR_SP_VF_yshaarj_nzoth_yogg_4013318429081071_IN_AM_DR_DS,44518,71.19%,
2T,AR_SP_VF_nzoth_yogg_cthun_3132867380370927_Mis_AM_ME,44518,71.19%,
2T,AR_SP_VF_nzoth_yogg_cthun_3132858790444527_Mis_AM_ME,44516,71.18%,
2T,AR_EC_VF_yshaarj_nzoth_yogg_3977567121300991_Mis_AM_ME,44516,71.18%,
2T,AR_SP_VF_yshaarj_nzoth_yogg_4013302322953711_Mis_AM_ME,44513,71.17%,
2T,VW_DH_VW_VF_yshaarj_nzoth_yogg_3979712600006637_IN_AM_ME_DS,44512,71.17%,
2T,AR_SW_VF_yshaarj_nzoth_yogg_4013584784154095_Mis_IV_ME_DS,44511,71.16%,
2T,AR_SW_VF_yshaarj_nzoth_yogg_4014400760831487_Mis_AM_DR,44510,71.16%,
2T,AR_SP_VF_yshaarj_yogg_cthun_1973432368881135_IN_IV_DR,44510,71.16%,
2T,AR_EC_VF_yshaarj_yogg_cthun_1971233614061039_IN_IV_DR,44506,71.14%,
2T,AR_SW_VF_nzoth_yogg_cthun_3169159786921455_IN_AM_DR_DS,44503,71.13%,
2T,AR_EC_VF_yshaarj_nzoth_yogg_4013310912888303_IN_AM_DR_DS,44503,71.13%,
2T,AR_SW_VF_yshaarj_nzoth_yogg_4013851005541871_Mis_AM_ME,44502,71.13%,
2T,AR_SW_VF_yshaarj_nzoth_yogg_4013301249736175_Mis_AM_DR,44501,71.12%,
2T,AR_SP_VF_yshaarj_nzoth_yogg_4013447278099951_Mis_AM_DR_DS,44501,71.12%,
2T,AR_SW_VF_nzoth_yogg_cthun_3132875903204847_Mis_IV_ME_DS,44499,71.12%,
2T,VW_DH_VW_VF_yshaarj_nzoth_yogg_3977497470631917_IN_AM_DR,44499,71.12%,
2T,VW_DH_VW_VF_nzoth_yogg_cthun_3150518697648109_IN_IV_ME,44499,71.11%,
2T,VW_DH_TV_VF_nzoth_yogg_cthun_3132813769235951_Mis_AM_ME_DS,44495,71.10%,
2T,AR_SP_VF_yshaarj_nzoth_yogg_4014409351290351_IN_AM_ME_DS,44494,71.10%,
2T,AR_SW_VF_yshaarj_nzoth_yogg_4013584784154095_IN_IV_ME_DS,44494,71.10%,
2T,AR_SW_VF_yshaarj_nzoth_yogg_4014409350766079_Mis_IV_DR_DS,44492,71.09%,
2T,AR_SW_VF_yshaarj_yogg_cthun_1972332857253359_IN_IV_DR,44491,71.09%,
2T,AR_SP_VF_yshaarj_nzoth_yogg_4014400760831487_Mis_AM_ME,44491,71.08%,
2T,AR_SP_VF_nzoth_yogg_cthun_3169151197502959_Mis_AM_ME,44489,71.08%,
2T,AR_SP_VF_yshaarj_nzoth_yogg_4013584717053423_IN_IV_ME_DS,44488,71.07%,
2T,AR_SW_VF_nzoth_yogg_cthun_3132867380370927_Mis_AM_ME,44488,71.07%,
2T,AR_SP_VF_nzoth_yogg_cthun_3132859797593583_Mis_AM_ME,44488,71.07%,
2T,AR_SP_VF_yshaarj_nzoth_yogg_4014409350766079_Mis_IV_ME_DS,44487,71.07%,
2T,AR_EC_VF_yshaarj_nzoth_yogg_4013584717569519_Mis_IV_ME_DS,44487,71.07%,
2T,AR_SP_VF_yshaarj_yogg_cthun_1971233614061039_Mis_IV_DR,44486,71.07%,
2T,AR_SP_VF_yshaarj_nzoth_yogg_4013318429072895_IN_IV_ME_DS,44486,71.07%,
2T,AR_SW_VF_yshaarj_nzoth_yogg_4013447278091775_Mis_IV_ME_DS,44486,71.07%,
2T,AR_EC_VF_yshaarj_nzoth_yogg_4013301249727999_IN_AM_ME,44486,71.06%,
2T,VW_DH_TV_VF_yshaarj_nzoth_yogg_4049516555984877_IN_IV_DR,44483,71.05%,
2T,AR_SW_VF_nzoth_yogg_cthun_3132859797593583_Mis_AM_ME,44483,71.05%,
2T,VW_DH_VW_VF_yshaarj_nzoth_yogg_3977498611474413_IN_IV_DR,44483,71.05%,
2T,AR_EC_VF_yshaarj_nzoth_yogg_4014409350774255_Mis_AM_DR_DS,44481,71.05%,
2T,AR_SW_VF_yshaarj_nzoth_yogg_4013302323469807_IN_AM_ME,44478,71.03%,
2T,AR_EC_VF_yshaarj_nzoth_yogg_4013309906247167_IN_AM_DR_DS,44478,71.03%,
2T,AR_SW_VF_yshaarj_nzoth_yogg_4013851005017599_Mis_AM_DR,44477,71.03%,
2T,AR_SP_VF_yshaarj_nzoth_yogg_4014409350766079_IN_AM_DR_DS,44477,71.03%,
2T,AR_EC_VF_yshaarj_nzoth_yogg_4013584784154095_Mis_AM_DR_DS,44477,71.03%,
2T,AR_EC_VF_yshaarj_nzoth_yogg_4013302322945535_Mis_AM_ME,44476,71.03%,
2T,AR_SW_VF_yshaarj_nzoth_yogg_4013438688157183_Mis_AM_ME,44472,71.01%,
2T,AR_SW_VF_yshaarj_nzoth_yogg_4013447278616047_Mis_AM_DR_DS,44470,71.00%,
2T,AR_SW_VF_yshaarj_nzoth_yogg_4013302323469807_Mis_AM_ME,44468,71.00%,
2T,AR_SP_VF_yshaarj_yogg_cthun_1972332857253359_IN_IV_DR,44466,70.99%,
2T,AR_SP_VF_nzoth_yogg_cthun_3169159787437551_IN_AM_DR_DS,44465,70.99%,
2T,VW_DH_VW_VF_yshaarj_nzoth_yogg_3977567263842285_Mis_IV_DR,44464,70.98%,
2T,VW_DH_TV_VF_nzoth_yogg_cthun_3132926511611885_IN_IV_DR,44462,70.97%,
2T,AR_SP_VF_yshaarj_nzoth_yogg_3977567121825263_Mis_AM_ME,44461,70.97%,
2T,VW_DH_VW_VF_nzoth_yogg_cthun_3150518697648109_IN_IV_DR,44460,70.97%,
2T,AR_SP_VF_yshaarj_nzoth_yogg_4013318429072895_Mis_IV_ME_DS,44460,70.97%,
2T,AR_SP_VF_nzoth_yogg_cthun_3169151196978687_IN_AM_DR,44460,70.97%,
2T,AR_SW_VF_nzoth_yogg_cthun_3132858790444527_Mis_AM_ME,44460,70.96%,
2T,AR_SW_VF_yshaarj_nzoth_yogg_4013318496181743_Mis_AM_ME_DS,44459,70.96%,
2T,AR_EC_VF_nzoth_yogg_cthun_3132875903196671_IN_AM_DR_DS,44458,70.96%,
2T,AR_SW_VF_yshaarj_nzoth_yogg_4013302322953711_Mis_AM_ME,44457,70.95%,
2T,AR_SP_VF_yshaarj_nzoth_yogg_4013302323469807_Mis_AM_ME,44456,70.95%,
2T,AR_SP_VF_yshaarj_nzoth_yogg_4014409417874927_Mis_AM_ME_DS,44455,70.95%,
2T,AR_SW_VF_yshaarj_nzoth_yogg_4013309906255343_IN_AM_DR_DS,44454,70.94%,
2T,AR_EC_VF_yshaarj_nzoth_yogg_4013318429081071_Mis_AM_ME_DS,44454,70.94%,
2T,AR_EC_VF_nzoth_yogg_cthun_3132875970305519_Mis_AM_ME_DS,44451,70.93%,
2T,AR_SW_VF_yshaarj_nzoth_yogg_4014409417874927_Mis_AM_DR_DS,44448,70.92%,
2T,AR_EC_VF_yshaarj_nzoth_yogg_3977567121309167_Mis_AM_ME,44445,70.91%,
2T,AR_SW_VF_yshaarj_nzoth_yogg_4013447345200623_IN_AM_ME_DS,44445,70.91%,
2T,AR_EC_VF_yshaarj_yogg_cthun_1971233614061039_Mis_IV_DR,44444,70.91%,
2T,AR_SP_VF_nzoth_yogg_cthun_3132875903204847_IN_AM_DR_DS,44443,70.90%,
2T,VW_DH_TV_VF_yshaarj_nzoth_yogg_3979697567621101_IN_IV_ME,44439,70.88%,
2T,AR_EC_VF_yshaarj_nzoth_yogg_4014409350766079_IN_AM_ME_DS,44438,70.88%,
2T,AR_SW_VF_yshaarj_nzoth_yogg_4013302322953711_IN_AM_ME,44437,70.88%,
2T,AR_SP_VF_yshaarj_nzoth_yogg_4013309839146495_Mis_IV_DR_DS,44437,70.88%,
2T,VW_DH_TV_VF_nzoth_yogg_cthun_3205372946210797_IN_IV_ME_DS,44436,70.87%,
2T,AR_SP_VF_nzoth_yogg_cthun_3169159854022127_Mis_AM_ME_DS,44435,70.87%,
2T,VW_DH_TV_VF_nzoth_yogg_cthun_3132926511611885_IN_IV_ME,44433,70.86%,
2T,AR_SW_VF_nzoth_yogg_cthun_3169151196986863_Mis_AM_DR,44433,70.86%,
2T,VW_DH_VW_VF_yshaarj_nzoth_yogg_3977513576759277_IN_IV_ME_DS,44432,70.86%,
2T,AR_SP_VF_yshaarj_nzoth_yogg_4013309906247167_Mis_IV_ME_DS,44432,70.86%,
2T,AR_SP_VF_yshaarj_nzoth_yogg_4013576127118831_IN_AM_ME,44431,70.86%,
2T,AR_SP_VF_nzoth_yogg_cthun_3169151196986863_Mis_AM_DR,44430,70.85%,
2T,AR_EC_VF_yshaarj_nzoth_yogg_4013447278099951_IN_AM_ME_DS,44430,70.85%,
2T,AR_SW_VF_yshaarj_nzoth_yogg_4013301249727999_Mis_IV_ME,44430,70.85%,
2T,AR_SP_VF_yshaarj_nzoth_yogg_4013576127634927_IN_AM_ME,44429,70.85%,
2T,AR_EC_VF_yshaarj_nzoth_yogg_4013301249211903_Mis_AM_ME,44428,70.84%,
2T,VW_DH_TV_VF_yshaarj_nzoth_yogg_3977497470631917_IN_IV_ME,44428,70.84%,
2T,AR_SP_VF_nzoth_yogg_cthun_3169151197502959_IN_AM_ME,44428,70.84%,
2T,AR_EC_VF_yshaarj_yogg_cthun_2043251290144239_Mis_IV_DR,44426,70.84%,
2T,AR_EC_VF_yshaarj_nzoth_yogg_4013318429597167_IN_AM_ME_DS,44426,70.83%,
2T,VW_DH_TV_VF_yshaarj_nzoth_yogg_3977497537732589_IN_IV_ME,44425,70.83%,
2T,AR_EC_VF_nzoth_yogg_cthun_3132858723859951_Mis_AM_DR,44425,70.83%,
2T,AR_EC_VF_nzoth_yogg_cthun_3132867313270255_Mis_AM_ME,44424,70.83%,
2T,AR_SW_VF_yshaarj_nzoth_yogg_4013576127118831_Mis_AM_ME,44424,70.83%,
2T,AR_SP_VF_yshaarj_nzoth_yogg_4013310913404399_Mis_IV_ME_DS,44424,70.83%,
2T,AR_SP_VF_yshaarj_nzoth_yogg_4013309839662591_IN_IV_DR_DS,44423,70.82%,
2T,AR_SW_VF_yshaarj_nzoth_yogg_3977567121825263_Mis_AM_DR,44422,70.82%,
2T,AR_SP_VF_nzoth_yogg_cthun_3132875903196671_IN_AM_DR_DS,44421,70.81%,
2T,AR_SP_VF_nzoth_yogg_cthun_3169159854022127_IN_AM_ME_DS,44420,70.81%,
2T,AR_EC_VF_yshaarj_nzoth_yogg_4013309839662591_Mis_IV_DR_DS,44419,70.81%,
2T,VW_DH_VW_VF_yshaarj_nzoth_yogg_3977514650492909_IN_AM_ME_DS,44418,70.81%,
2T,VW_DH_TV_VF_yshaarj_nzoth_cthun_3696298445561837_IN_IV_ME,44418,70.80%,
2T,AR_SP_VF_nzoth_yogg_cthun_3132867313786351_Mis_AM_DR,44417,70.80%,
2T,AR_SW_VF_yshaarj_nzoth_yogg_4013310979988975_IN_AM_DR_DS,44416,70.80%,
2T,VW_DH_VW_VF_nzoth_yogg_cthun_3132813768711679_Mis_AM_DR_DS,44413,70.79%,
2T,VW_DH_TV_VF_nzoth_yogg_cthun_3150518697648109_IN_IV_ME,44413,70.79%,
2T,AR_SP_VF_yshaarj_nzoth_yogg_4013584717053423_Mis_IV_ME_DS,44412,70.78%,
2T,AR_SP_VF_yshaarj_nzoth_yogg_3977567121309167_Mis_AM_DR,44411,70.78%,
2T,AR_SW_VF_yshaarj_yogg_cthun_1971370784579055_Mis_IV_DR,44411,70.78%,
2T,AR_SP_VF_yshaarj_nzoth_yogg_4013584784154095_IN_AM_DR_DS,44410,70.77%,
2T,AR_SP_VF_yshaarj_nzoth_yogg_4013310979988975_Mis_AM_DR_DS,44410,70.77%,
2T,AR_EC_VF_yshaarj_nzoth_yogg_4013310912880127_IN_IV_ME_DS,44408,70.77%,
2T,AR_EC_VF_yshaarj_nzoth_yogg_4013309839662591_IN_IV_ME_DS,44408,70.76%,
2T,AR_SP_VF_yshaarj_nzoth_yogg_4013851005541871_Mis_AM_ME,44407,70.76%,
2T,AR_EC_VF_yshaarj_nzoth_yogg_4013309906255343_Mis_AM_DR_DS,44405,70.76%,
2T,AR_EC_VF_yshaarj_yogg_cthun_1972332790152687_IN_IV_DR,44404,70.75%,
2T,AR_EC_VF_nzoth_yogg_cthun_3169151196978687_Mis_AM_ME,44403,70.75%,
2T,AR_SW_VF_yshaarj_nzoth_yogg_4013309906771439_IN_AM_DR_DS,44402,70.74%,
2T,AR_SW_VF_yshaarj_nzoth_yogg_3977567121825263_Mis_AM_ME,44402,70.74%,
2T,AR_EC_VF_nzoth_yogg_cthun_3169159787437551_Mis_AM_ME_DS,44398,70.73%,
2T,VW_DH_VW_VF_yshaarj_nzoth_yogg_3977497537732589_IN_AM_DR,44394,70.71%,
2T,AR_SP_VF_yshaarj_nzoth_yogg_4013310913404399_IN_IV_ME_DS,44394,70.71%,
2T,AR_EC_VF_yshaarj_nzoth_yogg_4013310913404399_Mis_AM_DR_DS,44392,70.70%,
2T,AR_SP_VF_yshaarj_nzoth_yogg_4013584717569519_IN_IV_ME_DS,44390,70.70%,
2T,AR_SW_VF_yshaarj_nzoth_yogg_4013301249727999_IN_AM_DR,44389,70.69%,
2T,AR_SP_VF_yshaarj_yogg_cthun_2043251290144239_IN_IV_DR,44386,70.68%,
2T,AR_EC_VF_nzoth_yogg_cthun_3132858723851775_Mis_AM_DR,44386,70.68%,
2T,AR_SP_VF_yshaarj_nzoth_yogg_4013302322953711_IN_AM_ME,44386,70.68%,
2T,AR_SW_VF_yshaarj_nzoth_yogg_4013576127634927_Mis_AM_ME,44386,70.68%,
2T,AR_SP_VF_yshaarj_yogg_cthun_2043251290144239_Mis_IV_DR,44385,70.68%,
2T,AR_SP_VF_yshaarj_yogg_cthun_1972332790668783_IN_IV_DR,44384,70.67%,
2T,AR_EC_VF_yshaarj_yogg_cthun_1972332790668783_IN_IV_DR,44384,70.67%,
2T,AR_SP_VF_nzoth_yogg_cthun_3132875903204847_IN_AM_ME_DS,44384,70.67%,
2T,VW_DH_TV_VF_yshaarj_nzoth_yogg_4049531588370413_IN_IV_ME_DS,44383,70.67%,
2T,AR_SW_VF_yshaarj_nzoth_yogg_4013447278099951_Mis_AM_DR_DS,44380,70.66%,
2T,AR_SW_VF_yshaarj_nzoth_yogg_3977567121309167_Mis_AM_DR,44380,70.66%,
2T,AR_SW_VF_yshaarj_nzoth_yogg_4013447278099951_IN_AM_DR_DS,44379,70.65%,
2T,VW_DH_VW_VF_yshaarj_nzoth_yogg_4049797876342765_IN_IV_ME_DS,44379,70.65%,
2T,AR_SW_VF_yshaarj_nzoth_yogg_4013310912888303_Mis_IV_ME_DS,44376,70.64%,
2T,VW_DH_VW_VF_yshaarj_nzoth_yogg_3977513643859949_IN_IV_DR_DS,44376,70.64%,
2T,AR_EC_VF_yshaarj_nzoth_yogg_4013310979988975_Mis_AM_ME_DS,44375,70.64%,
2T,AR_SP_VF_yshaarj_yogg_cthun_1988688025615855_IN_IV_DR,44375,70.64%,
2T,VW_DH_VW_VF_yshaarj_nzoth_yogg_4049524072177645_IN_IV_ME_DS,44375,70.64%,
2T,AR_SW_VF_yshaarj_nzoth_yogg_4013318429597167_Mis_AM_DR_DS,44373,70.63%,
2T,AR_EC_VF_yshaarj_nzoth_yogg_4013576127110655_Mis_AM_ME,44372,70.63%,
2T,AR_SW_VF_yshaarj_nzoth_yogg_4013301249211903_IN_AM_DR,44371,70.62%,
2T,VW_DH_TV_VF_yshaarj_nzoth_yogg_4049515482243053_IN_AM_ME,44371,70.62%,
2T,AR_SW_VF_nzoth_yogg_cthun_3132859797069311_Mis_AM_DR,44370,70.62%,
2T,AR_SW_VF_yshaarj_nzoth_yogg_4013584717053423_IN_IV_ME_DS,44370,70.62%,
2T,AR_EC_VF_yshaarj_yogg_cthun_1988688092716527_Mis_AM_ME,44368,70.61%,
2T,AR_SP_VF_nzoth_yogg_cthun_3132859797069311_Mis_AM_ME,44366,70.61%,
2T,AR_SW_VF_yshaarj_nzoth_yogg_4013576127118831_IN_AM_ME,44366,70.61%,
2T,AR_SW_VF_nzoth_yogg_cthun_3169151196986863_Mis_AM_ME,44366,70.60%,
2T,AR_EC_VF_yshaarj_nzoth_yogg_4013447278616047_IN_AM_ME_DS,44366,70.60%,
2T,AR_SW_VF_yshaarj_nzoth_yogg_4013309839146495_IN_IV_DR_DS,44365,70.60%,
2T,VW_DH_TV_VF_yshaarj_nzoth_cthun_3696297371820013_IN_AM_ME,44364,70.60%,
2T,AR_EC_VF_yshaarj_nzoth_yogg_4013318429072895_IN_AM_DR_DS,44363,70.59%,
2T,AR_EC_VF_yshaarj_nzoth_yogg_4013301249727999_Mis_AM_ME,44362,70.59%,
2T,AR_SP_VF_yshaarj_nzoth_yogg_4013309839662591_Mis_IV_DR_DS,44362,70.59%,
2T,AR_EC_VF_yshaarj_nzoth_yogg_4013309839146495_Mis_IV_ME_DS,44362,70.59%,
2T,AR_SP_VF_nzoth_yogg_cthun_3169151196986863_Mis_AM_ME,44361,70.58%,
2T,AR_EC_VF_yshaarj_nzoth_yogg_4013584717053423_IN_AM_DR_DS,44360,70.58%,
2T,VW_DH_TV_VF_yshaarj_nzoth_yogg_3977634909577197_IN_IV_DR,44359,70.58%,
2T,VW_DH_VW_VF_nzoth_yogg_cthun_3132813769235951_Mis_AM_ME_DS,44359,70.58%,
2T,AR_EC_VF_nzoth_yogg_cthun_3169151196978687_IN_AM_ME,44359,70.58%,
2T,AR_EC_VF_nzoth_yogg_cthun_3132875970305519_Mis_AM_DR_DS,44359,70.58%,
2T,AR_SW_VF_nzoth_yogg_cthun_3132875903204847_IN_AM_ME_DS,44358,70.57%,
2T,AR_SW_VF_yshaarj_nzoth_yogg_4013584717053423_Mis_IV_ME_DS,44357,70.57%,
2T,AR_SW_VF_yshaarj_nzoth_yogg_4013302322945535_Mis_AM_DR,44356,70.57%,
2T,AR_SW_VF_yshaarj_nzoth_yogg_4013318429597167_IN_AM_DR_DS,44356,70.56%,
2T,AR_SP_VF_nzoth_yogg_cthun_3132867313262079_IN_AM_DR,44355,70.56%,
2T,AR_SP_VF_yshaarj_nzoth_yogg_4013318429597167_Mis_AM_DR_DS,44355,70.56%,
2T,AR_SW_VF_yshaarj_nzoth_yogg_4014409351290351_IN_AM_ME_DS,44354,70.56%,
2T,AR_EC_VF_nzoth_yogg_cthun_3132875903196671_IN_AM_ME_DS,44353,70.55%,
2T,VW_DH_TV_VF_nzoth_yogg_cthun_3132813768711679_Mis_AM_DR_DS,44352,70.55%,
2T,AR_EC_VF_yshaarj_yogg_cthun_1972332857253359_Mis_IV_DR,44350,70.54%,
2T,AR_SP_VF_yshaarj_yogg_cthun_1988688092716527_IN_IV_ME,44349,70.54%,
2T,AR_SP_VF_yshaarj_nzoth_yogg_4013318496181743_Mis_AM_ME_DS,44349,70.54%,
2T,AR_SP_VF_yshaarj_yogg_cthun_1988688092716527_IN_AM_DR,44348,70.53%,
2T,AR_EC_VF_nzoth_yogg_cthun_3169159787437551_Mis_AM_DR_DS,44347,70.53%,
2T,AR_SW_VF_yshaarj_nzoth_yogg_4013309839670767_IN_IV_ME_DS,44346,70.53%,
2T,AR_SP_VF_yshaarj_yogg_cthun_1988688026131951_Mis_IV_ME,44346,70.53%,
2T,AR_EC_VF_nzoth_yogg_cthun_3169159786921455_Mis_AM_DR_DS,44345,70.52%,
2T,AR_SW_VF_yshaarj_nzoth_yogg_4013301249736175_IN_AM_ME,44345,70.52%,
2T,AR_SW_VF_yshaarj_nzoth_yogg_4013310913404399_Mis_IV_ME_DS,44344,70.52%,
2T,AR_SP_VF_yshaarj_nzoth_yogg_4013576127110655_Mis_AM_DR,44341,70.51%,
2T,VW_DH_VW_VF_yshaarj_nzoth_yogg_3977773422272493_IN_AM_ME,44339,70.50%,
2T,VW_DH_VW_VF_yshaarj_nzoth_yogg_4049516555984877_IN_AM_ME,44337,70.49%,
2T,VW_DH_VW_VF_yshaarj_nzoth_yogg_3977497470631917_IN_AM_ME,44336,70.49%,
2T,AR_EC_VF_yshaarj_nzoth_yogg_4014409351290351_Mis_AM_DR_DS,44335,70.49%,
2T,AR_SW_VF_yshaarj_nzoth_yogg_4013851005017599_IN_AM_ME,44335,70.49%,
2T,AR_EC_VF_yshaarj_nzoth_yogg_4013309839670767_IN_AM_DR_DS,44334,70.48%,
2T,AR_SW_VF_yshaarj_nzoth_yogg_4013318429072895_IN_IV_ME_DS,44329,70.46%,
2T,AR_SW_VF_nzoth_yogg_cthun_3132996162280959_Mis_AM_ME,44329,70.46%,
2T,AR_SW_VF_yshaarj_nzoth_yogg_4013584717569519_IN_IV_ME_DS,44328,70.46%,
2T,VW_DH_VW_VF_nzoth_yogg_cthun_3132813769235951_Mis_AM_DR_DS,44327,70.45%,
2T,AR_SP_VF_yshaarj_nzoth_yogg_4013447278091775_Mis_AM_DR_DS,44327,70.45%,
2T,AR_SW_VF_yshaarj_nzoth_yogg_4013584717045247_IN_IV_DR_DS,44326,70.45%,
2T,AR_SW_VF_yshaarj_nzoth_yogg_4013851005025775_Mis_AM_ME,44325,70.45%,
2T,AR_SW_VF_nzoth_yogg_cthun_3169159854022127_IN_AM_ME_DS,44325,70.45%,
2T,AR_SW_VF_nzoth_yogg_cthun_3169151197502959_Mis_AM_ME,44324,70.44%,
2T,AR_EC_VF_yshaarj_nzoth_yogg_4013310912880127_IN_AM_DR_DS,44321,70.43%,
2T,VW_DH_VW_VF_nzoth_yogg_cthun_3132807326268911_Mis_AM_ME_DS,44321,70.43%,
2T,AR_SP_VF_yshaarj_nzoth_yogg_4013301316312575_Mis_AM_ME,44319,70.42%,
2T,AR_EC_VF_nzoth_yogg_cthun_3132858790436351_Mis_AM_ME,44319,70.42%,
2T,AR_EC_VF_yshaarj_yogg_cthun_2043251357244911_IN_AM_DR,44319,70.42%,
2T,AR_SW_VF_yshaarj_nzoth_yogg_4013301316312575_IN_AM_ME,44316,70.41%,
2T,AR_EC_VF_yshaarj_yogg_cthun_1988688026131951_Mis_IV_ME,44315,70.41%,
2T,AR_SP_VF_yshaarj_nzoth_yogg_4013318429072895_IN_AM_DR_DS,44315,70.41%,
2T,AR_SP_VF_yshaarj_nzoth_yogg_4013309839670767_Mis_IV_ME_DS,44311,70.39%,
2T,AR_EC_VF_nzoth_yogg_cthun_3132875903196671_Mis_IV_DR_DS,44310,70.39%,
2T,AR_SP_VF_nzoth_yogg_cthun_3132859797077487_Mis_AM_ME,44310,70.39%,
2T,AR_EC_VF_yshaarj_nzoth_yogg_4014409350766079_Mis_IV_ME_DS,44310,70.39%,
2T,AR_SP_VF_yshaarj_nzoth_yogg_4013447278091775_IN_AM_DR_DS,44309,70.38%,
2T,AR_EC_VF_yshaarj_nzoth_yogg_4013309906771439_IN_AM_ME_DS,44307,70.38%,
2T,VW_DH_TV_VF_nzoth_yogg_cthun_3132797662593005_IN_IV_ME,44307,70.38%,
2T,AR_SP_VF_yshaarj_nzoth_yogg_4013318429081071_Mis_AM_DR_DS,44303,70.36%,
2T,AR_SW_VF_yshaarj_nzoth_yogg_4013576127110655_Mis_AM_DR,44303,70.36%,
2T,VW_DH_VW_VF_nzoth_yogg_cthun_3133347418398701_IN_IV_ME,44303,70.36%,
2T,VW_DH_TV_VF_yshaarj_nzoth_cthun_3696298445561837_IN_IV_DR,44301,70.35%,
2T,AR_EC_VF_yshaarj_yogg_cthun_2043251357244911_Mis_AM_DR,44300,70.35%,
2T,VW_DH_TV_VF_nzoth_yogg_cthun_3132807326785007_Mis_AM_ME_DS,44300,70.35%,
2T,VW_DH_VW_VF_nzoth_yogg_cthun_3205372946210797_IN_IV_ME_DS,44299,70.35%,
2T,AR_SW_VF_yshaarj_yogg_cthun_1973432368881135_Mis_IV_DR,44298,70.34%,
2T,VW_DH_VW_VF_nzoth_yogg_cthun_3132813768711679_Mis_AM_ME_DS,44297,70.34%,
2T,VW_DH_TV_VF_nzoth_yogg_cthun_3132813768711679_Mis_AM_ME_DS,44295,70.33%,
2T,AR_SP_VF_yshaarj_nzoth_yogg_4013851005025775_Mis_AM_ME,44295,70.33%,
2T,VW_DH_TV_VF_nzoth_yogg_cthun_3132807326268911_Mis_AM_ME_DS,44293,70.33%,
2T,AR_EC_VF_yshaarj_nzoth_yogg_4013310912880127_Mis_IV_ME_DS,44293,70.32%,
2T,AR_SP_VF_yshaarj_yogg_cthun_1988688025607679_IN_IV_DR,44293,70.32%,
2T,AR_SW_VF_yshaarj_nzoth_yogg_4013301249211903_Mis_AM_DR,44293,70.32%,
2T,AR_SP_VF_yshaarj_nzoth_yogg_4013309906771439_Mis_AM_DR_DS,44293,70.32%,
2T,VW_DH_TV_VF_yshaarj_nzoth_yogg_3979697567621101_IN_IV_DR,44290,70.31%,
2T,VW_DH_VW_VF_yshaarj_nzoth_yogg_3977499618107373_IN_AM_DR,44290,70.31%,
2T,AR_EC_VF_nzoth_yogg_cthun_3132875903196671_Mis_IV_ME_DS,44290,70.31%,
2T,VW_DH_TV_VF_nzoth_yogg_cthun_3150243886850029_IN_IV_DR,44288,70.30%,
2T,AR_EC_VF_nzoth_yogg_cthun_3169159786921455_IN_AM_ME_DS,44287,70.30%,
2T,AR_SP_VF_yshaarj_nzoth_yogg_3977567121300991_Mis_AM_DR,44287,70.30%,
2T,AR_SW_VF_nzoth_yogg_cthun_3132859797077487_Mis_AM_ME,44281,70.28%,
2T,AR_SW_VF_yshaarj_nzoth_yogg_4013310912888303_IN_IV_ME_DS,44279,70.27%,
2T,AR_EC_VF_yshaarj_nzoth_yogg_4013309839146495_IN_IV_ME_DS,44277,70.26%,
2T,VW_DH_VW_VF_nzoth_yogg_cthun_3132797662593005_IN_IV_DR,44277,70.26%,
2T,AR_SW_VF_nzoth_yogg_cthun_3132867313786351_Mis_AM_ME,44276,70.26%,
2T,AR_EC_VF_yshaarj_yogg_cthun_1973432301780463_IN_IV_DR,44276,70.26%,
2T,AR_SP_VF_yshaarj_nzoth_yogg_4013584717569519_Mis_IV_ME_DS,44276,70.26%,
2T,AR_SP_VF_yshaarj_nzoth_yogg_4013301249736175_Mis_AM_ME,44274,70.25%,
2T,AR_EC_VF_yshaarj_yogg_cthun_2043251357244911_IN_IV_ME,44271,70.24%,
2T,AR_SP_VF_yshaarj_nzoth_yogg_4014409350774255_IN_AM_ME_DS,44271,70.24%,
2T,AR_SP_VF_nzoth_yogg_cthun_3169151196978687_Mis_AM_DR,44271,70.24%,
2T,VW_DH_VW_VF_nzoth_yogg_cthun_3132926511611885_IN_IV_DR,44270,70.24%,
2T,AR_SW_VF_yshaarj_nzoth_yogg_4013302322945535_IN_AM_ME,44270,70.24%,
2T,VW_DH_TV_VF_nzoth_yogg_cthun_3132935101538285_IN_IV_DR,44270,70.23%,
2T,AR_SW_VF_yshaarj_yogg_cthun_2043251290660335_IN_IV_DR,44270,70.23%,
2T,AR_SP_VF_yshaarj_yogg_cthun_2043251290660335_Mis_IV_DR,44268,70.23%,
2T,VW_DH_VW_VF_yshaarj_nzoth_yogg_3977497471148013_IN_AM_ME,44266,70.22%,
2T,AR_EC_VF_yshaarj_yogg_cthun_1971370717994479_IN_IV_DR,44266,70.22%,
2T,VW_DH_TV_VF_nzoth_yogg_cthun_3132935101538285_IN_IV_ME,44265,70.22%,
2T,AR_SP_VF_nzoth_yogg_cthun_3132859797069311_Mis_AM_DR,44263,70.21%,
2T,AR_EC_VF_yshaarj_yogg_cthun_1971370784579055_IN_AM_DR,44263,70.21%,
2T,AR_SW_VF_nzoth_yogg_cthun_3169159786913279_IN_AM_DR_DS,44263,70.21%,
2T,VW_DH_TV_VF_yshaarj_nzoth_yogg_4049515482243053_IN_AM_DR,44260,70.20%,
2T,VW_DH_TV_VF_nzoth_yogg_cthun_3134997759582189_IN_IV_ME,44260,70.20%,
2T,AR_SP_VF_yshaarj_nzoth_yogg_4013309906255343_IN_AM_DR_DS,44259,70.19%,
2T,AR_EC_VF_yshaarj_yogg_cthun_1971370784579055_Mis_AM_DR,44258,70.19%,
2T,AR_SW_VF_yshaarj_nzoth_yogg_4013301249727999_Mis_AM_DR,44256,70.18%,
2T,AR_SW_VF_yshaarj_nzoth_yogg_4013301316312575_Mis_AM_ME,44253,70.17%,
2T,AR_SP_VF_yshaarj_nzoth_yogg_4013584717045247_IN_IV_DR_DS,44251,70.16%,
2T,AR_SW_VF_nzoth_yogg_cthun_3169151196978687_Mis_AM_DR,44250,70.16%,
2T,AR_SW_VF_yshaarj_nzoth_yogg_4013301249736175_Mis_AM_ME,44248,70.15%,
2T,AR_SW_VF_nzoth_yogg_cthun_3169159787437551_Mis_AM_DR_DS,44247,70.15%,
2T,AR_EC_VF_yshaarj_yogg_cthun_1988688025607679_Mis_IV_ME,44246,70.14%,
2T,AR_SW_VF_yshaarj_nzoth_yogg_4014409350766079_IN_AM_DR_DS,44245,70.14%,
2T,AR_EC_VF_yshaarj_nzoth_yogg_4014409351290351_Mis_AM_ME_DS,44245,70.14%,
2T,VW_DH_VW_VF_yshaarj_nzoth_yogg_3979712600006637_IN_AM_DR_DS,44243,70.13%,
2T,AR_SW_VF_yshaarj_nzoth_yogg_4013310912880127_Mis_IV_DR_DS,44238,70.11%,
2T,AR_SP_VF_yshaarj_nzoth_yogg_4013576127634927_Mis_AM_ME,44237,70.11%,
2T,AR_SP_VF_yshaarj_nzoth_yogg_4013301249211903_Mis_AM_DR,44236,70.10%,
2T,AR_SW_VF_yshaarj_yogg_cthun_2043251290144239_IN_IV_DR,44236,70.10%,
2T,AR_EC_VF_yshaarj_nzoth_yogg_4013584784154095_IN_AM_ME_DS,44235,70.10%,
2T,AR_SW_VF_yshaarj_nzoth_yogg_4013310174682607_Mis_AM_ME_DS,44233,70.09%,
2T,AR_SP_VF_yshaarj_nzoth_yogg_4013301249727999_Mis_AM_DR,44233,70.09%,
2T,VW_DH_VW_VF_yshaarj_nzoth_yogg_3977788454658029_IN_AM_DR_DS,44232,70.09%,
2T,AR_EC_VF_nzoth_yogg_cthun_3132858723859951_Mis_AM_ME,44232,70.09%,
2T,VW_DH_TV_VF_nzoth_yogg_cthun_3132807326785007_Mis_AM_DR_DS,44229,70.08%,
2T,AR_SP_VF_yshaarj_nzoth_yogg_4013309906771439_IN_AM_DR_DS,44228,70.07%,
2T,VW_DH_TV_VF_nzoth_yogg_cthun_3205372946210797_IN_IV_DR_DS,44228,70.07%,
2T,AR_SP_VF_nzoth_yogg_cthun_3169159786913279_Mis_IV_ME_DS,44225,70.06%,
2T,AR_SW_VF_yshaarj_nzoth_yogg_4013309839670767_Mis_IV_ME_DS,44223,70.05%,
2T,AR_EC_VF_yshaarj_nzoth_yogg_4013309906771439_Mis_AM_ME_DS,44216,70.03%,
2T,AR_EC_VF_yshaarj_nzoth_yogg_4013310913404399_IN_AM_ME_DS,44214,70.02%,
2T,AR_EC_VF_yshaarj_yogg_cthun_1971370717994479_Mis_IV_DR,44214,70.02%,
2T,AR_EC_VF_yshaarj_nzoth_yogg_4013310912888303_Mis_AM_DR_DS,44213,70.02%,
2T,AR_SW_VF_yshaarj_nzoth_yogg_4013447278091775_IN_IV_ME_DS,44213,70.02%,
2T,AR_EC_VF_yshaarj_yogg_cthun_1988688026131951_Mis_AM_DR,44212,70.01%,
2T,VW_DH_TV_VF_nzoth_yogg_cthun_3133347418398701_IN_IV_DR,44211,70.01%,
2T,VW_DH_VW_VF_yshaarj_nzoth_yogg_3977635983319021_IN_AM_ME,44209,70.00%,
2T,AR_EC_VF_yshaarj_yogg_cthun_1973432302296559_IN_IV_DR,44208,70.00%,
2T,AR_SP_VF_nzoth_yogg_cthun_3169159786921455_IN_AM_DR_DS,44207,69.99%,
2T,AR_EC_VF_nzoth_yogg_cthun_3132875903720943_Mis_AM_DR_DS,44206,69.99%,
2T,AR_EC_VF_yshaarj_yogg_cthun_2043259947179503_Mis_IV_DR_DS,44205,69.99%,
2T,AR_SP_VF_yshaarj_nzoth_yogg_4013851005017599_IN_AM_ME,44205,69.99%,
2T,AR_SW_VF_nzoth_yogg_cthun_3169159786913279_IN_IV_ME_DS,44204,69.98%,
2T,VW_DH_TV_VF_yshaarj_nzoth_yogg_4049531588370413_IN_IV_DR_DS,44204,69.98%,
2T,VW_DH_VW_VF_nzoth_yogg_cthun_3132807326260735_Mis_AM_ME_DS,44199,69.96%,
2T,AR_EC_VF_yshaarj_yogg_cthun_1971370717478383_Mis_IV_DR,44199,69.96%,
2T,AR_SW_VF_yshaarj_yogg_cthun_1971370784579055_IN_IV_DR,44199,69.96%,
2T,AR_SP_VF_yshaarj_nzoth_yogg_4013447278099951_Mis_AM_ME_DS,44198,69.96%,
2T,VW_DH_TV_VF_yshaarj_nzoth_yogg_3979712600006637_IN_IV_DR_DS,44198,69.96%,
2T,VW_DH_TV_VF_nzoth_yogg_cthun_3132926578712557_IN_IV_ME,44197,69.95%,
2T,AR_SW_VF_yshaarj_nzoth_yogg_4013310174682607_IN_AM_ME_DS,44196,69.95%,
2T,AR_SW_VF_yshaarj_nzoth_yogg_4014409417874927_Mis_AM_ME_DS,44196,69.95%,
2T,VW_DH_TV_VF_nzoth_yogg_cthun_3135005275774957_IN_IV_ME_DS,44196,69.95%,
2T,AR_EC_VF_nzoth_yogg_cthun_3169159786921455_Mis_AM_ME_DS,44194,69.94%,
2T,AR_EC_VF_yshaarj_nzoth_yogg_4013309906255343_Mis_AM_ME_DS,44193,69.94%,
2T,AR_SW_VF_yshaarj_nzoth_yogg_4014400760831487_Mis_AM_ME,44191,69.93%,
2T,VW_DH_TV_VF_nzoth_yogg_cthun_3132797662593005_IN_IV_DR,44189,69.92%,
2T,VW_DH_VW_VF_yshaarj_nzoth_yogg_3977498544889837_IN_IV_DR,44187,69.92%,
2T,VW_DH_TV_VF_yshaarj_nzoth_yogg_3977497537732589_IN_IV_DR,44186,69.91%,
2T,VW_DH_TV_VF_nzoth_yogg_cthun_3132791220142061_IN_IV_DR,44186,69.91%,
2T,VW_DH_TV_VF_nzoth_yogg_cthun_3150243819749357_IN_IV_DR,44183,69.90%,
2T,AR_EC_VF_nzoth_yogg_cthun_3169159787437551_IN_AM_ME_DS,44183,69.90%,
2T,AR_SW_VF_yshaarj_nzoth_yogg_4014409350774255_IN_AM_ME_DS,44182,69.90%,
2T,VW_DH_VW_VF_nzoth_yogg_cthun_3132926511611885_IN_IV_ME,44181,69.89%,
2T,VW_DH_TV_VF_nzoth_yogg_cthun_3132926578712557_IN_IV_DR,44181,69.89%,
2T,AR_SP_VF_nzoth_yogg_cthun_3132875903196671_Mis_IV_DR_DS,44180,69.89%,
2T,VW_DH_VW_VF_yshaarj_nzoth_yogg_4049797876342765_IN_IV_DR_DS,44179,69.89%,
2T,VW_DH_TV_VF_nzoth_yogg_cthun_3132928659087341_IN_IV_DR,44179,69.89%,
2T,AR_SW_VF_yshaarj_nzoth_yogg_4013447278091775_Mis_AM_DR_DS,44179,69.89%,
2T,AR_SP_VF_nzoth_yogg_cthun_3132858723859951_Mis_AM_DR,44179,69.88%,
2T,AR_SW_VF_yshaarj_yogg_cthun_1988688025607679_Mis_IV_DR,44178,69.88%,
2T,VW_DH_TV_VF_yshaarj_nzoth_yogg_3979712600006637_IN_IV_ME_DS,44173,69.86%,
2T,AR_SP_VF_yshaarj_nzoth_yogg_4013302322945535_Mis_AM_ME,44170,69.85%,
2T,AR_SP_VF_yshaarj_nzoth_yogg_4013310912880127_IN_AM_DR_DS,44170,69.85%,
2T,AR_SW_VF_yshaarj_nzoth_yogg_4013309906247167_Mis_IV_ME_DS,44169,69.85%,
2T,AR_EC_VF_yshaarj_nzoth_yogg_4013584717045247_IN_IV_ME_DS,44168,69.84%,
2T,VW_DH_VW_VF_nzoth_yogg_cthun_3205372946210797_IN_IV_DR_DS,44167,69.84%,
2T,AR_EC_VF_yshaarj_yogg_cthun_2043251290136063_IN_IV_DR,44165,69.83%,
2T,VW_DH_VW_VF_yshaarj_nzoth_yogg_4049660437389293_IN_IV_DR_DS,44164,69.83%,
2T,AR_EC_VF_yshaarj_nzoth_yogg_4013584784154095_Mis_AM_ME_DS,44163,69.82%,
2T,AR_SP_VF_yshaarj_nzoth_yogg_4013576127118831_Mis_AM_ME,44162,69.82%,
2T,AR_SP_VF_yshaarj_yogg_cthun_1972332857253359_Mis_IV_DR,44161,69.81%,
2T,AR_EC_VF_yshaarj_yogg_cthun_1972332857253359_IN_IV_ME,44153,69.79%,
2T,AR_SW_VF_yshaarj_nzoth_yogg_4013576127110655_IN_AM_DR,44153,69.79%,
2T,VW_DH_TV_VF_yshaarj_nzoth_yogg_3977499618107373_IN_IV_ME,44149,69.77%,
2T,AR_SW_VF_yshaarj_nzoth_yogg_4013309839662591_IN_IV_DR_DS,44148,69.77%,
2T,AR_EC_VF_yshaarj_nzoth_yogg_4013309906247167_Mis_AM_DR_DS,44146,69.76%,
2T,AR_SW_VF_yshaarj_nzoth_yogg_4013318429081071_IN_AM_DR_DS,44146,69.76%,
2T,AR_SP_VF_yshaarj_yogg_cthun_1973432368881135_Mis_IV_DR,44146,69.76%,
2T,AR_SP_VF_yshaarj_nzoth_yogg_4014409351290351_Mis_AM_DR_DS,44146,69.76%,
2T,AR_SP_VF_yshaarj_nzoth_yogg_4013310912880127_IN_IV_ME_DS,44143,69.75%,
2T,AR_SW_VF_nzoth_yogg_cthun_3132858723859951_Mis_AM_ME,44143,69.75%,
2T,AR_EC_VF_yshaarj_yogg_cthun_1971370784579055_Mis_IV_ME,44141,69.74%,
2T,AR_SW_VF_yshaarj_nzoth_yogg_4013318429072895_Mis_IV_ME_DS,44141,69.74%,
2T,AR_SW_VF_nzoth_yogg_cthun_3169151196978687_IN_AM_ME,44141,69.74%,
2T,AR_SP_VF_yshaarj_nzoth_yogg_4013301249727999_IN_AM_ME,44140,69.74%,
2T,AR_EC_VF_nzoth_yogg_cthun_3132867313270255_Mis_AM_DR,44139,69.73%,
2T,AR_SW_VF_yshaarj_nzoth_yogg_4013584784154095_Mis_AM_DR_DS,44139,69.73%,
2T,AR_SP_VF_yshaarj_nzoth_yogg_4013310912880127_Mis_IV_ME_DS,44139,69.73%,
2T,AR_SW_VF_nzoth_yogg_cthun_3132859797069311_Mis_AM_ME,44136,69.72%,
2T,VW_DH_TV_VF_yshaarj_nzoth_cthun_3696313477947373_IN_IV_DR_DS,44135,69.72%,
2T,VW_DH_TV_VF_nzoth_yogg_cthun_3132928659087341_IN_IV_ME,44135,69.72%,
2T,AR_SP_VF_yshaarj_nzoth_yogg_4013310913404399_IN_AM_DR_DS,44132,69.70%,
2T,AR_SW_VF_nzoth_yogg_cthun_3132867313786351_Mis_AM_DR,44131,69.70%,
2T,VW_DH_TV_VF_nzoth_yogg_cthun_3132797729693677_IN_IV_ME,44131,69.70%,
2T,AR_SW_VF_yshaarj_nzoth_yogg_4013584717569519_Mis_IV_ME_DS,44130,69.69%,
2T,AR_SP_VF_yshaarj_nzoth_yogg_4013447278099951_IN_AM_ME_DS,44129,69.69%,
2T,AR_EC_VF_yshaarj_nzoth_yogg_4013447278091775_IN_AM_ME_DS,44128,69.69%,
2T,VW_DH_TV_VF_nzoth_yogg_cthun_3150243886850029_IN_IV_ME,44126,69.68%,
2T,VW_DH_VW_VF_yshaarj_nzoth_yogg_4049660437389293_IN_IV_ME_DS,44126,69.68%,
2T,AR_SP_VF_yshaarj_nzoth_yogg_4013310912888303_IN_AM_DR_DS,44121,69.66%,
2T,AR_SW_VF_nzoth_yogg_cthun_3169159854022127_Mis_AM_ME_DS,44121,69.66%,
2T,AR_SW_VF_yshaarj_yogg_cthun_1988688025607679_IN_IV_DR,44119,69.66%,
2T,AR_SP_VF_yshaarj_nzoth_yogg_4013447278616047_Mis_AM_ME_DS,44117,69.65%,
2T,AR_SP_VF_yshaarj_nzoth_yogg_4013309906255343_Mis_AM_DR_DS,44117,69.65%,
2T,AR_SP_VF_nzoth_yogg_cthun_3169151196978687_IN_AM_ME,44114,69.63%,
2T,AR_EC_VF_yshaarj_nzoth_yogg_4013309906247167_IN_AM_ME_DS,44113,69.63%,
2T,AR_SP_VF_nzoth_yogg_cthun_3132858723859951_Mis_AM_ME,44113,69.63%,
2T,AR_SP_VF_nzoth_yogg_cthun_3169159787437551_Mis_AM_DR_DS,44111,69.62%,
2T,AR_SP_VF_yshaarj_nzoth_yogg_3977567121309167_Mis_AM_ME,44110,69.62%,
2T,VW_DH_TV_VF_nzoth_yogg_cthun_3134997759582189_IN_IV_DR,44109,69.62%,
2T,VW_DH_VW_VF_yshaarj_nzoth_yogg_3977514650492909_IN_AM_DR_DS,44107,69.61%,
2T,VW_DH_VW_VF_nzoth_yogg_cthun_3132926578712557_IN_IV_DR,44104,69.60%,
2T,VW_DH_VW_VF_yshaarj_nzoth_yogg_3977515724234733_IN_IV_DR_DS,44103,69.59%,
2T,AR_SP_VF_yshaarj_nzoth_yogg_4013318429081071_IN_AM_ME_DS,44097,69.57%,
2T,AR_SW_VF_yshaarj_nzoth_yogg_4014409351290351_Mis_AM_DR_DS,44096,69.57%,
2T,AR_EC_VF_yshaarj_nzoth_yogg_4013310912880127_Mis_AM_DR_DS,44096,69.57%,
2T,AR_EC_VF_yshaarj_yogg_cthun_1988688025607679_Mis_AM_DR,44095,69.56%,
2T,VW_DH_TV_VF_nzoth_yogg_cthun_3150519771389933_IN_IV_ME,44094,69.56%,
2T,VW_DH_VW_VF_nzoth_yogg_cthun_3132935101538285_IN_IV_DR,44093,69.56%,
2T,VW_DH_VW_VF_yshaarj_nzoth_yogg_4049522998444013_IN_IV_DR_DS,44093,69.56%,
2T,AR_SW_VF_yshaarj_yogg_cthun_1988688025615855_IN_IV_DR,44093,69.55%,
2T,AR_SW_VF_yshaarj_nzoth_yogg_4013310913404399_IN_AM_DR_DS,44091,69.55%,
2T,AR_EC_VF_yshaarj_nzoth_yogg_4014409350774255_Mis_AM_ME_DS,44090,69.54%,
2T,VW_DH_VW_VF_nzoth_yogg_cthun_3135005275774957_IN_IV_DR_DS,44089,69.54%,
2T,AR_EC_VF_yshaarj_nzoth_yogg_4013310912888303_IN_AM_ME_DS,44088,69.54%,
2T,AR_SW_VF_yshaarj_nzoth_yogg_4013309839146495_Mis_IV_DR_DS,44087,69.53%,
2T,AR_SW_VF_nzoth_yogg_cthun_3169159786913279_Mis_IV_ME_DS,44087,69.53%,
2T,AR_SP_VF_yshaarj_nzoth_yogg_4013851005017599_Mis_AM_ME,44085,69.52%,
2T,AR_EC_VF_yshaarj_nzoth_yogg_4013584717569519_IN_AM_DR_DS,44084,69.52%,
2T,VW_DH_VW_VF_yshaarj_nzoth_yogg_3977513577275373_IN_IV_DR_DS,44084,69.52%,
2T,AR_EC_VF_yshaarj_yogg_cthun_1971370717470207_Mis_IV_DR,44084,69.52%,
2T,VW_DH_TV_VF_nzoth_yogg_cthun_3132797729693677_IN_IV_DR,44083,69.52%,
2T,VW_DH_VW_VF_yshaarj_nzoth_yogg_4049516555984877_IN_AM_DR,44083,69.51%,
2T,VW_DH_VW_VF_yshaarj_nzoth_yogg_3977497471148013_IN_AM_DR,44083,69.51%,
2T,AR_SP_VF_yshaarj_nzoth_yogg_4013302322945535_IN_AM_ME,44081,69.51%,
2T,VW_DH_VW_VF_nzoth_yogg_cthun_3132797662593005_IN_IV_ME,44080,69.51%,
2T,AR_EC_VF_yshaarj_yogg_cthun_1972332790144511_IN_IV_DR,44079,69.50%,
2T,VW_DH_TV_VF_nzoth_yogg_cthun_3150252409675757_IN_IV_DR,44079,69.50%,
2T,VW_DH_VW_VF_nzoth_yogg_cthun_3132807326260735_Mis_AM_DR_DS,44078,69.50%,
2T,AR_SW_VF_nzoth_yogg_cthun_3169159786921455_Mis_AM_DR_DS,44076,69.49%,
2T,AR_SW_VF_yshaarj_yogg_cthun_1988688092716527_IN_AM_DR,44073,69.48%,
2T,VW_DH_VW_VF_nzoth_yogg_cthun_3132791220142061_IN_IV_ME,44070,69.47%,
2T,VW_DH_VW_VF_nzoth_yogg_cthun_3132935101538285_IN_IV_ME,44069,69.46%,
2T,VW_DH_TV_VF_nzoth_yogg_cthun_3132926512127981_IN_IV_ME,44067,69.45%,
2T,AR_SW_VF_yshaarj_nzoth_yogg_4013584717045247_Mis_IV_DR_DS,44067,69.45%,
2T,AR_EC_VF_yshaarj_nzoth_yogg_4013309906255343_IN_AM_ME_DS,44066,69.45%,
2T,AR_SW_VF_yshaarj_nzoth_yogg_4013447278099951_Mis_AM_ME_DS,44066,69.45%,
2T,AR_EC_VF_yshaarj_yogg_cthun_1971370784579055_IN_IV_ME,44066,69.45%,
2T,VW_DH_TV_VF_nzoth_yogg_cthun_3132807326260735_Mis_AM_ME_DS,44064,69.44%,
2T,VW_DH_TV_VF_nzoth_yogg_cthun_3150519771389933_IN_IV_DR,44062,69.43%,
2T,AR_SW_VF_yshaarj_nzoth_yogg_4013309906771439_Mis_AM_DR_DS,44061,69.43%,
2T,AR_SP_VF_nzoth_yogg_cthun_3169159786913279_IN_AM_DR_DS,44059,69.42%,
2T,AR_SP_VF_nzoth_yogg_cthun_3132875970305519_Mis_AM_DR_DS,44058,69.42%,
2T,VW_DH_TV_VF_nzoth_yogg_cthun_3133347418398701_IN_IV_ME,44057,69.42%,
2T,VW_DH_TV_VF_yshaarj_nzoth_cthun_3768322899632109_IN_IV_ME_DS,44057,69.41%,
2T,AR_EC_VF_yshaarj_yogg_cthun_2043259947179503_IN_IV_DR_DS,44056,69.41%,
2T,AR_SW_VF_yshaarj_nzoth_yogg_4013318429081071_Mis_AM_DR_DS,44053,69.40%,
2T,AR_SP_VF_yshaarj_nzoth_yogg_4013447278616047_IN_AM_ME_DS,44049,69.39%,
2T,AR_SW_VF_yshaarj_yogg_cthun_2043251290660335_Mis_IV_DR,44049,69.39%,
2T,AR_SW_VF_yshaarj_yogg_cthun_1972332790668783_IN_IV_DR,44048,69.38%,
2T,VW_DH_TV_VF_yshaarj_nzoth_yogg_3977514650492909_IN_IV_ME_DS,44048,69.38%,
2T,VW_DH_VW_VF_yshaarj_nzoth_yogg_4049523065544685_IN_IV_ME_DS,44047,69.38%,
2T,VW_DH_TV_VF_yshaarj_nzoth_yogg_3977497471148013_IN_IV_ME,44046,69.37%,
2T,AR_SW_VF_yshaarj_nzoth_yogg_4013851005017599_Mis_AM_ME,44045,69.37%,
2T,VW_DH_TV_VF_nzoth_yogg_cthun_3132797663109101_IN_IV_ME,44044,69.37%,
2T,AR_SW_VF_yshaarj_nzoth_yogg_4013310979988975_Mis_AM_DR_DS,44044,69.37%,
2T,AR_SP_VF_yshaarj_nzoth_yogg_4013310979988975_Mis_AM_ME_DS,44044,69.37%,
2T,AR_EC_VF_yshaarj_nzoth_yogg_4013584717045247_IN_AM_DR_DS,44041,69.35%,
2T,VW_DH_VW_VF_yshaarj_nzoth_yogg_3977635983319021_IN_AM_DR,44038,69.34%,
2T,AR_SW_VF_yshaarj_nzoth_yogg_4013576127110655_IN_AM_ME,44037,69.34%,
2T,AR_SP_VF_yshaarj_nzoth_yogg_4013584717045247_Mis_IV_DR_DS,44036,69.34%,
2T,VW_DH_VW_VF_nzoth_yogg_cthun_3132807326785007_Mis_AM_DR_DS,44031,69.32%,
2T,VW_DH_TV_VF_yshaarj_nzoth_cthun_3696313477947373_IN_IV_ME_DS,44030,69.31%,
2T,VW_DH_TV_VF_yshaarj_nzoth_cthun_3768322899632109_IN_IV_DR_DS,44028,69.30%,
2T,VW_DH_TV_VF_nzoth_yogg_cthun_3134996685840365_IN_AM_ME,44028,69.30%,
2T,AR_EC_VF_yshaarj_nzoth_yogg_4013309839662591_Mis_IV_ME_DS,44024,69.29%,
2T,AR_SW_VF_nzoth_yogg_cthun_3132875903196671_Mis_IV_ME_DS,44024,69.29%,
2T,AR_SW_VF_yshaarj_nzoth_yogg_4013310913404399_IN_IV_ME_DS,44023,69.28%,
2T,AR_EC_VF_yshaarj_yogg_cthun_1971233346149871_IN_IV_DR,44022,69.28%,
2T,AR_SP_VF_yshaarj_nzoth_yogg_4013318429597167_IN_AM_ME_DS,44020,69.27%,
2T,AR_EC_VF_yshaarj_yogg_cthun_1973432301780463_Mis_IV_DR,44019,69.27%,
2T,VW_DH_TV_VF_nzoth_yogg_cthun_3132807326260735_Mis_AM_DR_DS,44019,69.27%,
2T,AR_SW_VF_yshaarj_nzoth_yogg_4013318429597167_IN_AM_ME_DS,44018,69.27%,
2T,VW_DH_VW_VF_nzoth_yogg_cthun_3132807326785007_Mis_AM_ME_DS,44016,69.26%,
2T,VW_DH_VW_VF_yshaarj_nzoth_yogg_4049531588370413_IN_AM_ME_DS,44016,69.26%,
2T,VW_DH_TV_VF_yshaarj_nzoth_yogg_3979696493879277_IN_AM_DR,44015,69.25%,
2T,VW_DH_TV_VF_nzoth_yogg_cthun_3150252409675757_IN_IV_ME,44013,69.25%,
2T,AR_SW_VF_nzoth_yogg_cthun_3132875970305519_Mis_AM_DR_DS,44010,69.24%,
2T,VW_DH_VW_VF_nzoth_yogg_cthun_3132928659087341_IN_IV_DR,44010,69.24%,
2T,AR_SW_VF_yshaarj_yogg_cthun_2043251290144239_Mis_IV_DR,44010,69.24%,
2T,AR_SW_VF_yshaarj_nzoth_yogg_4013309906247167_IN_IV_ME_DS,44007,69.22%,
2T,AR_SW_VF_yshaarj_nzoth_yogg_4014409350766079_Mis_IV_ME_DS,44006,69.22%,
2T,AR_EC_VF_yshaarj_yogg_cthun_1988688025615855_IN_IV_ME,44004,69.21%,
2T,AR_SW_VF_yshaarj_nzoth_yogg_4013309906255343_Mis_AM_DR_DS,44003,69.21%,
2T,VW_DH_TV_VF_nzoth_yogg_cthun_3150243819749357_IN_IV_ME,44003,69.21%,
2T,VW_DH_VW_VF_nzoth_yogg_cthun_3132926578712557_IN_IV_ME,44001,69.20%,
2T,VW_DH_VW_VF_nzoth_yogg_cthun_3132928659087341_IN_IV_ME,44000,69.20%,
2T,AR_SP_VF_nzoth_yogg_cthun_3132867313786351_Mis_AM_ME,43999,69.19%,
2T,VW_DH_TV_VF_nzoth_yogg_cthun_3132791220142061_IN_IV_ME,43998,69.19%,
2T,AR_SW_VF_yshaarj_nzoth_yogg_4013309839662591_Mis_IV_DR_DS,43998,69.19%,
2T,AR_SP_VF_yshaarj_nzoth_yogg_4013309839146495_Mis_IV_ME_DS,43997,69.19%,
2T,AR_SW_VF_yshaarj_yogg_cthun_2043251357244911_Mis_IV_ME,43996,69.18%,
2T,AR_SP_VF_yshaarj_nzoth_yogg_4013309839670767_IN_AM_DR_DS,43995,69.18%,
2T,AR_EC_VF_nzoth_yogg_cthun_3169159786913279_Mis_AM_DR_DS,43995,69.18%,
2T,AR_EC_VF_yshaarj_nzoth_yogg_4013584717045247_Mis_IV_ME_DS,43993,69.17%,
2T,AR_SW_VF_nzoth_yogg_cthun_3169151196978687_Mis_AM_ME,43992,69.17%,
2T,AR_SP_VF_yshaarj_yogg_cthun_1988688025615855_Mis_IV_ME,43992,69.17%,
2T,VW_DH_VW_VF_yshaarj_nzoth_yogg_3977773422272493_IN_AM_DR,43991,69.16%,
2T,AR_SW_VF_yshaarj_yogg_cthun_1972332790152687_IN_IV_DR,43987,69.15%,
2T,AR_EC_VF_nzoth_yogg_cthun_3132858723851775_Mis_AM_ME,43987,69.15%,
2T,AR_EC_VF_yshaarj_yogg_cthun_1988688025615855_Mis_AM_DR,43986,69.14%,
2T,VW_DH_TV_VF_yshaarj_nzoth_yogg_3977499618107373_IN_IV_DR,43986,69.14%,
2T,AR_EC_VF_yshaarj_yogg_cthun_1973432368881135_Mis_IV_ME,43985,69.14%,
2T,AR_SP_VF_nzoth_yogg_cthun_3132858723851775_Mis_AM_DR,43983,69.13%,
2T,AR_EC_VF_yshaarj_yogg_cthun_1972332790152687_Mis_IV_DR,43982,69.13%,
2T,AR_SP_VF_yshaarj_nzoth_yogg_4013576127110655_IN_AM_ME,43982,69.13%,
2T,VW_DH_TV_VF_yshaarj_nzoth_yogg_3977497471148013_IN_IV_DR,43980,69.12%,
2T,VW_DH_VW_VF_nzoth_yogg_cthun_3150243819749357_IN_IV_DR,43978,69.11%,
2T,VW_DH_VW_VF_nzoth_yogg_cthun_3132791220142061_IN_IV_DR,43978,69.11%,
2T,VW_DH_TV_VF_nzoth_yogg_cthun_3150245967224813_IN_IV_ME,43975,69.10%,
2T,AR_SP_VF_yshaarj_nzoth_yogg_4013309906247167_Mis_AM_DR_DS,43974,69.10%,
2T,AR_SW_VF_yshaarj_nzoth_yogg_4013447278616047_Mis_AM_ME_DS,43974,69.10%,
2T,VW_DH_VW_VF_nzoth_yogg_cthun_3133347418398701_IN_IV_DR,43973,69.09%,
2T,VW_DH_TV_VF_yshaarj_nzoth_yogg_3977773422272493_IN_IV_ME,43973,69.09%,
2T,AR_EC_VF_yshaarj_yogg_cthun_2043251290144239_IN_IV_ME,43972,69.09%,
2T,VW_DH_TV_VF_nzoth_yogg_cthun_3135005275774957_IN_IV_DR_DS,43972,69.09%,
2T,VW_DH_VW_VF_nzoth_yogg_cthun_3134997759582189_IN_IV_DR,43970,69.08%,
2T,AR_EC_VF_yshaarj_yogg_cthun_1988688026131951_IN_AM_DR,43968,69.07%,
2T,VW_DH_VW_VF_nzoth_yogg_cthun_3150252409675757_IN_IV_ME,43968,69.07%,
2T,AR_SW_VF_yshaarj_nzoth_yogg_4014409350774255_Mis_AM_DR_DS,43967,69.07%,
2T,VW_DH_VW_VF_yshaarj_nzoth_yogg_3977788454658029_IN_AM_ME_DS,43965,69.06%,
2T,AR_SW_VF_yshaarj_nzoth_yogg_4013309906247167_IN_AM_DR_DS,43964,69.06%,
2T,AR_EC_VF_yshaarj_yogg_cthun_2043251290136063_Mis_IV_DR,43963,69.06%,
2T,AR_SW_VF_yshaarj_nzoth_yogg_4013301249727999_IN_AM_ME,43963,69.05%,
2T,AR_SP_VF_yshaarj_nzoth_yogg_4013309906247167_IN_AM_DR_DS,43960,69.04%,
2T,VW_DH_TV_VF_yshaarj_nzoth_yogg_4049524072177645_IN_IV_DR_DS,43956,69.03%,
2T,AR_EC_VF_yshaarj_yogg_cthun_1971233345633775_IN_IV_DR,43955,69.02%,
2T,VW_DH_TV_VF_nzoth_yogg_cthun_3132791287242733_IN_IV_ME,43955,69.02%,
2T,AR_SW_VF_nzoth_yogg_cthun_3132867313270255_Mis_AM_DR,43952,69.01%,
2T,AR_SW_VF_nzoth_yogg_cthun_3132875903196671_IN_AM_DR_DS,43952,69.01%,
2T,AR_SW_VF_yshaarj_yogg_cthun_1972332857253359_Mis_IV_DR,43952,69.01%,
2T,VW_DH_TV_VF_yshaarj_nzoth_yogg_3977773422272493_IN_IV_DR,43952,69.01%,
2T,AR_SW_VF_yshaarj_yogg_cthun_1971233614061039_IN_IV_DR,43951,69.01%,
2T,AR_SW_VF_yshaarj_nzoth_yogg_4013584717053423_IN_AM_DR_DS,43951,69.01%,
2T,VW_DH_VW_VF_yshaarj_nzoth_yogg_4049522998444013_IN_IV_ME_DS,43950,69.00%,
2T,AR_SP_VF_yshaarj_yogg_cthun_1971233614061039_IN_IV_DR,43949,69.00%,
2T,AR_SP_VF_nzoth_yogg_cthun_3132875903196671_IN_AM_ME_DS,43949,69.00%,
2T,VW_DH_VW_VF_nzoth_yogg_cthun_3134997759582189_IN_IV_ME,43949,69.00%,
2T,VW_DH_VW_VF_yshaarj_nzoth_yogg_3977515724234733_IN_AM_ME_DS,43947,68.99%,
2T,AR_SW_VF_nzoth_yogg_cthun_3132858723859951_Mis_AM_DR,43946,68.99%,
2T,AR_SW_VF_yshaarj_nzoth_yogg_4013310912888303_IN_AM_DR_DS,43946,68.99%,
2T,AR_SW_VF_yshaarj_nzoth_yogg_3977567121300991_Mis_AM_DR,43944,68.98%,
2T,AR_SW_VF_nzoth_yogg_cthun_3132867313270255_Mis_AM_ME,43943,68.98%,
2T,VW_DH_TV_VF_nzoth_yogg_cthun_3132797663109101_IN_IV_DR,43940,68.97%,
2T,VW_DH_TV_VF_yshaarj_nzoth_yogg_3979696493879277_IN_AM_ME,43938,68.96%,
2T,VW_DH_TV_VF_nzoth_yogg_cthun_3134996685840365_IN_AM_DR,43937,68.95%,
2T,AR_SW_VF_yshaarj_nzoth_yogg_4013310912880127_IN_AM_DR_DS,43936,68.95%,
2T,VW_DH_VW_VF_nzoth_yogg_cthun_3135005275774957_IN_IV_ME_DS,43936,68.95%,
2T,AR_SW_VF_yshaarj_nzoth_yogg_3977567121300991_Mis_AM_ME,43936,68.95%,
2T,AR_SW_VF_nzoth_yogg_cthun_3132875903196671_Mis_IV_DR_DS,43932,68.93%,
2T,VW_DH_VW_VF_yshaarj_nzoth_yogg_3977651015704557_IN_AM_ME_DS,43930,68.93%,
2T,AR_SW_VF_yshaarj_nzoth_yogg_4013447278091775_IN_AM_DR_DS,43929,68.93%,
2T,AR_EC_VF_yshaarj_nzoth_yogg_4014409350766079_Mis_AM_DR_DS,43928,68.92%,
2T,AR_SP_VF_yshaarj_nzoth_yogg_4013301249211903_IN_AM_ME,43928,68.92%,
2T,VW_DH_VW_VF_yshaarj_nzoth_yogg_4049523065544685_IN_IV_DR_DS,43928,68.92%,
2T,AR_EC_VF_yshaarj_nzoth_yogg_4013447278091775_Mis_AM_ME_DS,43927,68.92%,
2T,AR_SP_VF_yshaarj_nzoth_yogg_4013310979988975_IN_AM_ME_DS,43926,68.91%,
2T,AR_SW_VF_yshaarj_nzoth_yogg_3977567121309167_Mis_AM_ME,43925,68.91%,
2T,AR_SW_VF_nzoth_yogg_cthun_3169159787437551_Mis_AM_ME_DS,43925,68.91%,
2T,AR_SP_VF_yshaarj_nzoth_yogg_4014409351290351_Mis_AM_ME_DS,43924,68.90%,
2T,AR_EC_VF_yshaarj_nzoth_yogg_4013310913404399_Mis_AM_ME_DS,43922,68.90%,
2T,AR_SW_VF_yshaarj_nzoth_yogg_4013309906247167_Mis_AM_DR_DS,43922,68.90%,
2T,AR_SP_VF_nzoth_yogg_cthun_3169159787437551_IN_AM_ME_DS,43921,68.89%,
2T,VW_DH_VW_VF_yshaarj_nzoth_yogg_4049531588370413_IN_AM_DR_DS,43921,68.89%,
2T,VW_DH_VW_VF_nzoth_yogg_cthun_3150245967224813_IN_IV_DR,43920,68.89%,
2T,AR_EC_VF_yshaarj_nzoth_yogg_4013584717569519_Mis_AM_DR_DS,43920,68.89%,
2T,AR_SP_VF_yshaarj_nzoth_yogg_4013584784154095_Mis_AM_DR_DS,43919,68.89%,
2T,AR_SW_VF_yshaarj_nzoth_yogg_4013318429072895_IN_AM_DR_DS,43918,68.88%,
2T,AR_SW_VF_yshaarj_yogg_cthun_1988688026131951_IN_IV_DR,43916,68.87%,
2T,VW_DH_TV_VF_nzoth_yogg_cthun_3135004202041325_IN_IV_DR_DS,43916,68.87%,
2T,AR_SP_VF_yshaarj_nzoth_yogg_4013584717045247_IN_IV_ME_DS,43915,68.87%,
2T,AR_EC_VF_yshaarj_yogg_cthun_1971234419367407_IN_IV_DR,43914,68.87%,
2T,AR_EC_VF_yshaarj_yogg_cthun_1971370717478383_IN_IV_DR,43912,68.86%,
2T,VW_DH_TV_VF_yshaarj_nzoth_cthun_3696297371820013_IN_AM_DR,43911,68.86%,
2T,VW_DH_TV_VF_nzoth_yogg_cthun_3132926512127981_IN_IV_DR,43909,68.85%,
2T,AR_SP_VF_yshaarj_yogg_cthun_1988688025615855_Mis_AM_DR,43907,68.84%,
2T,AR_EC_VF_nzoth_yogg_cthun_3132858723335679_Mis_AM_DR,43906,68.84%,
2T,VW_DH_VW_VF_nzoth_yogg_cthun_3132797729693677_IN_IV_DR,43906,68.83%,
2T,AR_SP_VF_yshaarj_nzoth_yogg_4013318429072895_IN_AM_ME_DS,43903,68.82%,
2T,VW_DH_TV_VF_nzoth_yogg_cthun_3150245967224813_IN_IV_DR,43902,68.82%,
2T,VW_DH_TV_VF_nzoth_yogg_cthun_3135012791967725_IN_IV_ME_DS,43902,68.82%,
2T,AR_SW_VF_nzoth_yogg_cthun_3132858790436351_Mis_AM_ME,43901,68.82%,
2T,AR_EC_VF_yshaarj_yogg_cthun_2043251290660335_IN_IV_ME,43899,68.81%,
2T,AR_EC_VF_yshaarj_nzoth_yogg_4013318429072895_IN_AM_ME_DS,43899,68.81%,
2T,VW_DH_TV_VF_nzoth_yogg_cthun_3132799810068461_IN_IV_ME,43898,68.80%,
2T,AR_SP_VF_yshaarj_nzoth_yogg_4013318429072895_Mis_AM_DR_DS,43897,68.80%,
2T,AR_SP_VF_nzoth_yogg_cthun_3169159786921455_IN_AM_ME_DS,43897,68.80%,
2T,AR_SP_VF_yshaarj_nzoth_yogg_4013576127110655_Mis_AM_ME,43895,68.79%,
2T,VW_DH_VW_VF_nzoth_yogg_cthun_3150252409675757_IN_IV_DR,43894,68.79%,
2T,VW_DH_VW_VF_yshaarj_nzoth_yogg_3977498611474413_IN_AM_ME,43889,68.77%,
2T,AR_SW_VF_yshaarj_nzoth_yogg_4013447278099951_IN_AM_ME_DS,43881,68.74%,
2T,AR_SP_VF_yshaarj_yogg_cthun_1972332790152687_IN_IV_DR,43880,68.74%,
2T,AR_EC_VF_nzoth_yogg_cthun_3132867313262079_Mis_AM_DR,43877,68.72%,
2T,AR_SP_VF_yshaarj_yogg_cthun_2043251357244911_Mis_AM_DR,43876,68.72%,
2T,AR_SW_VF_yshaarj_yogg_cthun_1973432368881135_IN_IV_DR,43873,68.71%,
2T,VW_DH_VW_VF_yshaarj_nzoth_yogg_3977567263842285_Mis_AM_ME,43872,68.71%,
2T,AR_EC_VF_yshaarj_yogg_cthun_2043251290660335_Mis_IV_ME,43871,68.70%,
2T,VW_DH_TV_VF_nzoth_yogg_cthun_3132799810068461_IN_IV_DR,43870,68.70%,
2T,AR_EC_VF_yshaarj_yogg_cthun_2043251290144239_Mis_IV_ME,43868,68.69%,
2T,VW_DH_TV_VF_nzoth_yogg_cthun_3150243820265453_IN_IV_DR,43867,68.68%,
2T,AR_SP_VF_yshaarj_nzoth_yogg_4013584784154095_Mis_AM_ME_DS,43866,68.68%,
2T,AR_SP_VF_yshaarj_nzoth_yogg_3977567121300991_Mis_AM_ME,43866,68.68%,
2T,AR_SP_VF_yshaarj_nzoth_yogg_4013309839146495_IN_IV_ME_DS,43865,68.68%,
2T,AR_SP_VF_yshaarj_yogg_cthun_1972332790144511_IN_IV_DR,43864,68.67%,
2T,AR_SW_VF_yshaarj_yogg_cthun_1971370717994479_Mis_IV_DR,43864,68.67%,
2T,AR_SW_VF_nzoth_yogg_cthun_3169159787437551_IN_AM_ME_DS,43863,68.67%,
2T,AR_SW_VF_yshaarj_nzoth_yogg_4013310912880127_IN_IV_ME_DS,43863,68.67%,
2T,AR_SW_VF_yshaarj_yogg_cthun_1971233614061039_Mis_IV_DR,43861,68.66%,
2T,AR_EC_VF_nzoth_yogg_cthun_3169159786913279_Mis_AM_ME_DS,43857,68.65%,
2T,AR_SW_VF_nzoth_yogg_cthun_3132875970305519_Mis_AM_ME_DS,43857,68.65%,
2T,AR_SP_VF_yshaarj_nzoth_yogg_4014409350766079_IN_AM_ME_DS,43856,68.64%,
2T,AR_SP_VF_nzoth_yogg_cthun_3132875903196671_Mis_IV_ME_DS,43855,68.64%,
2T,VW_DH_VW_VF_yshaarj_nzoth_cthun_3768322899632109_IN_AM_DR_DS,43853,68.63%,
2T,AR_EC_VF_yshaarj_yogg_cthun_1973432302296559_Mis_IV_DR,43851,68.62%,
2T,VW_DH_VW_VF_nzoth_yogg_cthun_3132799810068461_IN_IV_ME,43851,68.62%,
2T,AR_SW_VF_yshaarj_nzoth_yogg_4013584717569519_IN_AM_DR_DS,43848,68.61%,
2T,AR_SP_VF_nzoth_yogg_cthun_3132858790436351_Mis_AM_ME,43848,68.61%,
2T,VW_DH_TV_VF_yshaarj_nzoth_yogg_3977772348530669_IN_AM_ME,43848,68.61%,
2T,VW_DH_VW_VF_yshaarj_nzoth_yogg_3977498544889837_IN_AM_ME,43847,68.61%,
2T,AR_EC_VF_yshaarj_yogg_cthun_2043251290660335_IN_AM_DR,43846,68.61%,
2T,AR_SP_VF_yshaarj_nzoth_yogg_4013309839662591_Mis_IV_ME_DS,43846,68.60%,
2T,VW_DH_TV_VF_nzoth_yogg_cthun_3132859939610605_Mis_IV_DR,43843,68.59%,
2T,AR_EC_VF_yshaarj_yogg_cthun_2043251357244911_Mis_AM_ME,43843,68.59%,
2T,AR_SP_VF_yshaarj_nzoth_yogg_4013584784154095_IN_AM_ME_DS,43842,68.59%,
2T,VW_DH_VW_VF_nzoth_yogg_cthun_3132926512127981_IN_IV_ME,43842,68.59%,
2T,AR_SW_VF_yshaarj_yogg_cthun_1988688025615855_Mis_IV_ME,43841,68.59%,
2T,VW_DH_VW_VF_yshaarj_nzoth_cthun_3768322899632109_IN_AM_ME_DS,43839,68.58%,
2T,AR_SP_VF_yshaarj_nzoth_yogg_4014409350774255_Mis_AM_ME_DS,43838,68.58%,
2T,VW_DH_VW_VF_nzoth_yogg_cthun_3134996685840365_IN_AM_DR,43837,68.57%,
2T,AR_SP_VF_yshaarj_nzoth_yogg_4014409350774255_Mis_AM_DR_DS,43832,68.55%,
2T,VW_DH_TV_VF_nzoth_yogg_cthun_3132859939610605_Mis_IV_ME,43832,68.55%,
2T,AR_EC_VF_yshaarj_nzoth_yogg_4013310912888303_Mis_AM_ME_DS,43831,68.55%,
2T,AR_SW_VF_yshaarj_nzoth_yogg_4013447278616047_IN_AM_ME_DS,43830,68.54%,
2T,AR_SW_VF_yshaarj_nzoth_yogg_4013302322945535_Mis_AM_ME,43829,68.54%,
2T,AR_EC_VF_yshaarj_yogg_cthun_2043251290660335_Mis_AM_DR,43827,68.53%,
2T,AR_SP_VF_yshaarj_yogg_cthun_1988688025607679_Mis_IV_ME,43827,68.53%,
2T,AR_SP_VF_yshaarj_nzoth_yogg_4013309906771439_Mis_AM_ME_DS,43827,68.53%,
2T,AR_SP_VF_yshaarj_yogg_cthun_2043259947179503_IN_IV_DR_DS,43824,68.52%,
2T,AR_SP_VF_yshaarj_yogg_cthun_1973432301780463_IN_IV_DR,43824,68.52%,
2T,AR_SP_VF_yshaarj_yogg_cthun_1988688025615855_IN_IV_ME,43823,68.52%,
2T,AR_EC_VF_yshaarj_yogg_cthun_1973432368881135_IN_AM_DR,43820,68.51%,
2T,AR_SP_VF_nzoth_yogg_cthun_3169159786921455_Mis_AM_DR_DS,43819,68.50%,
2T,AR_EC_VF_yshaarj_yogg_cthun_1971370717470207_IN_IV_DR,43819,68.50%,
2T,VW_DH_VW_VF_yshaarj_nzoth_yogg_3977498544373741_IN_AM_DR,43818,68.50%,
2T,AR_SP_VF_yshaarj_yogg_cthun_2043259947179503_Mis_IV_DR_DS,43817,68.49%,
2T,AR_SP_VF_yshaarj_nzoth_yogg_4013309906771439_IN_AM_ME_DS,43817,68.49%,
2T,AR_SW_VF_nzoth_yogg_cthun_3169159786921455_IN_AM_ME_DS,43814,68.48%,
2T,VW_DH_VW_VF_nzoth_yogg_cthun_3134996685840365_IN_AM_ME,43812,68.48%,
2T,AR_SP_VF_yshaarj_yogg_cthun_2043251290136063_IN_IV_DR,43812,68.47%,
2T,AR_EC_VF_nzoth_yogg_cthun_3132858723335679_Mis_AM_ME,43812,68.47%,
2T,AR_SW_VF_yshaarj_yogg_cthun_1972332857253359_IN_IV_ME,43811,68.47%,
2T,AR_SP_VF_yshaarj_yogg_cthun_1971370784579055_Mis_IV_ME,43810,68.47%,
2T,AR_SP_VF_yshaarj_yogg_cthun_1971370717994479_IN_IV_DR,43808,68.46%,
2T,VW_DH_VW_VF_nzoth_yogg_cthun_3132926512127981_IN_IV_DR,43806,68.45%,
2T,AR_SP_VF_yshaarj_yogg_cthun_2043251357244911_Mis_IV_ME,43806,68.45%,
2T,VW_DH_TV_VF_nzoth_yogg_cthun_3135004269141997_IN_IV_ME_DS,43806,68.45%,
2T,AR_EC_VF_yshaarj_nzoth_yogg_4013309839662591_IN_AM_DR_DS,43805,68.45%,
2T,AR_EC_VF_nzoth_yogg_cthun_3132875903204847_Mis_AM_DR_DS,43803,68.44%,
2T,AR_EC_VF_nzoth_yogg_cthun_3132867313262079_Mis_AM_ME,43803,68.44%,
2T,AR_SW_VF_yshaarj_nzoth_yogg_4013576127110655_Mis_AM_ME,43802,68.44%,
2T,VW_DH_VW_VF_nzoth_yogg_cthun_3132799810068461_IN_IV_DR,43800,68.43%,
2T,VW_DH_VW_VF_nzoth_yogg_cthun_3150245967224813_IN_IV_ME,43798,68.42%,
2T,AR_SW_VF_nzoth_yogg_cthun_3132858723335679_Mis_AM_DR,43796,68.41%,
2T,AR_SW_VF_yshaarj_nzoth_yogg_4013309839662591_IN_IV_ME_DS,43796,68.41%,
2T,AR_SP_VF_yshaarj_nzoth_yogg_4013584717053423_IN_AM_DR_DS,43795,68.41%,
2T,AR_SW_VF_nzoth_yogg_cthun_3132858723851775_Mis_AM_DR,43794,68.41%,
2T,AR_EC_VF_yshaarj_yogg_cthun_1988688026131951_IN_IV_ME,43793,68.40%,
2T,AR_SW_VF_yshaarj_nzoth_yogg_4013310912880127_Mis_IV_ME_DS,43792,68.40%,
2T,AR_EC_VF_yshaarj_nzoth_yogg_4013318429072895_Mis_AM_ME_DS,43792,68.40%,
2T,AR_SW_VF_yshaarj_yogg_cthun_2043259947179503_Mis_IV_DR_DS,43791,68.39%,
2T,AR_SP_VF_nzoth_yogg_cthun_3132875970305519_Mis_AM_ME_DS,43788,68.38%,
2T,AR_EC_VF_nzoth_yogg_cthun_3132875903720943_Mis_AM_ME_DS,43788,68.38%,
2T,AR_SP_VF_yshaarj_yogg_cthun_2043251357244911_IN_AM_DR,43788,68.38%,
2T,AR_SW_VF_nzoth_yogg_cthun_3169159786921455_Mis_AM_ME_DS,43787,68.38%,
2T,VW_DH_VW_VF_nzoth_yogg_cthun_3150243819749357_IN_IV_ME,43785,68.37%,
2T,AR_SW_VF_yshaarj_nzoth_yogg_4013318429081071_IN_AM_ME_DS,43784,68.37%,
2T,AR_SP_VF_yshaarj_yogg_cthun_2043251290136063_Mis_IV_DR,43783,68.36%,
2T,VW_DH_TV_VF_nzoth_yogg_cthun_3132927585353709_IN_IV_DR,43781,68.35%,
2T,AR_SP_VF_yshaarj_nzoth_yogg_4013301249727999_Mis_AM_ME,43779,68.35%,
2T,AR_SP_VF_yshaarj_yogg_cthun_1971370717478383_Mis_IV_DR,43776,68.33%,
2T,VW_DH_VW_VF_yshaarj_nzoth_yogg_3977651015704557_IN_AM_DR_DS,43775,68.33%,
2T,AR_SP_VF_nzoth_yogg_cthun_3169159787437551_Mis_AM_ME_DS,43774,68.33%,
2T,AR_SP_VF_yshaarj_nzoth_yogg_4013310912888303_Mis_AM_DR_DS,43773,68.33%,
2T,AR_EC_VF_yshaarj_nzoth_yogg_4013309906247167_Mis_AM_ME_DS,43773,68.32%,
2T,VW_DH_TV_VF_nzoth_yogg_cthun_3132806252527597_IN_IV_DR_DS,43773,68.32%,
2T,AR_SP_VF_yshaarj_yogg_cthun_1973432302296559_IN_IV_DR,43770,68.31%,
2T,AR_SW_VF_yshaarj_nzoth_yogg_4013318429597167_Mis_AM_ME_DS,43770,68.31%,
2T,VW_DH_TV_VF_nzoth_yogg_cthun_3150244893491181_IN_IV_DR,43770,68.31%,
2T,AR_SP_VF_yshaarj_yogg_cthun_1971234419367407_Mis_IV_DR,43769,68.31%,
2T,AR_EC_VF_yshaarj_yogg_cthun_1972332790152687_IN_IV_ME,43767,68.30%,
2T,VW_DH_VW_VF_nzoth_yogg_cthun_3135004202041325_IN_IV_DR_DS,43766,68.30%,
2T,VW_DH_TV_VF_nzoth_yogg_cthun_3132936175280109_IN_IV_ME,43764,68.29%,
2T,AR_SP_VF_yshaarj_nzoth_yogg_4013310913404399_Mis_AM_DR_DS,43764,68.29%,
2T,AR_SW_VF_yshaarj_nzoth_yogg_4013310979988975_IN_AM_ME_DS,43759,68.27%,
2T,AR_SW_VF_yshaarj_nzoth_yogg_4013309839670767_IN_AM_DR_DS,43759,68.27%,
2T,VW_DH_VW_VF_yshaarj_nzoth_yogg_3977498544373741_IN_AM_ME,43758,68.27%,
2T,AR_SW_VF_yshaarj_yogg_cthun_1988688026131951_Mis_AM_DR,43756,68.26%,
2T,VW_DH_TV_VF_yshaarj_nzoth_yogg_4049524072177645_IN_IV_ME_DS,43755,68.25%,
2T,VW_DH_VW_VF_nzoth_yogg_cthun_3150519771389933_IN_IV_ME,43754,68.25%,
2T,AR_SW_VF_yshaarj_nzoth_yogg_4013301249211903_IN_AM_ME,43754,68.25%,
2T,AR_SP_VF_yshaarj_yogg_cthun_1971370717994479_Mis_IV_DR,43753,68.25%,
2T,AR_SP_VF_nzoth_yogg_cthun_3169159786913279_Mis_AM_DR_DS,43753,68.25%,
2T,VW_DH_TV_VF_nzoth_yogg_cthun_3132927585353709_IN_IV_ME,43753,68.25%,
2T,AR_SP_VF_yshaarj_nzoth_yogg_4013318429597167_Mis_AM_ME_DS,43751,68.24%,
2T,VW_DH_TV_VF_nzoth_yogg_cthun_3132791287242733_IN_IV_DR,43750,68.23%,
2T,AR_EC_VF_yshaarj_yogg_cthun_1971234419367407_Mis_IV_DR,43750,68.23%,
2T,VW_DH_TV_VF_yshaarj_nzoth_yogg_4049797876342765_IN_IV_ME_DS,43750,68.23%,
2T,AR_EC_VF_yshaarj_nzoth_yogg_4013309839670767_Mis_AM_DR_DS,43748,68.23%,
2T,AR_EC_VF_yshaarj_yogg_cthun_1972332790668783_Mis_IV_DR,43747,68.22%,
2T,AR_SW_VF_yshaarj_nzoth_yogg_4013309906771439_Mis_AM_ME_DS,43745,68.22%,
2T,AR_SP_VF_nzoth_yogg_cthun_3169159786921455_Mis_AM_ME_DS,43744,68.21%,
2T,VW_DH_VW_VF_nzoth_yogg_cthun_3150243886850029_IN_IV_DR,43743,68.21%,
2T,VW_DH_TV_VF_yshaarj_nzoth_yogg_3977772348530669_IN_AM_DR,43743,68.21%,
2T,AR_SW_VF_yshaarj_nzoth_yogg_4013318429081071_Mis_AM_ME_DS,43743,68.21%,
2T,AR_SP_VF_nzoth_yogg_cthun_3132867313270255_Mis_AM_ME,43741,68.20%,
2T,AR_SP_VF_yshaarj_nzoth_yogg_4013447278091775_IN_AM_ME_DS,43741,68.20%,
2T,VW_DH_VW_VF_nzoth_yogg_cthun_3132927585353709_IN_IV_DR,43739,68.19%,
2T,VW_DH_TV_VF_nzoth_yogg_cthun_3132927652454381_IN_IV_ME,43739,68.19%,
2T,AR_EC_VF_yshaarj_yogg_cthun_2043259880078831_IN_IV_DR_DS,43737,68.18%,
2T,AR_EC_VF_yshaarj_nzoth_yogg_4013309839670767_IN_AM_ME_DS,43737,68.18%,
2T,AR_SP_VF_yshaarj_nzoth_yogg_4013309906255343_Mis_AM_ME_DS,43735,68.18%,
2T,VW_DH_TV_VF_yshaarj_nzoth_yogg_3977651015704557_IN_IV_ME_DS,43734,68.17%,
2T,AR_EC_VF_yshaarj_yogg_cthun_1971233614061039_Mis_IV_ME,43733,68.17%,
2T,AR_EC_VF_yshaarj_yogg_cthun_1988688025607679_IN_AM_DR,43732,68.17%,
2T,AR_SP_VF_yshaarj_yogg_cthun_1973432368881135_Mis_IV_ME,43731,68.16%,
2T,VW_DH_TV_VF_yshaarj_nzoth_yogg_4049797876342765_IN_IV_DR_DS,43731,68.16%,
2T,AR_EC_VF_yshaarj_nzoth_yogg_4013584717053423_Mis_AM_DR_DS,43731,68.16%,
2T,AR_EC_VF_yshaarj_nzoth_yogg_4013309839146495_IN_AM_DR_DS,43729,68.16%,
2T,VW_DH_VW_VF_nzoth_yogg_cthun_3132797729693677_IN_IV_ME,43729,68.15%,
2T,AR_EC_VF_yshaarj_yogg_cthun_1971233346149871_Mis_IV_DR,43725,68.14%,
2T,AR_SW_VF_nzoth_yogg_cthun_3132875903196671_IN_AM_ME_DS,43721,68.12%,
2T,AR_SW_VF_yshaarj_yogg_cthun_1971370784579055_Mis_AM_DR,43720,68.12%,
2T,VW_DH_TV_VF_yshaarj_nzoth_yogg_4049660437389293_IN_IV_DR_DS,43720,68.12%,
2T,VW_DH_TV_VF_nzoth_yogg_cthun_3150518697648109_IN_AM_DR,43719,68.12%,
2T,AR_SW_VF_yshaarj_nzoth_yogg_4014409350766079_IN_AM_ME_DS,43718,68.11%,
2T,AR_SW_VF_yshaarj_yogg_cthun_2043251357244911_Mis_AM_DR,43715,68.10%,
2T,VW_DH_VW_VF_nzoth_yogg_cthun_3135004269141997_IN_IV_ME_DS,43715,68.10%,
2T,VW_DH_VW_VF_nzoth_yogg_cthun_3132797663109101_IN_IV_DR,43714,68.10%,
2T,VW_DH_VW_VF_yshaarj_nzoth_yogg_4049522998960109_IN_IV_ME_DS,43714,68.10%,
2T,AR_SP_VF_yshaarj_nzoth_yogg_4013309839662591_IN_IV_ME_DS,43709,68.08%,
2T,AR_EC_VF_yshaarj_yogg_cthun_1972332857253359_IN_AM_DR,43708,68.07%,
2T,VW_DH_VW_VF_nzoth_yogg_cthun_3132797663109101_IN_IV_ME,43706,68.07%,
2T,VW_DH_TV_VF_nzoth_yogg_cthun_3132806252527597_IN_IV_ME_DS,43703,68.05%,
2T,AR_SP_VF_yshaarj_nzoth_yogg_4013309906255343_IN_AM_ME_DS,43701,68.05%,
2T,VW_DH_VW_VF_nzoth_yogg_cthun_3150243886850029_IN_IV_ME,43700,68.04%,
2T,AR_SP_VF_yshaarj_yogg_cthun_2043251290144239_IN_IV_ME,43699,68.04%,
2T,AR_SP_VF_yshaarj_yogg_cthun_1971370717470207_IN_IV_DR,43699,68.04%,
2T,AR_SW_VF_yshaarj_nzoth_yogg_4013309839662591_Mis_IV_ME_DS,43698,68.03%,
2T,VW_DH_TV_VF_nzoth_yogg_cthun_3150518697648109_IN_AM_ME,43696,68.03%,
2T,VW_DH_VW_VF_nzoth_yogg_cthun_3150313612959725_Mis_IV_ME,43696,68.03%,
2T,VW_DH_VW_VF_nzoth_yogg_cthun_3135004202041325_IN_IV_ME_DS,43695,68.02%,
2T,AR_SP_VF_nzoth_yogg_cthun_3132858723335679_Mis_AM_DR,43694,68.02%,
2T,AR_EC_VF_yshaarj_yogg_cthun_1971233345633775_Mis_IV_DR,43694,68.02%,
2T,AR_SW_VF_yshaarj_nzoth_yogg_4013318429072895_Mis_AM_DR_DS,43693,68.02%,
2T,AR_SW_VF_yshaarj_yogg_cthun_1971370717478383_Mis_IV_DR,43693,68.02%,
2T,AR_SP_VF_yshaarj_yogg_cthun_1988688026131951_Mis_AM_DR,43692,68.01%,
2T,VW_DH_VW_VF_nzoth_yogg_cthun_3132936175280109_IN_IV_ME,43691,68.01%,
2T,VW_DH_VW_VF_nzoth_yogg_cthun_3132859939610605_Mis_IV_ME,43690,68.00%,
2T,AR_EC_VF_yshaarj_yogg_cthun_1972332790144511_Mis_IV_DR,43688,68.00%,
2T,AR_SP_VF_yshaarj_nzoth_yogg_4013584717569519_IN_AM_DR_DS,43687,67.99%,
2T,AR_EC_VF_yshaarj_nzoth_yogg_4013584717569519_IN_AM_ME_DS,43684,67.98%,
2T,VW_DH_TV_VF_yshaarj_nzoth_yogg_3977788454658029_IN_IV_ME_DS,43683,67.98%,
2T,VW_DH_TV_VF_nzoth_yogg_cthun_3132996304822253_Mis_IV_DR,43683,67.98%,
2T,AR_SW_VF_yshaarj_yogg_cthun_1973432302296559_IN_IV_DR,43682,67.97%,
2T,AR_SP_VF_yshaarj_nzoth_yogg_4013301249211903_Mis_AM_ME,43681,67.97%,
2T,AR_SP_VF_yshaarj_nzoth_yogg_4013447278091775_Mis_AM_ME_DS,43681,67.97%,
2T,VW_DH_VW_VF_nzoth_yogg_cthun_3132996304822253_Mis_IV_ME,43681,67.97%,
2T,AR_SW_VF_yshaarj_nzoth_yogg_4013584784154095_Mis_AM_ME_DS,43681,67.97%,
2T,AR_EC_VF_yshaarj_nzoth_yogg_4013584717045247_Mis_AM_DR_DS,43680,67.97%,
2T,VW_DH_VW_VF_nzoth_yogg_cthun_3133348492140525_IN_IV_ME,43679,67.96%,
2T,VW_DH_VW_VF_yshaarj_nzoth_yogg_4049525145919469_IN_IV_DR_DS,43677,67.96%,
2T,AR_SW_VF_yshaarj_nzoth_yogg_4013309839146495_Mis_IV_ME_DS,43677,67.96%,
2T,AR_SW_VF_nzoth_yogg_cthun_3132858723851775_Mis_AM_ME,43677,67.95%,
2T,AR_SW_VF_yshaarj_yogg_cthun_1972332790144511_IN_IV_DR,43677,67.95%,
2T,VW_DH_TV_VF_nzoth_yogg_cthun_3132936175280109_IN_IV_DR,43676,67.95%,
2T,VW_DH_TV_VF_yshaarj_nzoth_yogg_4049516555984877_IN_AM_ME,43675,67.95%,
2T,VW_DH_TV_VF_nzoth_yogg_cthun_3150313612959725_Mis_IV_ME,43670,67.93%,
2T,VW_DH_VW_VF_yshaarj_nzoth_yogg_3977513576759277_IN_AM_DR_DS,43670,67.93%,
2T,VW_DH_TV_VF_yshaarj_nzoth_yogg_3977635983319021_IN_IV_DR,43669,67.93%,
2T,AR_SW_VF_yshaarj_nzoth_yogg_4013310979988975_Mis_AM_ME_DS,43667,67.92%,
2T,VW_DH_TV_VF_nzoth_yogg_cthun_3152458949124077_IN_IV_DR_DS,43660,67.89%,
2T,AR_SP_VF_yshaarj_yogg_cthun_1988688092716527_Mis_AM_ME,43658,67.88%,
2T,AR_SP_VF_yshaarj_yogg_cthun_1971370717470207_Mis_IV_DR,43656,67.87%,
2T,AR_SW_VF_yshaarj_nzoth_yogg_4013309906771439_IN_AM_ME_DS,43653,67.86%,
2T,AR_EC_VF_nzoth_yogg_cthun_3169159786913279_IN_AM_ME_DS,43652,67.86%,
2T,AR_EC_VF_yshaarj_yogg_cthun_2043251290144239_IN_AM_DR,43652,67.86%,
2T,AR_SW_VF_yshaarj_yogg_cthun_2043259947179503_IN_IV_DR_DS,43651,67.85%,
2T,VW_DH_VW_VF_nzoth_yogg_cthun_3135006349516781_IN_IV_ME_DS,43650,67.85%,
2T,AR_SW_VF_yshaarj_nzoth_yogg_4013584784154095_IN_AM_ME_DS,43649,67.85%,
2T,AR_EC_VF_yshaarj_nzoth_yogg_4014409350766079_Mis_AM_ME_DS,43647,67.84%,
2T,AR_SW_VF_yshaarj_nzoth_yogg_4013584717045247_IN_AM_DR_DS,43646,67.84%,
2T,VW_DH_TV_VF_nzoth_yogg_cthun_3132791220658157_IN_IV_ME,43644,67.83%,
2T,AR_SW_VF_yshaarj_nzoth_yogg_4013309906255343_IN_AM_ME_DS,43643,67.82%,
2T,VW_DH_TV_VF_nzoth_yogg_cthun_3135012791967725_IN_IV_DR_DS,43642,67.82%,
2T,AR_EC_VF_yshaarj_yogg_cthun_1973432301772287_IN_IV_DR,43639,67.81%,
2T,AR_SP_VF_yshaarj_yogg_cthun_1972332857253359_IN_IV_ME,43639,67.81%,
2T,VW_DH_TV_VF_yshaarj_nzoth_yogg_3977514650492909_IN_IV_DR_DS,43638,67.81%,
2T,AR_SP_VF_yshaarj_nzoth_yogg_4013318429081071_Mis_AM_ME_DS,43636,67.80%,
2T,VW_DH_VW_VF_nzoth_yogg_cthun_3135012791967725_IN_IV_ME_DS,43634,67.79%,
2T,AR_SP_VF_nzoth_yogg_cthun_3169151196978687_Mis_AM_ME,43631,67.78%,
2T,VW_DH_VW_VF_yshaarj_nzoth_yogg_3977567263842285_Mis_AM_DR,43631,67.78%,
2T,VW_DH_VW_VF_nzoth_yogg_cthun_3132927652454381_IN_IV_ME,43631,67.78%,
2T,AR_SW_VF_yshaarj_nzoth_yogg_4013301249211903_Mis_AM_ME,43629,67.77%,
2T,VW_DH_TV_VF_yshaarj_nzoth_cthun_3696298445561837_IN_AM_ME,43629,67.77%,
2T,AR_SP_VF_yshaarj_yogg_cthun_2043251357244911_IN_IV_ME,43626,67.76%,
2T,AR_EC_VF_yshaarj_nzoth_yogg_4013584717053423_IN_AM_ME_DS,43625,67.76%,
2T,VW_DH_TV_VF_yshaarj_nzoth_yogg_3977634909577197_IN_AM_ME,43625,67.75%,
2T,AR_SW_VF_yshaarj_nzoth_yogg_4013301249727999_Mis_AM_ME,43624,67.75%,
2T,AR_SW_VF_yshaarj_nzoth_yogg_4013310912888303_Mis_AM_DR_DS,43622,67.74%,
2T,AR_EC_VF_yshaarj_yogg_cthun_1973432368881135_Mis_AM_DR,43617,67.72%,
2T,VW_DH_TV_VF_yshaarj_nzoth_yogg_3977498544373741_IN_IV_ME,43617,67.72%,
2T,AR_SW_VF_yshaarj_nzoth_yogg_4013584717045247_Mis_IV_ME_DS,43616,67.72%,
2T,VW_DH_TV_VF_nzoth_yogg_cthun_3132943691472877_IN_IV_ME_DS,43616,67.72%,
2T,VW_DH_VW_VF_nzoth_yogg_cthun_3132798736334829_IN_IV_DR,43615,67.72%,
2T,VW_DH_VW_VF_nzoth_yogg_cthun_3132859939610605_Mis_IV_DR,43614,67.71%,
2T,VW_DH_VW_VF_yshaarj_nzoth_yogg_4049525145919469_IN_IV_ME_DS,43614,67.71%,
2T,VW_DH_VW_VF_yshaarj_nzoth_yogg_3977513643859949_IN_AM_ME_DS,43613,67.71%,
2T,VW_DH_TV_VF_yshaarj_nzoth_yogg_3977497537732589_IN_AM_ME,43609,67.69%,
2T,AR_SW_VF_yshaarj_nzoth_yogg_4013447278091775_Mis_AM_ME_DS,43605,67.68%,
2T,AR_SW_VF_yshaarj_yogg_cthun_1971370717994479_IN_IV_DR,43604,67.67%,
2T,AR_EC_VF_nzoth_yogg_cthun_3132875903204847_Mis_AM_ME_DS,43603,67.67%,
2T,AR_SW_VF_yshaarj_yogg_cthun_1971233345633775_Mis_IV_DR,43603,67.67%,
2T,AR_SP_VF_yshaarj_nzoth_yogg_4013584717045247_Mis_IV_ME_DS,43602,67.67%,
2T,AR_SP_VF_yshaarj_yogg_cthun_1973432301772287_IN_IV_DR,43601,67.66%,
2T,VW_DH_TV_VF_nzoth_yogg_cthun_3132927652454381_IN_IV_DR,43601,67.66%,
2T,VW_DH_TV_VF_nzoth_yogg_cthun_3132814842453997_IN_IV_DR_DS,43600,67.66%,
2T,VW_DH_TV_VF_yshaarj_nzoth_yogg_3977651015704557_IN_IV_DR_DS,43599,67.65%,
2T,AR_SW_VF_yshaarj_yogg_cthun_1973432301780463_Mis_IV_DR,43597,67.65%,
2T,VW_DH_TV_VF_nzoth_yogg_cthun_3150260999610349_IN_IV_ME_DS,43596,67.64%,
2T,VW_DH_TV_VF_nzoth_yogg_cthun_3132791220658157_IN_IV_DR,43595,67.64%,
2T,AR_EC_VF_yshaarj_yogg_cthun_1971250525494767_IN_IV_DR_DS,43595,67.64%,
2T,VW_DH_TV_VF_yshaarj_nzoth_yogg_3977497470631917_IN_AM_DR,43593,67.63%,
2T,VW_DH_TV_VF_yshaarj_nzoth_yogg_3977497470631917_IN_AM_ME,43591,67.62%,
2T,AR_SW_VF_yshaarj_yogg_cthun_2043251290144239_Mis_IV_ME,43590,67.62%,
2T,VW_DH_VW_VF_nzoth_yogg_cthun_3150243820265453_IN_IV_ME,43590,67.62%,
2T,VW_DH_VW_VF_nzoth_yogg_cthun_3132996304822253_Mis_IV_DR,43589,67.62%,
2T,VW_DH_TV_VF_nzoth_yogg_cthun_3132798736334829_IN_IV_ME,43589,67.62%,
2T,VW_DH_TV_VF_yshaarj_nzoth_yogg_3977635983319021_IN_IV_ME,43589,67.62%,
2T,AR_SW_VF_yshaarj_yogg_cthun_1971370784579055_Mis_IV_ME,43588,67.61%,
2T,VW_DH_TV_VF_nzoth_yogg_cthun_3135004202041325_IN_IV_ME_DS,43588,67.61%,
2T,VW_DH_TV_VF_nzoth_yogg_cthun_3132814842453997_IN_IV_ME_DS,43586,67.60%,
2T,AR_SP_VF_yshaarj_yogg_cthun_2043251290144239_Mis_IV_ME,43584,67.60%,
2T,VW_DH_TV_VF_yshaarj_nzoth_yogg_3977634909577197_IN_AM_DR,43584,67.60%,
2T,VW_DH_TV_VF_yshaarj_nzoth_yogg_3977498611474413_IN_IV_ME,43583,67.59%,
2T,AR_SW_VF_yshaarj_yogg_cthun_1988688092716527_IN_IV_ME,43578,67.57%,
2T,AR_SW_VF_nzoth_yogg_cthun_3169159786913279_Mis_AM_DR_DS,43577,67.57%,
2T,VW_DH_VW_VF_nzoth_yogg_cthun_3152458949124077_IN_IV_DR_DS,43574,67.56%,
2T,AR_EC_VF_yshaarj_yogg_cthun_1988688025607679_IN_IV_ME,43574,67.56%,
2T,AR_EC_VF_yshaarj_nzoth_yogg_4013309839662591_Mis_AM_DR_DS,43573,67.55%,
2T,VW_DH_TV_VF_nzoth_yogg_cthun_3135006349516781_IN_IV_ME_DS,43571,67.55%,
2T,AR_SW_VF_nzoth_yogg_cthun_3132875903204847_Mis_AM_DR_DS,43571,67.55%,
2T,VW_DH_VW_VF_nzoth_yogg_cthun_3132943691472877_IN_IV_ME_DS,43570,67.54%,
2T,VW_DH_TV_VF_yshaarj_nzoth_yogg_4049522998444013_IN_IV_DR_DS,43570,67.54%,
2T,VW_DH_VW_VF_nzoth_yogg_cthun_3132858865876973_Mis_IV_DR,43567,67.53%,
2T,VW_DH_TV_VF_nzoth_yogg_cthun_3132798736334829_IN_IV_DR,43567,67.53%,
2T,VW_DH_TV_VF_nzoth_yogg_cthun_3150534803775469_IN_IV_DR_DS,43566,67.53%,
2T,AR_SW_VF_yshaarj_yogg_cthun_1973432301780463_IN_IV_DR,43566,67.53%,
2T,AR_SP_VF_yshaarj_yogg_cthun_1971233614061039_Mis_IV_ME,43566,67.53%,
2T,AR_EC_VF_yshaarj_yogg_cthun_1988688025615855_IN_AM_DR,43564,67.52%,
2T,AR_EC_VF_yshaarj_yogg_cthun_1973432368881135_IN_IV_ME,43564,67.52%,
2T,AR_EC_VF_yshaarj_yogg_cthun_1988688025615855_Mis_AM_ME,43564,67.52%,
2T,VW_DH_TV_VF_nzoth_yogg_cthun_3150244960591853_IN_IV_DR,43564,67.52%,
2T,AR_SW_VF_yshaarj_yogg_cthun_2043251357244911_IN_IV_ME,43563,67.52%,
2T,AR_SP_VF_yshaarj_nzoth_yogg_4013310912880127_Mis_AM_DR_DS,43563,67.51%,
2T,VW_DH_TV_VF_nzoth_yogg_cthun_3132943691472877_IN_IV_DR_DS,43562,67.51%,
2T,AR_SP_VF_yshaarj_nzoth_yogg_4013309839662591_IN_AM_DR_DS,43562,67.51%,
2T,AR_EC_VF_yshaarj_nzoth_yogg_4013584717569519_Mis_AM_ME_DS,43562,67.51%,
2T,AR_SP_VF_yshaarj_yogg_cthun_1971370717478383_IN_IV_DR,43562,67.51%,
2T,VW_DH_VW_VF_nzoth_yogg_cthun_3150244893491181_IN_IV_DR,43561,67.51%,
2T,VW_DH_VW_VF_nzoth_yogg_cthun_3132791220658157_IN_IV_ME,43561,67.51%,
2T,AR_SW_VF_yshaarj_yogg_cthun_1971370717478383_IN_IV_DR,43561,67.51%,
2T,VW_DH_VW_VF_nzoth_yogg_cthun_3133347418398701_IN_AM_ME,43560,67.51%,
2T,VW_DH_VW_VF_nzoth_yogg_cthun_3150243820265453_IN_IV_DR,43558,67.50%,
2T,AR_SW_VF_yshaarj_yogg_cthun_2043251290136063_IN_IV_DR,43557,67.49%,
2T,AR_SP_VF_nzoth_yogg_cthun_3132875903720943_Mis_AM_ME_DS,43556,67.49%,
2T,AR_SP_VF_nzoth_yogg_cthun_3132867313270255_Mis_AM_DR,43555,67.49%,
2T,VW_DH_VW_VF_nzoth_yogg_cthun_3132927585869805_IN_IV_ME,43553,67.48%,
2T,VW_DH_VW_VF_nzoth_yogg_cthun_3150519771389933_IN_IV_DR,43551,67.47%,
2T,AR_SP_VF_yshaarj_yogg_cthun_1971234419367407_IN_IV_DR,43551,67.47%,
2T,VW_DH_VW_VF_yshaarj_nzoth_yogg_3977513576759277_IN_AM_ME_DS,43550,67.47%,
2T,VW_DH_VW_VF_nzoth_yogg_cthun_3132942617739245_IN_IV_DR_DS,43549,67.46%,
2T,VW_DH_VW_VF_yshaarj_nzoth_yogg_3977513643859949_IN_AM_DR_DS,43548,67.46%,
2T,AR_SP_VF_yshaarj_nzoth_yogg_4014409350766079_Mis_AM_DR_DS,43547,67.46%,
2T,AR_EC_VF_yshaarj_yogg_cthun_1971233614061039_Mis_AM_DR,43546,67.45%,
2T,AR_EC_VF_yshaarj_yogg_cthun_1973432301772287_Mis_IV_DR,43545,67.45%,
2T,VW_DH_TV_VF_yshaarj_nzoth_yogg_3977788454658029_IN_IV_DR_DS,43544,67.44%,
2T,VW_DH_TV_VF_nzoth_yogg_cthun_3132927585869805_IN_IV_ME,43541,67.43%,
2T,VW_DH_VW_VF_yshaarj_nzoth_yogg_4049522998960109_IN_IV_DR_DS,43541,67.43%,
2T,VW_DH_TV_VF_nzoth_yogg_cthun_3132858866393069_Mis_IV_ME,43540,67.43%,
2T,VW_DH_TV_VF_nzoth_yogg_cthun_3150243820265453_IN_IV_ME,43537,67.42%,
2T,AR_SW_VF_yshaarj_yogg_cthun_1988688026131951_Mis_IV_ME,43536,67.41%,
2T,VW_DH_VW_VF_nzoth_yogg_cthun_3132858865876973_Mis_IV_ME,43535,67.41%,
2T,AR_EC_VF_yshaarj_nzoth_yogg_4013310912880127_IN_AM_ME_DS,43535,67.41%,
2T,VW_DH_VW_VF_nzoth_yogg_cthun_3132858866393069_Mis_IV_ME,43534,67.40%,
2T,AR_SW_VF_yshaarj_nzoth_yogg_4014409350766079_Mis_AM_DR_DS,43533,67.40%,
2T,VW_DH_TV_VF_nzoth_yogg_cthun_3135006349516781_IN_IV_DR_DS,43531,67.39%,
2T,AR_SW_VF_yshaarj_yogg_cthun_1988688025615855_IN_IV_ME,43526,67.37%,
2T,AR_EC_VF_yshaarj_nzoth_yogg_4013584717053423_Mis_AM_ME_DS,43526,67.37%,
2T,AR_SW_VF_nzoth_yogg_cthun_3132875903720943_Mis_AM_DR_DS,43524,67.37%,
2T,VW_DH_TV_VF_nzoth_yogg_cthun_3152458949124077_IN_IV_ME_DS,43524,67.37%,
2T,VW_DH_TV_VF_nzoth_yogg_cthun_3132935101538285_IN_AM_DR,43523,67.36%,
2T,VW_DH_TV_VF_yshaarj_nzoth_yogg_3977513643859949_IN_IV_DR_DS,43523,67.36%,
2T,AR_SW_VF_yshaarj_yogg_cthun_1988688025615855_Mis_AM_DR,43520,67.35%,
2T,AR_EC_VF_yshaarj_yogg_cthun_1971233614061039_IN_IV_ME,43518,67.34%,
2T,AR_SW_VF_yshaarj_nzoth_yogg_4013309906255343_Mis_AM_ME_DS,43518,67.34%,
2T,AR_SW_VF_yshaarj_yogg_cthun_1988688092716527_Mis_AM_ME,43516,67.33%,
2T,AR_SP_VF_nzoth_yogg_cthun_3132867313262079_Mis_AM_ME,43515,67.33%,
2T,AR_EC_VF_yshaarj_yogg_cthun_1973432301780463_IN_IV_ME,43515,67.33%,
2T,VW_DH_TV_VF_yshaarj_nzoth_yogg_3977513576759277_IN_IV_ME_DS,43514,67.33%,
2T,AR_SW_VF_yshaarj_nzoth_yogg_4014409351290351_Mis_AM_ME_DS,43512,67.32%,
2T,VW_DH_VW_VF_yshaarj_nzoth_yogg_3977513577275373_IN_AM_ME_DS,43512,67.32%,
2T,AR_SW_VF_yshaarj_nzoth_yogg_4013584717045247_IN_IV_ME_DS,43510,67.31%,
2T,AR_SP_VF_nzoth_yogg_cthun_3132858723851775_Mis_AM_ME,43509,67.31%,
2T,AR_SP_VF_yshaarj_yogg_cthun_2043251290660335_IN_IV_ME,43508,67.30%,
2T,AR_SW_VF_yshaarj_nzoth_yogg_4013309839146495_IN_IV_ME_DS,43508,67.30%,
2T,AR_EC_VF_yshaarj_yogg_cthun_1988688026131951_Mis_AM_ME,43507,67.30%,
2T,AR_SW_VF_yshaarj_nzoth_yogg_4013310913404399_Mis_AM_DR_DS,43507,67.30%,
2T,AR_SW_VF_nzoth_yogg_cthun_3132867313262079_Mis_AM_DR,43505,67.29%,
2T,VW_DH_VW_VF_nzoth_yogg_cthun_3132806252527597_IN_IV_DR_DS,43505,67.29%,
2T,AR_EC_VF_yshaarj_yogg_cthun_1972332790668783_IN_IV_ME,43503,67.29%,
2T,AR_SP_VF_nzoth_yogg_cthun_3132875903720943_Mis_AM_DR_DS,43502,67.28%,
2T,AR_SP_VF_nzoth_yogg_cthun_3132867313262079_Mis_AM_DR,43502,67.28%,
2T,VW_DH_VW_VF_yshaarj_nzoth_yogg_3977498611474413_IN_AM_DR,43500,67.28%,
2T,VW_DH_VW_VF_nzoth_yogg_cthun_3132943691472877_IN_IV_DR_DS,43499,67.27%,
2T,VW_DH_TV_VF_nzoth_yogg_cthun_3132935101538285_IN_AM_ME,43498,67.27%,
2T,AR_EC_VF_yshaarj_yogg_cthun_1971233345625599_Mis_IV_DR,43498,67.27%,
2T,VW_DH_VW_VF_yshaarj_nzoth_yogg_3977515724234733_IN_AM_DR_DS,43494,67.25%,
2T,VW_DH_VW_VF_nzoth_yogg_cthun_3132791287242733_IN_IV_ME,43493,67.25%,
2T,VW_DH_TV_VF_nzoth_yogg_cthun_3150313612959725_Mis_IV_DR,43493,67.25%,
2T,AR_SP_VF_yshaarj_nzoth_yogg_4013584717053423_Mis_AM_DR_DS,43492,67.24%,
2T,VW_DH_TV_VF_yshaarj_nzoth_yogg_3977498544373741_IN_IV_DR,43491,67.24%,
2T,AR_EC_VF_nzoth_yogg_cthun_3132875903196671_Mis_AM_ME_DS,43485,67.22%,
2T,AR_EC_VF_yshaarj_yogg_cthun_2043251357244911_IN_AM_ME,43483,67.21%,
2T,AR_SP_VF_yshaarj_yogg_cthun_1973432302296559_Mis_IV_DR,43479,67.19%,
2T,AR_EC_VF_yshaarj_yogg_cthun_1988688092716527_IN_AM_ME,43479,67.19%,
2T,AR_SP_VF_nzoth_yogg_cthun_3132875903204847_Mis_AM_DR_DS,43479,67.19%,
2T,AR_EC_VF_yshaarj_yogg_cthun_1971233614061039_IN_AM_DR,43478,67.19%,
2T,AR_SW_VF_yshaarj_nzoth_yogg_4013584717569519_Mis_AM_ME_DS,43478,67.19%,
2T,AR_SW_VF_yshaarj_yogg_cthun_1973432302296559_Mis_IV_DR,43478,67.19%,
2T,AR_SP_VF_nzoth_yogg_cthun_3169159786913279_IN_AM_ME_DS,43477,67.19%,
2T,AR_SP_VF_nzoth_yogg_cthun_3132858723335679_Mis_AM_ME,43476,67.18%,
2T,AR_SP_VF_yshaarj_nzoth_yogg_4013584717045247_IN_AM_DR_DS,43476,67.18%,
2T,AR_SW_VF_yshaarj_yogg_cthun_1973432301772287_IN_IV_DR,43476,67.18%,
2T,VW_DH_TV_VF_yshaarj_nzoth_yogg_4049516555984877_IN_AM_DR,43475,67.18%,
2T,AR_SW_VF_yshaarj_yogg_cthun_2043251290136063_Mis_IV_DR,43473,67.17%,
2T,AR_SW_VF_nzoth_yogg_cthun_3132867313262079_Mis_AM_ME,43472,67.17%,
2T,VW_DH_TV_VF_nzoth_yogg_cthun_3132798736850925_IN_IV_ME,43472,67.17%,
2T,VW_DH_TV_VF_yshaarj_nzoth_yogg_3977499618107373_IN_AM_ME,43472,67.17%,
2T,VW_DH_TV_VF_nzoth_yogg_cthun_3132926511611885_IN_AM_DR,43472,67.16%,
2T,AR_SW_VF_yshaarj_yogg_cthun_2043251357244911_IN_AM_DR,43466,67.14%,
2T,AR_EC_VF_yshaarj_yogg_cthun_1971233345625599_IN_IV_DR,43465,67.14%,
2T,VW_DH_TV_VF_nzoth_yogg_cthun_3132996304822253_Mis_IV_ME,43465,67.14%,
2T,AR_EC_VF_yshaarj_yogg_cthun_1971370717478383_Mis_IV_ME,43464,67.14%,
2T,VW_DH_TV_VF_nzoth_yogg_cthun_3132858865876973_Mis_IV_DR,43463,67.13%,
2T,AR_SP_VF_yshaarj_yogg_cthun_1971370784579055_IN_AM_DR,43463,67.13%,
2T,VW_DH_VW_VF_nzoth_yogg_cthun_3135004269141997_IN_IV_DR_DS,43461,67.13%,
2T,VW_DH_TV_VF_nzoth_yogg_cthun_3132806319628269_IN_IV_ME_DS,43461,67.12%,
2T,AR_EC_VF_yshaarj_yogg_cthun_1971370717994479_Mis_IV_ME,43460,67.12%,
2T,AR_SP_VF_yshaarj_yogg_cthun_1971233345633775_Mis_IV_DR,43459,67.12%,
2T,VW_DH_TV_VF_yshaarj_nzoth_yogg_3977513643859949_IN_IV_ME_DS,43458,67.11%,
2T,VW_DH_TV_VF_nzoth_yogg_cthun_3132942684839917_IN_IV_ME_DS,43457,67.11%,
2T,AR_SP_VF_yshaarj_yogg_cthun_1972332790668783_Mis_IV_DR,43456,67.11%,
2T,AR_SP_VF_yshaarj_nzoth_yogg_4013310913404399_IN_AM_ME_DS,43455,67.10%,
2T,AR_EC_VF_yshaarj_nzoth_yogg_4013309839670767_Mis_AM_ME_DS,43454,67.10%,
2T,VW_DH_TV_VF_yshaarj_nzoth_yogg_3977513576759277_IN_IV_DR_DS,43453,67.09%,
2T,AR_SW_VF_nzoth_yogg_cthun_3169159786913279_IN_AM_ME_DS,43452,67.09%,
2T,AR_SP_VF_yshaarj_yogg_cthun_1972332790152687_IN_IV_ME,43450,67.08%,
2T,AR_EC_VF_yshaarj_yogg_cthun_1972332857253359_Mis_IV_ME,43448,67.08%,
2T,AR_SW_VF_yshaarj_yogg_cthun_1988688025607679_Mis_IV_ME,43447,67.07%,
2T,AR_SW_VF_yshaarj_nzoth_yogg_4013309839662591_IN_AM_DR_DS,43447,67.07%,
2T,VW_DH_TV_VF_nzoth_yogg_cthun_3150260999610349_IN_IV_DR_DS,43445,67.06%,
2T,AR_SP_VF_yshaarj_nzoth_yogg_4013584717569519_Mis_AM_DR_DS,43441,67.05%,
2T,AR_EC_VF_yshaarj_yogg_cthun_2043251290144239_Mis_AM_DR,43440,67.04%,
2T,VW_DH_TV_VF_nzoth_yogg_cthun_3150253483417581_IN_IV_DR,43440,67.04%,
2T,AR_EC_VF_yshaarj_yogg_cthun_2043259880594927_IN_IV_DR_DS,43440,67.04%,
2T,AR_EC_VF_yshaarj_yogg_cthun_1971234352782831_Mis_IV_DR,43438,67.04%,
2T,VW_DH_VW_VF_yshaarj_nzoth_yogg_4049797876342765_IN_AM_ME_DS,43436,67.03%,
2T,AR_SW_VF_yshaarj_nzoth_yogg_4014409350774255_Mis_AM_ME_DS,43435,67.03%,
2T,AR_EC_VF_yshaarj_yogg_cthun_2043259880594927_Mis_IV_DR_DS,43435,67.02%,
2T,VW_DH_VW_VF_nzoth_yogg_cthun_3132806252527597_IN_IV_ME_DS,43435,67.02%,
2T,AR_SW_VF_yshaarj_nzoth_yogg_4013584717053423_Mis_AM_DR_DS,43434,67.02%,
2T,VW_DH_VW_VF_nzoth_yogg_cthun_3135012791967725_IN_IV_DR_DS,43434,67.02%,
2T,AR_EC_VF_yshaarj_yogg_cthun_1971234352266735_IN_IV_DR,43432,67.01%,
2T,AR_SP_VF_yshaarj_nzoth_yogg_4013310912888303_IN_AM_ME_DS,43432,67.01%,
2T,VW_DH_VW_VF_nzoth_yogg_cthun_3133348492140525_IN_IV_DR,43432,67.01%,
2T,AR_SP_VF_yshaarj_yogg_cthun_1972332790668783_IN_IV_ME,43432,67.01%,
2T,VW_DH_TV_VF_nzoth_yogg_cthun_3132858865876973_Mis_IV_ME,43432,67.01%,
2T,VW_DH_TV_VF_nzoth_yogg_cthun_3150243886850029_IN_AM_DR,43432,67.01%,
2T,AR_SP_VF_yshaarj_yogg_cthun_1988688025607679_Mis_AM_DR,43431,67.01%,
2T,VW_DH_TV_VF_nzoth_yogg_cthun_3132858932977645_Mis_IV_ME,43431,67.01%,
2T,AR_EC_VF_yshaarj_yogg_cthun_1971234419367407_Mis_IV_ME,43428,67.00%,
2T,VW_DH_TV_VF_nzoth_yogg_cthun_3132926578712557_IN_AM_DR,43428,67.00%,
2T,VW_DH_VW_VF_nzoth_yogg_cthun_3150260999610349_IN_IV_ME_DS,43426,66.99%,
2T,VW_DH_TV_VF_nzoth_yogg_cthun_3150253483417581_IN_IV_ME,43426,66.99%,
2T,AR_SW_VF_yshaarj_yogg_cthun_1972332790668783_IN_IV_ME,43426,66.99%,
2T,VW_DH_VW_VF_nzoth_yogg_cthun_3132791287242733_IN_IV_DR,43425,66.99%,
2T,AR_EC_VF_yshaarj_yogg_cthun_1971233345633775_Mis_IV_ME,43424,66.98%,
2T,VW_DH_TV_VF_nzoth_yogg_cthun_3132927585869805_IN_IV_DR,43422,66.97%,
2T,VW_DH_TV_VF_nzoth_yogg_cthun_3150244893491181_IN_IV_ME,43420,66.97%,
2T,AR_EC_VF_yshaarj_yogg_cthun_1973432302296559_IN_AM_DR,43419,66.96%,
2T,AR_SP_VF_yshaarj_yogg_cthun_2043251290660335_Mis_IV_ME,43419,66.96%,
2T,AR_SP_VF_yshaarj_yogg_cthun_1988688026131951_IN_AM_DR,43417,66.96%,
2T,VW_DH_VW_VF_nzoth_yogg_cthun_3150313612959725_Mis_IV_DR,43417,66.95%,
2T,AR_SW_VF_yshaarj_yogg_cthun_1973432368881135_IN_AM_DR,43417,66.95%,
2T,AR_SW_VF_yshaarj_nzoth_yogg_4013310912880127_Mis_AM_DR_DS,43415,66.95%,
2T,AR_SW_VF_yshaarj_yogg_cthun_1971234419367407_Mis_IV_DR,43415,66.95%,
2T,AR_SP_VF_yshaarj_yogg_cthun_1972332857253359_IN_AM_DR,43413,66.94%,
2T,AR_SW_VF_yshaarj_nzoth_yogg_4013310912888303_IN_AM_ME_DS,43411,66.93%,
2T,AR_SP_VF_yshaarj_nzoth_yogg_4013309839146495_IN_AM_DR_DS,43411,66.93%,
2T,AR_SP_VF_yshaarj_yogg_cthun_1973432368881135_IN_IV_ME,43410,66.93%,
2T,AR_SW_VF_yshaarj_nzoth_yogg_4013584717569519_Mis_AM_DR_DS,43409,66.93%,
2T,AR_SW_VF_yshaarj_yogg_cthun_1971233346149871_IN_IV_DR,43409,66.92%,
2T,VW_DH_TV_VF_nzoth_yogg_cthun_3132942617739245_IN_IV_DR_DS,43409,66.92%,
2T,VW_DH_TV_VF_yshaarj_nzoth_cthun_3696313477947373_IN_AM_ME_DS,43407,66.92%,
2T,AR_EC_VF_yshaarj_yogg_cthun_1971370717478383_Mis_AM_DR,43406,66.91%,
2T,AR_SP_VF_yshaarj_yogg_cthun_1971234352266735_IN_IV_DR,43406,66.91%,
2T,VW_DH_VW_VF_nzoth_yogg_cthun_3135005275774957_IN_AM_DR_DS,43405,66.91%,
2T,AR_EC_VF_yshaarj_yogg_cthun_2043259880078831_Mis_IV_DR_DS,43405,66.91%,
2T,VW_DH_VW_VF_nzoth_yogg_cthun_3132926511611885_IN_AM_DR,43403,66.90%,
2T,AR_SP_VF_yshaarj_nzoth_yogg_4013309839670767_IN_AM_ME_DS,43403,66.90%,
2T,VW_DH_TV_VF_nzoth_yogg_cthun_3150244960591853_IN_IV_ME,43403,66.90%,
2T,VW_DH_TV_VF_nzoth_yogg_cthun_3135004202557421_IN_IV_ME_DS,43403,66.90%,
2T,AR_SW_VF_yshaarj_yogg_cthun_1971370717470207_Mis_IV_DR,43402,66.90%,
2T,AR_SP_VF_yshaarj_yogg_cthun_1971233346149871_Mis_IV_DR,43400,66.89%,
2T,VW_DH_TV_VF_yshaarj_nzoth_yogg_4049660437389293_IN_IV_ME_DS,43399,66.89%,
2T,VW_DH_VW_VF_nzoth_yogg_cthun_3150518697648109_IN_AM_DR,43399,66.89%,
2T,VW_DH_VW_VF_nzoth_yogg_cthun_3132927585353709_IN_IV_ME,43398,66.88%,
2T,VW_DH_TV_VF_nzoth_yogg_cthun_3132806253043693_IN_IV_ME_DS,43396,66.87%,
2T,VW_DH_VW_VF_nzoth_yogg_cthun_3152458949124077_IN_IV_ME_DS,43395,66.87%,
2T,AR_EC_VF_yshaarj_yogg_cthun_2043251290136063_Mis_IV_ME,43394,66.87%,
2T,VW_DH_TV_VF_nzoth_yogg_cthun_3135004269141997_IN_IV_DR_DS,43394,66.87%,
2T,VW_DH_TV_VF_yshaarj_nzoth_yogg_3977567263842285_Mis_IV_ME,43392,66.86%,
2T,VW_DH_TV_VF_nzoth_yogg_cthun_3132858866393069_Mis_IV_DR,43391,66.86%,
2T,VW_DH_VW_VF_nzoth_yogg_cthun_3132814842453997_IN_IV_ME_DS,43390,66.85%,
2T,AR_EC_VF_yshaarj_yogg_cthun_1973432301780463_Mis_IV_ME,43389,66.85%,
2T,VW_DH_VW_VF_yshaarj_nzoth_yogg_4049797876342765_IN_AM_DR_DS,43384,66.83%,
2T,VW_DH_TV_VF_nzoth_yogg_cthun_3132942684839917_IN_IV_DR_DS,43381,66.81%,
2T,VW_DH_TV_VF_nzoth_yogg_cthun_3132798803435501_IN_IV_ME,43380,66.81%,
2T,AR_SW_VF_yshaarj_yogg_cthun_2043251290660335_IN_IV_ME,43378,66.80%,
2T,VW_DH_VW_VF_nzoth_yogg_cthun_3132808400003053_IN_IV_ME_DS,43378,66.80%,
2T,VW_DH_VW_VF_nzoth_yogg_cthun_3150243819749357_IN_AM_DR,43377,66.80%,
2T,VW_DH_TV_VF_yshaarj_nzoth_cthun_3696298445561837_IN_AM_DR,43376,66.80%,
2T,VW_DH_VW_VF_nzoth_yogg_cthun_3133347418398701_IN_AM_DR,43376,66.80%,
2T,VW_DH_VW_VF_nzoth_yogg_cthun_3132798736334829_IN_IV_ME,43375,66.79%,
2T,AR_SP_VF_nzoth_yogg_cthun_3169159786913279_Mis_AM_ME_DS,43375,66.79%,
2T,AR_SP_VF_yshaarj_yogg_cthun_1972332790152687_Mis_IV_DR,43373,66.79%,
2T,AR_SW_VF_yshaarj_yogg_cthun_1973432368881135_Mis_IV_ME,43372,66.78%,
2T,VW_DH_VW_VF_nzoth_yogg_cthun_3132867455803373_Mis_IV_ME,43371,66.78%,
2T,VW_DH_TV_VF_nzoth_yogg_cthun_3205372946210797_IN_AM_DR_DS,43370,66.77%,
2T,AR_SP_VF_yshaarj_yogg_cthun_1971233345633775_IN_IV_DR,43369,66.77%,
2T,VW_DH_VW_VF_yshaarj_nzoth_yogg_4049660437389293_IN_AM_DR_DS,43369,66.77%,
2T,VW_DH_TV_VF_yshaarj_nzoth_yogg_3977567263842285_Mis_IV_DR,43368,66.77%,
2T,VW_DH_VW_VF_nzoth_yogg_cthun_3132927652454381_IN_IV_DR,43364,66.75%,
2T,VW_DH_TV_VF_nzoth_yogg_cthun_3132808400003053_IN_IV_DR_DS,43363,66.75%,
2T,AR_EC_VF_yshaarj_yogg_cthun_1972332790144511_IN_IV_ME,43361,66.74%,
2T,VW_DH_TV_VF_yshaarj_nzoth_yogg_4049531588370413_IN_AM_DR_DS,43361,66.74%,
2T,VW_DH_VW_VF_nzoth_yogg_cthun_3132798803435501_IN_IV_ME,43361,66.74%,
2T,VW_DH_VW_VF_nzoth_yogg_cthun_3150260999610349_IN_IV_DR_DS,43359,66.73%,
2T,AR_SP_VF_yshaarj_yogg_cthun_1971370784579055_Mis_AM_DR,43358,66.73%,
2T,AR_SW_VF_yshaarj_yogg_cthun_1971233614061039_Mis_IV_ME,43356,66.72%,
2T,AR_SW_VF_yshaarj_yogg_cthun_2043251290660335_Mis_IV_ME,43356,66.72%,
2T,VW_DH_VW_VF_nzoth_yogg_cthun_3132858932977645_Mis_IV_ME,43355,66.72%,
2T,VW_DH_VW_VF_yshaarj_nzoth_yogg_4049524072177645_IN_AM_ME_DS,43355,66.72%,
2T,AR_EC_VF_yshaarj_yogg_cthun_1971370717994479_IN_AM_DR,43354,66.71%,
2T,AR_SW_VF_yshaarj_yogg_cthun_1972332790668783_Mis_IV_DR,43353,66.71%,
2T,AR_SP_VF_yshaarj_yogg_cthun_1973432301780463_Mis_IV_DR,43351,66.70%,
2T,VW_DH_TV_VF_nzoth_yogg_cthun_3132951207665645_IN_IV_ME_DS,43347,66.69%,
2T,AR_SP_VF_yshaarj_yogg_cthun_1972332857253359_Mis_IV_ME,43347,66.68%,
2T,VW_DH_TV_VF_yshaarj_nzoth_cthun_3768322899632109_IN_AM_DR_DS,43345,66.68%,
2T,AR_EC_VF_yshaarj_yogg_cthun_1971370717994479_Mis_AM_DR,43345,66.68%,
2T,VW_DH_TV_VF_nzoth_yogg_cthun_3132951207665645_IN_IV_DR_DS,43345,66.68%,
2T,AR_SP_VF_yshaarj_nzoth_yogg_4013310913404399_Mis_AM_ME_DS,43341,66.66%,
2T,AR_SP_VF_yshaarj_nzoth_yogg_4013584717569519_IN_AM_ME_DS,43341,66.66%,
2T,VW_DH_VW_VF_nzoth_yogg_cthun_3150253483417581_IN_IV_ME,43341,66.66%,
2T,AR_EC_VF_yshaarj_yogg_cthun_1971234352258559_IN_IV_DR,43341,66.66%,
2T,VW_DH_VW_VF_nzoth_yogg_cthun_3132858866393069_Mis_IV_DR,43341,66.66%,
2T,AR_SP_VF_yshaarj_yogg_cthun_1988688092716527_IN_AM_ME,43336,66.65%,
2T,AR_SW_VF_nzoth_yogg_cthun_3132875903720943_Mis_AM_ME_DS,43334,66.64%,
2T,AR_SP_VF_yshaarj_nzoth_yogg_4013309906247167_IN_AM_ME_DS,43332,66.63%,
2T,VW_DH_VW_VF_nzoth_yogg_cthun_3132926578712557_IN_AM_DR,43331,66.62%,
2T,VW_DH_TV_VF_nzoth_yogg_cthun_3133363524526061_IN_IV_ME_DS,43329,66.62%,
2T,VW_DH_TV_VF_nzoth_yogg_cthun_3132806319628269_IN_IV_DR_DS,43324,66.60%,
2T,AR_SP_VF_yshaarj_nzoth_yogg_4013309839670767_Mis_AM_DR_DS,43322,66.59%,
2T,AR_SW_VF_yshaarj_nzoth_yogg_4013584717053423_IN_AM_ME_DS,43322,66.59%,
2T,AR_SW_VF_yshaarj_yogg_cthun_1971370717994479_Mis_IV_ME,43321,66.58%,
2T,VW_DH_VW_VF_nzoth_yogg_cthun_3133363524526061_IN_IV_ME_DS,43320,66.58%,
2T,VW_DH_VW_VF_nzoth_yogg_cthun_3132808400003053_IN_IV_DR_DS,43319,66.58%,
2T,AR_SW_VF_yshaarj_nzoth_yogg_4013584717569519_IN_AM_ME_DS,43317,66.57%,
2T,AR_SW_VF_yshaarj_yogg_cthun_1971234419367407_IN_IV_DR,43316,66.57%,
2T,AR_SW_VF_yshaarj_yogg_cthun_2043251290144239_IN_IV_ME,43316,66.57%,
2T,VW_DH_TV_VF_nzoth_yogg_cthun_3132928659087341_IN_AM_DR,43315,66.56%,
2T,VW_DH_VW_VF_nzoth_yogg_cthun_3150534803775469_IN_IV_ME_DS,43315,66.56%,
2T,VW_DH_VW_VF_nzoth_yogg_cthun_3150244960591853_IN_IV_ME,43314,66.56%,
2T,AR_EC_VF_yshaarj_yogg_cthun_1971250525494767_Mis_IV_DR_DS,43314,66.56%,
2T,AR_SP_VF_yshaarj_nzoth_yogg_4014409350766079_Mis_AM_ME_DS,43314,66.56%,
2T,AR_SW_VF_nzoth_yogg_cthun_3132858723335679_Mis_AM_ME,43311,66.55%,
2T,AR_SP_VF_yshaarj_nzoth_yogg_4013310912888303_Mis_AM_ME_DS,43309,66.54%,
2T,VW_DH_VW_VF_yshaarj_nzoth_yogg_4049524072177645_IN_AM_DR_DS,43307,66.53%,
2T,AR_SP_VF_yshaarj_yogg_cthun_2043251290660335_IN_AM_DR,43307,66.53%,
2T,AR_EC_VF_yshaarj_yogg_cthun_1971234352782831_IN_IV_DR,43305,66.52%,
2T,AR_EC_VF_yshaarj_yogg_cthun_1971370717470207_Mis_IV_ME,43304,66.52%,
2T,AR_SW_VF_yshaarj_yogg_cthun_1971370784579055_IN_IV_ME,43302,66.51%,
2T,AR_EC_VF_yshaarj_yogg_cthun_1971370784579055_Mis_AM_ME,43301,66.51%,
2T,VW_DH_VW_VF_nzoth_yogg_cthun_3150244960591853_IN_IV_DR,43300,66.51%,
2T,AR_SP_VF_yshaarj_yogg_cthun_1971370784579055_IN_IV_ME,43300,66.50%,
2T,AR_SP_VF_yshaarj_yogg_cthun_2043259880078831_IN_IV_DR_DS,43299,66.50%,
2T,AR_SP_VF_yshaarj_yogg_cthun_2043259880594927_IN_IV_DR_DS,43299,66.50%,
2T,AR_SW_VF_yshaarj_yogg_cthun_2043251290660335_IN_AM_DR,43297,66.50%,
2T,AR_SW_VF_yshaarj_yogg_cthun_2043251357244911_Mis_AM_ME,43297,66.49%,
2T,AR_EC_VF_yshaarj_nzoth_yogg_4013310912880127_Mis_AM_ME_DS,43296,66.49%,
2T,VW_DH_TV_VF_yshaarj_nzoth_yogg_3979697567621101_IN_AM_DR,43295,66.49%,
2T,VW_DH_VW_VF_nzoth_yogg_cthun_3205372946210797_IN_AM_DR_DS,43295,66.48%,
2T,VW_DH_VW_VF_nzoth_yogg_cthun_3132935101538285_IN_AM_DR,43294,66.48%,
2T,AR_SW_VF_nzoth_yogg_cthun_3169159786913279_Mis_AM_ME_DS,43292,66.48%,
2T,AR_EC_VF_yshaarj_yogg_cthun_2043259947179503_Mis_IV_ME_DS,43292,66.47%,
2T,AR_SP_VF_yshaarj_yogg_cthun_1973432368881135_Mis_AM_DR,43292,66.47%,
2T,AR_SW_VF_yshaarj_nzoth_yogg_4013318429072895_IN_AM_ME_DS,43291,66.47%,
2T,VW_DH_VW_VF_nzoth_yogg_cthun_3132936175280109_IN_IV_DR,43290,66.47%,
2T,VW_DH_VW_VF_nzoth_yogg_cthun_3135004202557421_IN_IV_ME_DS,43289,66.46%,
2T,AR_SW_VF_yshaarj_nzoth_yogg_4013309839670767_Mis_AM_DR_DS,43289,66.46%,
2T,AR_SP_VF_yshaarj_yogg_cthun_1971233346149871_IN_IV_DR,43289,66.46%,
2T,VW_DH_TV_VF_nzoth_yogg_cthun_3132797729693677_IN_AM_DR,43287,66.45%,
2T,VW_DH_TV_VF_yshaarj_nzoth_yogg_4049531588370413_IN_AM_ME_DS,43286,66.45%,
2T,VW_DH_TV_VF_yshaarj_nzoth_yogg_3979697567621101_IN_AM_ME,43285,66.45%,
2T,AR_SP_VF_yshaarj_yogg_cthun_1973432301772287_Mis_IV_DR,43285,66.45%,
2T,VW_DH_TV_VF_nzoth_yogg_cthun_3132808400003053_IN_IV_ME_DS,43281,66.43%,
2T,VW_DH_VW_VF_yshaarj_nzoth_yogg_3977498544889837_IN_AM_DR,43279,66.43%,
2T,AR_SP_VF_yshaarj_yogg_cthun_1971233345625599_IN_IV_DR,43279,66.42%,
2T,AR_SW_VF_yshaarj_nzoth_yogg_4013309839146495_IN_AM_DR_DS,43278,66.42%,
2T,AR_SP_VF_yshaarj_nzoth_yogg_4013309839670767_Mis_AM_ME_DS,43277,66.42%,
2T,VW_DH_TV_VF_yshaarj_nzoth_yogg_3979712600006637_IN_AM_ME_DS,43277,66.42%,
2T,VW_DH_VW_VF_nzoth_yogg_cthun_3132798736850925_IN_IV_ME,43275,66.41%,
2T,VW_DH_TV_VF_nzoth_yogg_cthun_3134997759582189_IN_AM_ME,43274,66.41%,
2T,AR_SW_VF_yshaarj_yogg_cthun_1988688025607679_Mis_AM_DR,43274,66.40%,
2T,AR_SP_VF_yshaarj_yogg_cthun_1988688026131951_IN_IV_ME,43274,66.40%,
2T,AR_EC_VF_yshaarj_yogg_cthun_1971370717478383_IN_IV_ME,43274,66.40%,
2T,VW_DH_VW_VF_nzoth_yogg_cthun_3132951207665645_IN_IV_ME_DS,43274,66.40%,
2T,VW_DH_TV_VF_nzoth_yogg_cthun_3150252409675757_IN_AM_DR,43274,66.40%,
2T,AR_SW_VF_nzoth_yogg_cthun_3132875903204847_Mis_AM_ME_DS,43273,66.40%,
2T,VW_DH_TV_VF_yshaarj_nzoth_yogg_3977498611474413_IN_IV_DR,43271,66.39%,
2T,AR_SW_VF_yshaarj_yogg_cthun_1972332857253359_IN_AM_DR,43268,66.38%,
2T,AR_EC_VF_yshaarj_yogg_cthun_1972332790152687_IN_AM_DR,43268,66.38%,
2T,VW_DH_TV_VF_nzoth_yogg_cthun_3133348492140525_IN_IV_ME,43268,66.38%,
2T,VW_DH_TV_VF_nzoth_yogg_cthun_3133347418398701_IN_AM_DR,43266,66.37%,
2T,VW_DH_TV_VF_nzoth_yogg_cthun_3135004202557421_IN_IV_DR_DS,43266,66.37%,
2T,VW_DH_VW_VF_nzoth_yogg_cthun_3132791220658157_IN_IV_DR,43265,66.37%,
2T,VW_DH_TV_VF_yshaarj_nzoth_cthun_3696313477947373_IN_AM_DR_DS,43264,66.37%,
2T,VW_DH_VW_VF_nzoth_yogg_cthun_3205372946210797_IN_AM_ME_DS,43264,66.37%,
2T,AR_SW_VF_yshaarj_nzoth_yogg_4013310913404399_IN_AM_ME_DS,43261,66.36%,
2T,AR_SP_VF_yshaarj_nzoth_yogg_4013584717053423_IN_AM_ME_DS,43259,66.35%,
2T,AR_EC_VF_yshaarj_yogg_cthun_1988688025607679_Mis_AM_ME,43256,66.34%,
2T,AR_SW_VF_yshaarj_yogg_cthun_1973432301780463_IN_IV_ME,43253,66.33%,
2T,AR_SP_VF_yshaarj_nzoth_yogg_4013318429072895_Mis_AM_ME_DS,43253,66.32%,
2T,VW_DH_TV_VF_nzoth_yogg_cthun_3132867455803373_Mis_IV_ME,43252,66.32%,
2T,AR_EC_VF_yshaarj_nzoth_yogg_4013309839146495_Mis_AM_DR_DS,43250,66.31%,
2T,VW_DH_VW_VF_nzoth_yogg_cthun_3132806319628269_IN_IV_ME_DS,43250,66.31%,
2T,AR_EC_VF_yshaarj_yogg_cthun_1971233279049199_IN_IV_DR,43250,66.31%,
2T,AR_EC_VF_yshaarj_yogg_cthun_1972332857253359_Mis_AM_DR,43250,66.31%,
2T,AR_EC_VF_yshaarj_yogg_cthun_1971234352266735_Mis_IV_DR,43248,66.31%,
2T,AR_SP_VF_yshaarj_nzoth_yogg_4013309906247167_Mis_AM_ME_DS,43246,66.30%,
2T,VW_DH_TV_VF_nzoth_yogg_cthun_3132942617739245_IN_IV_ME_DS,43245,66.29%,
2T,AR_EC_VF_yshaarj_yogg_cthun_1972332790668783_IN_AM_DR,43242,66.28%,
2T,VW_DH_TV_VF_yshaarj_nzoth_yogg_3977515724234733_IN_IV_ME_DS,43242,66.28%,
2T,AR_SP_VF_yshaarj_nzoth_yogg_4013309839146495_Mis_AM_DR_DS,43240,66.28%,
2T,AR_EC_VF_yshaarj_yogg_cthun_1971233279041023_Mis_IV_DR,43239,66.27%,
2T,VW_DH_VW_VF_nzoth_yogg_cthun_3135006349516781_IN_IV_DR_DS,43238,66.26%,
2T,AR_EC_VF_yshaarj_yogg_cthun_1972332790152687_Mis_IV_ME,43236,66.26%,
2T,VW_DH_TV_VF_yshaarj_nzoth_yogg_4049523065544685_IN_IV_ME_DS,43236,66.26%,
2T,AR_SP_VF_yshaarj_yogg_cthun_1971234352782831_IN_IV_DR,43233,66.25%,
2T,AR_SP_VF_yshaarj_yogg_cthun_1971370717478383_Mis_IV_ME,43232,66.24%,
2T,VW_DH_TV_VF_nzoth_yogg_cthun_3132867455803373_Mis_IV_DR,43230,66.24%,
2T,VW_DH_TV_VF_nzoth_yogg_cthun_3133348492140525_IN_IV_DR,43230,66.24%,
2T,VW_DH_TV_VF_nzoth_yogg_cthun_3150268515803117_IN_IV_ME_DS,43228,66.23%,
2T,VW_DH_TV_VF_nzoth_yogg_cthun_3150252409675757_IN_AM_ME,43227,66.22%,
2T,AR_EC_VF_yshaarj_yogg_cthun_1971233345625599_Mis_IV_ME,43224,66.21%,
2T,AR_SW_VF_yshaarj_yogg_cthun_1988688026131951_IN_AM_DR,43224,66.21%,
2T,VW_DH_VW_VF_nzoth_yogg_cthun_3132935101538285_IN_AM_ME,43224,66.21%,
2T,VW_DH_TV_VF_nzoth_yogg_cthun_3150259925876717_IN_IV_DR_DS,43222,66.21%,
2T,VW_DH_TV_VF_yshaarj_nzoth_yogg_3977497537732589_IN_AM_DR,43221,66.20%,
2T,VW_DH_VW_VF_nzoth_yogg_cthun_3132927585869805_IN_IV_DR,43220,66.20%,
2T,AR_EC_VF_yshaarj_yogg_cthun_1971234352258559_Mis_IV_DR,43219,66.19%,
2T,VW_DH_TV_VF_nzoth_yogg_cthun_3205372946210797_IN_AM_ME_DS,43219,66.19%,
2T,AR_SW_VF_yshaarj_yogg_cthun_1971233345633775_IN_IV_DR,43218,66.19%,
2T,AR_EC_VF_yshaarj_yogg_cthun_1972332857253359_IN_AM_ME,43216,66.18%,
2T,VW_DH_TV_VF_yshaarj_nzoth_yogg_3977498544889837_IN_IV_ME,43216,66.18%,
2T,VW_DH_TV_VF_yshaarj_nzoth_cthun_3768322899632109_IN_AM_ME_DS,43214,66.18%,
2T,VW_DH_VW_VF_nzoth_yogg_cthun_3132944765214701_IN_IV_ME_DS,43212,66.17%,
2T,VW_DH_VW_VF_nzoth_yogg_cthun_3150244894007277_IN_IV_DR,43210,66.16%,
2T,AR_SW_VF_yshaarj_yogg_cthun_1973432368881135_IN_IV_ME,43209,66.16%,
2T,AR_SW_VF_yshaarj_nzoth_yogg_4013447278091775_IN_AM_ME_DS,43206,66.14%,
2T,VW_DH_VW_VF_nzoth_yogg_cthun_3150534803775469_IN_IV_DR_DS,43206,66.14%,
2T,VW_DH_TV_VF_nzoth_yogg_cthun_3132928659087341_IN_AM_ME,43203,66.13%,
2T,AR_EC_VF_yshaarj_yogg_cthun_1971233279041023_IN_IV_DR,43203,66.13%,
2T,AR_EC_VF_yshaarj_yogg_cthun_1972332790668783_Mis_IV_ME,43202,66.13%,
2T,VW_DH_TV_VF_yshaarj_nzoth_yogg_4049523065544685_IN_IV_DR_DS,43202,66.13%,
2T,VW_DH_TV_VF_nzoth_yogg_cthun_3135005275774957_IN_AM_ME_DS,43201,66.12%,
2T,AR_SW_VF_yshaarj_yogg_cthun_1972332857253359_Mis_IV_ME,43200,66.12%,
2T,VW_DH_TV_VF_yshaarj_nzoth_yogg_4049525145919469_IN_IV_ME_DS,43199,66.12%,
2T,VW_DH_TV_VF_nzoth_yogg_cthun_3150534803775469_IN_IV_ME_DS,43199,66.12%,
2T,AR_SP_VF_yshaarj_yogg_cthun_2043251290660335_Mis_AM_DR,43196,66.10%,
2T,VW_DH_TV_VF_nzoth_yogg_cthun_3132806253043693_IN_IV_DR_DS,43194,66.10%,
2T,VW_DH_VW_VF_nzoth_yogg_cthun_3150244893491181_IN_IV_ME,43191,66.09%,
2T,VW_DH_TV_VF_yshaarj_nzoth_yogg_3977497471148013_IN_AM_ME,43191,66.09%,
2T,AR_SP_VF_nzoth_yogg_cthun_3132875903204847_Mis_AM_ME_DS,43191,66.09%,
2T,VW_DH_VW_VF_nzoth_yogg_cthun_3134997759582189_IN_AM_ME,43190,66.08%,
2T,VW_DH_TV_VF_yshaarj_nzoth_yogg_3977498544889837_IN_IV_DR,43190,66.08%,
2T,AR_SW_VF_yshaarj_yogg_cthun_1971370717470207_IN_IV_DR,43188,66.07%,
2T,AR_SP_VF_yshaarj_yogg_cthun_1971370717994479_Mis_IV_ME,43188,66.07%,
2T,AR_SP_VF_yshaarj_yogg_cthun_1973432301780463_IN_IV_ME,43186,66.06%,
2T,AR_EC_VF_yshaarj_yogg_cthun_2043251290136063_Mis_AM_DR,43185,66.06%,
2T,VW_DH_TV_VF_nzoth_yogg_cthun_3132926578712557_IN_AM_ME,43184,66.06%,
2T,AR_SW_VF_yshaarj_nzoth_yogg_4013318429072895_Mis_AM_ME_DS,43184,66.06%,
2T,VW_DH_TV_VF_nzoth_yogg_cthun_3150244894007277_IN_IV_ME,43183,66.05%,
2T,AR_EC_VF_yshaarj_nzoth_yogg_4013584717045247_Mis_AM_ME_DS,43183,66.05%,
2T,VW_DH_VW_VF_nzoth_yogg_cthun_3150253483417581_IN_IV_DR,43182,66.05%,
2T,AR_SW_VF_yshaarj_nzoth_yogg_4013309906247167_Mis_AM_ME_DS,43181,66.05%,
2T,VW_DH_VW_VF_nzoth_yogg_cthun_3150518697648109_IN_AM_ME,43181,66.05%,
2T,VW_DH_VW_VF_nzoth_yogg_cthun_3132814842453997_IN_IV_DR_DS,43180,66.05%,
2T,AR_SP_VF_yshaarj_yogg_cthun_1972332790144511_IN_IV_ME,43180,66.04%,
2T,AR_SP_VF_yshaarj_yogg_cthun_1988688025607679_IN_AM_DR,43177,66.03%,
2T,AR_EC_VF_yshaarj_nzoth_yogg_4013309839146495_IN_AM_ME_DS,43176,66.03%,
2T,AR_SP_VF_yshaarj_nzoth_yogg_4013584717053423_Mis_AM_ME_DS,43172,66.01%,
2T,VW_DH_TV_VF_nzoth_yogg_cthun_3132926511611885_IN_AM_ME,43171,66.01%,
2T,VW_DH_VW_VF_nzoth_yogg_cthun_3132942617739245_IN_IV_ME_DS,43170,66.00%,
2T,AR_SP_VF_yshaarj_nzoth_yogg_4013584717045247_Mis_AM_DR_DS,43170,66.00%,
2T,VW_DH_TV_VF_nzoth_yogg_cthun_3132926512127981_IN_AM_ME,43168,66.00%,
2T,AR_SW_VF_yshaarj_yogg_cthun_2043259880078831_Mis_IV_DR_DS,43167,65.99%,
2T,AR_SP_VF_yshaarj_yogg_cthun_2043259947179503_IN_IV_ME_DS,43166,65.99%,
2T,AR_EC_VF_nzoth_yogg_cthun_3132875903196671_Mis_AM_DR_DS,43164,65.98%,
2T,AR_SP_VF_yshaarj_yogg_cthun_1973432368881135_IN_AM_DR,43162,65.97%,
2T,VW_DH_TV_VF_nzoth_yogg_cthun_3132799810068461_IN_AM_ME,43161,65.97%,
2T,VW_DH_VW_VF_yshaarj_nzoth_yogg_3977513577275373_IN_AM_DR_DS,43161,65.97%,
2T,AR_EC_VF_yshaarj_nzoth_yogg_4013584717045247_IN_AM_ME_DS,43159,65.96%,
2T,AR_EC_VF_yshaarj_nzoth_yogg_4013309839662591_IN_AM_ME_DS,43159,65.96%,
2T,VW_DH_TV_VF_nzoth_yogg_cthun_3132798803435501_IN_IV_DR,43156,65.95%,
2T,VW_DH_VW_VF_nzoth_yogg_cthun_3133363524526061_IN_IV_DR_DS,43156,65.95%,
2T,AR_EC_VF_yshaarj_yogg_cthun_1973432301780463_IN_AM_DR,43153,65.94%,
2T,AR_SP_VF_yshaarj_yogg_cthun_1971233345625599_Mis_IV_DR,43151,65.93%,
2T,VW_DH_TV_VF_nzoth_yogg_cthun_3132807326269421_IN_IV_DR_DS,43150,65.93%,
2T,VW_DH_VW_VF_nzoth_yogg_cthun_3150259925876717_IN_IV_DR_DS,43150,65.93%,
2T,AR_SW_VF_yshaarj_nzoth_yogg_4013310912880127_IN_AM_ME_DS,43149,65.93%,
2T,AR_SP_VF_yshaarj_yogg_cthun_2043251290144239_IN_AM_DR,43148,65.92%,
2T,AR_SW_VF_yshaarj_yogg_cthun_1971234352266735_IN_IV_DR,43148,65.92%,
2T,AR_SW_VF_yshaarj_yogg_cthun_1972332790152687_IN_IV_ME,43146,65.91%,
2T,AR_SW_VF_yshaarj_nzoth_yogg_4013309839670767_IN_AM_ME_DS,43146,65.91%,
2T,VW_DH_TV_VF_nzoth_yogg_cthun_3132813768720365_IN_IV_DR_DS,43145,65.91%,
2T,VW_DH_TV_VF_yshaarj_nzoth_yogg_3977773422272493_IN_AM_ME,43139,65.88%,
2T,AR_SW_VF_yshaarj_yogg_cthun_1971233346149871_Mis_IV_DR,43136,65.88%,
2T,AR_SW_VF_yshaarj_yogg_cthun_1988688026131951_IN_IV_ME,43136,65.87%,
2T,AR_EC_VF_yshaarj_yogg_cthun_1971250458910191_IN_IV_DR_DS,43135,65.87%,
2T,VW_DH_TV_VF_yshaarj_nzoth_yogg_3977514650492909_IN_AM_ME_DS,43135,65.87%,
2T,AR_SW_VF_yshaarj_yogg_cthun_2043251290144239_IN_AM_DR,43134,65.86%,
2T,AR_SW_VF_yshaarj_yogg_cthun_2043251290660335_Mis_AM_DR,43133,65.86%,
2T,VW_DH_TV_VF_nzoth_yogg_cthun_3133347418398701_IN_AM_ME,43130,65.85%,
2T,VW_DH_VW_VF_nzoth_yogg_cthun_3132813768720365_IN_IV_DR_DS,43129,65.85%,
2T,AR_EC_VF_yshaarj_yogg_cthun_1971233346149871_Mis_IV_ME,43128,65.85%,
2T,VW_DH_TV_VF_nzoth_yogg_cthun_3132797662593005_IN_AM_ME,43128,65.84%,
2T,VW_DH_TV_VF_nzoth_yogg_cthun_3132926512127981_IN_AM_DR,43128,65.84%,
2T,AR_SW_VF_yshaarj_nzoth_yogg_4013309839146495_Mis_AM_DR_DS,43127,65.84%,
2T,AR_SW_VF_yshaarj_yogg_cthun_1971233279049199_IN_IV_DR,43127,65.84%,
2T,AR_SP_VF_yshaarj_yogg_cthun_2043251357244911_Mis_AM_ME,43126,65.84%,
2T,VW_DH_VW_VF_nzoth_yogg_cthun_3132806253043693_IN_IV_DR_DS,43125,65.83%,
2T,VW_DH_TV_VF_yshaarj_nzoth_yogg_3977635983319021_IN_AM_ME,43125,65.83%,
2T,VW_DH_TV_VF_nzoth_yogg_cthun_3150243819749357_IN_AM_DR,43125,65.83%,
2T,AR_EC_VF_yshaarj_yogg_cthun_1971234419367407_IN_AM_DR,43125,65.83%,
2T,AR_SW_VF_yshaarj_yogg_cthun_1971233614061039_Mis_AM_DR,43124,65.83%,
2T,AR_SW_VF_yshaarj_nzoth_yogg_4013310912888303_Mis_AM_ME_DS,43122,65.82%,
2T,VW_DH_VW_VF_nzoth_yogg_cthun_3132867455803373_Mis_IV_DR,43122,65.82%,
2T,VW_DH_TV_VF_nzoth_yogg_cthun_3132798736850925_IN_IV_DR,43122,65.82%,
2T,AR_EC_VF_yshaarj_yogg_cthun_1973432302296559_Mis_IV_ME,43120,65.81%,
2T,AR_SP_VF_yshaarj_nzoth_yogg_4013309839662591_Mis_AM_DR_DS,43119,65.81%,
2T,AR_SW_VF_yshaarj_nzoth_yogg_4014409350766079_Mis_AM_ME_DS,43116,65.80%,
2T,AR_SP_VF_yshaarj_nzoth_yogg_4013584717569519_Mis_AM_ME_DS,43114,65.79%,
2T,VW_DH_VW_VF_nzoth_yogg_cthun_3132942684839917_IN_IV_ME_DS,43112,65.78%,
2T,AR_EC_VF_yshaarj_yogg_cthun_2043259947179503_IN_IV_ME_DS,43112,65.78%,
2T,VW_DH_VW_VF_nzoth_yogg_cthun_3132798803435501_IN_IV_DR,43111,65.78%,
2T,VW_DH_TV_VF_yshaarj_nzoth_yogg_4049522998444013_IN_IV_ME_DS,43111,65.78%,
2T,VW_DH_TV_VF_nzoth_yogg_cthun_3132797662593005_IN_AM_DR,43110,65.78%,
2T,AR_SW_VF_yshaarj_yogg_cthun_2043259880078831_IN_IV_DR_DS,43109,65.77%,
2T,AR_SW_VF_yshaarj_nzoth_yogg_4013309906247167_IN_AM_ME_DS,43109,65.77%,
2T,VW_DH_TV_VF_nzoth_yogg_cthun_3150259992977389_IN_IV_ME_DS,43109,65.77%,
2T,AR_EC_VF_yshaarj_yogg_cthun_2043259947179503_Mis_AM_DR_DS,43108,65.77%,
2T,AR_SW_VF_yshaarj_yogg_cthun_1973432368881135_Mis_AM_DR,43107,65.76%,
2T,AR_EC_VF_yshaarj_yogg_cthun_1971233345633775_IN_IV_ME,43107,65.76%,
2T,VW_DH_VW_VF_yshaarj_nzoth_yogg_4049660437389293_IN_AM_ME_DS,43106,65.76%,
2T,AR_SW_VF_nzoth_yogg_cthun_3132875903196671_Mis_AM_DR_DS,43105,65.76%,
2T,AR_EC_VF_yshaarj_yogg_cthun_1973432301772287_Mis_IV_ME,43103,65.75%,
2T,VW_DH_TV_VF_yshaarj_nzoth_yogg_4049522998960109_IN_IV_DR_DS,43103,65.75%,
2T,AR_EC_VF_yshaarj_yogg_cthun_1972332790668783_IN_AM_ME,43099,65.73%,
2T,VW_DH_VW_VF_nzoth_yogg_cthun_3132797729693677_IN_AM_ME,43099,65.73%,
2T,VW_DH_VW_VF_nzoth_yogg_cthun_3135005275774957_IN_AM_ME_DS,43098,65.73%,
2T,AR_SW_VF_yshaarj_nzoth_yogg_4013310913404399_Mis_AM_ME_DS,43097,65.72%,
2T,AR_SP_VF_yshaarj_yogg_cthun_2043259947179503_Mis_IV_ME_DS,43094,65.71%,
2T,AR_SW_VF_yshaarj_yogg_cthun_1971370784579055_IN_AM_DR,43094,65.71%,
2T,VW_DH_TV_VF_yshaarj_nzoth_yogg_3977515724234733_IN_IV_DR_DS,43093,65.71%,
2T,AR_SP_VF_yshaarj_yogg_cthun_1972332790144511_Mis_IV_DR,43090,65.70%,
2T,AR_SP_VF_yshaarj_yogg_cthun_1971370717478383_IN_IV_ME,43090,65.70%,
2T,AR_SP_VF_yshaarj_yogg_cthun_1971250525494767_IN_IV_DR_DS,43086,65.68%,
2T,AR_SW_VF_yshaarj_yogg_cthun_1972332790152687_Mis_IV_DR,43081,65.66%,
2T,AR_EC_VF_yshaarj_yogg_cthun_1971370717470207_Mis_AM_DR,43081,65.66%,
2T,AR_EC_VF_yshaarj_yogg_cthun_1971370717478383_IN_AM_DR,43080,65.66%,
2T,AR_SP_VF_yshaarj_yogg_cthun_2043259880078831_Mis_IV_DR_DS,43080,65.66%,
2T,AR_SW_VF_yshaarj_nzoth_yogg_4013309839670767_Mis_AM_ME_DS,43079,65.65%,
2T,VW_DH_TV_VF_yshaarj_nzoth_yogg_3979712600006637_IN_AM_DR_DS,43077,65.65%,
2T,AR_SP_VF_yshaarj_yogg_cthun_1988688025615855_Mis_AM_ME,43077,65.65%,
2T,AR_SP_VF_yshaarj_yogg_cthun_1988688025615855_IN_AM_DR,43072,65.63%,
2T,AR_EC_VF_yshaarj_yogg_cthun_1971233345633775_Mis_AM_DR,43071,65.63%,
2T,AR_SP_VF_yshaarj_yogg_cthun_1971233614061039_IN_IV_ME,43071,65.63%,
2T,AR_SP_VF_nzoth_yogg_cthun_3132875903196671_Mis_AM_DR_DS,43067,65.61%,
2T,AR_SP_VF_yshaarj_nzoth_yogg_4013310912880127_IN_AM_ME_DS,43064,65.60%,
2T,VW_DH_VW_VF_nzoth_yogg_cthun_3132797729693677_IN_AM_DR,43061,65.59%,
2T,AR_EC_VF_yshaarj_yogg_cthun_1971233346149871_IN_IV_ME,43060,65.58%,
2T,VW_DH_TV_VF_nzoth_yogg_cthun_3150268515803117_IN_IV_DR_DS,43059,65.58%,
2T,AR_EC_VF_yshaarj_yogg_cthun_1988688026131951_IN_AM_ME,43059,65.58%,
2T,AR_EC_VF_yshaarj_yogg_cthun_2043251290144239_IN_AM_ME,43058,65.58%,
2T,VW_DH_VW_VF_nzoth_yogg_cthun_3132813835821037_IN_IV_ME_DS,43056,65.57%,
2T,AR_SW_VF_yshaarj_yogg_cthun_1971234352782831_IN_IV_DR,43056,65.57%,
2T,VW_DH_TV_VF_yshaarj_nzoth_yogg_3977497471148013_IN_AM_DR,43053,65.56%,
2T,AR_SW_VF_yshaarj_yogg_cthun_1972332790668783_IN_AM_DR,43053,65.55%,
2T,AR_SW_VF_yshaarj_yogg_cthun_2043259880594927_IN_IV_DR_DS,43052,65.55%,
2T,AR_EC_VF_yshaarj_yogg_cthun_2043251290136063_IN_IV_ME,43051,65.55%,
2T,VW_DH_TV_VF_nzoth_yogg_cthun_3132813768720365_IN_IV_ME_DS,43050,65.54%,
2T,AR_SW_VF_yshaarj_nzoth_yogg_4013309839662591_Mis_AM_DR_DS,43050,65.54%,
2T,VW_DH_VW_VF_nzoth_yogg_cthun_3132951207665645_IN_IV_DR_DS,43049,65.54%,
2T,VW_DH_VW_VF_nzoth_yogg_cthun_3132815916195821_IN_IV_ME_DS,43046,65.53%,
2T,AR_SW_VF_yshaarj_yogg_cthun_2043251290144239_Mis_AM_DR,43045,65.52%,
2T,AR_SW_VF_yshaarj_yogg_cthun_1971250525494767_Mis_IV_DR_DS,43044,65.52%,
2T,VW_DH_TV_VF_nzoth_yogg_cthun_3150245967224813_IN_AM_ME,43041,65.51%,
2T,VW_DH_TV_VF_nzoth_yogg_cthun_3132815916195821_IN_IV_ME_DS,43041,65.51%,
2T,AR_SP_VF_yshaarj_yogg_cthun_2043251357244911_IN_AM_ME,43040,65.51%,
2T,AR_EC_VF_yshaarj_yogg_cthun_1973432302296559_IN_IV_ME,43039,65.50%,
2T,VW_DH_VW_VF_nzoth_yogg_cthun_3132928659087341_IN_AM_DR,43038,65.50%,
2T,AR_SW_VF_yshaarj_yogg_cthun_1988688025615855_IN_AM_DR,43038,65.50%,
2T,AR_SW_VF_yshaarj_yogg_cthun_1971370717478383_IN_IV_ME,43037,65.49%,
2T,VW_DH_TV_VF_nzoth_yogg_cthun_3135005275774957_IN_AM_DR_DS,43036,65.49%,
2T,VW_DH_TV_VF_nzoth_yogg_cthun_3150244894007277_IN_IV_DR,43035,65.48%,
2T,AR_EC_VF_yshaarj_yogg_cthun_1971250458910191_Mis_IV_DR_DS,43030,65.47%,
2T,AR_SW_VF_yshaarj_yogg_cthun_1971233345625599_IN_IV_DR,43029,65.46%,
2T,AR_SW_VF_yshaarj_nzoth_yogg_4013584717045247_Mis_AM_DR_DS,43026,65.45%,
2T,AR_EC_VF_yshaarj_nzoth_yogg_4013309839146495_Mis_AM_ME_DS,43025,65.45%,
2T,AR_SW_VF_yshaarj_yogg_cthun_1988688025607679_IN_IV_ME,43025,65.45%,
2T,VW_DH_VW_VF_nzoth_yogg_cthun_3132797662593005_IN_AM_DR,43023,65.44%,
2T,VW_DH_TV_VF_yshaarj_nzoth_yogg_3977513577275373_IN_IV_DR_DS,43022,65.44%,
2T,AR_SW_VF_yshaarj_yogg_cthun_1971234352266735_Mis_IV_DR,43019,65.43%,
2T,AR_SP_VF_yshaarj_yogg_cthun_1972332790668783_IN_AM_DR,43017,65.42%,
2T,VW_DH_TV_VF_yshaarj_nzoth_yogg_3977513577275373_IN_IV_ME_DS,43016,65.41%,
2T,AR_SP_VF_yshaarj_yogg_cthun_1971370717994479_Mis_AM_DR,43016,65.41%,
2T,VW_DH_TV_VF_nzoth_yogg_cthun_3132797663109101_IN_AM_ME,43015,65.41%,
2T,AR_SW_VF_yshaarj_yogg_cthun_1973432301772287_Mis_IV_DR,43015,65.41%,
2T,AR_EC_VF_yshaarj_yogg_cthun_1973432368881135_IN_AM_ME,43014,65.41%,
2T,AR_EC_VF_yshaarj_yogg_cthun_1971233279049199_Mis_IV_DR,43013,65.40%,
2T,VW_DH_TV_VF_yshaarj_nzoth_yogg_3977788454658029_IN_AM_ME_DS,43013,65.40%,
2T,AR_SW_VF_yshaarj_yogg_cthun_1971250525494767_IN_IV_DR_DS,43012,65.40%,
2T,AR_SP_VF_yshaarj_yogg_cthun_1973432301780463_Mis_IV_ME,43012,65.40%,
2T,VW_DH_VW_VF_nzoth_yogg_cthun_3150252409675757_IN_AM_DR,43009,65.39%,
2T,VW_DH_VW_VF_nzoth_yogg_cthun_3132926578712557_IN_AM_ME,43007,65.38%,
2T,VW_DH_TV_VF_nzoth_yogg_cthun_3132791220142061_IN_AM_DR,43006,65.38%,
2T,VW_DH_TV_VF_nzoth_yogg_cthun_3150259992977389_IN_IV_DR_DS,43006,65.38%,
2T,AR_SP_VF_yshaarj_yogg_cthun_1971233614061039_IN_AM_DR,43004,65.37%,
2T,VW_DH_VW_VF_nzoth_yogg_cthun_3134997759582189_IN_AM_DR,43004,65.37%,
2T,VW_DH_VW_VF_nzoth_yogg_cthun_3132798736850925_IN_IV_DR,43003,65.36%,
2T,VW_DH_TV_VF_nzoth_yogg_cthun_3134997759582189_IN_AM_DR,43003,65.36%,
2T,AR_SW_VF_yshaarj_yogg_cthun_1971234352258559_IN_IV_DR,42997,65.34%,
2T,VW_DH_TV_VF_nzoth_yogg_cthun_3132944765214701_IN_IV_DR_DS,42995,65.33%,
2T,AR_SW_VF_yshaarj_yogg_cthun_2043259947179503_IN_IV_ME_DS,42994,65.33%,
2T,AR_EC_VF_yshaarj_yogg_cthun_2043251290136063_IN_AM_DR,42993,65.33%,
2T,AR_EC_VF_yshaarj_yogg_cthun_2043251290660335_IN_AM_ME,42993,65.32%,
2T,VW_DH_TV_VF_nzoth_yogg_cthun_3132942618255341_IN_IV_DR_DS,42991,65.32%,
2T,VW_DH_VW_VF_nzoth_yogg_cthun_3132791220142061_IN_AM_DR,42990,65.31%,
2T,AR_SP_VF_yshaarj_yogg_cthun_1972332857253359_Mis_AM_DR,42990,65.31%,
2T,VW_DH_VW_VF_nzoth_yogg_cthun_3150259992977389_IN_IV_DR_DS,42990,65.31%,
2T,VW_DH_TV_VF_nzoth_yogg_cthun_3132944765214701_IN_IV_ME_DS,42986,65.30%,
2T,AR_SW_VF_yshaarj_yogg_cthun_1971233345633775_IN_IV_ME,42985,65.29%,
2T,AR_EC_VF_yshaarj_yogg_cthun_1971370717994479_IN_IV_ME,42984,65.29%,
2T,AR_EC_VF_yshaarj_yogg_cthun_1971233614061039_Mis_AM_ME,42984,65.29%,
2T,AR_EC_VF_yshaarj_yogg_cthun_1971370784579055_IN_AM_ME,42983,65.28%,
2T,VW_DH_VW_VF_nzoth_yogg_cthun_3132806319628269_IN_IV_DR_DS,42983,65.28%,
2T,VW_DH_VW_VF_nzoth_yogg_cthun_3135004202557421_IN_IV_DR_DS,42982,65.28%,
2T,VW_DH_VW_VF_nzoth_yogg_cthun_3132942684839917_IN_IV_DR_DS,42980,65.28%,
2T,VW_DH_VW_VF_nzoth_yogg_cthun_3150243886850029_IN_AM_DR,42980,65.28%,
2T,AR_SW_VF_yshaarj_yogg_cthun_1971234352782831_Mis_IV_DR,42977,65.26%,
2T,AR_SW_VF_yshaarj_yogg_cthun_1972332857253359_Mis_AM_DR,42977,65.26%,
2T,AR_EC_VF_yshaarj_yogg_cthun_2043259947179503_IN_AM_DR_DS,42975,65.26%,
2T,VW_DH_TV_VF_nzoth_yogg_cthun_3132858932977645_Mis_IV_DR,42973,65.25%,
2T,VW_DH_TV_VF_yshaarj_nzoth_yogg_3977651015704557_IN_AM_ME_DS,42972,65.24%,
2T,AR_EC_VF_yshaarj_yogg_cthun_2043251290660335_Mis_AM_ME,42971,65.24%,
2T,AR_SP_VF_yshaarj_yogg_cthun_1971233614061039_Mis_AM_DR,42971,65.24%,
2T,AR_EC_VF_yshaarj_nzoth_yogg_4013309839662591_Mis_AM_ME_DS,42969,65.23%,
2T,VW_DH_VW_VF_nzoth_yogg_cthun_3132806253043693_IN_IV_ME_DS,42968,65.23%,
2T,VW_DH_VW_VF_nzoth_yogg_cthun_3132926511611885_IN_AM_ME,42967,65.22%,
2T,AR_SW_VF_yshaarj_nzoth_yogg_4013584717053423_Mis_AM_ME_DS,42967,65.22%,
2T,AR_EC_VF_yshaarj_yogg_cthun_1971233346149871_Mis_AM_DR,42966,65.22%,
2T,AR_SP_VF_yshaarj_yogg_cthun_1971234352258559_IN_IV_DR,42965,65.22%,
2T,VW_DH_TV_VF_nzoth_yogg_cthun_3133363524526061_IN_IV_DR_DS,42962,65.20%,
2T,AR_SW_VF_yshaarj_yogg_cthun_1973432302296559_IN_IV_ME,42962,65.20%,
2T,VW_DH_VW_VF_nzoth_yogg_cthun_3150243819749357_IN_AM_ME,42960,65.20%,
2T,AR_SW_VF_yshaarj_yogg_cthun_1971233614061039_IN_AM_DR,42955,65.18%,
2T,VW_DH_TV_VF_nzoth_yogg_cthun_3150245967224813_IN_AM_DR,42953,65.17%,
2T,VW_DH_TV_VF_yshaarj_nzoth_yogg_4049525145919469_IN_IV_DR_DS,42951,65.16%,
2T,AR_SP_VF_yshaarj_yogg_cthun_1971234352266735_Mis_IV_DR,42951,65.16%,
2T,AR_EC_VF_yshaarj_yogg_cthun_2043251290144239_Mis_AM_ME,42950,65.16%,
2T,VW_DH_TV_VF_nzoth_yogg_cthun_3132807326269421_IN_IV_ME_DS,42950,65.16%,
2T,AR_SW_VF_yshaarj_yogg_cthun_1971370784579055_Mis_AM_ME,42949,65.16%,
2T,AR_EC_VF_yshaarj_yogg_cthun_1971250458394095_IN_IV_DR_DS,42949,65.16%,
2T,VW_DH_VW_VF_nzoth_yogg_cthun_3150268515803117_IN_IV_ME_DS,42946,65.15%,
2T,VW_DH_TV_VF_nzoth_yogg_cthun_3150519771389933_IN_AM_DR,42946,65.15%,
2T,AR_SP_VF_yshaarj_nzoth_yogg_4013310912880127_Mis_AM_ME_DS,42946,65.14%,
2T,AR_EC_VF_yshaarj_yogg_cthun_1988688025615855_IN_AM_ME,42945,65.14%,
2T,AR_SW_VF_yshaarj_yogg_cthun_1971370717994479_Mis_AM_DR,42945,65.14%,
2T,VW_DH_VW_VF_nzoth_yogg_cthun_3132858932977645_Mis_IV_DR,42944,65.14%,
2T,VW_DH_TV_VF_nzoth_yogg_cthun_3132936175280109_IN_AM_ME,42943,65.13%,
2T,AR_SW_VF_yshaarj_yogg_cthun_1988688025607679_IN_AM_DR,42941,65.13%,
2T,VW_DH_VW_VF_nzoth_yogg_cthun_3150244894007277_IN_IV_ME,42938,65.11%,
2T,AR_SP_VF_yshaarj_yogg_cthun_1988688026131951_Mis_AM_ME,42937,65.11%,
2T,AR_SP_VF_yshaarj_yogg_cthun_1972332790152687_Mis_IV_ME,42936,65.11%,
2T,AR_SW_VF_yshaarj_yogg_cthun_1972332790668783_Mis_IV_ME,42935,65.10%,
2T,AR_SW_VF_yshaarj_yogg_cthun_1973432302296559_Mis_IV_ME,42934,65.10%,
2T,VW_DH_VW_VF_nzoth_yogg_cthun_3132928659087341_IN_AM_ME,42931,65.08%,
2T,AR_SP_VF_yshaarj_yogg_cthun_1971250525494767_Mis_IV_DR_DS,42930,65.08%,
2T,AR_EC_VF_yshaarj_yogg_cthun_2043259880078831_Mis_IV_ME_DS,42929,65.08%,
2T,AR_SW_VF_yshaarj_yogg_cthun_1972332790144511_IN_IV_ME,42925,65.06%,
2T,AR_SP_VF_yshaarj_yogg_cthun_2043251290136063_Mis_IV_ME,42925,65.06%,
2T,VW_DH_VW_VF_nzoth_yogg_cthun_3132799810068461_IN_AM_ME,42924,65.06%,
2T,AR_SW_VF_yshaarj_yogg_cthun_1988688092716527_IN_AM_ME,42923,65.05%,
2T,VW_DH_VW_VF_nzoth_yogg_cthun_3132791287242733_IN_AM_ME,42921,65.05%,
2T,AR_SP_VF_yshaarj_nzoth_yogg_4013309839662591_IN_AM_ME_DS,42921,65.05%,
2T,VW_DH_TV_VF_nzoth_yogg_cthun_3132813769236461_IN_IV_ME_DS,42917,65.03%,
2T,AR_SW_VF_yshaarj_nzoth_yogg_4013310912880127_Mis_AM_ME_DS,42916,65.03%,
2T,AR_EC_VF_yshaarj_yogg_cthun_1971234352266735_Mis_IV_ME,42915,65.03%,
2T,VW_DH_TV_VF_nzoth_yogg_cthun_3132791287242733_IN_AM_ME,42914,65.02%,
2T,VW_DH_TV_VF_nzoth_yogg_cthun_3132799810068461_IN_AM_DR,42913,65.02%,
2T,AR_EC_VF_yshaarj_yogg_cthun_1971234419367407_IN_IV_ME,42911,65.01%,
2T,VW_DH_TV_VF_nzoth_yogg_cthun_3132813835821037_IN_IV_ME_DS,42911,65.01%,
2T,AR_EC_VF_yshaarj_yogg_cthun_1973432302296559_Mis_AM_DR,42910,65.00%,
2T,VW_DH_TV_VF_nzoth_yogg_cthun_3132797663109101_IN_AM_DR,42909,65.00%,
2T,AR_SP_VF_yshaarj_yogg_cthun_1988688025607679_IN_IV_ME,42908,65.00%,
2T,AR_SP_VF_yshaarj_yogg_cthun_2043259880594927_Mis_IV_DR_DS,42907,64.99%,
2T,AR_SW_VF_yshaarj_yogg_cthun_2043259947179503_Mis_IV_ME_DS,42903,64.98%,
2T,AR_SP_VF_yshaarj_yogg_cthun_1971234352782831_Mis_IV_DR,42902,64.98%,
2T,AR_EC_VF_yshaarj_yogg_cthun_2043259880594927_IN_IV_ME_DS,42901,64.97%,
2T,AR_EC_VF_yshaarj_yogg_cthun_1973432301780463_Mis_AM_DR,42898,64.96%,
2T,VW_DH_TV_VF_nzoth_yogg_cthun_3132797729693677_IN_AM_ME,42896,64.95%,
2T,AR_SW_VF_yshaarj_yogg_cthun_2043251357244911_IN_AM_ME,42895,64.95%,
2T,AR_EC_VF_yshaarj_yogg_cthun_1972332790144511_Mis_IV_ME,42895,64.95%,
2T,AR_SP_VF_yshaarj_yogg_cthun_1971233279049199_IN_IV_DR,42894,64.94%,
2T,VW_DH_VW_VF_nzoth_yogg_cthun_3150243886850029_IN_AM_ME,42890,64.93%,
2T,VW_DH_VW_VF_yshaarj_nzoth_yogg_3979696493879277_Mis_IV_ME,42889,64.92%,
2T,AR_EC_VF_yshaarj_yogg_cthun_1972332857253359_Mis_AM_ME,42888,64.92%,
2T,VW_DH_VW_VF_yshaarj_nzoth_yogg_4049522998444013_IN_AM_DR_DS,42886,64.91%,
2T,VW_DH_VW_VF_nzoth_yogg_cthun_3132807326269421_IN_IV_ME_DS,42885,64.91%,
2T,VW_DH_VW_VF_nzoth_yogg_cthun_3132799810068461_IN_AM_DR,42884,64.91%,
2T,VW_DH_VW_VF_nzoth_yogg_cthun_3132859939610605_Mis_AM_ME,42884,64.91%,
2T,AR_EC_VF_yshaarj_yogg_cthun_1971250458394095_Mis_IV_DR_DS,42882,64.90%,
2T,VW_DH_VW_VF_nzoth_yogg_cthun_3132797663109101_IN_AM_ME,42879,64.89%,
2T,AR_SW_VF_yshaarj_yogg_cthun_1972332790144511_Mis_IV_DR,42879,64.88%,
2T,VW_DH_VW_VF_nzoth_yogg_cthun_3132813835821037_IN_IV_DR_DS,42878,64.88%,
2T,AR_SP_VF_yshaarj_yogg_cthun_1973432302296559_Mis_IV_ME,42875,64.87%,
2T,AR_SP_VF_yshaarj_yogg_cthun_1971233278524927_IN_IV_DR,42875,64.87%,
2T,VW_DH_TV_VF_nzoth_yogg_cthun_3150262073352173_IN_IV_ME_DS,42873,64.86%,
2T,AR_SP_VF_yshaarj_nzoth_yogg_4013309839146495_IN_AM_ME_DS,42869,64.85%,
2T,AR_EC_VF_yshaarj_yogg_cthun_2043259880594927_Mis_IV_ME_DS,42867,64.84%,
2T,AR_SP_VF_yshaarj_yogg_cthun_1973432302296559_IN_IV_ME,42867,64.84%,
2T,VW_DH_TV_VF_yshaarj_nzoth_yogg_3977498611474413_IN_AM_ME,42863,64.83%,
2T,VW_DH_VW_VF_yshaarj_nzoth_cthun_3696297371820013_Mis_IV_ME,42862,64.82%,
2T,AR_SW_VF_yshaarj_nzoth_yogg_4013309839662591_IN_AM_ME_DS,42860,64.81%,
2T,AR_SW_VF_yshaarj_yogg_cthun_1972332790152687_Mis_IV_ME,42858,64.80%,
2T,VW_DH_TV_VF_nzoth_yogg_cthun_3132859939610605_Mis_AM_ME,42856,64.80%,
2T,AR_EC_VF_yshaarj_yogg_cthun_1973432368881135_Mis_AM_ME,42856,64.80%,
2T,AR_EC_VF_yshaarj_yogg_cthun_1971370717470207_IN_AM_DR,42856,64.80%,
2T,VW_DH_VW_VF_nzoth_yogg_cthun_3132942618255341_IN_IV_ME_DS,42855,64.79%,
2T,AR_EC_VF_yshaarj_yogg_cthun_1988688025607679_IN_AM_ME,42854,64.79%,
2T,AR_SP_VF_yshaarj_yogg_cthun_1971233346149871_Mis_IV_ME,42852,64.78%,
2T,VW_DH_VW_VF_nzoth_yogg_cthun_3133348492140525_IN_AM_ME,42852,64.78%,
2T,VW_DH_TV_VF_yshaarj_nzoth_yogg_4049797876342765_IN_AM_ME_DS,42852,64.78%,
2T,AR_SP_VF_yshaarj_yogg_cthun_1971370784579055_Mis_AM_ME,42851,64.78%,
2T,AR_EC_VF_yshaarj_yogg_cthun_1971233346149871_IN_AM_DR,42851,64.78%,
2T,AR_SP_VF_yshaarj_yogg_cthun_1972332790152687_IN_AM_DR,42850,64.78%,
2T,VW_DH_TV_VF_nzoth_yogg_cthun_3150243886850029_IN_AM_ME,42849,64.77%,
2T,AR_SW_VF_yshaarj_yogg_cthun_1988688026131951_Mis_AM_ME,42849,64.77%,
2T,VW_DH_VW_VF_nzoth_yogg_cthun_3132813768720365_IN_IV_ME_DS,42849,64.77%,
2T,AR_SW_VF_yshaarj_yogg_cthun_1971370717478383_Mis_IV_ME,42848,64.77%,
2T,VW_DH_TV_VF_nzoth_yogg_cthun_3132943691472877_IN_AM_DR_DS,42847,64.76%,
2T,VW_DH_VW_VF_yshaarj_nzoth_yogg_4049522998444013_IN_AM_ME_DS,42847,64.76%,
2T,VW_DH_VW_VF_nzoth_yogg_cthun_3132926512127981_IN_AM_DR,42846,64.76%,
2T,AR_EC_VF_yshaarj_yogg_cthun_1971233278524927_Mis_IV_DR,42844,64.75%,
2T,AR_SW_VF_yshaarj_yogg_cthun_1971370717470207_Mis_IV_ME,42843,64.75%,
2T,VW_DH_TV_VF_yshaarj_nzoth_yogg_4049524072177645_IN_AM_DR_DS,42843,64.75%,
2T,AR_SP_VF_yshaarj_yogg_cthun_1972332790668783_Mis_IV_ME,42843,64.75%,
2T,AR_SP_VF_yshaarj_yogg_cthun_2043251290144239_Mis_AM_DR,42842,64.74%,
2T,VW_DH_TV_VF_nzoth_yogg_cthun_3150259925876717_IN_IV_ME_DS,42839,64.73%,
2T,AR_EC_VF_yshaarj_yogg_cthun_1973432301772287_IN_AM_DR,42836,64.72%,
2T,VW_DH_TV_VF_nzoth_yogg_cthun_3132813835821037_IN_IV_DR_DS,42836,64.72%,
2T,VW_DH_VW_VF_nzoth_yogg_cthun_3150245967224813_IN_AM_ME,42836,64.72%,
2T,AR_SP_VF_yshaarj_yogg_cthun_1988688025607679_Mis_AM_ME,42835,64.72%,
2T,VW_DH_VW_VF_nzoth_yogg_cthun_3132944765214701_IN_IV_DR_DS,42833,64.71%,
2T,VW_DH_TV_VF_yshaarj_nzoth_yogg_3977635983319021_IN_AM_DR,42832,64.70%,
2T,AR_EC_VF_yshaarj_yogg_cthun_1971233278524927_IN_IV_DR,42831,64.70%,
2T,VW_DH_VW_VF_nzoth_yogg_cthun_3132926512127981_IN_AM_ME,42830,64.70%,
2T,VW_DH_TV_VF_yshaarj_nzoth_yogg_3977499618107373_IN_AM_DR,42829,64.69%,
2T,AR_SW_VF_nzoth_yogg_cthun_3132875903196671_Mis_AM_ME_DS,42822,64.67%,
2T,VW_DH_TV_VF_nzoth_yogg_cthun_3132807326785517_IN_IV_ME_DS,42820,64.66%,
2T,VW_DH_VW_VF_nzoth_yogg_cthun_3150245967224813_IN_AM_DR,42820,64.66%,
2T,VW_DH_VW_VF_nzoth_yogg_cthun_3132797662593005_IN_AM_ME,42820,64.66%,
2T,VW_DH_VW_VF_nzoth_yogg_cthun_3150259925876717_IN_IV_ME_DS,42820,64.66%,
2T,AR_EC_VF_yshaarj_yogg_cthun_1971234419367407_Mis_AM_DR,42819,64.65%,
2T,VW_DH_TV_VF_yshaarj_nzoth_yogg_3977773422272493_IN_AM_DR,42818,64.65%,
2T,AR_SP_VF_yshaarj_yogg_cthun_1971233345633775_IN_IV_ME,42818,64.65%,
2T,VW_DH_VW_VF_nzoth_yogg_cthun_3132791220142061_IN_AM_ME,42817,64.65%,
2T,AR_EC_VF_yshaarj_yogg_cthun_2043259880070655_Mis_IV_DR_DS,42816,64.64%,
2T,AR_SP_VF_yshaarj_yogg_cthun_1971370717994479_IN_AM_DR,42814,64.64%,
2T,VW_DH_VW_VF_nzoth_yogg_cthun_3135012791967725_IN_AM_ME_DS,42813,64.63%,
2T,VW_DH_VW_VF_yshaarj_nzoth_yogg_3979696493879277_Mis_IV_DR,42808,64.61%,
2T,VW_DH_TV_VF_nzoth_yogg_cthun_3150519771389933_IN_AM_ME,42808,64.61%,
2T,AR_SW_VF_yshaarj_yogg_cthun_2043259880594927_Mis_IV_DR_DS,42808,64.61%,
2T,AR_SP_VF_yshaarj_nzoth_yogg_4013584717045247_IN_AM_ME_DS,42807,64.61%,
2T,AR_SP_VF_yshaarj_yogg_cthun_1971233279041023_IN_IV_DR,42807,64.61%,
2T,AR_EC_VF_yshaarj_yogg_cthun_1972332790668783_Mis_AM_DR,42806,64.61%,
2T,VW_DH_TV_VF_nzoth_yogg_cthun_3132942618255341_IN_IV_ME_DS,42804,64.60%,
2T,AR_SP_VF_yshaarj_yogg_cthun_1971234352258559_Mis_IV_DR,42804,64.60%,
2T,VW_DH_VW_VF_nzoth_yogg_cthun_3150519771389933_IN_AM_DR,42800,64.58%,
2T,VW_DH_VW_VF_nzoth_yogg_cthun_3152458949124077_IN_AM_DR_DS,42799,64.58%,
2T,VW_DH_VW_VF_nzoth_yogg_cthun_3150259992977389_IN_IV_ME_DS,42798,64.58%,
2T,VW_DH_TV_VF_nzoth_yogg_cthun_3132815916195821_IN_IV_DR_DS,42795,64.56%,
2T,VW_DH_TV_VF_nzoth_yogg_cthun_3132814842453997_IN_AM_ME_DS,42793,64.56%,
2T,AR_SP_VF_yshaarj_yogg_cthun_1971233345633775_Mis_IV_ME,42791,64.55%,
2T,AR_EC_VF_yshaarj_yogg_cthun_1973432301772287_IN_IV_ME,42791,64.55%,
2T,VW_DH_VW_VF_nzoth_yogg_cthun_3132807326269421_IN_IV_DR_DS,42788,64.54%,
2T,VW_DH_VW_VF_yshaarj_nzoth_yogg_3977772348530669_Mis_IV_ME,42788,64.54%,
2T,AR_SW_VF_yshaarj_yogg_cthun_1971233614061039_IN_IV_ME,42788,64.54%,
2T,AR_SP_VF_yshaarj_yogg_cthun_1971370717470207_Mis_IV_ME,42788,64.53%,
2T,AR_EC_VF_yshaarj_yogg_cthun_1972332790152687_IN_AM_ME,42786,64.53%,
2T,AR_SW_VF_yshaarj_yogg_cthun_1971233345625599_Mis_IV_DR,42785,64.53%,
2T,VW_DH_VW_VF_nzoth_yogg_cthun_3150268515803117_IN_IV_DR_DS,42782,64.51%,
2T,AR_SW_VF_yshaarj_yogg_cthun_2043259947179503_IN_AM_DR_DS,42781,64.51%,
2T,AR_SW_VF_yshaarj_yogg_cthun_1972332790152687_IN_AM_DR,42780,64.50%,
2T,VW_DH_VW_VF_nzoth_yogg_cthun_3132859939610605_Mis_AM_DR,42779,64.50%,
2T,VW_DH_TV_VF_nzoth_yogg_cthun_3150243819749357_IN_AM_ME,42779,64.50%,
2T,AR_EC_VF_yshaarj_yogg_cthun_1971234352266735_IN_AM_DR,42779,64.50%,
2T,VW_DH_TV_VF_nzoth_yogg_cthun_3135004202041325_IN_AM_DR_DS,42777,64.50%,
2T,AR_SP_VF_nzoth_yogg_cthun_3132875903196671_Mis_AM_ME_DS,42777,64.49%,
2T,VW_DH_TV_VF_nzoth_yogg_cthun_3132807393370093_IN_IV_ME_DS,42775,64.49%,
2T,VW_DH_TV_VF_nzoth_yogg_cthun_3132876045737965_Mis_IV_ME_DS,42774,64.48%,
2T,VW_DH_TV_VF_nzoth_yogg_cthun_3150243820265453_IN_AM_DR,42774,64.48%,
2T,VW_DH_VW_VF_nzoth_yogg_cthun_3132807326785517_IN_IV_ME_DS,42773,64.48%,
2T,VW_DH_TV_VF_yshaarj_nzoth_yogg_3977514650492909_IN_AM_DR_DS,42771,64.47%,
2T,VW_DH_TV_VF_nzoth_yogg_cthun_3132996304822253_Mis_AM_ME,42770,64.47%,
2T,AR_SW_VF_yshaarj_yogg_cthun_1973432301780463_IN_AM_DR,42769,64.46%,
2T,VW_DH_TV_VF_nzoth_yogg_cthun_3132791287242733_IN_AM_DR,42769,64.46%,
2T,VW_DH_TV_VF_nzoth_yogg_cthun_3150262073352173_IN_IV_DR_DS,42764,64.44%,
2T,AR_SW_VF_yshaarj_yogg_cthun_1973432301780463_Mis_IV_ME,42763,64.44%,
2T,AR_EC_VF_yshaarj_yogg_cthun_1971234352266735_IN_IV_ME,42760,64.43%,
2T,VW_DH_VW_VF_yshaarj_nzoth_yogg_4049523065544685_IN_AM_ME_DS,42760,64.43%,
2T,AR_SP_VF_yshaarj_yogg_cthun_1971234419367407_Mis_IV_ME,42759,64.43%,
2T,AR_SW_VF_yshaarj_yogg_cthun_1971234419367407_IN_AM_DR,42756,64.41%,
2T,VW_DH_TV_VF_nzoth_yogg_cthun_3150259926392813_IN_IV_ME_DS,42754,64.41%,
2T,AR_SP_VF_yshaarj_yogg_cthun_1971370717994479_IN_IV_ME,42753,64.40%,
2T,VW_DH_VW_VF_nzoth_yogg_cthun_3132942618255341_IN_IV_DR_DS,42752,64.40%,
2T,AR_EC_VF_yshaarj_yogg_cthun_1971370717470207_IN_IV_ME,42751,64.39%,
2T,VW_DH_TV_VF_yshaarj_nzoth_yogg_3977498544373741_IN_AM_ME,42748,64.38%,
2T,VW_DH_TV_VF_nzoth_yogg_cthun_3152458949124077_IN_AM_DR_DS,42748,64.38%,
2T,AR_SP_VF_yshaarj_yogg_cthun_1973432301772287_Mis_IV_ME,42748,64.38%,
2T,AR_EC_VF_yshaarj_yogg_cthun_1971233345625599_IN_IV_ME,42747,64.38%,
2T,AR_SW_VF_yshaarj_yogg_cthun_1971370717994479_IN_AM_DR,42746,64.38%,
2T,VW_DH_TV_VF_yshaarj_nzoth_yogg_3977788454658029_IN_AM_DR_DS,42745,64.37%,
2T,VW_DH_VW_VF_nzoth_yogg_cthun_3132807393370093_IN_IV_ME_DS,42744,64.37%,
2T,AR_EC_VF_yshaarj_yogg_cthun_1971233279049199_Mis_IV_ME,42743,64.36%,
2T,VW_DH_VW_VF_nzoth_yogg_cthun_3150259926392813_IN_IV_DR_DS,42741,64.36%,
2T,VW_DH_VW_VF_nzoth_yogg_cthun_3132936175280109_IN_AM_ME,42739,64.35%,
2T,AR_SP_VF_yshaarj_yogg_cthun_2043251290136063_IN_IV_ME,42739,64.35%,
2T,VW_DH_VW_VF_nzoth_yogg_cthun_3132797663109101_IN_AM_DR,42738,64.34%,
2T,AR_SP_VF_yshaarj_yogg_cthun_1971370717478383_Mis_AM_DR,42737,64.34%,
2T,AR_EC_VF_yshaarj_yogg_cthun_1971233345625599_IN_AM_DR,42737,64.34%,
2T,VW_DH_VW_VF_yshaarj_nzoth_yogg_4049523065544685_IN_AM_DR_DS,42736,64.34%,
2T,VW_DH_TV_VF_nzoth_yogg_cthun_3135012791967725_IN_AM_ME_DS,42736,64.34%,
2T,AR_SP_VF_yshaarj_yogg_cthun_1971233279049199_Mis_IV_DR,42735,64.33%,
2T,VW_DH_TV_VF_nzoth_yogg_cthun_3132936175280109_IN_AM_DR,42734,64.33%,
2T,VW_DH_VW_VF_yshaarj_nzoth_yogg_3977772348530669_Mis_IV_DR,42733,64.32%,
2T,VW_DH_VW_VF_nzoth_yogg_cthun_3150252409675757_IN_AM_ME,42731,64.32%,
2T,VW_DH_TV_VF_nzoth_yogg_cthun_3150243820265453_IN_AM_ME,42731,64.32%,
2T,VW_DH_VW_VF_yshaarj_nzoth_cthun_3696297371820013_Mis_IV_DR,42729,64.31%,
2T,VW_DH_VW_VF_yshaarj_nzoth_yogg_3977634909577197_Mis_IV_ME,42729,64.31%,
2T,AR_SP_VF_yshaarj_yogg_cthun_1971250458910191_Mis_IV_DR_DS,42725,64.29%,
2T,AR_EC_VF_yshaarj_yogg_cthun_1972332790152687_Mis_AM_DR,42725,64.29%,
2T,VW_DH_TV_VF_nzoth_yogg_cthun_3150260999610349_IN_AM_DR_DS,42724,64.29%,
2T,AR_EC_VF_yshaarj_yogg_cthun_1972332790144511_IN_AM_DR,42724,64.29%,
2T,VW_DH_TV_VF_yshaarj_nzoth_yogg_3977513643859949_IN_AM_ME_DS,42721,64.28%,
2T,AR_EC_VF_yshaarj_yogg_cthun_1971370717994479_Mis_AM_ME,42721,64.28%,
2T,AR_EC_VF_yshaarj_yogg_cthun_2043259880070655_IN_IV_DR_DS,42715,64.26%,
2T,VW_DH_TV_VF_nzoth_yogg_cthun_3132943691472877_IN_AM_ME_DS,42712,64.24%,
2T,AR_SP_VF_yshaarj_yogg_cthun_1988688026131951_IN_AM_ME,42710,64.24%,
2T,AR_EC_VF_yshaarj_yogg_cthun_1973432301772287_Mis_AM_DR,42708,64.23%,
2T,VW_DH_TV_VF_yshaarj_nzoth_yogg_4049524072177645_IN_AM_ME_DS,42707,64.23%,
2T,VW_DH_VW_VF_nzoth_yogg_cthun_3150519771389933_IN_AM_ME,42706,64.22%,
2T,AR_SW_VF_yshaarj_yogg_cthun_1973432301772287_Mis_IV_ME,42704,64.21%,
2T,AR_SP_VF_yshaarj_yogg_cthun_1971234352266735_IN_IV_ME,42704,64.21%,
2T,VW_DH_TV_VF_yshaarj_nzoth_yogg_4049522998960109_IN_IV_ME_DS,42695,64.18%,
2T,AR_SP_VF_yshaarj_yogg_cthun_2043259880078831_IN_IV_ME_DS,42688,64.15%,
2T,AR_SW_VF_yshaarj_yogg_cthun_2043251290136063_Mis_IV_ME,42688,64.15%,
2T,VW_DH_TV_VF_yshaarj_nzoth_yogg_4049797876342765_IN_AM_DR_DS,42687,64.15%,
2T,AR_EC_VF_yshaarj_yogg_cthun_1971233345625599_Mis_AM_DR,42686,64.15%,
2T,AR_SW_VF_yshaarj_yogg_cthun_1971233346149871_IN_IV_ME,42686,64.14%,
2T,AR_SP_VF_yshaarj_yogg_cthun_1971233345633775_Mis_AM_DR,42685,64.14%,
2T,VW_DH_TV_VF_nzoth_yogg_cthun_3135012791967725_IN_AM_DR_DS,42684,64.14%,
2T,VW_DH_TV_VF_nzoth_yogg_cthun_3132859939610605_Mis_AM_DR,42683,64.13%,
2T,VW_DH_TV_VF_nzoth_yogg_cthun_3132927652454381_IN_AM_DR,42683,64.13%,
2T,VW_DH_VW_VF_nzoth_yogg_cthun_3150313612959725_Mis_AM_ME,42682,64.13%,
2T,AR_SP_VF_yshaarj_nzoth_yogg_4013309839146495_Mis_AM_ME_DS,42679,64.12%,
2T,AR_SW_VF_yshaarj_nzoth_yogg_4013584717045247_IN_AM_ME_DS,42678,64.11%,
2T,AR_EC_VF_yshaarj_yogg_cthun_1971250525494767_Mis_IV_ME_DS,42678,64.11%,
2T,AR_EC_VF_yshaarj_yogg_cthun_2043259880078831_IN_IV_ME_DS,42678,64.11%,
2T,VW_DH_TV_VF_nzoth_yogg_cthun_3150260999610349_IN_AM_ME_DS,42675,64.10%,
2T,AR_SW_VF_yshaarj_yogg_cthun_1973432302296559_Mis_AM_DR,42674,64.10%,
2T,VW_DH_VW_VF_yshaarj_nzoth_yogg_3977497470631917_Mis_IV_DR,42670,64.08%,
2T,VW_DH_TV_VF_nzoth_yogg_cthun_3132791220142061_IN_AM_ME,42667,64.07%,
2T,VW_DH_VW_VF_nzoth_yogg_cthun_3132791220658157_IN_AM_ME,42664,64.06%,
2T,AR_SW_VF_yshaarj_yogg_cthun_1971370717994479_IN_IV_ME,42664,64.06%,
2T,VW_DH_VW_VF_nzoth_yogg_cthun_3150262073352173_IN_IV_ME_DS,42662,64.05%,
2T,AR_EC_VF_yshaarj_yogg_cthun_2043251290136063_Mis_AM_ME,42660,64.04%,
2T,VW_DH_VW_VF_nzoth_yogg_cthun_3133348492140525_IN_AM_DR,42655,64.03%,
2T,VW_DH_VW_VF_nzoth_yogg_cthun_3132815916195821_IN_IV_DR_DS,42651,64.01%,
2T,VW_DH_VW_VF_nzoth_yogg_cthun_3133363524526061_IN_AM_ME_DS,42649,64.00%,
2T,VW_DH_VW_VF_nzoth_yogg_cthun_3150243820265453_IN_AM_ME,42646,63.99%,
2T,AR_SP_VF_yshaarj_yogg_cthun_1972332857253359_IN_AM_ME,42646,63.99%,
2T,AR_SW_VF_yshaarj_yogg_cthun_2043251290136063_IN_IV_ME,42645,63.99%,
2T,AR_SW_VF_yshaarj_yogg_cthun_1973432368881135_Mis_AM_ME,42645,63.98%,
2T,VW_DH_VW_VF_nzoth_yogg_cthun_3132813769236461_IN_IV_ME_DS,42644,63.98%,
2T,VW_DH_VW_VF_nzoth_yogg_cthun_3132996304822253_Mis_AM_ME,42643,63.98%,
2T,AR_SW_VF_yshaarj_yogg_cthun_1971233279049199_Mis_IV_DR,42643,63.98%,
2T,AR_EC_VF_yshaarj_yogg_cthun_1971234352258559_Mis_IV_ME,42641,63.97%,
2T,AR_SW_VF_yshaarj_yogg_cthun_1971233346149871_IN_AM_DR,42639,63.96%,
2T,VW_DH_VW_VF_nzoth_yogg_cthun_3132936175280109_IN_AM_DR,42639,63.96%,
2T,AR_SW_VF_yshaarj_yogg_cthun_1972332790144511_Mis_IV_ME,42638,63.96%,
2T,VW_DH_TV_VF_nzoth_yogg_cthun_3132927585353709_IN_AM_DR,42637,63.96%,
2T,AR_SP_VF_yshaarj_yogg_cthun_1973432302296559_IN_AM_DR,42632,63.94%,
2T,VW_DH_VW_VF_nzoth_yogg_cthun_3132814842453997_IN_AM_DR_DS,42631,63.93%,
2T,VW_DH_TV_VF_nzoth_yogg_cthun_3150244960591853_IN_AM_DR,42630,63.93%,
2T,VW_DH_TV_VF_nzoth_yogg_cthun_3132996304822253_Mis_AM_DR,42629,63.92%,
2T,AR_SW_VF_yshaarj_yogg_cthun_1971234419367407_Mis_IV_ME,42628,63.92%,
2T,VW_DH_TV_VF_nzoth_yogg_cthun_3132798803435501_IN_AM_ME,42628,63.92%,
2T,AR_SW_VF_yshaarj_yogg_cthun_1971233346149871_Mis_IV_ME,42626,63.91%,
2T,AR_SW_VF_yshaarj_nzoth_yogg_4013309839146495_IN_AM_ME_DS,42626,63.91%,
2T,AR_EC_VF_yshaarj_yogg_cthun_1971234352782831_Mis_IV_ME,42626,63.91%,
2T,AR_SW_VF_yshaarj_yogg_cthun_1971370717478383_IN_AM_DR,42619,63.89%,
2T,AR_SW_VF_yshaarj_yogg_cthun_1973432302296559_IN_AM_DR,42618,63.88%,
2T,AR_EC_VF_yshaarj_yogg_cthun_1971250458385919_Mis_IV_DR_DS,42616,63.87%,
2T,AR_SP_VF_yshaarj_yogg_cthun_2043259947179503_IN_AM_DR_DS,42615,63.87%,
2T,VW_DH_TV_VF_nzoth_yogg_cthun_3132927652454381_IN_AM_ME,42614,63.87%,
2T,VW_DH_TV_VF_nzoth_yogg_cthun_3132814842453997_IN_AM_DR_DS,42609,63.85%,
2T,AR_SP_VF_yshaarj_yogg_cthun_1971233279041023_Mis_IV_DR,42609,63.85%,
2T,VW_DH_TV_VF_nzoth_yogg_cthun_3133348492140525_IN_AM_ME,42608,63.84%,
2T,VW_DH_TV_VF_nzoth_yogg_cthun_3132807393370093_IN_IV_DR_DS,42605,63.83%,
2T,AR_SP_VF_yshaarj_yogg_cthun_1971234419367407_Mis_AM_DR,42604,63.83%,
2T,VW_DH_TV_VF_nzoth_yogg_cthun_3150313612959725_Mis_AM_ME,42604,63.83%,
2T,VW_DH_VW_VF_nzoth_yogg_cthun_3132791220658157_IN_AM_DR,42603,63.82%,
2T,VW_DH_TV_VF_nzoth_yogg_cthun_3150253483417581_IN_AM_DR,42602,63.82%,
2T,AR_SW_VF_yshaarj_yogg_cthun_1971233279049199_IN_IV_ME,42601,63.82%,
2T,AR_SP_VF_yshaarj_yogg_cthun_1973432368881135_Mis_AM_ME,42600,63.81%,
2T,AR_SP_VF_yshaarj_nzoth_yogg_4013309839662591_Mis_AM_ME_DS,42599,63.81%,
2T,AR_SW_VF_yshaarj_yogg_cthun_2043251290660335_Mis_AM_ME,42599,63.81%,
2T,VW_DH_VW_VF_nzoth_yogg_cthun_3135004202041325_IN_AM_DR_DS,42598,63.81%,
2T,AR_EC_VF_yshaarj_yogg_cthun_1971370717478383_IN_AM_ME,42596,63.80%,
2T,VW_DH_TV_VF_yshaarj_nzoth_yogg_3977498544373741_IN_AM_DR,42595,63.80%,
2T,VW_DH_TV_VF_nzoth_yogg_cthun_3132808400003053_IN_AM_ME_DS,42594,63.79%,
2T,VW_DH_VW_VF_nzoth_yogg_cthun_3150262073352173_IN_IV_DR_DS,42592,63.78%,
2T,AR_SW_VF_yshaarj_yogg_cthun_1971233345633775_Mis_IV_ME,42592,63.78%,
2T,AR_EC_VF_yshaarj_yogg_cthun_1971234352782831_Mis_AM_DR,42591,63.78%,
2T,VW_DH_TV_VF_nzoth_yogg_cthun_3135004269141997_IN_AM_DR_DS,42591,63.78%,
2T,AR_EC_VF_yshaarj_yogg_cthun_1971250525494767_IN_IV_ME_DS,42591,63.78%,
2T,AR_EC_VF_yshaarj_yogg_cthun_1971234352782831_IN_AM_DR,42589,63.77%,
2T,AR_SW_VF_yshaarj_yogg_cthun_1971234419367407_Mis_AM_DR,42588,63.77%,
2T,AR_SP_VF_yshaarj_yogg_cthun_1971234419367407_IN_AM_DR,42582,63.74%,
2T,VW_DH_VW_VF_nzoth_yogg_cthun_3132943691472877_IN_AM_ME_DS,42580,63.74%,
2T,VW_DH_TV_VF_nzoth_yogg_cthun_3150244893491181_IN_AM_DR,42579,63.73%,
2T,AR_EC_VF_yshaarj_yogg_cthun_1971250525494767_IN_AM_DR_DS,42577,63.73%,
2T,VW_DH_VW_VF_nzoth_yogg_cthun_3132927652454381_IN_AM_DR,42577,63.72%,
2T,VW_DH_TV_VF_yshaarj_nzoth_yogg_3977567263842285_Mis_AM_ME,42575,63.72%,
2T,VW_DH_TV_VF_nzoth_yogg_cthun_3132798736334829_IN_AM_DR,42571,63.70%,
2T,AR_SW_VF_yshaarj_nzoth_yogg_4013309839662591_Mis_AM_ME_DS,42570,63.70%,
2T,VW_DH_TV_VF_nzoth_yogg_cthun_3150313612959725_Mis_AM_DR,42569,63.69%,
2T,AR_SP_VF_yshaarj_yogg_cthun_1971233346149871_IN_AM_DR,42567,63.69%,
2T,AR_SW_VF_yshaarj_nzoth_yogg_4013584717045247_Mis_AM_ME_DS,42566,63.68%,
2T,VW_DH_VW_VF_nzoth_yogg_cthun_3132943691472877_IN_AM_DR_DS,42566,63.68%,
2T,VW_DH_TV_VF_nzoth_yogg_cthun_3132791220658157_IN_AM_DR,42564,63.68%,
2T,AR_SW_VF_yshaarj_yogg_cthun_1988688025607679_Mis_AM_ME,42559,63.65%,
2T,VW_DH_TV_VF_nzoth_yogg_cthun_3150534803775469_IN_AM_DR_DS,42558,63.65%,
2T,AR_SW_VF_yshaarj_yogg_cthun_1971234352258559_Mis_IV_DR,42558,63.65%,
2T,AR_EC_VF_yshaarj_yogg_cthun_1972332790144511_IN_AM_ME,42555,63.64%,
2T,AR_SP_VF_yshaarj_yogg_cthun_1971250525494767_Mis_IV_ME_DS,42553,63.63%,
2T,AR_EC_VF_yshaarj_yogg_cthun_1971233345633775_IN_AM_DR,42553,63.63%,
2T,AR_SW_VF_yshaarj_yogg_cthun_1971233279041023_IN_IV_DR,42553,63.63%,
2T,VW_DH_TV_VF_nzoth_yogg_cthun_3132798736334829_IN_AM_ME,42553,63.63%,
2T,VW_DH_TV_VF_yshaarj_nzoth_yogg_3977651015704557_IN_AM_DR_DS,42549,63.62%,
2T,AR_SP_VF_yshaarj_yogg_cthun_1972332790668783_Mis_AM_DR,42549,63.62%,
2T,AR_SW_VF_yshaarj_yogg_cthun_1988688025615855_Mis_AM_ME,42548,63.61%,
2T,AR_SP_VF_yshaarj_yogg_cthun_2043251290660335_IN_AM_ME,42545,63.60%,
2T,AR_EC_VF_yshaarj_yogg_cthun_1971250525494767_Mis_AM_DR_DS,42545,63.60%,
2T,AR_SP_VF_yshaarj_yogg_cthun_1971233346149871_IN_IV_ME,42543,63.60%,
2T,VW_DH_VW_VF_nzoth_yogg_cthun_3132798736334829_IN_AM_DR,42543,63.60%,
2T,VW_DH_TV_VF_yshaarj_nzoth_yogg_4049660437389293_IN_AM_DR_DS,42543,63.59%,
2T,AR_SW_VF_yshaarj_yogg_cthun_2043259880594927_IN_IV_ME_DS,42543,63.59%,
2T,AR_SP_VF_yshaarj_yogg_cthun_1971250458910191_IN_IV_DR_DS,42541,63.59%,
2T,AR_EC_VF_yshaarj_yogg_cthun_1971233614061039_IN_AM_ME,42540,63.58%,
2T,AR_SP_VF_yshaarj_yogg_cthun_1972332790144511_Mis_IV_ME,42540,63.58%,
2T,VW_DH_VW_VF_yshaarj_nzoth_yogg_4049525145919469_IN_AM_DR_DS,42536,63.57%,
2T,AR_SP_VF_yshaarj_yogg_cthun_2043259880070655_Mis_IV_DR_DS,42535,63.56%,
2T,VW_DH_VW_VF_nzoth_yogg_cthun_3132876045737965_Mis_IV_ME_DS,42533,63.56%,
2T,AR_SW_VF_yshaarj_yogg_cthun_2043259880070655_IN_IV_DR_DS,42532,63.55%,
2T,AR_SP_VF_yshaarj_yogg_cthun_2043251290136063_Mis_AM_DR,42532,63.55%,
2T,VW_DH_TV_VF_nzoth_yogg_cthun_3152458949124077_IN_AM_ME_DS,42529,63.54%,
2T,VW_DH_VW_VF_nzoth_yogg_cthun_3135012791967725_IN_AM_DR_DS,42526,63.53%,
2T,AR_SP_VF_yshaarj_nzoth_yogg_4013584717045247_Mis_AM_ME_DS,42524,63.52%,
2T,VW_DH_VW_VF_nzoth_yogg_cthun_3135004269141997_IN_AM_ME_DS,42524,63.52%,
2T,VW_DH_VW_VF_nzoth_yogg_cthun_3150243820265453_IN_AM_DR,42523,63.52%,
2T,AR_EC_VF_yshaarj_yogg_cthun_1971234352258559_IN_IV_ME,42521,63.51%,
2T,VW_DH_VW_VF_nzoth_yogg_cthun_3135004269141997_IN_AM_DR_DS,42521,63.51%,
2T,AR_SP_VF_yshaarj_yogg_cthun_1973432302296559_Mis_AM_DR,42520,63.51%,
2T,AR_SW_VF_yshaarj_yogg_cthun_1972332857253359_IN_AM_ME,42520,63.50%,
2T,AR_SP_VF_yshaarj_yogg_cthun_1971370717478383_IN_AM_DR,42518,63.50%,
2T,AR_SW_VF_yshaarj_yogg_cthun_2043251290144239_IN_AM_ME,42517,63.49%,
2T,AR_SP_VF_yshaarj_yogg_cthun_1973432301780463_IN_AM_DR,42516,63.49%,
2T,AR_SW_VF_yshaarj_nzoth_yogg_4013309839146495_Mis_AM_ME_DS,42516,63.49%,
2T,AR_SW_VF_yshaarj_yogg_cthun_2043251290660335_IN_AM_ME,42515,63.49%,
2T,VW_DH_TV_VF_nzoth_yogg_cthun_3135006349516781_IN_AM_ME_DS,42510,63.47%,
2T,AR_SW_VF_yshaarj_yogg_cthun_1971233346149871_Mis_AM_DR,42510,63.47%,
2T,VW_DH_VW_VF_nzoth_yogg_cthun_3132791287242733_IN_AM_DR,42507,63.46%,
2T,AR_SP_VF_yshaarj_yogg_cthun_1973432368881135_IN_AM_ME,42507,63.45%,
2T,AR_SP_VF_yshaarj_yogg_cthun_2043259880594927_IN_IV_ME_DS,42506,63.45%,
2T,VW_DH_VW_VF_yshaarj_nzoth_yogg_3977634909577197_Mis_IV_DR,42505,63.45%,
2T,AR_SW_VF_yshaarj_yogg_cthun_1971233278524927_IN_IV_DR,42505,63.45%,
2T,VW_DH_VW_VF_yshaarj_nzoth_yogg_4049522998960109_IN_AM_ME_DS,42504,63.44%,
2T,AR_SP_VF_yshaarj_yogg_cthun_1973432301772287_IN_AM_DR,42504,63.44%,
2T,AR_SW_VF_yshaarj_yogg_cthun_1971250458394095_IN_IV_DR_DS,42503,63.44%,
2T,VW_DH_VW_VF_nzoth_yogg_cthun_3132808400003053_IN_AM_ME_DS,42502,63.43%,
2T,AR_EC_VF_yshaarj_yogg_cthun_1971250458385919_IN_IV_DR_DS,42501,63.43%,
2T,VW_DH_TV_VF_yshaarj_nzoth_yogg_3977498544889837_IN_AM_ME,42501,63.43%,
2T,AR_EC_VF_yshaarj_yogg_cthun_1971370717478383_Mis_AM_ME,42500,63.43%,
2T,VW_DH_TV_VF_nzoth_yogg_cthun_3135004269141997_IN_AM_ME_DS,42499,63.42%,
2T,VW_DH_TV_VF_nzoth_yogg_cthun_3132806252527597_IN_AM_DR_DS,42498,63.42%,
2T,AR_SP_VF_yshaarj_yogg_cthun_1971370717470207_IN_IV_ME,42495,63.41%,
2T,AR_SW_VF_yshaarj_yogg_cthun_1971233614061039_Mis_AM_ME,42494,63.41%,
2T,AR_EC_VF_yshaarj_yogg_cthun_1971370717994479_IN_AM_ME,42494,63.40%,
2T,AR_SW_VF_yshaarj_yogg_cthun_2043251290136063_IN_AM_DR,42492,63.40%,
2T,AR_EC_VF_yshaarj_yogg_cthun_1971234352258559_Mis_AM_DR,42489,63.39%,
2T,AR_SW_VF_yshaarj_yogg_cthun_1973432301772287_IN_AM_DR,42488,63.38%,
2T,VW_DH_VW_VF_nzoth_yogg_cthun_3132996304822253_Mis_AM_DR,42488,63.38%,
2T,VW_DH_TV_VF_nzoth_yogg_cthun_3132813769236461_IN_IV_DR_DS,42487,63.38%,
2T,AR_EC_VF_yshaarj_yogg_cthun_1971233279049199_IN_IV_ME,42486,63.37%,
2T,VW_DH_TV_VF_nzoth_yogg_cthun_3135006349516781_IN_AM_DR_DS,42484,63.37%,
2T,AR_SP_VF_yshaarj_yogg_cthun_2043251290144239_IN_AM_ME,42482,63.36%,
2T,AR_SP_VF_yshaarj_yogg_cthun_1971233346149871_Mis_AM_DR,42482,63.36%,
2T,VW_DH_TV_VF_nzoth_yogg_cthun_3132858866393069_Mis_AM_ME,42481,63.35%,
2T,VW_DH_TV_VF_nzoth_yogg_cthun_3150244960591853_IN_AM_ME,42480,63.35%,
2T,AR_SP_VF_yshaarj_yogg_cthun_1988688025615855_IN_AM_ME,42480,63.35%,
2T,AR_SW_VF_yshaarj_yogg_cthun_1972332790668783_IN_AM_ME,42478,63.35%,
2T,VW_DH_TV_VF_nzoth_yogg_cthun_3150253483417581_IN_AM_ME,42478,63.34%,
2T,VW_DH_VW_VF_nzoth_yogg_cthun_3132807393370093_IN_IV_DR_DS,42476,63.34%,
2T,AR_SP_VF_yshaarj_yogg_cthun_1972332790144511_IN_AM_DR,42475,63.33%,
2T,VW_DH_VW_VF_nzoth_yogg_cthun_3132806252527597_IN_AM_ME_DS,42474,63.33%,
2T,AR_EC_VF_yshaarj_yogg_cthun_1971234352266735_Mis_AM_DR,42473,63.33%,
2T,AR_EC_VF_yshaarj_yogg_cthun_1972332790668783_Mis_AM_ME,42473,63.32%,
2T,AR_SP_VF_yshaarj_yogg_cthun_1973432301780463_Mis_AM_DR,42473,63.32%,
2T,VW_DH_VW_VF_nzoth_yogg_cthun_3132927652454381_IN_AM_ME,42473,63.32%,
2T,VW_DH_TV_VF_nzoth_yogg_cthun_3132927585869805_IN_AM_DR,42473,63.32%,
2T,VW_DH_VW_VF_yshaarj_nzoth_yogg_4049525145919469_IN_AM_ME_DS,42470,63.31%,
2T,AR_EC_VF_yshaarj_yogg_cthun_1971234352258559_IN_AM_DR,42469,63.31%,
2T,AR_SW_VF_yshaarj_yogg_cthun_1971233345625599_Mis_IV_ME,42466,63.30%,
2T,VW_DH_TV_VF_nzoth_yogg_cthun_3132807326785517_IN_IV_DR_DS,42465,63.29%,
2T,VW_DH_VW_VF_nzoth_yogg_cthun_3135006349516781_IN_AM_ME_DS,42465,63.29%,
2T,VW_DH_TV_VF_yshaarj_nzoth_yogg_4049660437389293_IN_AM_ME_DS,42464,63.29%,
2T,AR_EC_VF_yshaarj_yogg_cthun_1973432302296559_Mis_AM_ME,42463,63.29%,
2T,AR_SP_VF_yshaarj_yogg_cthun_2043251290144239_Mis_AM_ME,42462,63.28%,
2T,VW_DH_VW_VF_nzoth_yogg_cthun_3132806319628269_IN_AM_ME_DS,42462,63.28%,
2T,VW_DH_TV_VF_nzoth_yogg_cthun_3133348492140525_IN_AM_DR,42460,63.27%,
2T,AR_SP_VF_yshaarj_yogg_cthun_1971250458394095_Mis_IV_DR_DS,42460,63.27%,
2T,AR_SP_VF_yshaarj_yogg_cthun_2043259880070655_IN_IV_DR_DS,42458,63.27%,
2T,VW_DH_TV_VF_nzoth_yogg_cthun_3132806319628269_IN_AM_DR_DS,42457,63.26%,
2T,VW_DH_TV_VF_nzoth_yogg_cthun_3132927585353709_IN_AM_ME,42457,63.26%,
2T,AR_SP_VF_yshaarj_yogg_cthun_2043259947179503_Mis_AM_DR_DS,42456,63.26%,
2T,AR_SW_VF_yshaarj_yogg_cthun_1971370784579055_IN_AM_ME,42454,63.25%,
2T,VW_DH_VW_VF_nzoth_yogg_cthun_3132876045737965_Mis_IV_DR_DS,42454,63.25%,
2T,VW_DH_TV_VF_nzoth_yogg_cthun_3135004202557421_IN_AM_ME_DS,42450,63.23%,
2T,AR_SW_VF_yshaarj_yogg_cthun_1971234419367407_IN_IV_ME,42448,63.23%,
2T,AR_SW_VF_yshaarj_yogg_cthun_1971250458910191_IN_IV_DR_DS,42448,63.23%,
2T,VW_DH_TV_VF_yshaarj_nzoth_yogg_3977513576759277_IN_AM_ME_DS,42448,63.23%,
2T,AR_SP_VF_yshaarj_yogg_cthun_1971233345625599_IN_IV_ME,42441,63.20%,
2T,AR_SP_VF_yshaarj_yogg_cthun_1971234352266735_Mis_IV_ME,42437,63.19%,
2T,VW_DH_VW_VF_yshaarj_nzoth_yogg_4049522998960109_IN_AM_DR_DS,42433,63.17%,
2T,VW_DH_VW_VF_nzoth_yogg_cthun_3133363524526061_IN_AM_DR_DS,42432,63.17%,
2T,AR_SW_VF_yshaarj_yogg_cthun_2043259880594927_Mis_IV_ME_DS,42430,63.16%,
2T,VW_DH_VW_VF_nzoth_yogg_cthun_3150253483417581_IN_AM_ME,42430,63.16%,
2T,VW_DH_TV_VF_nzoth_yogg_cthun_3132806319628269_IN_AM_ME_DS,42428,63.15%,
2T,VW_DH_TV_VF_yshaarj_nzoth_yogg_3977498611474413_IN_AM_DR,42427,63.15%,
2T,AR_SP_VF_yshaarj_yogg_cthun_1971250458385919_IN_IV_DR_DS,42427,63.15%,
2T,AR_EC_VF_yshaarj_yogg_cthun_1971233278524927_IN_IV_ME,42424,63.14%,
2T,VW_DH_VW_VF_nzoth_yogg_cthun_3152458949124077_IN_AM_ME_DS,42424,63.14%,
2T,VW_DH_VW_VF_nzoth_yogg_cthun_3132814842453997_IN_AM_ME_DS,42419,63.12%,
2T,VW_DH_VW_VF_nzoth_yogg_cthun_3135004202041325_IN_AM_ME_DS,42416,63.10%,
2T,AR_SP_VF_yshaarj_yogg_cthun_1972332857253359_Mis_AM_ME,42415,63.10%,
2T,AR_SP_VF_yshaarj_yogg_cthun_1971234352782831_Mis_IV_ME,42413,63.09%,
2T,AR_SW_VF_yshaarj_yogg_cthun_2043259880078831_Mis_IV_ME_DS,42411,63.09%,
2T,VW_DH_VW_VF_nzoth_yogg_cthun_3132927585353709_IN_AM_DR,42403,63.06%,
2T,AR_SP_VF_yshaarj_yogg_cthun_1971233278524927_Mis_IV_DR,42403,63.05%,
2T,AR_EC_VF_yshaarj_yogg_cthun_1972332790144511_Mis_AM_DR,42401,63.05%,
2T,VW_DH_TV_VF_nzoth_yogg_cthun_3132798736850925_IN_AM_ME,42399,63.04%,
2T,AR_SP_VF_yshaarj_yogg_cthun_2043251290136063_IN_AM_DR,42398,63.04%,
2T,AR_EC_VF_yshaarj_yogg_cthun_1973432301772287_IN_AM_ME,42397,63.03%,
2T,AR_SP_VF_yshaarj_yogg_cthun_1971233614061039_Mis_AM_ME,42397,63.03%,
2T,VW_DH_VW_VF_nzoth_yogg_cthun_3132813769236461_IN_IV_DR_DS,42397,63.03%,
2T,VW_DH_TV_VF_nzoth_yogg_cthun_3132951207665645_IN_AM_DR_DS,42396,63.03%,
2T,VW_DH_TV_VF_nzoth_yogg_cthun_3132867455803373_Mis_AM_ME,42396,63.03%,
2T,AR_EC_VF_yshaarj_yogg_cthun_2043259947179503_IN_AM_ME_DS,42396,63.03%,
2T,AR_SW_VF_yshaarj_yogg_cthun_1972332790668783_Mis_AM_DR,42395,63.02%,
2T,VW_DH_TV_VF_nzoth_yogg_cthun_3135004202041325_IN_AM_ME_DS,42393,63.02%,
2T,VW_DH_VW_VF_nzoth_yogg_cthun_3150260999610349_IN_AM_DR_DS,42393,63.02%,
2T,VW_DH_VW_VF_nzoth_yogg_cthun_3150253483417581_IN_AM_DR,42392,63.01%,
2T,VW_DH_TV_VF_nzoth_yogg_cthun_3132927585869805_IN_AM_ME,42392,63.01%,
2T,VW_DH_VW_VF_nzoth_yogg_cthun_3150259926392813_IN_IV_ME_DS,42391,63.01%,
2T,VW_DH_VW_VF_nzoth_yogg_cthun_3132858866393069_Mis_AM_ME,42390,63.01%,
2T,AR_EC_VF_yshaarj_yogg_cthun_1971233278524927_Mis_IV_ME,42390,63.00%,
2T,AR_SW_VF_yshaarj_yogg_cthun_1971233345633775_IN_AM_DR,42389,63.00%,
2T,AR_SW_VF_yshaarj_yogg_cthun_1971370717470207_IN_IV_ME,42389,63.00%,
2T,AR_SW_VF_yshaarj_yogg_cthun_1971233278524927_Mis_IV_DR,42389,63.00%,
2T,AR_SW_VF_yshaarj_yogg_cthun_1971250458910191_Mis_IV_DR_DS,42388,63.00%,
2T,AR_SW_VF_yshaarj_yogg_cthun_1971370717478383_Mis_AM_DR,42387,62.99%,
2T,AR_EC_VF_yshaarj_yogg_cthun_2043251290136063_IN_AM_ME,42385,62.99%,
2T,VW_DH_VW_VF_nzoth_yogg_cthun_3132806252527597_IN_AM_DR_DS,42385,62.98%,
2T,AR_EC_VF_yshaarj_yogg_cthun_1973432302296559_IN_AM_ME,42384,62.98%,
2T,AR_EC_VF_yshaarj_yogg_cthun_1971233279041023_Mis_IV_ME,42384,62.98%,
2T,AR_SP_VF_yshaarj_yogg_cthun_1972332790668783_IN_AM_ME,42383,62.98%,
2T,AR_EC_VF_yshaarj_yogg_cthun_2043259880594927_IN_AM_DR_DS,42383,62.98%,
2T,AR_SW_VF_yshaarj_yogg_cthun_2043259880070655_Mis_IV_DR_DS,42381,62.97%,
2T,AR_SP_VF_yshaarj_yogg_cthun_1971233279049199_IN_IV_ME,42379,62.96%,
2T,AR_SP_VF_yshaarj_yogg_cthun_1973432301772287_IN_IV_ME,42377,62.96%,
2T,AR_EC_VF_yshaarj_yogg_cthun_1971234352782831_IN_IV_ME,42375,62.95%,
2T,AR_SW_VF_yshaarj_yogg_cthun_1971234352266735_IN_IV_ME,42373,62.94%,
2T,VW_DH_TV_VF_yshaarj_nzoth_yogg_3977513643859949_IN_AM_DR_DS,42373,62.94%,
2T,AR_SP_VF_yshaarj_yogg_cthun_1971370717470207_IN_AM_DR,42372,62.94%,
2T,AR_SP_VF_yshaarj_yogg_cthun_1971370784579055_IN_AM_ME,42372,62.94%,
2T,AR_SW_VF_yshaarj_yogg_cthun_1973432301780463_Mis_AM_DR,42368,62.92%,
2T,VW_DH_TV_VF_nzoth_yogg_cthun_3150259926392813_IN_IV_DR_DS,42368,62.92%,
2T,AR_SW_VF_yshaarj_yogg_cthun_1971233279041023_Mis_IV_DR,42365,62.91%,
2T,AR_EC_VF_yshaarj_yogg_cthun_1973432301780463_IN_AM_ME,42363,62.90%,
2T,VW_DH_TV_VF_nzoth_yogg_cthun_3132791220658157_IN_AM_ME,42363,62.90%,
2T,VW_DH_VW_VF_nzoth_yogg_cthun_3132858865876973_Mis_AM_ME,42362,62.90%,
2T,AR_EC_VF_yshaarj_yogg_cthun_1971233279049199_Mis_AM_DR,42361,62.90%,
2T,AR_SP_VF_yshaarj_yogg_cthun_1971234419367407_IN_IV_ME,42360,62.89%,
2T,AR_SW_VF_yshaarj_yogg_cthun_1971250458394095_Mis_IV_DR_DS,42360,62.89%,
2T,AR_SW_VF_yshaarj_yogg_cthun_1972332790152687_IN_AM_ME,42358,62.88%,
2T,AR_SP_VF_yshaarj_yogg_cthun_2043251290660335_Mis_AM_ME,42358,62.88%,
2T,AR_SW_VF_yshaarj_yogg_cthun_1988688025615855_IN_AM_ME,42352,62.86%,
2T,VW_DH_TV_VF_yshaarj_nzoth_yogg_3977515724234733_IN_AM_DR_DS,42352,62.86%,
2T,VW_DH_VW_VF_nzoth_yogg_cthun_3150313612959725_Mis_AM_DR,42351,62.86%,
2T,VW_DH_TV_VF_nzoth_yogg_cthun_3132942684839917_IN_AM_DR_DS,42349,62.85%,
2T,AR_SW_VF_yshaarj_yogg_cthun_2043251290144239_Mis_AM_ME,42349,62.85%,
2T,VW_DH_VW_VF_nzoth_yogg_cthun_3150260999610349_IN_AM_ME_DS,42346,62.84%,
2T,VW_DH_TV_VF_nzoth_yogg_cthun_3132858865876973_Mis_AM_DR,42344,62.83%,
2T,AR_EC_VF_yshaarj_yogg_cthun_1971233279049199_IN_AM_DR,42343,62.83%,
2T,VW_DH_TV_VF_nzoth_yogg_cthun_3132867455803373_Mis_AM_DR,42341,62.82%,
2T,AR_SW_VF_yshaarj_yogg_cthun_2043259947179503_Mis_AM_DR_DS,42340,62.81%,
2T,AR_SP_VF_yshaarj_yogg_cthun_1971233345625599_Mis_IV_ME,42339,62.81%,
2T,VW_DH_VW_VF_nzoth_yogg_cthun_3132927585869805_IN_AM_ME,42337,62.80%,
2T,VW_DH_VW_VF_nzoth_yogg_cthun_3150244893491181_IN_AM_DR,42335,62.79%,
2T,AR_EC_VF_yshaarj_yogg_cthun_2043259880078831_IN_AM_DR_DS,42335,62.79%,
2T,VW_DH_TV_VF_nzoth_yogg_cthun_3132798803435501_IN_AM_DR,42334,62.79%,
2T,AR_EC_VF_yshaarj_yogg_cthun_1971234419367407_IN_AM_ME,42323,62.75%,
2T,AR_EC_VF_yshaarj_yogg_cthun_1971250458910191_Mis_IV_ME_DS,42318,62.73%,
2T,AR_EC_VF_yshaarj_yogg_cthun_1971370717470207_Mis_AM_ME,42318,62.73%,
2T,VW_DH_VW_VF_nzoth_yogg_cthun_3150244960591853_IN_AM_DR,42317,62.72%,
2T,AR_SW_VF_yshaarj_yogg_cthun_1971233279049199_Mis_IV_ME,42315,62.72%,
2T,AR_SW_VF_yshaarj_yogg_cthun_2043251290136063_Mis_AM_DR,42314,62.71%,
2T,AR_SP_VF_yshaarj_yogg_cthun_1971233279049199_Mis_IV_ME,42314,62.71%,
2T,AR_EC_VF_yshaarj_yogg_cthun_1973432301780463_Mis_AM_ME,42310,62.70%,
2T,VW_DH_TV_VF_nzoth_yogg_cthun_3132808400003053_IN_AM_DR_DS,42309,62.69%,
2T,VW_DH_TV_VF_yshaarj_nzoth_yogg_3977567263842285_Mis_AM_DR,42306,62.68%,
2T,VW_DH_TV_VF_yshaarj_nzoth_yogg_4049523065544685_IN_AM_DR_DS,42305,62.68%,
2T,AR_SP_VF_yshaarj_yogg_cthun_1971233345625599_IN_AM_DR,42303,62.67%,
2T,VW_DH_TV_VF_nzoth_yogg_cthun_3132858866393069_Mis_AM_DR,42302,62.67%,
2T,AR_SW_VF_yshaarj_yogg_cthun_1971370717470207_IN_AM_DR,42301,62.66%,
2T,AR_EC_VF_yshaarj_yogg_cthun_1971233279041023_IN_IV_ME,42301,62.66%,
2T,VW_DH_TV_VF_nzoth_yogg_cthun_3150534803775469_IN_AM_ME_DS,42301,62.66%,
2T,AR_SW_VF_yshaarj_yogg_cthun_1973432301772287_IN_IV_ME,42300,62.66%,
2T,AR_SP_VF_yshaarj_yogg_cthun_1972332790152687_Mis_AM_DR,42300,62.66%,
2T,VW_DH_VW_VF_nzoth_yogg_cthun_3132867455803373_Mis_AM_ME,42299,62.65%,
2T,AR_EC_VF_yshaarj_yogg_cthun_2043259880594927_Mis_AM_DR_DS,42298,62.65%,
2T,VW_DH_TV_VF_nzoth_yogg_cthun_3132858932977645_Mis_AM_ME,42298,62.65%,
2T,VW_DH_VW_VF_nzoth_yogg_cthun_3135004202557421_IN_AM_ME_DS,42297,62.65%,
2T,VW_DH_TV_VF_nzoth_yogg_cthun_3133363524526061_IN_AM_DR_DS,42297,62.65%,
2T,VW_DH_VW_VF_nzoth_yogg_cthun_3132858865876973_Mis_AM_DR,42296,62.64%,
2T,VW_DH_VW_VF_nzoth_yogg_cthun_3132858932977645_Mis_AM_ME,42295,62.64%,
2T,VW_DH_VW_VF_nzoth_yogg_cthun_3135006349516781_IN_AM_DR_DS,42295,62.64%,
2T,AR_SP_VF_yshaarj_yogg_cthun_2043259880078831_Mis_IV_ME_DS,42294,62.64%,
2T,AR_SW_VF_yshaarj_yogg_cthun_1971233345625599_IN_IV_ME,42293,62.63%,
2T,VW_DH_TV_VF_yshaarj_nzoth_yogg_3977515724234733_IN_AM_ME_DS,42291,62.62%,
2T,AR_SP_VF_yshaarj_yogg_cthun_1971250525494767_Mis_AM_DR_DS,42291,62.62%,
2T,VW_DH_VW_VF_yshaarj_nzoth_yogg_4049515482243053_Mis_IV_DR,42286,62.61%,
2T,VW_DH_VW_VF_nzoth_yogg_cthun_3132942684839917_IN_AM_DR_DS,42284,62.60%,
2T,AR_SW_VF_yshaarj_yogg_cthun_1971370717470207_Mis_AM_DR,42283,62.59%,
2T,AR_SP_VF_yshaarj_yogg_cthun_1971370717470207_Mis_AM_DR,42282,62.59%,
2T,AR_EC_VF_yshaarj_yogg_cthun_1971234419367407_Mis_AM_ME,42278,62.57%,
2T,AR_SP_VF_yshaarj_yogg_cthun_1988688025607679_IN_AM_ME,42276,62.57%,
2T,VW_DH_VW_VF_nzoth_yogg_cthun_3132798803435501_IN_AM_ME,42275,62.56%,
2T,VW_DH_TV_VF_nzoth_yogg_cthun_3150259992977389_IN_AM_DR_DS,42273,62.56%,
2T,VW_DH_TV_VF_yshaarj_nzoth_yogg_3977498544889837_IN_AM_DR,42269,62.54%,
2T,AR_SW_VF_yshaarj_yogg_cthun_1971250458394095_IN_IV_ME_DS,42269,62.54%,
2T,AR_EC_VF_yshaarj_yogg_cthun_1971233345633775_IN_AM_ME,42268,62.54%,
2T,VW_DH_VW_VF_yshaarj_nzoth_yogg_3977773422272493_Mis_IV_ME,42264,62.52%,
2T,AR_EC_VF_yshaarj_yogg_cthun_1971250458394095_IN_IV_ME_DS,42260,62.51%,
2T,VW_DH_TV_VF_yshaarj_nzoth_yogg_3977513576759277_IN_AM_DR_DS,42260,62.50%,
2T,AR_SW_VF_yshaarj_yogg_cthun_1972332790144511_IN_AM_DR,42250,62.47%,
2T,VW_DH_TV_VF_nzoth_yogg_cthun_3132806252527597_IN_AM_ME_DS,42249,62.46%,
2T,AR_SW_VF_yshaarj_yogg_cthun_1972332790152687_Mis_AM_DR,42249,62.46%,
2T,VW_DH_VW_VF_nzoth_yogg_cthun_3135004202557421_IN_AM_DR_DS,42246,62.45%,
2T,AR_EC_VF_yshaarj_yogg_cthun_1971233346149871_IN_AM_ME,42245,62.45%,
2T,VW_DH_TV_VF_nzoth_yogg_cthun_3150259925876717_IN_AM_DR_DS,42243,62.44%,
2T,VW_DH_VW_VF_yshaarj_nzoth_cthun_3696298445561837_Mis_IV_ME,42242,62.44%,
2T,VW_DH_VW_VF_nzoth_yogg_cthun_3150244894007277_IN_AM_DR,42242,62.44%,
2T,AR_EC_VF_yshaarj_yogg_cthun_2043259947179503_Mis_AM_ME_DS,42242,62.44%,
2T,AR_SW_VF_yshaarj_yogg_cthun_1971250458385919_IN_IV_DR_DS,42242,62.44%,
2T,AR_SP_VF_yshaarj_yogg_cthun_1971250525494767_IN_IV_ME_DS,42241,62.43%,
2T,VW_DH_VW_VF_nzoth_yogg_cthun_3132927585353709_IN_AM_ME,42241,62.43%,
2T,VW_DH_TV_VF_nzoth_yogg_cthun_3132942617739245_IN_AM_DR_DS,42241,62.43%,
2T,AR_SW_VF_yshaarj_yogg_cthun_1972332857253359_Mis_AM_ME,42239,62.43%,
2T,VW_DH_TV_VF_yshaarj_nzoth_yogg_3977513577275373_IN_AM_ME_DS,42239,62.43%,
2T,VW_DH_VW_VF_nzoth_yogg_cthun_3132806319628269_IN_AM_DR_DS,42239,62.42%,
2T,AR_SP_VF_yshaarj_yogg_cthun_2043259880594927_IN_AM_DR_DS,42238,62.42%,
2T,AR_SP_VF_yshaarj_yogg_cthun_1971250525494767_IN_AM_DR_DS,42236,62.41%,
2T,AR_EC_VF_yshaarj_yogg_cthun_1971233279041023_IN_AM_DR,42236,62.41%,
2T,AR_EC_VF_yshaarj_yogg_cthun_1972332790152687_Mis_AM_ME,42235,62.41%,
2T,VW_DH_VW_VF_yshaarj_nzoth_yogg_4049515482243053_Mis_IV_ME,42235,62.41%,
2T,AR_SP_VF_yshaarj_yogg_cthun_1971234352266735_IN_AM_DR,42234,62.41%,
2T,AR_SW_VF_yshaarj_yogg_cthun_1973432301772287_Mis_AM_DR,42233,62.40%,
2T,VW_DH_VW_VF_nzoth_yogg_cthun_3132951207665645_IN_AM_DR_DS,42233,62.40%,
2T,AR_SP_VF_yshaarj_yogg_cthun_1971233345633775_IN_AM_DR,42228,62.38%,
2T,AR_EC_VF_yshaarj_yogg_cthun_1971370717470207_IN_AM_ME,42220,62.35%,
2T,VW_DH_TV_VF_nzoth_yogg_cthun_3150268515803117_IN_AM_DR_DS,42219,62.35%,
2T,AR_SW_VF_yshaarj_yogg_cthun_2043259880078831_IN_IV_ME_DS,42217,62.34%,
2T,VW_DH_TV_VF_nzoth_yogg_cthun_3132944765214701_IN_AM_ME_DS,42216,62.34%,
2T,VW_DH_TV_VF_nzoth_yogg_cthun_3132858865876973_Mis_AM_ME,42216,62.34%,
2T,AR_SW_VF_yshaarj_yogg_cthun_1973432368881135_IN_AM_ME,42211,62.32%,
2T,AR_SW_VF_yshaarj_yogg_cthun_1971370717478383_Mis_AM_ME,42210,62.31%,
2T,VW_DH_VW_VF_nzoth_yogg_cthun_3150534803775469_IN_AM_DR_DS,42209,62.31%,
2T,VW_DH_TV_VF_nzoth_yogg_cthun_3132876045737965_Mis_IV_DR_DS,42208,62.31%,
2T,VW_DH_TV_VF_nzoth_yogg_cthun_3132951207665645_IN_AM_ME_DS,42207,62.30%,
2T,AR_SW_VF_yshaarj_yogg_cthun_1971370717994479_Mis_AM_ME,42206,62.30%,
2T,VW_DH_VW_VF_nzoth_yogg_cthun_3150534803775469_IN_AM_ME_DS,42205,62.29%,
2T,AR_SP_VF_yshaarj_yogg_cthun_1971234352258559_IN_IV_ME,42202,62.28%,
2T,AR_SW_VF_yshaarj_yogg_cthun_1971234352782831_IN_IV_ME,42198,62.27%,
2T,VW_DH_TV_VF_nzoth_yogg_cthun_3135004202557421_IN_AM_DR_DS,42198,62.27%,
2T,AR_SP_VF_yshaarj_yogg_cthun_1971250458394095_IN_IV_DR_DS,42197,62.26%,
2T,VW_DH_TV_VF_yshaarj_nzoth_yogg_4049523065544685_IN_AM_ME_DS,42196,62.26%,
2T,VW_DH_VW_VF_nzoth_yogg_cthun_3150244960591853_IN_AM_ME,42194,62.25%,
2T,AR_SW_VF_yshaarj_yogg_cthun_1971233279049199_IN_AM_DR,42190,62.24%,
2T,VW_DH_VW_VF_nzoth_yogg_cthun_3132808400003053_IN_AM_DR_DS,42190,62.24%,
2T,VW_DH_VW_VF_nzoth_yogg_cthun_3132798803435501_IN_AM_DR,42184,62.21%,
2T,AR_SP_VF_yshaarj_yogg_cthun_1971234352782831_IN_IV_ME,42182,62.21%,
2T,AR_SW_VF_yshaarj_yogg_cthun_2043259880078831_IN_AM_DR_DS,42182,62.20%,
2T,VW_DH_VW_VF_nzoth_yogg_cthun_3132807326785517_IN_IV_DR_DS,42179,62.19%,
2T,VW_DH_VW_VF_nzoth_yogg_cthun_3132951207665645_IN_AM_ME_DS,42178,62.19%,
2T,VW_DH_TV_VF_nzoth_yogg_cthun_3150268515803117_IN_AM_ME_DS,42178,62.19%,
2T,VW_DH_VW_VF_nzoth_yogg_cthun_3132798736334829_IN_AM_ME,42177,62.19%,
2T,AR_SW_VF_yshaarj_yogg_cthun_1971233345633775_Mis_AM_DR,42174,62.18%,
2T,AR_SP_VF_yshaarj_yogg_cthun_1972332790152687_IN_AM_ME,42167,62.15%,
2T,VW_DH_TV_VF_nzoth_yogg_cthun_3132858932977645_Mis_AM_DR,42167,62.15%,
2T,AR_EC_VF_yshaarj_yogg_cthun_1971233345633775_Mis_AM_ME,42167,62.15%,
2T,VW_DH_VW_VF_nzoth_yogg_cthun_3132927585869805_IN_AM_DR,42166,62.14%,
2T,VW_DH_VW_VF_yshaarj_nzoth_yogg_3979697567621101_Mis_IV_ME,42163,62.13%,
2T,AR_SW_VF_yshaarj_yogg_cthun_1971233345625599_IN_AM_DR,42160,62.12%,
2T,VW_DH_TV_VF_nzoth_yogg_cthun_3150244893491181_IN_AM_ME,42156,62.11%,
2T,AR_EC_VF_yshaarj_yogg_cthun_1971233346149871_Mis_AM_ME,42156,62.11%,
2T,VW_DH_TV_VF_nzoth_yogg_cthun_3132813768720365_IN_AM_DR_DS,42155,62.10%,
2T,VW_DH_VW_VF_nzoth_yogg_cthun_3132798736850925_IN_AM_ME,42155,62.10%,
2T,AR_SW_VF_yshaarj_yogg_cthun_1988688026131951_IN_AM_ME,42152,62.09%,
2T,AR_EC_VF_yshaarj_yogg_cthun_1971250458394095_Mis_IV_ME_DS,42150,62.08%,
2T,VW_DH_VW_VF_yshaarj_nzoth_yogg_3977497470631917_Mis_IV_ME,42149,62.08%,
2T,AR_SP_VF_yshaarj_yogg_cthun_1971370717478383_Mis_AM_ME,42146,62.07%,
2T,AR_SW_VF_yshaarj_yogg_cthun_1971250525494767_Mis_IV_ME_DS,42143,62.06%,
2T,AR_SP_VF_yshaarj_yogg_cthun_1971234352266735_Mis_AM_DR,42142,62.05%,
2T,VW_DH_VW_VF_yshaarj_nzoth_yogg_3979712600006637_Mis_IV_ME_DS,42141,62.05%,
2T,AR_SP_VF_yshaarj_yogg_cthun_1971233278524927_Mis_IV_ME,42141,62.05%,
2T,VW_DH_TV_VF_yshaarj_nzoth_yogg_4049522998444013_IN_AM_DR_DS,42138,62.04%,
2T,VW_DH_TV_VF_nzoth_yogg_cthun_3132813835821037_IN_AM_ME_DS,42127,61.99%,
2T,VW_DH_TV_VF_yshaarj_nzoth_yogg_4049525145919469_IN_AM_DR_DS,42124,61.98%,
2T,AR_SP_VF_yshaarj_yogg_cthun_1971233345625599_Mis_AM_DR,42122,61.98%,
2T,AR_SP_VF_yshaarj_yogg_cthun_1971250458385919_Mis_IV_DR_DS,42121,61.97%,
2T,AR_SW_VF_yshaarj_yogg_cthun_1971234352266735_IN_AM_DR,42118,61.96%,
2T,AR_SW_VF_yshaarj_yogg_cthun_1971234352782831_IN_AM_DR,42118,61.96%,
2T,VW_DH_TV_VF_nzoth_yogg_cthun_3133363524526061_IN_AM_ME_DS,42116,61.95%,
2T,VW_DH_VW_VF_nzoth_yogg_cthun_3132858866393069_Mis_AM_DR,42113,61.94%,
2T,AR_SP_VF_yshaarj_yogg_cthun_1971233278524927_IN_IV_ME,42113,61.94%,
2T,AR_SW_VF_yshaarj_yogg_cthun_1971234352782831_Mis_IV_ME,42110,61.93%,
2T,AR_SP_VF_yshaarj_yogg_cthun_2043259880078831_IN_AM_DR_DS,42104,61.91%,
2T,AR_SP_VF_yshaarj_yogg_cthun_1973432301772287_Mis_AM_DR,42104,61.91%,
2T,VW_DH_VW_VF_nzoth_yogg_cthun_3132942617739245_IN_AM_DR_DS,42102,61.90%,
2T,AR_SP_VF_yshaarj_yogg_cthun_1971234352782831_Mis_AM_DR,42102,61.90%,
2T,VW_DH_TV_VF_nzoth_yogg_cthun_3132798736850925_IN_AM_DR,42100,61.89%,
2T,VW_DH_VW_VF_yshaarj_nzoth_cthun_3696298445561837_Mis_IV_DR,42097,61.88%,
2T,VW_DH_VW_VF_nzoth_yogg_cthun_3132806253043693_IN_AM_ME_DS,42096,61.88%,
2T,AR_SW_VF_yshaarj_yogg_cthun_1971250525494767_IN_AM_DR_DS,42096,61.88%,
2T,AR_SP_VF_yshaarj_yogg_cthun_2043259880070655_IN_IV_ME_DS,42094,61.87%,
2T,AR_SP_VF_yshaarj_yogg_cthun_1971233614061039_IN_AM_ME,42091,61.86%,
2T,VW_DH_TV_VF_nzoth_yogg_cthun_3150244894007277_IN_AM_DR,42084,61.83%,
2T,VW_DH_TV_VF_nzoth_yogg_cthun_3132806253043693_IN_AM_DR_DS,42083,61.82%,
2T,AR_EC_VF_yshaarj_yogg_cthun_1971233278524927_IN_AM_DR,42082,61.82%,
2T,AR_EC_VF_yshaarj_yogg_cthun_2043259880070655_IN_IV_ME_DS,42082,61.82%,
2T,AR_SP_VF_yshaarj_yogg_cthun_2043259880594927_Mis_IV_ME_DS,42078,61.81%,
2T,VW_DH_TV_VF_nzoth_yogg_cthun_3132806253043693_IN_AM_ME_DS,42078,61.81%,
2T,VW_DH_VW_VF_yshaarj_nzoth_cthun_3696297371820013_Mis_AM_ME,42077,61.80%,
2T,AR_SP_VF_yshaarj_yogg_cthun_1971234352258559_Mis_IV_ME,42073,61.79%,
2T,AR_SW_VF_yshaarj_yogg_cthun_1971234352782831_Mis_AM_DR,42071,61.78%,
2T,VW_DH_TV_VF_nzoth_yogg_cthun_3132944765214701_IN_AM_DR_DS,42071,61.78%,
2T,AR_SW_VF_yshaarj_yogg_cthun_1971233614061039_IN_AM_ME,42069,61.77%,
2T,AR_SP_VF_yshaarj_yogg_cthun_1973432302296559_IN_AM_ME,42069,61.77%,
2T,AR_SP_VF_yshaarj_yogg_cthun_1971233279041023_Mis_IV_ME,42068,61.77%,
2T,AR_SW_VF_yshaarj_yogg_cthun_1971233345625599_Mis_AM_DR,42068,61.77%,
2T,AR_SW_VF_yshaarj_yogg_cthun_2043259880594927_Mis_AM_DR_DS,42067,61.77%,
2T,VW_DH_TV_VF_nzoth_yogg_cthun_3132815916195821_IN_AM_ME_DS,42064,61.75%,
2T,VW_DH_VW_VF_yshaarj_nzoth_cthun_3696297371820013_Mis_AM_DR,42062,61.75%,
2T,VW_DH_VW_VF_yshaarj_nzoth_yogg_3979697567621101_Mis_IV_DR,42058,61.73%,
2T,VW_DH_VW_VF_yshaarj_nzoth_yogg_3977497537732589_Mis_IV_DR,42057,61.73%,
2T,VW_DH_VW_VF_nzoth_yogg_cthun_3132813835821037_IN_AM_DR_DS,42054,61.72%,
2T,VW_DH_VW_VF_yshaarj_nzoth_yogg_3977497471148013_Mis_IV_ME,42048,61.69%,
2T,AR_SP_VF_yshaarj_yogg_cthun_1971234352782831_IN_AM_DR,42048,61.69%,
2T,VW_DH_TV_VF_nzoth_yogg_cthun_3132942684839917_IN_AM_ME_DS,42043,61.67%,
2T,VW_DH_VW_VF_yshaarj_nzoth_yogg_3977497537732589_Mis_IV_ME,42038,61.65%,
2T,AR_SW_VF_yshaarj_yogg_cthun_2043259880594927_IN_AM_DR_DS,42038,61.65%,
2T,AR_SW_VF_yshaarj_yogg_cthun_1971233278524927_IN_IV_ME,42038,61.65%,
2T,VW_DH_TV_VF_nzoth_yogg_cthun_3132813835821037_IN_AM_DR_DS,42036,61.64%,
2T,AR_SW_VF_yshaarj_yogg_cthun_1971234352266735_Mis_IV_ME,42036,61.64%,
2T,AR_EC_VF_yshaarj_yogg_cthun_1971250458910191_IN_AM_DR_DS,42035,61.64%,
2T,VW_DH_VW_VF_nzoth_yogg_cthun_3132867455803373_Mis_AM_DR,42033,61.63%,
2T,VW_DH_TV_VF_yshaarj_nzoth_yogg_3977513577275373_IN_AM_DR_DS,42033,61.63%,
2T,VW_DH_VW_VF_nzoth_yogg_cthun_3150244893491181_IN_AM_ME,42033,61.63%,
2T,AR_SP_VF_yshaarj_yogg_cthun_1971370717994479_Mis_AM_ME,42027,61.61%,
2T,AR_SP_VF_yshaarj_yogg_cthun_1971250458394095_IN_IV_ME_DS,42024,61.60%,
2T,VW_DH_TV_VF_nzoth_yogg_cthun_3132942617739245_IN_AM_ME_DS,42023,61.60%,
2T,AR_SP_VF_yshaarj_yogg_cthun_1971234352258559_IN_AM_DR,42021,61.59%,
2T,AR_EC_VF_yshaarj_yogg_cthun_2043259880078831_Mis_AM_DR_DS,42018,61.58%,
2T,AR_EC_VF_yshaarj_yogg_cthun_1971250458910191_Mis_AM_DR_DS,42016,61.57%,
2T,AR_EC_VF_yshaarj_yogg_cthun_1971250458385919_IN_AM_DR_DS,42016,61.57%,
2T,AR_SP_VF_yshaarj_yogg_cthun_1971250458394095_Mis_IV_ME_DS,42015,61.56%,
2T,AR_SW_VF_yshaarj_yogg_cthun_1973432301780463_Mis_AM_ME,42015,61.56%,
2T,VW_DH_VW_VF_nzoth_yogg_cthun_3150259925876717_IN_AM_DR_DS,42011,61.55%,
2T,VW_DH_TV_VF_yshaarj_nzoth_yogg_4049525145919469_IN_AM_ME_DS,42011,61.55%,
2T,AR_EC_VF_yshaarj_yogg_cthun_1971233278524927_Mis_AM_DR,42010,61.55%,
2T,VW_DH_TV_VF_nzoth_yogg_cthun_3150244894007277_IN_AM_ME,42009,61.54%,
2T,VW_DH_VW_VF_nzoth_yogg_cthun_3132942684839917_IN_AM_ME_DS,42008,61.54%,
2T,AR_EC_VF_yshaarj_yogg_cthun_1973432301772287_Mis_AM_ME,42007,61.53%,
2T,VW_DH_VW_VF_nzoth_yogg_cthun_3150259992977389_IN_AM_DR_DS,42007,61.53%,
2T,AR_EC_VF_yshaarj_yogg_cthun_2043259880070655_Mis_IV_ME_DS,42006,61.53%,
2T,VW_DH_VW_VF_nzoth_yogg_cthun_3132813768720365_IN_AM_DR_DS,42006,61.53%,
2T,VW_DH_VW_VF_nzoth_yogg_cthun_3132815916195821_IN_AM_ME_DS,42005,61.52%,
2T,AR_SP_VF_yshaarj_yogg_cthun_1971233279049199_IN_AM_DR,42004,61.52%,
2T,AR_SW_VF_yshaarj_yogg_cthun_1973432302296559_IN_AM_ME,42004,61.52%,
2T,AR_SW_VF_yshaarj_yogg_cthun_1971234352258559_IN_AM_DR,41998,61.50%,
2T,VW_DH_TV_VF_yshaarj_nzoth_yogg_4049522998960109_IN_AM_DR_DS,41995,61.49%,
2T,AR_SP_VF_yshaarj_yogg_cthun_2043259947179503_IN_AM_ME_DS,41987,61.46%,
2T,VW_DH_VW_VF_nzoth_yogg_cthun_3132798736850925_IN_AM_DR,41986,61.45%,
2T,VW_DH_TV_VF_yshaarj_nzoth_yogg_4049522998444013_IN_AM_ME_DS,41984,61.44%,
2T,AR_SW_VF_yshaarj_yogg_cthun_1988688025607679_IN_AM_ME,41984,61.44%,
2T,AR_SP_VF_yshaarj_yogg_cthun_1972332790144511_IN_AM_ME,41983,61.44%,
2T,VW_DH_VW_VF_nzoth_yogg_cthun_3132806253043693_IN_AM_DR_DS,41977,61.42%,
2T,AR_EC_VF_yshaarj_yogg_cthun_1971250458385919_Mis_IV_ME_DS,41976,61.41%,
2T,VW_DH_VW_VF_nzoth_yogg_cthun_3132813835821037_IN_AM_ME_DS,41975,61.41%,
2T,VW_DH_VW_VF_yshaarj_nzoth_yogg_3979696493879277_Mis_AM_DR,41972,61.40%,
2T,AR_SP_VF_yshaarj_yogg_cthun_1971370717478383_IN_AM_ME,41968,61.38%,
2T,AR_EC_VF_yshaarj_yogg_cthun_1971233279049199_IN_AM_ME,41967,61.38%,
2T,AR_EC_VF_yshaarj_yogg_cthun_1971250458910191_IN_IV_ME_DS,41964,61.37%,
2T,AR_EC_VF_yshaarj_yogg_cthun_1972332790144511_Mis_AM_ME,41961,61.36%,
2T,VW_DH_VW_VF_yshaarj_nzoth_yogg_3977499618107373_Mis_IV_ME,41961,61.35%,
2T,VW_DH_TV_VF_nzoth_yogg_cthun_3132813768720365_IN_AM_ME_DS,41956,61.34%,
2T,AR_EC_VF_yshaarj_yogg_cthun_1971250525494767_Mis_AM_ME_DS,41953,61.32%,
2T,AR_SP_VF_yshaarj_yogg_cthun_1971370717994479_IN_AM_ME,41943,61.29%,
2T,VW_DH_VW_VF_nzoth_yogg_cthun_3150244894007277_IN_AM_ME,41941,61.28%,
2T,AR_SW_VF_yshaarj_yogg_cthun_1971250458385919_Mis_IV_DR_DS,41940,61.28%,
2T,VW_DH_TV_VF_nzoth_yogg_cthun_3150262073352173_IN_AM_DR_DS,41938,61.27%,
2T,AR_SP_VF_yshaarj_yogg_cthun_1971233279049199_Mis_AM_DR,41935,61.25%,
2T,AR_SW_VF_yshaarj_yogg_cthun_1971234352258559_Mis_IV_ME,41930,61.24%,
2T,VW_DH_VW_VF_yshaarj_nzoth_yogg_3977788454658029_Mis_IV_ME_DS,41929,61.23%,
2T,AR_EC_VF_yshaarj_yogg_cthun_1971234352782831_Mis_AM_ME,41922,61.21%,
2T,VW_DH_VW_VF_nzoth_yogg_cthun_3150268515803117_IN_AM_ME_DS,41916,61.18%,
2T,AR_EC_VF_yshaarj_yogg_cthun_1971250525494767_IN_AM_ME_DS,41916,61.18%,
2T,AR_SW_VF_yshaarj_yogg_cthun_1973432301780463_IN_AM_ME,41915,61.18%,
2T,AR_SW_VF_yshaarj_yogg_cthun_2043251290136063_IN_AM_ME,41912,61.17%,
2T,AR_SW_VF_yshaarj_yogg_cthun_1971250525494767_Mis_AM_DR_DS,41911,61.17%,
2T,AR_SW_VF_yshaarj_yogg_cthun_1972332790144511_IN_AM_ME,41907,61.15%,
2T,AR_SW_VF_yshaarj_yogg_cthun_1971250525494767_IN_IV_ME_DS,41905,61.14%,
2T,VW_DH_VW_VF_nzoth_yogg_cthun_3150259992977389_IN_AM_ME_DS,41904,61.14%,
2T,AR_EC_VF_yshaarj_yogg_cthun_2043259880070655_IN_AM_DR_DS,41903,61.13%,
2T,VW_DH_TV_VF_nzoth_yogg_cthun_3132815916195821_IN_AM_DR_DS,41902,61.13%,
2T,VW_DH_VW_VF_yshaarj_nzoth_yogg_4049516555984877_Mis_IV_ME,41901,61.12%,
2T,AR_SP_VF_yshaarj_yogg_cthun_1971234419367407_Mis_AM_ME,41900,61.12%,
2T,VW_DH_VW_VF_nzoth_yogg_cthun_3132942617739245_IN_AM_ME_DS,41899,61.12%,
2T,VW_DH_TV_VF_nzoth_yogg_cthun_3150262073352173_IN_AM_ME_DS,41897,61.11%,
2T,VW_DH_VW_VF_nzoth_yogg_cthun_3132858932977645_Mis_AM_DR,41895,61.10%,
2T,VW_DH_TV_VF_nzoth_yogg_cthun_3132942618255341_IN_AM_DR_DS,41894,61.10%,
2T,AR_SW_VF_yshaarj_yogg_cthun_1971370717994479_IN_AM_ME,41884,61.06%,
2T,VW_DH_VW_VF_yshaarj_nzoth_yogg_3977513576759277_Mis_IV_DR_DS,41884,61.06%,
2T,AR_SP_VF_yshaarj_yogg_cthun_1972332790152687_Mis_AM_ME,41879,61.04%,
2T,AR_SW_VF_yshaarj_yogg_cthun_1972332790668783_Mis_AM_ME,41879,61.04%,
2T,VW_DH_VW_VF_nzoth_yogg_cthun_3132942618255341_IN_AM_DR_DS,41878,61.04%,
2T,VW_DH_VW_VF_nzoth_yogg_cthun_3132807326269421_IN_AM_DR_DS,41878,61.04%,
2T,AR_EC_VF_yshaarj_yogg_cthun_1971250458394095_IN_AM_DR_DS,41876,61.03%,
2T,AR_SP_VF_yshaarj_yogg_cthun_1971250458910191_Mis_IV_ME_DS,41876,61.03%,
2T,AR_SW_VF_yshaarj_yogg_cthun_1971234352258559_IN_IV_ME,41873,61.02%,
2T,AR_SP_VF_yshaarj_yogg_cthun_2043259880594927_Mis_AM_DR_DS,41870,61.01%,
2T,AR_SW_VF_yshaarj_yogg_cthun_1972332790144511_Mis_AM_DR,41870,61.00%,
2T,AR_SP_VF_yshaarj_yogg_cthun_2043251290136063_Mis_AM_ME,41865,60.99%,
2T,VW_DH_TV_VF_nzoth_yogg_cthun_3132942618255341_IN_AM_ME_DS,41862,60.97%,
2T,VW_DH_VW_VF_yshaarj_nzoth_yogg_3977635983319021_Mis_IV_ME,41861,60.97%,
2T,AR_SP_VF_yshaarj_yogg_cthun_2043259880078831_Mis_AM_DR_DS,41852,60.94%,
2T,VW_DH_VW_VF_yshaarj_nzoth_yogg_3977635983319021_Mis_IV_DR,41845,60.91%,
2T,AR_SP_VF_yshaarj_yogg_cthun_1971233279041023_IN_IV_ME,41839,60.89%,
2T,VW_DH_VW_VF_nzoth_yogg_cthun_3132944765214701_IN_AM_DR_DS,41838,60.88%,
2T,AR_SW_VF_yshaarj_yogg_cthun_1971233346149871_Mis_AM_ME,41838,60.88%,
2T,AR_SW_VF_yshaarj_yogg_cthun_1971370717470207_Mis_AM_ME,41835,60.87%,
2T,AR_SP_VF_yshaarj_yogg_cthun_1971250458910191_IN_IV_ME_DS,41832,60.86%,
2T,AR_SP_VF_yshaarj_yogg_cthun_1972332790668783_Mis_AM_ME,41832,60.86%,
2T,AR_SP_VF_yshaarj_yogg_cthun_1973432301780463_IN_AM_ME,41830,60.85%,
2T,AR_EC_VF_yshaarj_yogg_cthun_1971233345625599_Mis_AM_ME,41828,60.84%,
2T,VW_DH_VW_VF_nzoth_yogg_cthun_3132944765214701_IN_AM_ME_DS,41828,60.84%,
2T,AR_SW_VF_yshaarj_yogg_cthun_1971233345633775_Mis_AM_ME,41822,60.82%,
2T,AR_EC_VF_yshaarj_yogg_cthun_1971234352266735_IN_AM_ME,41821,60.82%,
2T,AR_SP_VF_yshaarj_yogg_cthun_1971234352258559_Mis_AM_DR,41819,60.81%,
2T,VW_DH_VW_VF_yshaarj_nzoth_yogg_3977514650492909_Mis_IV_DR_DS,41816,60.80%,
2T,VW_DH_TV_VF_nzoth_yogg_cthun_3132807393370093_IN_AM_DR_DS,41816,60.80%,
2T,AR_SP_VF_yshaarj_yogg_cthun_1971370717470207_Mis_AM_ME,41816,60.80%,
2T,AR_SP_VF_yshaarj_yogg_cthun_1971234419367407_IN_AM_ME,41812,60.78%,
2T,VW_DH_VW_VF_yshaarj_nzoth_cthun_3696313477947373_Mis_IV_DR_DS,41809,60.77%,
2T,AR_SP_VF_yshaarj_yogg_cthun_2043259880070655_Mis_IV_ME_DS,41808,60.77%,
2T,VW_DH_VW_VF_nzoth_yogg_cthun_3150268515803117_IN_AM_DR_DS,41808,60.77%,
2T,AR_SW_VF_yshaarj_yogg_cthun_1973432302296559_Mis_AM_ME,41807,60.76%,
2T,AR_SW_VF_yshaarj_yogg_cthun_1971234352266735_Mis_AM_DR,41807,60.76%,
2T,VW_DH_VW_VF_yshaarj_nzoth_yogg_3979696493879277_Mis_AM_ME,41806,60.76%,
2T,AR_SP_VF_yshaarj_yogg_cthun_1972332790144511_Mis_AM_DR,41805,60.76%,
2T,AR_SP_VF_yshaarj_yogg_cthun_2043251290136063_IN_AM_ME,41803,60.75%,
2T,VW_DH_TV_VF_nzoth_yogg_cthun_3132813769236461_IN_AM_DR_DS,41803,60.75%,
2T,AR_SP_VF_yshaarj_yogg_cthun_1971233345633775_IN_AM_ME,41801,60.74%,
2T,AR_EC_VF_yshaarj_yogg_cthun_1971234352258559_IN_AM_ME,41799,60.73%,
2T,AR_SW_VF_yshaarj_yogg_cthun_2043259880070655_IN_IV_ME_DS,41794,60.71%,
2T,VW_DH_TV_VF_nzoth_yogg_cthun_3132807326269421_IN_AM_DR_DS,41790,60.70%,
2T,VW_DH_TV_VF_nzoth_yogg_cthun_3150259992977389_IN_AM_ME_DS,41789,60.70%,
2T,AR_SW_VF_yshaarj_yogg_cthun_1971370717478383_IN_AM_ME,41787,60.69%,
2T,VW_DH_VW_VF_yshaarj_nzoth_cthun_3696313477947373_Mis_IV_ME_DS,41785,60.68%,
2T,AR_EC_VF_yshaarj_yogg_cthun_1971250458394095_Mis_AM_DR_DS,41784,60.68%,
2T,AR_SW_VF_yshaarj_yogg_cthun_2043259947179503_IN_AM_ME_DS,41783,60.67%,
2T,VW_DH_TV_VF_nzoth_yogg_cthun_3150259926392813_IN_AM_DR_DS,41780,60.66%,
2T,AR_SP_VF_yshaarj_yogg_cthun_2043259880070655_IN_AM_DR_DS,41780,60.66%,
2T,AR_SW_VF_yshaarj_yogg_cthun_2043251290136063_Mis_AM_ME,41780,60.66%,
2T,AR_SW_VF_yshaarj_yogg_cthun_2043259947179503_Mis_AM_ME_DS,41778,60.65%,
2T,AR_SW_VF_yshaarj_yogg_cthun_1971234419367407_Mis_AM_ME,41777,60.65%,
2T,AR_EC_VF_yshaarj_yogg_cthun_1971233345625599_IN_AM_ME,41776,60.65%,
2T,VW_DH_VW_VF_yshaarj_nzoth_yogg_3977634909577197_Mis_AM_DR,41775,60.64%,
2T,VW_DH_VW_VF_nzoth_yogg_cthun_3132813769236461_IN_AM_ME_DS,41773,60.63%,
2T,VW_DH_VW_VF_yshaarj_nzoth_yogg_3977772348530669_Mis_AM_DR,41773,60.63%,
2T,VW_DH_VW_VF_yshaarj_nzoth_yogg_3977514650492909_Mis_IV_ME_DS,41772,60.63%,
2T,AR_SW_VF_yshaarj_yogg_cthun_1971250458910191_IN_IV_ME_DS,41770,60.62%,
2T,VW_DH_TV_VF_nzoth_yogg_cthun_3132807393370093_IN_AM_ME_DS,41766,60.61%,
2T,AR_SW_VF_yshaarj_yogg_cthun_1971233278524927_Mis_IV_ME,41764,60.60%,
2T,AR_SW_VF_yshaarj_yogg_cthun_1971250458910191_Mis_IV_ME_DS,41761,60.59%,
2T,AR_SW_VF_yshaarj_yogg_cthun_1971233279041023_IN_IV_ME,41758,60.57%,
2T,VW_DH_VW_VF_nzoth_yogg_cthun_3150259926392813_IN_AM_DR_DS,41757,60.57%,
2T,AR_EC_VF_yshaarj_yogg_cthun_2043259880594927_IN_AM_ME_DS,41754,60.56%,
2T,AR_SP_VF_yshaarj_yogg_cthun_1971233346149871_Mis_AM_ME,41752,60.55%,
2T,AR_SP_VF_yshaarj_yogg_cthun_1973432301772287_IN_AM_ME,41749,60.54%,
2T,AR_SW_VF_yshaarj_yogg_cthun_1971233346149871_IN_AM_ME,41737,60.50%,
2T,AR_SP_VF_yshaarj_yogg_cthun_1971370717470207_IN_AM_ME,41736,60.49%,
2T,VW_DH_VW_VF_nzoth_yogg_cthun_3132807393370093_IN_AM_DR_DS,41735,60.49%,
2T,VW_DH_VW_VF_nzoth_yogg_cthun_3132876045737965_Mis_AM_ME_DS,41734,60.48%,
2T,VW_DH_TV_VF_yshaarj_nzoth_yogg_4049515482243053_Mis_IV_DR,41733,60.48%,
2T,AR_EC_VF_yshaarj_yogg_cthun_2043259880070655_Mis_AM_DR_DS,41731,60.47%,
2T,VW_DH_TV_VF_nzoth_yogg_cthun_3132813769236461_IN_AM_ME_DS,41727,60.46%,
2T,AR_EC_VF_yshaarj_yogg_cthun_1971234352782831_IN_AM_ME,41723,60.44%,
2T,AR_SW_VF_yshaarj_yogg_cthun_1971234352258559_Mis_AM_DR,41723,60.44%,
2T,VW_DH_TV_VF_nzoth_yogg_cthun_3150518697648109_Mis_IV_DR,41721,60.43%,
2T,AR_SW_VF_yshaarj_yogg_cthun_1971233279041023_Mis_IV_ME,41718,60.42%,
2T,AR_SW_VF_yshaarj_yogg_cthun_2043259880070655_Mis_IV_ME_DS,41716,60.41%,
2T,VW_DH_VW_VF_yshaarj_nzoth_yogg_3977772348530669_Mis_AM_ME,41715,60.41%,
2T,VW_DH_VW_VF_yshaarj_nzoth_yogg_3979712600006637_Mis_IV_DR_DS,41712,60.40%,
2T,VW_DH_TV_VF_nzoth_yogg_cthun_3132926511611885_Mis_IV_DR,41705,60.37%,
2T,AR_SP_VF_yshaarj_yogg_cthun_1971233346149871_IN_AM_ME,41699,60.35%,
2T,VW_DH_VW_VF_nzoth_yogg_cthun_3132813768720365_IN_AM_ME_DS,41692,60.32%,
2T,VW_DH_VW_VF_nzoth_yogg_cthun_3132942618255341_IN_AM_ME_DS,41692,60.32%,
2T,VW_DH_VW_VF_nzoth_yogg_cthun_3150518697648109_Mis_IV_DR,41689,60.31%,
2T,AR_SP_VF_yshaarj_yogg_cthun_1973432301780463_Mis_AM_ME,41687,60.30%,
2T,AR_SP_VF_yshaarj_yogg_cthun_1971233279041023_IN_AM_DR,41678,60.27%,
2T,VW_DH_VW_VF_nzoth_yogg_cthun_3150262073352173_IN_AM_ME_DS,41677,60.27%,
2T,AR_SP_VF_yshaarj_yogg_cthun_1971233279041023_Mis_AM_DR,41674,60.25%,
2T,VW_DH_VW_VF_yshaarj_nzoth_yogg_3977773422272493_Mis_IV_DR,41674,60.25%,
2T,VW_DH_TV_VF_nzoth_yogg_cthun_3132807326269421_IN_AM_ME_DS,41674,60.25%,
2T,AR_EC_VF_yshaarj_yogg_cthun_1971234352266735_Mis_AM_ME,41672,60.24%,
2T,VW_DH_VW_VF_nzoth_yogg_cthun_3132807393370093_IN_AM_ME_DS,41669,60.23%,
2T,AR_SP_VF_yshaarj_yogg_cthun_1971233345625599_Mis_AM_ME,41669,60.23%,
2T,AR_SP_VF_yshaarj_yogg_cthun_2043259947179503_Mis_AM_ME_DS,41669,60.23%,
2T,VW_DH_TV_VF_nzoth_yogg_cthun_3132876045737965_Mis_AM_ME_DS,41667,60.22%,
2T,VW_DH_VW_VF_yshaarj_nzoth_cthun_3696298445561837_Mis_AM_ME,41666,60.22%,
2T,AR_EC_VF_yshaarj_yogg_cthun_1971233279041023_IN_AM_ME,41666,60.22%,
2T,VW_DH_VW_VF_yshaarj_nzoth_yogg_3977499618107373_Mis_IV_DR,41664,60.21%,
2T,AR_SW_VF_yshaarj_yogg_cthun_1971233279049199_Mis_AM_DR,41663,60.21%,
2T,VW_DH_VW_VF_yshaarj_nzoth_yogg_3977497471148013_Mis_IV_DR,41663,60.21%,
2T,AR_EC_VF_yshaarj_yogg_cthun_1971233279041023_Mis_AM_DR,41659,60.20%,
2T,VW_DH_TV_VF_nzoth_yogg_cthun_3134996685840365_Mis_IV_ME,41658,60.19%,
2T,VW_DH_VW_VF_yshaarj_nzoth_yogg_3977634909577197_Mis_AM_ME,41656,60.18%,
2T,AR_SW_VF_yshaarj_yogg_cthun_1971233345633775_IN_AM_ME,41655,60.18%,
2T,VW_DH_TV_VF_nzoth_yogg_cthun_3132807326785517_IN_AM_DR_DS,41654,60.17%,
2T,AR_EC_VF_yshaarj_yogg_cthun_2043259880594927_Mis_AM_ME_DS,41651,60.16%,
2T,AR_EC_VF_yshaarj_yogg_cthun_2043259880078831_Mis_AM_ME_DS,41648,60.15%,
2T,VW_DH_VW_VF_nzoth_yogg_cthun_3132926511611885_Mis_IV_DR,41648,60.15%,
2T,VW_DH_TV_VF_yshaarj_nzoth_cthun_3696297371820013_Mis_IV_DR,41645,60.14%,
2T,VW_DH_TV_VF_nzoth_yogg_cthun_3150243886850029_Mis_IV_DR,41642,60.13%,
2T,AR_SP_VF_yshaarj_yogg_cthun_1971250458385919_Mis_IV_ME_DS,41637,60.11%,
2T,AR_SW_VF_yshaarj_yogg_cthun_1971233278524927_Mis_AM_DR,41636,60.11%,
2T,VW_DH_TV_VF_yshaarj_nzoth_yogg_4049515482243053_Mis_IV_ME,41632,60.09%,
2T,AR_EC_VF_yshaarj_yogg_cthun_1971250458385919_IN_IV_ME_DS,41630,60.08%,
2T,VW_DH_VW_VF_nzoth_yogg_cthun_3150262073352173_IN_AM_DR_DS,41627,60.07%,
2T,VW_DH_TV_VF_nzoth_yogg_cthun_3150518697648109_Mis_IV_ME,41626,60.07%,
2T,AR_EC_VF_yshaarj_yogg_cthun_2043259880078831_IN_AM_ME_DS,41625,60.06%,
2T,VW_DH_VW_VF_nzoth_yogg_cthun_3132807326785517_IN_AM_ME_DS,41623,60.06%,
2T,VW_DH_TV_VF_nzoth_yogg_cthun_3150259925876717_IN_AM_ME_DS,41622,60.05%,
2T,VW_DH_TV_VF_yshaarj_nzoth_yogg_4049522998960109_IN_AM_ME_DS,41618,60.04%,
2T,VW_DH_VW_VF_yshaarj_nzoth_yogg_3977498544373741_Mis_IV_DR,41618,60.04%,
2T,AR_SW_VF_yshaarj_yogg_cthun_1971250458394095_Mis_IV_ME_DS,41617,60.03%,
2T,VW_DH_VW_VF_yshaarj_nzoth_yogg_4049516555984877_Mis_IV_DR,41611,60.01%,
2T,AR_SP_VF_yshaarj_yogg_cthun_1973432302296559_Mis_AM_ME,41606,59.99%,
2T,VW_DH_VW_VF_nzoth_yogg_cthun_3132815916195821_IN_AM_DR_DS,41603,59.98%,
2T,AR_SW_VF_yshaarj_yogg_cthun_1971234419367407_IN_AM_ME,41603,59.98%,
2T,AR_SP_VF_yshaarj_yogg_cthun_1972332790144511_Mis_AM_ME,41599,59.96%,
2T,AR_SP_VF_yshaarj_yogg_cthun_1971233345633775_Mis_AM_ME,41596,59.95%,
2T,VW_DH_TV_VF_nzoth_yogg_cthun_3150243819749357_Mis_IV_DR,41594,59.95%,
2T,VW_DH_VW_VF_nzoth_yogg_cthun_3150259926392813_IN_AM_ME_DS,41589,59.93%,
2T,AR_SW_VF_yshaarj_yogg_cthun_1972332790152687_Mis_AM_ME,41579,59.89%,
2T,VW_DH_VW_VF_nzoth_yogg_cthun_3150518697648109_Mis_IV_ME,41573,59.86%,
2T,VW_DH_VW_VF_nzoth_yogg_cthun_3132807326269421_IN_AM_ME_DS,41555,59.80%,
2T,VW_DH_VW_VF_yshaarj_nzoth_yogg_3977651015704557_Mis_IV_DR_DS,41553,59.79%,
2T,VW_DH_VW_VF_yshaarj_nzoth_yogg_3977651015704557_Mis_IV_ME_DS,41551,59.78%,
2T,VW_DH_TV_VF_yshaarj_nzoth_yogg_3979696493879277_Mis_IV_DR,41550,59.78%,
2T,AR_SP_VF_yshaarj_yogg_cthun_1971233278524927_IN_AM_DR,41548,59.77%,
2T,VW_DH_VW_VF_yshaarj_nzoth_yogg_3977498544373741_Mis_IV_ME,41547,59.76%,
2T,VW_DH_VW_VF_yshaarj_nzoth_yogg_3977788454658029_Mis_IV_DR_DS,41544,59.75%,
2T,VW_DH_TV_VF_nzoth_yogg_cthun_3132876045737965_Mis_AM_DR_DS,41541,59.74%,
2T,VW_DH_TV_VF_nzoth_yogg_cthun_3132807326785517_IN_AM_ME_DS,41541,59.74%,
2T,VW_DH_TV_VF_yshaarj_nzoth_yogg_3979696493879277_Mis_IV_ME,41539,59.73%,
2T,AR_SW_VF_yshaarj_yogg_cthun_2043259880078831_Mis_AM_DR_DS,41536,59.72%,
2T,AR_EC_VF_yshaarj_yogg_cthun_1971234352258559_Mis_AM_ME,41535,59.72%,
2T,AR_SP_VF_yshaarj_yogg_cthun_1971234352266735_Mis_AM_ME,41532,59.71%,
2T,VW_DH_TV_VF_nzoth_yogg_cthun_3150259926392813_IN_AM_ME_DS,41531,59.70%,
2T,VW_DH_TV_VF_yshaarj_nzoth_cthun_3696297371820013_Mis_IV_ME,41521,59.67%,
2T,AR_EC_VF_yshaarj_yogg_cthun_1971233278524927_IN_AM_ME,41518,59.65%,
2T,VW_DH_VW_VF_nzoth_yogg_cthun_3150243819749357_Mis_IV_DR,41517,59.65%,
2T,VW_DH_VW_VF_nzoth_yogg_cthun_3132926511611885_Mis_IV_ME,41516,59.64%,
2T,AR_SP_VF_yshaarj_yogg_cthun_2043259880070655_Mis_AM_DR_DS,41513,59.63%,
2T,AR_EC_VF_yshaarj_yogg_cthun_1971250458394095_IN_AM_ME_DS,41512,59.63%,
2T,VW_DH_VW_VF_yshaarj_nzoth_yogg_3977498611474413_Mis_IV_ME,41507,59.61%,
2T,AR_SW_VF_yshaarj_yogg_cthun_1971370717470207_IN_AM_ME,41504,59.60%,
2T,AR_SW_VF_yshaarj_yogg_cthun_1971250458910191_IN_AM_DR_DS,41504,59.60%,
2T,AR_SW_VF_yshaarj_yogg_cthun_1973432301772287_Mis_AM_ME,41498,59.57%,
2T,AR_SW_VF_yshaarj_yogg_cthun_1971233278524927_IN_AM_DR,41495,59.56%,
2T,VW_DH_VW_VF_nzoth_yogg_cthun_3150259925876717_IN_AM_ME_DS,41495,59.56%,
2T,AR_SP_VF_yshaarj_yogg_cthun_1971234352266735_IN_AM_ME,41494,59.56%,
2T,VW_DH_VW_VF_nzoth_yogg_cthun_3132807326785517_IN_AM_DR_DS,41492,59.55%,
2T,VW_DH_VW_VF_yshaarj_nzoth_yogg_3977497470631917_Mis_AM_DR,41491,59.55%,
2T,AR_SP_VF_yshaarj_yogg_cthun_1971233345625599_IN_AM_ME,41488,59.54%,
2T,AR_SW_VF_yshaarj_yogg_cthun_2043259880594927_IN_AM_ME_DS,41485,59.52%,
2T,AR_SW_VF_yshaarj_yogg_cthun_1973432301772287_IN_AM_ME,41484,59.52%,
2T,AR_EC_VF_yshaarj_yogg_cthun_1971250458385919_Mis_AM_DR_DS,41479,59.50%,
2T,AR_SP_VF_yshaarj_yogg_cthun_2043259880594927_IN_AM_ME_DS,41478,59.50%,
2T,AR_SP_VF_yshaarj_yogg_cthun_1971233278524927_Mis_AM_DR,41476,59.49%,
2T,AR_SP_VF_yshaarj_yogg_cthun_1971250458910191_IN_AM_DR_DS,41473,59.48%,
2T,VW_DH_VW_VF_nzoth_yogg_cthun_3134996685840365_Mis_IV_ME,41470,59.47%,
2T,AR_EC_VF_yshaarj_yogg_cthun_1971233279049199_Mis_AM_ME,41470,59.47%,
2T,VW_DH_VW_VF_nzoth_yogg_cthun_3132876045737965_Mis_AM_DR_DS,41470,59.47%,
2T,VW_DH_VW_VF_yshaarj_nzoth_cthun_3696298445561837_Mis_AM_DR,41465,59.45%,
2T,VW_DH_VW_VF_nzoth_yogg_cthun_3132813769236461_IN_AM_DR_DS,41464,59.45%,
2T,AR_EC_VF_yshaarj_yogg_cthun_1971250458910191_IN_AM_ME_DS,41460,59.43%,
2T,VW_DH_VW_VF_yshaarj_nzoth_yogg_4049531588370413_Mis_IV_ME_DS,41457,59.42%,
2T,AR_SW_VF_yshaarj_yogg_cthun_2043259880070655_IN_AM_DR_DS,41456,59.41%,
2T,VW_DH_TV_VF_nzoth_yogg_cthun_3132926511611885_Mis_IV_ME,41450,59.39%,
2T,VW_DH_VW_VF_yshaarj_nzoth_cthun_3696313477947373_Mis_AM_ME_DS,41448,59.38%,
2T,AR_SW_VF_yshaarj_yogg_cthun_1971233279041023_Mis_AM_DR,41434,59.33%,
2T,AR_SW_VF_yshaarj_yogg_cthun_1971250458385919_Mis_IV_ME_DS,41431,59.32%,
2T,AR_EC_VF_yshaarj_yogg_cthun_1971250458394095_Mis_AM_ME_DS,41431,59.32%,
2T,VW_DH_TV_VF_nzoth_yogg_cthun_3134996685840365_Mis_IV_DR,41431,59.32%,
2T,AR_SW_VF_yshaarj_yogg_cthun_1971234352782831_Mis_AM_ME,41428,59.31%,
2T,VW_DH_VW_VF_yshaarj_nzoth_yogg_3977497470631917_Mis_AM_ME,41426,59.30%,
2T,AR_SP_VF_yshaarj_yogg_cthun_1971234352782831_IN_AM_ME,41425,59.29%,
2T,AR_SW_VF_yshaarj_yogg_cthun_2043259880070655_Mis_AM_DR_DS,41421,59.28%,
2T,AR_EC_VF_yshaarj_yogg_cthun_1971250458910191_Mis_AM_ME_DS,41415,59.26%,
2T,VW_DH_VW_VF_yshaarj_nzoth_yogg_4049515482243053_Mis_AM_ME,41414,59.25%,
2T,VW_DH_VW_VF_yshaarj_nzoth_yogg_3977513576759277_Mis_IV_ME_DS,41414,59.25%,
2T,VW_DH_VW_VF_yshaarj_nzoth_yogg_3977515724234733_Mis_IV_ME_DS,41411,59.24%,
2T,VW_DH_VW_VF_yshaarj_nzoth_cthun_3696313477947373_Mis_AM_DR_DS,41407,59.22%,
2T,AR_EC_VF_yshaarj_yogg_cthun_1971233279041023_Mis_AM_ME,41405,59.22%,
2T,VW_DH_VW_VF_nzoth_yogg_cthun_3132935101538285_Mis_IV_ME,41391,59.17%,
2T,VW_DH_VW_VF_nzoth_yogg_cthun_3150243886850029_Mis_IV_DR,41391,59.16%,
2T,VW_DH_TV_VF_nzoth_yogg_cthun_3132926578712557_Mis_IV_DR,41390,59.16%,
2T,AR_SP_VF_yshaarj_yogg_cthun_1973432301772287_Mis_AM_ME,41379,59.12%,
2T,AR_SW_VF_yshaarj_yogg_cthun_1971234352266735_IN_AM_ME,41377,59.11%,
2T,AR_SW_VF_yshaarj_yogg_cthun_1971250458394095_IN_AM_DR_DS,41377,59.11%,
2T,VW_DH_TV_VF_yshaarj_nzoth_yogg_3977772348530669_Mis_IV_ME,41373,59.10%,
2T,AR_SW_VF_yshaarj_yogg_cthun_1971250458385919_IN_IV_ME_DS,41372,59.09%,
2T,AR_SP_VF_yshaarj_yogg_cthun_1971250458910191_Mis_AM_DR_DS,41371,59.09%,
2T,AR_SP_VF_yshaarj_yogg_cthun_1971250458385919_IN_IV_ME_DS,41367,59.07%,
2T,VW_DH_VW_VF_yshaarj_nzoth_yogg_3977497537732589_Mis_AM_ME,41367,59.07%,
2T,AR_SW_VF_yshaarj_yogg_cthun_1971233345625599_Mis_AM_ME,41359,59.04%,
2T,AR_SW_VF_yshaarj_yogg_cthun_1971250458910191_Mis_AM_DR_DS,41358,59.04%,
2T,VW_DH_VW_VF_yshaarj_nzoth_yogg_4049515482243053_Mis_AM_DR,41350,59.01%,
2T,VW_DH_VW_VF_yshaarj_nzoth_yogg_3977513643859949_Mis_IV_ME_DS,41349,59.00%,
2T,AR_SW_VF_yshaarj_yogg_cthun_2043259880594927_Mis_AM_ME_DS,41348,59.00%,
2T,AR_SW_VF_yshaarj_yogg_cthun_1971233279041023_IN_AM_DR,41347,58.99%,
2T,VW_DH_TV_VF_nzoth_yogg_cthun_3132928659087341_Mis_IV_ME,41334,58.95%,
2T,AR_SW_VF_yshaarj_yogg_cthun_1971250525494767_IN_AM_ME_DS,41333,58.94%,
2T,AR_SP_VF_yshaarj_yogg_cthun_1971250525494767_IN_AM_ME_DS,41331,58.94%,
2T,AR_SW_VF_yshaarj_yogg_cthun_1971250525494767_Mis_AM_ME_DS,41331,58.93%,
2T,VW_DH_VW_VF_yshaarj_nzoth_yogg_3977513643859949_Mis_IV_DR_DS,41331,58.93%,
2T,AR_EC_VF_yshaarj_yogg_cthun_1971233278524927_Mis_AM_ME,41325,58.91%,
2T,VW_DH_VW_VF_yshaarj_nzoth_cthun_3768322899632109_Mis_IV_DR_DS,41318,58.89%,
2T,VW_DH_VW_VF_yshaarj_nzoth_yogg_3979697567621101_Mis_AM_ME,41318,58.88%,
2T,VW_DH_TV_VF_nzoth_yogg_cthun_3132935101538285_Mis_IV_ME,41311,58.86%,
2T,VW_DH_TV_VF_nzoth_yogg_cthun_3132797662593005_Mis_IV_DR,41311,58.86%,
2T,VW_DH_VW_VF_yshaarj_nzoth_yogg_4049531588370413_Mis_IV_DR_DS,41307,58.84%,
2T,AR_SW_VF_yshaarj_yogg_cthun_2043259880078831_Mis_AM_ME_DS,41304,58.83%,
2T,AR_SW_VF_yshaarj_yogg_cthun_1971234352266735_Mis_AM_ME,41304,58.83%,
2T,VW_DH_TV_VF_yshaarj_nzoth_cthun_3696298445561837_Mis_IV_ME,41300,58.81%,
2T,VW_DH_VW_VF_yshaarj_nzoth_yogg_3977498544889837_Mis_IV_ME,41299,58.81%,
2T,VW_DH_TV_VF_nzoth_yogg_cthun_3150252409675757_Mis_IV_ME,41295,58.80%,
2T,VW_DH_TV_VF_yshaarj_nzoth_yogg_4049516555984877_Mis_IV_ME,41295,58.80%,
2T,AR_SW_VF_yshaarj_yogg_cthun_1971234352258559_Mis_AM_ME,41295,58.79%,
2T,VW_DH_TV_VF_yshaarj_nzoth_yogg_3977772348530669_Mis_IV_DR,41282,58.74%,
2T,AR_SP_VF_yshaarj_yogg_cthun_1971250458394095_IN_AM_DR_DS,41280,58.74%,
2T,AR_SP_VF_yshaarj_yogg_cthun_1971250525494767_Mis_AM_ME_DS,41278,58.73%,
2T,VW_DH_TV_VF_yshaarj_nzoth_yogg_3977497470631917_Mis_IV_DR,41275,58.72%,
2T,AR_SP_VF_yshaarj_yogg_cthun_1971250458394095_Mis_AM_DR_DS,41274,58.71%,
2T,VW_DH_VW_VF_yshaarj_nzoth_yogg_3977498611474413_Mis_IV_DR,41265,58.68%,
2T,AR_SW_VF_yshaarj_yogg_cthun_1971250458385919_Mis_AM_DR_DS,41263,58.67%,
2T,VW_DH_TV_VF_nzoth_yogg_cthun_3150252409675757_Mis_IV_DR,41263,58.67%,
2T,VW_DH_TV_VF_yshaarj_nzoth_yogg_3977634909577197_Mis_IV_DR,41258,58.65%,
2T,AR_SW_VF_yshaarj_yogg_cthun_1971233345625599_IN_AM_ME,41258,58.65%,
2T,VW_DH_VW_VF_nzoth_yogg_cthun_3134996685840365_Mis_IV_DR,41231,58.55%,
2T,VW_DH_VW_VF_yshaarj_nzoth_yogg_3977499618107373_Mis_AM_ME,41217,58.49%,
2T,VW_DH_TV_VF_nzoth_yogg_cthun_3132935101538285_Mis_IV_DR,41216,58.49%,
2T,VW_DH_TV_VF_nzoth_yogg_cthun_3150245967224813_Mis_IV_DR,41213,58.48%,
2T,VW_DH_VW_VF_nzoth_yogg_cthun_3132926578712557_Mis_IV_DR,41210,58.47%,
2T,VW_DH_TV_VF_nzoth_yogg_cthun_3132797662593005_Mis_IV_ME,41210,58.47%,
2T,VW_DH_VW_VF_yshaarj_nzoth_yogg_3977773422272493_Mis_AM_ME,41203,58.44%,
2T,AR_SP_VF_yshaarj_yogg_cthun_1971234352782831_Mis_AM_ME,41202,58.44%,
2T,VW_DH_VW_VF_nzoth_yogg_cthun_3132791220142061_Mis_IV_ME,41202,58.44%,
2T,AR_SP_VF_yshaarj_yogg_cthun_2043259880078831_IN_AM_ME_DS,41185,58.37%,
2T,AR_EC_VF_yshaarj_yogg_cthun_1971250458385919_IN_AM_ME_DS,41184,58.37%,
2T,AR_SP_VF_yshaarj_yogg_cthun_1971234352258559_Mis_AM_ME,41180,58.35%,
2T,AR_SW_VF_yshaarj_yogg_cthun_1971234352782831_IN_AM_ME,41180,58.35%,
2T,AR_SW_VF_yshaarj_yogg_cthun_1971250458394095_Mis_AM_DR_DS,41176,58.34%,
2T,AR_SW_VF_yshaarj_yogg_cthun_1971234352258559_IN_AM_ME,41173,58.32%,
2T,VW_DH_VW_VF_yshaarj_nzoth_yogg_3977497537732589_Mis_AM_DR,41172,58.32%,
2T,VW_DH_VW_VF_nzoth_yogg_cthun_3150252409675757_Mis_IV_DR,41171,58.32%,
2T,AR_EC_VF_yshaarj_yogg_cthun_1971250458385919_Mis_AM_ME_DS,41157,58.26%,
2T,AR_SP_VF_yshaarj_yogg_cthun_2043259880594927_Mis_AM_ME_DS,41155,58.26%,
2T,VW_DH_TV_VF_nzoth_yogg_cthun_3205372946210797_Mis_IV_DR_DS,41154,58.25%,
2T,VW_DH_VW_VF_nzoth_yogg_cthun_3150243819749357_Mis_IV_ME,41139,58.19%,
2T,AR_SP_VF_yshaarj_yogg_cthun_1971233279049199_IN_AM_ME,41138,58.19%,
2T,AR_SP_VF_yshaarj_yogg_cthun_1971233279049199_Mis_AM_ME,41128,58.15%,
2T,AR_SW_VF_yshaarj_yogg_cthun_1971233279049199_IN_AM_ME,41124,58.14%,
2T,VW_DH_TV_VF_nzoth_yogg_cthun_3150243819749357_Mis_IV_ME,41123,58.13%,
2T,VW_DH_VW_VF_yshaarj_nzoth_cthun_3768322899632109_Mis_IV_ME_DS,41121,58.13%,
2T,VW_DH_VW_VF_nzoth_yogg_cthun_3132935101538285_Mis_IV_DR,41121,58.12%,
2T,AR_SP_VF_yshaarj_yogg_cthun_2043259880078831_Mis_AM_ME_DS,41121,58.12%,
2T,VW_DH_VW_VF_nzoth_yogg_cthun_3132928659087341_Mis_IV_ME,41116,58.11%,
2T,VW_DH_TV_VF_yshaarj_nzoth_cthun_3696298445561837_Mis_IV_DR,41112,58.09%,
2T,VW_DH_TV_VF_nzoth_yogg_cthun_3150243886850029_Mis_IV_ME,41112,58.09%,
2T,AR_EC_VF_nzoth_yogg_cthun_3132996229390317_IN_IV_ME,41108,58.08%,
2T,VW_DH_VW_VF_yshaarj_nzoth_yogg_4049797876342765_Mis_IV_ME_DS,41104,58.06%,
2T,VW_DH_VW_VF_nzoth_yogg_cthun_3150245967224813_Mis_IV_ME,41102,58.05%,
2T,VW_DH_TV_VF_nzoth_yogg_cthun_3132928659087341_Mis_IV_DR,41098,58.04%,
2T,VW_DH_TV_VF_yshaarj_nzoth_cthun_3696313477947373_Mis_IV_ME_DS,41091,58.01%,
2T,AR_SW_VF_yshaarj_yogg_cthun_1972332790144511_Mis_AM_ME,41086,57.99%,
2T,AR_SP_VF_yshaarj_yogg_cthun_1971250458910191_IN_AM_ME_DS,41085,57.99%,
2T,AR_SP_VF_yshaarj_yogg_cthun_1971250458385919_IN_AM_DR_DS,41079,57.96%,
2T,VW_DH_VW_VF_nzoth_yogg_cthun_3133347418398701_Mis_IV_ME,41078,57.96%,
2T,VW_DH_TV_VF_nzoth_yogg_cthun_3132926578712557_Mis_IV_ME,41073,57.94%,
2T,VW_DH_VW_VF_nzoth_yogg_cthun_3132928659087341_Mis_IV_DR,41065,57.91%,
2T,AR_SP_VF_yshaarj_yogg_cthun_1971233278524927_IN_AM_ME,41065,57.91%,
2T,AR_EC_VF_yshaarj_yogg_cthun_2043259880070655_IN_AM_ME_DS,41065,57.91%,
2T,VW_DH_VW_VF_nzoth_yogg_cthun_3132797662593005_Mis_IV_ME,41064,57.91%,
2T,VW_DH_VW_VF_yshaarj_nzoth_yogg_3977515724234733_Mis_IV_DR_DS,41061,57.90%,
2T,AR_SP_VF_yshaarj_yogg_cthun_1971250458385919_Mis_AM_DR_DS,41060,57.89%,
2T,VW_DH_TV_VF_nzoth_yogg_cthun_3150243820265453_Mis_IV_DR,41058,57.88%,
2T,VW_DH_VW_VF_nzoth_yogg_cthun_3150519771389933_Mis_IV_ME,41058,57.88%,
2T,VW_DH_TV_VF_nzoth_yogg_cthun_3205372946210797_Mis_IV_ME_DS,41056,57.87%,
2T,VW_DH_VW_VF_yshaarj_nzoth_yogg_3979697567621101_Mis_AM_DR,41055,57.87%,
2T,VW_DH_TV_VF_nzoth_yogg_cthun_3132791220142061_Mis_IV_DR,41054,57.87%,
2T,VW_DH_VW_VF_yshaarj_nzoth_yogg_3977514650492909_Mis_AM_ME_DS,41052,57.86%,
2T,VW_DH_VW_VF_nzoth_yogg_cthun_3132791220142061_Mis_IV_DR,41052,57.86%,
2T,VW_DH_VW_VF_yshaarj_nzoth_yogg_3979712600006637_Mis_AM_ME_DS,41050,57.85%,
2T,AR_SP_VF_yshaarj_yogg_cthun_1971234352258559_IN_AM_ME,41050,57.85%,
2T,AR_SW_VF_yshaarj_yogg_cthun_1971233279049199_Mis_AM_ME,41047,57.84%,
2T,VW_DH_TV_VF_nzoth_yogg_cthun_3134997759582189_Mis_IV_ME,41045,57.83%,
2T,VW_DH_VW_VF_nzoth_yogg_cthun_3133347418398701_Mis_IV_DR,41045,57.83%,
2T,VW_DH_TV_VF_nzoth_yogg_cthun_3150518697648109_Mis_AM_DR,41042,57.82%,
2T,VW_DH_TV_VF_yshaarj_nzoth_yogg_3977634909577197_Mis_IV_ME,41042,57.82%,
2T,VW_DH_VW_VF_yshaarj_nzoth_yogg_3977497471148013_Mis_AM_ME,41041,57.82%,
2T,VW_DH_TV_VF_yshaarj_nzoth_yogg_3977497470631917_Mis_IV_ME,41041,57.82%,
2T,VW_DH_TV_VF_nzoth_yogg_cthun_3150518697648109_Mis_AM_ME,41039,57.81%,
2T,VW_DH_VW_VF_nzoth_yogg_cthun_3150252409675757_Mis_IV_ME,41038,57.81%,
2T,AR_EC_VF_nzoth_yogg_cthun_3132996229390317_IN_IV_DR,41034,57.79%,
2T,AR_SW_VF_yshaarj_yogg_cthun_1971250458385919_IN_AM_DR_DS,41031,57.78%,
2T,VW_DH_TV_VF_yshaarj_nzoth_yogg_3977497537732589_Mis_IV_ME,41031,57.78%,
2T,VW_DH_TV_VF_nzoth_yogg_cthun_3132927585353709_Mis_IV_DR,41029,57.77%,
2T,VW_DH_TV_VF_nzoth_yogg_cthun_3150519771389933_Mis_IV_DR,41024,57.75%,
2T,VW_DH_VW_VF_nzoth_yogg_cthun_3132797662593005_Mis_IV_DR,41022,57.75%,
2T,VW_DH_VW_VF_nzoth_yogg_cthun_3150243886850029_Mis_IV_ME,41021,57.74%,
2T,VW_DH_TV_VF_nzoth_yogg_cthun_3150519771389933_Mis_IV_ME,41017,57.73%,
2T,VW_DH_VW_VF_nzoth_yogg_cthun_3132926578712557_Mis_IV_ME,41007,57.69%,
2T,VW_DH_TV_VF_yshaarj_nzoth_yogg_3979697567621101_Mis_IV_ME,41007,57.69%,
2T,VW_DH_VW_VF_yshaarj_nzoth_yogg_3977513577275373_Mis_IV_ME_DS,41001,57.66%,
2T,VW_DH_VW_VF_yshaarj_nzoth_yogg_3977499618107373_Mis_AM_DR,40998,57.65%,
2T,VW_DH_VW_VF_yshaarj_nzoth_yogg_3977788454658029_Mis_AM_ME_DS,40997,57.65%,
2T,VW_DH_VW_VF_yshaarj_nzoth_yogg_4049660437389293_Mis_IV_ME_DS,40995,57.64%,
2T,VW_DH_TV_VF_nzoth_yogg_cthun_3135004202041325_Mis_IV_DR_DS,40979,57.58%,
2T,VW_DH_VW_VF_yshaarj_nzoth_yogg_3977498544889837_Mis_IV_DR,40975,57.56%,
2T,VW_DH_VW_VF_nzoth_yogg_cthun_3132926512127981_Mis_IV_ME,40969,57.54%,
2T,AR_SP_VF_nzoth_yogg_cthun_3132996229390317_IN_IV_DR,40969,57.54%,
2T,AR_EC_VF_nzoth_yogg_cthun_3132996162805741_IN_IV_ME,40961,57.51%,
2T,VW_DH_TV_VF_nzoth_yogg_cthun_3132926512127981_Mis_IV_ME,40952,57.48%,
2T,AR_SP_VF_nzoth_yogg_cthun_3132996229390317_IN_IV_ME,40951,57.47%,
2T,VW_DH_VW_VF_nzoth_yogg_cthun_3205372946210797_Mis_IV_ME_DS,40946,57.45%,
2T,VW_DH_TV_VF_yshaarj_nzoth_cthun_3768322899632109_Mis_IV_ME_DS,40944,57.45%,
2T,VW_DH_VW_VF_nzoth_yogg_cthun_3132927585353709_Mis_IV_DR,40944,57.44%,
2T,VW_DH_TV_VF_nzoth_yogg_cthun_3132926512127981_Mis_IV_DR,40943,57.44%,
2T,VW_DH_VW_VF_nzoth_yogg_cthun_3150244893491181_Mis_IV_ME,40937,57.42%,
2T,AR_EC_VF_nzoth_yogg_cthun_3150313470943213_IN_IV_DR,40929,57.39%,
2T,AR_SW_VF_yshaarj_yogg_cthun_2043259880078831_IN_AM_ME_DS,40927,57.38%,
2T,VW_DH_TV_VF_nzoth_yogg_cthun_3150244893491181_Mis_IV_DR,40926,57.38%,
2T,VW_DH_TV_VF_yshaarj_nzoth_yogg_4049516555984877_Mis_IV_DR,40925,57.37%,
2T,VW_DH_VW_VF_yshaarj_nzoth_yogg_3977773422272493_Mis_AM_DR,40923,57.37%,
2T,AR_SP_VF_yshaarj_yogg_cthun_1971233278524927_Mis_AM_ME,40919,57.35%,
2T,VW_DH_VW_VF_yshaarj_nzoth_yogg_3979712600006637_Mis_AM_DR_DS,40916,57.34%,
2T,VW_DH_VW_VF_yshaarj_nzoth_yogg_4049522998444013_Mis_IV_DR_DS,40914,57.33%,
2T,VW_DH_VW_VF_nzoth_yogg_cthun_3205372946210797_Mis_IV_DR_DS,40904,57.29%,
2T,VW_DH_TV_VF_yshaarj_nzoth_yogg_4049531588370413_Mis_IV_DR_DS,40903,57.29%,
2T,VW_DH_TV_VF_nzoth_yogg_cthun_3132797729693677_Mis_IV_ME,40902,57.28%,
2T,AR_EC_VF_nzoth_yogg_cthun_3132859864178669_IN_IV_ME,40902,57.28%,
2T,VW_DH_VW_VF_yshaarj_nzoth_yogg_3977635983319021_Mis_AM_DR,40899,57.27%,
2T,VW_DH_VW_VF_yshaarj_nzoth_yogg_3977635983319021_Mis_AM_ME,40894,57.25%,
2T,AR_EC_VF_yshaarj_yogg_cthun_2043259880070655_Mis_AM_ME_DS,40889,57.23%,
2T,VW_DH_VW_VF_yshaarj_nzoth_yogg_3977651015704557_Mis_AM_ME_DS,40887,57.23%,
2T,VW_DH_TV_VF_nzoth_yogg_cthun_3132927652454381_Mis_IV_ME,40887,57.23%,
2T,VW_DH_TV_VF_yshaarj_nzoth_cthun_3696313477947373_Mis_IV_DR_DS,40876,57.18%,
2T,VW_DH_TV_VF_yshaarj_nzoth_cthun_3696297371820013_Mis_AM_DR,40873,57.17%,
2T,VW_DH_TV_VF_yshaarj_nzoth_yogg_3977499618107373_Mis_IV_ME,40871,57.17%,
2T,AR_EC_VF_nzoth_yogg_cthun_3132859797594093_IN_IV_DR,40864,57.14%,
2T,VW_DH_TV_VF_nzoth_yogg_cthun_3150245967224813_Mis_IV_ME,40864,57.14%,
2T,AR_SP_VF_yshaarj_yogg_cthun_1971233279041023_Mis_AM_ME,40863,57.13%,
2T,VW_DH_VW_VF_nzoth_yogg_cthun_3150243820265453_Mis_IV_DR,40863,57.13%,
2T,VW_DH_TV_VF_yshaarj_nzoth_yogg_3977497537732589_Mis_IV_DR,40859,57.12%,
2T,VW_DH_TV_VF_nzoth_yogg_cthun_3152458949124077_Mis_IV_ME_DS,40857,57.11%,
2T,VW_DH_TV_VF_nzoth_yogg_cthun_3133347418398701_Mis_IV_ME,40855,57.10%,
2T,VW_DH_TV_VF_nzoth_yogg_cthun_3135005275774957_Mis_IV_DR_DS,40847,57.07%,
2T,VW_DH_VW_VF_nzoth_yogg_cthun_3150244893491181_Mis_IV_DR,40847,57.07%,
2T,AR_EC_VF_nzoth_yogg_cthun_3150313537527789_IN_IV_DR,40842,57.05%,
2T,AR_SP_VF_yshaarj_yogg_cthun_2043259880070655_IN_AM_ME_DS,40841,57.05%,
2T,VW_DH_VW_VF_nzoth_yogg_cthun_3134997759582189_Mis_IV_ME,40840,57.05%,
2T,AR_SW_VF_yshaarj_yogg_cthun_1971233279041023_IN_AM_ME,40834,57.02%,
2T,VW_DH_VW_VF_nzoth_yogg_cthun_3132797729693677_Mis_IV_ME,40828,57.00%,
2T,VW_DH_TV_VF_yshaarj_nzoth_yogg_4049531588370413_Mis_IV_ME_DS,40827,56.99%,
2T,VW_DH_VW_VF_nzoth_yogg_cthun_3150243820265453_Mis_IV_ME,40826,56.99%,
2T,AR_EC_VF_nzoth_yogg_cthun_3132858790961133_IN_IV_ME,40825,56.99%,
2T,VW_DH_TV_VF_nzoth_yogg_cthun_3152458949124077_Mis_IV_DR_DS,40824,56.98%,
2T,AR_EC_VF_nzoth_yogg_cthun_3150313470943213_IN_IV_ME,40823,56.98%,
2T,VW_DH_TV_VF_nzoth_yogg_cthun_3132799810068461_Mis_IV_ME,40823,56.98%,
2T,VW_DH_TV_VF_nzoth_yogg_cthun_3134997759582189_Mis_IV_DR,40821,56.97%,
2T,VW_DH_VW_VF_nzoth_yogg_cthun_3135005275774957_Mis_IV_ME_DS,40818,56.96%,
2T,AR_SW_VF_yshaarj_yogg_cthun_1971233278524927_Mis_AM_ME,40814,56.95%,
2T,VW_DH_TV_VF_yshaarj_nzoth_yogg_3977635983319021_Mis_IV_ME,40812,56.94%,
2T,AR_SP_VF_nzoth_yogg_cthun_3132996162805741_IN_IV_ME,40810,56.93%,
2T,VW_DH_VW_VF_nzoth_yogg_cthun_3150519771389933_Mis_IV_DR,40804,56.91%,
2T,VW_DH_VW_VF_yshaarj_nzoth_yogg_3977514650492909_Mis_AM_DR_DS,40801,56.90%,
2T,VW_DH_VW_VF_nzoth_yogg_cthun_3132791287242733_Mis_IV_ME,40797,56.88%,
2T,AR_SW_VF_yshaarj_yogg_cthun_1971250458910191_IN_AM_ME_DS,40790,56.85%,
2T,VW_DH_TV_VF_nzoth_yogg_cthun_3150243820265453_Mis_IV_ME,40788,56.85%,
2T,AR_SP_VF_yshaarj_yogg_cthun_1971233279041023_IN_AM_ME,40788,56.84%,
2T,VW_DH_VW_VF_nzoth_yogg_cthun_3132797729693677_Mis_IV_DR,40788,56.84%,
2T,VW_DH_TV_VF_yshaarj_nzoth_yogg_3979696493879277_Mis_AM_ME,40786,56.84%,
2T,AR_SW_VF_yshaarj_yogg_cthun_2043259880070655_IN_AM_ME_DS,40783,56.83%,
2T,VW_DH_VW_VF_nzoth_yogg_cthun_3132927585353709_Mis_IV_ME,40780,56.81%,
2T,AR_SW_VF_yshaarj_yogg_cthun_1971250458394095_IN_AM_ME_DS,40774,56.79%,
2T,VW_DH_TV_VF_nzoth_yogg_cthun_3132927585353709_Mis_IV_ME,40772,56.78%,
2T,VW_DH_TV_VF_nzoth_yogg_cthun_3150253483417581_Mis_IV_DR,40770,56.78%,
2T,VW_DH_TV_VF_nzoth_yogg_cthun_3132806252527597_Mis_IV_DR_DS,40770,56.78%,
2T,VW_DH_TV_VF_yshaarj_nzoth_yogg_4049515482243053_Mis_AM_ME,40769,56.77%,
2T,AR_EC_VF_nzoth_yogg_cthun_3132859797594093_IN_IV_ME,40767,56.76%,
2T,VW_DH_VW_VF_nzoth_yogg_cthun_3150245967224813_Mis_IV_DR,40759,56.73%,
2T,VW_DH_VW_VF_nzoth_yogg_cthun_3132926512127981_Mis_IV_DR,40757,56.73%,
2T,VW_DH_VW_VF_nzoth_yogg_cthun_3150244960591853_Mis_IV_DR,40757,56.73%,
2T,VW_DH_TV_VF_nzoth_yogg_cthun_3132791220142061_Mis_IV_ME,40755,56.72%,
2T,VW_DH_VW_VF_nzoth_yogg_cthun_3134997759582189_Mis_IV_DR,40751,56.70%,
2T,VW_DH_VW_VF_yshaarj_nzoth_yogg_4049524072177645_Mis_IV_ME_DS,40750,56.70%,
2T,AR_SP_VF_yshaarj_yogg_cthun_1971250458394095_IN_AM_ME_DS,40746,56.68%,
2T,VW_DH_VW_VF_nzoth_yogg_cthun_3135004202041325_Mis_IV_DR_DS,40746,56.68%,
2T,VW_DH_TV_VF_nzoth_yogg_cthun_3132797663109101_Mis_IV_ME,40745,56.68%,
2T,AR_EC_VF_nzoth_yogg_cthun_3150313537527789_IN_IV_ME,40744,56.68%,
2T,AR_SW_VF_yshaarj_yogg_cthun_1971250458910191_Mis_AM_ME_DS,40741,56.67%,
2T,VW_DH_TV_VF_nzoth_yogg_cthun_3134996685840365_Mis_AM_DR,40739,56.66%,
2T,AR_EC_VF_nzoth_yogg_cthun_3132859058872301_IN_IV_ME,40737,56.65%,
2T,VW_DH_TV_VF_yshaarj_nzoth_yogg_3977788454658029_Mis_IV_ME_DS,40733,56.63%,
2T,VW_DH_TV_VF_nzoth_yogg_cthun_3150253483417581_Mis_IV_ME,40729,56.62%,
2T,AR_SW_VF_yshaarj_yogg_cthun_1971233279041023_Mis_AM_ME,40728,56.62%,
2T,VW_DH_VW_VF_nzoth_yogg_cthun_3133348492140525_Mis_IV_ME,40727,56.61%,
2T,VW_DH_VW_VF_nzoth_yogg_cthun_3152458949124077_Mis_IV_DR_DS,40727,56.61%,
2T,VW_DH_TV_VF_nzoth_yogg_cthun_3134996685840365_Mis_AM_ME,40727,56.61%,
2T,VW_DH_VW_VF_nzoth_yogg_cthun_3150518697648109_Mis_AM_DR,40725,56.60%,
2T,VW_DH_VW_VF_yshaarj_nzoth_yogg_4049524072177645_Mis_IV_DR_DS,40725,56.60%,
2T,VW_DH_VW_VF_yshaarj_nzoth_yogg_3977497471148013_Mis_AM_DR,40724,56.60%,
2T,VW_DH_TV_VF_yshaarj_nzoth_cthun_3768322899632109_Mis_IV_DR_DS,40723,56.60%,
2T,VW_DH_TV_VF_nzoth_yogg_cthun_3132936175280109_Mis_IV_ME,40722,56.59%,
2T,VW_DH_TV_VF_nzoth_yogg_cthun_3150243886850029_Mis_AM_DR,40722,56.59%,
2T,VW_DH_TV_VF_nzoth_yogg_cthun_3133347418398701_Mis_IV_DR,40720,56.58%,
2T,VW_DH_TV_VF_yshaarj_nzoth_yogg_3979712600006637_Mis_IV_ME_DS,40709,56.54%,
2T,AR_EC_VF_nzoth_yogg_cthun_3132996162805741_IN_IV_DR,40706,56.53%,
2T,VW_DH_VW_VF_nzoth_yogg_cthun_3132936175280109_Mis_IV_ME,40704,56.52%,
2T,VW_DH_VW_VF_yshaarj_nzoth_yogg_4049797876342765_Mis_IV_DR_DS,40703,56.52%,
2T,VW_DH_VW_VF_yshaarj_nzoth_yogg_3977513577275373_Mis_IV_DR_DS,40702,56.51%,
2T,AR_SW_VF_yshaarj_yogg_cthun_1971233278524927_IN_AM_ME,40699,56.50%,
2T,VW_DH_VW_VF_yshaarj_nzoth_yogg_3977498544373741_Mis_AM_DR,40692,56.48%,
2T,VW_DH_TV_VF_nzoth_yogg_cthun_3132942617739245_Mis_IV_DR_DS,40690,56.47%,
2T,VW_DH_TV_VF_yshaarj_nzoth_cthun_3696297371820013_Mis_AM_ME,40689,56.47%,
2T,VW_DH_TV_VF_nzoth_yogg_cthun_3132797729693677_Mis_IV_DR,40687,56.46%,
2T,VW_DH_VW_VF_yshaarj_nzoth_yogg_3977788454658029_Mis_AM_DR_DS,40685,56.45%,
2T,VW_DH_VW_VF_yshaarj_nzoth_yogg_3977651015704557_Mis_AM_DR_DS,40683,56.44%,
2T,VW_DH_VW_VF_nzoth_yogg_cthun_3150244960591853_Mis_IV_ME,40682,56.44%,
2T,VW_DH_TV_VF_nzoth_yogg_cthun_3150244960591853_Mis_IV_ME,40679,56.43%,
2T,VW_DH_TV_VF_yshaarj_nzoth_yogg_4049515482243053_Mis_AM_DR,40674,56.41%,
2T,VW_DH_TV_VF_nzoth_yogg_cthun_3132927652454381_Mis_IV_DR,40673,56.40%,
2T,AR_SP_VF_yshaarj_yogg_cthun_1971250458394095_Mis_AM_ME_DS,40671,56.39%,
2T,AR_EC_VF_nzoth_yogg_cthun_3132996162289645_IN_IV_ME,40667,56.38%,
2T,AR_EC_VF_nzoth_yogg_cthun_3132859058872301_IN_IV_DR,40661,56.36%,
2T,VW_DH_TV_VF_yshaarj_nzoth_yogg_3977497471148013_Mis_IV_DR,40661,56.36%,
2T,VW_DH_VW_VF_nzoth_yogg_cthun_3135005275774957_Mis_IV_DR_DS,40658,56.35%,
2T,VW_DH_TV_VF_nzoth_yogg_cthun_3150244893491181_Mis_IV_ME,40655,56.34%,
2T,AR_SP_VF_yshaarj_yogg_cthun_1971250458910191_Mis_AM_ME_DS,40654,56.33%,
2T,VW_DH_VW_VF_nzoth_yogg_cthun_3134996685840365_Mis_AM_DR,40651,56.32%,
2T,VW_DH_TV_VF_yshaarj_nzoth_yogg_3979712600006637_Mis_IV_DR_DS,40650,56.32%,
2T,VW_DH_TV_VF_nzoth_yogg_cthun_3132926578712557_Mis_AM_ME,40650,56.31%,
2T,VW_DH_TV_VF_nzoth_yogg_cthun_3135004202041325_Mis_IV_ME_DS,40650,56.31%,
2T,VW_DH_TV_VF_nzoth_yogg_cthun_3150534803775469_Mis_IV_ME_DS,40647,56.30%,
2T,VW_DH_TV_VF_nzoth_yogg_cthun_3132927585869805_Mis_IV_ME,40644,56.29%,
2T,VW_DH_TV_VF_nzoth_yogg_cthun_3132943691472877_Mis_IV_DR_DS,40639,56.27%,
2T,VW_DH_VW_VF_yshaarj_nzoth_yogg_4049660437389293_Mis_IV_DR_DS,40637,56.27%,
2T,VW_DH_VW_VF_nzoth_yogg_cthun_3132799810068461_Mis_IV_DR,40633,56.25%,
2T,VW_DH_VW_VF_nzoth_yogg_cthun_3132936175280109_Mis_IV_DR,40632,56.25%,
2T,VW_DH_TV_VF_yshaarj_nzoth_yogg_3977773422272493_Mis_IV_ME,40630,56.24%,
2T,VW_DH_VW_VF_nzoth_yogg_cthun_3132799810068461_Mis_IV_ME,40630,56.24%,
2T,VW_DH_VW_VF_nzoth_yogg_cthun_3132797663109101_Mis_IV_ME,40629,56.24%,
2T,VW_DH_TV_VF_nzoth_yogg_cthun_3132797663109101_Mis_IV_DR,40627,56.23%,
2T,VW_DH_TV_VF_nzoth_yogg_cthun_3150259925876717_Mis_IV_DR_DS,40626,56.22%,
2T,VW_DH_VW_VF_nzoth_yogg_cthun_3132806252527597_Mis_IV_ME_DS,40625,56.22%,
2T,AR_SW_VF_nzoth_yogg_cthun_3132859864178669_IN_IV_DR,40625,56.22%,
2T,VW_DH_TV_VF_nzoth_yogg_cthun_3135005275774957_Mis_IV_ME_DS,40625,56.22%,
2T,AR_SW_VF_yshaarj_yogg_cthun_2043259880070655_Mis_AM_ME_DS,40625,56.22%,
2T,VW_DH_TV_VF_nzoth_yogg_cthun_3132936175280109_Mis_IV_DR,40623,56.21%,
2T,VW_DH_TV_VF_yshaarj_nzoth_yogg_3977499618107373_Mis_IV_DR,40623,56.21%,
2T,VW_DH_TV_VF_yshaarj_nzoth_yogg_3977497471148013_Mis_IV_ME,40621,56.20%,
2T,VW_DH_TV_VF_nzoth_yogg_cthun_3150534803775469_Mis_IV_DR_DS,40618,56.19%,
2T,VW_DH_TV_VF_yshaarj_nzoth_yogg_3977772348530669_Mis_AM_DR,40618,56.19%,
2T,AR_SW_VF_nzoth_yogg_cthun_3132859797594093_IN_IV_ME,40618,56.19%,
2T,VW_DH_TV_VF_nzoth_yogg_cthun_3150243819749357_Mis_AM_DR,40615,56.18%,
2T,AR_SW_VF_nzoth_yogg_cthun_3132996229390317_IN_IV_ME,40614,56.18%,
2T,VW_DH_VW_VF_nzoth_yogg_cthun_3132927585869805_Mis_IV_ME,40611,56.16%,
2T,AR_SP_VF_nzoth_yogg_cthun_3150313537527789_IN_IV_ME,40610,56.16%,
2T,VW_DH_VW_VF_nzoth_yogg_cthun_3152458949124077_Mis_IV_ME_DS,40609,56.16%,
2T,VW_DH_VW_VF_nzoth_yogg_cthun_3150253483417581_Mis_IV_ME,40609,56.16%,
2T,VW_DH_VW_VF_yshaarj_nzoth_yogg_4049522998444013_Mis_IV_ME_DS,40607,56.15%,
2T,VW_DH_TV_VF_nzoth_yogg_cthun_3150244960591853_Mis_IV_DR,40606,56.15%,
2T,VW_DH_TV_VF_nzoth_yogg_cthun_3132943691472877_Mis_IV_ME_DS,40596,56.11%,
2T,VW_DH_TV_VF_yshaarj_nzoth_yogg_3979696493879277_Mis_AM_DR,40596,56.11%,
2T,VW_DH_VW_VF_nzoth_yogg_cthun_3150518697648109_Mis_AM_ME,40595,56.10%,
2T,VW_DH_TV_VF_yshaarj_nzoth_yogg_3977498611474413_Mis_IV_ME,40594,56.10%,
2T,VW_DH_TV_VF_yshaarj_nzoth_yogg_3977635983319021_Mis_IV_DR,40593,56.10%,
2T,VW_DH_TV_VF_nzoth_yogg_cthun_3132791287242733_Mis_IV_ME,40593,56.09%,
2T,VW_DH_TV_VF_nzoth_yogg_cthun_3132926578712557_Mis_AM_DR,40590,56.08%,
2T,VW_DH_VW_VF_nzoth_yogg_cthun_3134996685840365_Mis_AM_ME,40586,56.07%,
2T,AR_SW_VF_yshaarj_yogg_cthun_1971250458394095_Mis_AM_ME_DS,40585,56.07%,
2T,AR_SP_VF_nzoth_yogg_cthun_3132859797594093_IN_IV_ME,40584,56.06%,
2T,VW_DH_VW_VF_nzoth_yogg_cthun_3135004202041325_Mis_IV_ME_DS,40581,56.05%,
2T,VW_DH_VW_VF_yshaarj_nzoth_yogg_4049516555984877_Mis_AM_ME,40581,56.05%,
2T,AR_SP_VF_nzoth_yogg_cthun_3150313537527789_IN_IV_DR,40577,56.03%,
2T,VW_DH_VW_VF_nzoth_yogg_cthun_3133347418398701_Mis_AM_ME,40574,56.02%,
2T,AR_SP_VF_yshaarj_yogg_cthun_1971250458385919_IN_AM_ME_DS,40573,56.02%,
2T,VW_DH_VW_VF_yshaarj_nzoth_yogg_3977498611474413_Mis_AM_ME,40572,56.02%,
2T,VW_DH_TV_VF_nzoth_yogg_cthun_3132791287242733_Mis_IV_DR,40570,56.01%,
2T,VW_DH_TV_VF_yshaarj_nzoth_yogg_3977788454658029_Mis_IV_DR_DS,40569,56.00%,
2T,VW_DH_TV_VF_nzoth_yogg_cthun_3132799810068461_Mis_IV_DR,40568,56.00%,
2T,VW_DH_VW_VF_nzoth_yogg_cthun_3132806252527597_Mis_IV_DR_DS,40566,55.99%,
2T,VW_DH_VW_VF_yshaarj_nzoth_yogg_4049516555984877_Mis_AM_DR,40564,55.99%,
2T,AR_SW_VF_nzoth_yogg_cthun_3132996229390317_IN_IV_DR,40564,55.98%,
2T,VW_DH_VW_VF_yshaarj_nzoth_yogg_3977513643859949_Mis_AM_ME_DS,40563,55.98%,
2T,VW_DH_VW_VF_nzoth_yogg_cthun_3132927652454381_Mis_IV_ME,40562,55.98%,
2T,VW_DH_TV_VF_nzoth_yogg_cthun_3135012791967725_Mis_IV_ME_DS,40555,55.95%,
2T,VW_DH_TV_VF_yshaarj_nzoth_yogg_3977773422272493_Mis_IV_DR,40553,55.94%,
2T,VW_DH_TV_VF_yshaarj_nzoth_yogg_3977514650492909_Mis_IV_ME_DS,40546,55.91%,
2T,VW_DH_TV_VF_nzoth_yogg_cthun_3132798736334829_Mis_IV_ME,40542,55.90%,
2T,AR_EC_VF_nzoth_yogg_cthun_3132859864178669_IN_IV_DR,40541,55.90%,
2T,VW_DH_TV_VF_nzoth_yogg_cthun_3132798736334829_Mis_IV_DR,40537,55.88%,
2T,AR_SW_VF_nzoth_yogg_cthun_3132858790961133_IN_IV_ME,40535,55.87%,
2T,VW_DH_VW_VF_nzoth_yogg_cthun_3132798736334829_Mis_IV_DR,40530,55.85%,
2T,VW_DH_TV_VF_nzoth_yogg_cthun_3150252409675757_Mis_AM_DR,40525,55.84%,
2T,VW_DH_VW_VF_nzoth_yogg_cthun_3132927652454381_Mis_IV_DR,40525,55.83%,
2T,VW_DH_VW_VF_nzoth_yogg_cthun_3132926511611885_Mis_AM_DR,40521,55.82%,
2T,AR_SW_VF_yshaarj_yogg_cthun_1971250458385919_IN_AM_ME_DS,40519,55.81%,
2T,VW_DH_VW_VF_yshaarj_nzoth_yogg_4049531588370413_Mis_AM_ME_DS,40515,55.79%,
2T,VW_DH_TV_VF_yshaarj_nzoth_yogg_3979697567621101_Mis_IV_DR,40514,55.79%,
2T,VW_DH_VW_VF_yshaarj_nzoth_yogg_3977513576759277_Mis_AM_DR_DS,40506,55.76%,
2T,VW_DH_TV_VF_nzoth_yogg_cthun_3150259992977389_Mis_IV_DR_DS,40504,55.75%,
2T,AR_SP_VF_yshaarj_yogg_cthun_2043259880070655_Mis_AM_ME_DS,40503,55.75%,
2T,VW_DH_TV_VF_nzoth_yogg_cthun_3150260999610349_Mis_IV_DR_DS,40499,55.73%,
2T,AR_SW_VF_nzoth_yogg_cthun_3132996162805741_IN_IV_ME,40499,55.73%,
2T,VW_DH_TV_VF_yshaarj_nzoth_yogg_3977634909577197_Mis_AM_ME,40496,55.72%,
2T,VW_DH_TV_VF_nzoth_yogg_cthun_3135004269141997_Mis_IV_ME_DS,40496,55.72%,
2T,VW_DH_VW_VF_nzoth_yogg_cthun_3150534803775469_Mis_IV_DR_DS,40495,55.72%,
2T,VW_DH_TV_VF_nzoth_yogg_cthun_3132935101538285_Mis_AM_DR,40492,55.71%,
2T,VW_DH_VW_VF_nzoth_yogg_cthun_3150260999610349_Mis_IV_DR_DS,40484,55.68%,
2T,VW_DH_TV_VF_nzoth_yogg_cthun_3132926511611885_Mis_AM_DR,40483,55.67%,
2T,VW_DH_TV_VF_yshaarj_nzoth_yogg_3977651015704557_Mis_IV_ME_DS,40482,55.67%,
2T,AR_SP_VF_nzoth_yogg_cthun_3132858790961133_IN_IV_ME,40481,55.66%,
2T,AR_SP_VF_nzoth_yogg_cthun_3132859058872301_IN_IV_DR,40480,55.66%,
2T,AR_SW_VF_yshaarj_yogg_cthun_1971250458385919_Mis_AM_ME_DS,40478,55.65%,
2T,VW_DH_TV_VF_yshaarj_nzoth_yogg_3977513576759277_Mis_IV_DR_DS,40470,55.62%,
2T,VW_DH_TV_VF_yshaarj_nzoth_yogg_3977498544373741_Mis_IV_ME,40470,55.62%,
2T,VW_DH_VW_VF_nzoth_yogg_cthun_3150259925876717_Mis_IV_DR_DS,40467,55.61%,
2T,AR_EC_VF_nzoth_yogg_cthun_3132859797077997_IN_IV_ME,40467,55.61%,
2T,AR_EC_VF_nzoth_yogg_cthun_3132996162289645_IN_IV_DR,40463,55.60%,
2T,VW_DH_VW_VF_nzoth_yogg_cthun_3150243886850029_Mis_AM_DR,40463,55.60%,
2T,VW_DH_TV_VF_nzoth_yogg_cthun_3150260999610349_Mis_IV_ME_DS,40463,55.60%,
2T,VW_DH_VW_VF_nzoth_yogg_cthun_3150252409675757_Mis_AM_DR,40459,55.58%,
2T,AR_SP_VF_nzoth_yogg_cthun_3132996162805741_IN_IV_DR,40458,55.58%,
2T,VW_DH_TV_VF_yshaarj_nzoth_yogg_3977514650492909_Mis_IV_DR_DS,40454,55.56%,
2T,VW_DH_TV_VF_nzoth_yogg_cthun_3132806252527597_Mis_IV_ME_DS,40454,55.56%,
2T,AR_EC_VF_nzoth_yogg_cthun_3150313470427117_IN_IV_ME,40450,55.55%,
2T,VW_DH_VW_VF_yshaarj_nzoth_yogg_3977515724234733_Mis_AM_ME_DS,40448,55.54%,
2T,AR_SP_VF_nzoth_yogg_cthun_3132858790961133_IN_IV_DR,40445,55.53%,
2T,AR_SP_VF_nzoth_yogg_cthun_3150313470943213_IN_IV_DR,40444,55.52%,
2T,VW_DH_TV_VF_yshaarj_nzoth_yogg_3977772348530669_Mis_AM_ME,40443,55.52%,
2T,VW_DH_VW_VF_nzoth_yogg_cthun_3135004269141997_Mis_IV_ME_DS,40443,55.52%,
2T,VW_DH_TV_VF_nzoth_yogg_cthun_3150252409675757_Mis_AM_ME,40441,55.51%,
2T,VW_DH_VW_VF_nzoth_yogg_cthun_3150253483417581_Mis_IV_DR,40434,55.48%,
2T,VW_DH_VW_VF_nzoth_yogg_cthun_3132943691472877_Mis_IV_ME_DS,40434,55.48%,
2T,VW_DH_VW_VF_nzoth_yogg_cthun_3135012791967725_Mis_IV_ME_DS,40432,55.47%,
2T,AR_SP_VF_nzoth_yogg_cthun_3132859864178669_IN_IV_DR,40429,55.47%,
2T,VW_DH_VW_VF_nzoth_yogg_cthun_3132942617739245_Mis_IV_ME_DS,40428,55.46%,
2T,VW_DH_TV_VF_nzoth_yogg_cthun_3132951207665645_Mis_IV_DR_DS,40424,55.44%,
2T,AR_SW_VF_nzoth_yogg_cthun_3150313470943213_IN_IV_DR,40420,55.43%,
2T,VW_DH_TV_VF_nzoth_yogg_cthun_3150259925876717_Mis_IV_ME_DS,40419,55.43%,
2T,VW_DH_TV_VF_nzoth_yogg_cthun_3132791220658157_Mis_IV_DR,40415,55.41%,
2T,VW_DH_VW_VF_nzoth_yogg_cthun_3150260999610349_Mis_IV_ME_DS,40411,55.40%,
2T,AR_SP_VF_nzoth_yogg_cthun_3132859864178669_IN_IV_ME,40408,55.39%,
2T,AR_SP_VF_yshaarj_yogg_cthun_1971250458385919_Mis_AM_ME_DS,40406,55.38%,
2T,VW_DH_VW_VF_nzoth_yogg_cthun_3132928659087341_Mis_AM_ME,40406,55.38%,
2T,VW_DH_TV_VF_nzoth_yogg_cthun_3132935101538285_Mis_AM_ME,40402,55.36%,
2T,VW_DH_VW_VF_yshaarj_nzoth_yogg_3977498544373741_Mis_AM_ME,40402,55.36%,
2T,VW_DH_VW_VF_yshaarj_nzoth_cthun_3768322899632109_Mis_AM_DR_DS,40400,55.35%,
2T,VW_DH_TV_VF_nzoth_yogg_cthun_3132942617739245_Mis_IV_ME_DS,40400,55.35%,
2T,VW_DH_VW_VF_yshaarj_nzoth_yogg_3977498611474413_Mis_AM_DR,40397,55.34%,
2T,VW_DH_VW_VF_yshaarj_nzoth_yogg_3977498544889837_Mis_AM_ME,40396,55.34%,
2T,VW_DH_VW_VF_nzoth_yogg_cthun_3132942617739245_Mis_IV_DR_DS,40395,55.33%,
2T,VW_DH_TV_VF_yshaarj_nzoth_yogg_3977651015704557_Mis_IV_DR_DS,40392,55.32%,
2T,AR_EC_VF_nzoth_yogg_cthun_3132858790961133_IN_IV_DR,40391,55.32%,
2T,VW_DH_TV_VF_nzoth_yogg_cthun_3132791220658157_Mis_IV_ME,40390,55.31%,
2T,VW_DH_TV_VF_yshaarj_nzoth_yogg_4049660437389293_Mis_IV_DR_DS,40388,55.31%,
2T,VW_DH_VW_VF_yshaarj_nzoth_yogg_4049523065544685_Mis_IV_ME_DS,40385,55.29%,
2T,VW_DH_VW_VF_nzoth_yogg_cthun_3132797662593005_Mis_AM_DR,40382,55.28%,
2T,AR_SP_VF_nzoth_yogg_cthun_3132859058872301_IN_IV_ME,40381,55.28%,
2T,VW_DH_VW_VF_nzoth_yogg_cthun_3132797663109101_Mis_IV_DR,40379,55.27%,
2T,AR_SW_VF_nzoth_yogg_cthun_3150313537527789_IN_IV_DR,40377,55.27%,
2T,AR_SW_VF_nzoth_yogg_cthun_3150313470943213_IN_IV_ME,40375,55.26%,
2T,AR_SW_VF_nzoth_yogg_cthun_3132996162805741_IN_IV_DR,40372,55.25%,
2T,VW_DH_TV_VF_yshaarj_nzoth_yogg_4049660437389293_Mis_IV_ME_DS,40371,55.24%,
2T,VW_DH_TV_VF_nzoth_yogg_cthun_3132813768720365_Mis_IV_ME_DS,40368,55.23%,
2T,AR_SW_VF_nzoth_yogg_cthun_3132859797594093_IN_IV_DR,40367,55.23%,
2T,AR_SW_VF_nzoth_yogg_cthun_3132859797077997_IN_IV_DR,40367,55.22%,
2T,AR_EC_VF_yshaarj_nzoth_yogg_3977567188410349_IN_IV_DR,40365,55.22%,
2T,VW_DH_TV_VF_yshaarj_nzoth_yogg_4049524072177645_Mis_IV_ME_DS,40362,55.21%,
2T,VW_DH_VW_VF_yshaarj_nzoth_yogg_3977513643859949_Mis_AM_DR_DS,40358,55.19%,
2T,VW_DH_TV_VF_nzoth_yogg_cthun_3150243886850029_Mis_AM_ME,40357,55.19%,
2T,AR_SP_VF_nzoth_yogg_cthun_3132858723860461_IN_IV_ME,40356,55.19%,
2T,VW_DH_VW_VF_nzoth_yogg_cthun_3132791220658157_Mis_IV_ME,40356,55.18%,
2T,VW_DH_VW_VF_nzoth_yogg_cthun_3132943691472877_Mis_IV_DR_DS,40354,55.17%,
2T,VW_DH_TV_VF_nzoth_yogg_cthun_3135006349516781_Mis_IV_ME_DS,40353,55.17%,
2T,VW_DH_VW_VF_nzoth_yogg_cthun_3133348492140525_Mis_IV_DR,40352,55.17%,
2T,AR_SW_VF_nzoth_yogg_cthun_3132859058872301_IN_IV_DR,40352,55.17%,
2T,AR_SP_VF_nzoth_yogg_cthun_3150313470943213_IN_IV_ME,40350,55.16%,
2T,AR_SW_VF_nzoth_yogg_cthun_3132858790961133_IN_IV_DR,40349,55.16%,
2T,VW_DH_VW_VF_nzoth_yogg_cthun_3132798736334829_Mis_IV_ME,40348,55.15%,
2T,VW_DH_VW_VF_nzoth_yogg_cthun_3135006349516781_Mis_IV_ME_DS,40347,55.15%,
2T,AR_EC_VF_yshaarj_nzoth_yogg_3977567121825773_IN_IV_DR,40346,55.15%,
2T,VW_DH_VW_VF_nzoth_yogg_cthun_3150243819749357_Mis_AM_DR,40344,55.14%,
2T,VW_DH_VW_VF_nzoth_yogg_cthun_3132935101538285_Mis_AM_DR,40344,55.14%,
2T,VW_DH_VW_VF_nzoth_yogg_cthun_3150259992977389_Mis_IV_DR_DS,40343,55.14%,
2T,VW_DH_VW_VF_nzoth_yogg_cthun_3133363524526061_Mis_IV_DR_DS,40342,55.13%,
2T,VW_DH_VW_VF_nzoth_yogg_cthun_3132951207665645_Mis_IV_ME_DS,40338,55.11%,
2T,VW_DH_TV_VF_nzoth_yogg_cthun_3132951207665645_Mis_IV_ME_DS,40336,55.11%,
2T,VW_DH_TV_VF_nzoth_yogg_cthun_3133348492140525_Mis_IV_ME,40336,55.11%,
2T,VW_DH_VW_VF_yshaarj_nzoth_cthun_3768322899632109_Mis_AM_ME_DS,40335,55.10%,
2T,AR_EC_VF_nzoth_yogg_cthun_3132858723860461_IN_IV_ME,40335,55.10%,
2T,AR_SW_VF_nzoth_yogg_cthun_3150313537527789_IN_IV_ME,40333,55.10%,
2T,AR_EC_VF_yshaarj_nzoth_yogg_3977567188410349_IN_IV_ME,40333,55.10%,
2T,VW_DH_TV_VF_yshaarj_nzoth_yogg_3977634909577197_Mis_AM_DR,40330,55.08%,
2T,AR_EC_VF_nzoth_yogg_cthun_3132858790445037_IN_IV_DR,40328,55.08%,
2T,VW_DH_TV_VF_yshaarj_nzoth_cthun_3696298445561837_Mis_AM_ME,40325,55.07%,
2T,VW_DH_VW_VF_yshaarj_nzoth_yogg_3977513576759277_Mis_AM_ME_DS,40324,55.06%,
2T,VW_DH_TV_VF_nzoth_yogg_cthun_3132942684839917_Mis_IV_ME_DS,40320,55.05%,
2T,VW_DH_VW_VF_nzoth_yogg_cthun_3133363524526061_Mis_IV_ME_DS,40311,55.01%,
2T,VW_DH_TV_VF_nzoth_yogg_cthun_3132928659087341_Mis_AM_ME,40308,55.00%,
2T,VW_DH_TV_VF_nzoth_yogg_cthun_3135004269141997_Mis_IV_DR_DS,40306,54.99%,
2T,VW_DH_TV_VF_nzoth_yogg_cthun_3132814842453997_Mis_IV_ME_DS,40304,54.98%,
2T,VW_DH_TV_VF_nzoth_yogg_cthun_3150243819749357_Mis_AM_ME,40303,54.98%,
2T,VW_DH_VW_VF_nzoth_yogg_cthun_3132814842453997_Mis_IV_ME_DS,40303,54.98%,
2T,VW_DH_VW_VF_nzoth_yogg_cthun_3150243886850029_Mis_AM_ME,40303,54.98%,
2T,VW_DH_VW_VF_nzoth_yogg_cthun_3150252409675757_Mis_AM_ME,40302,54.98%,
2T,AR_EC_VF_nzoth_yogg_cthun_3132867380371437_IN_IV_DR,40302,54.98%,
2T,VW_DH_VW_VF_nzoth_yogg_cthun_3132791287242733_Mis_IV_DR,40295,54.95%,
2T,AR_EC_VF_yshaarj_nzoth_yogg_4014400827940845_IN_IV_DR,40294,54.95%,
2T,VW_DH_VW_VF_nzoth_yogg_cthun_3132926578712557_Mis_AM_DR,40294,54.94%,
2T,VW_DH_TV_VF_nzoth_yogg_cthun_3132806319628269_Mis_IV_DR_DS,40292,54.94%,
2T,AR_EC_VF_nzoth_yogg_cthun_3132867380371437_IN_IV_ME,40292,54.94%,
2T,VW_DH_VW_VF_nzoth_yogg_cthun_3132951207665645_Mis_IV_DR_DS,40291,54.94%,
2T,VW_DH_VW_VF_nzoth_yogg_cthun_3150244894007277_Mis_IV_ME,40287,54.92%,
2T,VW_DH_TV_VF_nzoth_yogg_cthun_3132926511611885_Mis_AM_ME,40286,54.92%,
2T,VW_DH_TV_VF_yshaarj_nzoth_yogg_4049797876342765_Mis_IV_DR_DS,40286,54.91%,
2T,VW_DH_TV_VF_nzoth_yogg_cthun_3132797662593005_Mis_AM_DR,40285,54.91%,
2T,VW_DH_VW_VF_nzoth_yogg_cthun_3132935101538285_Mis_AM_ME,40281,54.90%,
2T,AR_SP_VF_nzoth_yogg_cthun_3132859797594093_IN_IV_DR,40280,54.89%,
2T,VW_DH_VW_VF_nzoth_yogg_cthun_3150259992977389_Mis_IV_ME_DS,40275,54.87%,
2T,VW_DH_VW_VF_yshaarj_nzoth_yogg_4049523065544685_Mis_IV_DR_DS,40271,54.86%,
2T,VW_DH_VW_VF_nzoth_yogg_cthun_3133347418398701_Mis_AM_DR,40269,54.85%,
2T,VW_DH_VW_VF_nzoth_yogg_cthun_3135004202557421_Mis_IV_ME_DS,40269,54.85%,
2T,VW_DH_VW_VF_nzoth_yogg_cthun_3132926578712557_Mis_AM_ME,40266,54.84%,
2T,VW_DH_VW_VF_nzoth_yogg_cthun_3132927585869805_Mis_IV_DR,40261,54.82%,
2T,VW_DH_VW_VF_nzoth_yogg_cthun_3135012791967725_Mis_IV_DR_DS,40260,54.82%,
2T,AR_SW_VF_nzoth_yogg_cthun_3132859058872301_IN_IV_ME,40260,54.81%,
2T,VW_DH_TV_VF_yshaarj_nzoth_yogg_3977497537732589_Mis_AM_ME,40258,54.81%,
2T,AR_EC_VF_yshaarj_nzoth_yogg_3977567121825773_IN_IV_ME,40257,54.80%,
2T,VW_DH_TV_VF_nzoth_yogg_cthun_3150244894007277_Mis_IV_ME,40257,54.80%,
2T,AR_SW_VF_nzoth_yogg_cthun_3132859864178669_IN_IV_ME,40257,54.80%,
2T,VW_DH_VW_VF_yshaarj_nzoth_yogg_4049531588370413_Mis_AM_DR_DS,40257,54.80%,
2T,AR_EC_VF_nzoth_yogg_cthun_3132859797077997_IN_IV_DR,40251,54.78%,
2T,AR_SP_VF_nzoth_yogg_cthun_3132858790445037_IN_IV_ME,40242,54.75%,
2T,VW_DH_VW_VF_nzoth_yogg_cthun_3150534803775469_Mis_IV_ME_DS,40242,54.74%,
2T,VW_DH_VW_VF_nzoth_yogg_cthun_3135004269141997_Mis_IV_DR_DS,40239,54.73%,
2T,VW_DH_TV_VF_nzoth_yogg_cthun_3132806319628269_Mis_IV_ME_DS,40239,54.73%,
2T,VW_DH_TV_VF_nzoth_yogg_cthun_3132808400003053_Mis_IV_ME_DS,40232,54.71%,
2T,VW_DH_TV_VF_nzoth_yogg_cthun_3132928659087341_Mis_AM_DR,40230,54.70%,
2T,VW_DH_TV_VF_yshaarj_nzoth_yogg_3977498544373741_Mis_IV_DR,40229,54.70%,
2T,VW_DH_TV_VF_yshaarj_nzoth_yogg_3977497470631917_Mis_AM_ME,40226,54.68%,
2T,VW_DH_TV_VF_yshaarj_nzoth_yogg_3977497470631917_Mis_AM_DR,40226,54.68%,
2T,VW_DH_TV_VF_yshaarj_nzoth_yogg_4049524072177645_Mis_IV_DR_DS,40226,54.68%,
2T,VW_DH_TV_VF_nzoth_yogg_cthun_3135012791967725_Mis_IV_DR_DS,40225,54.68%,
2T,VW_DH_VW_VF_nzoth_yogg_cthun_3132798803435501_Mis_IV_ME,40224,54.68%,
2T,VW_DH_VW_VF_yshaarj_nzoth_yogg_3977513577275373_Mis_AM_ME_DS,40223,54.67%,
2T,VW_DH_TV_VF_nzoth_yogg_cthun_3132942684839917_Mis_IV_DR_DS,40220,54.66%,
2T,VW_DH_TV_VF_nzoth_yogg_cthun_3132926512127981_Mis_AM_ME,40218,54.65%,
2T,AR_EC_VF_nzoth_yogg_cthun_3132858723860461_IN_IV_DR,40217,54.65%,
2T,VW_DH_VW_VF_nzoth_yogg_cthun_3132942684839917_Mis_IV_DR_DS,40214,54.64%,
2T,AR_SW_VF_nzoth_yogg_cthun_3132867313786861_IN_IV_ME,40213,54.63%,
2T,AR_EC_VF_nzoth_yogg_cthun_3132858790445037_IN_IV_ME,40212,54.63%,
2T,VW_DH_VW_VF_nzoth_yogg_cthun_3132926511611885_Mis_AM_ME,40210,54.62%,
2T,VW_DH_TV_VF_nzoth_yogg_cthun_3132926512127981_Mis_AM_DR,40210,54.62%,
2T,VW_DH_VW_VF_yshaarj_nzoth_yogg_4049524072177645_Mis_AM_ME_DS,40207,54.61%,
2T,VW_DH_TV_VF_yshaarj_nzoth_yogg_3977513576759277_Mis_IV_ME_DS,40206,54.61%,
2T,VW_DH_TV_VF_nzoth_yogg_cthun_3132791220142061_Mis_AM_DR,40206,54.61%,
2T,AR_SP_VF_nzoth_yogg_cthun_3132859797077997_IN_IV_ME,40204,54.60%,
2T,VW_DH_TV_VF_nzoth_yogg_cthun_3133348492140525_Mis_IV_DR,40204,54.60%,
2T,AR_EC_VF_nzoth_yogg_cthun_3132867313786861_IN_IV_ME,40202,54.59%,
2T,VW_DH_TV_VF_nzoth_yogg_cthun_3132798736850925_Mis_IV_ME,40199,54.58%,
2T,AR_SP_VF_yshaarj_nzoth_yogg_3977567188410349_IN_IV_ME,40197,54.57%,
2T,VW_DH_TV_VF_nzoth_yogg_cthun_3132808400003053_Mis_IV_DR_DS,40194,54.56%,
2T,VW_DH_TV_VF_nzoth_yogg_cthun_3150259992977389_Mis_IV_ME_DS,40192,54.55%,
2T,AR_EC_VF_nzoth_yogg_cthun_3132867313786861_IN_IV_DR,40192,54.55%,
2T,VW_DH_TV_VF_nzoth_yogg_cthun_3132814842453997_Mis_IV_DR_DS,40187,54.53%,
2T,VW_DH_VW_VF_yshaarj_nzoth_yogg_4049797876342765_Mis_AM_DR_DS,40187,54.53%,
2T,AR_EC_VF_yshaarj_nzoth_yogg_4014400761356269_IN_IV_DR,40184,54.52%,
2T,VW_DH_VW_VF_nzoth_yogg_cthun_3135006349516781_Mis_IV_DR_DS,40179,54.50%,
2T,VW_DH_VW_VF_yshaarj_nzoth_yogg_4049525145919469_Mis_IV_ME_DS,40177,54.50%,
2T,VW_DH_VW_VF_nzoth_yogg_cthun_3132798803435501_Mis_IV_DR,40175,54.49%,
2T,AR_EC_VF_nzoth_yogg_cthun_3150313470427117_IN_IV_DR,40175,54.49%,
2T,AR_SP_VF_nzoth_yogg_cthun_3132867313786861_IN_IV_ME,40174,54.48%,
2T,AR_SW_VF_nzoth_yogg_cthun_3132867313786861_IN_IV_DR,40170,54.47%,
2T,VW_DH_VW_VF_nzoth_yogg_cthun_3132942684839917_Mis_IV_ME_DS,40169,54.46%,
2T,VW_DH_TV_VF_nzoth_yogg_cthun_3132798803435501_Mis_IV_ME,40168,54.46%,
2T,VW_DH_TV_VF_yshaarj_nzoth_cthun_3696298445561837_Mis_AM_DR,40167,54.46%,
2T,VW_DH_VW_VF_nzoth_yogg_cthun_3150244894007277_Mis_IV_DR,40164,54.45%,
2T,VW_DH_VW_VF_nzoth_yogg_cthun_3132791220658157_Mis_IV_DR,40163,54.44%,
2T,VW_DH_VW_VF_nzoth_yogg_cthun_3132798736850925_Mis_IV_ME,40161,54.44%,
2T,VW_DH_TV_VF_yshaarj_nzoth_yogg_3977513643859949_Mis_IV_ME_DS,40160,54.43%,
2T,VW_DH_TV_VF_yshaarj_nzoth_cthun_3696313477947373_Mis_AM_ME_DS,40153,54.40%,
2T,VW_DH_VW_VF_nzoth_yogg_cthun_3150268515803117_Mis_IV_DR_DS,40152,54.40%,
2T,VW_DH_VW_VF_yshaarj_nzoth_yogg_4049525145919469_Mis_IV_DR_DS,40144,54.37%,
2T,VW_DH_TV_VF_nzoth_yogg_cthun_3150268515803117_Mis_IV_DR_DS,40144,54.37%,
2T,VW_DH_VW_VF_nzoth_yogg_cthun_3132814842453997_Mis_IV_DR_DS,40143,54.36%,
2T,VW_DH_VW_VF_nzoth_yogg_cthun_3150519771389933_Mis_AM_ME,40140,54.36%,
2T,AR_SP_VF_nzoth_yogg_cthun_3132996162289645_IN_IV_DR,40140,54.35%,
2T,VW_DH_TV_VF_nzoth_yogg_cthun_3135005275774957_Mis_AM_DR_DS,40137,54.34%,
2T,VW_DH_VW_VF_nzoth_yogg_cthun_3132813768720365_Mis_IV_ME_DS,40137,54.34%,
2T,VW_DH_VW_VF_yshaarj_nzoth_yogg_3977515724234733_Mis_AM_DR_DS,40133,54.33%,
2T,VW_DH_TV_VF_nzoth_yogg_cthun_3150245967224813_Mis_AM_DR,40133,54.33%,
2T,VW_DH_TV_VF_nzoth_yogg_cthun_3150519771389933_Mis_AM_DR,40131,54.32%,
2T,AR_SP_VF_nzoth_yogg_cthun_3132996162289645_IN_IV_ME,40127,54.30%,
2T,AR_EC_VF_nzoth_yogg_cthun_3132867313270765_IN_IV_DR,40127,54.30%,
2T,VW_DH_TV_VF_nzoth_yogg_cthun_3132927585869805_Mis_IV_DR,40126,54.30%,
2T,VW_DH_TV_VF_yshaarj_nzoth_yogg_4049522998444013_Mis_IV_DR_DS,40126,54.30%,
2T,VW_DH_VW_VF_yshaarj_nzoth_yogg_3977498544889837_Mis_AM_DR,40124,54.29%,
2T,VW_DH_TV_VF_nzoth_yogg_cthun_3150519771389933_Mis_AM_ME,40123,54.29%,
2T,AR_EC_VF_nzoth_yogg_cthun_3132996229390317_IN_AM_DR,40123,54.29%,
2T,VW_DH_TV_VF_yshaarj_nzoth_yogg_3977498544889837_Mis_IV_ME,40121,54.28%,
2T,VW_DH_TV_VF_nzoth_yogg_cthun_3150245967224813_Mis_AM_ME,40119,54.27%,
2T,AR_SP_VF_yshaarj_nzoth_yogg_3977567121825773_IN_IV_DR,40118,54.27%,
2T,AR_EC_VF_nzoth_yogg_cthun_3132859864178669_IN_AM_DR,40118,54.27%,
2T,AR_SW_VF_nzoth_yogg_cthun_3132867380371437_IN_IV_ME,40117,54.27%,
2T,VW_DH_TV_VF_nzoth_yogg_cthun_3135006349516781_Mis_IV_DR_DS,40116,54.26%,
2T,VW_DH_TV_VF_nzoth_yogg_cthun_3132813768720365_Mis_IV_DR_DS,40116,54.26%,
2T,AR_SP_VF_nzoth_yogg_cthun_3150313470427117_IN_IV_ME,40116,54.26%,
2T,VW_DH_VW_VF_yshaarj_nzoth_yogg_4049522998960109_Mis_IV_ME_DS,40113,54.25%,
2T,VW_DH_TV_VF_nzoth_yogg_cthun_3133347418398701_Mis_AM_ME,40110,54.24%,
2T,VW_DH_VW_VF_nzoth_yogg_cthun_3150243819749357_Mis_AM_ME,40110,54.24%,
2T,VW_DH_VW_VF_nzoth_yogg_cthun_3150259925876717_Mis_IV_ME_DS,40109,54.23%,
2T,AR_SW_VF_nzoth_yogg_cthun_3132867380371437_IN_IV_DR,40106,54.22%,
2T,VW_DH_VW_VF_yshaarj_nzoth_yogg_4049660437389293_Mis_AM_DR_DS,40106,54.22%,
2T,VW_DH_TV_VF_nzoth_yogg_cthun_3132797729693677_Mis_AM_ME,40103,54.21%,
2T,AR_SP_VF_nzoth_yogg_cthun_3132867380371437_IN_IV_ME,40102,54.21%,
2T,AR_SP_VF_nzoth_yogg_cthun_3132867313786861_IN_IV_DR,40102,54.21%,
2T,AR_SW_VF_nzoth_yogg_cthun_3132996162289645_IN_IV_ME,40099,54.20%,
2T,VW_DH_VW_VF_nzoth_yogg_cthun_3150245967224813_Mis_AM_DR,40098,54.19%,
2T,VW_DH_TV_VF_nzoth_yogg_cthun_3132797729693677_Mis_AM_DR,40092,54.17%,
2T,AR_EC_VF_nzoth_yogg_cthun_3132859797594093_IN_AM_DR,40092,54.17%,
2T,VW_DH_TV_VF_yshaarj_nzoth_yogg_3979697567621101_Mis_AM_ME,40089,54.16%,
2T,VW_DH_TV_VF_nzoth_yogg_cthun_3150243820265453_Mis_AM_DR,40088,54.16%,
2T,VW_DH_VW_VF_nzoth_yogg_cthun_3132926512127981_Mis_AM_ME,40088,54.15%,
2T,VW_DH_TV_VF_nzoth_yogg_cthun_3135005275774957_Mis_AM_ME_DS,40083,54.13%,
2T,VW_DH_TV_VF_nzoth_yogg_cthun_3150244894007277_Mis_IV_DR,40083,54.13%,
2T,VW_DH_TV_VF_nzoth_yogg_cthun_3132798803435501_Mis_IV_DR,40083,54.13%,
2T,AR_SP_VF_nzoth_yogg_cthun_3132858790445037_IN_IV_DR,40082,54.13%,
2T,AR_SP_VF_nzoth_yogg_cthun_3150313470427117_IN_IV_DR,40079,54.12%,
2T,VW_DH_TV_VF_nzoth_yogg_cthun_3132944765214701_Mis_IV_DR_DS,40078,54.11%,
2T,AR_SP_VF_nzoth_yogg_cthun_3132867380371437_IN_IV_DR,40076,54.11%,
2T,VW_DH_VW_VF_nzoth_yogg_cthun_3132806319628269_Mis_IV_ME_DS,40076,54.11%,
2T,AR_SW_VF_nzoth_yogg_cthun_3132996162289645_IN_IV_DR,40075,54.10%,
2T,VW_DH_VW_VF_nzoth_yogg_cthun_3132806319628269_Mis_IV_DR_DS,40073,54.10%,
2T,VW_DH_VW_VF_yshaarj_nzoth_yogg_4049797876342765_Mis_AM_ME_DS,40072,54.09%,
2T,VW_DH_TV_VF_yshaarj_nzoth_yogg_3977498611474413_Mis_IV_DR,40071,54.09%,
2T,AR_SW_VF_nzoth_yogg_cthun_3132859797077997_IN_IV_ME,40064,54.06%,
2T,VW_DH_TV_VF_nzoth_yogg_cthun_3152458949124077_Mis_AM_DR_DS,40064,54.06%,
2T,VW_DH_TV_VF_yshaarj_nzoth_yogg_4049797876342765_Mis_IV_ME_DS,40062,54.05%,
2T,VW_DH_TV_VF_nzoth_yogg_cthun_3150268515803117_Mis_IV_ME_DS,40062,54.05%,
2T,VW_DH_VW_VF_nzoth_yogg_cthun_3132813768720365_Mis_IV_DR_DS,40060,54.05%,
2T,VW_DH_TV_VF_yshaarj_nzoth_yogg_3977515724234733_Mis_IV_ME_DS,40054,54.02%,
2T,VW_DH_TV_VF_nzoth_yogg_cthun_3132806253043693_Mis_IV_DR_DS,40053,54.02%,
2T,VW_DH_TV_VF_nzoth_yogg_cthun_3132807326269421_Mis_IV_DR_DS,40051,54.01%,
2T,AR_EC_VF_nzoth_yogg_cthun_3132996229390317_IN_AM_ME,40050,54.01%,
2T,VW_DH_TV_VF_nzoth_yogg_cthun_3133347418398701_Mis_AM_DR,40045,53.99%,
2T,VW_DH_VW_VF_nzoth_yogg_cthun_3132807326269421_Mis_IV_DR_DS,40044,53.99%,
2T,VW_DH_VW_VF_nzoth_yogg_cthun_3132808400003053_Mis_IV_ME_DS,40043,53.98%,
2T,VW_DH_VW_VF_nzoth_yogg_cthun_3132928659087341_Mis_AM_DR,40041,53.97%,
2T,VW_DH_VW_VF_nzoth_yogg_cthun_3150243820265453_Mis_AM_DR,40033,53.94%,
2T,VW_DH_TV_VF_nzoth_yogg_cthun_3135004202557421_Mis_IV_DR_DS,40032,53.94%,
2T,VW_DH_VW_VF_nzoth_yogg_cthun_3135005275774957_Mis_AM_ME_DS,40029,53.93%,
2T,AR_EC_VF_nzoth_yogg_cthun_3132859864178669_IN_AM_ME,40024,53.91%,
2T,VW_DH_TV_VF_nzoth_yogg_cthun_3132927585353709_Mis_AM_DR,40023,53.90%,
2T,VW_DH_TV_VF_yshaarj_nzoth_cthun_3696313477947373_Mis_AM_DR_DS,40023,53.90%,
2T,VW_DH_VW_VF_nzoth_yogg_cthun_3150268515803117_Mis_IV_ME_DS,40022,53.90%,
2T,VW_DH_VW_VF_nzoth_yogg_cthun_3132797662593005_Mis_AM_ME,40021,53.90%,
2T,AR_EC_VF_nzoth_yogg_cthun_3132875970306029_IN_IV_ME_DS,40020,53.89%,
2T,VW_DH_TV_VF_yshaarj_nzoth_yogg_4049516555984877_Mis_AM_DR,40020,53.89%,
2T,VW_DH_TV_VF_yshaarj_nzoth_yogg_4049516555984877_Mis_AM_ME,40020,53.89%,
2T,VW_DH_VW_VF_nzoth_yogg_cthun_3132797729693677_Mis_AM_ME,40016,53.88%,
2T,VW_DH_TV_VF_nzoth_yogg_cthun_3132944765214701_Mis_IV_ME_DS,40014,53.87%,
2T,VW_DH_VW_VF_yshaarj_nzoth_yogg_4049524072177645_Mis_AM_DR_DS,40012,53.86%,
2T,VW_DH_TV_VF_nzoth_yogg_cthun_3150243820265453_Mis_AM_ME,40009,53.85%,
2T,VW_DH_TV_VF_nzoth_yogg_cthun_3132942618255341_Mis_IV_ME_DS,40009,53.85%,
2T,VW_DH_TV_VF_nzoth_yogg_cthun_3150262073352173_Mis_IV_ME_DS,40008,53.84%,
2T,VW_DH_VW_VF_nzoth_yogg_cthun_3132806253043693_Mis_IV_ME_DS,40006,53.84%,
2T,AR_SP_VF_yshaarj_nzoth_yogg_3977567188410349_IN_IV_DR,40005,53.83%,
2T,VW_DH_TV_VF_nzoth_yogg_cthun_3132791220142061_Mis_AM_ME,40005,53.83%,
2T,VW_DH_TV_VF_nzoth_yogg_cthun_3205372946210797_Mis_AM_DR_DS,40005,53.83%,
2T,VW_DH_TV_VF_nzoth_yogg_cthun_3132806253043693_Mis_IV_ME_DS,40004,53.83%,
2T,VW_DH_VW_VF_nzoth_yogg_cthun_3135005275774957_Mis_AM_DR_DS,40000,53.82%,
2T,VW_DH_TV_VF_nzoth_yogg_cthun_3134997759582189_Mis_AM_ME,39999,53.81%,
2T,AR_EC_VF_nzoth_yogg_cthun_3150313537527789_IN_AM_DR,39997,53.81%,
2T,VW_DH_VW_VF_nzoth_yogg_cthun_3132944765214701_Mis_IV_DR_DS,39997,53.80%,
2T,VW_DH_VW_VF_yshaarj_nzoth_yogg_4049522998960109_Mis_IV_DR_DS,39997,53.80%,
2T,VW_DH_TV_VF_nzoth_yogg_cthun_3205372946210797_Mis_AM_ME_DS,39993,53.79%,
2T,AR_EC_VF_nzoth_yogg_cthun_3150313537527789_IN_AM_ME,39992,53.79%,
2T,VW_DH_VW_VF_nzoth_yogg_cthun_3150243820265453_Mis_AM_ME,39990,53.78%,
2T,AR_EC_VF_nzoth_yogg_cthun_3132859797594093_IN_AM_ME,39989,53.77%,
2T,AR_SW_VF_nzoth_yogg_cthun_3132858790445037_IN_IV_ME,39988,53.77%,
2T,AR_SP_VF_nzoth_yogg_cthun_3132859797077997_IN_IV_DR,39985,53.76%,
2T,VW_DH_TV_VF_yshaarj_nzoth_yogg_3977514650492909_Mis_AM_ME_DS,39968,53.69%,
2T,AR_SW_VF_nzoth_yogg_cthun_3132858723860461_IN_IV_DR,39966,53.68%,
2T,VW_DH_TV_VF_nzoth_yogg_cthun_3132936175280109_Mis_AM_DR,39965,53.68%,
2T,VW_DH_VW_VF_nzoth_yogg_cthun_3150519771389933_Mis_AM_DR,39960,53.66%,
2T,VW_DH_TV_VF_yshaarj_nzoth_cthun_3768322899632109_Mis_AM_ME_DS,39958,53.65%,
2T,AR_EC_VF_nzoth_yogg_cthun_3132875903721453_IN_IV_ME_DS,39958,53.65%,
2T,AR_EC_VF_nzoth_yogg_cthun_3132859058872301_IN_AM_DR,39957,53.65%,
2T,AR_EC_VF_nzoth_yogg_cthun_3132859058872301_IN_AM_ME,39955,53.64%,
2T,AR_SP_VF_yshaarj_nzoth_yogg_3977567121825773_IN_IV_ME,39954,53.64%,
2T,VW_DH_VW_VF_nzoth_yogg_cthun_3132944765214701_Mis_IV_ME_DS,39952,53.63%,
2T,VW_DH_VW_VF_nzoth_yogg_cthun_3132942618255341_Mis_IV_ME_DS,39950,53.62%,
2T,VW_DH_VW_VF_nzoth_yogg_cthun_3152458949124077_Mis_AM_DR_DS,39950,53.62%,
2T,VW_DH_TV_VF_nzoth_yogg_cthun_3134997759582189_Mis_AM_DR,39948,53.61%,
2T,AR_SP_VF_nzoth_yogg_cthun_3132858723860461_IN_IV_DR,39947,53.61%,
2T,VW_DH_TV_VF_nzoth_yogg_cthun_3132936175280109_Mis_AM_ME,39946,53.61%,
2T,VW_DH_VW_VF_nzoth_yogg_cthun_3150245967224813_Mis_AM_ME,39945,53.60%,
2T,VW_DH_VW_VF_nzoth_yogg_cthun_3150262073352173_Mis_IV_ME_DS,39943,53.60%,
2T,VW_DH_TV_VF_nzoth_yogg_cthun_3132927652454381_Mis_AM_ME,39943,53.60%,
2T,VW_DH_VW_VF_nzoth_yogg_cthun_3132936175280109_Mis_AM_ME,39939,53.58%,
2T,VW_DH_TV_VF_nzoth_yogg_cthun_3132942618255341_Mis_IV_DR_DS,39935,53.57%,
2T,VW_DH_TV_VF_yshaarj_nzoth_yogg_3977497537732589_Mis_AM_DR,39935,53.57%,
2T,AR_EC_VF_yshaarj_nzoth_yogg_3977567121309677_IN_IV_ME,39934,53.56%,
2T,AR_SW_VF_nzoth_yogg_cthun_3132858723860461_IN_IV_ME,39931,53.55%,
2T,VW_DH_TV_VF_nzoth_yogg_cthun_3135004202557421_Mis_IV_ME_DS,39929,53.54%,
2T,VW_DH_TV_VF_nzoth_yogg_cthun_3132799810068461_Mis_AM_ME,39928,53.54%,
2T,VW_DH_TV_VF_yshaarj_nzoth_yogg_4049523065544685_Mis_IV_DR_DS,39926,53.53%,
2T,VW_DH_VW_VF_yshaarj_nzoth_yogg_3977513577275373_Mis_AM_DR_DS,39925,53.53%,
2T,AR_EC_VF_nzoth_yogg_cthun_3150313470943213_IN_AM_DR,39925,53.53%,
2T,AR_EC_VF_yshaarj_nzoth_yogg_3977567121309677_IN_IV_DR,39925,53.53%,
2T,AR_EC_VF_nzoth_yogg_cthun_3132867313270765_IN_IV_ME,39922,53.52%,
2T,VW_DH_TV_VF_yshaarj_nzoth_yogg_4049522998444013_Mis_IV_ME_DS,39922,53.51%,
2T,VW_DH_TV_VF_nzoth_yogg_cthun_3132799810068461_Mis_AM_DR,39919,53.50%,
2T,VW_DH_VW_VF_nzoth_yogg_cthun_3150259926392813_Mis_IV_DR_DS,39914,53.48%,
2T,VW_DH_VW_VF_nzoth_yogg_cthun_3134997759582189_Mis_AM_ME,39911,53.47%,
2T,AR_EC_VF_nzoth_yogg_cthun_3132996162805741_IN_AM_ME,39910,53.47%,
2T,VW_DH_VW_VF_nzoth_yogg_cthun_3132791220142061_Mis_AM_DR,39910,53.47%,
2T,AR_EC_VF_yshaarj_nzoth_yogg_4014400761356269_IN_IV_ME,39909,53.46%,
2T,VW_DH_TV_VF_nzoth_yogg_cthun_3132791287242733_Mis_AM_ME,39907,53.46%,
2T,VW_DH_VW_VF_nzoth_yogg_cthun_3205372946210797_Mis_AM_DR_DS,39899,53.43%,
2T,VW_DH_VW_VF_nzoth_yogg_cthun_3205372946210797_Mis_AM_ME_DS,39898,53.42%,
2T,VW_DH_VW_VF_nzoth_yogg_cthun_3132926512127981_Mis_AM_DR,39894,53.41%,
2T,VW_DH_TV_VF_nzoth_yogg_cthun_3150244960591853_Mis_AM_DR,39893,53.40%,
2T,AR_EC_VF_nzoth_yogg_cthun_3132875970306029_IN_IV_DR_DS,39888,53.39%,
2T,VW_DH_TV_VF_nzoth_yogg_cthun_3150262073352173_Mis_IV_DR_DS,39887,53.38%,
2T,VW_DH_TV_VF_nzoth_yogg_cthun_3133363524526061_Mis_IV_ME_DS,39883,53.37%,
2T,VW_DH_VW_VF_nzoth_yogg_cthun_3150259926392813_Mis_IV_ME_DS,39883,53.36%,
2T,VW_DH_VW_VF_nzoth_yogg_cthun_3135004202557421_Mis_IV_DR_DS,39879,53.35%,
2T,VW_DH_TV_VF_yshaarj_nzoth_yogg_3979697567621101_Mis_AM_DR,39875,53.33%,
2T,VW_DH_TV_VF_yshaarj_nzoth_yogg_4049523065544685_Mis_IV_ME_DS,39875,53.33%,
2T,VW_DH_VW_VF_nzoth_yogg_cthun_3132797729693677_Mis_AM_DR,39875,53.33%,
2T,AR_SP_VF_nzoth_yogg_cthun_3132875903721453_IN_IV_ME_DS,39872,53.32%,
2T,VW_DH_TV_VF_nzoth_yogg_cthun_3132791287242733_Mis_AM_DR,39869,53.31%,
2T,VW_DH_TV_VF_nzoth_yogg_cthun_3150259926392813_Mis_IV_DR_DS,39868,53.31%,
2T,VW_DH_TV_VF_yshaarj_nzoth_yogg_3977513643859949_Mis_IV_DR_DS,39863,53.29%,
2T,VW_DH_VW_VF_nzoth_yogg_cthun_3132799810068461_Mis_AM_ME,39863,53.29%,
2T,VW_DH_VW_VF_nzoth_yogg_cthun_3132798736850925_Mis_IV_DR,39861,53.28%,
2T,AR_SP_VF_yshaarj_nzoth_yogg_4014400827940845_IN_IV_DR,39851,53.24%,
2T,VW_DH_VW_VF_nzoth_yogg_cthun_3132791287242733_Mis_AM_DR,39849,53.24%,
2T,AR_SW_VF_nzoth_yogg_cthun_3132996229390317_IN_AM_DR,39845,53.22%,
2T,VW_DH_VW_VF_nzoth_yogg_cthun_3132927652454381_Mis_AM_DR,39844,53.21%,
2T,VW_DH_TV_VF_nzoth_yogg_cthun_3132813835821037_Mis_IV_ME_DS,39844,53.21%,
2T,AR_EC_VF_nzoth_yogg_cthun_3132858790961133_IN_AM_DR,39838,53.19%,
2T,VW_DH_VW_VF_nzoth_yogg_cthun_3132808400003053_Mis_IV_DR_DS,39837,53.19%,
2T,VW_DH_VW_VF_nzoth_yogg_cthun_3152458949124077_Mis_AM_ME_DS,39837,53.19%,
2T,AR_SP_VF_nzoth_yogg_cthun_3150313537527789_Mis_IV_DR,39837,53.19%,
2T,AR_EC_VF_yshaarj_nzoth_yogg_4014400827940845_IN_IV_ME,39836,53.18%,
2T,VW_DH_TV_VF_yshaarj_nzoth_yogg_3979712600006637_Mis_AM_DR_DS,39834,53.18%,
2T,AR_EC_VF_yshaarj_nzoth_yogg_4014400760840173_IN_IV_DR,39834,53.18%,
2T,AR_SP_VF_yshaarj_nzoth_yogg_4014400761356269_IN_IV_DR,39832,53.17%,
2T,AR_EC_VF_nzoth_yogg_cthun_3132996162805741_IN_AM_DR,39832,53.17%,
2T,VW_DH_TV_VF_yshaarj_nzoth_yogg_3977499618107373_Mis_AM_ME,39832,53.17%,
2T,VW_DH_TV_VF_yshaarj_nzoth_yogg_3977651015704557_Mis_AM_ME_DS,39830,53.16%,
2T,VW_DH_TV_VF_nzoth_yogg_cthun_3150259926392813_Mis_IV_ME_DS,39827,53.15%,
2T,VW_DH_TV_VF_nzoth_yogg_cthun_3132798736850925_Mis_IV_DR,39824,53.14%,
2T,VW_DH_VW_VF_nzoth_yogg_cthun_3132943691472877_Mis_AM_ME_DS,39822,53.13%,
2T,VW_DH_VW_VF_nzoth_yogg_cthun_3132927585353709_Mis_AM_DR,39822,53.13%,
2T,AR_SP_VF_nzoth_yogg_cthun_3132867313270765_IN_IV_ME,39820,53.12%,
2T,VW_DH_VW_VF_nzoth_yogg_cthun_3132807326269421_Mis_IV_ME_DS,39817,53.11%,
2T,VW_DH_TV_VF_nzoth_yogg_cthun_3150244893491181_Mis_AM_DR,39816,53.11%,
2T,AR_SW_VF_yshaarj_nzoth_yogg_3977567121825773_IN_IV_DR,39814,53.10%,
2T,AR_SW_VF_nzoth_yogg_cthun_3150313470427117_IN_IV_ME,39811,53.09%,
2T,VW_DH_VW_VF_nzoth_yogg_cthun_3132797663109101_Mis_AM_ME,39802,53.05%,
2T,VW_DH_TV_VF_yshaarj_nzoth_yogg_3977499618107373_Mis_AM_DR,39800,53.05%,
2T,VW_DH_TV_VF_nzoth_yogg_cthun_3150253483417581_Mis_AM_DR,39800,53.05%,
2T,AR_SW_VF_nzoth_yogg_cthun_3132859797594093_IN_AM_DR,39796,53.03%,
2T,AR_SW_VF_nzoth_yogg_cthun_3132996162805741_IN_AM_DR,39796,53.03%,
2T,VW_DH_VW_VF_nzoth_yogg_cthun_3132813835821037_Mis_IV_ME_DS,39793,53.02%,
2T,VW_DH_TV_VF_yshaarj_nzoth_yogg_3977635983319021_Mis_AM_ME,39792,53.02%,
2T,AR_SW_VF_nzoth_yogg_cthun_3132858790445037_IN_IV_DR,39792,53.02%,
2T,VW_DH_TV_VF_yshaarj_nzoth_yogg_3977513577275373_Mis_IV_DR_DS,39789,53.01%,
2T,VW_DH_TV_VF_nzoth_yogg_cthun_3132797662593005_Mis_AM_ME,39789,53.00%,
2T,AR_SP_VF_nzoth_yogg_cthun_3132996229390317_IN_AM_DR,39788,53.00%,
2T,VW_DH_VW_VF_nzoth_yogg_cthun_3134997759582189_Mis_AM_DR,39788,53.00%,
2T,VW_DH_VW_VF_nzoth_yogg_cthun_3150244893491181_Mis_AM_DR,39782,52.98%,
2T,VW_DH_TV_VF_yshaarj_nzoth_yogg_3977498544889837_Mis_IV_DR,39782,52.98%,
2T,VW_DH_TV_VF_nzoth_yogg_cthun_3132813835821037_Mis_IV_DR_DS,39782,52.98%,
2T,VW_DH_TV_VF_nzoth_yogg_cthun_3132797663109101_Mis_AM_ME,39782,52.98%,
2T,AR_EC_VF_yshaarj_nzoth_yogg_3977567188410349_IN_AM_DR,39781,52.97%,
2T,VW_DH_VW_VF_yshaarj_nzoth_yogg_4049522998444013_Mis_AM_DR_DS,39781,52.97%,
2T,VW_DH_VW_VF_nzoth_yogg_cthun_3133348492140525_Mis_AM_ME,39776,52.95%,
2T,AR_EC_VF_nzoth_yogg_cthun_3150313537527789_Mis_IV_DR,39775,52.95%,
2T,AR_SP_VF_yshaarj_nzoth_yogg_3977567121309677_IN_IV_DR,39771,52.94%,
2T,VW_DH_TV_VF_yshaarj_nzoth_yogg_3977497471148013_Mis_AM_ME,39770,52.93%,
2T,AR_SW_VF_nzoth_yogg_cthun_3132859058872301_IN_AM_ME,39769,52.93%,
2T,AR_SW_VF_nzoth_yogg_cthun_3132859864178669_IN_AM_DR,39768,52.92%,
2T,AR_SW_VF_nzoth_yogg_cthun_3132867313270765_IN_IV_DR,39768,52.92%,
2T,AR_SW_VF_nzoth_yogg_cthun_3150313470427117_IN_IV_DR,39767,52.92%,
2T,VW_DH_VW_VF_nzoth_yogg_cthun_3132936175280109_Mis_AM_DR,39766,52.92%,
2T,AR_EC_VF_nzoth_yogg_cthun_3150313470943213_IN_AM_ME,39766,52.92%,
2T,VW_DH_VW_VF_nzoth_yogg_cthun_3132799810068461_Mis_AM_DR,39766,52.91%,
2T,VW_DH_TV_VF_yshaarj_nzoth_yogg_3977497471148013_Mis_AM_DR,39765,52.91%,
2T,VW_DH_TV_VF_yshaarj_nzoth_yogg_3977513577275373_Mis_IV_ME_DS,39763,52.90%,
2T,VW_DH_VW_VF_nzoth_yogg_cthun_3150244960591853_Mis_AM_DR,39758,52.88%,
2T,VW_DH_TV_VF_yshaarj_nzoth_yogg_4049531588370413_Mis_AM_DR_DS,39754,52.87%,
2T,VW_DH_VW_VF_nzoth_yogg_cthun_3150253483417581_Mis_AM_DR,39750,52.86%,
2T,VW_DH_VW_VF_nzoth_yogg_cthun_3150253483417581_Mis_AM_ME,39746,52.84%,
2T,VW_DH_TV_VF_nzoth_yogg_cthun_3132943691472877_Mis_AM_DR_DS,39742,52.82%,
2T,AR_SP_VF_nzoth_yogg_cthun_3132875970306029_IN_IV_DR_DS,39742,52.82%,
2T,AR_SW_VF_yshaarj_nzoth_yogg_3977567121825773_IN_IV_ME,39741,52.82%,
2T,VW_DH_TV_VF_yshaarj_nzoth_yogg_4049531588370413_Mis_AM_ME_DS,39738,52.81%,
2T,AR_EC_VF_nzoth_yogg_cthun_3150313537527789_Mis_IV_ME,39738,52.81%,
2T,VW_DH_TV_VF_nzoth_yogg_cthun_3132807326269421_Mis_IV_ME_DS,39737,52.80%,
2T,VW_DH_VW_VF_nzoth_yogg_cthun_3132791287242733_Mis_AM_ME,39734,52.79%,
2T,AR_EC_VF_nzoth_yogg_cthun_3132858790961133_IN_AM_ME,39734,52.79%,
2T,VW_DH_TV_VF_yshaarj_nzoth_cthun_3768322899632109_Mis_AM_DR_DS,39734,52.79%,
2T,AR_EC_VF_nzoth_yogg_cthun_3132996229390317_Mis_IV_DR,39733,52.79%,
2T,VW_DH_TV_VF_nzoth_yogg_cthun_3135004269141997_Mis_AM_DR_DS,39733,52.79%,
2T,AR_EC_VF_nzoth_yogg_cthun_3132867313786861_IN_AM_ME,39732,52.79%,
2T,AR_EC_VF_nzoth_yogg_cthun_3132996162805741_Mis_IV_DR,39731,52.78%,
2T,VW_DH_VW_VF_nzoth_yogg_cthun_3150244960591853_Mis_AM_ME,39727,52.77%,
2T,VW_DH_TV_VF_nzoth_yogg_cthun_3152458949124077_Mis_AM_ME_DS,39726,52.76%,
2T,AR_SW_VF_nzoth_yogg_cthun_3150313537527789_IN_AM_DR,39725,52.76%,
2T,VW_DH_TV_VF_yshaarj_nzoth_yogg_3977635983319021_Mis_AM_DR,39725,52.76%,
2T,AR_SP_VF_nzoth_yogg_cthun_3150313537527789_IN_AM_DR,39723,52.75%,
2T,VW_DH_VW_VF_nzoth_yogg_cthun_3132815916195821_Mis_IV_ME_DS,39721,52.74%,
2T,VW_DH_VW_VF_nzoth_yogg_cthun_3150260999610349_Mis_AM_ME_DS,39721,52.74%,
2T,VW_DH_VW_VF_nzoth_yogg_cthun_3150262073352173_Mis_IV_DR_DS,39717,52.73%,
2T,VW_DH_TV_VF_nzoth_yogg_cthun_3132927652454381_Mis_AM_DR,39716,52.72%,
2T,AR_SW_VF_nzoth_yogg_cthun_3132996162805741_IN_AM_ME,39716,52.72%,
2T,VW_DH_TV_VF_nzoth_yogg_cthun_3132943691472877_Mis_AM_ME_DS,39716,52.72%,
2T,AR_SW_VF_yshaarj_nzoth_yogg_3977567121309677_IN_IV_ME,39716,52.72%,
2T,VW_DH_TV_VF_nzoth_yogg_cthun_3133363524526061_Mis_IV_DR_DS,39710,52.70%,
2T,AR_EC_VF_yshaarj_nzoth_yogg_3977567121825773_IN_AM_ME,39708,52.69%,
2T,VW_DH_TV_VF_yshaarj_nzoth_yogg_3979712600006637_Mis_AM_ME_DS,39706,52.69%,
2T,AR_SP_VF_nzoth_yogg_cthun_3150313470943213_IN_AM_DR,39705,52.68%,
2T,VW_DH_TV_VF_yshaarj_nzoth_yogg_3977773422272493_Mis_AM_ME,39704,52.68%,
2T,VW_DH_VW_VF_yshaarj_nzoth_yogg_4049660437389293_Mis_AM_ME_DS,39703,52.67%,
2T,VW_DH_TV_VF_nzoth_yogg_cthun_3150260999610349_Mis_AM_ME_DS,39703,52.67%,
2T,AR_SW_VF_nzoth_yogg_cthun_3150313537527789_IN_AM_ME,39701,52.67%,
2T,VW_DH_VW_VF_nzoth_yogg_cthun_3132927652454381_Mis_AM_ME,39694,52.64%,
2T,VW_DH_VW_VF_nzoth_yogg_cthun_3132791220142061_Mis_AM_ME,39694,52.64%,
2T,AR_SP_VF_nzoth_yogg_cthun_3132859864178669_IN_AM_DR,39690,52.62%,
2T,AR_SP_VF_yshaarj_nzoth_yogg_3977567121309677_IN_IV_ME,39684,52.60%,
2T,VW_DH_TV_VF_nzoth_yogg_cthun_3150534803775469_Mis_AM_ME_DS,39684,52.60%,
2T,AR_SP_VF_yshaarj_nzoth_yogg_4014400760840173_IN_IV_DR,39684,52.60%,
2T,AR_EC_VF_nzoth_yogg_cthun_3132859797077997_IN_AM_DR,39683,52.60%,
2T,VW_DH_VW_VF_nzoth_yogg_cthun_3132807393370093_Mis_IV_ME_DS,39680,52.59%,
2T,VW_DH_TV_VF_nzoth_yogg_cthun_3150244960591853_Mis_AM_ME,39678,52.58%,
2T,VW_DH_TV_VF_yshaarj_nzoth_yogg_4049525145919469_Mis_IV_DR_DS,39677,52.57%,
2T,VW_DH_VW_VF_nzoth_yogg_cthun_3132813835821037_Mis_IV_DR_DS,39672,52.55%,
2T,AR_EC_VF_yshaarj_nzoth_yogg_4013576194220013_IN_IV_DR,39671,52.55%,
2T,AR_SW_VF_nzoth_yogg_cthun_3132996229390317_IN_AM_ME,39669,52.54%,
2T,VW_DH_TV_VF_nzoth_yogg_cthun_3132815916195821_Mis_IV_ME_DS,39667,52.53%,
2T,AR_SW_VF_yshaarj_nzoth_yogg_3977567188410349_IN_IV_ME,39666,52.53%,
2T,VW_DH_TV_VF_yshaarj_nzoth_yogg_3977788454658029_Mis_AM_ME_DS,39666,52.53%,
2T,VW_DH_VW_VF_nzoth_yogg_cthun_3132942618255341_Mis_IV_DR_DS,39664,52.52%,
2T,VW_DH_TV_VF_yshaarj_nzoth_yogg_4049660437389293_Mis_AM_DR_DS,39663,52.52%,
2T,VW_DH_TV_VF_nzoth_yogg_cthun_3132813769236461_Mis_IV_ME_DS,39660,52.51%,
2T,AR_SP_VF_nzoth_yogg_cthun_3132996229390317_IN_AM_ME,39660,52.51%,
2T,VW_DH_TV_VF_nzoth_yogg_cthun_3150259992977389_Mis_AM_DR_DS,39656,52.49%,
2T,VW_DH_VW_VF_nzoth_yogg_cthun_3135004202041325_Mis_AM_DR_DS,39654,52.49%,
2T,VW_DH_TV_VF_yshaarj_nzoth_yogg_4049525145919469_Mis_IV_ME_DS,39654,52.49%,
2T,AR_SW_VF_yshaarj_nzoth_yogg_4014400761356269_IN_IV_ME,39653,52.48%,
2T,VW_DH_VW_VF_nzoth_yogg_cthun_3132942617739245_Mis_AM_DR_DS,39652,52.48%,
2T,AR_EC_VF_nzoth_yogg_cthun_3132867380371437_IN_AM_ME,39651,52.47%,
2T,AR_EC_VF_nzoth_yogg_cthun_3132859797077997_IN_AM_ME,39650,52.47%,
2T,AR_SP_VF_nzoth_yogg_cthun_3132867313270765_IN_IV_DR,39650,52.47%,
2T,AR_EC_VF_nzoth_yogg_cthun_3132996229390317_Mis_IV_ME,39648,52.46%,
2T,AR_SW_VF_yshaarj_nzoth_yogg_4014400761356269_IN_IV_DR,39643,52.44%,
2T,VW_DH_VW_VF_nzoth_yogg_cthun_3132813769236461_Mis_IV_ME_DS,39642,52.44%,
2T,VW_DH_TV_VF_yshaarj_nzoth_yogg_4049524072177645_Mis_AM_DR_DS,39641,52.43%,
2T,VW_DH_TV_VF_nzoth_yogg_cthun_3150534803775469_Mis_AM_DR_DS,39640,52.43%,
2T,VW_DH_TV_VF_yshaarj_nzoth_yogg_4049522998960109_Mis_IV_ME_DS,39639,52.43%,
2T,AR_SP_VF_nzoth_yogg_cthun_3132875970306029_IN_IV_ME_DS,39638,52.42%,
2T,VW_DH_VW_VF_nzoth_yogg_cthun_3132791220658157_Mis_AM_ME,39637,52.42%,
2T,VW_DH_TV_VF_nzoth_yogg_cthun_3135012791967725_Mis_AM_ME_DS,39635,52.41%,
2T,VW_DH_TV_VF_nzoth_yogg_cthun_3135004202041325_Mis_AM_DR_DS,39633,52.40%,
2T,AR_SW_VF_yshaarj_nzoth_yogg_3977567188410349_IN_IV_DR,39631,52.40%,
2T,VW_DH_TV_VF_nzoth_yogg_cthun_3150260999610349_Mis_AM_DR_DS,39630,52.39%,
2T,VW_DH_VW_VF_nzoth_yogg_cthun_3132927585353709_Mis_AM_ME,39629,52.39%,
2T,VW_DH_TV_VF_nzoth_yogg_cthun_3132797663109101_Mis_AM_DR,39629,52.39%,
2T,VW_DH_TV_VF_nzoth_yogg_cthun_3132951207665645_Mis_AM_DR_DS,39628,52.38%,
2T,VW_DH_TV_VF_yshaarj_nzoth_yogg_3977515724234733_Mis_IV_DR_DS,39626,52.38%,
2T,AR_SW_VF_nzoth_yogg_cthun_3132859058872301_IN_AM_DR,39626,52.38%,
2T,AR_SW_VF_nzoth_yogg_cthun_3132875903721453_IN_IV_ME_DS,39626,52.38%,
2T,VW_DH_TV_VF_yshaarj_nzoth_yogg_3977773422272493_Mis_AM_DR,39622,52.36%,
2T,VW_DH_TV_VF_yshaarj_nzoth_yogg_3977788454658029_Mis_AM_DR_DS,39622,52.36%,
2T,VW_DH_VW_VF_nzoth_yogg_cthun_3150534803775469_Mis_AM_DR_DS,39618,52.35%,
2T,AR_SP_VF_nzoth_yogg_cthun_3132859864178669_IN_AM_ME,39617,52.34%,
2T,VW_DH_VW_VF_nzoth_yogg_cthun_3132943691472877_Mis_AM_DR_DS,39612,52.32%,
2T,VW_DH_TV_VF_nzoth_yogg_cthun_3132813769236461_Mis_IV_DR_DS,39609,52.31%,
2T,AR_EC_VF_nzoth_yogg_cthun_3169151197503469_IN_IV_DR,39608,52.31%,
2T,AR_SW_VF_nzoth_yogg_cthun_3132867313270765_IN_IV_ME,39607,52.31%,
2T,VW_DH_VW_VF_nzoth_yogg_cthun_3150534803775469_Mis_AM_ME_DS,39606,52.30%,
2T,AR_EC_VF_nzoth_yogg_cthun_3132875903721453_IN_IV_DR_DS,39606,52.30%,
2T,VW_DH_TV_VF_nzoth_yogg_cthun_3132807393370093_Mis_IV_ME_DS,39605,52.30%,
2T,VW_DH_TV_VF_nzoth_yogg_cthun_3150253483417581_Mis_AM_ME,39602,52.28%,
2T,AR_SP_VF_yshaarj_nzoth_yogg_4014400761356269_IN_IV_ME,39600,52.28%,
2T,VW_DH_VW_VF_nzoth_yogg_cthun_3132806252527597_Mis_AM_DR_DS,39599,52.27%,
2T,AR_SW_VF_nzoth_yogg_cthun_3132858790961133_IN_AM_ME,39597,52.27%,
2T,VW_DH_TV_VF_nzoth_yogg_cthun_3132791220658157_Mis_AM_ME,39597,52.26%,
2T,AR_SW_VF_nzoth_yogg_cthun_3150313470943213_IN_AM_ME,39591,52.24%,
2T,AR_SW_VF_nzoth_yogg_cthun_3132875903721453_IN_IV_DR_DS,39590,52.24%,
2T,AR_EC_VF_nzoth_yogg_cthun_3169151264088045_IN_IV_DR,39590,52.24%,
2T,VW_DH_TV_VF_yshaarj_nzoth_yogg_3977651015704557_Mis_AM_DR_DS,39588,52.23%,
2T,AR_SP_VF_nzoth_yogg_cthun_3132858790961133_IN_AM_ME,39583,52.21%,
2T,VW_DH_VW_VF_nzoth_yogg_cthun_3132814842453997_Mis_AM_ME_DS,39580,52.20%,
2T,VW_DH_TV_VF_nzoth_yogg_cthun_3132927585353709_Mis_AM_ME,39577,52.19%,
2T,AR_EC_VF_nzoth_yogg_cthun_3132875903205357_IN_IV_ME_DS,39571,52.17%,
2T,VW_DH_VW_VF_nzoth_yogg_cthun_3133348492140525_Mis_AM_DR,39560,52.12%,
2T,AR_SP_VF_nzoth_yogg_cthun_3150313537527789_IN_AM_ME,39557,52.11%,
2T,AR_SP_VF_nzoth_yogg_cthun_3132996162805741_IN_AM_ME,39557,52.11%,
2T,VW_DH_TV_VF_nzoth_yogg_cthun_3132942617739245_Mis_AM_DR_DS,39554,52.10%,
2T,VW_DH_TV_VF_nzoth_yogg_cthun_3132791220658157_Mis_AM_DR,39554,52.10%,
2T,VW_DH_TV_VF_nzoth_yogg_cthun_3135012791967725_Mis_AM_DR_DS,39553,52.10%,
2T,AR_SW_VF_nzoth_yogg_cthun_3132859797594093_IN_AM_ME,39551,52.09%,
2T,AR_SW_VF_yshaarj_nzoth_yogg_4014400827940845_IN_IV_DR,39550,52.09%,
2T,VW_DH_VW_VF_nzoth_yogg_cthun_3135004269141997_Mis_AM_DR_DS,39545,52.06%,
2T,VW_DH_TV_VF_yshaarj_nzoth_yogg_3977498611474413_Mis_AM_ME,39545,52.06%,
2T,VW_DH_VW_VF_nzoth_yogg_cthun_3150259925876717_Mis_AM_DR_DS,39543,52.06%,
2T,AR_EC_VF_nzoth_yogg_cthun_3132996162289645_IN_AM_ME,39541,52.05%,
2T,VW_DH_TV_VF_nzoth_yogg_cthun_3133348492140525_Mis_AM_ME,39537,52.03%,
2T,VW_DH_VW_VF_nzoth_yogg_cthun_3132814842453997_Mis_AM_DR_DS,39533,52.02%,
2T,AR_EC_VF_yshaarj_nzoth_yogg_4014400827940845_IN_AM_DR,39531,52.01%,
2T,AR_SP_VF_yshaarj_nzoth_yogg_4014400827940845_IN_IV_ME,39530,52.01%,
2T,AR_EC_VF_yshaarj_nzoth_yogg_3977567121825773_IN_AM_DR,39529,52.00%,
2T,AR_EC_VF_nzoth_yogg_cthun_3169151196987373_IN_IV_DR,39528,52.00%,
2T,AR_EC_VF_nzoth_yogg_cthun_3132996162805741_Mis_IV_ME,39527,51.99%,
2T,AR_SW_VF_nzoth_yogg_cthun_3132858790961133_IN_AM_DR,39524,51.99%,
2T,VW_DH_VW_VF_nzoth_yogg_cthun_3132798803435501_Mis_AM_ME,39523,51.98%,
2T,AR_SW_VF_yshaarj_nzoth_yogg_4014400827940845_IN_IV_ME,39517,51.96%,
2T,AR_SP_VF_nzoth_yogg_cthun_3132859797594093_IN_AM_ME,39515,51.95%,
2T,VW_DH_VW_VF_nzoth_yogg_cthun_3135012791967725_Mis_AM_ME_DS,39515,51.95%,
2T,VW_DH_VW_VF_nzoth_yogg_cthun_3150244893491181_Mis_AM_ME,39497,51.88%,
2T,VW_DH_TV_VF_yshaarj_nzoth_yogg_4049524072177645_Mis_AM_ME_DS,39497,51.88%,
2T,AR_SW_VF_nzoth_yogg_cthun_3132875970306029_IN_IV_DR_DS,39497,51.88%,
2T,AR_EC_VF_nzoth_yogg_cthun_3132996162289645_IN_AM_DR,39496,51.88%,
2T,VW_DH_TV_VF_nzoth_yogg_cthun_3132927585869805_Mis_AM_ME,39494,51.87%,
2T,AR_EC_VF_nzoth_yogg_cthun_3132858790445037_IN_AM_DR,39494,51.87%,
2T,VW_DH_TV_VF_nzoth_yogg_cthun_3132815916195821_Mis_IV_DR_DS,39492,51.86%,
2T,VW_DH_VW_VF_nzoth_yogg_cthun_3133363524526061_Mis_AM_DR_DS,39492,51.86%,
2T,AR_EC_VF_nzoth_yogg_cthun_3150313470943213_Mis_IV_DR,39491,51.86%,
2T,VW_DH_VW_VF_nzoth_yogg_cthun_3132806253043693_Mis_IV_DR_DS,39491,51.86%,
2T,VW_DH_VW_VF_yshaarj_nzoth_yogg_4049523065544685_Mis_AM_DR_DS,39489,51.85%,
2T,VW_DH_TV_VF_nzoth_yogg_cthun_3150244894007277_Mis_AM_DR,39482,51.82%,
2T,AR_SW_VF_nzoth_yogg_cthun_3132858723860461_IN_AM_ME,39481,51.82%,
2T,VW_DH_TV_VF_nzoth_yogg_cthun_3150259925876717_Mis_AM_DR_DS,39479,51.81%,
2T,VW_DH_TV_VF_yshaarj_nzoth_yogg_3977513576759277_Mis_AM_DR_DS,39479,51.81%,
2T,AR_EC_VF_nzoth_yogg_cthun_3132859058872301_Mis_IV_ME,39476,51.80%,
2T,VW_DH_TV_VF_nzoth_yogg_cthun_3150244893491181_Mis_AM_ME,39476,51.80%,
2T,AR_EC_VF_yshaarj_nzoth_yogg_4013438755266541_IN_IV_DR,39474,51.79%,
2T,VW_DH_TV_VF_yshaarj_nzoth_yogg_4049660437389293_Mis_AM_ME_DS,39474,51.79%,
2T,VW_DH_TV_VF_nzoth_yogg_cthun_3132798736334829_Mis_AM_DR,39471,51.78%,
2T,AR_SW_VF_nzoth_yogg_cthun_3150313537527789_Mis_IV_DR,39469,51.77%,
2T,AR_EC_VF_nzoth_yogg_cthun_3132875903205357_IN_IV_DR_DS,39467,51.77%,
2T,VW_DH_VW_VF_nzoth_yogg_cthun_3132808400003053_Mis_AM_ME_DS,39464,51.75%,
2T,AR_SW_VF_nzoth_yogg_cthun_3132875970306029_IN_IV_ME_DS,39464,51.75%,
2T,VW_DH_VW_VF_nzoth_yogg_cthun_3132807326785517_Mis_IV_ME_DS,39462,51.75%,
2T,VW_DH_VW_VF_nzoth_yogg_cthun_3132813769236461_Mis_IV_DR_DS,39462,51.75%,
2T,AR_SP_VF_nzoth_yogg_cthun_3132875903721453_IN_IV_DR_DS,39461,51.74%,
2T,VW_DH_TV_VF_nzoth_yogg_cthun_3150268515803117_Mis_AM_DR_DS,39455,51.72%,
2T,AR_SP_VF_yshaarj_nzoth_yogg_4014400760840173_IN_IV_ME,39452,51.71%,
2T,AR_SP_VF_nzoth_yogg_cthun_3132859058872301_IN_AM_DR,39451,51.71%,
2T,AR_SP_VF_nzoth_yogg_cthun_3132996162805741_IN_AM_DR,39451,51.70%,
2T,VW_DH_TV_VF_yshaarj_nzoth_yogg_3977514650492909_Mis_AM_DR_DS,39450,51.70%,
2T,AR_SP_VF_nzoth_yogg_cthun_3132859058872301_IN_AM_ME,39449,51.70%,
2T,AR_SP_VF_nzoth_yogg_cthun_3132859797594093_IN_AM_DR,39447,51.69%,
2T,AR_EC_VF_nzoth_yogg_cthun_3132867380371437_IN_AM_DR,39446,51.69%,
2T,VW_DH_TV_VF_nzoth_yogg_cthun_3132798803435501_Mis_AM_DR,39445,51.68%,
2T,AR_SW_VF_nzoth_yogg_cthun_3132867313786861_IN_AM_ME,39444,51.68%,
2T,AR_SW_VF_yshaarj_nzoth_yogg_4014400760840173_IN_IV_DR,39442,51.67%,
2T,AR_SP_VF_nzoth_yogg_cthun_3150313470943213_IN_AM_ME,39441,51.67%,
2T,AR_SW_VF_nzoth_yogg_cthun_3150313470943213_Mis_IV_DR,39441,51.66%,
2T,VW_DH_VW_VF_yshaarj_nzoth_yogg_4049523065544685_Mis_AM_ME_DS,39440,51.66%,
2T,VW_DH_TV_VF_nzoth_yogg_cthun_3132814842453997_Mis_AM_ME_DS,39437,51.65%,
2T,AR_SW_VF_nzoth_yogg_cthun_3132996229390317_Mis_IV_DR,39437,51.65%,
2T,VW_DH_VW_VF_nzoth_yogg_cthun_3132798736334829_Mis_AM_DR,39437,51.65%,
2T,AR_EC_VF_nzoth_yogg_cthun_3132859058872301_Mis_IV_DR,39430,51.62%,
2T,AR_SW_VF_yshaarj_nzoth_yogg_3977567121309677_IN_IV_DR,39429,51.62%,
2T,AR_SW_VF_nzoth_yogg_cthun_3132859864178669_IN_AM_ME,39429,51.62%,
2T,VW_DH_TV_VF_nzoth_yogg_cthun_3132807393370093_Mis_IV_DR_DS,39429,51.62%,
2T,VW_DH_VW_VF_nzoth_yogg_cthun_3132815916195821_Mis_IV_DR_DS,39424,51.60%,
2T,VW_DH_TV_VF_nzoth_yogg_cthun_3132927585869805_Mis_AM_DR,39423,51.60%,
2T,VW_DH_TV_VF_nzoth_yogg_cthun_3132942684839917_Mis_AM_DR_DS,39423,51.59%,
2T,VW_DH_TV_VF_nzoth_yogg_cthun_3135004269141997_Mis_AM_ME_DS,39422,51.59%,
2T,AR_EC_VF_yshaarj_nzoth_yogg_4013576127635437_IN_IV_DR,39420,51.58%,
2T,VW_DH_TV_VF_nzoth_yogg_cthun_3132806252527597_Mis_AM_DR_DS,39406,51.53%,
2T,AR_SP_VF_nzoth_yogg_cthun_3132858790961133_IN_AM_DR,39404,51.52%,
2T,AR_SP_VF_nzoth_yogg_cthun_3150313537527789_Mis_IV_ME,39404,51.52%,
2T,AR_SW_VF_nzoth_yogg_cthun_3150313470943213_IN_AM_DR,39400,51.51%,
2T,VW_DH_VW_VF_nzoth_yogg_cthun_3135006349516781_Mis_AM_ME_DS,39400,51.51%,
2T,VW_DH_VW_VF_nzoth_yogg_cthun_3135004269141997_Mis_AM_ME_DS,39396,51.49%,
2T,AR_EC_VF_nzoth_yogg_cthun_3150313470427117_IN_AM_ME,39396,51.49%,
2T,AR_SW_VF_nzoth_yogg_cthun_3169151264088045_IN_IV_DR,39394,51.48%,
2T,VW_DH_VW_VF_nzoth_yogg_cthun_3132798736334829_Mis_AM_ME,39393,51.48%,
2T,VW_DH_TV_VF_yshaarj_nzoth_yogg_3977498544373741_Mis_AM_DR,39389,51.47%,
2T,AR_EC_VF_yshaarj_nzoth_yogg_4014400760840173_IN_IV_ME,39388,51.46%,
2T,VW_DH_TV_VF_yshaarj_nzoth_yogg_4049522998960109_Mis_IV_DR_DS,39388,51.46%,
2T,VW_DH_TV_VF_nzoth_yogg_cthun_3132807326785517_Mis_IV_ME_DS,39385,51.45%,
2T,VW_DH_VW_VF_nzoth_yogg_cthun_3135012791967725_Mis_AM_DR_DS,39384,51.45%,
2T,AR_SP_VF_nzoth_yogg_cthun_3150313470943213_Mis_IV_DR,39383,51.44%,
2T,AR_SP_VF_yshaarj_nzoth_yogg_4013576194220013_IN_IV_DR,39381,51.43%,
2T,AR_EC_VF_nzoth_yogg_cthun_3150313470943213_Mis_IV_ME,39374,51.41%,
2T,AR_SP_VF_nzoth_yogg_cthun_3132996162805741_Mis_IV_ME,39373,51.40%,
2T,VW_DH_TV_VF_nzoth_yogg_cthun_3132798803435501_Mis_AM_ME,39373,51.40%,
2T,VW_DH_VW_VF_nzoth_yogg_cthun_3132927585869805_Mis_AM_DR,39371,51.40%,
2T,VW_DH_VW_VF_nzoth_yogg_cthun_3133363524526061_Mis_AM_ME_DS,39369,51.39%,
2T,VW_DH_VW_VF_nzoth_yogg_cthun_3132806319628269_Mis_AM_DR_DS,39369,51.39%,
2T,VW_DH_VW_VF_nzoth_yogg_cthun_3132942684839917_Mis_AM_DR_DS,39368,51.38%,
2T,VW_DH_VW_VF_nzoth_yogg_cthun_3132951207665645_Mis_AM_DR_DS,39367,51.38%,
2T,VW_DH_VW_VF_nzoth_yogg_cthun_3132807393370093_Mis_IV_DR_DS,39365,51.37%,
2T,AR_EC_VF_yshaarj_nzoth_yogg_3977567188410349_IN_AM_ME,39364,51.37%,
2T,AR_EC_VF_yshaarj_nzoth_yogg_4014400761356269_IN_AM_DR,39363,51.36%,
2T,AR_EC_VF_nzoth_yogg_cthun_3169151264088045_IN_IV_ME,39361,51.36%,
2T,AR_EC_VF_nzoth_yogg_cthun_3132858723860461_IN_AM_DR,39356,51.34%,
2T,VW_DH_VW_VF_nzoth_yogg_cthun_3150260999610349_Mis_AM_DR_DS,39353,51.33%,
2T,VW_DH_VW_VF_nzoth_yogg_cthun_3150259992977389_Mis_AM_DR_DS,39353,51.33%,
2T,AR_EC_VF_yshaarj_nzoth_yogg_4013576127119341_IN_IV_DR,39353,51.33%,
2T,VW_DH_TV_VF_nzoth_yogg_cthun_3132942684839917_Mis_AM_ME_DS,39351,51.32%,
2T,VW_DH_TV_VF_nzoth_yogg_cthun_3150244894007277_Mis_AM_ME,39350,51.31%,
2T,AR_EC_VF_yshaarj_nzoth_yogg_4013438688165869_IN_IV_DR,39345,51.30%,
2T,AR_SW_VF_nzoth_yogg_cthun_3132996162805741_Mis_IV_DR,39339,51.27%,
2T,VW_DH_TV_VF_nzoth_yogg_cthun_3132814842453997_Mis_AM_DR_DS,39337,51.27%,
2T,VW_DH_VW_VF_nzoth_yogg_cthun_3132798803435501_Mis_AM_DR,39337,51.27%,
2T,AR_SW_VF_nzoth_yogg_cthun_3132996162289645_IN_AM_ME,39336,51.26%,
2T,AR_SW_VF_nzoth_yogg_cthun_3132996229390317_Mis_IV_ME,39335,51.26%,
2T,VW_DH_TV_VF_nzoth_yogg_cthun_3133348492140525_Mis_AM_DR,39335,51.26%,
2T,AR_EC_VF_nzoth_yogg_cthun_3150313470427117_IN_AM_DR,39334,51.25%,
2T,AR_SP_VF_nzoth_yogg_cthun_3132996229390317_Mis_IV_DR,39334,51.25%,
2T,VW_DH_TV_VF_yshaarj_nzoth_yogg_4049797876342765_Mis_AM_DR_DS,39332,51.25%,
2T,AR_SP_VF_nzoth_yogg_cthun_3132996162805741_Mis_IV_DR,39331,51.24%,
2T,VW_DH_TV_VF_nzoth_yogg_cthun_3150259992977389_Mis_AM_ME_DS,39331,51.24%,
2T,AR_EC_VF_yshaarj_nzoth_yogg_4013438688681965_IN_IV_DR,39329,51.24%,
2T,VW_DH_TV_VF_nzoth_yogg_cthun_3150262073352173_Mis_AM_DR_DS,39327,51.23%,
2T,AR_SP_VF_yshaarj_nzoth_yogg_4013438755266541_IN_IV_DR,39326,51.22%,
2T,AR_SP_VF_nzoth_yogg_cthun_3132875903205357_IN_IV_ME_DS,39325,51.22%,
2T,AR_SP_VF_nzoth_yogg_cthun_3132996229390317_Mis_IV_ME,39322,51.21%,
2T,AR_SP_VF_nzoth_yogg_cthun_3169151264088045_IN_IV_DR,39320,51.20%,
2T,VW_DH_VW_VF_nzoth_yogg_cthun_3132927585869805_Mis_AM_ME,39319,51.20%,
2T,VW_DH_VW_VF_yshaarj_nzoth_yogg_4049525145919469_Mis_AM_ME_DS,39316,51.18%,
2T,AR_EC_VF_yshaarj_nzoth_yogg_4013851072126957_IN_IV_DR,39315,51.18%,
2T,VW_DH_VW_VF_nzoth_yogg_cthun_3150268515803117_Mis_AM_DR_DS,39311,51.17%,
2T,VW_DH_TV_VF_nzoth_yogg_cthun_3132951207665645_Mis_AM_ME_DS,39306,51.15%,
2T,AR_SW_VF_nzoth_yogg_cthun_3132867380371437_IN_AM_DR,39306,51.15%,
2T,AR_EC_VF_yshaarj_nzoth_yogg_4014400761356269_IN_AM_ME,39304,51.14%,
2T,VW_DH_VW_VF_nzoth_yogg_cthun_3150244894007277_Mis_AM_ME,39303,51.13%,
2T,AR_SW_VF_nzoth_yogg_cthun_3132996162289645_IN_AM_DR,39300,51.12%,
2T,VW_DH_VW_VF_nzoth_yogg_cthun_3132797663109101_Mis_AM_DR,39297,51.11%,
2T,AR_SW_VF_nzoth_yogg_cthun_3132867380371437_IN_AM_ME,39296,51.11%,
2T,VW_DH_TV_VF_nzoth_yogg_cthun_3132807326785517_Mis_IV_DR_DS,39291,51.09%,
2T,AR_EC_VF_nzoth_yogg_cthun_3150313470427117_Mis_IV_ME,39290,51.09%,
2T,AR_SP_VF_nzoth_yogg_cthun_3132859058872301_Mis_IV_DR,39290,51.09%,
2T,AR_SW_VF_nzoth_yogg_cthun_3169151197503469_IN_IV_DR,39289,51.08%,
2T,AR_EC_VF_nzoth_yogg_cthun_3132867313786861_IN_AM_DR,39287,51.07%,
2T,VW_DH_TV_VF_nzoth_yogg_cthun_3135006349516781_Mis_AM_DR_DS,39285,51.06%,
2T,VW_DH_VW_VF_yshaarj_nzoth_yogg_4049522998960109_Mis_AM_ME_DS,39283,51.06%,
2T,VW_DH_TV_VF_yshaarj_nzoth_yogg_4049797876342765_Mis_AM_ME_DS,39282,51.05%,
2T,AR_EC_VF_nzoth_yogg_cthun_3132858723860461_IN_AM_ME,39275,51.03%,
2T,VW_DH_TV_VF_yshaarj_nzoth_yogg_3977513643859949_Mis_AM_DR_DS,39273,51.02%,
2T,AR_SW_VF_nzoth_yogg_cthun_3132859797077997_IN_AM_DR,39272,51.02%,
2T,AR_SW_VF_yshaarj_nzoth_yogg_3977567121825773_IN_AM_ME,39272,51.02%,
2T,VW_DH_TV_VF_nzoth_yogg_cthun_3132806319628269_Mis_AM_ME_DS,39271,51.01%,
2T,AR_EC_VF_yshaarj_nzoth_yogg_4013438755266541_Mis_IV_DR,39270,51.01%,
2T,AR_EC_VF_yshaarj_nzoth_yogg_4014400827940845_IN_AM_ME,39269,51.00%,
2T,VW_DH_VW_VF_nzoth_yogg_cthun_3132791220658157_Mis_AM_DR,39269,51.00%,
2T,AR_SW_VF_nzoth_yogg_cthun_3132859797077997_IN_AM_ME,39268,51.00%,
2T,VW_DH_VW_VF_nzoth_yogg_cthun_3132951207665645_Mis_AM_ME_DS,39266,50.99%,
2T,AR_SW_VF_nzoth_yogg_cthun_3132996162805741_Mis_IV_ME,39262,50.98%,
2T,AR_SP_VF_nzoth_yogg_cthun_3169151196987373_IN_IV_DR,39262,50.98%,
2T,VW_DH_TV_VF_nzoth_yogg_cthun_3150268515803117_Mis_AM_ME_DS,39256,50.96%,
2T,VW_DH_VW_VF_nzoth_yogg_cthun_3150259992977389_Mis_AM_ME_DS,39256,50.95%,
2T,AR_SW_VF_yshaarj_nzoth_yogg_4013576194220013_IN_IV_DR,39256,50.95%,
2T,VW_DH_TV_VF_nzoth_yogg_cthun_3132808400003053_Mis_AM_ME_DS,39254,50.95%,
2T,AR_EC_VF_nzoth_yogg_cthun_3132858790961133_Mis_IV_DR,39254,50.95%,
2T,AR_SP_VF_nzoth_yogg_cthun_3132867313786861_IN_AM_ME,39253,50.94%,
2T,AR_EC_VF_nzoth_yogg_cthun_3150313470427117_Mis_IV_DR,39252,50.94%,
2T,AR_EC_VF_nzoth_yogg_cthun_3132859797594093_Mis_IV_DR,39249,50.93%,
2T,VW_DH_TV_VF_nzoth_yogg_cthun_3132944765214701_Mis_AM_DR_DS,39248,50.92%,
2T,AR_SP_VF_yshaarj_nzoth_yogg_3977567188410349_IN_AM_ME,39246,50.92%,
2T,AR_SP_VF_nzoth_yogg_cthun_3132858790445037_IN_AM_DR,39244,50.91%,
2T,AR_EC_VF_nzoth_yogg_cthun_3132858790445037_IN_AM_ME,39242,50.90%,
2T,VW_DH_VW_VF_nzoth_yogg_cthun_3150268515803117_Mis_AM_ME_DS,39242,50.90%,
2T,VW_DH_TV_VF_yshaarj_nzoth_yogg_4049522998444013_Mis_AM_DR_DS,39242,50.90%,
2T,AR_EC_VF_yshaarj_nzoth_yogg_4014400760840173_IN_AM_DR,39240,50.89%,
2T,VW_DH_VW_VF_nzoth_yogg_cthun_3150244894007277_Mis_AM_DR,39239,50.89%,
2T,VW_DH_VW_VF_nzoth_yogg_cthun_3132806319628269_Mis_AM_ME_DS,39239,50.89%,
2T,VW_DH_TV_VF_nzoth_yogg_cthun_3132806319628269_Mis_AM_DR_DS,39238,50.88%,
2T,VW_DH_TV_VF_nzoth_yogg_cthun_3150259926392813_Mis_AM_DR_DS,39231,50.86%,
2T,VW_DH_VW_VF_nzoth_yogg_cthun_3132808400003053_Mis_AM_DR_DS,39228,50.85%,
2T,AR_EC_VF_nzoth_yogg_cthun_3132858790961133_Mis_IV_ME,39228,50.85%,
2T,AR_SP_VF_nzoth_yogg_cthun_3132867380371437_IN_AM_ME,39228,50.85%,
2T,VW_DH_TV_VF_nzoth_yogg_cthun_3132798736334829_Mis_AM_ME,39225,50.83%,
2T,AR_EC_VF_nzoth_yogg_cthun_3132867313270765_IN_AM_ME,39220,50.82%,
2T,AR_SW_VF_nzoth_yogg_cthun_3132867313786861_IN_AM_DR,39215,50.79%,
2T,AR_SP_VF_nzoth_yogg_cthun_3169151197503469_IN_IV_DR,39213,50.79%,
2T,AR_SP_VF_nzoth_yogg_cthun_3132867380371437_IN_AM_DR,39212,50.78%,
2T,AR_EC_VF_yshaarj_nzoth_yogg_4013301316321261_IN_IV_DR,39212,50.78%,
2T,VW_DH_TV_VF_yshaarj_nzoth_yogg_3977498611474413_Mis_AM_DR,39209,50.77%,
2T,AR_SW_VF_yshaarj_nzoth_yogg_4013576127635437_IN_IV_DR,39208,50.77%,
2T,AR_SP_VF_nzoth_yogg_cthun_3132996162289645_IN_AM_DR,39208,50.77%,
2T,VW_DH_VW_VF_yshaarj_nzoth_yogg_4049522998960109_Mis_AM_DR_DS,39207,50.77%,
2T,AR_SW_VF_nzoth_yogg_cthun_3150313537527789_Mis_IV_ME,39206,50.76%,
2T,AR_SP_VF_nzoth_yogg_cthun_3132859797077997_IN_AM_ME,39203,50.75%,
2T,VW_DH_VW_VF_yshaarj_nzoth_yogg_4049522998444013_Mis_AM_ME_DS,39202,50.75%,
2T,AR_SW_VF_nzoth_yogg_cthun_3132859058872301_Mis_IV_ME,39200,50.74%,
2T,VW_DH_VW_VF_nzoth_yogg_cthun_3132942684839917_Mis_AM_ME_DS,39200,50.74%,
2T,VW_DH_VW_VF_nzoth_yogg_cthun_3132944765214701_Mis_AM_ME_DS,39198,50.73%,
2T,AR_EC_VF_yshaarj_nzoth_yogg_4013301584748525_IN_IV_DR,39195,50.72%,
2T,AR_SW_VF_yshaarj_nzoth_yogg_4014400760840173_IN_IV_ME,39193,50.71%,
2T,AR_SW_VF_nzoth_yogg_cthun_3132858790445037_IN_AM_ME,39193,50.71%,
2T,VW_DH_TV_VF_nzoth_yogg_cthun_3135004202041325_Mis_AM_ME_DS,39190,50.70%,
2T,VW_DH_TV_VF_nzoth_yogg_cthun_3132942617739245_Mis_AM_ME_DS,39186,50.69%,
2T,VW_DH_VW_VF_nzoth_yogg_cthun_3132806252527597_Mis_AM_ME_DS,39184,50.68%,
2T,VW_DH_TV_VF_nzoth_yogg_cthun_3132806252527597_Mis_AM_ME_DS,39184,50.68%,
2T,VW_DH_TV_VF_nzoth_yogg_cthun_3135006349516781_Mis_AM_ME_DS,39184,50.68%,
2T,AR_SP_VF_yshaarj_nzoth_yogg_3977567121825773_IN_AM_ME,39183,50.67%,
2T,VW_DH_VW_VF_nzoth_yogg_cthun_3132806253043693_Mis_AM_DR_DS,39179,50.66%,
2T,AR_SP_VF_nzoth_yogg_cthun_3132859797077997_IN_AM_DR,39178,50.65%,
2T,AR_EC_VF_nzoth_yogg_cthun_3132859797594093_Mis_IV_ME,39173,50.64%,
2T,AR_SW_VF_nzoth_yogg_cthun_3150313470943213_Mis_IV_ME,39171,50.63%,
2T,AR_SW_VF_nzoth_yogg_cthun_3150313470427117_IN_AM_DR,39168,50.62%,
2T,VW_DH_VW_VF_nzoth_yogg_cthun_3132942617739245_Mis_AM_ME_DS,39167,50.61%,
2T,AR_SW_VF_yshaarj_nzoth_yogg_3977567188410349_IN_AM_ME,39166,50.61%,
2T,AR_SP_VF_yshaarj_nzoth_yogg_4013576127635437_IN_IV_DR,39165,50.61%,
2T,AR_EC_VF_nzoth_yogg_cthun_3132867313786861_Mis_IV_ME,39162,50.59%,
2T,AR_EC_VF_yshaarj_nzoth_yogg_4013438755266541_IN_IV_ME,39159,50.58%,
2T,AR_EC_VF_nzoth_yogg_cthun_3132867380371437_Mis_IV_ME,39157,50.57%,
2T,AR_SP_VF_nzoth_yogg_cthun_3150313470427117_IN_AM_DR,39156,50.57%,
2T,AR_EC_VF_nzoth_yogg_cthun_3169151197503469_IN_IV_ME,39156,50.57%,
2T,VW_DH_TV_VF_nzoth_yogg_cthun_3132942618255341_Mis_AM_DR_DS,39154,50.56%,
2T,VW_DH_TV_VF_nzoth_yogg_cthun_3132944765214701_Mis_AM_ME_DS,39151,50.55%,
2T,VW_DH_TV_VF_yshaarj_nzoth_yogg_3977498544373741_Mis_AM_ME,39148,50.54%,
2T,VW_DH_TV_VF_nzoth_yogg_cthun_3132813768720365_Mis_AM_DR_DS,39146,50.53%,
2T,AR_EC_VF_nzoth_yogg_cthun_3132996162289645_Mis_IV_DR,39145,50.53%,
2T,AR_EC_VF_yshaarj_nzoth_yogg_4013576194220013_IN_AM_DR,39141,50.51%,
2T,AR_SW_VF_nzoth_yogg_cthun_3132859797594093_Mis_IV_DR,39139,50.51%,
2T,VW_DH_VW_VF_nzoth_yogg_cthun_3132807326785517_Mis_IV_DR_DS,39138,50.50%,
2T,AR_EC_VF_nzoth_yogg_cthun_3132859864178669_Mis_IV_DR,39133,50.48%,
2T,VW_DH_VW_VF_nzoth_yogg_cthun_3135004202557421_Mis_AM_ME_DS,39132,50.48%,
2T,VW_DH_VW_VF_nzoth_yogg_cthun_3132798736850925_Mis_AM_ME,39128,50.46%,
2T,AR_EC_VF_yshaarj_nzoth_yogg_4013576194220013_Mis_IV_DR,39128,50.46%,
2T,VW_DH_TV_VF_nzoth_yogg_cthun_3132798736850925_Mis_AM_DR,39126,50.46%,
2T,VW_DH_VW_VF_nzoth_yogg_cthun_3135006349516781_Mis_AM_DR_DS,39124,50.45%,
2T,AR_EC_VF_yshaarj_nzoth_yogg_4013576194220013_IN_IV_ME,39122,50.44%,
2T,AR_SW_VF_nzoth_yogg_cthun_3132875903205357_IN_IV_DR_DS,39122,50.44%,
2T,VW_DH_TV_VF_nzoth_yogg_cthun_3135004202557421_Mis_AM_DR_DS,39119,50.43%,
2T,AR_EC_VF_yshaarj_nzoth_yogg_4014400827940845_Mis_IV_DR,39117,50.42%,
2T,AR_EC_VF_yshaarj_nzoth_yogg_3977567121309677_IN_AM_ME,39115,50.41%,
2T,VW_DH_TV_VF_yshaarj_nzoth_yogg_3977498544889837_Mis_AM_ME,39112,50.40%,
2T,AR_SP_VF_yshaarj_nzoth_yogg_3977567188410349_IN_AM_DR,39110,50.39%,
2T,VW_DH_VW_VF_nzoth_yogg_cthun_3150259925876717_Mis_AM_ME_DS,39107,50.38%,
2T,AR_EC_VF_nzoth_yogg_cthun_3132996162289645_Mis_IV_ME,39106,50.38%,
2T,AR_SP_VF_yshaarj_nzoth_yogg_4013301584748525_IN_IV_DR,39106,50.38%,
2T,AR_EC_VF_nzoth_yogg_cthun_3132867313270765_IN_AM_DR,39106,50.38%,
2T,VW_DH_VW_VF_nzoth_yogg_cthun_3132798736850925_Mis_AM_DR,39103,50.37%,
2T,AR_SW_VF_nzoth_yogg_cthun_3132858790961133_Mis_IV_ME,39100,50.35%,
2T,VW_DH_VW_VF_yshaarj_nzoth_yogg_4049525145919469_Mis_AM_DR_DS,39099,50.35%,
2T,AR_SP_VF_nzoth_yogg_cthun_3132875903205357_IN_IV_DR_DS,39092,50.32%,
2T,AR_SW_VF_nzoth_yogg_cthun_3132859797594093_Mis_IV_ME,39091,50.32%,
2T,AR_EC_VF_nzoth_yogg_cthun_3132875970306029_IN_AM_ME_DS,39089,50.31%,
2T,AR_EC_VF_nzoth_yogg_cthun_3169151197503469_Mis_IV_DR,39087,50.30%,
2T,AR_SW_VF_nzoth_yogg_cthun_3132867313270765_IN_AM_DR,39083,50.29%,
2T,VW_DH_VW_VF_nzoth_yogg_cthun_3150262073352173_Mis_AM_DR_DS,39081,50.28%,
2T,VW_DH_TV_VF_yshaarj_nzoth_yogg_3977513576759277_Mis_AM_ME_DS,39081,50.28%,
2T,AR_SP_VF_yshaarj_nzoth_yogg_4013851072126957_IN_IV_DR,39079,50.27%,
2T,AR_SW_VF_nzoth_yogg_cthun_3132858723860461_IN_AM_DR,39077,50.27%,
2T,AR_SP_VF_nzoth_yogg_cthun_3132858723860461_IN_AM_ME,39077,50.26%,
2T,AR_SW_VF_nzoth_yogg_cthun_3132859058872301_Mis_IV_DR,39069,50.23%,
2T,AR_EC_VF_yshaarj_nzoth_yogg_4013438755266541_IN_AM_DR,39067,50.23%,
2T,VW_DH_TV_VF_nzoth_yogg_cthun_3132798736850925_Mis_AM_ME,39066,50.22%,
2T,VW_DH_VW_VF_nzoth_yogg_cthun_3135004202041325_Mis_AM_ME_DS,39065,50.22%,
2T,AR_EC_VF_nzoth_yogg_cthun_3132875903721453_IN_AM_ME_DS,39065,50.22%,
2T,VW_DH_TV_VF_nzoth_yogg_cthun_3132806253043693_Mis_AM_DR_DS,39064,50.22%,
2T,AR_EC_VF_yshaarj_nzoth_yogg_3977567121309677_IN_AM_DR,39059,50.20%,
2T,AR_SP_VF_nzoth_yogg_cthun_3132867313786861_IN_AM_DR,39055,50.18%,
2T,AR_EC_VF_yshaarj_nzoth_yogg_4013302390054893_IN_IV_DR,39054,50.18%,
2T,AR_EC_VF_yshaarj_nzoth_yogg_4014409417875437_IN_IV_ME_DS,39053,50.17%,
2T,AR_SP_VF_nzoth_yogg_cthun_3150313470943213_Mis_IV_ME,39049,50.16%,
2T,VW_DH_VW_VF_nzoth_yogg_cthun_3132806253043693_Mis_AM_ME_DS,39044,50.14%,
2T,AR_SP_VF_nzoth_yogg_cthun_3132996162289645_IN_AM_ME,39042,50.13%,
2T,VW_DH_TV_VF_nzoth_yogg_cthun_3150262073352173_Mis_AM_ME_DS,39039,50.12%,
2T,AR_EC_VF_nzoth_yogg_cthun_3169151264088045_Mis_IV_DR,39035,50.10%,
2T,AR_EC_VF_yshaarj_yogg_cthun_1972332857253869_IN_IV_DR,39034,50.10%,
2T,AR_EC_VF_yshaarj_nzoth_yogg_4013438688681965_IN_IV_ME,39034,50.10%,
2T,VW_DH_TV_VF_nzoth_yogg_cthun_3135004202557421_Mis_AM_ME_DS,39030,50.08%,
2T,AR_SP_VF_yshaarj_nzoth_yogg_3977567121825773_IN_AM_DR,39027,50.07%,
2T,AR_EC_VF_nzoth_yogg_cthun_3132867313786861_Mis_IV_DR,39026,50.07%,
2T,VW_DH_TV_VF_yshaarj_nzoth_yogg_4049523065544685_Mis_AM_ME_DS,39025,50.07%,
2T,AR_EC_VF_yshaarj_nzoth_yogg_4013851005542381_IN_IV_DR,39025,50.06%,
2T,VW_DH_TV_VF_nzoth_yogg_cthun_3132806253043693_Mis_AM_ME_DS,39022,50.05%,
2T,AR_EC_VF_nzoth_yogg_cthun_3150313537527789_Mis_AM_DR,39022,50.05%,
2T,AR_SW_VF_nzoth_yogg_cthun_3132875903205357_IN_IV_ME_DS,39021,50.05%,
2T,AR_EC_VF_yshaarj_nzoth_yogg_4014400760840173_IN_AM_ME,39021,50.05%,
2T,VW_DH_TV_VF_nzoth_yogg_cthun_3132808400003053_Mis_AM_DR_DS,39019,50.04%,
2T,AR_EC_VF_nzoth_yogg_cthun_3169159854022637_IN_IV_DR_DS,39016,50.03%,
2T,AR_SP_VF_nzoth_yogg_cthun_3132858790445037_IN_AM_ME,39014,50.02%,
2T,AR_EC_VF_nzoth_yogg_cthun_3169159787438061_IN_IV_DR_DS,39012,50.02%,
2T,AR_EC_VF_nzoth_yogg_cthun_3132859864178669_Mis_IV_ME,39012,50.02%,
2T,AR_SW_VF_yshaarj_nzoth_yogg_4013576127119341_IN_IV_DR,39011,50.01%,
2T,AR_EC_VF_yshaarj_nzoth_yogg_4014409417875437_IN_IV_DR_DS,39007,50.00%,
2T,AR_SP_VF_yshaarj_nzoth_yogg_4013438688681965_IN_IV_DR,39006,49.99%,
2T,AR_EC_VF_yshaarj_nzoth_yogg_4013301316837357_IN_IV_DR,39005,49.99%,
2T,AR_SW_VF_yshaarj_nzoth_yogg_4013438688681965_IN_IV_DR,39002,49.98%,
2T,AR_SW_VF_nzoth_yogg_cthun_3132996162289645_Mis_IV_DR,39002,49.98%,
2T,AR_EC_VF_yshaarj_nzoth_yogg_4013301584748525_IN_IV_ME,39001,49.97%,
2T,AR_EC_VF_yshaarj_nzoth_yogg_4013438755266541_Mis_IV_ME,39001,49.97%,
2T,AR_SP_VF_nzoth_yogg_cthun_3132858723860461_IN_AM_DR,39000,49.97%,
2T,AR_SP_VF_nzoth_yogg_cthun_3132859058872301_Mis_IV_ME,38996,49.95%,
2T,AR_SW_VF_nzoth_yogg_cthun_3132858790961133_Mis_IV_DR,38995,49.95%,
2T,VW_DH_VW_VF_nzoth_yogg_cthun_3132813768720365_Mis_AM_DR_DS,38992,49.94%,
2T,AR_SP_VF_nzoth_yogg_cthun_3169151264088045_IN_IV_ME,38992,49.94%,
2T,AR_SW_VF_yshaarj_nzoth_yogg_4013438755266541_IN_IV_DR,38991,49.94%,
2T,AR_SP_VF_yshaarj_nzoth_yogg_4014400827940845_IN_AM_DR,38990,49.93%,
2T,VW_DH_VW_VF_nzoth_yogg_cthun_3132944765214701_Mis_AM_DR_DS,38986,49.92%,
2T,AR_SP_VF_nzoth_yogg_cthun_3150313470427117_Mis_IV_ME,38984,49.91%,
2T,AR_SW_VF_nzoth_yogg_cthun_3132858790445037_IN_AM_DR,38983,49.91%,
2T,VW_DH_TV_VF_nzoth_yogg_cthun_3132815916195821_Mis_AM_ME_DS,38982,49.90%,
2T,AR_SW_VF_nzoth_yogg_cthun_3169151196987373_IN_IV_DR,38972,49.86%,
2T,AR_SP_VF_yshaarj_nzoth_yogg_4013438755266541_Mis_IV_DR,38972,49.86%,
2T,VW_DH_VW_VF_nzoth_yogg_cthun_3132942618255341_Mis_AM_ME_DS,38968,49.85%,
2T,VW_DH_VW_VF_nzoth_yogg_cthun_3132813835821037_Mis_AM_ME_DS,38964,49.83%,
2T,AR_SW_VF_yshaarj_nzoth_yogg_4013301584748525_IN_IV_DR,38963,49.83%,
2T,AR_EC_VF_nzoth_yogg_cthun_3132867380371437_Mis_IV_DR,38963,49.83%,
2T,VW_DH_TV_VF_yshaarj_nzoth_yogg_3977498544889837_Mis_AM_DR,38961,49.82%,
2T,AR_SP_VF_nzoth_yogg_cthun_3132859797594093_Mis_IV_DR,38960,49.82%,
2T,AR_SW_VF_yshaarj_nzoth_yogg_3977567188410349_IN_AM_DR,38959,49.81%,
2T,AR_SW_VF_yshaarj_nzoth_yogg_3977567121825773_IN_AM_DR,38959,49.81%,
2T,VW_DH_VW_VF_nzoth_yogg_cthun_3132813835821037_Mis_AM_DR_DS,38955,49.80%,
2T,AR_SW_VF_nzoth_yogg_cthun_3132875903721453_IN_AM_DR_DS,38955,49.80%,
2T,AR_EC_VF_yshaarj_nzoth_yogg_4013851005026285_IN_IV_DR,38954,49.79%,
2T,AR_SP_VF_nzoth_yogg_cthun_3169151197503469_IN_IV_ME,38953,49.79%,
2T,VW_DH_VW_VF_nzoth_yogg_cthun_3135004202557421_Mis_AM_DR_DS,38953,49.79%,
2T,AR_EC_VF_yshaarj_nzoth_yogg_4013576127119341_IN_IV_ME,38952,49.79%,
2T,VW_DH_TV_VF_nzoth_yogg_cthun_3132813835821037_Mis_AM_ME_DS,38951,49.78%,
2T,AR_SP_VF_nzoth_yogg_cthun_3150313470427117_Mis_IV_DR,38943,49.75%,
2T,AR_SP_VF_yshaarj_nzoth_yogg_4014400761356269_IN_AM_DR,38942,49.75%,
2T,AR_EC_VF_yshaarj_nzoth_yogg_3977567188410349_Mis_IV_DR,38941,49.74%,
2T,AR_EC_VF_nzoth_yogg_cthun_3132875903721453_IN_AM_DR_DS,38938,49.73%,
2T,AR_SP_VF_yshaarj_nzoth_yogg_4013438688165869_IN_IV_DR,38937,49.73%,
2T,VW_DH_VW_VF_nzoth_yogg_cthun_3150262073352173_Mis_AM_ME_DS,38936,49.72%,
2T,AR_EC_VF_yshaarj_nzoth_yogg_4013302322954221_IN_IV_DR,38936,49.72%,
2T,AR_EC_VF_nzoth_yogg_cthun_3132996229390317_Mis_AM_DR,38936,49.72%,
2T,AR_EC_VF_yshaarj_nzoth_yogg_4014400761356269_Mis_IV_DR,38935,49.72%,
2T,AR_SP_VF_nzoth_yogg_cthun_3132859864178669_Mis_IV_DR,38930,49.70%,
2T,AR_SW_VF_nzoth_yogg_cthun_3150313470427117_IN_AM_ME,38930,49.70%,
2T,AR_SW_VF_nzoth_yogg_cthun_3132859864178669_Mis_IV_ME,38929,49.70%,
2T,VW_DH_TV_VF_nzoth_yogg_cthun_3132807326269421_Mis_AM_DR_DS,38927,49.69%,
2T,VW_DH_VW_VF_nzoth_yogg_cthun_3150259926392813_Mis_AM_ME_DS,38927,49.69%,
2T,VW_DH_TV_VF_yshaarj_nzoth_yogg_3977513643859949_Mis_AM_ME_DS,38927,49.69%,
2T,VW_DH_TV_VF_nzoth_yogg_cthun_3132813835821037_Mis_AM_DR_DS,38927,49.69%,
2T,AR_SW_VF_nzoth_yogg_cthun_3150313470427117_Mis_IV_DR,38923,49.67%,
2T,VW_DH_TV_VF_yshaarj_nzoth_yogg_4049523065544685_Mis_AM_DR_DS,38921,49.67%,
2T,AR_SW_VF_nzoth_yogg_cthun_3132875903721453_IN_AM_ME_DS,38919,49.66%,
2T,VW_DH_TV_VF_nzoth_yogg_cthun_3150259925876717_Mis_AM_ME_DS,38916,49.65%,
2T,AR_SP_VF_nzoth_yogg_cthun_3132996162289645_Mis_IV_DR,38912,49.63%,
2T,AR_SP_VF_yshaarj_nzoth_yogg_4013302323470317_IN_IV_DR,38908,49.62%,
2T,VW_DH_VW_VF_nzoth_yogg_cthun_3132807326269421_Mis_AM_DR_DS,38903,49.60%,
2T,VW_DH_VW_VF_nzoth_yogg_cthun_3132815916195821_Mis_AM_ME_DS,38902,49.59%,
2T,AR_EC_VF_yshaarj_nzoth_yogg_4013576127635437_IN_AM_DR,38898,49.58%,
2T,AR_SW_VF_nzoth_yogg_cthun_3150313470427117_Mis_IV_ME,38897,49.57%,
2T,AR_EC_VF_yshaarj_nzoth_yogg_4014400827940845_Mis_IV_ME,38895,49.57%,
2T,VW_DH_VW_VF_nzoth_yogg_cthun_3132942618255341_Mis_AM_DR_DS,38894,49.56%,
2T,AR_EC_VF_nzoth_yogg_cthun_3169151196987373_IN_IV_ME,38893,49.56%,
2T,VW_DH_TV_VF_nzoth_yogg_cthun_3133363524526061_Mis_AM_DR_DS,38890,49.55%,
2T,AR_SW_VF_yshaarj_nzoth_yogg_4014400827940845_IN_AM_DR,38888,49.54%,
2T,AR_SW_VF_nzoth_yogg_cthun_3169151197503469_IN_IV_ME,38886,49.53%,
2T,AR_EC_VF_nzoth_yogg_cthun_3132858790445037_Mis_IV_DR,38883,49.52%,
2T,AR_SW_VF_yshaarj_nzoth_yogg_4014400761356269_IN_AM_DR,38883,49.52%,
2T,AR_SW_VF_nzoth_yogg_cthun_3132867313270765_IN_AM_ME,38879,49.50%,
2T,AR_EC_VF_nzoth_yogg_cthun_3150313537527789_Mis_AM_ME,38878,49.50%,
2T,AR_EC_VF_yshaarj_nzoth_yogg_4013576127635437_IN_IV_ME,38877,49.50%,
2T,VW_DH_VW_VF_nzoth_yogg_cthun_3150259926392813_Mis_AM_DR_DS,38876,49.49%,
2T,AR_EC_VF_yshaarj_nzoth_yogg_4013576194220013_IN_AM_ME,38871,49.47%,
2T,AR_SP_VF_nzoth_yogg_cthun_3132858790961133_Mis_IV_DR,38864,49.45%,
2T,AR_SP_VF_yshaarj_nzoth_yogg_4013301316837357_IN_IV_DR,38861,49.44%,
2T,VW_DH_TV_VF_yshaarj_nzoth_yogg_3977515724234733_Mis_AM_ME_DS,38857,49.42%,
2T,VW_DH_TV_VF_nzoth_yogg_cthun_3132813768720365_Mis_AM_ME_DS,38855,49.41%,
2T,AR_SP_VF_nzoth_yogg_cthun_3132996162289645_Mis_IV_ME,38854,49.41%,
2T,AR_SP_VF_nzoth_yogg_cthun_3169159854022637_IN_IV_DR_DS,38852,49.40%,
2T,AR_EC_VF_nzoth_yogg_cthun_3132996162805741_Mis_AM_ME,38851,49.40%,
2T,AR_EC_VF_yshaarj_nzoth_yogg_3977567121825773_Mis_IV_ME,38849,49.39%,
2T,AR_SP_VF_nzoth_yogg_cthun_3132859864178669_Mis_IV_ME,38848,49.38%,
2T,VW_DH_TV_VF_nzoth_yogg_cthun_3133363524526061_Mis_AM_ME_DS,38847,49.38%,
2T,AR_SP_VF_yshaarj_nzoth_yogg_4013576127635437_IN_IV_ME,38846,49.38%,
2T,AR_SP_VF_nzoth_yogg_cthun_3132875903721453_IN_AM_ME_DS,38846,49.38%,
2T,VW_DH_VW_VF_nzoth_yogg_cthun_3132807393370093_Mis_AM_ME_DS,38846,49.38%,
2T,AR_EC_VF_yshaarj_nzoth_yogg_4013438688681965_Mis_IV_DR,38843,49.37%,
2T,AR_SP_VF_yshaarj_nzoth_yogg_4013576127119341_IN_IV_DR,38843,49.37%,
2T,AR_SP_VF_yshaarj_nzoth_yogg_4014400761356269_IN_AM_ME,38842,49.36%,
2T,VW_DH_TV_VF_nzoth_yogg_cthun_3132942618255341_Mis_AM_ME_DS,38841,49.36%,
2T,AR_EC_VF_nzoth_yogg_cthun_3169151264088045_IN_AM_DR,38841,49.36%,
2T,AR_SP_VF_nzoth_yogg_cthun_3132858790961133_Mis_IV_ME,38840,49.36%,
2T,AR_SP_VF_nzoth_yogg_cthun_3150313470427117_IN_AM_ME,38835,49.33%,
2T,AR_SP_VF_yshaarj_nzoth_yogg_4013438755266541_IN_IV_ME,38834,49.33%,
2T,AR_EC_VF_nzoth_yogg_cthun_3132859797077997_Mis_IV_ME,38832,49.33%,
2T,AR_EC_VF_nzoth_yogg_cthun_3132858790445037_Mis_IV_ME,38827,49.30%,
2T,AR_EC_VF_nzoth_yogg_cthun_3169159787438061_IN_IV_ME_DS,38824,49.29%,
2T,VW_DH_TV_VF_nzoth_yogg_cthun_3132807393370093_Mis_AM_ME_DS,38824,49.29%,
2T,AR_SW_VF_nzoth_yogg_cthun_3132996162289645_Mis_IV_ME,38821,49.28%,
2T,AR_SP_VF_yshaarj_nzoth_yogg_3977567121309677_IN_AM_DR,38818,49.27%,
2T,AR_EC_VF_yshaarj_nzoth_yogg_4013576194220013_Mis_IV_ME,38817,49.27%,
2T,AR_SW_VF_nzoth_yogg_cthun_3169151264088045_Mis_IV_DR,38815,49.26%,
2T,AR_SP_VF_yshaarj_nzoth_yogg_4013576127119341_IN_IV_ME,38814,49.26%,
2T,AR_SW_VF_nzoth_yogg_cthun_3169151264088045_IN_AM_DR,38813,49.25%,
2T,AR_SP_VF_nzoth_yogg_cthun_3169151264088045_Mis_IV_DR,38813,49.25%,
2T,VW_DH_TV_VF_yshaarj_nzoth_yogg_3977515724234733_Mis_AM_DR_DS,38812,49.25%,
2T,AR_SP_VF_yshaarj_nzoth_yogg_4014400827940845_IN_AM_ME,38809,49.23%,
2T,AR_SP_VF_yshaarj_nzoth_yogg_4014409417875437_IN_IV_DR_DS,38808,49.23%,
2T,AR_SP_VF_nzoth_yogg_cthun_3132867380371437_Mis_IV_ME,38808,49.23%,
2T,AR_SW_VF_yshaarj_nzoth_yogg_4013576127635437_IN_IV_ME,38806,49.22%,
2T,AR_EC_VF_yshaarj_nzoth_yogg_4013301584748525_Mis_IV_DR,38805,49.22%,
2T,AR_EC_VF_nzoth_yogg_cthun_3132859797077997_Mis_IV_DR,38804,49.22%,
2T,VW_DH_TV_VF_yshaarj_nzoth_yogg_3977513577275373_Mis_AM_ME_DS,38803,49.21%,
2T,VW_DH_VW_VF_nzoth_yogg_cthun_3132813768720365_Mis_AM_ME_DS,38802,49.21%,
2T,AR_EC_VF_nzoth_yogg_cthun_3169151264088045_IN_AM_ME,38802,49.21%,
2T,AR_EC_VF_yshaarj_nzoth_yogg_4013438688165869_IN_IV_ME,38801,49.21%,
2T,AR_EC_VF_yshaarj_nzoth_yogg_4013851072126957_IN_IV_ME,38798,49.19%,
2T,AR_SW_VF_nzoth_yogg_cthun_3132875970306029_IN_AM_ME_DS,38797,49.19%,
2T,AR_EC_VF_yshaarj_nzoth_yogg_4013301584748525_IN_AM_DR,38792,49.17%,
2T,VW_DH_TV_VF_nzoth_yogg_cthun_3132807326269421_Mis_AM_ME_DS,38781,49.13%,
2T,VW_DH_TV_VF_yshaarj_nzoth_yogg_3977513577275373_Mis_AM_DR_DS,38780,49.12%,
2T,AR_SW_VF_nzoth_yogg_cthun_3132996229390317_Mis_AM_DR,38780,49.12%,
2T,AR_EC_VF_nzoth_yogg_cthun_3132875970306029_IN_AM_DR_DS,38778,49.12%,
2T,AR_EC_VF_yshaarj_nzoth_yogg_4013301316837357_IN_IV_ME,38777,49.11%,
2T,AR_SP_VF_nzoth_yogg_cthun_3132859797077997_Mis_IV_DR,38776,49.11%,
2T,AR_SP_VF_nzoth_yogg_cthun_3132867313270765_IN_AM_ME,38775,49.11%,
2T,AR_EC_VF_nzoth_yogg_cthun_3132858723860461_Mis_IV_ME,38773,49.10%,
2T,AR_SW_VF_nzoth_yogg_cthun_3132867380371437_Mis_IV_DR,38773,49.10%,
2T,AR_SW_VF_nzoth_yogg_cthun_3132858723860461_Mis_IV_ME,38772,49.09%,
2T,AR_SW_VF_yshaarj_nzoth_yogg_3977567121309677_IN_AM_ME,38771,49.09%,
2T,VW_DH_TV_VF_yshaarj_nzoth_yogg_4049522998444013_Mis_AM_ME_DS,38767,49.07%,
2T,AR_SW_VF_nzoth_yogg_cthun_3132867313786861_Mis_IV_ME,38766,49.07%,
2T,AR_SP_VF_yshaarj_nzoth_yogg_3977567121309677_IN_AM_ME,38765,49.07%,
2T,AR_EC_VF_yshaarj_nzoth_yogg_4013576127119341_IN_AM_DR,38762,49.05%,
2T,AR_EC_VF_nzoth_yogg_cthun_3150313470943213_Mis_AM_ME,38761,49.05%,
2T,AR_SW_VF_nzoth_yogg_cthun_3132858790445037_Mis_IV_DR,38760,49.05%,
2T,AR_EC_VF_nzoth_yogg_cthun_3169159786921965_IN_IV_DR_DS,38760,49.05%,
2T,AR_SW_VF_yshaarj_nzoth_yogg_4014400761356269_IN_AM_ME,38759,49.04%,
2T,AR_SW_VF_nzoth_yogg_cthun_3132859864178669_Mis_IV_DR,38758,49.04%,
2T,VW_DH_TV_VF_nzoth_yogg_cthun_3150259926392813_Mis_AM_ME_DS,38757,49.03%,
2T,AR_EC_VF_yshaarj_nzoth_yogg_4013301249736685_IN_IV_DR,38754,49.02%,
2T,AR_SP_VF_nzoth_yogg_cthun_3132859797594093_Mis_IV_ME,38753,49.02%,
2T,AR_SW_VF_yshaarj_nzoth_yogg_4013438688165869_IN_IV_DR,38747,49.00%,
2T,AR_EC_VF_yshaarj_nzoth_yogg_4014409351290861_IN_IV_DR_DS,38747,49.00%,
2T,AR_SW_VF_yshaarj_nzoth_yogg_4013576194220013_Mis_IV_DR,38744,48.99%,
2T,AR_EC_VF_yshaarj_nzoth_yogg_3977567121825773_Mis_IV_DR,38733,48.94%,
2T,AR_EC_VF_nzoth_yogg_cthun_3132858723860461_Mis_IV_DR,38724,48.91%,
2T,AR_SW_VF_nzoth_yogg_cthun_3132996162805741_Mis_AM_DR,38723,48.91%,
2T,AR_SP_VF_nzoth_yogg_cthun_3132875903721453_IN_AM_DR_DS,38718,48.88%,
2T,AR_EC_VF_nzoth_yogg_cthun_3169151264088045_Mis_IV_ME,38718,48.88%,
2T,AR_SP_VF_yshaarj_nzoth_yogg_4014400761356269_Mis_IV_DR,38718,48.88%,
2T,AR_SW_VF_nzoth_yogg_cthun_3169159854022637_IN_IV_DR_DS,38716,48.88%,
2T,AR_SP_VF_nzoth_yogg_cthun_3132875970306029_IN_AM_DR_DS,38714,48.87%,
2T,AR_SP_VF_nzoth_yogg_cthun_3169159787438061_IN_IV_DR_DS,38714,48.87%,
2T,AR_SW_VF_yshaarj_nzoth_yogg_4013576194220013_IN_IV_ME,38713,48.87%,
2T,AR_EC_VF_nzoth_yogg_cthun_3132859797594093_Mis_AM_ME,38713,48.87%,
2T,AR_EC_VF_nzoth_yogg_cthun_3132996229390317_Mis_AM_ME,38711,48.86%,
2T,AR_EC_VF_nzoth_yogg_cthun_3150313470943213_Mis_AM_DR,38708,48.85%,
2T,AR_EC_VF_nzoth_yogg_cthun_3132996162805741_Mis_AM_DR,38707,48.84%,
2T,AR_SW_VF_yshaarj_nzoth_yogg_4013438688681965_IN_IV_ME,38707,48.84%,
2T,VW_DH_TV_VF_nzoth_yogg_cthun_3132813769236461_Mis_AM_DR_DS,38706,48.84%,
2T,AR_SW_VF_yshaarj_nzoth_yogg_3977567121309677_IN_AM_DR,38704,48.83%,
2T,AR_SP_VF_nzoth_yogg_cthun_3132867313270765_IN_AM_DR,38703,48.83%,
2T,AR_SP_VF_nzoth_yogg_cthun_3169151196987373_IN_IV_ME,38703,48.83%,
2T,AR_EC_VF_nzoth_yogg_cthun_3132859864178669_Mis_AM_DR,38702,48.82%,
2T,AR_SW_VF_nzoth_yogg_cthun_3150313537527789_Mis_AM_DR,38702,48.82%,
2T,AR_EC_VF_nzoth_yogg_cthun_3169159854022637_IN_IV_ME_DS,38701,48.82%,
2T,AR_EC_VF_yshaarj_nzoth_yogg_4013301316837357_IN_AM_DR,38700,48.82%,
2T,AR_EC_VF_yshaarj_nzoth_yogg_4013302323470317_IN_IV_ME,38699,48.81%,
2T,AR_SW_VF_nzoth_yogg_cthun_3132875970306029_IN_AM_DR_DS,38693,48.79%,
2T,AR_SP_VF_yshaarj_nzoth_yogg_4013851005542381_IN_IV_DR,38692,48.79%,
2T,AR_SW_VF_nzoth_yogg_cthun_3169151264088045_IN_IV_ME,38691,48.78%,
2T,VW_DH_VW_VF_nzoth_yogg_cthun_3132813769236461_Mis_AM_ME_DS,38690,48.78%,
2T,AR_SP_VF_nzoth_yogg_cthun_3132858723860461_Mis_IV_DR,38690,48.78%,
2T,AR_EC_VF_yshaarj_nzoth_yogg_4013301316321261_IN_IV_ME,38688,48.77%,
2T,AR_SP_VF_nzoth_yogg_cthun_3150313537527789_Mis_AM_DR,38682,48.75%,
2T,VW_DH_TV_VF_yshaarj_nzoth_yogg_4049525145919469_Mis_AM_DR_DS,38682,48.75%,
2T,AR_SP_VF_nzoth_yogg_cthun_3132875970306029_IN_AM_ME_DS,38680,48.74%,
2T,AR_EC_VF_yshaarj_nzoth_yogg_4013576127635437_Mis_IV_DR,38673,48.71%,
2T,AR_SP_VF_yshaarj_nzoth_yogg_4013438755266541_Mis_IV_ME,38673,48.71%,
2T,AR_SW_VF_yshaarj_nzoth_yogg_4013438755266541_IN_IV_ME,38671,48.70%,
2T,AR_SW_VF_yshaarj_nzoth_yogg_4014400827940845_IN_AM_ME,38670,48.70%,
2T,AR_EC_VF_yshaarj_nzoth_yogg_4013438755266541_Mis_AM_ME,38665,48.68%,
2T,VW_DH_VW_VF_nzoth_yogg_cthun_3132815916195821_Mis_AM_DR_DS,38664,48.68%,
2T,AR_EC_VF_yshaarj_nzoth_yogg_4014400760840173_Mis_IV_DR,38661,48.67%,
2T,AR_EC_VF_yshaarj_nzoth_yogg_4013302323470317_IN_IV_DR,38660,48.66%,
2T,AR_SW_VF_yshaarj_nzoth_yogg_4013851072126957_IN_IV_DR,38658,48.65%,
2T,AR_EC_VF_yshaarj_nzoth_yogg_4013438688681965_IN_AM_DR,38655,48.64%,
2T,AR_EC_VF_yshaarj_nzoth_yogg_4013438755266541_IN_AM_ME,38646,48.61%,
2T,AR_EC_VF_nzoth_yogg_cthun_3169151196987373_IN_AM_DR,38642,48.59%,
2T,AR_EC_VF_yshaarj_nzoth_yogg_4013576127635437_IN_AM_ME,38639,48.58%,
2T,AR_EC_VF_yshaarj_nzoth_yogg_4013302322954221_IN_IV_ME,38635,48.57%,
2T,AR_SP_VF_yshaarj_nzoth_yogg_4013438755266541_IN_AM_DR,38633,48.56%,
2T,AR_SW_VF_nzoth_yogg_cthun_3169151197503469_Mis_IV_DR,38632,48.55%,
2T,AR_SW_VF_yshaarj_nzoth_yogg_4013438755266541_Mis_IV_DR,38631,48.55%,
2T,AR_SP_VF_nzoth_yogg_cthun_3132867380371437_Mis_IV_DR,38631,48.55%,
2T,AR_EC_VF_yshaarj_nzoth_yogg_4013851005542381_IN_IV_ME,38629,48.54%,
2T,AR_SW_VF_nzoth_yogg_cthun_3132867380371437_Mis_IV_ME,38623,48.52%,
2T,AR_SW_VF_nzoth_yogg_cthun_3132867313786861_Mis_IV_DR,38623,48.52%,
2T,AR_SP_VF_nzoth_yogg_cthun_3169151197503469_Mis_IV_DR,38622,48.52%,
2T,AR_EC_VF_yshaarj_nzoth_yogg_4013438755266541_Mis_AM_DR,38621,48.51%,
2T,AR_SW_VF_nzoth_yogg_cthun_3169159787438061_IN_IV_DR_DS,38621,48.51%,
2T,AR_SW_VF_nzoth_yogg_cthun_3169151264088045_Mis_IV_ME,38619,48.50%,
2T,AR_SP_VF_yshaarj_nzoth_yogg_4013576194220013_IN_IV_ME,38619,48.50%,
2T,AR_SP_VF_yshaarj_nzoth_yogg_4013438688681965_Mis_IV_DR,38618,48.50%,
2T,AR_SW_VF_yshaarj_nzoth_yogg_4013576127635437_Mis_IV_DR,38616,48.49%,
2T,AR_EC_VF_yshaarj_nzoth_yogg_4014409351290861_IN_IV_ME_DS,38615,48.49%,
2T,AR_SP_VF_yshaarj_nzoth_yogg_4013302390054893_IN_IV_DR,38614,48.49%,
2T,AR_EC_VF_nzoth_yogg_cthun_3132867313270765_Mis_IV_ME,38613,48.48%,
2T,AR_EC_VF_yshaarj_nzoth_yogg_4013318496182253_IN_IV_DR_DS,38612,48.48%,
2T,AR_EC_VF_yshaarj_nzoth_yogg_4013301316837357_Mis_IV_DR,38610,48.47%,
2T,AR_SP_VF_yshaarj_nzoth_yogg_4014409351290861_IN_IV_DR_DS,38606,48.45%,
2T,AR_SW_VF_nzoth_yogg_cthun_3169151196987373_IN_IV_ME,38605,48.45%,
2T,AR_SP_VF_yshaarj_nzoth_yogg_4013438688681965_IN_IV_ME,38604,48.45%,
2T,AR_EC_VF_yshaarj_nzoth_yogg_4014400761356269_Mis_IV_ME,38603,48.44%,
2T,AR_SW_VF_yshaarj_nzoth_yogg_4013301316837357_IN_IV_DR,38602,48.44%,
2T,AR_EC_VF_nzoth_yogg_cthun_3169151197503469_IN_AM_ME,38596,48.42%,
2T,AR_EC_VF_yshaarj_nzoth_yogg_4013851072126957_IN_AM_DR,38595,48.41%,
2T,VW_DH_TV_VF_yshaarj_nzoth_yogg_4049522998960109_Mis_AM_DR_DS,38592,48.40%,
2T,AR_EC_VF_nzoth_yogg_cthun_3132859058872301_Mis_AM_DR,38591,48.40%,
2T,AR_SP_VF_yshaarj_nzoth_yogg_4013576194220013_Mis_IV_DR,38588,48.39%,
2T,VW_DH_TV_VF_nzoth_yogg_cthun_3132813769236461_Mis_AM_ME_DS,38586,48.38%,
2T,AR_EC_VF_yshaarj_nzoth_yogg_4013851005026285_IN_IV_ME,38585,48.38%,
2T,AR_EC_VF_nzoth_yogg_cthun_3169151197503469_IN_AM_DR,38585,48.37%,
2T,AR_EC_VF_yshaarj_nzoth_yogg_4013438688165869_IN_AM_DR,38584,48.37%,
2T,AR_EC_VF_yshaarj_nzoth_yogg_4013851072126957_Mis_IV_DR,38582,48.36%,
2T,AR_SP_VF_yshaarj_nzoth_yogg_4014400827940845_Mis_IV_DR,38581,48.36%,
2T,AR_SW_VF_nzoth_yogg_cthun_3132859797077997_Mis_IV_DR,38579,48.35%,
2T,AR_EC_VF_yshaarj_nzoth_yogg_4013302390054893_IN_IV_ME,38573,48.33%,
2T,AR_SW_VF_yshaarj_nzoth_yogg_4013851005542381_IN_IV_DR,38573,48.33%,
2T,AR_SP_VF_nzoth_yogg_cthun_3132867313786861_Mis_IV_DR,38572,48.32%,
2T,AR_SP_VF_yshaarj_nzoth_yogg_4014409351290861_IN_IV_ME_DS,38563,48.29%,
2T,AR_SP_VF_nzoth_yogg_cthun_3132867313786861_Mis_IV_ME,38554,48.26%,
2T,AR_SP_VF_nzoth_yogg_cthun_3169151264088045_IN_AM_DR,38554,48.25%,
2T,AR_SW_VF_nzoth_yogg_cthun_3132859797077997_Mis_IV_ME,38550,48.24%,
2T,AR_SP_VF_nzoth_yogg_cthun_3169159786921965_IN_IV_DR_DS,38545,48.22%,
2T,AR_SP_VF_yshaarj_nzoth_yogg_4013438688165869_IN_IV_ME,38545,48.22%,
2T,AR_SW_VF_nzoth_yogg_cthun_3132858790445037_Mis_IV_ME,38543,48.21%,
2T,AR_EC_VF_nzoth_yogg_cthun_3132867313270765_Mis_IV_DR,38542,48.21%,
2T,VW_DH_TV_VF_nzoth_yogg_cthun_3132807393370093_Mis_AM_DR_DS,38541,48.21%,
2T,AR_SP_VF_nzoth_yogg_cthun_3132858790445037_Mis_IV_DR,38539,48.20%,
2T,AR_EC_VF_yshaarj_nzoth_yogg_4013447345201133_IN_IV_DR_DS,38538,48.19%,
2T,AR_EC_VF_nzoth_yogg_cthun_3132875903205357_IN_AM_ME_DS,38538,48.19%,
2T,AR_EC_VF_yshaarj_nzoth_yogg_4013301584748525_Mis_IV_ME,38534,48.18%,
2T,AR_SW_VF_yshaarj_nzoth_yogg_4013576194220013_IN_AM_DR,38531,48.17%,
2T,AR_SW_VF_nzoth_yogg_cthun_3169159787438061_IN_IV_ME_DS,38531,48.17%,
2T,AR_SW_VF_yshaarj_nzoth_yogg_4014400827940845_Mis_IV_DR,38531,48.16%,
2T,AR_SP_VF_nzoth_yogg_cthun_3132996229390317_Mis_AM_ME,38529,48.16%,
2T,AR_SP_VF_yshaarj_nzoth_yogg_4013301584748525_IN_IV_ME,38527,48.15%,
2T,VW_DH_TV_VF_nzoth_yogg_cthun_3132815916195821_Mis_AM_DR_DS,38527,48.15%,
2T,AR_EC_VF_yshaarj_nzoth_yogg_4013301249736685_IN_IV_ME,38523,48.14%,
2T,AR_SW_VF_yshaarj_nzoth_yogg_4013438755266541_Mis_IV_ME,38521,48.13%,
2T,AR_EC_VF_yshaarj_nzoth_yogg_3977567188410349_Mis_IV_ME,38519,48.12%,
2T,AR_SP_VF_yshaarj_nzoth_yogg_4013301584748525_IN_AM_DR,38517,48.11%,
2T,AR_EC_VF_yshaarj_nzoth_yogg_4013302390054893_Mis_IV_DR,38517,48.11%,
2T,AR_EC_VF_nzoth_yogg_cthun_3132859058872301_Mis_AM_ME,38516,48.11%,
2T,AR_EC_VF_nzoth_yogg_cthun_3132875970306029_Mis_IV_DR_DS,38515,48.11%,
2T,AR_SP_VF_nzoth_yogg_cthun_3169159854022637_IN_IV_ME_DS,38510,48.09%,
2T,AR_EC_VF_yshaarj_nzoth_yogg_4013438688681965_Mis_IV_ME,38510,48.09%,
2T,AR_SW_VF_nzoth_yogg_cthun_3132996229390317_Mis_AM_ME,38505,48.07%,
2T,AR_SP_VF_nzoth_yogg_cthun_3150313537527789_Mis_AM_ME,38504,48.06%,
2T,AR_SW_VF_yshaarj_nzoth_yogg_4013302390054893_IN_IV_DR,38503,48.06%,
2T,AR_SP_VF_yshaarj_nzoth_yogg_4013576194220013_Mis_IV_ME,38503,48.06%,
2T,AR_SP_VF_yshaarj_nzoth_yogg_3977567188410349_Mis_IV_ME,38500,48.05%,
2T,AR_EC_VF_yshaarj_nzoth_yogg_4013302390054893_IN_AM_DR,38498,48.04%,
2T,AR_EC_VF_yshaarj_yogg_cthun_1972332790669293_IN_IV_DR,38492,48.02%,
2T,AR_SW_VF_yshaarj_nzoth_yogg_3977567188410349_Mis_IV_DR,38491,48.01%,
2T,AR_EC_VF_yshaarj_nzoth_yogg_4014409350774765_IN_IV_DR_DS,38489,48.01%,
2T,AR_EC_VF_yshaarj_nzoth_yogg_4013584784154605_IN_IV_DR_DS,38489,48.00%,
2T,AR_EC_VF_nzoth_yogg_cthun_3132875903721453_Mis_IV_DR_DS,38488,48.00%,
2T,AR_SP_VF_yshaarj_nzoth_yogg_4013576127635437_Mis_IV_DR,38486,47.99%,
2T,AR_SW_VF_nzoth_yogg_cthun_3132858723860461_Mis_IV_DR,38484,47.99%,
2T,VW_DH_TV_VF_yshaarj_nzoth_yogg_4049525145919469_Mis_AM_ME_DS,38483,47.98%,
2T,VW_DH_TV_VF_yshaarj_nzoth_yogg_4049522998960109_Mis_AM_ME_DS,38483,47.98%,
2T,AR_EC_VF_nzoth_yogg_cthun_3169151196987373_Mis_IV_DR,38481,47.97%,
2T,AR_SW_VF_yshaarj_nzoth_yogg_4014409417875437_IN_IV_ME_DS,38480,47.97%,
2T,AR_EC_VF_yshaarj_nzoth_yogg_4013438688165869_Mis_IV_DR,38479,47.97%,
2T,VW_DH_VW_VF_nzoth_yogg_cthun_3132807393370093_Mis_AM_DR_DS,38479,47.97%,
2T,AR_SW_VF_yshaarj_nzoth_yogg_4013302323470317_IN_IV_DR,38478,47.96%,
2T,VW_DH_VW_VF_nzoth_yogg_cthun_3132807326269421_Mis_AM_ME_DS,38477,47.96%,
2T,VW_DH_VW_VF_nzoth_yogg_cthun_3132807326785517_Mis_AM_DR_DS,38476,47.95%,
2T,AR_SW_VF_nzoth_yogg_cthun_3169151197503469_IN_AM_DR,38474,47.95%,
2T,AR_SP_VF_yshaarj_nzoth_yogg_4013301584748525_Mis_IV_DR,38474,47.95%,
2T,AR_EC_VF_nzoth_yogg_cthun_3132875903205357_IN_AM_DR_DS,38472,47.94%,
2T,AR_EC_VF_nzoth_yogg_cthun_3169159787438061_Mis_IV_DR_DS,38471,47.93%,
2T,AR_SW_VF_nzoth_yogg_cthun_3132875903205357_IN_AM_DR_DS,38467,47.92%,
2T,AR_SP_VF_nzoth_yogg_cthun_3132858790445037_Mis_IV_ME,38465,47.91%,
2T,VW_DH_TV_VF_nzoth_yogg_cthun_3132807326785517_Mis_AM_ME_DS,38464,47.91%,
2T,AR_EC_VF_yshaarj_yogg_cthun_2043251290660845_IN_IV_DR,38462,47.90%,
2T,AR_EC_VF_yshaarj_nzoth_yogg_4013576194220013_Mis_AM_ME,38462,47.90%,
2T,AR_SP_VF_yshaarj_nzoth_yogg_4013301249736685_IN_IV_DR,38462,47.90%,
2T,AR_SW_VF_yshaarj_nzoth_yogg_4013576127635437_IN_AM_DR,38461,47.90%,
2T,AR_EC_VF_nzoth_yogg_cthun_3169151196987373_Mis_IV_ME,38461,47.90%,
2T,AR_SP_VF_yshaarj_nzoth_yogg_4014409417875437_IN_IV_ME_DS,38460,47.89%,
2T,AR_SW_VF_yshaarj_nzoth_yogg_4014409350774765_IN_IV_DR_DS,38459,47.89%,
2T,VW_DH_VW_VF_nzoth_yogg_cthun_3132807326785517_Mis_AM_ME_DS,38459,47.89%,
2T,AR_EC_VF_yshaarj_nzoth_yogg_4013318429597677_IN_IV_DR_DS,38458,47.88%,
2T,AR_SP_VF_yshaarj_nzoth_yogg_4013576194220013_IN_AM_DR,38450,47.86%,
2T,AR_SP_VF_nzoth_yogg_cthun_3169151264088045_Mis_IV_ME,38449,47.85%,
2T,AR_SP_VF_nzoth_yogg_cthun_3169159787438061_IN_IV_ME_DS,38449,47.85%,
2T,AR_SW_VF_nzoth_yogg_cthun_3169151197503469_Mis_IV_ME,38448,47.85%,
2T,AR_SW_VF_yshaarj_nzoth_yogg_4014400761356269_Mis_IV_ME,38447,47.84%,
2T,AR_SP_VF_nzoth_yogg_cthun_3132996229390317_Mis_AM_DR,38445,47.84%,
2T,AR_EC_VF_nzoth_yogg_cthun_3169151197503469_Mis_IV_ME,38441,47.82%,
2T,AR_SW_VF_yshaarj_nzoth_yogg_4014400760840173_IN_AM_DR,38439,47.81%,
2T,AR_SW_VF_yshaarj_nzoth_yogg_4014400827940845_Mis_IV_ME,38438,47.81%,
2T,AR_EC_VF_nzoth_yogg_cthun_3132867313786861_Mis_AM_ME,38435,47.80%,
2T,AR_SW_VF_yshaarj_nzoth_yogg_4013576127119341_IN_IV_ME,38432,47.78%,
2T,AR_EC_VF_yshaarj_nzoth_yogg_4013851005026285_IN_AM_DR,38431,47.78%,
2T,AR_SP_VF_yshaarj_nzoth_yogg_4014400760840173_IN_AM_ME,38430,47.78%,
2T,AR_SW_VF_yshaarj_nzoth_yogg_4013301584748525_Mis_IV_DR,38427,47.77%,
2T,AR_EC_VF_yshaarj_yogg_cthun_2043251357245421_IN_IV_DR,38424,47.76%,
2T,AR_SW_VF_yshaarj_nzoth_yogg_4013438755266541_Mis_AM_DR,38424,47.76%,
2T,AR_EC_VF_yshaarj_nzoth_yogg_4013301584748525_IN_AM_ME,38422,47.75%,
2T,VW_DH_TV_VF_nzoth_yogg_cthun_3132807326785517_Mis_AM_DR_DS,38420,47.74%,
2T,AR_SP_VF_yshaarj_nzoth_yogg_4013584784154605_IN_IV_DR_DS,38420,47.74%,
2T,VW_DH_VW_VF_nzoth_yogg_cthun_3132813769236461_Mis_AM_DR_DS,38420,47.74%,
2T,AR_SW_VF_nzoth_yogg_cthun_3150313537527789_Mis_AM_ME,38419,47.74%,
2T,AR_EC_VF_nzoth_yogg_cthun_3132858790961133_Mis_AM_ME,38417,47.73%,
2T,AR_SP_VF_yshaarj_nzoth_yogg_4013851005542381_IN_IV_ME,38416,47.73%,
2T,AR_EC_VF_yshaarj_nzoth_yogg_4013576194220013_Mis_AM_DR,38416,47.72%,
2T,AR_SW_VF_nzoth_yogg_cthun_3169159854022637_IN_IV_ME_DS,38414,47.71%,
2T,AR_SP_VF_yshaarj_nzoth_yogg_4013302390054893_IN_IV_ME,38413,47.71%,
2T,AR_EC_VF_yshaarj_nzoth_yogg_4013438688681965_IN_AM_ME,38412,47.71%,
2T,AR_SP_VF_yshaarj_nzoth_yogg_4013301316321261_IN_IV_DR,38412,47.71%,
2T,AR_SW_VF_yshaarj_nzoth_yogg_4014400761356269_Mis_IV_DR,38409,47.70%,
2T,AR_SW_VF_yshaarj_nzoth_yogg_4013438688681965_Mis_IV_DR,38408,47.69%,
2T,AR_SW_VF_nzoth_yogg_cthun_3132875903205357_IN_AM_ME_DS,38407,47.69%,
2T,AR_SP_VF_yshaarj_nzoth_yogg_4014409350774765_IN_IV_DR_DS,38406,47.69%,
2T,AR_EC_VF_nzoth_yogg_cthun_3132859864178669_Mis_AM_ME,38406,47.69%,
2T,AR_SP_VF_yshaarj_nzoth_yogg_4013301316837357_IN_IV_ME,38406,47.68%,
2T,AR_EC_VF_yshaarj_nzoth_yogg_4014400827940845_Mis_AM_DR,38405,47.68%,
2T,AR_EC_VF_nzoth_yogg_cthun_3169159854022637_IN_AM_DR_DS,38404,47.68%,
2T,AR_EC_VF_nzoth_yogg_cthun_3169159786921965_IN_IV_ME_DS,38403,47.67%,
2T,AR_EC_VF_yshaarj_nzoth_yogg_4013310174683117_IN_IV_DR_DS,38403,47.67%,
2T,AR_SW_VF_yshaarj_nzoth_yogg_4013301316321261_IN_IV_DR,38401,47.67%,
2T,AR_SP_VF_yshaarj_nzoth_yogg_4013851005026285_IN_IV_ME,38401,47.67%,
2T,AR_SW_VF_yshaarj_nzoth_yogg_4013438755266541_IN_AM_DR,38401,47.67%,
2T,AR_EC_VF_yshaarj_nzoth_yogg_4013438688165869_Mis_IV_ME,38400,47.66%,
2T,AR_EC_VF_yshaarj_nzoth_yogg_4013576127635437_Mis_IV_ME,38398,47.66%,
2T,AR_SP_VF_yshaarj_nzoth_yogg_4013438688165869_Mis_IV_DR,38397,47.65%,
2T,AR_EC_VF_yshaarj_nzoth_yogg_4013302323470317_IN_AM_DR,38395,47.64%,
2T,AR_SW_VF_nzoth_yogg_cthun_3132867313270765_Mis_IV_ME,38395,47.64%,
2T,AR_SW_VF_yshaarj_nzoth_yogg_4013301584748525_IN_IV_ME,38391,47.63%,
2T,AR_SP_VF_nzoth_yogg_cthun_3169151196987373_Mis_IV_DR,38391,47.63%,
2T,AR_SW_VF_yshaarj_nzoth_yogg_3977567188410349_Mis_IV_ME,38390,47.62%,
2T,AR_SP_VF_yshaarj_nzoth_yogg_4014400760840173_IN_AM_DR,38390,47.62%,
2T,AR_SP_VF_nzoth_yogg_cthun_3169151264088045_IN_AM_ME,38389,47.62%,
2T,AR_EC_VF_nzoth_yogg_cthun_3169151196987373_IN_AM_ME,38387,47.61%,
2T,AR_SW_VF_nzoth_yogg_cthun_3150313470943213_Mis_AM_DR,38385,47.60%,
2T,AR_EC_VF_yshaarj_nzoth_yogg_4013851005542381_Mis_IV_DR,38385,47.60%,
2T,AR_EC_VF_yshaarj_nzoth_yogg_4013301316321261_IN_AM_DR,38383,47.60%,
2T,AR_EC_VF_yshaarj_nzoth_yogg_3977567121309677_Mis_IV_DR,38382,47.59%,
2T,AR_SW_VF_yshaarj_nzoth_yogg_4014409351290861_IN_IV_ME_DS,38378,47.58%,
2T,AR_EC_VF_nzoth_yogg_cthun_3132996162289645_Mis_AM_ME,38377,47.57%,
2T,AR_SP_VF_nzoth_yogg_cthun_3132858723860461_Mis_IV_ME,38376,47.57%,
2T,AR_EC_VF_yshaarj_nzoth_yogg_4013584784154605_IN_IV_ME_DS,38376,47.57%,
2T,AR_SW_VF_nzoth_yogg_cthun_3132858790961133_Mis_AM_ME,38375,47.57%,
2T,AR_SP_VF_yshaarj_nzoth_yogg_4013302390054893_Mis_IV_DR,38374,47.56%,
2T,AR_SW_VF_yshaarj_nzoth_yogg_4014409417875437_IN_IV_DR_DS,38373,47.56%,
2T,AR_EC_VF_yshaarj_nzoth_yogg_4014409350774765_IN_IV_ME_DS,38372,47.56%,
2T,AR_SP_VF_yshaarj_nzoth_yogg_4014400827940845_Mis_IV_ME,38372,47.55%,
2T,AR_EC_VF_nzoth_yogg_cthun_3132859797594093_Mis_AM_DR,38371,47.55%,
2T,AR_SW_VF_yshaarj_nzoth_yogg_4014400760840173_IN_AM_ME,38368,47.54%,
2T,AR_SW_VF_yshaarj_nzoth_yogg_4013576127635437_IN_AM_ME,38367,47.54%,
2T,AR_SW_VF_nzoth_yogg_cthun_3132996162805741_Mis_AM_ME,38367,47.53%,
2T,AR_SP_VF_nzoth_yogg_cthun_3169159854022637_Mis_IV_DR_DS,38365,47.53%,
2T,AR_SW_VF_nzoth_yogg_cthun_3169151197503469_IN_AM_ME,38365,47.53%,
2T,AR_SW_VF_nzoth_yogg_cthun_3132859797594093_Mis_AM_ME,38361,47.51%,
2T,AR_EC_VF_yshaarj_yogg_cthun_1973432368881645_IN_IV_DR,38361,47.51%,
2T,AR_SW_VF_nzoth_yogg_cthun_3169151196987373_IN_AM_DR,38361,47.51%,
2T,AR_SP_VF_nzoth_yogg_cthun_3169151197503469_IN_AM_DR,38360,47.51%,
2T,AR_EC_VF_yshaarj_nzoth_yogg_4013576127119341_IN_AM_ME,38359,47.51%,
2T,AR_EC_VF_yshaarj_nzoth_yogg_4013576127119341_Mis_IV_DR,38359,47.50%,
2T,AR_SW_VF_yshaarj_nzoth_yogg_4013851005026285_IN_IV_DR,38359,47.50%,
2T,AR_SP_VF_yshaarj_nzoth_yogg_3977567121825773_Mis_IV_ME,38355,47.49%,
2T,AR_SW_VF_nzoth_yogg_cthun_3169151196987373_Mis_IV_DR,38355,47.49%,
2T,AR_SW_VF_yshaarj_nzoth_yogg_4013301249736685_IN_IV_DR,38353,47.48%,
2T,AR_SP_VF_yshaarj_nzoth_yogg_4013302323470317_IN_IV_ME,38352,47.48%,
2T,AR_SP_VF_yshaarj_nzoth_yogg_3977567121825773_Mis_IV_DR,38350,47.47%,
2T,AR_SW_VF_yshaarj_nzoth_yogg_4013851072126957_Mis_IV_DR,38350,47.47%,
2T,AR_SP_VF_yshaarj_nzoth_yogg_4013302322954221_IN_IV_DR,38343,47.44%,
2T,AR_SP_VF_yshaarj_nzoth_yogg_4014400760840173_Mis_IV_DR,38342,47.44%,
2T,AR_EC_VF_yshaarj_yogg_cthun_1972332790153197_IN_IV_DR,38339,47.43%,
2T,AR_SW_VF_nzoth_yogg_cthun_3132875970306029_Mis_IV_DR_DS,38337,47.42%,
2T,AR_EC_VF_nzoth_yogg_cthun_3169159854022637_Mis_IV_DR_DS,38336,47.42%,
2T,AR_SP_VF_yshaarj_nzoth_yogg_4013438688681965_IN_AM_DR,38333,47.41%,
2T,AR_SP_VF_yshaarj_nzoth_yogg_4013447345201133_IN_IV_DR_DS,38330,47.39%,
2T,AR_EC_VF_yshaarj_nzoth_yogg_4013318429081581_IN_IV_DR_DS,38330,47.39%,
2T,AR_SW_VF_yshaarj_nzoth_yogg_4014409351290861_IN_IV_DR_DS,38329,47.39%,
2T,AR_EC_VF_nzoth_yogg_cthun_3132875903721453_Mis_IV_ME_DS,38328,47.39%,
2T,AR_SP_VF_yshaarj_yogg_cthun_1972332857253869_IN_IV_DR,38328,47.39%,
2T,AR_EC_VF_yshaarj_nzoth_yogg_4013302323470317_Mis_IV_DR,38327,47.38%,
2T,AR_EC_VF_yshaarj_nzoth_yogg_4013576127119341_Mis_IV_ME,38327,47.38%,
2T,AR_SP_VF_yshaarj_nzoth_yogg_4013851072126957_IN_IV_ME,38323,47.37%,
2T,AR_EC_VF_nzoth_yogg_cthun_3169159854022637_Mis_IV_ME_DS,38320,47.35%,
2T,AR_EC_VF_nzoth_yogg_cthun_3132996162289645_Mis_AM_DR,38319,47.35%,
2T,AR_SW_VF_nzoth_yogg_cthun_3132867313270765_Mis_IV_DR,38317,47.34%,
2T,AR_EC_VF_yshaarj_nzoth_yogg_4013438688681965_Mis_AM_DR,38316,47.34%,
2T,AR_SW_VF_yshaarj_nzoth_yogg_4013302323470317_IN_IV_ME,38316,47.34%,
2T,AR_SP_VF_nzoth_yogg_cthun_3132996162805741_Mis_AM_ME,38314,47.33%,
2T,AR_SW_VF_nzoth_yogg_cthun_3169159786921965_IN_IV_DR_DS,38304,47.29%,
2T,AR_SW_VF_nzoth_yogg_cthun_3169159854022637_IN_AM_DR_DS,38301,47.28%,
2T,AR_EC_VF_yshaarj_nzoth_yogg_4014400760840173_Mis_IV_ME,38301,47.28%,
2T,AR_SP_VF_yshaarj_nzoth_yogg_4014400761356269_Mis_IV_ME,38299,47.27%,
2T,AR_EC_VF_yshaarj_nzoth_yogg_4013851072126957_IN_AM_ME,38298,47.27%,
2T,AR_SW_VF_nzoth_yogg_cthun_3169151264088045_IN_AM_ME,38298,47.27%,
2T,AR_SW_VF_nzoth_yogg_cthun_3132859058872301_Mis_AM_ME,38298,47.27%,
2T,AR_SP_VF_yshaarj_nzoth_yogg_3977567188410349_Mis_IV_DR,38294,47.26%,
2T,AR_EC_VF_yshaarj_nzoth_yogg_4013851072126957_Mis_IV_ME,38292,47.25%,
2T,AR_EC_VF_yshaarj_nzoth_yogg_4013851005542381_IN_AM_DR,38291,47.24%,
2T,AR_SP_VF_yshaarj_nzoth_yogg_4013851005026285_IN_IV_DR,38291,47.24%,
2T,AR_SW_VF_nzoth_yogg_cthun_3169151196987373_Mis_IV_ME,38290,47.24%,
2T,AR_SW_VF_yshaarj_nzoth_yogg_3977567121825773_Mis_IV_DR,38288,47.23%,
2T,AR_EC_VF_nzoth_yogg_cthun_3150313470427117_Mis_AM_ME,38286,47.22%,
2T,AR_EC_VF_yshaarj_nzoth_yogg_4013576127635437_Mis_AM_DR,38285,47.22%,
2T,AR_SW_VF_yshaarj_nzoth_yogg_4013576127635437_Mis_IV_ME,38282,47.21%,
2T,AR_SP_VF_yshaarj_nzoth_yogg_4013576127635437_Mis_IV_ME,38278,47.19%,
2T,AR_SW_VF_nzoth_yogg_cthun_3150313470943213_Mis_AM_ME,38276,47.19%,
2T,AR_EC_VF_yshaarj_nzoth_yogg_4013301249736685_Mis_IV_DR,38276,47.19%,
2T,AR_SW_VF_yshaarj_nzoth_yogg_4013576127119341_IN_AM_DR,38275,47.18%,
2T,AR_SP_VF_yshaarj_yogg_cthun_2043251357245421_IN_IV_DR,38275,47.18%,
2T,AR_SP_VF_nzoth_yogg_cthun_3132875903205357_IN_AM_DR_DS,38273,47.17%,
2T,AR_SP_VF_nzoth_yogg_cthun_3169159786921965_IN_IV_ME_DS,38265,47.14%,
2T,AR_EC_VF_nzoth_yogg_cthun_3169151264088045_Mis_AM_DR,38265,47.14%,
2T,AR_EC_VF_nzoth_yogg_cthun_3150313470427117_Mis_AM_DR,38264,47.14%,
2T,AR_SW_VF_yshaarj_nzoth_yogg_4013851072126957_IN_AM_DR,38263,47.14%,
2T,AR_SP_VF_nzoth_yogg_cthun_3132859797077997_Mis_IV_ME,38261,47.13%,
2T,AR_SW_VF_yshaarj_nzoth_yogg_4013318496182253_IN_IV_DR_DS,38260,47.12%,
2T,AR_SW_VF_yshaarj_yogg_cthun_1972332857253869_IN_IV_DR,38259,47.12%,
2T,AR_EC_VF_yshaarj_nzoth_yogg_4013584717053933_IN_IV_DR_DS,38258,47.12%,
2T,AR_EC_VF_yshaarj_yogg_cthun_1972332790669293_IN_IV_ME,38256,47.11%,
2T,AR_SP_VF_yshaarj_nzoth_yogg_4013301249736685_IN_IV_ME,38255,47.10%,
2T,AR_SP_VF_yshaarj_nzoth_yogg_4013576127635437_IN_AM_DR,38253,47.10%,
2T,AR_SW_VF_yshaarj_nzoth_yogg_4013438688165869_IN_IV_ME,38252,47.09%,
2T,AR_EC_VF_yshaarj_nzoth_yogg_4013584717570029_IN_IV_DR_DS,38251,47.09%,
2T,AR_SW_VF_yshaarj_yogg_cthun_1972332790669293_IN_IV_DR,38250,47.09%,
2T,AR_SP_VF_nzoth_yogg_cthun_3169151197503469_Mis_IV_ME,38250,47.09%,
2T,AR_SW_VF_nzoth_yogg_cthun_3169159786921965_IN_IV_ME_DS,38250,47.09%,
2T,AR_SP_VF_yshaarj_nzoth_yogg_4013576127119341_Mis_IV_DR,38245,47.06%,
2T,AR_SW_VF_yshaarj_nzoth_yogg_4013301584748525_IN_AM_DR,38243,47.06%,
2T,AR_EC_VF_nzoth_yogg_cthun_3169159787438061_IN_AM_DR_DS,38242,47.05%,
2T,AR_SW_VF_yshaarj_nzoth_yogg_4013438688165869_Mis_IV_DR,38240,47.05%,
2T,AR_EC_VF_nzoth_yogg_cthun_3132867380371437_Mis_AM_DR,38239,47.04%,
2T,AR_SP_VF_yshaarj_nzoth_yogg_4013301316837357_Mis_IV_DR,38236,47.03%,
2T,AR_SP_VF_nzoth_yogg_cthun_3132996162805741_Mis_AM_DR,38234,47.03%,
2T,AR_EC_VF_yshaarj_nzoth_yogg_4014400761356269_Mis_AM_DR,38234,47.03%,
2T,AR_EC_VF_yshaarj_nzoth_yogg_4013301316837357_IN_AM_ME,38232,47.02%,
2T,AR_SP_VF_yshaarj_nzoth_yogg_4013851072126957_Mis_IV_DR,38230,47.01%,
2T,AR_SW_VF_nzoth_yogg_cthun_3132875903721453_Mis_IV_DR_DS,38229,47.00%,
2T,AR_EC_VF_yshaarj_nzoth_yogg_4013301249736685_IN_AM_DR,38223,46.98%,
2T,AR_EC_VF_yshaarj_nzoth_yogg_4013318496182253_IN_IV_ME_DS,38223,46.98%,
2T,AR_SW_VF_nzoth_yogg_cthun_3169159787438061_Mis_IV_DR_DS,38221,46.98%,
2T,AR_SP_VF_nzoth_yogg_cthun_3132867313270765_Mis_IV_ME,38220,46.97%,
2T,AR_SP_VF_yshaarj_nzoth_yogg_4013438688681965_Mis_IV_ME,38217,46.96%,
2T,AR_SW_VF_yshaarj_nzoth_yogg_4013301316321261_IN_IV_ME,38217,46.96%,
2T,AR_SP_VF_yshaarj_nzoth_yogg_4013851072126957_IN_AM_DR,38215,46.95%,
2T,AR_EC_VF_yshaarj_yogg_cthun_1973432302297069_IN_IV_DR,38214,46.95%,
2T,AR_SP_VF_yshaarj_nzoth_yogg_4014409350774765_IN_IV_ME_DS,38213,46.94%,
2T,AR_EC_VF_yshaarj_nzoth_yogg_4013438688165869_IN_AM_ME,38211,46.94%,
2T,AR_EC_VF_nzoth_yogg_cthun_3169159787438061_Mis_IV_ME_DS,38211,46.94%,
2T,AR_EC_VF_yshaarj_nzoth_yogg_4013301584748525_Mis_AM_DR,38211,46.93%,
2T,AR_SW_VF_yshaarj_nzoth_yogg_4013576127119341_Mis_IV_DR,38210,46.93%,
2T,AR_EC_VF_nzoth_yogg_cthun_3169151197503469_Mis_AM_DR,38209,46.93%,
2T,AR_SP_VF_yshaarj_nzoth_yogg_3977567121309677_Mis_IV_DR,38204,46.91%,
2T,AR_EC_VF_nzoth_yogg_cthun_3132875970306029_Mis_IV_ME_DS,38204,46.91%,
2T,AR_EC_VF_yshaarj_nzoth_yogg_4014409417875437_IN_AM_ME_DS,38202,46.90%,
2T,AR_EC_VF_yshaarj_nzoth_yogg_4013302322954221_IN_AM_DR,38201,46.90%,
2T,AR_SP_VF_nzoth_yogg_cthun_3169151196987373_IN_AM_DR,38198,46.89%,
2T,AR_SW_VF_yshaarj_nzoth_yogg_3977567121825773_Mis_IV_ME,38196,46.88%,
2T,AR_SW_VF_yshaarj_nzoth_yogg_4013851072126957_IN_IV_ME,38195,46.88%,
2T,AR_SW_VF_yshaarj_nzoth_yogg_4013301316837357_Mis_IV_DR,38190,46.86%,
2T,AR_SW_VF_nzoth_yogg_cthun_3132875903721453_Mis_IV_ME_DS,38190,46.86%,
2T,AR_EC_VF_yshaarj_nzoth_yogg_4013301316321261_Mis_IV_DR,38186,46.84%,
2T,AR_SW_VF_nzoth_yogg_cthun_3169159854022637_Mis_IV_DR_DS,38183,46.83%,
2T,AR_SW_VF_nzoth_yogg_cthun_3132859797594093_Mis_AM_DR,38183,46.83%,
2T,AR_SP_VF_nzoth_yogg_cthun_3132875903721453_Mis_IV_ME_DS,38181,46.82%,
2T,AR_EC_VF_yshaarj_nzoth_yogg_4013438688165869_Mis_AM_DR,38181,46.82%,
2T,AR_EC_VF_nzoth_yogg_cthun_3132859797077997_Mis_AM_ME,38179,46.81%,
2T,AR_SP_VF_nzoth_yogg_cthun_3132875970306029_Mis_IV_ME_DS,38175,46.80%,
2T,AR_EC_VF_yshaarj_nzoth_yogg_4013851005026285_Mis_IV_DR,38174,46.79%,
2T,AR_SP_VF_nzoth_yogg_cthun_3132859058872301_Mis_AM_DR,38174,46.79%,
2T,AR_SW_VF_yshaarj_nzoth_yogg_4013576194220013_IN_AM_ME,38169,46.78%,
2T,AR_EC_VF_yshaarj_nzoth_yogg_4013447345201133_Mis_IV_DR_DS,38169,46.77%,
2T,AR_EC_VF_nzoth_yogg_cthun_3169159787438061_IN_AM_ME_DS,38167,46.77%,
2T,AR_EC_VF_yshaarj_nzoth_yogg_4013301316837357_Mis_IV_ME,38167,46.77%,
2T,AR_EC_VF_yshaarj_nzoth_yogg_4014409417875437_IN_AM_DR_DS,38167,46.76%,
2T,AR_SP_VF_nzoth_yogg_cthun_3169151197503469_IN_AM_ME,38166,46.76%,
2T,AR_SP_VF_nzoth_yogg_cthun_3132867313270765_Mis_IV_DR,38165,46.76%,
2T,AR_EC_VF_yshaarj_nzoth_yogg_4013318429597677_IN_IV_ME_DS,38159,46.74%,
2T,AR_SW_VF_yshaarj_nzoth_yogg_4013438688681965_IN_AM_DR,38158,46.73%,
2T,AR_SP_VF_yshaarj_nzoth_yogg_4013301316321261_IN_IV_ME,38153,46.71%,
2T,AR_SP_VF_nzoth_yogg_cthun_3169151264088045_Mis_AM_DR,38150,46.70%,
2T,AR_EC_VF_nzoth_yogg_cthun_3169151197503469_Mis_AM_ME,38149,46.70%,
2T,AR_EC_VF_yshaarj_nzoth_yogg_4013302390054893_IN_AM_ME,38149,46.70%,
2T,AR_EC_VF_yshaarj_nzoth_yogg_4013310979989485_IN_IV_DR_DS,38147,46.69%,
2T,AR_SW_VF_yshaarj_nzoth_yogg_4013301249736685_IN_IV_ME,38145,46.68%,
2T,AR_SP_VF_yshaarj_nzoth_yogg_4013576127635437_IN_AM_ME,38144,46.68%,
2T,AR_SP_VF_yshaarj_nzoth_yogg_4013318496182253_IN_IV_DR_DS,38143,46.67%,
2T,AR_EC_VF_yshaarj_nzoth_yogg_4014409351290861_IN_AM_ME_DS,38136,46.65%,
2T,AR_SP_VF_nzoth_yogg_cthun_3132875903205357_IN_AM_ME_DS,38136,46.65%,
2T,AR_SP_VF_yshaarj_nzoth_yogg_4013301316837357_IN_AM_DR,38135,46.64%,
2T,AR_SW_VF_yshaarj_nzoth_yogg_4013438755266541_IN_AM_ME,38133,46.63%,
2T,AR_EC_VF_yshaarj_nzoth_yogg_3977567121309677_Mis_IV_ME,38132,46.63%,
2T,AR_EC_VF_yshaarj_nzoth_yogg_4013584717570029_IN_IV_ME_DS,38129,46.62%,
2T,AR_SP_VF_yshaarj_yogg_cthun_2043251290660845_IN_IV_DR,38128,46.62%,
2T,AR_SW_VF_yshaarj_yogg_cthun_2043251290660845_IN_IV_DR,38128,46.62%,
2T,AR_SW_VF_yshaarj_nzoth_yogg_4013301584748525_Mis_IV_ME,38127,46.61%,
2T,AR_SP_VF_yshaarj_nzoth_yogg_4013576127119341_IN_AM_DR,38125,46.61%,
2T,AR_SW_VF_yshaarj_nzoth_yogg_4013576194220013_Mis_IV_ME,38122,46.59%,
2T,AR_SW_VF_nzoth_yogg_cthun_3132859058872301_Mis_AM_DR,38122,46.59%,
2T,AR_SW_VF_yshaarj_nzoth_yogg_4013301316837357_IN_AM_DR,38120,46.59%,
2T,AR_SP_VF_nzoth_yogg_cthun_3169159787438061_Mis_IV_DR_DS,38119,46.58%,
2T,AR_SW_VF_yshaarj_nzoth_yogg_4013584784154605_IN_IV_DR_DS,38117,46.57%,
2T,AR_EC_VF_yshaarj_nzoth_yogg_4013447278616557_IN_IV_DR_DS,38116,46.57%,
2T,AR_SW_VF_yshaarj_nzoth_yogg_4013301316837357_IN_IV_ME,38114,46.56%,
2T,AR_SW_VF_nzoth_yogg_cthun_3132859864178669_Mis_AM_ME,38112,46.56%,
2T,AR_SW_VF_yshaarj_nzoth_yogg_4013576194220013_Mis_AM_DR,38111,46.55%,
2T,AR_EC_VF_yshaarj_yogg_cthun_1972332857253869_IN_IV_ME,38108,46.54%,
2T,AR_SW_VF_yshaarj_nzoth_yogg_4013302390054893_IN_AM_DR,38106,46.53%,
2T,AR_SW_VF_yshaarj_yogg_cthun_2043251357245421_IN_IV_DR,38106,46.53%,
2T,AR_EC_VF_yshaarj_nzoth_yogg_4013302390054893_Mis_IV_ME,38104,46.52%,
2T,AR_SP_VF_nzoth_yogg_cthun_3169151196987373_Mis_IV_ME,38104,46.52%,
2T,AR_EC_VF_nzoth_yogg_cthun_3169151264088045_Mis_AM_ME,38103,46.52%,
2T,AR_SP_VF_yshaarj_nzoth_yogg_4013318429597677_IN_IV_DR_DS,38103,46.52%,
2T,AR_SP_VF_yshaarj_yogg_cthun_1972332790669293_IN_IV_DR,38102,46.52%,
2T,AR_SW_VF_yshaarj_nzoth_yogg_4013438688165869_IN_AM_DR,38101,46.51%,
2T,AR_EC_VF_nzoth_yogg_cthun_3132867380371437_Mis_AM_ME,38099,46.51%,
2T,AR_SW_VF_nzoth_yogg_cthun_3169159787438061_IN_AM_DR_DS,38099,46.51%,
2T,AR_EC_VF_yshaarj_nzoth_yogg_4013447345201133_IN_IV_ME_DS,38096,46.49%,
2T,AR_EC_VF_yshaarj_nzoth_yogg_3977567121825773_Mis_AM_ME,38094,46.49%,
2T,AR_SW_VF_yshaarj_nzoth_yogg_4013851005026285_IN_IV_ME,38094,46.49%,
2T,AR_SW_VF_nzoth_yogg_cthun_3169151264088045_Mis_AM_DR,38092,46.48%,
2T,AR_SP_VF_yshaarj_nzoth_yogg_4014400760840173_Mis_IV_ME,38090,46.47%,
2T,AR_SP_VF_yshaarj_nzoth_yogg_4013318429597677_IN_IV_ME_DS,38089,46.47%,
2T,AR_SP_VF_yshaarj_nzoth_yogg_4013851005542381_Mis_IV_DR,38087,46.46%,
2T,AR_EC_VF_yshaarj_nzoth_yogg_4013318429081581_IN_IV_ME_DS,38085,46.45%,
2T,AR_SW_VF_yshaarj_yogg_cthun_1972332790153197_IN_IV_DR,38081,46.44%,
2T,AR_EC_VF_nzoth_yogg_cthun_3132858790961133_Mis_AM_DR,38080,46.43%,
2T,AR_EC_VF_yshaarj_nzoth_yogg_3977567188410349_Mis_AM_DR,38078,46.43%,
2T,AR_SW_VF_yshaarj_nzoth_yogg_4013576127119341_Mis_IV_ME,38078,46.42%,
2T,AR_EC_VF_yshaarj_nzoth_yogg_4013851072126957_Mis_AM_DR,38075,46.41%,
2T,AR_SP_VF_nzoth_yogg_cthun_3150313470943213_Mis_AM_DR,38075,46.41%,
2T,AR_SW_VF_nzoth_yogg_cthun_3132858790961133_Mis_AM_DR,38074,46.41%,
2T,AR_EC_VF_yshaarj_yogg_cthun_1988688092717037_Mis_IV_DR,38074,46.41%,
2T,AR_SP_VF_nzoth_yogg_cthun_3132875903721453_Mis_IV_DR_DS,38072,46.40%,
2T,AR_EC_VF_yshaarj_nzoth_yogg_4013302322954221_Mis_IV_DR,38070,46.39%,
2T,AR_SP_VF_nzoth_yogg_cthun_3132859864178669_Mis_AM_ME,38068,46.39%,
2T,AR_EC_VF_nzoth_yogg_cthun_3132859797077997_Mis_AM_DR,38067,46.38%,
2T,AR_EC_VF_nzoth_yogg_cthun_3132867313786861_Mis_AM_DR,38065,46.37%,
2T,AR_SP_VF_yshaarj_nzoth_yogg_4013310174683117_IN_IV_DR_DS,38063,46.37%,
2T,AR_SW_VF_nzoth_yogg_cthun_3132875970306029_Mis_IV_ME_DS,38062,46.36%,
2T,AR_SP_VF_yshaarj_nzoth_yogg_4013301584748525_Mis_IV_ME,38061,46.36%,
2T,AR_EC_VF_nzoth_yogg_cthun_3132875903205357_Mis_IV_ME_DS,38060,46.36%,
2T,AR_SP_VF_nzoth_yogg_cthun_3150313470943213_Mis_AM_ME,38060,46.35%,
2T,AR_SP_VF_yshaarj_nzoth_yogg_4013318429081581_IN_IV_DR_DS,38059,46.35%,
2T,AR_EC_VF_yshaarj_nzoth_yogg_4013851005026285_Mis_IV_ME,38058,46.35%,
2T,AR_SP_VF_nzoth_yogg_cthun_3132859058872301_Mis_AM_ME,38055,46.34%,
2T,AR_EC_VF_nzoth_yogg_cthun_3132858790445037_Mis_AM_ME,38055,46.33%,
2T,AR_SW_VF_yshaarj_nzoth_yogg_4013851005542381_IN_IV_ME,38054,46.33%,
2T,AR_EC_VF_nzoth_yogg_cthun_3169159786921965_Mis_IV_DR_DS,38053,46.33%,
2T,AR_SW_VF_yshaarj_nzoth_yogg_4014400760840173_Mis_IV_DR,38052,46.32%,
2T,AR_EC_VF_yshaarj_nzoth_yogg_3977567188410349_Mis_AM_ME,38046,46.30%,
2T,AR_EC_VF_yshaarj_nzoth_yogg_4013851005542381_IN_AM_ME,38045,46.30%,
2T,AR_SW_VF_yshaarj_nzoth_yogg_4014409351290861_IN_AM_DR_DS,38043,46.29%,
2T,AR_SW_VF_yshaarj_nzoth_yogg_4013302322954221_IN_IV_DR,38042,46.29%,
2T,AR_EC_VF_yshaarj_nzoth_yogg_4013318496182253_IN_AM_DR_DS,38039,46.27%,
2T,AR_SP_VF_nzoth_yogg_cthun_3169159854022637_Mis_IV_ME_DS,38038,46.27%,
2T,AR_SW_VF_nzoth_yogg_cthun_3132867380371437_Mis_AM_ME,38036,46.26%,
2T,AR_EC_VF_yshaarj_nzoth_yogg_4013318496182253_Mis_IV_DR_DS,38035,46.26%,
2T,AR_EC_VF_yshaarj_nzoth_yogg_4014400827940845_Mis_AM_ME,38033,46.25%,
2T,AR_SP_VF_nzoth_yogg_cthun_3132875970306029_Mis_IV_DR_DS,38032,46.25%,
2T,AR_EC_VF_nzoth_yogg_cthun_3169159786921965_IN_AM_DR_DS,38032,46.25%,
2T,AR_SW_VF_yshaarj_nzoth_yogg_4013438688681965_Mis_IV_ME,38031,46.24%,
2T,AR_EC_VF_nzoth_yogg_cthun_3169159854022637_IN_AM_ME_DS,38028,46.23%,
2T,AR_SW_VF_nzoth_yogg_cthun_3169151196987373_IN_AM_ME,38026,46.23%,
2T,AR_EC_VF_yshaarj_yogg_cthun_2043251290144749_IN_IV_DR,38025,46.22%,
2T,AR_EC_VF_yshaarj_nzoth_yogg_4013576127119341_Mis_AM_DR,38022,46.21%,
2T,AR_SP_VF_yshaarj_nzoth_yogg_4014409417875437_IN_AM_DR_DS,38021,46.20%,
2T,AR_EC_VF_yshaarj_yogg_cthun_1971370717994989_IN_IV_DR,38020,46.20%,
2T,AR_SP_VF_yshaarj_nzoth_yogg_4013302323470317_Mis_IV_DR,38018,46.19%,
2T,AR_SP_VF_yshaarj_nzoth_yogg_4013302390054893_IN_AM_DR,38014,46.18%,
2T,AR_SP_VF_yshaarj_nzoth_yogg_4013438755266541_Mis_AM_DR,38011,46.17%,
2T,AR_EC_VF_nzoth_yogg_cthun_3132858790445037_Mis_AM_DR,38010,46.16%,
2T,AR_EC_VF_yshaarj_nzoth_yogg_4013302323470317_Mis_IV_ME,38010,46.16%,
2T,AR_SP_VF_yshaarj_nzoth_yogg_4013438688165869_Mis_IV_ME,38007,46.15%,
2T,AR_EC_VF_yshaarj_yogg_cthun_1972332857253869_IN_AM_DR,38004,46.14%,
2T,AR_SW_VF_yshaarj_nzoth_yogg_4013318429597677_IN_IV_DR_DS,38004,46.14%,
2T,AR_SW_VF_yshaarj_nzoth_yogg_4013302390054893_IN_IV_ME,38004,46.14%,
2T,AR_EC_VF_yshaarj_nzoth_yogg_4013851005026285_IN_AM_ME,38003,46.14%,
2T,AR_SW_VF_yshaarj_nzoth_yogg_3977567121309677_Mis_IV_ME,38000,46.12%,
2T,AR_SW_VF_yshaarj_nzoth_yogg_4013851005542381_Mis_IV_DR,37999,46.12%,
2T,AR_SW_VF_yshaarj_nzoth_yogg_4013301584748525_IN_AM_ME,37997,46.11%,
2T,AR_SP_VF_nzoth_yogg_cthun_3132859797594093_Mis_AM_DR,37996,46.11%,
2T,AR_SW_VF_yshaarj_nzoth_yogg_4014409350774765_IN_IV_ME_DS,37996,46.11%,
2T,AR_SP_VF_yshaarj_nzoth_yogg_4013318496182253_Mis_IV_DR_DS,37994,46.10%,
2T,AR_SP_VF_yshaarj_nzoth_yogg_4013438755266541_IN_AM_ME,37990,46.08%,
2T,AR_EC_VF_yshaarj_yogg_cthun_1972332790153197_IN_IV_ME,37989,46.08%,
2T,AR_EC_VF_yshaarj_yogg_cthun_2043251357245421_Mis_IV_DR,37985,46.07%,
2T,AR_EC_VF_yshaarj_nzoth_yogg_4013584784154605_Mis_IV_DR_DS,37977,46.04%,
2T,AR_EC_VF_yshaarj_yogg_cthun_1971370784579565_IN_IV_DR,37977,46.03%,
2T,AR_EC_VF_yshaarj_nzoth_yogg_4013309906771949_IN_IV_DR_DS,37976,46.03%,
2T,AR_SW_VF_nzoth_yogg_cthun_3132867313786861_Mis_AM_ME,37974,46.02%,
2T,AR_SP_VF_yshaarj_yogg_cthun_2043251290144749_IN_IV_DR,37972,46.02%,
2T,AR_EC_VF_yshaarj_nzoth_yogg_4013851005542381_Mis_IV_ME,37970,46.01%,
2T,AR_EC_VF_yshaarj_yogg_cthun_1988688092717037_IN_IV_DR,37968,46.00%,
2T,AR_SP_VF_yshaarj_nzoth_yogg_4013576127119341_Mis_IV_ME,37967,46.00%,
2T,AR_SW_VF_nzoth_yogg_cthun_3169159854022637_IN_AM_ME_DS,37966,46.00%,
2T,AR_EC_VF_nzoth_yogg_cthun_3132875903205357_Mis_IV_DR_DS,37965,45.99%,
2T,AR_SP_VF_nzoth_yogg_cthun_3132859797594093_Mis_AM_ME,37962,45.98%,
2T,AR_SW_VF_nzoth_yogg_cthun_3169151197503469_Mis_AM_DR,37961,45.98%,
2T,AR_EC_VF_yshaarj_nzoth_yogg_4013302323470317_IN_AM_ME,37961,45.97%,
2T,AR_SP_VF_yshaarj_nzoth_yogg_4013851005026285_Mis_IV_DR,37961,45.97%,
2T,AR_SP_VF_yshaarj_nzoth_yogg_4013301316321261_Mis_IV_DR,37960,45.97%,
2T,AR_EC_VF_nzoth_yogg_cthun_3169151196987373_Mis_AM_ME,37959,45.97%,
2T,AR_SW_VF_yshaarj_nzoth_yogg_4013851005542381_IN_AM_ME,37959,45.97%,
2T,AR_EC_VF_yshaarj_nzoth_yogg_4013310912888813_IN_IV_DR_DS,37956,45.95%,
2T,AR_SP_VF_yshaarj_nzoth_yogg_4013447345201133_Mis_IV_DR_DS,37955,45.95%,
2T,AR_SP_VF_yshaarj_nzoth_yogg_3977567121309677_Mis_IV_ME,37955,45.95%,
2T,AR_SW_VF_nzoth_yogg_cthun_3150313470427117_Mis_AM_ME,37955,45.95%,
2T,AR_SW_VF_yshaarj_nzoth_yogg_4013310174683117_IN_IV_DR_DS,37955,45.95%,
2T,AR_SW_VF_yshaarj_nzoth_yogg_4013302390054893_Mis_IV_DR,37953,45.94%,
2T,AR_SW_VF_yshaarj_nzoth_yogg_4013447345201133_IN_IV_DR_DS,37953,45.94%,
2T,AR_SW_VF_nzoth_yogg_cthun_3132859864178669_Mis_AM_DR,37951,45.93%,
2T,AR_EC_VF_yshaarj_nzoth_yogg_3977567121825773_Mis_AM_DR,37950,45.93%,
2T,AR_EC_VF_yshaarj_nzoth_yogg_4013301316321261_IN_AM_ME,37947,45.92%,
2T,AR_EC_VF_yshaarj_nzoth_yogg_4013301249736685_IN_AM_ME,37947,45.92%,
2T,AR_SP_VF_nzoth_yogg_cthun_3169159787438061_Mis_IV_ME_DS,37945,45.91%,
2T,AR_SP_VF_yshaarj_nzoth_yogg_4013584717570029_IN_IV_DR_DS,37945,45.91%,
2T,AR_SP_VF_yshaarj_nzoth_yogg_4013438688165869_IN_AM_DR,37944,45.91%,
2T,AR_EC_VF_yshaarj_yogg_cthun_2043251357245421_IN_AM_DR,37943,45.91%,
2T,AR_EC_VF_yshaarj_nzoth_yogg_4013447278616557_IN_IV_ME_DS,37943,45.90%,
2T,AR_SW_VF_yshaarj_nzoth_yogg_4014409417875437_IN_AM_DR_DS,37942,45.90%,
2T,AR_EC_VF_yshaarj_nzoth_yogg_4013302390054893_Mis_AM_DR,37937,45.88%,
2T,AR_EC_VF_yshaarj_nzoth_yogg_4013310174683117_IN_IV_ME_DS,37937,45.88%,
2T,AR_SW_VF_nzoth_yogg_cthun_3132996162289645_Mis_AM_ME,37937,45.88%,
2T,AR_SW_VF_nzoth_yogg_cthun_3132858723860461_Mis_AM_ME,37937,45.88%,
2T,AR_SP_VF_yshaarj_nzoth_yogg_4013302322954221_IN_IV_ME,37935,45.88%,
2T,AR_EC_VF_nzoth_yogg_cthun_3132858723860461_Mis_AM_DR,37934,45.87%,
2T,AR_EC_VF_yshaarj_nzoth_yogg_4013301316321261_Mis_IV_ME,37934,45.87%,
2T,AR_SW_VF_yshaarj_nzoth_yogg_4014400827940845_Mis_AM_DR,37932,45.86%,
2T,AR_SW_VF_nzoth_yogg_cthun_3169159787438061_IN_AM_ME_DS,37929,45.85%,
2T,AR_EC_VF_yshaarj_nzoth_yogg_4013302322954221_Mis_IV_ME,37928,45.85%,
2T,AR_EC_VF_yshaarj_nzoth_yogg_4014400761356269_Mis_AM_ME,37926,45.84%,
2T,AR_EC_VF_yshaarj_yogg_cthun_1988688026132461_IN_IV_DR,37925,45.84%,
2T,AR_SP_VF_nzoth_yogg_cthun_3132996162289645_Mis_AM_ME,37924,45.83%,
2T,AR_SW_VF_nzoth_yogg_cthun_3132996162289645_Mis_AM_DR,37924,45.83%,
2T,AR_SP_VF_nzoth_yogg_cthun_3132867313786861_Mis_AM_ME,37920,45.82%,
2T,AR_EC_VF_yshaarj_nzoth_yogg_4013301584748525_Mis_AM_ME,37917,45.81%,
2T,AR_SP_VF_nzoth_yogg_cthun_3150313470427117_Mis_AM_DR,37916,45.80%,
2T,AR_EC_VF_yshaarj_nzoth_yogg_4013447278100461_IN_IV_DR_DS,37916,45.80%,
2T,AR_EC_VF_yshaarj_nzoth_yogg_4013318429597677_IN_AM_DR_DS,37915,45.80%,
2T,AR_SW_VF_yshaarj_nzoth_yogg_4013301316837357_Mis_IV_ME,37914,45.79%,
2T,AR_SP_VF_yshaarj_nzoth_yogg_4013584717053933_IN_IV_DR_DS,37913,45.79%,
2T,AR_SW_VF_nzoth_yogg_cthun_3169151197503469_Mis_AM_ME,37911,45.78%,
2T,AR_SW_VF_yshaarj_nzoth_yogg_4013438688681965_IN_AM_ME,37910,45.78%,
2T,AR_SP_VF_yshaarj_nzoth_yogg_4013851072126957_Mis_IV_ME,37908,45.77%,
2T,AR_EC_VF_yshaarj_nzoth_yogg_4014400760840173_Mis_AM_DR,37906,45.76%,
2T,AR_SW_VF_yshaarj_nzoth_yogg_4013301316321261_IN_AM_DR,37905,45.76%,
2T,AR_SW_VF_yshaarj_nzoth_yogg_4013584717570029_IN_IV_DR_DS,37903,45.75%,
2T,AR_SP_VF_yshaarj_nzoth_yogg_4013584784154605_Mis_IV_DR_DS,37899,45.74%,
2T,AR_EC_VF_yshaarj_nzoth_yogg_4013310913404909_IN_IV_DR_DS,37896,45.72%,
2T,AR_SP_VF_nzoth_yogg_cthun_3169159787438061_IN_AM_DR_DS,37894,45.72%,
2T,AR_SW_VF_yshaarj_nzoth_yogg_4013301584748525_Mis_AM_DR,37892,45.71%,
2T,AR_EC_VF_yshaarj_nzoth_yogg_4013438688681965_Mis_AM_ME,37891,45.71%,
2T,AR_EC_VF_nzoth_yogg_cthun_3132858723860461_Mis_AM_ME,37891,45.70%,
2T,AR_EC_VF_yshaarj_nzoth_yogg_4013851072126957_Mis_AM_ME,37890,45.70%,
2T,AR_SP_VF_nzoth_yogg_cthun_3169151197503469_Mis_AM_DR,37889,45.70%,
2T,AR_SW_VF_yshaarj_yogg_cthun_1973432368881645_IN_IV_DR,37888,45.69%,
2T,AR_SW_VF_yshaarj_nzoth_yogg_4013302323470317_IN_AM_DR,37887,45.69%,
2T,AR_SP_VF_yshaarj_nzoth_yogg_4013576194220013_IN_AM_ME,37885,45.68%,
2T,AR_SW_VF_yshaarj_nzoth_yogg_4013576127635437_Mis_AM_DR,37885,45.68%,
2T,AR_SP_VF_yshaarj_nzoth_yogg_4013301316837357_Mis_IV_ME,37884,45.68%,
2T,AR_SW_VF_nzoth_yogg_cthun_3169159786921965_IN_AM_DR_DS,37884,45.68%,
2T,AR_SW_VF_yshaarj_nzoth_yogg_4013851005542381_IN_AM_DR,37882,45.67%,
2T,AR_SW_VF_nzoth_yogg_cthun_3169159787438061_Mis_IV_ME_DS,37882,45.67%,
2T,AR_SP_VF_yshaarj_nzoth_yogg_4013302390054893_Mis_IV_ME,37880,45.66%,
2T,AR_SP_VF_yshaarj_yogg_cthun_1973432368881645_IN_IV_DR,37879,45.66%,
2T,AR_SW_VF_nzoth_yogg_cthun_3132875903205357_Mis_IV_ME_DS,37879,45.66%,
2T,AR_SP_VF_nzoth_yogg_cthun_3169151196987373_IN_AM_ME,37876,45.65%,
2T,AR_SW_VF_yshaarj_nzoth_yogg_4013576127119341_IN_AM_ME,37876,45.65%,
2T,AR_SP_VF_nzoth_yogg_cthun_3169159854022637_IN_AM_ME_DS,37871,45.63%,
2T,AR_EC_VF_nzoth_yogg_cthun_3169159854022637_Mis_AM_DR_DS,37869,45.62%,
2T,AR_SW_VF_yshaarj_nzoth_yogg_4013438688681965_Mis_AM_DR,37868,45.62%,
2T,AR_SP_VF_yshaarj_nzoth_yogg_4013851072126957_IN_AM_ME,37866,45.61%,
2T,AR_SW_VF_yshaarj_nzoth_yogg_4013302323470317_Mis_IV_DR,37866,45.61%,
2T,AR_EC_VF_yshaarj_nzoth_yogg_4013584784154605_IN_AM_DR_DS,37864,45.60%,
2T,AR_EC_VF_yshaarj_yogg_cthun_1971370784579565_Mis_IV_DR,37862,45.59%,
2T,AR_SW_VF_yshaarj_nzoth_yogg_4013302322954221_IN_IV_ME,37862,45.59%,
2T,AR_SW_VF_nzoth_yogg_cthun_3169159854022637_Mis_IV_ME_DS,37858,45.58%,
2T,AR_EC_VF_yshaarj_nzoth_yogg_4013309906255853_IN_IV_DR_DS,37857,45.58%,
2T,AR_EC_VF_yshaarj_nzoth_yogg_4013301249736685_Mis_IV_ME,37855,45.57%,
2T,AR_SW_VF_yshaarj_nzoth_yogg_3977567121309677_Mis_IV_DR,37852,45.56%,
2T,AR_SW_VF_yshaarj_nzoth_yogg_4013584717053933_IN_IV_DR_DS,37852,45.55%,
2T,AR_SP_VF_yshaarj_nzoth_yogg_4013576127119341_IN_AM_ME,37848,45.54%,
2T,AR_EC_VF_yshaarj_nzoth_yogg_4013584717053933_IN_IV_ME_DS,37847,45.54%,
2T,AR_EC_VF_yshaarj_yogg_cthun_1972332790669293_IN_AM_DR,37844,45.52%,
2T,AR_SW_VF_yshaarj_nzoth_yogg_4014400761356269_Mis_AM_DR,37841,45.51%,
2T,AR_SP_VF_yshaarj_nzoth_yogg_4013447278616557_IN_IV_DR_DS,37840,45.51%,
2T,AR_EC_VF_yshaarj_nzoth_yogg_4014409351290861_IN_AM_DR_DS,37839,45.51%,
2T,AR_EC_VF_nzoth_yogg_cthun_3169159786921965_IN_AM_ME_DS,37838,45.50%,
2T,AR_EC_VF_yshaarj_nzoth_yogg_4013447345201133_Mis_IV_ME_DS,37832,45.48%,
2T,AR_SP_VF_nzoth_yogg_cthun_3132858790961133_Mis_AM_ME,37831,45.48%,
2T,AR_SW_VF_yshaarj_nzoth_yogg_4013851005026285_Mis_IV_DR,37830,45.47%,
2T,AR_EC_VF_yshaarj_nzoth_yogg_4013851005542381_Mis_AM_DR,37830,45.47%,
2T,AR_EC_VF_yshaarj_yogg_cthun_1971233614061549_IN_IV_DR,37829,45.47%,
2T,AR_SW_VF_yshaarj_yogg_cthun_2043251290144749_IN_IV_DR,37826,45.46%,
2T,AR_SP_VF_nzoth_yogg_cthun_3132859864178669_Mis_AM_DR,37825,45.45%,
2T,AR_SP_VF_yshaarj_nzoth_yogg_4013447345201133_IN_IV_ME_DS,37824,45.45%,
2T,AR_SP_VF_yshaarj_nzoth_yogg_4013447278100461_IN_IV_DR_DS,37823,45.44%,
2T,AR_EC_VF_nzoth_yogg_cthun_3169151196987373_Mis_AM_DR,37816,45.42%,
2T,AR_SW_VF_yshaarj_nzoth_yogg_4014400760840173_Mis_IV_ME,37815,45.41%,
2T,AR_EC_VF_yshaarj_nzoth_yogg_4014409417875437_Mis_IV_DR_DS,37813,45.41%,
2T,AR_SP_VF_yshaarj_nzoth_yogg_4014400827940845_Mis_AM_ME,37813,45.40%,
2T,AR_SW_VF_yshaarj_nzoth_yogg_4013438688165869_Mis_IV_ME,37812,45.40%,
2T,AR_SW_VF_nzoth_yogg_cthun_3132867380371437_Mis_AM_DR,37810,45.39%,
2T,AR_SW_VF_yshaarj_nzoth_yogg_4013447345201133_Mis_IV_DR_DS,37810,45.39%,
2T,AR_SP_VF_yshaarj_nzoth_yogg_4013576194220013_Mis_AM_DR,37810,45.39%,
2T,AR_SW_VF_yshaarj_nzoth_yogg_4013447278616557_IN_IV_DR_DS,37808,45.39%,
2T,AR_SW_VF_yshaarj_nzoth_yogg_4013851072126957_Mis_IV_ME,37805,45.38%,
2T,AR_SP_VF_yshaarj_yogg_cthun_2043251357245421_Mis_IV_DR,37805,45.37%,
2T,AR_SW_VF_nzoth_yogg_cthun_3169151264088045_Mis_AM_ME,37804,45.37%,
2T,AR_EC_VF_yshaarj_nzoth_yogg_4013302322954221_IN_AM_ME,37803,45.37%,
2T,AR_SW_VF_yshaarj_nzoth_yogg_4013318429081581_IN_IV_DR_DS,37803,45.37%,
2T,AR_SP_VF_yshaarj_nzoth_yogg_4013318496182253_IN_IV_ME_DS,37803,45.37%,
2T,AR_EC_VF_yshaarj_nzoth_yogg_4013310174683117_Mis_IV_DR_DS,37802,45.36%,
2T,AR_EC_VF_yshaarj_nzoth_yogg_4013302323470317_Mis_AM_DR,37802,45.36%,
2T,AR_SW_VF_yshaarj_yogg_cthun_1972332790669293_IN_IV_ME,37802,45.36%,
2T,AR_SP_VF_nzoth_yogg_cthun_3169159854022637_IN_AM_DR_DS,37801,45.36%,
2T,AR_SP_VF_yshaarj_nzoth_yogg_4014400827940845_Mis_AM_DR,37800,45.36%,
2T,AR_SP_VF_yshaarj_nzoth_yogg_4013438755266541_Mis_AM_ME,37796,45.34%,
2T,AR_EC_VF_nzoth_yogg_cthun_3169159786921965_Mis_IV_ME_DS,37795,45.34%,
2T,AR_EC_VF_yshaarj_yogg_cthun_1973432301780973_IN_IV_DR,37794,45.33%,
2T,AR_EC_VF_yshaarj_nzoth_yogg_4013301316837357_Mis_AM_ME,37793,45.33%,
2T,AR_SP_VF_nzoth_yogg_cthun_3169159786921965_Mis_IV_DR_DS,37792,45.32%,
2T,AR_EC_VF_yshaarj_yogg_cthun_1971234419367917_IN_IV_DR,37792,45.32%,
2T,AR_SW_VF_yshaarj_nzoth_yogg_4013301249736685_IN_AM_DR,37790,45.32%,
2T,AR_EC_VF_yshaarj_nzoth_yogg_4014409350774765_IN_AM_DR_DS,37787,45.30%,
2T,AR_SW_VF_yshaarj_nzoth_yogg_4013584784154605_IN_IV_ME_DS,37786,45.30%,
2T,AR_SW_VF_yshaarj_nzoth_yogg_4013584717570029_IN_AM_DR_DS,37785,45.30%,
2T,AR_SW_VF_nzoth_yogg_cthun_3150313470427117_Mis_AM_DR,37785,45.30%,
2T,AR_SW_VF_yshaarj_nzoth_yogg_4013301316321261_Mis_IV_DR,37784,45.29%,
2T,AR_SW_VF_yshaarj_nzoth_yogg_4013318496182253_IN_IV_ME_DS,37784,45.29%,
2T,AR_SP_VF_nzoth_yogg_cthun_3132858790961133_Mis_AM_DR,37781,45.28%,
2T,AR_EC_VF_nzoth_yogg_cthun_3132867313270765_Mis_AM_ME,37780,45.28%,
2T,AR_SW_VF_yshaarj_yogg_cthun_1973432302297069_IN_IV_DR,37779,45.28%,
2T,AR_EC_VF_yshaarj_nzoth_yogg_4013584717570029_Mis_IV_DR_DS,37778,45.27%,
2T,AR_SP_VF_yshaarj_yogg_cthun_1972332790669293_IN_IV_ME,37778,45.27%,
2T,AR_SP_VF_nzoth_yogg_cthun_3169159786921965_IN_AM_DR_DS,37778,45.27%,
2T,AR_SP_VF_nzoth_yogg_cthun_3132875903205357_Mis_IV_DR_DS,37776,45.26%,
2T,AR_EC_VF_yshaarj_yogg_cthun_2043251290660845_IN_AM_DR,37775,45.26%,
2T,AR_EC_VF_yshaarj_nzoth_yogg_4014409351290861_Mis_IV_DR_DS,37774,45.26%,
2T,AR_SW_VF_nzoth_yogg_cthun_3132859797077997_Mis_AM_ME,37774,45.25%,
2T,AR_SP_VF_yshaarj_nzoth_yogg_4013302323470317_IN_AM_DR,37771,45.25%,
2T,AR_SP_VF_yshaarj_nzoth_yogg_4013438688681965_IN_AM_ME,37769,45.24%,
2T,AR_SW_VF_yshaarj_nzoth_yogg_4013309906771949_IN_IV_DR_DS,37769,45.23%,
2T,AR_SP_VF_yshaarj_nzoth_yogg_4014409351290861_IN_AM_DR_DS,37764,45.22%,
2T,AR_SP_VF_nzoth_yogg_cthun_3132867380371437_Mis_AM_ME,37763,45.21%,
2T,AR_SP_VF_yshaarj_yogg_cthun_1973432302297069_IN_IV_DR,37763,45.21%,
2T,AR_EC_VF_yshaarj_yogg_cthun_2043251357245421_IN_IV_ME,37763,45.21%,
2T,AR_SP_VF_nzoth_yogg_cthun_3132996162289645_Mis_AM_DR,37761,45.21%,
2T,AR_SW_VF_nzoth_yogg_cthun_3132858723860461_Mis_AM_DR,37761,45.20%,
2T,AR_EC_VF_yshaarj_nzoth_yogg_4013318496182253_IN_AM_ME_DS,37760,45.20%,
2T,AR_SP_VF_yshaarj_nzoth_yogg_4013301584748525_IN_AM_ME,37759,45.20%,
2T,AR_SW_VF_nzoth_yogg_cthun_3132867313786861_Mis_AM_DR,37759,45.20%,
2T,AR_SP_VF_yshaarj_nzoth_yogg_4013851005542381_IN_AM_DR,37759,45.20%,
2T,AR_EC_VF_yshaarj_nzoth_yogg_4013310979989485_IN_IV_ME_DS,37757,45.19%,
2T,AR_EC_VF_yshaarj_nzoth_yogg_4013309906255853_IN_IV_ME_DS,37756,45.19%,
2T,AR_EC_VF_yshaarj_nzoth_yogg_4013447278616557_Mis_IV_DR_DS,37756,45.19%,
2T,AR_SW_VF_nzoth_yogg_cthun_3132858790445037_Mis_AM_DR,37756,45.18%,
2T,AR_SW_VF_yshaarj_nzoth_yogg_4013584784154605_IN_AM_DR_DS,37755,45.18%,
2T,AR_EC_VF_yshaarj_yogg_cthun_2043251290660845_IN_IV_ME,37751,45.17%,
2T,AR_SP_VF_yshaarj_yogg_cthun_1972332790153197_IN_IV_DR,37747,45.15%,
2T,AR_SW_VF_yshaarj_nzoth_yogg_4013438755266541_Mis_AM_ME,37747,45.15%,
2T,AR_EC_VF_nzoth_yogg_cthun_3169159854022637_Mis_AM_ME_DS,37744,45.14%,
2T,AR_SW_VF_yshaarj_nzoth_yogg_4013851005026285_IN_AM_DR,37741,45.13%,
2T,AR_SP_VF_nzoth_yogg_cthun_3150313470427117_Mis_AM_ME,37739,45.12%,
2T,AR_SP_VF_nzoth_yogg_cthun_3169151264088045_Mis_AM_ME,37735,45.11%,
2T,AR_SW_VF_yshaarj_nzoth_yogg_4013851072126957_IN_AM_ME,37732,45.10%,
2T,AR_EC_VF_yshaarj_yogg_cthun_2043251290660845_Mis_IV_DR,37731,45.09%,
2T,AR_EC_VF_yshaarj_nzoth_yogg_4013301316837357_Mis_AM_DR,37731,45.09%,
2T,AR_SW_VF_nzoth_yogg_cthun_3132859797077997_Mis_AM_DR,37727,45.07%,
2T,AR_SW_VF_yshaarj_nzoth_yogg_4013302390054893_Mis_IV_ME,37726,45.07%,
2T,AR_EC_VF_yshaarj_nzoth_yogg_4014400760840173_Mis_AM_ME,37726,45.07%,
2T,AR_EC_VF_yshaarj_nzoth_yogg_4013576127119341_Mis_AM_ME,37724,45.06%,
2T,AR_SW_VF_yshaarj_nzoth_yogg_3977567188410349_Mis_AM_ME,37720,45.05%,
2T,AR_SW_VF_yshaarj_yogg_cthun_1972332790153197_IN_IV_ME,37718,45.04%,
2T,AR_SP_VF_yshaarj_nzoth_yogg_4013302322954221_IN_AM_DR,37717,45.04%,
2T,AR_SW_VF_yshaarj_yogg_cthun_1971370784579565_IN_IV_DR,37716,45.03%,
2T,AR_EC_VF_yshaarj_nzoth_yogg_4013309906771949_IN_IV_ME_DS,37715,45.03%,
2T,AR_EC_VF_yshaarj_nzoth_yogg_4013851005026285_Mis_AM_DR,37715,45.03%,
2T,AR_SP_VF_yshaarj_yogg_cthun_1988688092717037_IN_IV_DR,37714,45.03%,
2T,AR_SW_VF_yshaarj_nzoth_yogg_4013301316837357_IN_AM_ME,37712,45.02%,
2T,AR_EC_VF_yshaarj_nzoth_yogg_4013447278100461_IN_IV_ME_DS,37712,45.02%,
2T,AR_EC_VF_yshaarj_nzoth_yogg_4013576127635437_Mis_AM_ME,37711,45.01%,
2T,AR_SP_VF_yshaarj_nzoth_yogg_4013851005026285_IN_AM_DR,37711,45.01%,
2T,AR_EC_VF_yshaarj_yogg_cthun_1972332790669293_Mis_IV_DR,37709,45.00%,
2T,AR_SP_VF_yshaarj_nzoth_yogg_4013309906255853_IN_IV_DR_DS,37709,45.00%,
2T,AR_EC_VF_yshaarj_yogg_cthun_1971370717478893_IN_IV_DR,37708,45.00%,
2T,AR_SP_VF_nzoth_yogg_cthun_3169151197503469_Mis_AM_ME,37707,45.00%,
2T,AR_SW_VF_yshaarj_nzoth_yogg_4013584784154605_Mis_IV_DR_DS,37706,44.99%,
2T,AR_SP_VF_yshaarj_nzoth_yogg_4013301316321261_IN_AM_DR,37704,44.99%,
2T,AR_SP_VF_yshaarj_nzoth_yogg_4014409417875437_Mis_IV_DR_DS,37703,44.98%,
2T,AR_SW_VF_nzoth_yogg_cthun_3132858790445037_Mis_AM_ME,37702,44.98%,
2T,AR_SP_VF_yshaarj_nzoth_yogg_4013447345201133_Mis_IV_ME_DS,37701,44.97%,
2T,AR_SP_VF_yshaarj_nzoth_yogg_4013301316837357_IN_AM_ME,37697,44.96%,
2T,AR_SP_VF_yshaarj_nzoth_yogg_4013310174683117_IN_IV_ME_DS,37697,44.96%,
2T,AR_SP_VF_yshaarj_nzoth_yogg_4013302323470317_Mis_IV_ME,37696,44.96%,
2T,AR_SP_VF_yshaarj_nzoth_yogg_4013301249736685_Mis_IV_DR,37696,44.96%,
2T,AR_EC_VF_yshaarj_nzoth_yogg_4013318496182253_Mis_IV_ME_DS,37695,44.95%,
2T,AR_SW_VF_nzoth_yogg_cthun_3169159786921965_Mis_IV_DR_DS,37694,44.95%,
2T,AR_SP_VF_yshaarj_nzoth_yogg_4013302322954221_Mis_IV_DR,37694,44.95%,
2T,AR_SP_VF_yshaarj_nzoth_yogg_4013302323470317_IN_AM_ME,37692,44.94%,
2T,AR_SP_VF_nzoth_yogg_cthun_3132858790445037_Mis_AM_DR,37692,44.94%,
2T,AR_SW_VF_yshaarj_nzoth_yogg_4013302390054893_IN_AM_ME,37692,44.94%,
2T,AR_SP_VF_yshaarj_nzoth_yogg_4013851005026285_Mis_IV_ME,37690,44.93%,
2T,AR_SW_VF_yshaarj_nzoth_yogg_4013318429597677_IN_IV_ME_DS,37689,44.93%,
2T,AR_SP_VF_yshaarj_nzoth_yogg_4013318429081581_IN_IV_ME_DS,37687,44.92%,
2T,AR_SW_VF_yshaarj_nzoth_yogg_4013438688165869_Mis_AM_DR,37684,44.91%,
2T,AR_EC_VF_yshaarj_nzoth_yogg_4013318429597677_Mis_IV_DR_DS,37682,44.90%,
2T,AR_SP_VF_yshaarj_nzoth_yogg_4013851005542381_Mis_IV_ME,37681,44.90%,
2T,AR_SW_VF_yshaarj_nzoth_yogg_4013302322954221_Mis_IV_DR,37680,44.89%,
2T,AR_SW_VF_yshaarj_nzoth_yogg_4013302322954221_IN_AM_DR,37678,44.89%,
2T,AR_EC_VF_yshaarj_nzoth_yogg_4013447345201133_IN_AM_DR_DS,37676,44.88%,
2T,AR_SW_VF_yshaarj_nzoth_yogg_4013576194220013_Mis_AM_ME,37675,44.88%,
2T,AR_EC_VF_yshaarj_yogg_cthun_1971233345634285_IN_IV_DR,37674,44.87%,
2T,AR_SP_VF_yshaarj_yogg_cthun_1972332790153197_IN_IV_ME,37671,44.86%,
2T,AR_SP_VF_yshaarj_nzoth_yogg_4014400761356269_Mis_AM_DR,37671,44.86%,
2T,AR_SP_VF_nzoth_yogg_cthun_3132875903205357_Mis_IV_ME_DS,37668,44.85%,
2T,AR_EC_VF_yshaarj_nzoth_yogg_4013447278100461_Mis_IV_DR_DS,37667,44.84%,
2T,AR_SP_VF_yshaarj_nzoth_yogg_4013584717570029_IN_IV_ME_DS,37666,44.84%,
2T,AR_SW_VF_yshaarj_nzoth_yogg_4014400761356269_Mis_AM_ME,37662,44.82%,
2T,AR_SW_VF_yshaarj_nzoth_yogg_3977567121825773_Mis_AM_ME,37660,44.82%,
2T,AR_EC_VF_yshaarj_yogg_cthun_2043251290144749_IN_IV_ME,37658,44.81%,
2T,AR_SW_VF_nzoth_yogg_cthun_3132867313270765_Mis_AM_ME,37657,44.81%,
2T,AR_SW_VF_yshaarj_yogg_cthun_1971233614061549_IN_IV_DR,37655,44.80%,
2T,AR_SP_VF_yshaarj_nzoth_yogg_4013447278616557_Mis_IV_DR_DS,37654,44.79%,
2T,AR_SP_VF_nzoth_yogg_cthun_3132867380371437_Mis_AM_DR,37653,44.79%,
2T,AR_EC_VF_yshaarj_nzoth_yogg_4014409351290861_Mis_IV_ME_DS,37652,44.79%,
2T,AR_SW_VF_yshaarj_nzoth_yogg_4013301249736685_Mis_IV_DR,37649,44.78%,
2T,AR_EC_VF_yshaarj_nzoth_yogg_4013438688165869_Mis_AM_ME,37646,44.76%,
2T,AR_EC_VF_yshaarj_yogg_cthun_2043251357245421_Mis_IV_ME,37646,44.76%,
2T,AR_SW_VF_nzoth_yogg_cthun_3132875903205357_Mis_IV_DR_DS,37644,44.75%,
2T,AR_EC_VF_yshaarj_nzoth_yogg_4013584717570029_IN_AM_DR_DS,37643,44.75%,
2T,AR_SP_VF_yshaarj_yogg_cthun_1972332857253869_IN_IV_ME,37642,44.75%,
2T,AR_SW_VF_yshaarj_nzoth_yogg_4013301584748525_Mis_AM_ME,37642,44.75%,
2T,AR_EC_VF_yshaarj_nzoth_yogg_3977567121309677_Mis_AM_DR,37641,44.74%,
2T,AR_EC_VF_yshaarj_nzoth_yogg_4013309839671277_IN_IV_DR_DS,37640,44.74%,
2T,AR_SW_VF_yshaarj_nzoth_yogg_4013447278100461_IN_IV_DR_DS,37640,44.74%,
2T,AR_SP_VF_yshaarj_nzoth_yogg_4013310913404909_IN_IV_DR_DS,37637,44.73%,
2T,AR_SW_VF_yshaarj_nzoth_yogg_4013584717570029_IN_IV_ME_DS,37637,44.73%,
2T,AR_SP_VF_nzoth_yogg_cthun_3132859797077997_Mis_AM_ME,37637,44.73%,
2T,AR_SW_VF_yshaarj_yogg_cthun_1971370717994989_IN_IV_DR,37635,44.72%,
2T,AR_SW_VF_yshaarj_nzoth_yogg_4014409351290861_IN_AM_ME_DS,37634,44.72%,
2T,AR_SW_VF_yshaarj_yogg_cthun_2043251357245421_Mis_IV_DR,37630,44.70%,
2T,AR_SW_VF_yshaarj_nzoth_yogg_4013438688165869_IN_AM_ME,37628,44.70%,
2T,AR_SW_VF_yshaarj_nzoth_yogg_4013584717053933_IN_IV_ME_DS,37627,44.69%,
2T,AR_EC_VF_nzoth_yogg_cthun_3132875903721453_Mis_AM_ME_DS,37625,44.68%,
2T,AR_SP_VF_yshaarj_nzoth_yogg_4013584784154605_IN_IV_ME_DS,37625,44.68%,
2T,AR_SW_VF_nzoth_yogg_cthun_3169159787438061_Mis_AM_DR_DS,37624,44.68%,
2T,AR_EC_VF_yshaarj_nzoth_yogg_4014409350774765_Mis_IV_ME_DS,37624,44.68%,
2T,AR_SP_VF_yshaarj_nzoth_yogg_4013301316321261_Mis_IV_ME,37623,44.68%,
2T,AR_EC_VF_yshaarj_nzoth_yogg_4014409417875437_Mis_IV_ME_DS,37623,44.68%,
2T,AR_SW_VF_yshaarj_nzoth_yogg_4014409417875437_Mis_IV_DR_DS,37623,44.68%,
2T,AR_SW_VF_yshaarj_nzoth_yogg_4013301316837357_Mis_AM_DR,37622,44.67%,
2T,AR_EC_VF_yshaarj_nzoth_yogg_4013584717570029_IN_AM_ME_DS,37621,44.67%,
2T,AR_SW_VF_yshaarj_nzoth_yogg_4014409350774765_IN_AM_DR_DS,37621,44.67%,
2T,AR_SP_VF_yshaarj_nzoth_yogg_4014409351290861_IN_AM_ME_DS,37621,44.67%,
2T,AR_EC_VF_yshaarj_yogg_cthun_1988688025616365_IN_IV_DR,37621,44.67%,
2T,AR_EC_VF_yshaarj_nzoth_yogg_4013310174683117_IN_AM_DR_DS,37620,44.66%,
2T,AR_EC_VF_yshaarj_nzoth_yogg_4013318429081581_Mis_IV_DR_DS,37619,44.66%,
2T,AR_SP_VF_yshaarj_nzoth_yogg_4013851072126957_Mis_AM_DR,37619,44.66%,
2T,AR_EC_VF_nzoth_yogg_cthun_3132867313270765_Mis_AM_DR,37618,44.65%,
2T,AR_SP_VF_nzoth_yogg_cthun_3132859797077997_Mis_AM_DR,37615,44.65%,
2T,AR_EC_VF_yshaarj_yogg_cthun_1973432302297069_IN_AM_DR,37615,44.64%,
2T,AR_SW_VF_yshaarj_yogg_cthun_2043251357245421_IN_AM_DR,37614,44.64%,
2T,AR_EC_VF_yshaarj_yogg_cthun_1971370784579565_IN_IV_ME,37610,44.62%,
2T,AR_SP_VF_yshaarj_yogg_cthun_2043251357245421_IN_IV_ME,37610,44.62%,
2T,AR_EC_VF_yshaarj_yogg_cthun_1988688092717037_IN_AM_DR,37609,44.62%,
2T,AR_SP_VF_yshaarj_nzoth_yogg_4013576127635437_Mis_AM_DR,37608,44.62%,
2T,AR_SW_VF_yshaarj_nzoth_yogg_4013576127635437_Mis_AM_ME,37606,44.61%,
2T,AR_SP_VF_yshaarj_nzoth_yogg_4013310979989485_IN_IV_DR_DS,37605,44.61%,
2T,AR_SW_VF_yshaarj_nzoth_yogg_4014409417875437_IN_AM_ME_DS,37605,44.61%,
2T,AR_EC_VF_yshaarj_nzoth_yogg_4013310174683117_Mis_IV_ME_DS,37605,44.60%,
2T,AR_SW_VF_yshaarj_nzoth_yogg_3977567188410349_Mis_AM_DR,37604,44.60%,
2T,AR_SW_VF_yshaarj_nzoth_yogg_4013438688681965_Mis_AM_ME,37603,44.60%,
2T,AR_SW_VF_yshaarj_yogg_cthun_1972332857253869_IN_IV_ME,37601,44.59%,
2T,AR_SP_VF_yshaarj_nzoth_yogg_4013301584748525_Mis_AM_DR,37600,44.59%,
2T,AR_SW_VF_yshaarj_yogg_cthun_1988688092717037_IN_IV_DR,37600,44.59%,
2T,AR_SW_VF_yshaarj_nzoth_yogg_4013851072126957_Mis_AM_DR,37598,44.58%,
2T,AR_SP_VF_yshaarj_nzoth_yogg_4013309906771949_IN_IV_DR_DS,37597,44.58%,
2T,AR_EC_VF_yshaarj_nzoth_yogg_4013301316321261_Mis_AM_DR,37597,44.57%,
2T,AR_SW_VF_yshaarj_nzoth_yogg_4013447345201133_IN_AM_DR_DS,37596,44.57%,
2T,AR_SP_VF_yshaarj_nzoth_yogg_4013576194220013_Mis_AM_ME,37594,44.56%,
2T,AR_SP_VF_yshaarj_nzoth_yogg_4013302390054893_IN_AM_ME,37594,44.56%,
2T,AR_SP_VF_nzoth_yogg_cthun_3169159786921965_Mis_IV_ME_DS,37593,44.56%,
2T,AR_SP_VF_yshaarj_nzoth_yogg_3977567121825773_Mis_AM_ME,37593,44.56%,
2T,AR_EC_VF_nzoth_yogg_cthun_3132875970306029_Mis_AM_ME_DS,37592,44.56%,
2T,AR_SW_VF_yshaarj_nzoth_yogg_4013310913404909_IN_IV_DR_DS,37591,44.55%,
2T,AR_SP_VF_yshaarj_yogg_cthun_1973432301780973_IN_IV_DR,37590,44.55%,
2T,AR_EC_VF_yshaarj_yogg_cthun_1971234352783341_IN_IV_DR,37588,44.54%,
2T,AR_EC_VF_yshaarj_nzoth_yogg_4013318429597677_Mis_IV_ME_DS,37586,44.53%,
2T,AR_SW_VF_yshaarj_nzoth_yogg_4013851005026285_Mis_IV_ME,37585,44.53%,
2T,AR_EC_VF_yshaarj_yogg_cthun_1973432368881645_IN_AM_DR,37584,44.52%,
2T,AR_EC_VF_yshaarj_nzoth_yogg_4013301316321261_Mis_AM_ME,37584,44.52%,
2T,AR_SP_VF_nzoth_yogg_cthun_3169159787438061_IN_AM_ME_DS,37581,44.51%,
2T,AR_SP_VF_yshaarj_yogg_cthun_1988688092717037_Mis_IV_DR,37581,44.51%,
2T,AR_EC_VF_yshaarj_yogg_cthun_1971370784579565_IN_AM_DR,37580,44.51%,
2T,AR_EC_VF_yshaarj_nzoth_yogg_4013318429081581_IN_AM_DR_DS,37578,44.50%,
2T,AR_EC_VF_yshaarj_nzoth_yogg_4013584784154605_IN_AM_ME_DS,37578,44.50%,
2T,AR_EC_VF_yshaarj_yogg_cthun_1973432368881645_Mis_IV_DR,37576,44.50%,
2T,AR_SP_VF_yshaarj_yogg_cthun_1971370784579565_IN_IV_DR,37573,44.48%,
2T,AR_EC_VF_yshaarj_nzoth_yogg_4013584784154605_Mis_IV_ME_DS,37572,44.48%,
2T,AR_SW_VF_yshaarj_nzoth_yogg_4013301249736685_Mis_IV_ME,37572,44.48%,
2T,AR_SW_VF_nzoth_yogg_cthun_3169151196987373_Mis_AM_DR,37565,44.45%,
2T,AR_EC_VF_yshaarj_nzoth_yogg_4013302322954221_Mis_AM_DR,37559,44.43%,
2T,AR_SW_VF_yshaarj_nzoth_yogg_4014409351290861_Mis_IV_ME_DS,37555,44.41%,
2T,AR_SP_VF_yshaarj_nzoth_yogg_4013301316321261_IN_AM_ME,37553,44.41%,
2T,AR_SW_VF_yshaarj_nzoth_yogg_3977567121825773_Mis_AM_DR,37550,44.39%,
2T,AR_SW_VF_yshaarj_nzoth_yogg_4013851005026285_IN_AM_ME,37548,44.38%,
2T,AR_EC_VF_yshaarj_nzoth_yogg_4013302390054893_Mis_AM_ME,37546,44.38%,
2T,AR_SP_VF_yshaarj_nzoth_yogg_4013309839671277_IN_IV_DR_DS,37545,44.37%,
2T,AR_EC_VF_nzoth_yogg_cthun_3169159787438061_Mis_AM_DR_DS,37544,44.37%,
2T,AR_SP_VF_yshaarj_nzoth_yogg_4014409417875437_IN_AM_ME_DS,37544,44.37%,
2T,AR_EC_VF_yshaarj_nzoth_yogg_4013851005542381_Mis_AM_ME,37543,44.37%,
2T,AR_SW_VF_yshaarj_yogg_cthun_2043251290660845_IN_IV_ME,37542,44.36%,
2T,AR_SW_VF_yshaarj_nzoth_yogg_4013302323470317_IN_AM_ME,37542,44.36%,
2T,AR_SP_VF_yshaarj_nzoth_yogg_4013310174683117_Mis_IV_DR_DS,37541,44.36%,
2T,AR_SP_VF_nzoth_yogg_cthun_3132867313786861_Mis_AM_DR,37541,44.36%,
2T,AR_SW_VF_nzoth_yogg_cthun_3132867313270765_Mis_AM_DR,37538,44.35%,
2T,AR_SP_VF_yshaarj_nzoth_yogg_4013438688165869_IN_AM_ME,37537,44.35%,
2T,AR_EC_VF_yshaarj_yogg_cthun_1972332857253869_IN_AM_ME,37537,44.35%,
2T,AR_SP_VF_yshaarj_nzoth_yogg_4013851005542381_IN_AM_ME,37537,44.34%,
2T,AR_SP_VF_nzoth_yogg_cthun_3132858790445037_Mis_AM_ME,37537,44.34%,
2T,AR_EC_VF_yshaarj_yogg_cthun_1972332790153197_IN_AM_DR,37535,44.34%,
2T,AR_SP_VF_yshaarj_nzoth_yogg_4013301249736685_IN_AM_DR,37532,44.32%,
2T,AR_EC_VF_yshaarj_yogg_cthun_1988688026132461_Mis_IV_DR,37530,44.32%,
2T,AR_SP_VF_yshaarj_yogg_cthun_1971233614061549_IN_IV_DR,37530,44.32%,
2T,AR_EC_VF_yshaarj_nzoth_yogg_4013447345201133_Mis_AM_DR_DS,37529,44.31%,
2T,AR_SW_VF_yshaarj_nzoth_yogg_4013851005542381_Mis_IV_ME,37528,44.31%,
2T,AR_SW_VF_yshaarj_nzoth_yogg_4013576127119341_Mis_AM_DR,37528,44.31%,
2T,AR_SP_VF_yshaarj_nzoth_yogg_4013438688681965_Mis_AM_DR,37528,44.31%,
2T,AR_EC_VF_yshaarj_nzoth_yogg_4014409350774765_IN_AM_ME_DS,37527,44.31%,
2T,AR_SP_VF_yshaarj_nzoth_yogg_4013447278100461_IN_IV_ME_DS,37526,44.30%,
2T,AR_EC_VF_yshaarj_nzoth_yogg_4013302323470317_Mis_AM_ME,37526,44.30%,
2T,AR_SW_VF_yshaarj_yogg_cthun_2043251290660845_Mis_IV_DR,37525,44.30%,
2T,AR_SW_VF_yshaarj_nzoth_yogg_4013301316321261_IN_AM_ME,37524,44.30%,
2T,AR_SP_VF_yshaarj_nzoth_yogg_4013584717053933_IN_IV_ME_DS,37524,44.29%,
2T,AR_SP_VF_yshaarj_yogg_cthun_1972332857253869_IN_AM_DR,37518,44.27%,
2T,AR_EC_VF_nzoth_yogg_cthun_3132875970306029_Mis_AM_DR_DS,37518,44.27%,
2T,AR_SW_VF_nzoth_yogg_cthun_3169159786921965_Mis_IV_ME_DS,37517,44.27%,
2T,AR_EC_VF_yshaarj_yogg_cthun_1972332857253869_Mis_IV_DR,37517,44.27%,
2T,AR_EC_VF_yshaarj_yogg_cthun_2043251357245421_IN_AM_ME,37510,44.24%,
2T,AR_EC_VF_yshaarj_nzoth_yogg_4014409350774765_Mis_IV_DR_DS,37509,44.24%,
2T,AR_SW_VF_nzoth_yogg_cthun_3169159786921965_IN_AM_ME_DS,37506,44.23%,
2T,AR_SP_VF_nzoth_yogg_cthun_3132858723860461_Mis_AM_DR,37501,44.20%,
2T,AR_SW_VF_yshaarj_nzoth_yogg_4014409351290861_Mis_IV_DR_DS,37501,44.20%,
2T,AR_SP_VF_yshaarj_nzoth_yogg_4013310979989485_IN_IV_ME_DS,37498,44.19%,
2T,AR_SP_VF_yshaarj_yogg_cthun_1972332857253869_Mis_IV_DR,37497,44.19%,
2T,AR_EC_VF_yshaarj_yogg_cthun_1973432302297069_Mis_IV_DR,37493,44.17%,
2T,AR_SP_VF_yshaarj_nzoth_yogg_4013438688165869_Mis_AM_DR,37492,44.17%,
2T,AR_EC_VF_yshaarj_yogg_cthun_2043251290144749_IN_AM_DR,37491,44.17%,
2T,AR_SW_VF_yshaarj_nzoth_yogg_4013310979989485_IN_IV_DR_DS,37491,44.17%,
2T,AR_EC_VF_yshaarj_nzoth_yogg_4013447345201133_IN_AM_ME_DS,37490,44.16%,
2T,AR_EC_VF_yshaarj_nzoth_yogg_3977567121309677_Mis_AM_ME,37489,44.16%,
2T,AR_SW_VF_yshaarj_nzoth_yogg_4013302390054893_Mis_AM_DR,37488,44.16%,
2T,AR_EC_VF_yshaarj_nzoth_yogg_4013310979989485_IN_AM_DR_DS,37486,44.15%,
2T,AR_SP_VF_yshaarj_nzoth_yogg_4013309906771949_IN_IV_ME_DS,37484,44.14%,
2T,AR_SW_VF_yshaarj_yogg_cthun_1973432301780973_IN_IV_DR,37482,44.13%,
2T,AR_SW_VF_yshaarj_nzoth_yogg_4014400827940845_Mis_AM_ME,37482,44.13%,
2T,AR_SW_VF_yshaarj_yogg_cthun_1973432368881645_Mis_IV_DR,37481,44.13%,
2T,AR_SW_VF_yshaarj_nzoth_yogg_4014400760840173_Mis_AM_DR,37480,44.12%,
2T,AR_SW_VF_yshaarj_nzoth_yogg_4013302323470317_Mis_IV_ME,37477,44.11%,
2T,AR_SW_VF_yshaarj_nzoth_yogg_4013447345201133_Mis_IV_ME_DS,37477,44.11%,
2T,AR_SP_VF_yshaarj_nzoth_yogg_4014409351290861_Mis_IV_DR_DS,37477,44.11%,
2T,AR_EC_VF_yshaarj_yogg_cthun_1973432368881645_IN_IV_ME,37477,44.11%,
2T,AR_EC_VF_yshaarj_nzoth_yogg_4013851005026285_Mis_AM_ME,37472,44.09%,
2T,AR_SP_VF_yshaarj_yogg_cthun_1971370784579565_Mis_IV_DR,37469,44.08%,
2T,AR_SW_VF_yshaarj_nzoth_yogg_4013447345201133_IN_IV_ME_DS,37467,44.08%,
2T,AR_SW_VF_yshaarj_nzoth_yogg_4013318429081581_IN_IV_ME_DS,37465,44.07%,
2T,AR_EC_VF_yshaarj_nzoth_yogg_4013309906255853_Mis_IV_DR_DS,37465,44.07%,
2T,AR_EC_VF_yshaarj_nzoth_yogg_4013584717053933_Mis_IV_DR_DS,37462,44.06%,
2T,AR_EC_VF_yshaarj_nzoth_yogg_4013447278616557_IN_AM_DR_DS,37458,44.04%,
2T,AR_SW_VF_yshaarj_nzoth_yogg_4013310174683117_IN_IV_ME_DS,37457,44.04%,
2T,AR_EC_VF_yshaarj_yogg_cthun_1973432301780973_IN_IV_ME,37457,44.04%,
2T,AR_EC_VF_yshaarj_yogg_cthun_1971370717994989_Mis_IV_DR,37457,44.03%,
2T,AR_EC_VF_yshaarj_nzoth_yogg_4013584717570029_Mis_IV_ME_DS,37456,44.03%,
2T,AR_SP_VF_yshaarj_nzoth_yogg_4014409350774765_IN_AM_ME_DS,37456,44.03%,
2T,AR_SW_VF_yshaarj_yogg_cthun_1988688092717037_Mis_IV_DR,37453,44.02%,
2T,AR_SP_VF_yshaarj_nzoth_yogg_4013310912888813_IN_IV_DR_DS,37453,44.02%,
2T,AR_SP_VF_yshaarj_nzoth_yogg_4013447278616557_IN_IV_ME_DS,37450,44.01%,
2T,AR_EC_VF_yshaarj_nzoth_yogg_4013318429597677_IN_AM_ME_DS,37449,44.01%,
2T,AR_SP_VF_yshaarj_yogg_cthun_2043251290144749_IN_IV_ME,37448,44.00%,
2T,AR_EC_VF_yshaarj_nzoth_yogg_4013310913404909_IN_IV_ME_DS,37446,44.00%,
2T,AR_SP_VF_yshaarj_nzoth_yogg_4013584717570029_IN_AM_DR_DS,37442,43.98%,
2T,AR_SW_VF_yshaarj_nzoth_yogg_4013301316321261_Mis_IV_ME,37441,43.98%,
2T,AR_SP_VF_yshaarj_nzoth_yogg_3977567188410349_Mis_AM_DR,37439,43.97%,
2T,AR_SW_VF_yshaarj_nzoth_yogg_4013309906771949_IN_IV_ME_DS,37433,43.94%,
2T,AR_EC_VF_yshaarj_nzoth_yogg_4013318496182253_Mis_AM_DR_DS,37430,43.93%,
2T,AR_EC_VF_yshaarj_yogg_cthun_2043251290144749_Mis_IV_DR,37428,43.92%,
2T,AR_SW_VF_yshaarj_nzoth_yogg_4013318496182253_Mis_IV_DR_DS,37427,43.92%,
2T,AR_SP_VF_yshaarj_nzoth_yogg_4014409350774765_IN_AM_DR_DS,37427,43.92%,
2T,AR_EC_VF_yshaarj_nzoth_yogg_4013309839671277_IN_IV_ME_DS,37425,43.91%,
2T,AR_SP_VF_yshaarj_nzoth_yogg_4013584784154605_IN_AM_DR_DS,37424,43.91%,
2T,AR_SW_VF_yshaarj_yogg_cthun_1972332857253869_IN_AM_DR,37422,43.90%,
2T,AR_SW_VF_yshaarj_nzoth_yogg_4013447278616557_IN_IV_ME_DS,37420,43.89%,
2T,AR_SP_VF_yshaarj_nzoth_yogg_4014409351290861_Mis_IV_ME_DS,37417,43.88%,
2T,AR_SP_VF_yshaarj_yogg_cthun_2043251290660845_IN_IV_ME,37417,43.88%,
2T,AR_SP_VF_yshaarj_nzoth_yogg_4013318429597677_IN_AM_DR_DS,37417,43.88%,
2T,AR_SP_VF_yshaarj_nzoth_yogg_4013584717570029_Mis_IV_DR_DS,37416,43.88%,
2T,AR_SP_VF_yshaarj_nzoth_yogg_4013301584748525_Mis_AM_ME,37415,43.87%,
2T,AR_EC_VF_yshaarj_nzoth_yogg_4013584717053933_IN_AM_DR_DS,37415,43.87%,
2T,AR_SP_VF_yshaarj_nzoth_yogg_3977567188410349_Mis_AM_ME,37415,43.87%,
2T,AR_EC_VF_yshaarj_yogg_cthun_1971233346150381_IN_IV_DR,37414,43.87%,
2T,AR_SP_VF_yshaarj_nzoth_yogg_4013851005026285_IN_AM_ME,37413,43.87%,
2T,AR_EC_VF_nzoth_yogg_cthun_3169159787438061_Mis_AM_ME_DS,37412,43.86%,
2T,AR_EC_VF_yshaarj_yogg_cthun_1971233614061549_Mis_IV_DR,37407,43.84%,
2T,AR_EC_VF_yshaarj_nzoth_yogg_4013310913404909_Mis_IV_DR_DS,37407,43.84%,
2T,AR_EC_VF_yshaarj_nzoth_yogg_4014409417875437_Mis_AM_DR_DS,37405,43.84%,
2T,AR_SW_VF_nzoth_yogg_cthun_3132875970306029_Mis_AM_DR_DS,37403,43.83%,
2T,AR_EC_VF_yshaarj_nzoth_yogg_4013309906771949_IN_AM_DR_DS,37403,43.83%,
2T,AR_SW_VF_yshaarj_nzoth_yogg_4013309906255853_IN_IV_DR_DS,37401,43.82%,
2T,AR_EC_VF_yshaarj_yogg_cthun_2043259947180013_IN_IV_DR_DS,37401,43.82%,
2T,AR_SP_VF_yshaarj_nzoth_yogg_4013309906255853_IN_IV_ME_DS,37400,43.82%,
2T,AR_SW_VF_yshaarj_nzoth_yogg_4013301249736685_IN_AM_ME,37400,43.82%,
2T,AR_EC_VF_yshaarj_nzoth_yogg_4013310174683117_IN_AM_ME_DS,37400,43.82%,
2T,AR_EC_VF_yshaarj_nzoth_yogg_4013447278616557_Mis_IV_ME_DS,37397,43.80%,
2T,AR_SP_VF_yshaarj_nzoth_yogg_4013584784154605_Mis_IV_ME_DS,37395,43.80%,
2T,AR_EC_VF_yshaarj_nzoth_yogg_4013309906771949_Mis_IV_DR_DS,37395,43.80%,
2T,AR_SP_VF_yshaarj_nzoth_yogg_4013438688681965_Mis_AM_ME,37395,43.80%,
2T,AR_SP_VF_yshaarj_nzoth_yogg_4013310174683117_Mis_IV_ME_DS,37393,43.79%,
2T,AR_SP_VF_yshaarj_nzoth_yogg_4013302390054893_Mis_AM_DR,37393,43.79%,
2T,AR_EC_VF_yshaarj_yogg_cthun_2043251357245421_Mis_AM_DR,37391,43.78%,
2T,AR_SP_VF_yshaarj_nzoth_yogg_4014400761356269_Mis_AM_ME,37391,43.78%,
2T,AR_SP_VF_yshaarj_nzoth_yogg_4013318496182253_IN_AM_DR_DS,37389,43.77%,
2T,AR_EC_VF_yshaarj_nzoth_yogg_4013310979989485_Mis_IV_DR_DS,37388,43.77%,
2T,AR_EC_VF_yshaarj_nzoth_yogg_4013318429081581_Mis_IV_ME_DS,37388,43.77%,
2T,AR_SW_VF_yshaarj_nzoth_yogg_4013302322954221_Mis_IV_ME,37382,43.75%,
2T,AR_SW_VF_yshaarj_yogg_cthun_2043251357245421_IN_IV_ME,37382,43.75%,
2T,AR_SP_VF_yshaarj_nzoth_yogg_4013301316837357_Mis_AM_DR,37381,43.75%,
2T,AR_SP_VF_yshaarj_yogg_cthun_1972332790669293_IN_AM_DR,37381,43.75%,
2T,AR_EC_VF_yshaarj_yogg_cthun_1973432302297069_IN_IV_ME,37381,43.74%,
2T,AR_EC_VF_yshaarj_nzoth_yogg_4013301249736685_Mis_AM_DR,37380,43.74%,
2T,AR_SP_VF_yshaarj_yogg_cthun_2043251357245421_IN_AM_DR,37377,43.73%,
2T,AR_EC_VF_yshaarj_yogg_cthun_1971370717478893_Mis_IV_DR,37376,43.73%,
2T,AR_EC_VF_nzoth_yogg_cthun_3132875903721453_Mis_AM_DR_DS,37376,43.73%,
2T,AR_SP_VF_yshaarj_yogg_cthun_1971233346150381_IN_IV_DR,37374,43.72%,
2T,AR_SW_VF_nzoth_yogg_cthun_3132875970306029_Mis_AM_ME_DS,37374,43.72%,
2T,AR_SP_VF_yshaarj_yogg_cthun_1971234419367917_IN_IV_DR,37372,43.71%,
2T,AR_SW_VF_yshaarj_nzoth_yogg_4013302323470317_Mis_AM_DR,37372,43.71%,
2T,AR_EC_VF_yshaarj_nzoth_yogg_4013447278100461_Mis_IV_ME_DS,37371,43.71%,
2T,AR_SW_VF_yshaarj_yogg_cthun_1972332790669293_IN_AM_DR,37365,43.68%,
2T,AR_SW_VF_yshaarj_yogg_cthun_1971370717994989_Mis_IV_DR,37364,43.68%,
2T,AR_EC_VF_yshaarj_yogg_cthun_1971250525495277_IN_IV_DR_DS,37364,43.68%,
2T,AR_SP_VF_yshaarj_nzoth_yogg_4013302323470317_Mis_AM_DR,37363,43.67%,
2T,AR_SP_VF_yshaarj_nzoth_yogg_4013576127119341_Mis_AM_DR,37359,43.66%,
2T,AR_SP_VF_yshaarj_yogg_cthun_1971370717994989_IN_IV_DR,37358,43.66%,
2T,AR_EC_VF_yshaarj_nzoth_yogg_4013447278100461_IN_AM_DR_DS,37355,43.64%,
2T,AR_SP_VF_yshaarj_yogg_cthun_2043251290660845_IN_AM_DR,37354,43.64%,
2T,AR_EC_VF_yshaarj_yogg_cthun_1971234352267245_IN_IV_DR,37352,43.63%,
2T,AR_SW_VF_yshaarj_yogg_cthun_1972332790669293_IN_AM_ME,37351,43.63%,
2T,AR_SW_VF_yshaarj_nzoth_yogg_4013318496182253_IN_AM_DR_DS,37350,43.63%,
2T,AR_SW_VF_yshaarj_nzoth_yogg_4013584784154605_Mis_IV_ME_DS,37350,43.62%,
2T,AR_SW_VF_yshaarj_yogg_cthun_1971233346150381_IN_IV_DR,37350,43.62%,
2T,AR_SP_VF_yshaarj_nzoth_yogg_4014400760840173_Mis_AM_DR,37349,43.62%,
2T,AR_SP_VF_yshaarj_yogg_cthun_2043251290660845_Mis_IV_DR,37349,43.62%,
2T,AR_EC_VF_yshaarj_yogg_cthun_2043259880595437_IN_IV_DR_DS,37349,43.62%,
2T,AR_SP_VF_nzoth_yogg_cthun_3169159854022637_Mis_AM_DR_DS,37348,43.62%,
2T,AR_SW_VF_yshaarj_yogg_cthun_1973432302297069_Mis_IV_DR,37348,43.62%,
2T,AR_SW_VF_nzoth_yogg_cthun_3169159854022637_Mis_AM_DR_DS,37346,43.61%,
2T,AR_EC_VF_yshaarj_nzoth_yogg_4013318429081581_IN_AM_ME_DS,37346,43.61%,
2T,AR_EC_VF_yshaarj_yogg_cthun_1971370784579565_Mis_AM_DR,37346,43.61%,
2T,AR_SP_VF_nzoth_yogg_cthun_3169151196987373_Mis_AM_ME,37346,43.61%,
2T,AR_SP_VF_yshaarj_nzoth_yogg_4013318429597677_Mis_IV_DR_DS,37343,43.60%,
2T,AR_EC_VF_yshaarj_yogg_cthun_1971370784579565_Mis_IV_ME,37342,43.59%,
2T,AR_SW_VF_yshaarj_yogg_cthun_2043251290144749_IN_IV_ME,37340,43.59%,
2T,AR_SP_VF_yshaarj_nzoth_yogg_4013310174683117_IN_AM_DR_DS,37339,43.58%,
2T,AR_EC_VF_yshaarj_yogg_cthun_1971233279049709_IN_IV_DR,37338,43.58%,
2T,AR_SP_VF_yshaarj_nzoth_yogg_4013301249736685_Mis_IV_ME,37338,43.58%,
2T,AR_SP_VF_yshaarj_nzoth_yogg_4013447345201133_IN_AM_DR_DS,37338,43.58%,
2T,AR_SP_VF_yshaarj_nzoth_yogg_4014409417875437_Mis_IV_ME_DS,37336,43.57%,
2T,AR_SW_VF_nzoth_yogg_cthun_3169159787438061_Mis_AM_ME_DS,37335,43.57%,
2T,AR_SW_VF_nzoth_yogg_cthun_3169151196987373_Mis_AM_ME,37334,43.56%,
2T,AR_SW_VF_nzoth_yogg_cthun_3169159854022637_Mis_AM_ME_DS,37331,43.55%,
2T,AR_SP_VF_yshaarj_yogg_cthun_2043259947180013_IN_IV_DR_DS,37329,43.54%,
2T,AR_SP_VF_nzoth_yogg_cthun_3132858723860461_Mis_AM_ME,37327,43.54%,
2T,AR_SP_VF_yshaarj_nzoth_yogg_3977567121825773_Mis_AM_DR,37323,43.52%,
2T,AR_SW_VF_yshaarj_nzoth_yogg_4013447278616557_IN_AM_DR_DS,37323,43.52%,
2T,AR_SW_VF_yshaarj_nzoth_yogg_4013851005542381_Mis_AM_DR,37322,43.52%,
2T,AR_SP_VF_yshaarj_nzoth_yogg_4013318496182253_Mis_IV_ME_DS,37319,43.51%,
2T,AR_EC_VF_yshaarj_yogg_cthun_1988688092717037_IN_IV_ME,37319,43.50%,
2T,AR_SW_VF_yshaarj_nzoth_yogg_4013438688165869_Mis_AM_ME,37318,43.50%,
2T,AR_SP_VF_yshaarj_nzoth_yogg_4013310913404909_IN_IV_ME_DS,37317,43.50%,
2T,AR_EC_VF_yshaarj_yogg_cthun_1972332790669293_IN_AM_ME,37317,43.50%,
2T,AR_SP_VF_nzoth_yogg_cthun_3169159786921965_IN_AM_ME_DS,37314,43.49%,
2T,AR_SP_VF_yshaarj_nzoth_yogg_4013447278100461_Mis_IV_DR_DS,37313,43.48%,
2T,AR_SW_VF_yshaarj_nzoth_yogg_4013447278616557_Mis_IV_DR_DS,37312,43.48%,
2T,AR_SW_VF_yshaarj_yogg_cthun_2043251290660845_IN_AM_DR,37310,43.47%,
2T,AR_SW_VF_yshaarj_nzoth_yogg_4013301316321261_Mis_AM_DR,37310,43.47%,
2T,AR_EC_VF_yshaarj_yogg_cthun_1971233614061549_IN_AM_DR,37308,43.47%,
2T,AR_SP_VF_yshaarj_nzoth_yogg_4013302322954221_IN_AM_ME,37308,43.46%,
2T,AR_SP_VF_yshaarj_nzoth_yogg_4013301316321261_Mis_AM_DR,37306,43.46%,
2T,AR_EC_VF_yshaarj_yogg_cthun_2043251290660845_Mis_IV_ME,37306,43.45%,
2T,AR_SW_VF_yshaarj_nzoth_yogg_4013318429597677_Mis_IV_DR_DS,37305,43.45%,
2T,AR_SP_VF_yshaarj_nzoth_yogg_4014409350774765_Mis_IV_DR_DS,37305,43.45%,
2T,AR_SW_VF_yshaarj_yogg_cthun_1971370784579565_Mis_IV_DR,37303,43.44%,
2T,AR_EC_VF_yshaarj_nzoth_yogg_4013309906771949_IN_AM_ME_DS,37298,43.43%,
2T,AR_SP_VF_yshaarj_nzoth_yogg_4013576127635437_Mis_AM_ME,37298,43.43%,
2T,AR_EC_VF_yshaarj_yogg_cthun_1971370717994989_IN_IV_ME,37298,43.42%,
2T,AR_EC_VF_yshaarj_nzoth_yogg_4013310912888813_Mis_IV_DR_DS,37294,43.41%,
2T,AR_EC_VF_yshaarj_yogg_cthun_1988688092717037_Mis_AM_DR,37290,43.39%,
2T,AR_SP_VF_yshaarj_nzoth_yogg_4013447278616557_Mis_IV_ME_DS,37288,43.39%,
2T,AR_EC_VF_nzoth_yogg_cthun_3169159786921965_Mis_AM_ME_DS,37287,43.38%,
2T,AR_EC_VF_yshaarj_yogg_cthun_1972332857253869_Mis_AM_DR,37280,43.35%,
2T,AR_SP_VF_nzoth_yogg_cthun_3169159787438061_Mis_AM_DR_DS,37278,43.35%,
2T,AR_EC_VF_yshaarj_nzoth_yogg_4013584717053933_Mis_IV_ME_DS,37275,43.34%,
2T,AR_SW_VF_yshaarj_nzoth_yogg_4013576127119341_Mis_AM_ME,37274,43.33%,
2T,AR_EC_VF_yshaarj_nzoth_yogg_4013310912888813_IN_AM_DR_DS,37273,43.33%,
2T,AR_SW_VF_yshaarj_nzoth_yogg_4013310174683117_IN_AM_DR_DS,37273,43.33%,
2T,AR_SW_VF_yshaarj_nzoth_yogg_4013301316837357_Mis_AM_ME,37271,43.32%,
2T,AR_SW_VF_yshaarj_nzoth_yogg_4013310979989485_IN_IV_ME_DS,37271,43.32%,
2T,AR_SW_VF_yshaarj_nzoth_yogg_4013851005542381_Mis_AM_ME,37270,43.32%,
2T,AR_SW_VF_yshaarj_nzoth_yogg_4013584717053933_Mis_IV_DR_DS,37270,43.32%,
2T,AR_EC_VF_yshaarj_nzoth_yogg_4013310912888813_IN_IV_ME_DS,37267,43.31%,
2T,AR_SW_VF_yshaarj_yogg_cthun_1973432302297069_IN_IV_ME,37264,43.30%,
2T,AR_SW_VF_yshaarj_yogg_cthun_1971234419367917_IN_IV_DR,37263,43.29%,
2T,AR_EC_VF_yshaarj_nzoth_yogg_4013310913404909_IN_AM_DR_DS,37262,43.29%,
2T,AR_SW_VF_yshaarj_nzoth_yogg_4013302322954221_IN_AM_ME,37258,43.27%,
2T,AR_EC_VF_yshaarj_yogg_cthun_1972332790153197_Mis_IV_DR,37258,43.27%,
2T,AR_SW_VF_yshaarj_yogg_cthun_1972332790153197_Mis_IV_DR,37258,43.27%,
2T,AR_SW_VF_yshaarj_nzoth_yogg_4013447278100461_IN_IV_ME_DS,37258,43.27%,
2T,AR_SW_VF_yshaarj_nzoth_yogg_4013318429597677_IN_AM_DR_DS,37253,43.25%,
2T,AR_EC_VF_yshaarj_nzoth_yogg_4013309839671277_IN_AM_DR_DS,37253,43.25%,
2T,AR_EC_VF_yshaarj_nzoth_yogg_4013447278616557_IN_AM_ME_DS,37253,43.25%,
2T,AR_SP_VF_yshaarj_yogg_cthun_1973432368881645_Mis_IV_DR,37252,43.25%,
2T,AR_SP_VF_yshaarj_yogg_cthun_1988688026132461_IN_IV_DR,37252,43.25%,
2T,AR_SW_VF_yshaarj_yogg_cthun_1973432368881645_IN_IV_ME,37251,43.25%,
2T,AR_SW_VF_yshaarj_yogg_cthun_1972332857253869_IN_AM_ME,37246,43.23%,
2T,AR_SW_VF_yshaarj_yogg_cthun_2043251290144749_Mis_IV_DR,37242,43.21%,
2T,AR_SW_VF_yshaarj_nzoth_yogg_4013309839671277_IN_IV_DR_DS,37241,43.21%,
2T,AR_SP_VF_nzoth_yogg_cthun_3169151196987373_Mis_AM_DR,37240,43.20%,
2T,AR_SP_VF_yshaarj_yogg_cthun_1973432368881645_IN_IV_ME,37239,43.20%,
2T,AR_SW_VF_yshaarj_yogg_cthun_2043251290144749_IN_AM_DR,37239,43.20%,
2T,AR_SW_VF_yshaarj_nzoth_yogg_4014409350774765_IN_AM_ME_DS,37235,43.18%,
2T,AR_SP_VF_yshaarj_nzoth_yogg_4013302322954221_Mis_IV_ME,37235,43.18%,
2T,AR_EC_VF_yshaarj_yogg_cthun_1988688025616365_Mis_IV_DR,37233,43.17%,
2T,AR_SP_VF_yshaarj_yogg_cthun_1971370717478893_IN_IV_DR,37232,43.17%,
2T,AR_SW_VF_nzoth_yogg_cthun_3132875903721453_Mis_AM_ME_DS,37230,43.16%,
2T,AR_EC_VF_yshaarj_yogg_cthun_1971233346150381_Mis_IV_DR,37227,43.15%,
2T,AR_EC_VF_yshaarj_nzoth_yogg_4013302322954221_Mis_AM_ME,37226,43.15%,
2T,AR_SW_VF_yshaarj_nzoth_yogg_4013309906771949_Mis_IV_DR_DS,37226,43.15%,
2T,AR_SW_VF_yshaarj_nzoth_yogg_4014409417875437_Mis_IV_ME_DS,37224,43.14%,
2T,AR_SW_VF_nzoth_yogg_cthun_3132875903721453_Mis_AM_DR_DS,37223,43.14%,
2T,AR_SP_VF_nzoth_yogg_cthun_3132867313270765_Mis_AM_ME,37220,43.13%,
2T,AR_SP_VF_yshaarj_nzoth_yogg_4013584717053933_Mis_IV_DR_DS,37220,43.13%,
2T,AR_EC_VF_yshaarj_yogg_cthun_1971233345634285_IN_IV_ME,37220,43.12%,
2T,AR_SP_VF_nzoth_yogg_cthun_3132875970306029_Mis_AM_ME_DS,37219,43.12%,
2T,AR_SW_VF_yshaarj_yogg_cthun_1972332857253869_Mis_IV_DR,37219,43.12%,
2T,AR_SP_VF_yshaarj_nzoth_yogg_4013318429597677_Mis_IV_ME_DS,37218,43.12%,
2T,AR_SW_VF_yshaarj_yogg_cthun_2043251357245421_Mis_IV_ME,37216,43.11%,
2T,AR_EC_VF_yshaarj_nzoth_yogg_4013447278616557_Mis_AM_DR_DS,37216,43.11%,
2T,AR_EC_VF_yshaarj_yogg_cthun_1971234419367917_IN_AM_DR,37214,43.10%,
2T,AR_EC_VF_yshaarj_yogg_cthun_2043251290660845_Mis_AM_DR,37214,43.10%,
2T,AR_SW_VF_yshaarj_nzoth_yogg_4013851072126957_Mis_AM_ME,37212,43.10%,
2T,AR_SP_VF_nzoth_yogg_cthun_3132875903721453_Mis_AM_ME_DS,37210,43.09%,
2T,AR_SW_VF_yshaarj_nzoth_yogg_4013318496182253_Mis_IV_ME_DS,37209,43.08%,
2T,AR_SW_VF_yshaarj_nzoth_yogg_4013584717570029_Mis_IV_DR_DS,37207,43.08%,
2T,AR_EC_VF_yshaarj_nzoth_yogg_4013309906771949_Mis_IV_ME_DS,37207,43.08%,
2T,AR_SW_VF_yshaarj_nzoth_yogg_4013310174683117_Mis_IV_DR_DS,37206,43.07%,
2T,AR_SP_VF_yshaarj_nzoth_yogg_4013851005542381_Mis_AM_DR,37206,43.07%,
2T,AR_SW_VF_yshaarj_yogg_cthun_1971370784579565_IN_AM_DR,37206,43.07%,
2T,AR_SP_VF_yshaarj_nzoth_yogg_4013301249736685_IN_AM_ME,37203,43.06%,
2T,AR_SW_VF_yshaarj_nzoth_yogg_3977567121309677_Mis_AM_ME,37203,43.06%,
2T,AR_SP_VF_yshaarj_nzoth_yogg_4013309839671277_IN_IV_ME_DS,37203,43.06%,
2T,AR_SW_VF_yshaarj_nzoth_yogg_4013584717570029_Mis_IV_ME_DS,37202,43.06%,
2T,AR_SP_VF_yshaarj_yogg_cthun_1988688025616365_IN_IV_DR,37202,43.05%,
2T,AR_SP_VF_yshaarj_yogg_cthun_1971370717994989_Mis_IV_DR,37200,43.05%,
2T,AR_SP_VF_yshaarj_nzoth_yogg_4013851072126957_Mis_AM_ME,37198,43.04%,
2T,AR_SP_VF_yshaarj_nzoth_yogg_4013302390054893_Mis_AM_ME,37198,43.04%,
2T,AR_EC_VF_yshaarj_yogg_cthun_1988688092717037_Mis_IV_ME,37197,43.04%,
2T,AR_SW_VF_yshaarj_nzoth_yogg_4014409350774765_Mis_IV_ME_DS,37197,43.04%,
2T,AR_SP_VF_yshaarj_nzoth_yogg_4013310979989485_Mis_IV_DR_DS,37196,43.03%,
2T,AR_EC_VF_yshaarj_yogg_cthun_1971233614061549_IN_IV_ME,37195,43.03%,
2T,AR_EC_VF_yshaarj_yogg_cthun_2043251290660845_IN_AM_ME,37192,43.02%,
2T,AR_SP_VF_nzoth_yogg_cthun_3132875970306029_Mis_AM_DR_DS,37188,43.00%,
2T,AR_SW_VF_yshaarj_yogg_cthun_1972332790669293_Mis_IV_DR,37188,43.00%,
2T,AR_SP_VF_yshaarj_nzoth_yogg_4013318429081581_Mis_IV_DR_DS,37188,43.00%,
2T,AR_SW_VF_yshaarj_nzoth_yogg_4013584717053933_IN_AM_DR_DS,37185,42.99%,
2T,AR_SW_VF_yshaarj_nzoth_yogg_3977567121309677_Mis_AM_DR,37184,42.99%,
2T,AR_SW_VF_yshaarj_yogg_cthun_1971233279049709_IN_IV_DR,37182,42.98%,
2T,AR_SP_VF_yshaarj_yogg_cthun_1971370784579565_IN_AM_DR,37180,42.97%,
2T,AR_SW_VF_yshaarj_yogg_cthun_1971234352783341_IN_IV_DR,37179,42.97%,
2T,AR_EC_VF_yshaarj_nzoth_yogg_4013584784154605_Mis_AM_DR_DS,37178,42.96%,
2T,AR_EC_VF_yshaarj_nzoth_yogg_4013309906255853_Mis_IV_ME_DS,37178,42.96%,
2T,AR_SW_VF_yshaarj_yogg_cthun_2043259947180013_IN_IV_DR_DS,37176,42.96%,
2T,AR_EC_VF_yshaarj_yogg_cthun_1973432368881645_Mis_AM_DR,37175,42.95%,
2T,AR_SW_VF_yshaarj_nzoth_yogg_4013318429597677_Mis_IV_ME_DS,37175,42.95%,
2T,AR_EC_VF_yshaarj_yogg_cthun_2043259880079341_IN_IV_DR_DS,37175,42.95%,
2T,AR_EC_VF_yshaarj_nzoth_yogg_4013318496182253_Mis_AM_ME_DS,37172,42.94%,
2T,AR_EC_VF_yshaarj_yogg_cthun_1973432301780973_Mis_IV_DR,37171,42.94%,
2T,AR_EC_VF_yshaarj_nzoth_yogg_4014409417875437_Mis_AM_ME_DS,37167,42.92%,
2T,AR_EC_VF_yshaarj_yogg_cthun_1972332857253869_Mis_IV_ME,37165,42.92%,
2T,AR_SW_VF_yshaarj_nzoth_yogg_4013584717570029_IN_AM_ME_DS,37165,42.92%,
2T,AR_EC_VF_yshaarj_nzoth_yogg_4013447278100461_IN_AM_ME_DS,37164,42.91%,
2T,AR_SW_VF_yshaarj_nzoth_yogg_4013309839671277_IN_IV_ME_DS,37162,42.90%,
2T,AR_EC_VF_yshaarj_nzoth_yogg_4013447345201133_Mis_AM_ME_DS,37160,42.89%,
2T,AR_SW_VF_yshaarj_nzoth_yogg_4013310979989485_IN_AM_DR_DS,37156,42.88%,
2T,AR_EC_VF_yshaarj_nzoth_yogg_4013310174683117_Mis_AM_DR_DS,37153,42.87%,
2T,AR_SW_VF_yshaarj_nzoth_yogg_4013447278616557_Mis_IV_ME_DS,37151,42.86%,
2T,AR_SP_VF_yshaarj_nzoth_yogg_4014400760840173_Mis_AM_ME,37150,42.86%,
2T,AR_SW_VF_yshaarj_nzoth_yogg_4013851005026285_Mis_AM_DR,37150,42.85%,
2T,AR_SW_VF_yshaarj_nzoth_yogg_4013584784154605_IN_AM_ME_DS,37149,42.85%,
2T,AR_SW_VF_yshaarj_nzoth_yogg_4014409350774765_Mis_IV_DR_DS,37146,42.84%,
2T,AR_EC_VF_yshaarj_yogg_cthun_1973432368881645_Mis_IV_ME,37144,42.83%,
2T,AR_SP_VF_yshaarj_nzoth_yogg_4013310912888813_IN_IV_ME_DS,37144,42.83%,
2T,AR_EC_VF_nzoth_yogg_cthun_3132875903205357_Mis_AM_DR_DS,37144,42.83%,
2T,AR_SW_VF_yshaarj_nzoth_yogg_4013301249736685_Mis_AM_DR,37144,42.83%,
2T,AR_EC_VF_yshaarj_yogg_cthun_2043251290144749_Mis_IV_ME,37142,42.83%,
2T,AR_SP_VF_yshaarj_nzoth_yogg_4013447278616557_IN_AM_DR_DS,37142,42.83%,
2T,AR_EC_VF_yshaarj_nzoth_yogg_4013310979989485_IN_AM_ME_DS,37138,42.81%,
2T,AR_SW_VF_yshaarj_nzoth_yogg_4013310174683117_Mis_IV_ME_DS,37132,42.79%,
2T,AR_SP_VF_yshaarj_yogg_cthun_2043251290144749_Mis_IV_DR,37131,42.78%,
2T,AR_EC_VF_yshaarj_yogg_cthun_1972332790153197_IN_AM_ME,37131,42.78%,
2T,AR_SW_VF_yshaarj_yogg_cthun_1971370717478893_IN_IV_DR,37129,42.78%,
2T,AR_SW_VF_yshaarj_nzoth_yogg_4013447278100461_Mis_IV_DR_DS,37128,42.77%,
2T,AR_EC_VF_yshaarj_yogg_cthun_1971250458910701_IN_IV_DR_DS,37126,42.76%,
2T,AR_EC_VF_yshaarj_nzoth_yogg_4013301249736685_Mis_AM_ME,37126,42.76%,
2T,AR_SP_VF_nzoth_yogg_cthun_3169159854022637_Mis_AM_ME_DS,37123,42.75%,
2T,AR_EC_VF_yshaarj_yogg_cthun_1971233614061549_Mis_AM_DR,37120,42.74%,
2T,AR_SW_VF_yshaarj_yogg_cthun_1972332790153197_IN_AM_DR,37118,42.73%,
2T,AR_EC_VF_yshaarj_yogg_cthun_2043259947180013_Mis_IV_DR_DS,37117,42.73%,
2T,AR_SW_VF_yshaarj_yogg_cthun_1971233345634285_IN_IV_DR,37116,42.73%,
2T,AR_EC_VF_nzoth_yogg_cthun_3169159786921965_Mis_AM_DR_DS,37115,42.72%,
2T,AR_SW_VF_yshaarj_yogg_cthun_1988688026132461_IN_IV_DR,37114,42.72%,
2T,AR_SP_VF_yshaarj_nzoth_yogg_4013584784154605_IN_AM_ME_DS,37113,42.72%,
2T,AR_SP_VF_nzoth_yogg_cthun_3132875903721453_Mis_AM_DR_DS,37111,42.70%,
2T,AR_EC_VF_yshaarj_nzoth_yogg_4013309906255853_IN_AM_DR_DS,37109,42.70%,
2T,AR_EC_VF_yshaarj_yogg_cthun_1971370717478893_IN_IV_ME,37109,42.70%,
2T,AR_SW_VF_yshaarj_nzoth_yogg_4013318496182253_IN_AM_ME_DS,37107,42.69%,
2T,AR_SW_VF_yshaarj_yogg_cthun_1973432368881645_IN_AM_DR,37106,42.69%,
2T,AR_SP_VF_yshaarj_nzoth_yogg_4013310979989485_IN_AM_DR_DS,37105,42.68%,
2T,AR_SP_VF_yshaarj_yogg_cthun_1971233614061549_Mis_IV_DR,37103,42.68%,
2T,AR_SP_VF_yshaarj_yogg_cthun_1972332790153197_Mis_IV_DR,37101,42.67%,
2T,AR_EC_VF_yshaarj_yogg_cthun_1988688025616365_IN_IV_ME,37100,42.66%,
2T,AR_SP_VF_yshaarj_yogg_cthun_1972332790669293_Mis_IV_DR,37099,42.66%,
2T,AR_SP_VF_yshaarj_nzoth_yogg_4013301316837357_Mis_AM_ME,37098,42.66%,
2T,AR_SP_VF_yshaarj_yogg_cthun_1973432302297069_Mis_IV_DR,37098,42.66%,
2T,AR_EC_VF_yshaarj_yogg_cthun_1988688026132461_Mis_IV_ME,37093,42.64%,
2T,AR_SW_VF_yshaarj_nzoth_yogg_4013447345201133_IN_AM_ME_DS,37092,42.63%,
2T,AR_EC_VF_yshaarj_yogg_cthun_2043259947180013_IN_IV_ME_DS,37090,42.63%,
2T,AR_SP_VF_yshaarj_yogg_cthun_1971234352267245_IN_IV_DR,37090,42.62%,
2T,AR_SP_VF_yshaarj_nzoth_yogg_4013309906771949_Mis_IV_DR_DS,37088,42.62%,
2T,AR_EC_VF_yshaarj_yogg_cthun_1971370717994989_IN_AM_DR,37088,42.62%,
2T,AR_EC_VF_yshaarj_yogg_cthun_1973432301780973_IN_AM_DR,37088,42.62%,
2T,AR_EC_VF_nzoth_yogg_cthun_3132875903205357_Mis_AM_ME_DS,37086,42.61%,
2T,AR_EC_VF_yshaarj_yogg_cthun_1973432368881645_IN_AM_ME,37086,42.61%,
2T,AR_EC_VF_yshaarj_yogg_cthun_1971233346150381_IN_AM_DR,37085,42.60%,
2T,AR_SW_VF_yshaarj_nzoth_yogg_4013310913404909_IN_AM_DR_DS,37084,42.60%,
2T,AR_SW_VF_yshaarj_nzoth_yogg_4013302390054893_Mis_AM_ME,37083,42.60%,
2T,AR_SW_VF_nzoth_yogg_cthun_3169159786921965_Mis_AM_DR_DS,37083,42.60%,
2T,AR_SW_VF_yshaarj_yogg_cthun_1973432302297069_IN_AM_DR,37080,42.59%,
2T,AR_SW_VF_yshaarj_yogg_cthun_1972332857253869_Mis_IV_ME,37079,42.58%,
2T,AR_SP_VF_yshaarj_nzoth_yogg_4013310913404909_Mis_IV_DR_DS,37079,42.58%,
2T,AR_SW_VF_yshaarj_yogg_cthun_2043251357245421_IN_AM_ME,37078,42.58%,
2T,AR_EC_VF_yshaarj_nzoth_yogg_4013310979989485_Mis_IV_ME_DS,37076,42.57%,
2T,AR_SP_VF_yshaarj_yogg_cthun_1972332790153197_IN_AM_DR,37075,42.57%,
2T,AR_EC_VF_yshaarj_yogg_cthun_1971370717478893_IN_AM_DR,37073,42.56%,
2T,AR_SW_VF_yshaarj_nzoth_yogg_4013302322954221_Mis_AM_DR,37068,42.54%,
2T,AR_EC_VF_yshaarj_nzoth_yogg_4013584717053933_IN_AM_ME_DS,37068,42.54%,
2T,AR_SP_VF_yshaarj_nzoth_yogg_4013318496182253_IN_AM_ME_DS,37067,42.54%,
2T,AR_SW_VF_yshaarj_nzoth_yogg_4013318429597677_IN_AM_ME_DS,37065,42.53%,
2T,AR_SW_VF_yshaarj_nzoth_yogg_4014400760840173_Mis_AM_ME,37057,42.50%,
2T,AR_SP_VF_nzoth_yogg_cthun_3132867313270765_Mis_AM_DR,37056,42.49%,
2T,AR_SP_VF_yshaarj_nzoth_yogg_4013309906771949_IN_AM_DR_DS,37054,42.49%,
2T,AR_SP_VF_yshaarj_nzoth_yogg_4013584717053933_IN_AM_DR_DS,37053,42.48%,
2T,AR_SW_VF_nzoth_yogg_cthun_3132875903205357_Mis_AM_DR_DS,37048,42.46%,
2T,AR_SW_VF_yshaarj_nzoth_yogg_4013310912888813_IN_IV_DR_DS,37048,42.46%,
2T,AR_SP_VF_yshaarj_nzoth_yogg_4013576127119341_Mis_AM_ME,37044,42.45%,
2T,AR_SP_VF_yshaarj_nzoth_yogg_4013447345201133_Mis_AM_DR_DS,37044,42.45%,
2T,AR_EC_VF_yshaarj_nzoth_yogg_4013309839671277_Mis_IV_DR_DS,37043,42.45%,
2T,AR_SW_VF_yshaarj_yogg_cthun_1971370717478893_Mis_IV_DR,37042,42.44%,
2T,AR_SP_VF_yshaarj_yogg_cthun_1972332857253869_IN_AM_ME,37042,42.44%,
2T,AR_SP_VF_yshaarj_nzoth_yogg_4013438688165869_Mis_AM_ME,37042,42.44%,
2T,AR_SP_VF_yshaarj_nzoth_yogg_4013318429597677_IN_AM_ME_DS,37039,42.43%,
2T,AR_SW_VF_yshaarj_nzoth_yogg_4013318429081581_IN_AM_DR_DS,37036,42.42%,
2T,AR_SW_VF_yshaarj_yogg_cthun_1973432301780973_IN_IV_ME,37035,42.41%,
2T,AR_SW_VF_yshaarj_nzoth_yogg_4013309906771949_Mis_IV_ME_DS,37031,42.40%,
2T,AR_SP_VF_yshaarj_yogg_cthun_1973432368881645_IN_AM_DR,37028,42.39%,
2T,AR_SW_VF_yshaarj_yogg_cthun_2043251290660845_IN_AM_ME,37025,42.37%,
2T,AR_EC_VF_yshaarj_nzoth_yogg_4013447278616557_Mis_AM_ME_DS,37023,42.37%,
2T,AR_SW_VF_yshaarj_nzoth_yogg_4013447278100461_IN_AM_DR_DS,37023,42.37%,
2T,AR_SP_VF_yshaarj_nzoth_yogg_4013318429081581_IN_AM_ME_DS,37022,42.36%,
2T,AR_SW_VF_yshaarj_nzoth_yogg_4013310913404909_IN_IV_ME_DS,37022,42.36%,
2T,AR_SP_VF_yshaarj_nzoth_yogg_3977567121309677_Mis_AM_ME,37018,42.35%,
2T,AR_SP_VF_yshaarj_nzoth_yogg_4013584717570029_Mis_IV_ME_DS,37016,42.34%,
2T,AR_SP_VF_yshaarj_nzoth_yogg_4013447345201133_IN_AM_ME_DS,37013,42.33%,
2T,AR_SP_VF_yshaarj_nzoth_yogg_4013318429081581_IN_AM_DR_DS,37012,42.33%,
2T,AR_SW_VF_yshaarj_yogg_cthun_1988688026132461_Mis_IV_DR,37011,42.32%,
2T,AR_SW_VF_yshaarj_nzoth_yogg_4013309906255853_IN_IV_ME_DS,37011,42.32%,
2T,AR_SW_VF_yshaarj_yogg_cthun_1971233614061549_Mis_IV_DR,37010,42.32%,
2T,AR_SP_VF_yshaarj_yogg_cthun_1972332790669293_IN_AM_ME,37009,42.31%,
2T,AR_SW_VF_yshaarj_nzoth_yogg_4013447345201133_Mis_AM_DR_DS,37008,42.31%,
2T,AR_SP_VF_yshaarj_nzoth_yogg_4013851005026285_Mis_AM_DR,37007,42.31%,
2T,AR_EC_VF_yshaarj_yogg_cthun_1971234352783341_IN_IV_ME,37006,42.30%,
2T,AR_EC_VF_yshaarj_yogg_cthun_1972332790669293_Mis_IV_ME,37005,42.30%,
2T,AR_SP_VF_yshaarj_nzoth_yogg_4014409350774765_Mis_IV_ME_DS,37004,42.30%,
2T,AR_SP_VF_yshaarj_nzoth_yogg_4013447278100461_Mis_IV_ME_DS,37004,42.29%,
2T,AR_SW_VF_yshaarj_yogg_cthun_2043251290660845_Mis_IV_ME,37002,42.29%,
2T,AR_SW_VF_yshaarj_yogg_cthun_1973432301780973_Mis_IV_DR,37000,42.28%,
2T,AR_SW_VF_yshaarj_nzoth_yogg_4013309906771949_IN_AM_DR_DS,36999,42.28%,
2T,AR_SW_VF_yshaarj_yogg_cthun_2043251290660845_Mis_AM_DR,36994,42.25%,
2T,AR_EC_VF_yshaarj_nzoth_yogg_4013584784154605_Mis_AM_ME_DS,36991,42.25%,
2T,AR_EC_VF_yshaarj_nzoth_yogg_4013310913404909_IN_AM_ME_DS,36989,42.24%,
2T,AR_SP_VF_yshaarj_yogg_cthun_1971250525495277_IN_IV_DR_DS,36988,42.23%,
2T,AR_SP_VF_yshaarj_nzoth_yogg_4013310174683117_IN_AM_ME_DS,36987,42.23%,
2T,AR_SW_VF_yshaarj_nzoth_yogg_4013584717053933_Mis_IV_ME_DS,36986,42.23%,
2T,AR_SP_VF_yshaarj_yogg_cthun_1973432302297069_IN_AM_DR,36986,42.22%,
2T,AR_SP_VF_yshaarj_yogg_cthun_1971233345634285_IN_IV_DR,36984,42.22%,
2T,AR_SP_VF_yshaarj_yogg_cthun_1971233279049709_IN_IV_DR,36983,42.21%,
2T,AR_SP_VF_yshaarj_nzoth_yogg_4013309906771949_Mis_IV_ME_DS,36982,42.21%,
2T,AR_EC_VF_yshaarj_yogg_cthun_1971234352783341_Mis_IV_DR,36980,42.20%,
2T,AR_EC_VF_yshaarj_yogg_cthun_1972332790153197_Mis_IV_ME,36979,42.20%,
2T,AR_SW_VF_yshaarj_yogg_cthun_2043259880595437_IN_IV_DR_DS,36976,42.19%,
2T,AR_EC_VF_yshaarj_yogg_cthun_1971233345634285_Mis_IV_DR,36975,42.18%,
2T,AR_SP_VF_yshaarj_yogg_cthun_1971233614061549_IN_IV_ME,36975,42.18%,
2T,AR_SW_VF_yshaarj_nzoth_yogg_4013310174683117_IN_AM_ME_DS,36973,42.18%,
2T,AR_SW_VF_yshaarj_yogg_cthun_1988688092717037_IN_AM_DR,36973,42.18%,
2T,AR_SP_VF_nzoth_yogg_cthun_3169159787438061_Mis_AM_ME_DS,36972,42.17%,
2T,AR_SP_VF_yshaarj_yogg_cthun_2043259880595437_IN_IV_DR_DS,36969,42.16%,
2T,AR_SP_VF_yshaarj_nzoth_yogg_4013584717570029_IN_AM_ME_DS,36969,42.16%,
2T,AR_SW_VF_yshaarj_yogg_cthun_2043251357245421_Mis_AM_DR,36966,42.15%,
2T,AR_SP_VF_yshaarj_yogg_cthun_1971370784579565_Mis_IV_ME,36966,42.15%,
2T,AR_SW_VF_yshaarj_yogg_cthun_1988688092717037_IN_IV_ME,36966,42.15%,
2T,AR_EC_VF_yshaarj_nzoth_yogg_4014409351290861_Mis_AM_DR_DS,36966,42.15%,
2T,AR_SP_VF_yshaarj_nzoth_yogg_4013447278100461_IN_AM_DR_DS,36966,42.15%,
2T,AR_SW_VF_yshaarj_nzoth_yogg_4013310979989485_Mis_IV_DR_DS,36963,42.14%,
2T,AR_EC_VF_yshaarj_yogg_cthun_1971234419367917_Mis_IV_DR,36960,42.13%,
2T,AR_SP_VF_yshaarj_nzoth_yogg_4013301316321261_Mis_AM_ME,36959,42.12%,
2T,AR_EC_VF_yshaarj_nzoth_yogg_4013309839671277_Mis_IV_ME_DS,36959,42.12%,
2T,AR_SP_VF_yshaarj_yogg_cthun_2043251290660845_Mis_IV_ME,36958,42.12%,
2T,AR_EC_VF_yshaarj_yogg_cthun_1971233614061549_Mis_IV_ME,36956,42.11%,
2T,AR_EC_VF_yshaarj_nzoth_yogg_4013310913404909_Mis_IV_ME_DS,36954,42.10%,
2T,AR_EC_VF_yshaarj_yogg_cthun_1988688026132461_Mis_AM_DR,36954,42.10%,
2T,AR_SW_VF_yshaarj_yogg_cthun_1971370717994989_IN_AM_DR,36951,42.09%,
2T,AR_SP_VF_yshaarj_yogg_cthun_1988688092717037_Mis_IV_ME,36949,42.08%,
2T,AR_EC_VF_yshaarj_yogg_cthun_1971370784579565_IN_AM_ME,36948,42.08%,
2T,AR_SP_VF_yshaarj_nzoth_yogg_4013302322954221_Mis_AM_DR,36948,42.08%,
2T,AR_SP_VF_yshaarj_yogg_cthun_2043251357245421_Mis_IV_ME,36947,42.07%,
2T,AR_EC_VF_yshaarj_yogg_cthun_1973432302297069_IN_AM_ME,36945,42.07%,
2T,AR_SP_VF_yshaarj_yogg_cthun_1971370784579565_IN_IV_ME,36937,42.04%,
2T,AR_EC_VF_yshaarj_yogg_cthun_1988688026132461_IN_AM_DR,36930,42.01%,
2T,AR_SW_VF_yshaarj_nzoth_yogg_4013301316321261_Mis_AM_ME,36929,42.01%,
2T,AR_SW_VF_yshaarj_yogg_cthun_1971234352267245_IN_IV_DR,36929,42.00%,
2T,AR_SW_VF_yshaarj_yogg_cthun_1971233614061549_IN_IV_ME,36929,42.00%,
2T,AR_EC_VF_yshaarj_yogg_cthun_1988688026132461_IN_IV_ME,36928,42.00%,
2T,AR_SP_VF_yshaarj_nzoth_yogg_3977567121309677_Mis_AM_DR,36927,42.00%,
2T,AR_EC_VF_yshaarj_yogg_cthun_1973432302297069_Mis_IV_ME,36927,42.00%,
2T,AR_SW_VF_yshaarj_nzoth_yogg_4013318429081581_Mis_IV_DR_DS,36926,42.00%,
2T,AR_SP_VF_yshaarj_yogg_cthun_1988688025616365_Mis_IV_DR,36923,41.98%,
2T,AR_SW_VF_yshaarj_nzoth_yogg_4013318429081581_Mis_IV_ME_DS,36919,41.97%,
2T,AR_SP_VF_yshaarj_nzoth_yogg_4013309906255853_Mis_IV_DR_DS,36919,41.97%,
2T,AR_SW_VF_yshaarj_nzoth_yogg_4013447278100461_Mis_IV_ME_DS,36917,41.96%,
2T,AR_EC_VF_yshaarj_yogg_cthun_1971234419367917_IN_IV_ME,36915,41.95%,
2T,AR_EC_VF_yshaarj_nzoth_yogg_4013318429081581_Mis_AM_DR_DS,36914,41.95%,
2T,AR_SW_VF_yshaarj_nzoth_yogg_4013447278616557_IN_AM_ME_DS,36914,41.95%,
2T,AR_EC_VF_yshaarj_yogg_cthun_1971233346150381_Mis_IV_ME,36911,41.94%,
2T,AR_SP_VF_yshaarj_nzoth_yogg_4013851005542381_Mis_AM_ME,36909,41.93%,
2T,AR_SP_VF_yshaarj_nzoth_yogg_4013318429081581_Mis_IV_ME_DS,36909,41.93%,
2T,AR_SP_VF_yshaarj_yogg_cthun_1971234352783341_IN_IV_DR,36909,41.93%,
2T,AR_SP_VF_nzoth_yogg_cthun_3169159786921965_Mis_AM_ME_DS,36907,41.92%,
2T,AR_EC_VF_yshaarj_yogg_cthun_1971370717994989_Mis_IV_ME,36906,41.92%,
2T,AR_EC_VF_yshaarj_yogg_cthun_2043251290144749_IN_AM_ME,36905,41.92%,
2T,AR_EC_VF_yshaarj_nzoth_yogg_4013584717570029_Mis_AM_DR_DS,36904,41.91%,
2T,AR_EC_VF_yshaarj_yogg_cthun_2043251357245421_Mis_AM_ME,36904,41.91%,
2T,AR_SW_VF_yshaarj_nzoth_yogg_4013851005026285_Mis_AM_ME,36900,41.90%,
2T,AR_EC_VF_yshaarj_nzoth_yogg_4013584717570029_Mis_AM_ME_DS,36898,41.89%,
2T,AR_EC_VF_yshaarj_yogg_cthun_1988688025616365_IN_AM_DR,36897,41.88%,
2T,AR_SW_VF_yshaarj_nzoth_yogg_4013309906255853_IN_AM_DR_DS,36892,41.86%,
2T,AR_SW_VF_yshaarj_yogg_cthun_1971370784579565_Mis_IV_ME,36890,41.86%,
2T,AR_SW_VF_yshaarj_nzoth_yogg_4013310912888813_IN_AM_DR_DS,36886,41.84%,
2T,AR_EC_VF_yshaarj_yogg_cthun_1971234352267245_Mis_IV_DR,36883,41.83%,
2T,AR_SW_VF_yshaarj_yogg_cthun_1971233614061549_IN_AM_DR,36879,41.81%,
2T,AR_SP_VF_yshaarj_yogg_cthun_1971370717478893_IN_IV_ME,36877,41.81%,
2T,AR_EC_VF_yshaarj_yogg_cthun_1988688025616365_Mis_IV_ME,36876,41.80%,
2T,AR_EC_VF_yshaarj_yogg_cthun_1971234352267245_IN_IV_ME,36876,41.80%,
2T,AR_SP_VF_yshaarj_yogg_cthun_1988688092717037_IN_AM_DR,36875,41.80%,
2T,AR_SP_VF_nzoth_yogg_cthun_3132875903205357_Mis_AM_ME_DS,36875,41.80%,
2T,AR_EC_VF_yshaarj_nzoth_yogg_4013310174683117_Mis_AM_ME_DS,36874,41.79%,
2T,AR_EC_VF_yshaarj_yogg_cthun_1971250525495277_Mis_IV_DR_DS,36873,41.79%,
2T,AR_SP_VF_yshaarj_nzoth_yogg_4013584717053933_IN_AM_ME_DS,36873,41.79%,
2T,AR_SW_VF_yshaarj_nzoth_yogg_4013310979989485_Mis_IV_ME_DS,36872,41.79%,
2T,AR_SW_VF_yshaarj_yogg_cthun_1971233346150381_IN_IV_ME,36871,41.78%,
2T,AR_SW_VF_yshaarj_yogg_cthun_1971233346150381_Mis_IV_DR,36871,41.78%,
2T,AR_SW_VF_nzoth_yogg_cthun_3132875903205357_Mis_AM_ME_DS,36870,41.78%,
2T,AR_SP_VF_yshaarj_yogg_cthun_1988688092717037_IN_IV_ME,36869,41.78%,
2T,AR_SP_VF_yshaarj_yogg_cthun_1973432302297069_IN_IV_ME,36867,41.77%,
2T,AR_SW_VF_yshaarj_yogg_cthun_1971370784579565_IN_IV_ME,36864,41.76%,
2T,AR_SW_VF_yshaarj_nzoth_yogg_4013584784154605_Mis_AM_DR_DS,36862,41.75%,
2T,AR_SP_VF_yshaarj_nzoth_yogg_4013301249736685_Mis_AM_DR,36861,41.75%,
2T,AR_SW_VF_yshaarj_yogg_cthun_1988688025616365_Mis_IV_DR,36861,41.75%,
2T,AR_SW_VF_yshaarj_yogg_cthun_1971234419367917_IN_AM_DR,36861,41.74%,
2T,AR_SP_VF_yshaarj_nzoth_yogg_4013318496182253_Mis_AM_DR_DS,36856,41.73%,
2T,AR_SW_VF_yshaarj_nzoth_yogg_4013302323470317_Mis_AM_ME,36854,41.72%,
2T,AR_SP_VF_yshaarj_nzoth_yogg_4013447278616557_IN_AM_ME_DS,36847,41.69%,
2T,AR_SW_VF_yshaarj_nzoth_yogg_4013301249736685_Mis_AM_ME,36846,41.69%,
2T,AR_SP_VF_yshaarj_nzoth_yogg_4013310979989485_Mis_IV_ME_DS,36842,41.67%,
2T,AR_SW_VF_yshaarj_yogg_cthun_1988688092717037_Mis_AM_DR,36841,41.67%,
2T,AR_SW_VF_yshaarj_yogg_cthun_2043259880079341_IN_IV_DR_DS,36839,41.66%,
2T,AR_SW_VF_yshaarj_yogg_cthun_1971370784579565_Mis_AM_DR,36839,41.66%,
2T,AR_EC_VF_yshaarj_yogg_cthun_1971233614061549_IN_AM_ME,36838,41.66%,
2T,AR_SW_VF_yshaarj_yogg_cthun_1971250525495277_IN_IV_DR_DS,36835,41.65%,
2T,AR_EC_VF_yshaarj_yogg_cthun_1973432302297069_Mis_AM_DR,36835,41.64%,
2T,AR_SP_VF_yshaarj_yogg_cthun_1972332857253869_Mis_IV_ME,36834,41.64%,
2T,AR_SP_VF_yshaarj_yogg_cthun_1971370784579565_IN_AM_ME,36833,41.64%,
2T,AR_SW_VF_yshaarj_nzoth_yogg_4013318429597677_Mis_AM_DR_DS,36833,41.64%,
2T,AR_SW_VF_yshaarj_yogg_cthun_1988688025616365_IN_IV_DR,36832,41.63%,
2T,AR_SW_VF_yshaarj_nzoth_yogg_4013584717053933_IN_AM_ME_DS,36832,41.63%,
2T,AR_SP_VF_yshaarj_yogg_cthun_2043259947180013_IN_IV_ME_DS,36831,41.63%,
2T,AR_SP_VF_yshaarj_yogg_cthun_2043251357245421_Mis_AM_DR,36829,41.62%,
2T,AR_SP_VF_yshaarj_yogg_cthun_1988688026132461_Mis_IV_DR,36822,41.60%,
2T,AR_SP_VF_yshaarj_yogg_cthun_1971234419367917_Mis_IV_DR,36822,41.59%,
2T,AR_SP_VF_yshaarj_yogg_cthun_1988688092717037_Mis_AM_DR,36820,41.59%,
2T,AR_EC_VF_yshaarj_yogg_cthun_1972332790669293_Mis_AM_DR,36818,41.58%,
2T,AR_EC_VF_yshaarj_yogg_cthun_1988688092717037_IN_AM_ME,36813,41.56%,
2T,AR_EC_VF_yshaarj_nzoth_yogg_4013309906771949_Mis_AM_DR_DS,36812,41.56%,
2T,AR_SW_VF_yshaarj_nzoth_yogg_4013318496182253_Mis_AM_DR_DS,36812,41.56%,
2T,AR_EC_VF_yshaarj_yogg_cthun_1971233279049709_IN_IV_ME,36811,41.55%,
2T,AR_EC_VF_yshaarj_nzoth_yogg_4013309839671277_IN_AM_ME_DS,36810,41.55%,
2T,AR_SP_VF_yshaarj_yogg_cthun_1973432368881645_Mis_IV_ME,36809,41.54%,
2T,AR_EC_VF_yshaarj_yogg_cthun_1971370717994989_Mis_AM_DR,36809,41.54%,
2T,AR_EC_VF_yshaarj_yogg_cthun_1973432301780973_Mis_IV_ME,36808,41.54%,
2T,AR_EC_VF_yshaarj_nzoth_yogg_4013309906255853_IN_AM_ME_DS,36806,41.53%,
2T,AR_EC_VF_yshaarj_nzoth_yogg_4013318429597677_Mis_AM_DR_DS,36804,41.53%,
2T,AR_EC_VF_yshaarj_yogg_cthun_1971234352783341_IN_AM_DR,36803,41.52%,
2T,AR_SW_VF_yshaarj_yogg_cthun_1973432301780973_IN_AM_DR,36801,41.51%,
2T,AR_SP_VF_yshaarj_yogg_cthun_1971370717994989_IN_IV_ME,36801,41.51%,
2T,AR_SP_VF_yshaarj_yogg_cthun_2043259880079341_IN_IV_DR_DS,36799,41.51%,
2T,AR_EC_VF_yshaarj_nzoth_yogg_4013318429597677_Mis_AM_ME_DS,36796,41.49%,
2T,AR_SP_VF_yshaarj_yogg_cthun_1971370717994989_IN_AM_DR,36795,41.49%,
2T,AR_EC_VF_yshaarj_nzoth_yogg_4013447278100461_Mis_AM_DR_DS,36794,41.49%,
2T,AR_SP_VF_yshaarj_nzoth_yogg_4013584784154605_Mis_AM_DR_DS,36791,41.47%,
2T,AR_SP_VF_yshaarj_nzoth_yogg_4014409417875437_Mis_AM_DR_DS,36787,41.46%,
2T,AR_EC_VF_yshaarj_yogg_cthun_2043259880595437_Mis_IV_DR_DS,36786,41.46%,
2T,AR_EC_VF_yshaarj_yogg_cthun_1971250458394605_IN_IV_DR_DS,36785,41.45%,
2T,AR_SP_VF_nzoth_yogg_cthun_3132875903205357_Mis_AM_DR_DS,36785,41.45%,
2T,AR_SP_VF_yshaarj_yogg_cthun_2043259947180013_Mis_IV_DR_DS,36779,41.43%,
2T,AR_SW_VF_yshaarj_nzoth_yogg_4013318429081581_IN_AM_ME_DS,36778,41.43%,
2T,AR_SP_VF_nzoth_yogg_cthun_3169159786921965_Mis_AM_DR_DS,36776,41.42%,
2T,AR_SP_VF_yshaarj_nzoth_yogg_4013309839671277_Mis_IV_DR_DS,36774,41.41%,
2T,AR_SW_VF_yshaarj_yogg_cthun_1973432302297069_Mis_IV_ME,36774,41.41%,
2T,AR_EC_VF_yshaarj_nzoth_yogg_4013310912888813_IN_AM_ME_DS,36772,41.40%,
2T,AR_SW_VF_yshaarj_yogg_cthun_2043259947180013_IN_IV_ME_DS,36768,41.39%,
2T,AR_SP_VF_yshaarj_nzoth_yogg_4013309906255853_IN_AM_DR_DS,36767,41.38%,
2T,AR_EC_VF_yshaarj_nzoth_yogg_4014409351290861_Mis_AM_ME_DS,36765,41.38%,
2T,AR_SW_VF_yshaarj_yogg_cthun_1973432368881645_Mis_IV_ME,36765,41.37%,
2T,AR_SP_VF_yshaarj_yogg_cthun_1973432301780973_IN_IV_ME,36764,41.37%,
2T,AR_SW_VF_nzoth_yogg_cthun_3169159786921965_Mis_AM_ME_DS,36762,41.36%,
2T,AR_SW_VF_yshaarj_nzoth_yogg_4013310913404909_Mis_IV_DR_DS,36760,41.36%,
2T,AR_SP_VF_yshaarj_nzoth_yogg_4013310913404909_Mis_IV_ME_DS,36757,41.35%,
2T,AR_EC_VF_yshaarj_yogg_cthun_1971233346150381_IN_IV_ME,36756,41.34%,
2T,AR_SP_VF_yshaarj_nzoth_yogg_4013851005026285_Mis_AM_ME,36752,41.33%,
2T,AR_SW_VF_yshaarj_nzoth_yogg_4013310912888813_IN_IV_ME_DS,36747,41.31%,
2T,AR_SP_VF_yshaarj_nzoth_yogg_4013584717053933_Mis_IV_ME_DS,36747,41.31%,
2T,AR_SW_VF_yshaarj_yogg_cthun_1971233345634285_IN_IV_ME,36740,41.28%,
2T,AR_SP_VF_yshaarj_yogg_cthun_1971233346150381_Mis_IV_DR,36737,41.27%,
2T,AR_SP_VF_yshaarj_nzoth_yogg_4013447345201133_Mis_AM_ME_DS,36736,41.26%,
2T,AR_SP_VF_yshaarj_yogg_cthun_1971233345634285_IN_IV_ME,36734,41.26%,
2T,AR_SW_VF_yshaarj_yogg_cthun_1971250458910701_IN_IV_DR_DS,36734,41.26%,
2T,AR_SW_VF_yshaarj_nzoth_yogg_4013310174683117_Mis_AM_DR_DS,36734,41.26%,
2T,AR_SW_VF_yshaarj_yogg_cthun_1971250458394605_IN_IV_DR_DS,36733,41.25%,
2T,AR_SP_VF_yshaarj_yogg_cthun_1988688026132461_Mis_IV_ME,36733,41.25%,
2T,AR_SP_VF_yshaarj_yogg_cthun_1973432301780973_Mis_IV_DR,36732,41.25%,
2T,AR_SW_VF_yshaarj_nzoth_yogg_4013584717570029_Mis_AM_DR_DS,36732,41.25%,
2T,AR_EC_VF_yshaarj_yogg_cthun_2043259880595437_IN_AM_DR_DS,36727,41.23%,
2T,AR_SW_VF_yshaarj_yogg_cthun_1971233346150381_IN_AM_DR,36726,41.22%,
2T,AR_SW_VF_yshaarj_yogg_cthun_1971370717994989_IN_IV_ME,36722,41.21%,
2T,AR_SW_VF_yshaarj_yogg_cthun_2043251290144749_IN_AM_ME,36721,41.21%,
2T,AR_EC_VF_yshaarj_yogg_cthun_1988688092717037_Mis_AM_ME,36721,41.21%,
2T,AR_SP_VF_yshaarj_nzoth_yogg_4013309906255853_Mis_IV_ME_DS,36721,41.20%,
2T,AR_SW_VF_yshaarj_nzoth_yogg_4014409417875437_Mis_AM_ME_DS,36718,41.19%,
2T,AR_SW_VF_yshaarj_yogg_cthun_1972332790669293_Mis_IV_ME,36714,41.18%,
2T,AR_SP_VF_yshaarj_nzoth_yogg_4013310912888813_Mis_IV_DR_DS,36714,41.18%,
2T,AR_EC_VF_yshaarj_nzoth_yogg_4013310912888813_Mis_IV_ME_DS,36714,41.18%,
2T,AR_SW_VF_yshaarj_yogg_cthun_1972332790153197_IN_AM_ME,36713,41.18%,
2T,AR_EC_VF_yshaarj_yogg_cthun_1973432301780973_IN_AM_ME,36709,41.16%,
2T,AR_SP_VF_yshaarj_nzoth_yogg_4013302323470317_Mis_AM_ME,36709,41.16%,
2T,AR_SP_VF_yshaarj_yogg_cthun_2043251290144749_IN_AM_DR,36705,41.15%,
2T,AR_SP_VF_yshaarj_nzoth_yogg_4013447278616557_Mis_AM_DR_DS,36702,41.13%,
2T,AR_SW_VF_yshaarj_nzoth_yogg_4013302322954221_Mis_AM_ME,36702,41.13%,
2T,AR_SW_VF_yshaarj_yogg_cthun_1971370717994989_Mis_IV_ME,36701,41.13%,
2T,AR_EC_VF_yshaarj_nzoth_yogg_4013584717053933_Mis_AM_DR_DS,36700,41.13%,
2T,AR_SW_VF_yshaarj_nzoth_yogg_4013310912888813_Mis_IV_DR_DS,36700,41.12%,
2T,AR_SW_VF_yshaarj_yogg_cthun_1972332790669293_Mis_AM_DR,36698,41.12%,
2T,AR_EC_VF_yshaarj_yogg_cthun_1971370717994989_IN_AM_ME,36698,41.12%,
2T,AR_SW_VF_yshaarj_yogg_cthun_1971370717478893_IN_IV_ME,36698,41.12%,
2T,AR_EC_VF_yshaarj_yogg_cthun_1971370717478893_IN_AM_ME,36698,41.12%,
2T,AR_SP_VF_yshaarj_yogg_cthun_2043251357245421_IN_AM_ME,36697,41.12%,
2T,AR_EC_VF_yshaarj_yogg_cthun_1972332857253869_Mis_AM_ME,36687,41.08%,
2T,AR_SP_VF_yshaarj_yogg_cthun_1971233614061549_IN_AM_DR,36686,41.07%,
2T,AR_EC_VF_yshaarj_yogg_cthun_2043259947180013_IN_AM_DR_DS,36684,41.06%,
2T,AR_SP_VF_yshaarj_nzoth_yogg_4013310913404909_IN_AM_DR_DS,36682,41.06%,
2T,AR_SW_VF_yshaarj_nzoth_yogg_4014409351290861_Mis_AM_DR_DS,36680,41.05%,
2T,AR_SP_VF_yshaarj_yogg_cthun_1971233614061549_Mis_IV_ME,36676,41.03%,
2T,AR_SW_VF_yshaarj_nzoth_yogg_4013309906255853_Mis_IV_DR_DS,36676,41.03%,
2T,AR_SP_VF_yshaarj_yogg_cthun_1971370717994989_Mis_IV_ME,36674,41.02%,
2T,AR_SW_VF_yshaarj_nzoth_yogg_4013447278100461_IN_AM_ME_DS,36674,41.02%,
2T,AR_SW_VF_yshaarj_yogg_cthun_1988688092717037_Mis_IV_ME,36671,41.01%,
2T,AR_EC_VF_yshaarj_yogg_cthun_1973432368881645_Mis_AM_ME,36670,41.01%,
2T,AR_SW_VF_yshaarj_nzoth_yogg_4013309906255853_Mis_IV_ME_DS,36670,41.01%,
2T,AR_EC_VF_yshaarj_yogg_cthun_1971370717478893_Mis_IV_ME,36668,41.00%,
2T,AR_SW_VF_yshaarj_yogg_cthun_1971233614061549_Mis_IV_ME,36666,40.99%,
2T,AR_SP_VF_yshaarj_yogg_cthun_1971233346150381_IN_IV_ME,36665,40.99%,
2T,AR_SW_VF_yshaarj_yogg_cthun_2043251357245421_Mis_AM_ME,36665,40.99%,
2T,AR_EC_VF_yshaarj_yogg_cthun_1971250525495277_IN_AM_DR_DS,36665,40.99%,
2T,AR_SW_VF_yshaarj_yogg_cthun_1971234419367917_Mis_IV_DR,36665,40.99%,
2T,AR_SP_VF_yshaarj_yogg_cthun_1971370717478893_Mis_IV_DR,36663,40.98%,
2T,AR_EC_VF_yshaarj_nzoth_yogg_4013310979989485_Mis_AM_DR_DS,36659,40.97%,
2T,AR_EC_VF_yshaarj_yogg_cthun_1971233345634285_IN_AM_DR,36658,40.97%,
2T,AR_SP_VF_yshaarj_yogg_cthun_2043259880595437_IN_IV_ME_DS,36658,40.97%,
2T,AR_SW_VF_yshaarj_nzoth_yogg_4013309906771949_IN_AM_ME_DS,36656,40.96%,
2T,AR_SW_VF_yshaarj_yogg_cthun_2043251290144749_Mis_IV_ME,36655,40.95%,
2T,AR_EC_VF_yshaarj_nzoth_yogg_4013318429081581_Mis_AM_ME_DS,36654,40.95%,
2T,AR_SP_VF_yshaarj_yogg_cthun_2043251290660845_IN_AM_ME,36654,40.95%,
2T,AR_SP_VF_yshaarj_nzoth_yogg_4013310912888813_IN_AM_DR_DS,36653,40.94%,
2T,AR_EC_VF_yshaarj_nzoth_yogg_4013447278100461_Mis_AM_ME_DS,36652,40.94%,
2T,AR_SW_VF_yshaarj_yogg_cthun_1973432368881645_Mis_AM_DR,36652,40.94%,
2T,AR_SW_VF_yshaarj_nzoth_yogg_4013318496182253_Mis_AM_ME_DS,36652,40.94%,
2T,AR_EC_VF_yshaarj_yogg_cthun_2043259880079341_Mis_IV_DR_DS,36651,40.94%,
2T,AR_SW_VF_yshaarj_yogg_cthun_2043259880595437_IN_IV_ME_DS,36651,40.94%,
2T,AR_SP_VF_yshaarj_yogg_cthun_1973432301780973_IN_AM_DR,36648,40.92%,
2T,AR_SW_VF_yshaarj_nzoth_yogg_4014409417875437_Mis_AM_DR_DS,36647,40.92%,
2T,AR_SW_VF_yshaarj_yogg_cthun_2043259947180013_Mis_IV_DR_DS,36646,40.92%,
2T,AR_SP_VF_yshaarj_yogg_cthun_1972332790153197_IN_AM_ME,36645,40.91%,
2T,AR_SP_VF_yshaarj_yogg_cthun_1973432302297069_Mis_IV_ME,36642,40.90%,
2T,AR_SW_VF_yshaarj_yogg_cthun_1971233345634285_Mis_IV_DR,36639,40.89%,
2T,AR_SP_VF_yshaarj_yogg_cthun_1971233614061549_Mis_AM_DR,36637,40.88%,
2T,AR_EC_VF_yshaarj_yogg_cthun_1972332790669293_Mis_AM_ME,36635,40.88%,
2T,AR_EC_VF_yshaarj_yogg_cthun_1988688025616365_Mis_AM_DR,36634,40.87%,
2T,AR_EC_VF_yshaarj_yogg_cthun_1972332790153197_Mis_AM_DR,36633,40.87%,
2T,AR_EC_VF_yshaarj_yogg_cthun_2043259880595437_IN_IV_ME_DS,36633,40.87%,
2T,AR_SP_VF_yshaarj_nzoth_yogg_4013318429597677_Mis_AM_DR_DS,36630,40.86%,
2T,AR_EC_VF_yshaarj_yogg_cthun_1971370717478893_Mis_AM_DR,36630,40.86%,
2T,AR_EC_VF_yshaarj_nzoth_yogg_4013584717053933_Mis_AM_ME_DS,36629,40.85%,
2T,AR_SP_VF_yshaarj_yogg_cthun_1988688026132461_IN_AM_DR,36628,40.85%,
2T,AR_EC_VF_yshaarj_yogg_cthun_1971234352267245_IN_AM_DR,36627,40.84%,
2T,AR_SP_VF_yshaarj_nzoth_yogg_4013309906771949_IN_AM_ME_DS,36623,40.83%,
2T,AR_EC_VF_yshaarj_nzoth_yogg_4014409350774765_Mis_AM_DR_DS,36621,40.82%,
2T,AR_SP_VF_yshaarj_yogg_cthun_2043251290144749_Mis_IV_ME,36621,40.82%,
2T,AR_SW_VF_yshaarj_yogg_cthun_1971234352267245_IN_IV_ME,36618,40.81%,
2T,AR_SP_VF_yshaarj_yogg_cthun_1972332790669293_Mis_IV_ME,36617,40.81%,
2T,AR_SP_VF_yshaarj_nzoth_yogg_4013309839671277_Mis_IV_ME_DS,36616,40.80%,
2T,AR_SP_VF_yshaarj_yogg_cthun_1971233345634285_Mis_IV_DR,36613,40.79%,
2T,AR_EC_VF_yshaarj_yogg_cthun_1971234419367917_Mis_IV_ME,36601,40.74%,
2T,AR_SW_VF_yshaarj_yogg_cthun_1971234352783341_IN_AM_DR,36600,40.74%,
2T,AR_SW_VF_yshaarj_nzoth_yogg_4013309839671277_Mis_IV_ME_DS,36596,40.73%,
2T,AR_SW_VF_yshaarj_yogg_cthun_1971233279049709_IN_AM_DR,36595,40.72%,
2T,AR_SW_VF_yshaarj_yogg_cthun_2043259880595437_IN_AM_DR_DS,36594,40.72%,
2T,AR_SP_VF_yshaarj_yogg_cthun_1971370784579565_Mis_AM_DR,36592,40.71%,
2T,AR_SP_VF_yshaarj_nzoth_yogg_4013301249736685_Mis_AM_ME,36592,40.71%,
2T,AR_EC_VF_yshaarj_yogg_cthun_1988688026132461_IN_AM_ME,36592,40.71%,
2T,AR_SW_VF_yshaarj_nzoth_yogg_4013310979989485_IN_AM_ME_DS,36591,40.71%,
2T,AR_SW_VF_yshaarj_yogg_cthun_1988688026132461_IN_AM_DR,36589,40.70%,
2T,AR_EC_VF_yshaarj_yogg_cthun_1971250525495277_IN_IV_ME_DS,36589,40.70%,
2T,AR_EC_VF_yshaarj_yogg_cthun_1971250458910701_IN_AM_DR_DS,36586,40.69%,
2T,AR_SW_VF_yshaarj_nzoth_yogg_4013309839671277_IN_AM_DR_DS,36585,40.68%,
2T,AR_SW_VF_yshaarj_nzoth_yogg_4013309839671277_Mis_IV_DR_DS,36583,40.68%,
2T,AR_SW_VF_yshaarj_yogg_cthun_1971233279049709_IN_IV_ME,36583,40.67%,
2T,AR_SP_VF_yshaarj_nzoth_yogg_4013584717570029_Mis_AM_DR_DS,36581,40.67%,
2T,AR_SW_VF_yshaarj_yogg_cthun_1973432302297069_Mis_AM_DR,36580,40.66%,
2T,AR_EC_VF_yshaarj_yogg_cthun_1973432301780973_Mis_AM_DR,36578,40.66%,
2T,AR_SP_VF_yshaarj_yogg_cthun_1971233346150381_IN_AM_DR,36576,40.65%,
2T,AR_EC_VF_yshaarj_yogg_cthun_2043251290144749_Mis_AM_DR,36575,40.65%,
2T,AR_SP_VF_yshaarj_yogg_cthun_2043251290660845_Mis_AM_DR,36574,40.64%,
2T,AR_SP_VF_yshaarj_nzoth_yogg_4014409417875437_Mis_AM_ME_DS,36570,40.62%,
2T,AR_EC_VF_yshaarj_yogg_cthun_1971370784579565_Mis_AM_ME,36569,40.62%,
2T,AR_SP_VF_yshaarj_nzoth_yogg_4013302322954221_Mis_AM_ME,36569,40.62%,
2T,AR_SW_VF_yshaarj_yogg_cthun_1971370784579565_IN_AM_ME,36562,40.60%,
2T,AR_SP_VF_yshaarj_nzoth_yogg_4013447278616557_Mis_AM_ME_DS,36560,40.59%,
2T,AR_SW_VF_yshaarj_nzoth_yogg_4014409351290861_Mis_AM_ME_DS,36558,40.58%,
2T,AR_SW_VF_yshaarj_yogg_cthun_2043259947180013_IN_AM_DR_DS,36558,40.58%,
2T,AR_SP_VF_yshaarj_yogg_cthun_1971250458910701_IN_IV_DR_DS,36558,40.58%,
2T,AR_SP_VF_yshaarj_yogg_cthun_1971234419367917_IN_IV_ME,36555,40.57%,
2T,AR_SW_VF_yshaarj_nzoth_yogg_4013310913404909_Mis_IV_ME_DS,36555,40.57%,
2T,AR_SW_VF_yshaarj_nzoth_yogg_4013584717570029_Mis_AM_ME_DS,36553,40.56%,
2T,AR_EC_VF_yshaarj_yogg_cthun_2043251290660845_Mis_AM_ME,36552,40.56%,
2T,AR_SW_VF_yshaarj_yogg_cthun_1973432302297069_IN_AM_ME,36552,40.56%,
2T,AR_SP_VF_yshaarj_nzoth_yogg_4013310912888813_Mis_IV_ME_DS,36552,40.56%,
2T,AR_SP_VF_yshaarj_yogg_cthun_1971234352783341_Mis_IV_DR,36548,40.54%,
2T,AR_SP_VF_yshaarj_yogg_cthun_1971234419367917_Mis_IV_ME,36541,40.51%,
2T,AR_SW_VF_yshaarj_yogg_cthun_1971233345634285_IN_AM_DR,36539,40.51%,
2T,AR_SW_VF_yshaarj_yogg_cthun_1988688026132461_IN_IV_ME,36538,40.50%,
2T,AR_EC_VF_yshaarj_yogg_cthun_1971233279049709_IN_AM_DR,36534,40.49%,
2T,AR_SP_VF_yshaarj_yogg_cthun_1971233279049709_IN_IV_ME,36532,40.48%,
2T,AR_EC_VF_yshaarj_yogg_cthun_2043259880079341_IN_IV_ME_DS,36532,40.48%,
2T,AR_SP_VF_yshaarj_nzoth_yogg_4014409351290861_Mis_AM_DR_DS,36531,40.48%,
2T,AR_SP_VF_yshaarj_yogg_cthun_1972332790153197_Mis_IV_ME,36530,40.47%,
2T,AR_SW_VF_yshaarj_yogg_cthun_1973432301780973_Mis_IV_ME,36530,40.47%,
2T,AR_SW_VF_yshaarj_yogg_cthun_1971233279049709_Mis_IV_DR,36528,40.47%,
2T,AR_SW_VF_yshaarj_yogg_cthun_1972332857253869_Mis_AM_DR,36521,40.44%,
2T,AR_SP_VF_yshaarj_yogg_cthun_1988688026132461_IN_IV_ME,36520,40.43%,
2T,AR_SW_VF_yshaarj_nzoth_yogg_4013447278616557_Mis_AM_DR_DS,36519,40.43%,
2T,AR_SP_VF_yshaarj_yogg_cthun_1988688025616365_IN_IV_ME,36517,40.42%,
2T,AR_EC_VF_yshaarj_nzoth_yogg_4013309906771949_Mis_AM_ME_DS,36517,40.42%,
2T,AR_SW_VF_yshaarj_yogg_cthun_1971234419367917_IN_IV_ME,36516,40.42%,
2T,AR_EC_VF_yshaarj_yogg_cthun_1971233346150381_IN_AM_ME,36515,40.41%,
2T,AR_SP_VF_yshaarj_yogg_cthun_1988688025616365_Mis_IV_ME,36515,40.41%,
2T,AR_SW_VF_yshaarj_nzoth_yogg_4013309906771949_Mis_AM_DR_DS,36515,40.41%,
2T,AR_SW_VF_yshaarj_nzoth_yogg_4013584784154605_Mis_AM_ME_DS,36511,40.40%,
2T,AR_SW_VF_yshaarj_nzoth_yogg_4013310913404909_IN_AM_ME_DS,36510,40.39%,
2T,AR_SW_VF_yshaarj_yogg_cthun_2043259880595437_Mis_IV_DR_DS,36509,40.39%,
2T,AR_SW_VF_yshaarj_nzoth_yogg_4013447345201133_Mis_AM_ME_DS,36506,40.38%,
2T,AR_SW_VF_yshaarj_yogg_cthun_1971234352783341_IN_IV_ME,36505,40.38%,
2T,AR_EC_VF_yshaarj_yogg_cthun_2043251290144749_Mis_AM_ME,36503,40.37%,
2T,AR_SP_VF_yshaarj_yogg_cthun_1971250525495277_Mis_IV_DR_DS,36495,40.34%,
2T,AR_EC_VF_yshaarj_nzoth_yogg_4013310979989485_Mis_AM_ME_DS,36494,40.33%,
2T,AR_SP_VF_yshaarj_nzoth_yogg_4013318429597677_Mis_AM_ME_DS,36493,40.33%,
2T,AR_SP_VF_yshaarj_nzoth_yogg_4013584717570029_Mis_AM_ME_DS,36492,40.33%,
2T,AR_SP_VF_yshaarj_nzoth_yogg_4013447278100461_IN_AM_ME_DS,36492,40.32%,
2T,AR_SP_VF_yshaarj_yogg_cthun_1971370717478893_IN_AM_DR,36491,40.32%,
2T,AR_EC_VF_yshaarj_nzoth_yogg_4013309906255853_Mis_AM_ME_DS,36489,40.32%,
2T,AR_EC_VF_yshaarj_nzoth_yogg_4014409350774765_Mis_AM_ME_DS,36489,40.31%,
2T,AR_SW_VF_yshaarj_yogg_cthun_1971233614061549_Mis_AM_DR,36488,40.31%,
2T,AR_SW_VF_yshaarj_nzoth_yogg_4013584717053933_Mis_AM_DR_DS,36487,40.30%,
2T,AR_SP_VF_yshaarj_yogg_cthun_1971234419367917_IN_AM_DR,36484,40.29%,
2T,AR_SP_VF_yshaarj_yogg_cthun_1988688026132461_Mis_AM_DR,36482,40.29%,
2T,AR_SW_VF_yshaarj_nzoth_yogg_4013310912888813_Mis_IV_ME_DS,36479,40.28%,
2T,AR_SP_VF_yshaarj_nzoth_yogg_4014409351290861_Mis_AM_ME_DS,36479,40.28%,
2T,AR_EC_VF_yshaarj_yogg_cthun_1971233279049709_Mis_IV_ME,36479,40.27%,
2T,AR_SP_VF_yshaarj_nzoth_yogg_4013584784154605_Mis_AM_ME_DS,36478,40.27%,
2T,AR_SP_VF_yshaarj_yogg_cthun_1971234352267245_IN_IV_ME,36475,40.26%,
2T,AR_SP_VF_yshaarj_yogg_cthun_2043251290144749_Mis_AM_DR,36474,40.26%,
2T,AR_SW_VF_yshaarj_yogg_cthun_1971370717478893_IN_AM_DR,36472,40.25%,
2T,AR_EC_VF_yshaarj_yogg_cthun_1971233345634285_IN_AM_ME,36472,40.25%,
2T,AR_EC_VF_yshaarj_yogg_cthun_1971234419367917_IN_AM_ME,36472,40.25%,
2T,AR_SW_VF_yshaarj_nzoth_yogg_4013309839671277_IN_AM_ME_DS,36466,40.22%,
2T,AR_SP_VF_yshaarj_yogg_cthun_1973432368881645_Mis_AM_DR,36465,40.22%,
2T,AR_SP_VF_yshaarj_nzoth_yogg_4013309839671277_IN_AM_DR_DS,36465,40.22%,
2T,AR_SP_VF_yshaarj_yogg_cthun_1971370717994989_Mis_AM_DR,36461,40.21%,
2T,AR_SP_VF_yshaarj_yogg_cthun_1971234352783341_IN_AM_DR,36461,40.21%,
2T,AR_EC_VF_yshaarj_yogg_cthun_1971250458910701_Mis_IV_DR_DS,36458,40.20%,
2T,AR_SP_VF_yshaarj_yogg_cthun_1971234352783341_IN_IV_ME,36457,40.19%,
2T,AR_SP_VF_yshaarj_yogg_cthun_2043251290144749_IN_AM_ME,36454,40.18%,
2T,AR_SW_VF_yshaarj_yogg_cthun_1971234352783341_Mis_IV_DR,36454,40.18%,
2T,AR_SP_VF_yshaarj_nzoth_yogg_4013310174683117_Mis_AM_DR_DS,36453,40.18%,
2T,AR_EC_VF_yshaarj_yogg_cthun_1973432302297069_Mis_AM_ME,36450,40.16%,
2T,AR_SP_VF_yshaarj_yogg_cthun_2043251357245421_Mis_AM_ME,36450,40.16%,
2T,AR_SP_VF_yshaarj_nzoth_yogg_4013310979989485_IN_AM_ME_DS,36450,40.16%,
2T,AR_EC_VF_yshaarj_yogg_cthun_1971233279049709_Mis_IV_DR,36444,40.14%,
2T,AR_SW_VF_yshaarj_yogg_cthun_1971234352267245_Mis_IV_DR,36443,40.14%,
2T,AR_SW_VF_yshaarj_yogg_cthun_1973432368881645_IN_AM_ME,36443,40.14%,
2T,AR_SP_VF_yshaarj_yogg_cthun_1971234352267245_Mis_IV_DR,36441,40.13%,
2T,AR_SW_VF_yshaarj_yogg_cthun_1988688026132461_Mis_IV_ME,36438,40.12%,
2T,AR_EC_VF_yshaarj_yogg_cthun_1971234419367917_Mis_AM_DR,36438,40.12%,
2T,AR_SW_VF_yshaarj_nzoth_yogg_4013310174683117_Mis_AM_ME_DS,36437,40.11%,
2T,AR_SW_VF_yshaarj_yogg_cthun_1972332790153197_Mis_IV_ME,36435,40.11%,
2T,AR_EC_VF_yshaarj_nzoth_yogg_4013310913404909_Mis_AM_DR_DS,36433,40.10%,
2T,AR_SP_VF_yshaarj_yogg_cthun_1972332857253869_Mis_AM_DR,36429,40.08%,
2T,AR_SW_VF_yshaarj_yogg_cthun_1973432301780973_IN_AM_ME,36423,40.06%,
2T,AR_EC_VF_yshaarj_yogg_cthun_1971250458910701_IN_IV_ME_DS,36421,40.05%,
2T,AR_SW_VF_yshaarj_nzoth_yogg_4013447278100461_Mis_AM_DR_DS,36416,40.03%,
2T,AR_EC_VF_yshaarj_yogg_cthun_1971233345634285_Mis_IV_ME,36412,40.02%,
2T,AR_SP_VF_yshaarj_yogg_cthun_2043259947180013_IN_AM_DR_DS,36411,40.01%,
2T,AR_SP_VF_yshaarj_yogg_cthun_1973432302297069_Mis_AM_DR,36407,40.00%,
2T,AR_SW_VF_yshaarj_yogg_cthun_1988688025616365_Mis_IV_ME,36407,40.00%,
2T,AR_SW_VF_yshaarj_nzoth_yogg_4013309906255853_IN_AM_ME_DS,36405,39.99%,
2T,AR_SP_VF_yshaarj_yogg_cthun_1972332790669293_Mis_AM_DR,36404,39.99%,
2T,AR_EC_VF_yshaarj_yogg_cthun_1971233614061549_Mis_AM_ME,36403,39.98%,
2T,AR_SP_VF_yshaarj_nzoth_yogg_4013318496182253_Mis_AM_ME_DS,36399,39.97%,
2T,AR_SP_VF_yshaarj_yogg_cthun_1971233279049709_Mis_IV_DR,36398,39.97%,
2T,AR_SP_VF_yshaarj_nzoth_yogg_4013309906255853_IN_AM_ME_DS,36398,39.97%,
2T,AR_SP_VF_yshaarj_nzoth_yogg_4013310174683117_Mis_AM_ME_DS,36396,39.96%,
2T,AR_SW_VF_yshaarj_yogg_cthun_1971250458910701_IN_AM_DR_DS,36394,39.95%,
2T,AR_SW_VF_yshaarj_yogg_cthun_1971370717994989_Mis_AM_DR,36393,39.94%,
2T,AR_SP_VF_yshaarj_yogg_cthun_1973432301780973_Mis_IV_ME,36390,39.93%,
2T,AR_SW_VF_yshaarj_yogg_cthun_2043251290144749_Mis_AM_DR,36389,39.93%,
2T,AR_EC_VF_yshaarj_yogg_cthun_1971250525495277_Mis_IV_ME_DS,36389,39.93%,
2T,AR_SP_VF_yshaarj_yogg_cthun_2043259880595437_Mis_IV_DR_DS,36388,39.92%,
2T,AR_EC_VF_yshaarj_yogg_cthun_1971250458394605_IN_IV_ME_DS,36387,39.92%,
2T,AR_EC_VF_yshaarj_yogg_cthun_1971233345634285_Mis_AM_DR,36385,39.91%,
2T,AR_SW_VF_yshaarj_yogg_cthun_2043251290660845_Mis_AM_ME,36385,39.91%,
2T,AR_EC_VF_yshaarj_nzoth_yogg_4013309906255853_Mis_AM_DR_DS,36383,39.91%,
2T,AR_SP_VF_yshaarj_yogg_cthun_1971370784579565_Mis_AM_ME,36379,39.89%,
2T,AR_EC_VF_yshaarj_yogg_cthun_1971250458394605_IN_AM_DR_DS,36376,39.88%,
2T,AR_EC_VF_yshaarj_yogg_cthun_1971233346150381_Mis_AM_DR,36376,39.88%,
2T,AR_SW_VF_yshaarj_yogg_cthun_1988688026132461_Mis_AM_DR,36373,39.87%,
2T,AR_EC_VF_yshaarj_yogg_cthun_2043259947180013_Mis_IV_ME_DS,36372,39.87%,
2T,AR_SW_VF_yshaarj_yogg_cthun_1988688092717037_Mis_AM_ME,36372,39.87%,
2T,AR_SP_VF_yshaarj_yogg_cthun_1971250458394605_IN_IV_DR_DS,36372,39.86%,
2T,AR_SW_VF_yshaarj_nzoth_yogg_4013318429597677_Mis_AM_ME_DS,36371,39.86%,
2T,AR_SP_VF_yshaarj_nzoth_yogg_4013309906771949_Mis_AM_DR_DS,36369,39.85%,
2T,AR_EC_VF_yshaarj_yogg_cthun_1988688026132461_Mis_AM_ME,36365,39.84%,
2T,AR_EC_VF_yshaarj_yogg_cthun_2043259880079341_IN_AM_DR_DS,36363,39.83%,
2T,AR_SP_VF_yshaarj_yogg_cthun_1971233345634285_IN_AM_DR,36363,39.83%,
2T,AR_SP_VF_yshaarj_nzoth_yogg_4013310913404909_IN_AM_ME_DS,36362,39.83%,
2T,AR_SP_VF_yshaarj_yogg_cthun_1971234352267245_IN_AM_DR,36360,39.82%,
2T,AR_SP_VF_yshaarj_yogg_cthun_1988688025616365_IN_AM_DR,36355,39.80%,
2T,AR_SW_VF_yshaarj_nzoth_yogg_4013310912888813_IN_AM_ME_DS,36352,39.79%,
2T,AR_SW_VF_yshaarj_yogg_cthun_1973432301780973_Mis_AM_DR,36351,39.78%,
2T,AR_SW_VF_yshaarj_yogg_cthun_1988688025616365_IN_IV_ME,36350,39.78%,
2T,AR_SP_VF_yshaarj_yogg_cthun_1988688092717037_IN_AM_ME,36348,39.77%,
2T,AR_SW_VF_yshaarj_nzoth_yogg_4013447278100461_Mis_AM_ME_DS,36344,39.76%,
2T,AR_EC_VF_yshaarj_yogg_cthun_2043259947180013_IN_AM_ME_DS,36343,39.75%,
2T,AR_SP_VF_yshaarj_yogg_cthun_1971250458910701_Mis_IV_DR_DS,36339,39.74%,
2T,AR_EC_VF_yshaarj_yogg_cthun_1971234352783341_Mis_IV_ME,36339,39.74%,
2T,AR_SW_VF_yshaarj_yogg_cthun_1972332790669293_Mis_AM_ME,36336,39.73%,
2T,AR_SP_VF_yshaarj_yogg_cthun_2043259880079341_Mis_IV_DR_DS,36335,39.72%,
2T,AR_SW_VF_yshaarj_nzoth_yogg_4013318429081581_Mis_AM_DR_DS,36333,39.71%,
2T,AR_SP_VF_yshaarj_yogg_cthun_1973432368881645_IN_AM_ME,36331,39.71%,
2T,AR_EC_VF_yshaarj_yogg_cthun_1972332790153197_Mis_AM_ME,36330,39.70%,
2T,AR_SW_VF_yshaarj_yogg_cthun_1971234352267245_IN_AM_DR,36330,39.70%,
2T,AR_EC_VF_yshaarj_yogg_cthun_1971370717994989_Mis_AM_ME,36326,39.69%,
2T,AR_EC_VF_yshaarj_yogg_cthun_1971234352783341_IN_AM_ME,36326,39.69%,
2T,AR_SW_VF_yshaarj_nzoth_yogg_4013447278616557_Mis_AM_ME_DS,36325,39.69%,
2T,AR_SW_VF_yshaarj_nzoth_yogg_4013318429081581_Mis_AM_ME_DS,36322,39.67%,
2T,AR_SP_VF_yshaarj_nzoth_yogg_4013310979989485_Mis_AM_DR_DS,36321,39.67%,
2T,AR_SW_VF_yshaarj_nzoth_yogg_4013310979989485_Mis_AM_DR_DS,36312,39.63%,
2T,AR_SW_VF_yshaarj_yogg_cthun_1972332857253869_Mis_AM_ME,36311,39.63%,
2T,AR_SW_VF_yshaarj_yogg_cthun_1971370717478893_Mis_IV_ME,36310,39.62%,
2T,AR_SW_VF_yshaarj_yogg_cthun_1971250525495277_Mis_IV_DR_DS,36308,39.62%,
2T,AR_SP_VF_yshaarj_yogg_cthun_1973432302297069_IN_AM_ME,36301,39.59%,
2T,AR_SP_VF_yshaarj_yogg_cthun_1973432368881645_Mis_AM_ME,36298,39.58%,
2T,AR_EC_VF_yshaarj_yogg_cthun_2043259880595437_Mis_IV_ME_DS,36294,39.57%,
2T,AR_SP_VF_yshaarj_nzoth_yogg_4013310912888813_IN_AM_ME_DS,36285,39.53%,
2T,AR_SP_VF_yshaarj_yogg_cthun_2043259947180013_Mis_IV_ME_DS,36281,39.52%,
2T,AR_EC_VF_yshaarj_yogg_cthun_1971233279049709_IN_AM_ME,36281,39.51%,
2T,AR_SW_VF_yshaarj_nzoth_yogg_4013309906771949_Mis_AM_ME_DS,36279,39.51%,
2T,AR_SW_VF_yshaarj_yogg_cthun_1971250458394605_IN_IV_ME_DS,36278,39.50%,
2T,AR_SP_VF_yshaarj_nzoth_yogg_4013447278100461_Mis_AM_DR_DS,36277,39.50%,
2T,AR_EC_VF_yshaarj_yogg_cthun_1971234352267245_Mis_IV_ME,36274,39.49%,
2T,AR_SP_VF_yshaarj_yogg_cthun_1971233346150381_Mis_IV_ME,36273,39.49%,
2T,AR_SW_VF_yshaarj_yogg_cthun_1971233346150381_Mis_IV_ME,36273,39.49%,
2T,AR_SW_VF_yshaarj_nzoth_yogg_4013309906255853_Mis_AM_DR_DS,36273,39.48%,
2T,AR_SW_VF_yshaarj_nzoth_yogg_4014409350774765_Mis_AM_DR_DS,36272,39.48%,
2T,AR_SP_VF_yshaarj_yogg_cthun_1971250458910701_IN_IV_ME_DS,36270,39.47%,
2T,AR_SW_VF_yshaarj_yogg_cthun_1971250525495277_IN_AM_DR_DS,36266,39.46%,
2T,AR_SW_VF_yshaarj_yogg_cthun_1971233614061549_IN_AM_ME,36258,39.43%,
2T,AR_SP_VF_yshaarj_yogg_cthun_1988688092717037_Mis_AM_ME,36256,39.42%,
2T,AR_SW_VF_yshaarj_yogg_cthun_1988688092717037_IN_AM_ME,36256,39.42%,
2T,AR_EC_VF_yshaarj_yogg_cthun_1971234352783341_Mis_AM_DR,36254,39.41%,
2T,AR_EC_VF_yshaarj_yogg_cthun_1988688025616365_IN_AM_ME,36252,39.40%,
2T,AR_EC_VF_yshaarj_yogg_cthun_1971370717478893_Mis_AM_ME,36248,39.39%,
2T,AR_SW_VF_yshaarj_yogg_cthun_2043259880079341_IN_IV_ME_DS,36246,39.38%,
2T,AR_SW_VF_yshaarj_yogg_cthun_1971250525495277_IN_IV_ME_DS,36242,39.36%,
2T,AR_SW_VF_yshaarj_yogg_cthun_2043259880079341_IN_AM_DR_DS,36241,39.36%,
2T,AR_EC_VF_yshaarj_nzoth_yogg_4013310912888813_Mis_AM_ME_DS,36236,39.34%,
2T,AR_SP_VF_yshaarj_yogg_cthun_1971370717994989_IN_AM_ME,36235,39.34%,
2T,AR_SW_VF_yshaarj_yogg_cthun_1971370717994989_IN_AM_ME,36233,39.33%,
2T,AR_SP_VF_yshaarj_yogg_cthun_2043259880079341_IN_IV_ME_DS,36227,39.31%,
2T,AR_EC_VF_yshaarj_yogg_cthun_1971250458394605_Mis_IV_DR_DS,36225,39.30%,
2T,AR_SW_VF_yshaarj_yogg_cthun_1988688025616365_IN_AM_DR,36223,39.29%,
2T,AR_SW_VF_yshaarj_yogg_cthun_1971233346150381_Mis_AM_DR,36220,39.28%,
2T,AR_EC_VF_yshaarj_yogg_cthun_2043259880595437_IN_AM_ME_DS,36219,39.28%,
2T,AR_SP_VF_yshaarj_nzoth_yogg_4013309839671277_IN_AM_ME_DS,36216,39.27%,
2T,AR_SW_VF_yshaarj_yogg_cthun_2043259880079341_Mis_IV_DR_DS,36211,39.25%,
2T,AR_SP_VF_yshaarj_yogg_cthun_1971370717478893_Mis_AM_DR,36211,39.24%,
2T,AR_SW_VF_yshaarj_yogg_cthun_1971370717478893_Mis_AM_DR,36210,39.24%,
2T,AR_EC_VF_yshaarj_yogg_cthun_1973432301780973_Mis_AM_ME,36210,39.24%,
2T,AR_SW_VF_yshaarj_yogg_cthun_2043259880595437_Mis_IV_ME_DS,36205,39.22%,
2T,AR_SP_VF_yshaarj_nzoth_yogg_4014409350774765_Mis_AM_DR_DS,36190,39.16%,
2T,AR_SP_VF_yshaarj_yogg_cthun_1988688025616365_Mis_AM_DR,36183,39.14%,
2T,AR_SW_VF_yshaarj_yogg_cthun_2043259947180013_Mis_IV_ME_DS,36183,39.14%,
2T,AR_EC_VF_yshaarj_yogg_cthun_2043259947180013_Mis_AM_DR_DS,36183,39.14%,
2T,AR_EC_VF_yshaarj_yogg_cthun_1971233346150381_Mis_AM_ME,36181,39.13%,
2T,AR_SP_VF_yshaarj_nzoth_yogg_4013318429081581_Mis_AM_DR_DS,36181,39.13%,
2T,AR_SP_VF_yshaarj_nzoth_yogg_4013447278100461_Mis_AM_ME_DS,36180,39.13%,
2T,AR_SP_VF_yshaarj_yogg_cthun_1971233346150381_IN_AM_ME,36179,39.12%,
2T,AR_SP_VF_yshaarj_yogg_cthun_1972332790153197_Mis_AM_DR,36174,39.10%,
2T,AR_SW_VF_yshaarj_yogg_cthun_1988688025616365_Mis_AM_DR,36170,39.09%,
2T,AR_SP_VF_yshaarj_yogg_cthun_1971250525495277_IN_AM_DR_DS,36169,39.09%,
2T,AR_SW_VF_yshaarj_yogg_cthun_1971234352783341_Mis_IV_ME,36164,39.06%,
2T,AR_SP_VF_yshaarj_nzoth_yogg_4014409350774765_Mis_AM_ME_DS,36161,39.05%,
2T,AR_SP_VF_yshaarj_nzoth_yogg_4013309906771949_Mis_AM_ME_DS,36161,39.05%,
2T,AR_EC_VF_yshaarj_nzoth_yogg_4013310913404909_Mis_AM_ME_DS,36160,39.05%,
2T,AR_SP_VF_yshaarj_yogg_cthun_1971233279049709_IN_AM_DR,36160,39.05%,
2T,AR_EC_VF_yshaarj_nzoth_yogg_4013309839671277_Mis_AM_ME_DS,36158,39.04%,
2T,AR_SW_VF_yshaarj_yogg_cthun_1971370784579565_Mis_AM_ME,36156,39.03%,
2T,AR_SW_VF_yshaarj_yogg_cthun_1971250458910701_IN_IV_ME_DS,36152,39.02%,
2T,AR_SW_VF_yshaarj_yogg_cthun_2043251290144749_Mis_AM_ME,36149,39.01%,
2T,AR_SW_VF_yshaarj_yogg_cthun_2043259947180013_IN_AM_ME_DS,36149,39.01%,
2T,AR_SW_VF_yshaarj_nzoth_yogg_4013584717053933_Mis_AM_ME_DS,36144,38.99%,
2T,AR_SP_VF_yshaarj_yogg_cthun_1971250525495277_IN_IV_ME_DS,36138,38.96%,
2T,AR_SP_VF_yshaarj_yogg_cthun_1971370717478893_Mis_IV_ME,36135,38.95%,
2T,AR_SP_VF_yshaarj_yogg_cthun_1971233614061549_IN_AM_ME,36133,38.94%,
2T,AR_SW_VF_yshaarj_yogg_cthun_1971234419367917_IN_AM_ME,36131,38.94%,
2T,AR_SP_VF_yshaarj_nzoth_yogg_4013584717053933_Mis_AM_ME_DS,36128,38.93%,
2T,AR_SW_VF_yshaarj_yogg_cthun_1971233345634285_Mis_IV_ME,36114,38.87%,
2T,AR_SP_VF_yshaarj_nzoth_yogg_4013584717053933_Mis_AM_DR_DS,36107,38.85%,
2T,AR_SW_VF_yshaarj_nzoth_yogg_4013310913404909_Mis_AM_DR_DS,36106,38.84%,
2T,AR_SP_VF_yshaarj_yogg_cthun_1973432301780973_IN_AM_ME,36105,38.84%,
2T,AR_EC_VF_yshaarj_yogg_cthun_2043259880079341_Mis_IV_ME_DS,36102,38.83%,
2T,AR_EC_VF_yshaarj_yogg_cthun_1971250525495277_Mis_AM_DR_DS,36100,38.82%,
2T,AR_EC_VF_yshaarj_yogg_cthun_1971233279049709_Mis_AM_DR,36095,38.80%,
2T,AR_SP_VF_yshaarj_yogg_cthun_1973432301780973_Mis_AM_DR,36093,38.79%,
2T,AR_SW_VF_yshaarj_yogg_cthun_1972332790153197_Mis_AM_DR,36092,38.79%,
2T,AR_SP_VF_yshaarj_yogg_cthun_1972332857253869_Mis_AM_ME,36091,38.78%,
2T,AR_EC_VF_yshaarj_yogg_cthun_1971234352267245_Mis_AM_DR,36090,38.78%,
2T,AR_SW_VF_yshaarj_yogg_cthun_1971233346150381_IN_AM_ME,36088,38.77%,
2T,AR_SW_VF_yshaarj_nzoth_yogg_4013310979989485_Mis_AM_ME_DS,36086,38.77%,
2T,AR_SW_VF_yshaarj_yogg_cthun_1971234419367917_Mis_AM_DR,36082,38.75%,
2T,AR_SW_VF_yshaarj_yogg_cthun_1971370717478893_Mis_AM_ME,36081,38.74%,
2T,AR_EC_VF_yshaarj_yogg_cthun_1971234419367917_Mis_AM_ME,36079,38.74%,
2T,AR_SP_VF_yshaarj_yogg_cthun_1971234419367917_Mis_AM_DR,36065,38.68%,
2T,AR_SW_VF_yshaarj_yogg_cthun_1971250458910701_Mis_IV_DR_DS,36065,38.68%,
2T,AR_SW_VF_yshaarj_nzoth_yogg_4014409350774765_Mis_AM_ME_DS,36065,38.68%,
2T,AR_EC_VF_yshaarj_yogg_cthun_1988688025616365_Mis_AM_ME,36055,38.64%,
2T,AR_SP_VF_yshaarj_nzoth_yogg_4013310913404909_Mis_AM_DR_DS,36051,38.63%,
2T,AR_SW_VF_yshaarj_yogg_cthun_1971370717478893_IN_AM_ME,36049,38.62%,
2T,AR_SP_VF_yshaarj_yogg_cthun_1988688026132461_IN_AM_ME,36046,38.61%,
2T,AR_EC_VF_yshaarj_nzoth_yogg_4013309839671277_Mis_AM_DR_DS,36044,38.60%,
2T,AR_EC_VF_yshaarj_yogg_cthun_1971234352267245_IN_AM_ME,36043,38.60%,
2T,AR_SP_VF_yshaarj_yogg_cthun_1971250458910701_IN_AM_DR_DS,36041,38.59%,
2T,AR_EC_VF_yshaarj_yogg_cthun_1971250525495277_IN_AM_ME_DS,36040,38.59%,
2T,AR_SP_VF_yshaarj_yogg_cthun_1971250458394605_IN_IV_ME_DS,36039,38.58%,
2T,AR_SP_VF_yshaarj_yogg_cthun_1971234352783341_IN_AM_ME,36033,38.56%,
2T,AR_SW_VF_yshaarj_yogg_cthun_1971234352783341_Mis_AM_DR,36032,38.56%,
2T,AR_SW_VF_yshaarj_yogg_cthun_1971250525495277_Mis_IV_ME_DS,36029,38.55%,
2T,AR_EC_VF_yshaarj_nzoth_yogg_4013310912888813_Mis_AM_DR_DS,36028,38.54%,
2T,AR_SP_VF_yshaarj_yogg_cthun_1971233345634285_Mis_IV_ME,36020,38.51%,
2T,AR_SP_VF_yshaarj_yogg_cthun_1971234419367917_IN_AM_ME,36019,38.51%,
2T,AR_SP_VF_yshaarj_yogg_cthun_2043259880595437_Mis_IV_ME_DS,36018,38.50%,
2T,AR_SW_VF_yshaarj_yogg_cthun_1971370717994989_Mis_AM_ME,36016,38.49%,
2T,AR_EC_VF_yshaarj_yogg_cthun_1971250458910701_Mis_IV_ME_DS,36015,38.49%,
2T,AR_SP_VF_yshaarj_yogg_cthun_1972332790669293_Mis_AM_ME,36013,38.48%,
2T,AR_EC_VF_yshaarj_yogg_cthun_1971250458910701_IN_AM_ME_DS,36006,38.46%,
2T,AR_SP_VF_yshaarj_yogg_cthun_1971233345634285_IN_AM_ME,36005,38.45%,
2T,AR_SP_VF_yshaarj_yogg_cthun_2043259880595437_IN_AM_DR_DS,36005,38.45%,
2T,AR_SW_VF_yshaarj_yogg_cthun_1971233614061549_Mis_AM_ME,36004,38.45%,
2T,AR_SW_VF_yshaarj_yogg_cthun_1971234419367917_Mis_IV_ME,36002,38.44%,
2T,AR_SW_VF_yshaarj_nzoth_yogg_4013309906255853_Mis_AM_ME_DS,36001,38.44%,
2T,AR_SP_VF_yshaarj_yogg_cthun_1971233346150381_Mis_AM_DR,36000,38.43%,
2T,AR_SW_VF_yshaarj_yogg_cthun_1988688026132461_IN_AM_ME,35998,38.42%,
2T,AR_SW_VF_yshaarj_yogg_cthun_1971233279049709_Mis_IV_ME,35990,38.39%,
2T,AR_SW_VF_yshaarj_yogg_cthun_1971234352783341_IN_AM_ME,35988,38.39%,
2T,AR_SP_VF_yshaarj_yogg_cthun_1971234352783341_Mis_IV_ME,35986,38.38%,
2T,AR_SP_VF_yshaarj_yogg_cthun_2043259880079341_IN_AM_DR_DS,35979,38.35%,
2T,AR_SW_VF_yshaarj_yogg_cthun_1973432368881645_Mis_AM_ME,35977,38.34%,
2T,AR_SP_VF_yshaarj_yogg_cthun_1971370717478893_IN_AM_ME,35975,38.34%,
2T,AR_SP_VF_yshaarj_yogg_cthun_1971233279049709_Mis_IV_ME,35969,38.32%,
2T,AR_SP_VF_yshaarj_yogg_cthun_1971233614061549_Mis_AM_ME,35967,38.31%,
2T,AR_EC_VF_yshaarj_yogg_cthun_1971250458910701_Mis_AM_DR_DS,35966,38.30%,
2T,AR_SW_VF_yshaarj_yogg_cthun_1988688026132461_Mis_AM_ME,35965,38.30%,
2T,AR_EC_VF_yshaarj_yogg_cthun_1971234352783341_Mis_AM_ME,35959,38.28%,
2T,AR_SP_VF_yshaarj_nzoth_yogg_4013309906255853_Mis_AM_ME_DS,35955,38.26%,
2T,AR_SW_VF_yshaarj_yogg_cthun_1971234352267245_IN_AM_ME,35948,38.23%,
2T,AR_SW_VF_yshaarj_yogg_cthun_1971233345634285_IN_AM_ME,35947,38.23%,
2T,AR_SP_VF_yshaarj_yogg_cthun_1971234352267245_Mis_IV_ME,35941,38.21%,
2T,AR_SW_VF_yshaarj_yogg_cthun_1971250458394605_Mis_IV_DR_DS,35939,38.20%,
2T,AR_SP_VF_yshaarj_yogg_cthun_2043251290144749_Mis_AM_ME,35918,38.12%,
2T,AR_SW_VF_yshaarj_yogg_cthun_1971233346150381_Mis_AM_ME,35915,38.11%,
2T,AR_SP_VF_yshaarj_nzoth_yogg_4013309906255853_Mis_AM_DR_DS,35912,38.09%,
2T,AR_SW_VF_yshaarj_yogg_cthun_1973432302297069_Mis_AM_ME,35909,38.09%,
2T,AR_SW_VF_yshaarj_yogg_cthun_1971250458394605_IN_AM_DR_DS,35909,38.08%,
2T,AR_SP_VF_yshaarj_yogg_cthun_1971250458394605_Mis_IV_DR_DS,35902,38.06%,
2T,AR_EC_VF_yshaarj_yogg_cthun_1971233345634285_Mis_AM_ME,35898,38.04%,
2T,AR_SP_VF_yshaarj_yogg_cthun_1988688026132461_Mis_AM_ME,35898,38.04%,
2T,AR_SP_VF_yshaarj_yogg_cthun_2043251290660845_Mis_AM_ME,35896,38.03%,
2T,AR_SP_VF_yshaarj_yogg_cthun_2043259947180013_Mis_AM_DR_DS,35895,38.03%,
2T,AR_SP_VF_yshaarj_yogg_cthun_1971234352783341_Mis_AM_DR,35894,38.03%,
2T,AR_SW_VF_yshaarj_yogg_cthun_2043259880079341_Mis_IV_ME_DS,35893,38.02%,
2T,AR_EC_VF_yshaarj_yogg_cthun_1971250458394605_Mis_IV_ME_DS,35890,38.01%,
2T,AR_SW_VF_yshaarj_yogg_cthun_1971233279049709_IN_AM_ME,35887,38.00%,
2T,AR_SW_VF_yshaarj_nzoth_yogg_4013310913404909_Mis_AM_ME_DS,35887,38.00%,
2T,AR_SP_VF_yshaarj_yogg_cthun_1971370717994989_Mis_AM_ME,35886,37.99%,
2T,AR_SW_VF_yshaarj_yogg_cthun_2043259947180013_Mis_AM_DR_DS,35885,37.99%,
2T,AR_SP_VF_yshaarj_yogg_cthun_2043259880595437_IN_AM_ME_DS,35883,37.98%,
2T,AR_SP_VF_yshaarj_nzoth_yogg_4013310979989485_Mis_AM_ME_DS,35883,37.98%,
2T,AR_SP_VF_yshaarj_yogg_cthun_1971250525495277_Mis_IV_ME_DS,35880,37.97%,
2T,AR_EC_VF_yshaarj_yogg_cthun_1971250458394605_IN_AM_ME_DS,35878,37.96%,
2T,AR_SP_VF_yshaarj_yogg_cthun_2043259947180013_IN_AM_ME_DS,35877,37.96%,
2T,AR_SP_VF_yshaarj_nzoth_yogg_4013318429081581_Mis_AM_ME_DS,35875,37.95%,
2T,AR_SP_VF_yshaarj_yogg_cthun_1973432302297069_Mis_AM_ME,35873,37.94%,
2T,AR_SW_VF_yshaarj_yogg_cthun_2043259880595437_IN_AM_ME_DS,35866,37.92%,
2T,AR_SW_VF_yshaarj_yogg_cthun_1971234352783341_Mis_AM_ME,35866,37.92%,
2T,AR_SW_VF_yshaarj_nzoth_yogg_4013310912888813_Mis_AM_DR_DS,35862,37.90%,
2T,AR_EC_VF_yshaarj_yogg_cthun_2043259880079341_IN_AM_ME_DS,35857,37.88%,
2T,AR_EC_VF_yshaarj_yogg_cthun_1971233279049709_Mis_AM_ME,35844,37.84%,
2T,AR_SW_VF_yshaarj_nzoth_yogg_4013309839671277_Mis_AM_DR_DS,35836,37.80%,
2T,AR_EC_VF_yshaarj_yogg_cthun_2043259947180013_Mis_AM_ME_DS,35834,37.80%,
2T,AR_SW_VF_yshaarj_yogg_cthun_1971250458910701_Mis_IV_ME_DS,35834,37.80%,
2T,AR_SW_VF_yshaarj_yogg_cthun_1971233345634285_Mis_AM_DR,35801,37.67%,
2T,AR_SW_VF_yshaarj_yogg_cthun_1972332790153197_Mis_AM_ME,35792,37.63%,
2T,AR_SP_VF_yshaarj_yogg_cthun_2043259880079341_Mis_IV_ME_DS,35791,37.63%,
2T,AR_SW_VF_yshaarj_yogg_cthun_1973432301780973_Mis_AM_ME,35784,37.60%,
2T,AR_EC_VF_yshaarj_yogg_cthun_1971250458394605_Mis_AM_DR_DS,35780,37.59%,
2T,AR_SP_VF_yshaarj_yogg_cthun_1971250458394605_IN_AM_DR_DS,35773,37.56%,
2T,AR_SW_VF_yshaarj_nzoth_yogg_4013309839671277_Mis_AM_ME_DS,35771,37.55%,
2T,AR_SP_VF_yshaarj_yogg_cthun_1988688025616365_IN_AM_ME,35771,37.55%,
2T,AR_SP_VF_yshaarj_nzoth_yogg_4013310913404909_Mis_AM_ME_DS,35765,37.53%,
2T,AR_EC_VF_yshaarj_yogg_cthun_2043259880595437_Mis_AM_DR_DS,35744,37.45%,
2T,AR_SP_VF_yshaarj_nzoth_yogg_4013309839671277_Mis_AM_DR_DS,35742,37.44%,
2T,AR_SP_VF_yshaarj_yogg_cthun_1971233279049709_IN_AM_ME,35725,37.38%,
2T,AR_SW_VF_yshaarj_yogg_cthun_1971250525495277_Mis_AM_DR_DS,35718,37.35%,
2T,AR_SW_VF_yshaarj_yogg_cthun_1971233279049709_Mis_AM_DR,35710,37.32%,
2T,AR_SP_VF_yshaarj_nzoth_yogg_4013310912888813_Mis_AM_DR_DS,35707,37.31%,
2T,AR_SP_VF_yshaarj_yogg_cthun_1971233279049709_Mis_AM_DR,35705,37.30%,
2T,AR_SP_VF_yshaarj_yogg_cthun_1971250525495277_IN_AM_ME_DS,35696,37.27%,
2T,AR_SW_VF_yshaarj_yogg_cthun_1988688025616365_IN_AM_ME,35693,37.25%,
2T,AR_SW_VF_yshaarj_yogg_cthun_1971234352267245_Mis_AM_DR,35691,37.24%,
2T,AR_SW_VF_yshaarj_yogg_cthun_2043259880595437_Mis_AM_DR_DS,35689,37.24%,
2T,AR_SP_VF_yshaarj_nzoth_yogg_4013310912888813_Mis_AM_ME_DS,35689,37.24%,
2T,AR_SW_VF_yshaarj_yogg_cthun_1971250525495277_IN_AM_ME_DS,35681,37.21%,
2T,AR_SP_VF_yshaarj_yogg_cthun_1972332790153197_Mis_AM_ME,35663,37.14%,
2T,AR_EC_VF_yshaarj_yogg_cthun_2043259880079341_Mis_AM_DR_DS,35656,37.11%,
2T,AR_SW_VF_yshaarj_yogg_cthun_1971233345634285_Mis_AM_ME,35653,37.10%,
2T,AR_SW_VF_yshaarj_yogg_cthun_1971234352267245_Mis_IV_ME,35653,37.10%,
2T,AR_SP_VF_yshaarj_yogg_cthun_1971233346150381_Mis_AM_ME,35650,37.09%,
2T,AR_SW_VF_yshaarj_yogg_cthun_1971234419367917_Mis_AM_ME,35647,37.08%,
2T,AR_EC_VF_yshaarj_yogg_cthun_1971250525495277_Mis_AM_ME_DS,35638,37.04%,
2T,AR_SW_VF_yshaarj_yogg_cthun_1971250458910701_IN_AM_ME_DS,35637,37.04%,
2T,AR_SW_VF_yshaarj_yogg_cthun_1971250458394605_IN_AM_ME_DS,35623,36.99%,
2T,AR_SW_VF_yshaarj_yogg_cthun_2043259947180013_Mis_AM_ME_DS,35622,36.98%,
2T,AR_SP_VF_yshaarj_yogg_cthun_1971234352267245_IN_AM_ME,35619,36.97%,
2T,AR_SW_VF_yshaarj_nzoth_yogg_4013310912888813_Mis_AM_ME_DS,35615,36.95%,
2T,AR_SP_VF_yshaarj_yogg_cthun_1973432301780973_Mis_AM_ME,35599,36.89%,
2T,AR_SP_VF_yshaarj_yogg_cthun_1971250458910701_Mis_IV_ME_DS,35571,36.78%,
2T,AR_EC_VF_yshaarj_yogg_cthun_1971250458910701_Mis_AM_ME_DS,35562,36.75%,
2T,AR_SP_VF_yshaarj_yogg_cthun_1971234352267245_Mis_AM_DR,35560,36.74%,
2T,AR_SP_VF_yshaarj_yogg_cthun_1971370717478893_Mis_AM_ME,35557,36.73%,
2T,AR_SW_VF_yshaarj_yogg_cthun_2043259880079341_IN_AM_ME_DS,35552,36.71%,
2T,AR_SW_VF_yshaarj_yogg_cthun_1971234352267245_Mis_AM_ME,35531,36.63%,
2T,AR_SP_VF_yshaarj_yogg_cthun_1988688025616365_Mis_AM_ME,35522,36.59%,
2T,AR_SP_VF_yshaarj_yogg_cthun_1971250525495277_Mis_AM_DR_DS,35521,36.59%,
2T,AR_SP_VF_yshaarj_yogg_cthun_1971233345634285_Mis_AM_DR,35519,36.58%,
2T,AR_EC_VF_yshaarj_yogg_cthun_1971234352267245_Mis_AM_ME,35516,36.57%,
2T,AR_SW_VF_yshaarj_yogg_cthun_1971250458910701_Mis_AM_DR_DS,35499,36.51%,
2T,AR_SP_VF_yshaarj_nzoth_yogg_4013309839671277_Mis_AM_ME_DS,35491,36.48%,
2T,AR_EC_VF_yshaarj_yogg_cthun_2043259880595437_Mis_AM_ME_DS,35485,36.45%,
2T,AR_SW_VF_yshaarj_yogg_cthun_1988688025616365_Mis_AM_ME,35477,36.42%,
2T,AR_SP_VF_yshaarj_yogg_cthun_1971250458394605_IN_AM_ME_DS,35462,36.36%,
2T,AR_SP_VF_yshaarj_yogg_cthun_1971250458910701_IN_AM_ME_DS,35442,36.29%,
2T,AR_SP_VF_yshaarj_yogg_cthun_1971250458394605_Mis_IV_ME_DS,35440,36.28%,
2T,AR_SP_VF_yshaarj_yogg_cthun_1971234352783341_Mis_AM_ME,35438,36.27%,
2T,AR_SP_VF_yshaarj_yogg_cthun_2043259880079341_IN_AM_ME_DS,35427,36.23%,
2T,AR_SP_VF_yshaarj_yogg_cthun_1971233345634285_Mis_AM_ME,35416,36.19%,
2T,AR_SW_VF_yshaarj_yogg_cthun_2043259880079341_Mis_AM_DR_DS,35414,36.18%,
2T,AR_SW_VF_yshaarj_yogg_cthun_1971250458394605_Mis_AM_DR_DS,35392,36.09%,
2T,AR_SW_VF_yshaarj_yogg_cthun_1971233279049709_Mis_AM_ME,35368,36.01%,
2T,AR_SP_VF_yshaarj_yogg_cthun_2043259880595437_Mis_AM_DR_DS,35357,35.96%,
2T,AR_SP_VF_yshaarj_yogg_cthun_1971234352267245_Mis_AM_ME,35355,35.96%,
2T,AR_SP_VF_yshaarj_yogg_cthun_1971234419367917_Mis_AM_ME,35355,35.95%,
2T,AR_SP_VF_yshaarj_yogg_cthun_1971250458910701_Mis_AM_DR_DS,35345,35.91%,
2T,AR_EC_VF_yshaarj_yogg_cthun_2043259880079341_Mis_AM_ME_DS,35322,35.83%,
2T,AR_SW_VF_yshaarj_yogg_cthun_2043259880595437_Mis_AM_ME_DS,35319,35.81%,
2T,AR_SW_VF_yshaarj_yogg_cthun_1971250458394605_Mis_IV_ME_DS,35304,35.76%,
2T,AR_SP_VF_yshaarj_yogg_cthun_2043259880079341_Mis_AM_DR_DS,35297,35.73%,
2T,AR_SW_VF_yshaarj_yogg_cthun_1971250525495277_Mis_AM_ME_DS,35255,35.57%,
2T,AR_EC_VF_yshaarj_yogg_cthun_1971250458394605_Mis_AM_ME_DS,35244,35.53%,
2T,AR_SP_VF_yshaarj_yogg_cthun_2043259947180013_Mis_AM_ME_DS,35237,35.50%,
2T,AR_SP_VF_yshaarj_yogg_cthun_1971233279049709_Mis_AM_ME,35150,35.16%,
2T,AR_SP_VF_yshaarj_yogg_cthun_1971250525495277_Mis_AM_ME_DS,35145,35.15%,
2T,AR_SW_VF_yshaarj_yogg_cthun_1971250458910701_Mis_AM_ME_DS,35137,35.11%,
2T,AR_SW_VF_yshaarj_yogg_cthun_2043259880079341_Mis_AM_ME_DS,35123,35.06%,
2T,AR_SP_VF_yshaarj_yogg_cthun_2043259880079341_Mis_AM_ME_DS,35117,35.04%,
2T,AR_SP_VF_yshaarj_yogg_cthun_2043259880595437_Mis_AM_ME_DS,35059,34.82%,
2T,AR_SP_VF_yshaarj_yogg_cthun_1971250458394605_Mis_AM_DR_DS,35027,34.69%,
2T,AR_SP_VF_yshaarj_yogg_cthun_1971250458910701_Mis_AM_ME_DS,34996,34.57%,
2T,AR_SW_VF_yshaarj_yogg_cthun_1971250458394605_Mis_AM_ME_DS,34939,34.36%,
2T,AR_SP_VF_yshaarj_yogg_cthun_1971250458394605_Mis_AM_ME_DS,34839,33.97%,
2T,Base,26005,0.00%,
