profile,actor,DPS,increase,
8T,VW_DH_VW_VF_yshaarj_nzoth_yogg_3977567263841775_IN_IV_ME,209464,154.71%,
8T,VW_DH_TV_VF_yshaarj_nzoth_yogg_3977567263841775_IN_IV_ME,206514,151.12%,
8T,VW_DH_VW_VF_yshaarj_nzoth_yogg_3977567263841775_IN_IV_DR,201601,145.15%,
8T,VW_DH_TV_VF_nzoth_yogg_cthun_3132858865876463_IN_IV_ME,201060,144.49%,
8T,VW_DH_TV_VF_yshaarj_nzoth_yogg_3977567263841775_IN_AM_ME,200240,143.49%,
8T,VW_DH_TV_VF_yshaarj_nzoth_yogg_3977567263841775_IN_IV_DR,200136,143.37%,
8T,VW_DH_TV_VF_nzoth_yogg_cthun_3132867455802863_IN_IV_ME,200118,143.35%,
8T,VW_DH_VW_VF_yshaarj_nzoth_yogg_3977567263841775_IN_AM_ME,200084,143.30%,
8T,VW_DH_TV_VF_nzoth_yogg_cthun_3132859939610095_IN_IV_ME,200020,143.23%,
8T,VW_DH_VW_VF_nzoth_yogg_cthun_3132858865876463_IN_IV_ME,199759,142.91%,
8T,VW_DH_VW_VF_nzoth_yogg_cthun_3150313612959215_IN_IV_ME,199391,142.46%,
8T,VW_DH_TV_VF_nzoth_yogg_cthun_3150313612959215_IN_IV_ME,199170,142.19%,
8T,VW_DH_TV_VF_nzoth_yogg_cthun_3132858866392559_IN_IV_ME,199101,142.11%,
8T,VW_DH_TV_VF_nzoth_yogg_cthun_3132996304821743_IN_IV_ME,197747,140.46%,
8T,VW_DH_VW_VF_nzoth_yogg_cthun_3132859939610095_IN_IV_ME,197389,140.03%,
8T,VW_DH_VW_VF_nzoth_yogg_cthun_3132996304821743_IN_IV_ME,196343,138.76%,
8T,VW_DH_VW_VF_nzoth_yogg_cthun_3132867455802863_IN_IV_ME,196050,138.40%,
8T,VW_DH_TV_VF_nzoth_yogg_cthun_3132858932977135_IN_IV_ME,195902,138.22%,
8T,VW_DH_VW_VF_nzoth_yogg_cthun_3132858866392559_IN_IV_ME,195346,137.54%,
8T,VW_DH_TV_VF_nzoth_yogg_cthun_3132876045737455_IN_IV_ME_DS,194590,136.62%,
8T,VW_DH_TV_VF_nzoth_yogg_cthun_3132858865868287_IN_IV_ME,194573,136.60%,
8T,VW_DH_VW_VF_nzoth_yogg_cthun_3132858932977135_IN_IV_ME,194148,136.09%,
8T,VW_DH_TV_VF_nzoth_yogg_cthun_3132859939610095_IN_IV_DR,193586,135.40%,
8T,VW_DH_VW_VF_yshaarj_nzoth_yogg_3977567263841775_Mis_IV_ME,193373,135.14%,
8T,VW_DH_VW_VF_nzoth_yogg_cthun_3132858865868287_IN_IV_ME,192866,134.53%,
8T,VW_DH_TV_VF_nzoth_yogg_cthun_3132858866392559_IN_IV_DR,192373,133.93%,
8T,VW_DH_TV_VF_nzoth_yogg_cthun_3150313612959215_IN_IV_DR,192371,133.92%,
8T,VW_DH_TV_VF_nzoth_yogg_cthun_3132858865876463_IN_IV_DR,192291,133.83%,
8T,VW_DH_TV_VF_nzoth_yogg_cthun_3132867455802863_IN_IV_DR,191835,133.27%,
8T,VW_DH_TV_VF_nzoth_yogg_cthun_3150313612959215_Mis_IV_ME,191796,133.23%,
8T,VW_DH_TV_VF_nzoth_yogg_cthun_3132859939610095_IN_AM_ME,191344,132.68%,
8T,VW_DH_VW_VF_nzoth_yogg_cthun_3132876045737455_IN_IV_ME_DS,191261,132.58%,
8T,VW_DH_VW_VF_nzoth_yogg_cthun_3150313612959215_IN_IV_DR,191132,132.42%,
8T,VW_DH_TV_VF_yshaarj_nzoth_yogg_3977567263841775_Mis_IV_ME,191010,132.27%,
8T,VW_DH_TV_VF_nzoth_yogg_cthun_3132996304821743_IN_IV_DR,190775,131.98%,
8T,VW_DH_VW_VF_nzoth_yogg_cthun_3132858865876463_IN_IV_DR,190731,131.93%,
8T,VW_DH_VW_VF_nzoth_yogg_cthun_3132859939610095_IN_IV_DR,190559,131.72%,
8T,VW_DH_TV_VF_nzoth_yogg_cthun_3132867455802863_IN_AM_ME,190541,131.70%,
8T,VW_DH_VW_VF_yshaarj_nzoth_yogg_3977567263841775_IN_AM_DR,190201,131.29%,
8T,VW_DH_TV_VF_nzoth_yogg_cthun_3132858932977135_IN_IV_DR,189856,130.87%,
8T,VW_DH_VW_VF_nzoth_yogg_cthun_3132858866392559_IN_IV_DR,189532,130.47%,
8T,VW_DH_VW_VF_nzoth_yogg_cthun_3132859939610095_IN_AM_ME,189479,130.41%,
8T,VW_DH_VW_VF_nzoth_yogg_cthun_3132996304821743_IN_IV_DR,188885,129.69%,
8T,VW_DH_TV_VF_nzoth_yogg_cthun_3150313612959215_IN_AM_ME,188740,129.51%,
8T,VW_DH_TV_VF_nzoth_yogg_cthun_3132858865876463_IN_AM_ME,188651,129.40%,
8T,VW_DH_TV_VF_nzoth_yogg_cthun_3132996304821743_Mis_IV_ME,188573,129.31%,
8T,VW_DH_TV_VF_nzoth_yogg_cthun_3132858866392559_IN_AM_ME,188426,129.13%,
8T,VW_DH_VW_VF_nzoth_yogg_cthun_3132867455802863_IN_IV_DR,188357,129.04%,
8T,VW_DH_VW_VF_nzoth_yogg_cthun_3150313612959215_Mis_IV_ME,188354,129.04%,
8T,VW_DH_TV_VF_yshaarj_nzoth_yogg_3977567263841775_IN_AM_DR,188290,128.96%,
8T,VW_DH_VW_VF_yshaarj_nzoth_yogg_3977567263841775_Mis_IV_DR,188255,128.92%,
8T,VW_DH_TV_VF_nzoth_yogg_cthun_3132858865868287_IN_IV_DR,188159,128.80%,
8T,VW_DH_VW_VF_nzoth_yogg_cthun_3132858866392559_IN_AM_ME,188111,128.75%,
8T,VW_DH_VW_VF_nzoth_yogg_cthun_3132867455802863_IN_AM_ME,187904,128.49%,
8T,VW_DH_TV_VF_nzoth_yogg_cthun_3132858932977135_Mis_IV_ME,187889,128.48%,
8T,VW_DH_TV_VF_nzoth_yogg_cthun_3132996304821743_IN_AM_ME,187794,128.36%,
8T,VW_DH_TV_VF_nzoth_yogg_cthun_3132876045737455_IN_IV_DR_DS,187698,128.24%,
8T,VW_DH_TV_VF_nzoth_yogg_cthun_3132858932977135_IN_AM_ME,187638,128.17%,
8T,VW_DH_VW_VF_nzoth_yogg_cthun_3150313612959215_IN_AM_ME,187487,127.99%,
8T,VW_DH_VW_VF_nzoth_yogg_cthun_3132858932977135_IN_IV_DR,187373,127.85%,
8T,VW_DH_TV_VF_nzoth_yogg_cthun_3132858866392559_Mis_IV_ME,186967,127.35%,
8T,VW_DH_VW_VF_nzoth_yogg_cthun_3132996304821743_Mis_IV_ME,186792,127.14%,
8T,VW_DH_TV_VF_nzoth_yogg_cthun_3132858865876463_Mis_IV_ME,186718,127.05%,
8T,VW_DH_VW_VF_nzoth_yogg_cthun_3132859939610095_Mis_IV_ME,186680,127.00%,
8T,VW_DH_TV_VF_nzoth_yogg_cthun_3132859939610095_Mis_IV_ME,186642,126.96%,
8T,VW_DH_TV_VF_nzoth_yogg_cthun_3132867455802863_Mis_IV_ME,186500,126.79%,
8T,VW_DH_VW_VF_nzoth_yogg_cthun_3132996304821743_IN_AM_ME,186499,126.78%,
8T,VW_DH_TV_VF_yshaarj_nzoth_yogg_3977567263841775_Mis_IV_DR,186349,126.60%,
8T,VW_DH_VW_VF_nzoth_yogg_cthun_3132858865876463_Mis_IV_ME,186251,126.48%,
8T,VW_DH_VW_VF_nzoth_yogg_cthun_3132858932977135_IN_AM_ME,186079,126.27%,
8T,VW_DH_VW_VF_nzoth_yogg_cthun_3132867455802863_Mis_IV_ME,185134,125.13%,
8T,VW_DH_VW_VF_nzoth_yogg_cthun_3132858866392559_Mis_IV_ME,185068,125.04%,
8T,VW_DH_TV_VF_nzoth_yogg_cthun_3132876045737455_IN_AM_ME_DS,185060,125.04%,
8T,VW_DH_VW_VF_nzoth_yogg_cthun_3132858865868287_IN_IV_DR,184880,124.82%,
8T,VW_DH_VW_VF_nzoth_yogg_cthun_3132858865876463_IN_AM_ME,184873,124.81%,
8T,VW_DH_VW_VF_yshaarj_nzoth_yogg_3977567263841775_Mis_AM_ME,184782,124.70%,
8T,VW_DH_VW_VF_nzoth_yogg_cthun_3132876045737455_IN_IV_DR_DS,184768,124.68%,
8T,VW_DH_TV_VF_nzoth_yogg_cthun_3150313612959215_Mis_IV_DR,184684,124.58%,
8T,VW_DH_TV_VF_nzoth_yogg_cthun_3132858865868287_IN_AM_ME,184674,124.57%,
8T,VW_DH_VW_VF_yshaarj_nzoth_yogg_3977497470631407_IN_IV_ME,183842,123.55%,
8T,VW_DH_VW_VF_nzoth_yogg_cthun_3132876045737455_IN_AM_ME_DS,183518,123.16%,
8T,VW_DH_TV_VF_nzoth_yogg_cthun_3150313612959215_IN_AM_DR,183385,123.00%,
8T,VW_DH_TV_VF_nzoth_yogg_cthun_3132858865876463_Mis_IV_DR,183223,122.80%,
8T,VW_DH_TV_VF_nzoth_yogg_cthun_3132859939610095_Mis_IV_DR,183140,122.70%,
8T,VW_DH_VW_VF_yshaarj_nzoth_yogg_4049515482242543_Mis_IV_ME,183049,122.59%,
8T,VW_DH_TV_VF_nzoth_yogg_cthun_3132858865868287_Mis_IV_ME,183008,122.54%,
8T,VW_DH_TV_VF_nzoth_yogg_cthun_3132876045737455_Mis_IV_ME_DS,182995,122.52%,
8T,VW_DH_VW_VF_yshaarj_nzoth_yogg_3979696493878767_IN_IV_ME,182991,122.52%,
8T,VW_DH_VW_VF_yshaarj_nzoth_cthun_3696297371819503_Mis_IV_ME,182787,122.27%,
8T,VW_DH_VW_VF_nzoth_yogg_cthun_3132858932977135_Mis_IV_ME,182756,122.23%,
8T,VW_DH_VW_VF_yshaarj_nzoth_yogg_3979696493878767_Mis_IV_ME,182716,122.18%,
8T,VW_DH_TV_VF_yshaarj_nzoth_yogg_3977567263841775_Mis_AM_ME,182612,122.06%,
8T,VW_DH_TV_VF_nzoth_yogg_cthun_3132859939610095_IN_AM_DR,182440,121.85%,
8T,VW_DH_TV_VF_yshaarj_nzoth_yogg_4049515482242543_Mis_IV_ME,182411,121.81%,
8T,VW_DH_TV_VF_nzoth_yogg_cthun_3132858866392559_IN_AM_DR,182303,121.68%,
8T,VW_DH_TV_VF_nzoth_yogg_cthun_3132867455802863_IN_AM_DR,182262,121.63%,
8T,VW_DH_VW_VF_nzoth_yogg_cthun_3132858865868287_Mis_IV_ME,182212,121.57%,
8T,VW_DH_VW_VF_nzoth_yogg_cthun_3150313612959215_IN_AM_DR,182126,121.47%,
8T,VW_DH_VW_VF_nzoth_yogg_cthun_3150313612959215_Mis_IV_DR,182018,121.34%,
8T,VW_DH_TV_VF_yshaarj_nzoth_yogg_3977497470631407_IN_IV_ME,181694,120.94%,
8T,VW_DH_VW_VF_nzoth_yogg_cthun_3132858865868287_IN_AM_ME,181605,120.83%,
8T,VW_DH_VW_VF_yshaarj_nzoth_yogg_3977497470623231_Mis_IV_ME,181546,120.76%,
8T,VW_DH_VW_VF_yshaarj_nzoth_yogg_3977497470631407_Mis_IV_ME,181452,120.65%,
8T,VW_DH_VW_VF_yshaarj_nzoth_yogg_3977498544373231_IN_IV_ME,181412,120.60%,
8T,VW_DH_VW_VF_yshaarj_nzoth_yogg_4049515482242543_IN_IV_ME,181325,120.49%,
8T,VW_DH_TV_VF_nzoth_yogg_cthun_3150313612959215_Mis_AM_ME,181194,120.33%,
8T,VW_DH_VW_VF_yshaarj_nzoth_yogg_3977499618106863_Mis_IV_ME,181166,120.30%,
8T,VW_DH_TV_VF_nzoth_yogg_cthun_3132996304821743_Mis_IV_DR,181135,120.26%,
8T,VW_DH_VW_VF_nzoth_yogg_cthun_3132859939610095_Mis_IV_DR,181086,120.20%,
8T,VW_DH_TV_VF_yshaarj_nzoth_yogg_3979696493878767_Mis_IV_ME,181035,120.14%,
8T,VW_DH_VW_VF_nzoth_yogg_cthun_3132858865876463_Mis_IV_DR,181008,120.11%,
8T,VW_DH_TV_VF_nzoth_yogg_cthun_3132996304821743_IN_AM_DR,180871,119.94%,
8T,VW_DH_VW_VF_yshaarj_nzoth_cthun_3696297371819503_IN_IV_ME,180829,119.89%,
8T,VW_DH_TV_VF_nzoth_yogg_cthun_3132867455802863_Mis_IV_DR,180610,119.62%,
8T,VW_DH_VW_VF_yshaarj_nzoth_yogg_3977634909576687_Mis_IV_ME,180602,119.61%,
8T,VW_DH_VW_VF_yshaarj_nzoth_yogg_3977635983318511_Mis_IV_ME,180414,119.39%,
8T,VW_DH_VW_VF_yshaarj_nzoth_yogg_3977497537732079_Mis_IV_ME,180364,119.32%,
8T,VW_DH_TV_VF_yshaarj_nzoth_yogg_3979696493878767_IN_IV_ME,180313,119.26%,
8T,VW_DH_VW_VF_yshaarj_nzoth_yogg_3979697567620591_Mis_IV_ME,180237,119.17%,
8T,VW_DH_TV_VF_yshaarj_nzoth_yogg_3977634909576687_Mis_IV_ME,180219,119.15%,
8T,VW_DH_TV_VF_yshaarj_nzoth_cthun_3696297371819503_Mis_IV_ME,180213,119.14%,
8T,VW_DH_VW_VF_nzoth_yogg_cthun_3132859939610095_IN_AM_DR,180197,119.12%,
8T,VW_DH_VW_VF_nzoth_yogg_cthun_3132876045737455_Mis_IV_ME_DS,180161,119.08%,
8T,VW_DH_VW_VF_yshaarj_nzoth_cthun_3696298445561327_Mis_IV_ME,180148,119.06%,
8T,VW_DH_VW_VF_nzoth_yogg_cthun_3132996304821743_IN_AM_DR,180102,119.01%,
8T,VW_DH_TV_VF_nzoth_yogg_cthun_3132858866392559_Mis_IV_DR,180082,118.98%,
8T,VW_DH_TV_VF_nzoth_yogg_cthun_3132858932977135_Mis_IV_DR,179970,118.85%,
8T,VW_DH_TV_VF_yshaarj_nzoth_yogg_4049515482242543_IN_IV_ME,179867,118.72%,
8T,VW_DH_VW_VF_yshaarj_nzoth_yogg_3977634909576687_IN_IV_ME,179537,118.32%,
8T,VW_DH_VW_VF_nzoth_yogg_cthun_3132867455802863_Mis_IV_DR,179454,118.22%,
8T,VW_DH_VW_VF_nzoth_yogg_cthun_3132858866392559_Mis_IV_DR,179379,118.13%,
8T,VW_DH_TV_VF_nzoth_yogg_cthun_3132858932977135_IN_AM_DR,179339,118.08%,
8T,VW_DH_VW_VF_nzoth_yogg_cthun_3132996304821743_Mis_IV_DR,179331,118.07%,
8T,VW_DH_TV_VF_nzoth_yogg_cthun_3132858865876463_IN_AM_DR,179223,117.94%,
8T,VW_DH_VW_VF_yshaarj_nzoth_cthun_3696298445561327_IN_IV_ME,179210,117.92%,
8T,VW_DH_TV_VF_yshaarj_nzoth_yogg_3977497470631407_Mis_IV_ME,179172,117.88%,
8T,VW_DH_VW_VF_yshaarj_nzoth_yogg_3979697567620591_IN_IV_ME,179148,117.85%,
8T,VW_DH_TV_VF_nzoth_yogg_cthun_3150243886849519_Mis_IV_ME,179064,117.74%,
8T,VW_DH_VW_VF_yshaarj_nzoth_yogg_3977497537732079_IN_IV_ME,179002,117.67%,
8T,VW_DH_TV_VF_yshaarj_nzoth_cthun_3696297371819503_IN_IV_ME,178975,117.64%,
8T,VW_DH_TV_VF_yshaarj_nzoth_yogg_3979697567620591_Mis_IV_ME,178959,117.62%,
8T,VW_DH_VW_VF_yshaarj_nzoth_yogg_3977499618106863_IN_IV_ME,178931,117.58%,
8T,VW_DH_VW_VF_yshaarj_nzoth_yogg_3977772348530159_Mis_IV_ME,178833,117.46%,
8T,VW_DH_VW_VF_yshaarj_nzoth_yogg_4049516555984367_Mis_IV_ME,178802,117.43%,
8T,VW_DH_VW_VF_yshaarj_nzoth_yogg_3977497470623231_IN_IV_ME,178789,117.41%,
8T,VW_DH_TV_VF_yshaarj_nzoth_yogg_4049516555984367_Mis_IV_ME,178763,117.38%,
8T,VW_DH_VW_VF_yshaarj_nzoth_yogg_4049515482242543_IN_IV_DR,178751,117.36%,
8T,VW_DH_VW_VF_yshaarj_nzoth_yogg_3979712600006127_Mis_IV_ME_DS,178697,117.30%,
8T,VW_DH_VW_VF_yshaarj_nzoth_cthun_3696313477946863_Mis_IV_ME_DS,178689,117.29%,
8T,VW_DH_VW_VF_yshaarj_nzoth_yogg_3979696493878767_IN_IV_DR,178686,117.28%,
8T,VW_DH_TV_VF_nzoth_yogg_cthun_3132859939610095_Mis_AM_ME,178640,117.23%,
8T,VW_DH_VW_VF_nzoth_yogg_cthun_3132858866392559_IN_AM_DR,178630,117.22%,
8T,VW_DH_VW_VF_yshaarj_nzoth_yogg_3977567263841775_Mis_AM_DR,178601,117.18%,
8T,VW_DH_TV_VF_nzoth_yogg_cthun_3132996304821743_Mis_AM_ME,178594,117.17%,
8T,VW_DH_TV_VF_yshaarj_nzoth_yogg_3977497471147503_Mis_IV_ME,178588,117.16%,
8T,VW_DH_VW_VF_yshaarj_nzoth_yogg_3977514650492399_Mis_IV_ME_DS,178577,117.15%,
8T,VW_DH_VW_VF_yshaarj_nzoth_yogg_3977497470631407_IN_IV_DR,178565,117.14%,
8T,VW_DH_VW_VF_yshaarj_nzoth_yogg_3977772348530159_IN_IV_ME,178559,117.13%,
8T,VW_DH_VW_VF_yshaarj_nzoth_yogg_3979712600006127_IN_IV_ME_DS,178495,117.05%,
8T,VW_DH_TV_VF_yshaarj_nzoth_yogg_3977498544373231_IN_IV_ME,178489,117.05%,
8T,VW_DH_VW_VF_yshaarj_nzoth_yogg_4049516555984367_IN_IV_ME,178396,116.93%,
8T,VW_DH_TV_VF_yshaarj_nzoth_yogg_3977497470623231_Mis_IV_ME,178371,116.90%,
8T,VW_DH_VW_VF_nzoth_yogg_cthun_3150313612959215_Mis_AM_ME,178323,116.84%,
8T,VW_DH_VW_VF_yshaarj_nzoth_cthun_3696297371819503_Mis_IV_DR,178315,116.83%,
8T,VW_DH_TV_VF_nzoth_yogg_cthun_3150243819748847_Mis_IV_ME,178266,116.77%,
8T,VW_DH_VW_VF_yshaarj_nzoth_yogg_3977498544373231_Mis_IV_ME,178235,116.74%,
8T,VW_DH_VW_VF_nzoth_yogg_cthun_3150243819748847_Mis_IV_ME,178183,116.67%,
8T,VW_DH_VW_VF_yshaarj_nzoth_yogg_3977513576758767_IN_IV_ME_DS,178090,116.56%,
8T,VW_DH_TV_VF_yshaarj_nzoth_yogg_3977499618106863_Mis_IV_ME,178000,116.45%,
8T,VW_DH_TV_VF_nzoth_yogg_cthun_3132867455802863_Mis_AM_ME,177970,116.41%,
8T,VW_DH_VW_VF_yshaarj_nzoth_yogg_3977651015704047_Mis_IV_ME_DS,177958,116.40%,
8T,VW_DH_VW_VF_yshaarj_nzoth_yogg_3977497470631407_Mis_IV_DR,177925,116.36%,
8T,VW_DH_TV_VF_yshaarj_nzoth_yogg_4049515482242543_IN_IV_DR,177900,116.33%,
8T,VW_DH_VW_VF_nzoth_yogg_cthun_3132858932977135_Mis_IV_DR,177894,116.32%,
8T,VW_DH_VW_VF_nzoth_yogg_cthun_3132858932977135_IN_AM_DR,177859,116.28%,
8T,VW_DH_VW_VF_yshaarj_nzoth_yogg_4049531588369903_Mis_IV_ME_DS,177822,116.23%,
8T,VW_DH_VW_VF_yshaarj_nzoth_yogg_3977497471147503_IN_IV_ME,177785,116.19%,
8T,VW_DH_TV_VF_nzoth_yogg_cthun_3150252409675247_Mis_IV_ME,177781,116.18%,
8T,VW_DH_TV_VF_yshaarj_nzoth_cthun_3696298445561327_Mis_IV_ME,177761,116.16%,
8T,VW_DH_TV_VF_yshaarj_nzoth_yogg_3977497537732079_Mis_IV_ME,177727,116.12%,
8T,VW_DH_VW_VF_nzoth_yogg_cthun_3132867455802863_IN_AM_DR,177697,116.08%,
8T,VW_DH_VW_VF_yshaarj_nzoth_yogg_4049515482242543_Mis_IV_DR,177692,116.08%,
8T,VW_DH_VW_VF_yshaarj_nzoth_yogg_3977498544889327_Mis_IV_ME,177666,116.04%,
8T,VW_DH_VW_VF_yshaarj_nzoth_yogg_3977514650492399_IN_IV_ME_DS,177636,116.01%,
8T,VW_DH_VW_VF_yshaarj_nzoth_yogg_3977497471147503_Mis_IV_ME,177592,115.95%,
8T,VW_DH_TV_VF_nzoth_yogg_cthun_3132876045737455_IN_AM_DR_DS,177585,115.95%,
8T,VW_DH_TV_VF_nzoth_yogg_cthun_3132858865868287_IN_AM_DR,177555,115.91%,
8T,VW_DH_TV_VF_yshaarj_nzoth_yogg_3977497471147503_IN_IV_ME,177453,115.78%,
8T,VW_DH_TV_VF_yshaarj_nzoth_yogg_3977635983318511_Mis_IV_ME,177388,115.71%,
8T,VW_DH_TV_VF_nzoth_yogg_cthun_3132858865868287_Mis_IV_DR,177380,115.70%,
8T,VW_DH_TV_VF_yshaarj_nzoth_yogg_4049516555984367_IN_IV_ME,177333,115.64%,
8T,VW_DH_TV_VF_yshaarj_nzoth_cthun_3696313477946863_Mis_IV_ME_DS,177256,115.55%,
8T,VW_DH_VW_VF_yshaarj_nzoth_yogg_4049531588369903_IN_IV_ME_DS,177224,115.51%,
8T,VW_DH_TV_VF_nzoth_yogg_cthun_3152458949123567_Mis_IV_ME_DS,177221,115.50%,
8T,VW_DH_VW_VF_yshaarj_nzoth_yogg_3977498611473903_Mis_IV_ME,177183,115.46%,
8T,VW_DH_VW_VF_yshaarj_nzoth_yogg_3977515724234223_Mis_IV_ME_DS,177141,115.41%,
8T,VW_DH_TV_VF_yshaarj_nzoth_yogg_3977497470623231_IN_IV_ME,177089,115.34%,
8T,VW_DH_TV_VF_yshaarj_nzoth_yogg_3979697567620591_IN_IV_ME,176994,115.23%,
8T,VW_DH_TV_VF_yshaarj_nzoth_yogg_3977514650492399_IN_IV_ME_DS,176991,115.22%,
8T,VW_DH_TV_VF_yshaarj_nzoth_yogg_3979696493878767_IN_IV_DR,176980,115.21%,
8T,VW_DH_TV_VF_yshaarj_nzoth_yogg_3977772348530159_IN_IV_ME,176970,115.20%,
8T,VW_DH_TV_VF_nzoth_yogg_cthun_3150245967224303_Mis_IV_ME,176930,115.15%,
8T,VW_DH_VW_VF_yshaarj_nzoth_yogg_3977773422271983_Mis_IV_ME,176924,115.14%,
8T,VW_DH_TV_VF_yshaarj_nzoth_yogg_3977772348530159_Mis_IV_ME,176910,115.12%,
8T,VW_DH_TV_VF_yshaarj_nzoth_yogg_3977634909576687_IN_IV_ME,176834,115.03%,
8T,VW_DH_VW_VF_yshaarj_nzoth_cthun_3696297371819503_IN_IV_DR,176811,115.00%,
8T,VW_DH_TV_VF_nzoth_yogg_cthun_3150313612959215_Mis_AM_DR,176756,114.94%,
8T,VW_DH_TV_VF_yshaarj_nzoth_cthun_3696298445561327_IN_IV_ME,176752,114.93%,
8T,VW_DH_VW_VF_yshaarj_nzoth_yogg_3977634909576687_IN_IV_DR,176748,114.93%,
8T,VW_DH_TV_VF_yshaarj_nzoth_yogg_3977513576758767_IN_IV_ME_DS,176685,114.85%,
8T,VW_DH_VW_VF_yshaarj_nzoth_yogg_3977498544365055_Mis_IV_ME,176672,114.84%,
8T,VW_DH_VW_VF_yshaarj_nzoth_cthun_3696313477946863_IN_IV_ME_DS,176568,114.71%,
8T,VW_DH_VW_VF_yshaarj_nzoth_yogg_3977635983318511_IN_IV_ME,176552,114.69%,
8T,VW_DH_TV_VF_nzoth_yogg_cthun_3150518697647599_Mis_IV_ME,176543,114.68%,
8T,VW_DH_TV_VF_nzoth_yogg_cthun_3132858865876463_Mis_AM_ME,176524,114.66%,
8T,VW_DH_TV_VF_yshaarj_nzoth_yogg_3977497537732079_IN_IV_ME,176518,114.65%,
8T,VW_DH_TV_VF_yshaarj_nzoth_yogg_3977567263841775_Mis_AM_DR,176454,114.57%,
8T,VW_DH_VW_VF_yshaarj_nzoth_yogg_3979696493878767_Mis_IV_DR,176447,114.56%,
8T,VW_DH_TV_VF_yshaarj_nzoth_yogg_3979712600006127_Mis_IV_ME_DS,176431,114.54%,
8T,VW_DH_TV_VF_yshaarj_nzoth_yogg_4049515482242543_Mis_IV_DR,176415,114.52%,
8T,VW_DH_TV_VF_nzoth_yogg_cthun_3150244893490671_Mis_IV_ME,176387,114.49%,
8T,VW_DH_TV_VF_nzoth_yogg_cthun_3150243819748847_Mis_IV_DR,176371,114.47%,
8T,VW_DH_VW_VF_yshaarj_nzoth_yogg_3977497470623231_Mis_IV_DR,176362,114.46%,
8T,VW_DH_TV_VF_nzoth_yogg_cthun_3150243819740671_Mis_IV_ME,176330,114.42%,
8T,VW_DH_VW_VF_yshaarj_nzoth_yogg_3977651015704047_IN_IV_ME_DS,176322,114.41%,
8T,VW_DH_TV_VF_yshaarj_nzoth_yogg_4049531588369903_IN_IV_ME_DS,176320,114.41%,
8T,VW_DH_TV_VF_yshaarj_nzoth_yogg_3977499618106863_IN_IV_ME,176303,114.39%,
8T,VW_DH_VW_VF_nzoth_yogg_cthun_3150313612959215_Mis_AM_DR,176298,114.38%,
8T,VW_DH_VW_VF_yshaarj_nzoth_yogg_3977513576758767_Mis_IV_ME_DS,176290,114.37%,
8T,VW_DH_TV_VF_nzoth_yogg_cthun_3132858866392559_Mis_AM_ME,176260,114.33%,
8T,VW_DH_TV_VF_nzoth_yogg_cthun_3132926511611375_Mis_IV_ME,176259,114.33%,
8T,VW_DH_VW_VF_yshaarj_nzoth_yogg_3977497470623231_IN_IV_DR,176256,114.33%,
8T,VW_DH_VW_VF_nzoth_yogg_cthun_3132859939610095_Mis_AM_ME,176247,114.32%,
8T,VW_DH_TV_VF_nzoth_yogg_cthun_3132876045737455_Mis_IV_DR_DS,176224,114.29%,
8T,VW_DH_VW_VF_yshaarj_nzoth_cthun_3696298445561327_Mis_IV_DR,176208,114.27%,
8T,VW_DH_VW_VF_yshaarj_nzoth_yogg_3977634909576687_Mis_IV_DR,176135,114.18%,
8T,VW_DH_VW_VF_nzoth_yogg_cthun_3132858865876463_IN_AM_DR,176099,114.14%,
8T,VW_DH_VW_VF_nzoth_yogg_cthun_3132996304821743_Mis_AM_ME,176078,114.11%,
8T,VW_DH_VW_VF_yshaarj_nzoth_yogg_3977773422271983_IN_IV_ME,176049,114.08%,
8T,VW_DH_TV_VF_yshaarj_nzoth_cthun_3696297371819503_Mis_IV_DR,176035,114.06%,
8T,VW_DH_VW_VF_yshaarj_nzoth_yogg_3977498544365055_IN_IV_ME,176012,114.03%,
8T,VW_DH_VW_VF_nzoth_yogg_cthun_3150243886849519_Mis_IV_ME,176006,114.03%,
8T,VW_DH_VW_VF_yshaarj_nzoth_yogg_3979696493878767_Mis_AM_ME,175997,114.01%,
8T,VW_DH_TV_VF_yshaarj_nzoth_yogg_3977651015704047_Mis_IV_ME_DS,175975,113.99%,
8T,VW_DH_VW_VF_yshaarj_nzoth_yogg_3977513643859439_Mis_IV_ME_DS,175962,113.97%,
8T,VW_DH_TV_VF_yshaarj_nzoth_yogg_3977514650492399_Mis_IV_ME_DS,175958,113.97%,
8T,VW_DH_TV_VF_nzoth_yogg_cthun_3150243820264943_Mis_IV_ME,175955,113.96%,
8T,VW_DH_TV_VF_yshaarj_nzoth_yogg_3977498544373231_Mis_IV_ME,175901,113.90%,
8T,VW_DH_VW_VF_nzoth_yogg_cthun_3132858865868287_Mis_IV_DR,175865,113.85%,
8T,VW_DH_TV_VF_nzoth_yogg_cthun_3132926578712047_Mis_IV_ME,175842,113.83%,
8T,VW_DH_VW_VF_yshaarj_nzoth_yogg_3977498544373231_Mis_IV_DR,175810,113.79%,
8T,VW_DH_TV_VF_yshaarj_nzoth_yogg_4049531588369903_Mis_IV_ME_DS,175803,113.78%,
8T,VW_DH_VW_VF_nzoth_yogg_cthun_3132858865868287_IN_AM_DR,175649,113.59%,
8T,VW_DH_VW_VF_yshaarj_nzoth_yogg_3977513576750591_Mis_IV_ME_DS,175643,113.58%,
8T,VW_DH_TV_VF_yshaarj_nzoth_yogg_3979696493878767_Mis_IV_DR,175617,113.55%,
8T,VW_DH_VW_VF_yshaarj_nzoth_yogg_3977499618106863_Mis_IV_DR,175609,113.54%,
8T,VW_DH_TV_VF_yshaarj_nzoth_yogg_3977634909576687_IN_IV_DR,175608,113.54%,
8T,VW_DH_TV_VF_yshaarj_nzoth_yogg_3977497470631407_IN_IV_DR,175573,113.50%,
8T,VW_DH_VW_VF_yshaarj_nzoth_yogg_3977788454657519_IN_IV_ME_DS,175560,113.48%,
8T,VW_DH_TV_VF_nzoth_yogg_cthun_3150243886849519_Mis_IV_DR,175534,113.45%,
8T,VW_DH_TV_VF_nzoth_yogg_cthun_3150244960591343_Mis_IV_ME,175494,113.40%,
8T,VW_DH_VW_VF_yshaarj_nzoth_yogg_4049522998443503_IN_IV_ME_DS,175468,113.37%,
8T,VW_DH_TV_VF_yshaarj_nzoth_yogg_3979712600006127_IN_IV_ME_DS,175347,113.22%,
8T,VW_DH_VW_VF_yshaarj_nzoth_cthun_3696297371819503_Mis_AM_ME,175331,113.20%,
8T,VW_DH_VW_VF_nzoth_yogg_cthun_3150243820264943_Mis_IV_ME,175328,113.20%,
8T,VW_DH_VW_VF_yshaarj_nzoth_yogg_4049516555984367_IN_IV_DR,175312,113.18%,
8T,VW_DH_VW_VF_nzoth_yogg_cthun_3150245967224303_Mis_IV_ME,175298,113.16%,
8T,VW_DH_TV_VF_nzoth_yogg_cthun_3150253483417071_Mis_IV_ME,175294,113.16%,
8T,VW_DH_TV_VF_yshaarj_nzoth_yogg_3977773422271983_Mis_IV_ME,175269,113.13%,
8T,VW_DH_TV_VF_yshaarj_nzoth_yogg_3979697567620591_IN_IV_DR,175257,113.11%,
8T,VW_DH_TV_VF_nzoth_yogg_cthun_3132858932977135_Mis_AM_ME,175254,113.11%,
8T,VW_DH_VW_VF_nzoth_yogg_cthun_3150252409675247_Mis_IV_ME,175217,113.07%,
8T,VW_DH_VW_VF_yshaarj_nzoth_yogg_3977497537732079_IN_IV_DR,175178,113.02%,
8T,VW_DH_VW_VF_yshaarj_nzoth_yogg_3977513643859439_IN_IV_ME_DS,175136,112.97%,
8T,VW_DH_TV_VF_nzoth_yogg_cthun_3132791220141551_Mis_IV_ME,175127,112.96%,
8T,VW_DH_TV_VF_nzoth_yogg_cthun_3132797662592495_Mis_IV_ME,175109,112.94%,
8T,VW_DH_TV_VF_yshaarj_nzoth_yogg_3977497470631407_Mis_IV_DR,175086,112.91%,
8T,VW_DH_VW_VF_nzoth_yogg_cthun_3132926511611375_Mis_IV_ME,175025,112.83%,
8T,VW_DH_VW_VF_nzoth_yogg_cthun_3132858866392559_Mis_AM_ME,175019,112.82%,
8T,VW_DH_VW_VF_nzoth_yogg_cthun_3132876045737455_IN_AM_DR_DS,174988,112.79%,
8T,VW_DH_VW_VF_yshaarj_nzoth_yogg_3977513576758767_IN_IV_DR_DS,174963,112.76%,
8T,VW_DH_VW_VF_yshaarj_nzoth_yogg_4049531588369903_IN_IV_DR_DS,174957,112.75%,
8T,VW_DH_VW_VF_yshaarj_nzoth_yogg_3977634909576687_Mis_AM_ME,174936,112.72%,
8T,VW_DH_VW_VF_yshaarj_nzoth_yogg_3977788454657519_Mis_IV_ME_DS,174927,112.71%,
8T,VW_DH_VW_VF_yshaarj_nzoth_yogg_4049524072177135_Mis_IV_ME_DS,174927,112.71%,
8T,VW_DH_VW_VF_nzoth_yogg_cthun_3132876045737455_Mis_IV_DR_DS,174918,112.70%,
8T,VW_DH_TV_VF_nzoth_yogg_cthun_3134996685839855_Mis_IV_ME,174881,112.66%,
8T,VW_DH_VW_VF_yshaarj_nzoth_yogg_3977498544889327_IN_IV_ME,174867,112.64%,
8T,VW_DH_TV_VF_yshaarj_nzoth_yogg_3977497470623231_Mis_IV_DR,174857,112.63%,
8T,VW_DH_VW_VF_yshaarj_nzoth_yogg_4049515482242543_IN_AM_ME,174854,112.62%,
8T,VW_DH_VW_VF_yshaarj_nzoth_yogg_3979697567620591_Mis_IV_DR,174851,112.62%,
8T,VW_DH_TV_VF_yshaarj_nzoth_yogg_3977513576758767_Mis_IV_ME_DS,174836,112.60%,
8T,VW_DH_TV_VF_nzoth_yogg_cthun_3132859939610095_Mis_AM_DR,174832,112.60%,
8T,VW_DH_TV_VF_yshaarj_nzoth_yogg_3977772348530159_IN_IV_DR,174791,112.55%,
8T,VW_DH_VW_VF_yshaarj_nzoth_yogg_3977499618106863_IN_IV_DR,174790,112.55%,
8T,VW_DH_TV_VF_yshaarj_nzoth_yogg_3977498544373231_IN_IV_DR,174767,112.52%,
8T,VW_DH_VW_VF_yshaarj_nzoth_yogg_3977497471147503_IN_IV_DR,174767,112.52%,
8T,VW_DH_TV_VF_yshaarj_nzoth_cthun_3696297371819503_IN_IV_DR,174751,112.50%,
8T,VW_DH_VW_VF_yshaarj_nzoth_yogg_4049515482242543_Mis_AM_ME,174739,112.48%,
8T,VW_DH_TV_VF_yshaarj_nzoth_yogg_3977635983318511_IN_IV_ME,174684,112.42%,
8T,VW_DH_VW_VF_nzoth_yogg_cthun_3132858865876463_Mis_AM_ME,174683,112.42%,
8T,VW_DH_VW_VF_yshaarj_nzoth_cthun_3768322899631599_IN_IV_ME_DS,174683,112.42%,
8T,VW_DH_VW_VF_yshaarj_nzoth_yogg_3979712600006127_IN_IV_DR_DS,174665,112.39%,
8T,VW_DH_TV_VF_yshaarj_nzoth_cthun_3696313477946863_IN_IV_ME_DS,174614,112.33%,
8T,VW_DH_VW_VF_yshaarj_nzoth_yogg_3977498544373231_IN_IV_DR,174608,112.33%,
8T,VW_DH_VW_VF_nzoth_yogg_cthun_3150243819740671_Mis_IV_ME,174603,112.32%,
8T,VW_DH_VW_VF_yshaarj_nzoth_yogg_3979697567620591_IN_IV_DR,174575,112.28%,
8T,VW_DH_VW_VF_nzoth_yogg_cthun_3150518697647599_Mis_IV_ME,174492,112.18%,
8T,VW_DH_TV_VF_nzoth_yogg_cthun_3135005275774447_Mis_IV_ME_DS,174470,112.16%,
8T,VW_DH_VW_VF_nzoth_yogg_cthun_3132867455802863_Mis_AM_ME,174462,112.15%,
8T,VW_DH_VW_VF_yshaarj_nzoth_yogg_3977513577274863_Mis_IV_ME_DS,174462,112.15%,
8T,VW_DH_TV_VF_nzoth_yogg_cthun_3132858865868287_Mis_AM_ME,174461,112.15%,
8T,VW_DH_VW_VF_yshaarj_nzoth_yogg_3977498611473903_IN_IV_ME,174405,112.08%,
8T,VW_DH_VW_VF_nzoth_yogg_cthun_3134996685839855_Mis_IV_ME,174335,111.99%,
8T,VW_DH_TV_VF_yshaarj_nzoth_yogg_4049660437388783_Mis_IV_ME_DS,174294,111.94%,
8T,VW_DH_VW_VF_yshaarj_nzoth_yogg_4049660437388783_Mis_IV_ME_DS,174236,111.87%,
8T,VW_DH_VW_VF_yshaarj_nzoth_yogg_3979712600006127_Mis_IV_DR_DS,174225,111.86%,
8T,VW_DH_VW_VF_nzoth_yogg_cthun_3132996304821743_Mis_AM_DR,174191,111.82%,
8T,VW_DH_TV_VF_yshaarj_nzoth_yogg_3977634909576687_Mis_IV_DR,174189,111.82%,
8T,VW_DH_TV_VF_nzoth_yogg_cthun_3132926511603199_Mis_IV_ME,174142,111.76%,
8T,VW_DH_VW_VF_nzoth_yogg_cthun_3150244893490671_Mis_IV_ME,174134,111.75%,
8T,VW_DH_VW_VF_yshaarj_nzoth_cthun_3696298445561327_IN_IV_DR,174130,111.74%,
8T,VW_DH_TV_VF_yshaarj_nzoth_yogg_3977497470623231_IN_IV_DR,174127,111.74%,
8T,VW_DH_TV_VF_nzoth_yogg_cthun_3132858866392559_Mis_AM_DR,174121,111.73%,
8T,VW_DH_TV_VF_yshaarj_nzoth_yogg_3977498544365055_IN_IV_ME,174093,111.70%,
8T,VW_DH_TV_VF_yshaarj_nzoth_yogg_4049515482242543_IN_AM_ME,174079,111.68%,
8T,VW_DH_VW_VF_yshaarj_nzoth_yogg_3977497537732079_Mis_IV_DR,174046,111.64%,
8T,VW_DH_TV_VF_yshaarj_nzoth_yogg_3977513576750591_Mis_IV_ME_DS,174037,111.63%,
8T,VW_DH_TV_VF_yshaarj_nzoth_cthun_3696297371819503_Mis_AM_ME,174032,111.63%,
8T,VW_DH_TV_VF_nzoth_yogg_cthun_3132935101537775_Mis_IV_ME,174023,111.61%,
8T,VW_DH_VW_VF_nzoth_yogg_cthun_3150260999609839_Mis_IV_ME_DS,174008,111.60%,
8T,VW_DH_TV_VF_yshaarj_nzoth_yogg_3977499618106863_IN_IV_DR,173952,111.53%,
8T,VW_DH_TV_VF_yshaarj_nzoth_yogg_3977651015704047_IN_IV_ME_DS,173952,111.53%,
8T,VW_DH_VW_VF_nzoth_yogg_cthun_3150243819748847_Mis_IV_DR,173935,111.51%,
8T,VW_DH_VW_VF_yshaarj_nzoth_yogg_3977635983318511_Mis_IV_DR,173934,111.51%,
8T,VW_DH_TV_VF_yshaarj_nzoth_yogg_3977498611473903_Mis_IV_ME,173922,111.49%,
8T,VW_DH_TV_VF_yshaarj_nzoth_yogg_3977513577274863_IN_IV_ME_DS,173877,111.44%,
8T,VW_DH_VW_VF_nzoth_yogg_cthun_3132935101537775_Mis_IV_ME,173866,111.42%,
8T,VW_DH_TV_VF_nzoth_yogg_cthun_3150260999609839_Mis_IV_ME_DS,173756,111.29%,
8T,VW_DH_TV_VF_yshaarj_nzoth_yogg_4049515482242543_Mis_AM_ME,173753,111.29%,
8T,VW_DH_VW_VF_nzoth_yogg_cthun_3150243819748847_IN_IV_ME,173738,111.27%,
8T,VW_DH_TV_VF_nzoth_yogg_cthun_3132996304821743_Mis_AM_DR,173738,111.27%,
8T,VW_DH_VW_VF_yshaarj_nzoth_yogg_3977772348530159_Mis_IV_DR,173704,111.23%,
8T,VW_DH_TV_VF_nzoth_yogg_cthun_3150519771389423_Mis_IV_ME,173687,111.21%,
8T,VW_DH_VW_VF_yshaarj_nzoth_yogg_3979696493878767_IN_AM_ME,173685,111.20%,
8T,VW_DH_TV_VF_yshaarj_nzoth_yogg_4049524072177135_Mis_IV_ME_DS,173669,111.18%,
8T,VW_DH_TV_VF_nzoth_yogg_cthun_3132928659086831_Mis_IV_ME,173665,111.18%,
8T,VW_DH_VW_VF_yshaarj_nzoth_cthun_3768322899631599_Mis_IV_ME_DS,173663,111.18%,
8T,VW_DH_VW_VF_nzoth_yogg_cthun_3132859939610095_Mis_AM_DR,173633,111.14%,
8T,VW_DH_VW_VF_yshaarj_nzoth_yogg_3977513577274863_IN_IV_ME_DS,173610,111.11%,
8T,VW_DH_TV_VF_yshaarj_nzoth_yogg_4049516555984367_IN_IV_DR,173597,111.10%,
8T,VW_DH_VW_VF_nzoth_yogg_cthun_3150244960591343_Mis_IV_ME,173572,111.07%,
8T,VW_DH_VW_VF_yshaarj_nzoth_cthun_3696313477946863_Mis_IV_DR_DS,173531,111.02%,
8T,VW_DH_TV_VF_nzoth_yogg_cthun_3132876045737455_Mis_AM_ME_DS,173528,111.01%,
8T,VW_DH_TV_VF_yshaarj_nzoth_yogg_4049522998443503_Mis_IV_ME_DS,173508,110.99%,
8T,VW_DH_TV_VF_yshaarj_nzoth_yogg_3977497537732079_IN_IV_DR,173499,110.98%,
8T,VW_DH_TV_VF_yshaarj_nzoth_yogg_3977498544365055_Mis_IV_ME,173492,110.97%,
8T,VW_DH_TV_VF_yshaarj_nzoth_yogg_3977497537732079_Mis_IV_DR,173481,110.95%,
8T,VW_DH_VW_VF_nzoth_yogg_cthun_3132926511603199_Mis_IV_ME,173475,110.95%,
8T,VW_DH_TV_VF_yshaarj_nzoth_yogg_3977498611473903_IN_IV_ME,173459,110.93%,
8T,VW_DH_TV_VF_yshaarj_nzoth_yogg_3977497471147503_IN_IV_DR,173458,110.93%,
8T,VW_DH_VW_VF_nzoth_yogg_cthun_3132926578712047_Mis_IV_ME,173451,110.92%,
8T,VW_DH_TV_VF_nzoth_yogg_cthun_3150259992976879_Mis_IV_ME_DS,173444,110.91%,
8T,VW_DH_VW_VF_nzoth_yogg_cthun_3150253483417071_Mis_IV_ME,173441,110.91%,
8T,VW_DH_TV_VF_nzoth_yogg_cthun_3150259925876207_Mis_IV_ME_DS,173435,110.90%,
8T,VW_DH_VW_VF_yshaarj_nzoth_yogg_3977497470623231_Mis_AM_ME,173430,110.89%,
8T,VW_DH_TV_VF_yshaarj_nzoth_yogg_3977788454657519_IN_IV_ME_DS,173428,110.89%,
8T,VW_DH_TV_VF_nzoth_yogg_cthun_3132927585353199_Mis_IV_ME,173400,110.86%,
8T,VW_DH_VW_VF_yshaarj_nzoth_yogg_3977772348530159_IN_IV_DR,173379,110.83%,
8T,VW_DH_TV_VF_nzoth_yogg_cthun_3150518697647599_Mis_IV_DR,173355,110.80%,
8T,VW_DH_TV_VF_yshaarj_nzoth_yogg_3977513643859439_IN_IV_ME_DS,173333,110.77%,
8T,VW_DH_TV_VF_nzoth_yogg_cthun_3150243820264943_Mis_IV_DR,173326,110.77%,
8T,VW_DH_TV_VF_yshaarj_nzoth_yogg_3977515724234223_IN_IV_ME_DS,173312,110.75%,
8T,VW_DH_VW_VF_yshaarj_nzoth_yogg_4049524072177135_IN_IV_ME_DS,173284,110.72%,
8T,VW_DH_TV_VF_nzoth_yogg_cthun_3150243819740671_Mis_IV_DR,173265,110.69%,
8T,VW_DH_VW_VF_yshaarj_nzoth_yogg_3979697567620591_Mis_AM_ME,173257,110.68%,
8T,VW_DH_TV_VF_yshaarj_nzoth_yogg_3977513643859439_Mis_IV_ME_DS,173234,110.65%,
8T,VW_DH_TV_VF_nzoth_yogg_cthun_3132926511611375_IN_IV_ME,173214,110.63%,
8T,VW_DH_TV_VF_nzoth_yogg_cthun_3132791220141551_IN_IV_ME,173195,110.61%,
8T,VW_DH_TV_VF_yshaarj_nzoth_yogg_3979696493878767_Mis_AM_ME,173187,110.60%,
8T,VW_DH_VW_VF_yshaarj_nzoth_yogg_3977497471147503_Mis_IV_DR,173177,110.59%,
8T,VW_DH_VW_VF_nzoth_yogg_cthun_3152458949123567_Mis_IV_ME_DS,173174,110.58%,
8T,VW_DH_VW_VF_yshaarj_nzoth_yogg_3977514650492399_IN_IV_DR_DS,173171,110.58%,
8T,VW_DH_VW_VF_yshaarj_nzoth_yogg_4049525145918959_Mis_IV_ME_DS,173159,110.56%,
8T,VW_DH_TV_VF_nzoth_yogg_cthun_3150252409675247_Mis_IV_DR,173153,110.56%,
8T,VW_DH_TV_VF_yshaarj_nzoth_yogg_3977773422271983_IN_IV_ME,173143,110.54%,
8T,VW_DH_TV_VF_nzoth_yogg_cthun_3150243819748847_IN_IV_ME,173126,110.52%,
8T,VW_DH_TV_VF_nzoth_yogg_cthun_3132936175279599_Mis_IV_ME,173114,110.51%,
8T,VW_DH_TV_VF_yshaarj_nzoth_yogg_4049522998443503_IN_IV_ME_DS,173113,110.51%,
8T,VW_DH_VW_VF_yshaarj_nzoth_yogg_4049516555984367_Mis_IV_DR,173105,110.50%,
8T,VW_DH_VW_VF_nzoth_yogg_cthun_3132858932977135_Mis_AM_ME,173103,110.50%,
8T,VW_DH_VW_VF_nzoth_yogg_cthun_3150243886849519_Mis_IV_DR,173088,110.48%,
8T,VW_DH_TV_VF_yshaarj_nzoth_yogg_4049523065544175_Mis_IV_ME_DS,173083,110.47%,
8T,VW_DH_TV_VF_nzoth_yogg_cthun_3150244894006767_Mis_IV_ME,173072,110.46%,
8T,VW_DH_TV_VF_yshaarj_nzoth_yogg_3977772348530159_Mis_IV_DR,173065,110.45%,
8T,VW_DH_VW_VF_nzoth_yogg_cthun_3132797662592495_IN_IV_ME,173053,110.43%,
8T,VW_DH_TV_VF_yshaarj_nzoth_cthun_3768322899631599_Mis_IV_ME_DS,173044,110.42%,
8T,VW_DH_TV_VF_nzoth_yogg_cthun_3150268515802607_Mis_IV_ME_DS,173036,110.41%,
8T,VW_DH_TV_VF_yshaarj_nzoth_yogg_3977513576750591_IN_IV_ME_DS,173035,110.41%,
8T,VW_DH_TV_VF_nzoth_yogg_cthun_3134997759581679_Mis_IV_ME,173028,110.40%,
8T,VW_DH_VW_VF_nzoth_yogg_cthun_3132797662592495_Mis_IV_ME,173002,110.37%,
8T,VW_DH_TV_VF_yshaarj_nzoth_yogg_3977788454657519_Mis_IV_ME_DS,172962,110.32%,
8T,VW_DH_TV_VF_nzoth_yogg_cthun_3205372946210287_Mis_IV_ME_DS,172959,110.32%,
8T,VW_DH_VW_VF_yshaarj_nzoth_yogg_3977513576750591_IN_IV_ME_DS,172954,110.31%,
8T,VW_DH_VW_VF_yshaarj_nzoth_yogg_4049516555984367_IN_AM_ME,172931,110.29%,
8T,VW_DH_TV_VF_yshaarj_nzoth_yogg_3977498544889327_Mis_IV_ME,172926,110.28%,
8T,VW_DH_TV_VF_yshaarj_nzoth_cthun_3696298445561327_IN_IV_DR,172926,110.28%,
8T,VW_DH_TV_VF_yshaarj_nzoth_yogg_3977515724234223_Mis_IV_ME_DS,172920,110.27%,
8T,VW_DH_TV_VF_yshaarj_nzoth_yogg_3977498544889327_IN_IV_ME,172909,110.26%,
8T,VW_DH_VW_VF_yshaarj_nzoth_yogg_4049522998443503_Mis_IV_ME_DS,172894,110.24%,
8T,VW_DH_TV_VF_nzoth_yogg_cthun_3132797729693167_Mis_IV_ME,172882,110.23%,
8T,VW_DH_TV_VF_yshaarj_nzoth_yogg_3977514650492399_IN_IV_DR_DS,172844,110.18%,
8T,VW_DH_VW_VF_yshaarj_nzoth_yogg_3977515724234223_IN_IV_ME_DS,172766,110.09%,
8T,VW_DH_TV_VF_nzoth_yogg_cthun_3132797662592495_IN_IV_ME,172764,110.08%,
8T,VW_DH_TV_VF_nzoth_yogg_cthun_3132926511611375_Mis_IV_DR,172754,110.07%,
8T,VW_DH_TV_VF_nzoth_yogg_cthun_3132858932977135_Mis_AM_DR,172710,110.02%,
8T,VW_DH_VW_VF_yshaarj_nzoth_yogg_3977514650492399_Mis_IV_DR_DS,172635,109.93%,
8T,VW_DH_TV_VF_nzoth_yogg_cthun_3133347418398191_Mis_IV_ME,172620,109.91%,
8T,VW_DH_TV_VF_yshaarj_nzoth_yogg_3979696493878767_IN_AM_ME,172573,109.85%,
8T,VW_DH_TV_VF_yshaarj_nzoth_yogg_4049531588369903_IN_IV_DR_DS,172542,109.81%,
8T,VW_DH_TV_VF_nzoth_yogg_cthun_3135004202040815_Mis_IV_ME_DS,172535,109.80%,
8T,VW_DH_TV_VF_yshaarj_nzoth_yogg_4049516555984367_Mis_IV_DR,172512,109.78%,
8T,VW_DH_VW_VF_yshaarj_nzoth_yogg_3977499618106863_IN_AM_ME,172508,109.77%,
8T,VW_DH_VW_VF_yshaarj_nzoth_yogg_3977773422271983_IN_IV_DR,172483,109.74%,
8T,VW_DH_VW_VF_nzoth_yogg_cthun_3132928659086831_Mis_IV_ME,172472,109.73%,
8T,VW_DH_TV_VF_yshaarj_nzoth_cthun_3696298445561327_Mis_IV_DR,172464,109.72%,
8T,VW_DH_VW_VF_nzoth_yogg_cthun_3132791220141551_Mis_IV_ME,172462,109.72%,
8T,VW_DH_TV_VF_nzoth_yogg_cthun_3132926512127471_Mis_IV_ME,172439,109.69%,
8T,VW_DH_TV_VF_nzoth_yogg_cthun_3150244893490671_Mis_IV_DR,172412,109.66%,
8T,VW_DH_VW_VF_nzoth_yogg_cthun_3132798736334319_IN_IV_ME,172401,109.64%,
8T,VW_DH_TV_VF_nzoth_yogg_cthun_3150245967224303_Mis_IV_DR,172389,109.63%,
8T,VW_DH_VW_VF_nzoth_yogg_cthun_3133347418398191_Mis_IV_ME,172362,109.59%,
8T,VW_DH_VW_VF_yshaarj_nzoth_cthun_3696297371819503_IN_AM_ME,172337,109.56%,
8T,VW_DH_TV_VF_nzoth_yogg_cthun_3150262073351663_Mis_IV_ME_DS,172337,109.56%,
8T,VW_DH_TV_VF_yshaarj_nzoth_yogg_3977498544373231_Mis_IV_DR,172337,109.56%,
8T,VW_DH_VW_VF_yshaarj_nzoth_yogg_3977499618106863_Mis_AM_ME,172333,109.56%,
8T,VW_DH_TV_VF_nzoth_yogg_cthun_3134996685839855_IN_IV_ME,172309,109.53%,
8T,VW_DH_TV_VF_yshaarj_nzoth_yogg_3977499618106863_Mis_IV_DR,172305,109.52%,
8T,VW_DH_VW_VF_yshaarj_nzoth_yogg_4049523065544175_Mis_IV_ME_DS,172286,109.50%,
8T,VW_DH_TV_VF_nzoth_yogg_cthun_3132858865876463_Mis_AM_DR,172270,109.48%,
8T,VW_DH_VW_VF_nzoth_yogg_cthun_3150268515802607_Mis_IV_ME_DS,172233,109.44%,
8T,VW_DH_TV_VF_yshaarj_nzoth_cthun_3696297371819503_IN_AM_ME,172224,109.43%,
8T,VW_DH_VW_VF_nzoth_yogg_cthun_3132926511611375_IN_IV_ME,172218,109.42%,
8T,VW_DH_TV_VF_nzoth_yogg_cthun_3132799810067951_Mis_IV_ME,172216,109.42%,
8T,VW_DH_TV_VF_nzoth_yogg_cthun_3132791287242223_Mis_IV_ME,172214,109.41%,
8T,VW_DH_TV_VF_nzoth_yogg_cthun_3132798736334319_Mis_IV_ME,172190,109.39%,
8T,VW_DH_VW_VF_yshaarj_nzoth_yogg_4049660437388783_IN_IV_ME_DS,172182,109.38%,
8T,VW_DH_TV_VF_nzoth_yogg_cthun_3132943691472367_Mis_IV_ME_DS,172149,109.33%,
8T,VW_DH_VW_VF_nzoth_yogg_cthun_3150519771389423_Mis_IV_ME,172131,109.31%,
8T,VW_DH_TV_VF_nzoth_yogg_cthun_3150244893490671_IN_IV_ME,172126,109.31%,
8T,VW_DH_TV_VF_nzoth_yogg_cthun_3132797662584319_Mis_IV_ME,172078,109.25%,
8T,VW_DH_VW_VF_yshaarj_nzoth_yogg_3977651015704047_Mis_IV_DR_DS,172056,109.22%,
8T,VW_DH_VW_VF_nzoth_yogg_cthun_3132791220141551_IN_IV_ME,172053,109.22%,
8T,VW_DH_VW_VF_yshaarj_nzoth_yogg_3977514650492399_Mis_AM_ME_DS,172032,109.19%,
8T,VW_DH_TV_VF_yshaarj_nzoth_yogg_3977635983318511_IN_IV_DR,172031,109.19%,
8T,VW_DH_TV_VF_yshaarj_nzoth_yogg_3977634909576687_Mis_AM_ME,172022,109.18%,
8T,VW_DH_VW_VF_yshaarj_nzoth_yogg_3977498611473903_Mis_IV_DR,172014,109.17%,
8T,VW_DH_VW_VF_nzoth_yogg_cthun_3134996685839855_IN_IV_ME,171973,109.12%,
8T,VW_DH_TV_VF_nzoth_yogg_cthun_3135012791967215_Mis_IV_ME_DS,171962,109.11%,
8T,VW_DH_TV_VF_nzoth_yogg_cthun_3132927585869295_Mis_IV_ME,171957,109.10%,
8T,VW_DH_TV_VF_nzoth_yogg_cthun_3150244893482495_Mis_IV_ME,171920,109.06%,
8T,VW_DH_VW_VF_yshaarj_nzoth_cthun_3696298445561327_Mis_AM_ME,171863,108.99%,
8T,VW_DH_VW_VF_yshaarj_nzoth_yogg_3977497537732079_Mis_AM_ME,171863,108.99%,
8T,VW_DH_VW_VF_nzoth_yogg_cthun_3150259925876207_Mis_IV_ME_DS,171856,108.98%,
8T,VW_DH_TV_VF_yshaarj_nzoth_yogg_3979712600006127_IN_IV_DR_DS,171855,108.98%,
8T,VW_DH_VW_VF_nzoth_yogg_cthun_3132876045737455_Mis_AM_ME_DS,171847,108.97%,
8T,VW_DH_TV_VF_nzoth_yogg_cthun_3150260999609839_Mis_IV_DR_DS,171844,108.96%,
8T,VW_DH_TV_VF_yshaarj_nzoth_yogg_3977513576758767_IN_IV_DR_DS,171839,108.96%,
8T,VW_DH_VW_VF_yshaarj_nzoth_yogg_3977513576758767_Mis_IV_DR_DS,171827,108.94%,
8T,VW_DH_VW_VF_yshaarj_nzoth_cthun_3696298445561327_IN_AM_ME,171812,108.93%,
8T,VW_DH_VW_VF_yshaarj_nzoth_yogg_3979697567620591_IN_AM_ME,171804,108.92%,
8T,VW_DH_TV_VF_nzoth_yogg_cthun_3132797663108591_Mis_IV_ME,171762,108.86%,
8T,VW_DH_TV_VF_nzoth_yogg_cthun_3152458949123567_Mis_IV_DR_DS,171675,108.76%,
8T,VW_DH_VW_VF_nzoth_yogg_cthun_3135005275774447_Mis_IV_ME_DS,171665,108.75%,
8T,VW_DH_VW_VF_nzoth_yogg_cthun_3150259992976879_Mis_IV_ME_DS,171659,108.74%,
8T,VW_DH_VW_VF_nzoth_yogg_cthun_3150243819740671_Mis_IV_DR,171656,108.74%,
8T,VW_DH_VW_VF_yshaarj_nzoth_yogg_4049516555984367_Mis_AM_ME,171655,108.73%,
8T,VW_DH_VW_VF_nzoth_yogg_cthun_3132926512127471_Mis_IV_ME,171653,108.73%,
8T,VW_DH_VW_VF_nzoth_yogg_cthun_3150252409675247_Mis_IV_DR,171651,108.73%,
8T,VW_DH_TV_VF_nzoth_yogg_cthun_3132791220133375_Mis_IV_ME,171650,108.73%,
8T,VW_DH_TV_VF_yshaarj_nzoth_yogg_4049525145918959_Mis_IV_ME_DS,171623,108.70%,
8T,VW_DH_TV_VF_yshaarj_nzoth_cthun_3696313477946863_Mis_IV_DR_DS,171621,108.69%,
8T,VW_DH_VW_VF_nzoth_yogg_cthun_3132799810067951_Mis_IV_ME,171567,108.63%,
8T,VW_DH_VW_VF_yshaarj_nzoth_yogg_3977773422271983_Mis_IV_DR,171559,108.62%,
8T,VW_DH_TV_VF_nzoth_yogg_cthun_3132797662592495_Mis_IV_DR,171527,108.58%,
8T,VW_DH_VW_VF_nzoth_yogg_cthun_3132858865876463_Mis_AM_DR,171527,108.58%,
8T,VW_DH_VW_VF_yshaarj_nzoth_cthun_3696313477946863_Mis_AM_ME_DS,171523,108.57%,
8T,VW_DH_TV_VF_nzoth_yogg_cthun_3132867455802863_Mis_AM_DR,171480,108.52%,
8T,VW_DH_VW_VF_nzoth_yogg_cthun_3132927585353199_Mis_IV_ME,171440,108.47%,
8T,VW_DH_TV_VF_yshaarj_nzoth_yogg_3977635983318511_Mis_IV_DR,171405,108.43%,
8T,VW_DH_TV_VF_nzoth_yogg_cthun_3132808400002543_Mis_IV_ME_DS,171393,108.42%,
8T,VW_DH_TV_VF_nzoth_yogg_cthun_3132791220657647_Mis_IV_ME,171355,108.37%,
8T,VW_DH_TV_VF_nzoth_yogg_cthun_3132806252527087_Mis_IV_ME_DS,171354,108.37%,
8T,VW_DH_TV_VF_yshaarj_nzoth_yogg_3979697567620591_Mis_AM_ME,171340,108.35%,
8T,VW_DH_VW_VF_yshaarj_nzoth_yogg_3977635983318511_IN_IV_DR,171331,108.34%,
8T,VW_DH_TV_VF_nzoth_yogg_cthun_3150259925868031_Mis_IV_ME_DS,171322,108.33%,
8T,VW_DH_VW_VF_nzoth_yogg_cthun_3132936175279599_Mis_IV_ME,171310,108.31%,
8T,VW_DH_TV_VF_yshaarj_nzoth_yogg_4049522998959599_Mis_IV_ME_DS,171308,108.31%,
8T,VW_DH_TV_VF_yshaarj_nzoth_yogg_3977513577274863_Mis_IV_ME_DS,171297,108.30%,
8T,VW_DH_VW_VF_nzoth_yogg_cthun_3150244893490671_Mis_IV_DR,171292,108.29%,
8T,VW_DH_TV_VF_nzoth_yogg_cthun_3150252409675247_IN_IV_ME,171290,108.29%,
8T,VW_DH_TV_VF_nzoth_yogg_cthun_3132927652453871_Mis_IV_ME,171286,108.29%,
8T,VW_DH_TV_VF_nzoth_yogg_cthun_3135004202040815_IN_IV_ME_DS,171280,108.28%,
8T,VW_DH_TV_VF_yshaarj_nzoth_yogg_3979697567620591_Mis_IV_DR,171277,108.27%,
8T,VW_DH_TV_VF_nzoth_yogg_cthun_3132942617738735_Mis_IV_ME_DS,171250,108.24%,
8T,VW_DH_VW_VF_nzoth_yogg_cthun_3150262073351663_Mis_IV_ME_DS,171249,108.24%,
8T,VW_DH_TV_VF_nzoth_yogg_cthun_3132798736334319_IN_IV_ME,171249,108.24%,
8T,VW_DH_TV_VF_nzoth_yogg_cthun_3132927585345023_Mis_IV_ME,171249,108.24%,
8T,VW_DH_VW_VF_nzoth_yogg_cthun_3150244894006767_Mis_IV_ME,171244,108.23%,
8T,VW_DH_VW_VF_nzoth_yogg_cthun_3132858866392559_Mis_AM_DR,171227,108.21%,
8T,VW_DH_VW_VF_yshaarj_nzoth_yogg_3977497470631407_Mis_AM_ME,171205,108.19%,
8T,VW_DH_VW_VF_nzoth_yogg_cthun_3132926511611375_Mis_IV_DR,171197,108.18%,
8T,VW_DH_TV_VF_nzoth_yogg_cthun_3132806252527087_IN_IV_ME_DS,171194,108.17%,
8T,VW_DH_TV_VF_nzoth_yogg_cthun_3150244960591343_Mis_IV_DR,171189,108.17%,
8T,VW_DH_TV_VF_yshaarj_nzoth_cthun_3696313477946863_IN_IV_DR_DS,171185,108.16%,
8T,VW_DH_VW_VF_nzoth_yogg_cthun_3150244893482495_Mis_IV_ME,171181,108.16%,
8T,VW_DH_TV_VF_nzoth_yogg_cthun_3132858865868287_Mis_AM_DR,171166,108.14%,
8T,VW_DH_TV_VF_yshaarj_nzoth_cthun_3768322899631599_IN_IV_ME_DS,171156,108.13%,
8T,VW_DH_VW_VF_nzoth_yogg_cthun_3132791220133375_Mis_IV_ME,171137,108.10%,
8T,VW_DH_VW_VF_nzoth_yogg_cthun_3134997759581679_Mis_IV_ME,171133,108.10%,
8T,VW_DH_TV_VF_nzoth_yogg_cthun_3132814842453487_Mis_IV_ME_DS,171128,108.09%,
8T,VW_DH_TV_VF_yshaarj_nzoth_yogg_4049797876342255_Mis_IV_ME_DS,171122,108.09%,
8T,VW_DH_VW_VF_nzoth_yogg_cthun_3132858865868287_Mis_AM_ME,171078,108.03%,
8T,VW_DH_VW_VF_nzoth_yogg_cthun_3132927652453871_Mis_IV_ME,171061,108.01%,
8T,VW_DH_TV_VF_nzoth_yogg_cthun_3150534803774959_Mis_IV_ME_DS,171054,108.00%,
8T,VW_DH_TV_VF_yshaarj_nzoth_yogg_3977514650492399_Mis_IV_DR_DS,171027,107.97%,
8T,VW_DH_TV_VF_nzoth_yogg_cthun_3132806319627759_Mis_IV_ME_DS,171024,107.97%,
8T,VW_DH_VW_VF_yshaarj_nzoth_yogg_3977651015704047_Mis_AM_ME_DS,171010,107.95%,
8T,VW_DH_TV_VF_yshaarj_nzoth_yogg_4049660437388783_Mis_IV_DR_DS,171003,107.94%,
8T,VW_DH_VW_VF_nzoth_yogg_cthun_3132858932977135_Mis_AM_DR,170978,107.91%,
8T,VW_DH_VW_VF_yshaarj_nzoth_cthun_3696313477946863_IN_IV_DR_DS,170977,107.91%,
8T,VW_DH_TV_VF_yshaarj_nzoth_yogg_4049531588369903_Mis_IV_DR_DS,170973,107.91%,
8T,VW_DH_VW_VF_nzoth_yogg_cthun_3132797662584319_Mis_IV_ME,170967,107.90%,
8T,VW_DH_VW_VF_yshaarj_nzoth_yogg_3977513643859439_Mis_IV_DR_DS,170963,107.89%,
8T,VW_DH_TV_VF_yshaarj_nzoth_yogg_3977497470623231_Mis_AM_ME,170960,107.89%,
8T,VW_DH_TV_VF_nzoth_yogg_cthun_3132927585353199_IN_IV_ME,170956,107.88%,
8T,VW_DH_VW_VF_yshaarj_nzoth_yogg_3977634909576687_IN_AM_ME,170952,107.88%,
8T,VW_DH_TV_VF_nzoth_yogg_cthun_3132927585353199_Mis_IV_DR,170949,107.88%,
8T,VW_DH_TV_VF_nzoth_yogg_cthun_3132926578712047_Mis_IV_DR,170946,107.87%,
8T,VW_DH_VW_VF_yshaarj_nzoth_yogg_4049797876342255_IN_IV_ME_DS,170923,107.84%,
8T,VW_DH_VW_VF_nzoth_yogg_cthun_3150518697647599_Mis_IV_DR,170912,107.83%,
8T,VW_DH_TV_VF_nzoth_yogg_cthun_3150518697647599_IN_IV_ME,170891,107.81%,
8T,VW_DH_VW_VF_yshaarj_nzoth_yogg_4049531588369903_IN_AM_ME_DS,170871,107.78%,
8T,VW_DH_TV_VF_yshaarj_nzoth_yogg_3977498611473903_IN_IV_DR,170863,107.77%,
8T,VW_DH_TV_VF_yshaarj_nzoth_yogg_3977651015704047_IN_IV_DR_DS,170840,107.74%,
8T,VW_DH_VW_VF_nzoth_yogg_cthun_3150245967224303_Mis_IV_DR,170830,107.73%,
8T,VW_DH_VW_VF_yshaarj_nzoth_yogg_3977515724234223_IN_IV_DR_DS,170828,107.73%,
8T,VW_DH_VW_VF_nzoth_yogg_cthun_3132943691472367_Mis_IV_ME_DS,170791,107.68%,
8T,VW_DH_TV_VF_yshaarj_nzoth_yogg_4049516555984367_IN_AM_ME,170788,107.68%,
8T,VW_DH_VW_VF_nzoth_yogg_cthun_3205372946210287_Mis_IV_ME_DS,170775,107.66%,
8T,VW_DH_VW_VF_yshaarj_nzoth_yogg_3977498611473903_IN_IV_DR,170773,107.66%,
8T,VW_DH_VW_VF_yshaarj_nzoth_yogg_4049523065544175_IN_IV_ME_DS,170757,107.64%,
8T,VW_DH_TV_VF_yshaarj_nzoth_yogg_4049522998443503_Mis_IV_DR_DS,170757,107.64%,
8T,VW_DH_TV_VF_yshaarj_nzoth_yogg_3977498544889327_IN_IV_DR,170735,107.62%,
8T,VW_DH_VW_VF_yshaarj_nzoth_yogg_4049797876342255_Mis_IV_ME_DS,170734,107.61%,
8T,VW_DH_TV_VF_yshaarj_nzoth_yogg_3977497537732079_Mis_AM_ME,170729,107.61%,
8T,VW_DH_VW_VF_yshaarj_nzoth_yogg_3977498544365055_IN_IV_DR,170718,107.60%,
8T,VW_DH_TV_VF_yshaarj_nzoth_yogg_3979712600006127_Mis_IV_DR_DS,170713,107.59%,
8T,VW_DH_TV_VF_nzoth_yogg_cthun_3132876045737455_Mis_AM_DR_DS,170712,107.59%,
8T,VW_DH_TV_VF_nzoth_yogg_cthun_3205372946210287_IN_IV_ME_DS,170702,107.58%,
8T,VW_DH_TV_VF_yshaarj_nzoth_yogg_4049531588369903_Mis_AM_ME_DS,170692,107.56%,
8T,VW_DH_VW_VF_yshaarj_nzoth_yogg_3977515724234223_Mis_IV_DR_DS,170677,107.55%,
8T,VW_DH_VW_VF_nzoth_yogg_cthun_3150245967224303_IN_IV_ME,170676,107.54%,
8T,VW_DH_VW_VF_yshaarj_nzoth_yogg_4049524072177135_Mis_IV_DR_DS,170653,107.52%,
8T,VW_DH_TV_VF_nzoth_yogg_cthun_3132935101537775_Mis_IV_DR,170621,107.48%,
8T,VW_DH_VW_VF_nzoth_yogg_cthun_3205372946210287_IN_IV_ME_DS,170574,107.42%,
8T,VW_DH_VW_VF_yshaarj_nzoth_yogg_3977772348530159_Mis_AM_ME,170562,107.41%,
8T,VW_DH_TV_VF_nzoth_yogg_cthun_3150259926392303_Mis_IV_ME_DS,170540,107.38%,
8T,VW_DH_TV_VF_yshaarj_nzoth_cthun_3696313477946863_Mis_AM_ME_DS,170539,107.38%,
8T,VW_DH_TV_VF_nzoth_yogg_cthun_3133348492140015_Mis_IV_ME,170531,107.37%,
8T,VW_DH_VW_VF_yshaarj_nzoth_yogg_3977497470623231_IN_AM_ME,170526,107.36%,
8T,VW_DH_VW_VF_nzoth_yogg_cthun_3135004202040815_Mis_IV_ME_DS,170507,107.34%,
8T,VW_DH_TV_VF_nzoth_yogg_cthun_3132935101537775_IN_IV_ME,170505,107.34%,
8T,VW_DH_TV_VF_yshaarj_nzoth_yogg_3977513576758767_Mis_IV_DR_DS,170496,107.32%,
8T,VW_DH_VW_VF_yshaarj_nzoth_yogg_3977498544889327_Mis_IV_DR,170487,107.31%,
8T,VW_DH_VW_VF_nzoth_yogg_cthun_3132791287242223_Mis_IV_ME,170481,107.31%,
8T,VW_DH_TV_VF_nzoth_yogg_cthun_3132942684839407_Mis_IV_ME_DS,170466,107.29%,
8T,VW_DH_VW_VF_nzoth_yogg_cthun_3132797729693167_Mis_IV_ME,170454,107.27%,
8T,VW_DH_TV_VF_yshaarj_nzoth_yogg_4049524072177135_IN_IV_ME_DS,170445,107.26%,
8T,VW_DH_VW_VF_yshaarj_nzoth_yogg_4049522998959599_Mis_IV_ME_DS,170435,107.25%,
8T,VW_DH_VW_VF_yshaarj_nzoth_yogg_3977497470631407_IN_AM_ME,170431,107.25%,
8T,VW_DH_TV_VF_yshaarj_nzoth_yogg_4049524072177135_Mis_IV_DR_DS,170419,107.23%,
8T,VW_DH_TV_VF_yshaarj_nzoth_yogg_4049522998435327_Mis_IV_ME_DS,170394,107.20%,
8T,VW_DH_TV_VF_nzoth_yogg_cthun_3150252409675247_Mis_AM_ME,170382,107.19%,
8T,VW_DH_VW_VF_yshaarj_nzoth_yogg_4049531588369903_Mis_IV_DR_DS,170382,107.19%,
8T,VW_DH_TV_VF_nzoth_yogg_cthun_3135004269141487_Mis_IV_ME_DS,170366,107.17%,
8T,VW_DH_TV_VF_yshaarj_nzoth_yogg_3977498611473903_Mis_IV_DR,170363,107.16%,
8T,VW_DH_TV_VF_yshaarj_nzoth_yogg_3977634909576687_IN_AM_ME,170357,107.16%,
8T,VW_DH_TV_VF_nzoth_yogg_cthun_3132951207665135_Mis_IV_ME_DS,170356,107.16%,
8T,VW_DH_VW_VF_yshaarj_nzoth_yogg_3979712600006127_Mis_AM_ME_DS,170309,107.10%,
8T,VW_DH_TV_VF_yshaarj_nzoth_yogg_3977497470631407_Mis_AM_ME,170298,107.08%,
8T,VW_DH_VW_VF_yshaarj_nzoth_yogg_3977788454657519_Mis_IV_DR_DS,170296,107.08%,
8T,VW_DH_TV_VF_yshaarj_nzoth_yogg_4049516555984367_Mis_AM_ME,170285,107.07%,
8T,VW_DH_VW_VF_nzoth_yogg_cthun_3133348492140015_Mis_IV_ME,170269,107.05%,
8T,VW_DH_VW_VF_nzoth_yogg_cthun_3132926578712047_Mis_IV_DR,170261,107.04%,
8T,VW_DH_TV_VF_nzoth_yogg_cthun_3132791220141551_Mis_IV_DR,170255,107.03%,
8T,VW_DH_TV_VF_nzoth_yogg_cthun_3134996685839855_Mis_IV_DR,170251,107.03%,
8T,VW_DH_VW_VF_yshaarj_nzoth_yogg_4049525145918959_IN_IV_ME_DS,170249,107.02%,
8T,VW_DH_VW_VF_nzoth_yogg_cthun_3133347418398191_IN_IV_ME,170239,107.01%,
8T,VW_DH_VW_VF_yshaarj_nzoth_yogg_3977635983318511_Mis_AM_ME,170238,107.01%,
8T,VW_DH_TV_VF_yshaarj_nzoth_yogg_3977788454657519_IN_IV_DR_DS,170235,107.01%,
8T,VW_DH_TV_VF_nzoth_yogg_cthun_3132926511603199_Mis_IV_DR,170233,107.01%,
8T,VW_DH_VW_VF_yshaarj_nzoth_yogg_3977498544889327_IN_IV_DR,170231,107.00%,
8T,VW_DH_VW_VF_nzoth_yogg_cthun_3135004202040815_IN_IV_ME_DS,170224,106.99%,
8T,VW_DH_VW_VF_nzoth_yogg_cthun_3132798803434991_Mis_IV_ME,170210,106.98%,
8T,VW_DH_TV_VF_nzoth_yogg_cthun_3132813768719855_Mis_IV_ME_DS,170208,106.97%,
8T,VW_DH_VW_VF_yshaarj_nzoth_yogg_4049531588369903_Mis_AM_ME_DS,170204,106.97%,
8T,VW_DH_TV_VF_yshaarj_nzoth_yogg_3977497471147503_Mis_IV_DR,170187,106.95%,
8T,VW_DH_VW_VF_yshaarj_nzoth_yogg_4049522998435327_Mis_IV_ME_DS,170182,106.94%,
8T,VW_DH_TV_VF_yshaarj_nzoth_yogg_3977498544365055_Mis_IV_DR,170171,106.93%,
8T,VW_DH_VW_VF_nzoth_yogg_cthun_3150518697647599_IN_IV_ME,170096,106.84%,
8T,VW_DH_TV_VF_nzoth_yogg_cthun_3150259992976879_Mis_IV_DR_DS,170052,106.78%,
8T,VW_DH_TV_VF_nzoth_yogg_cthun_3150243886849519_IN_IV_ME,170045,106.78%,
8T,VW_DH_VW_VF_nzoth_yogg_cthun_3132798736334319_Mis_IV_ME,170031,106.76%,
8T,VW_DH_VW_VF_nzoth_yogg_cthun_3132797663108591_Mis_IV_ME,170012,106.74%,
8T,VW_DH_TV_VF_nzoth_yogg_cthun_3135006349516271_Mis_IV_ME_DS,169998,106.72%,
8T,VW_DH_VW_VF_yshaarj_nzoth_yogg_3977497471147503_Mis_AM_ME,169967,106.68%,
8T,VW_DH_TV_VF_yshaarj_nzoth_yogg_3977772348530159_IN_AM_ME,169906,106.61%,
8T,VW_DH_TV_VF_yshaarj_nzoth_yogg_3977772348530159_Mis_AM_ME,169905,106.61%,
8T,VW_DH_VW_VF_nzoth_yogg_cthun_3150244893490671_IN_IV_ME,169903,106.60%,
8T,VW_DH_VW_VF_yshaarj_nzoth_yogg_4049515482242543_Mis_AM_DR,169896,106.60%,
8T,VW_DH_VW_VF_yshaarj_nzoth_yogg_4049524072177135_IN_IV_DR_DS,169896,106.59%,
8T,VW_DH_VW_VF_nzoth_yogg_cthun_3150243820264943_Mis_IV_DR,169877,106.57%,
8T,VW_DH_TV_VF_yshaarj_nzoth_cthun_3696298445561327_Mis_AM_ME,169839,106.53%,
8T,VW_DH_TV_VF_nzoth_yogg_cthun_3132813768719855_IN_IV_ME_DS,169834,106.52%,
8T,VW_DH_TV_VF_nzoth_yogg_cthun_3132926512127471_Mis_IV_DR,169800,106.48%,
8T,VW_DH_VW_VF_yshaarj_nzoth_yogg_4049660437388783_Mis_IV_DR_DS,169775,106.45%,
8T,VW_DH_TV_VF_nzoth_yogg_cthun_3152458949123567_IN_IV_ME_DS,169740,106.41%,
8T,VW_DH_VW_VF_nzoth_yogg_cthun_3150252409675247_IN_IV_ME,169740,106.41%,
8T,VW_DH_TV_VF_yshaarj_nzoth_yogg_3977497471147503_Mis_AM_ME,169736,106.40%,
8T,VW_DH_TV_VF_yshaarj_nzoth_cthun_3768322899631599_Mis_IV_DR_DS,169733,106.40%,
8T,VW_DH_TV_VF_nzoth_yogg_cthun_3135005275774447_Mis_IV_DR_DS,169723,106.39%,
8T,VW_DH_VW_VF_yshaarj_nzoth_yogg_3977788454657519_IN_IV_DR_DS,169721,106.38%,
8T,VW_DH_VW_VF_nzoth_yogg_cthun_3135012791967215_Mis_IV_ME_DS,169715,106.37%,
8T,VW_DH_VW_VF_nzoth_yogg_cthun_3132806252527087_Mis_IV_ME_DS,169711,106.37%,
8T,VW_DH_VW_VF_nzoth_yogg_cthun_3132942617738735_Mis_IV_ME_DS,169705,106.36%,
8T,VW_DH_TV_VF_nzoth_yogg_cthun_3133347418398191_IN_IV_ME,169696,106.35%,
8T,VW_DH_TV_VF_nzoth_yogg_cthun_3150245967224303_IN_IV_ME,169677,106.33%,
8T,VW_DH_TV_VF_yshaarj_nzoth_yogg_4049660437388783_IN_IV_ME_DS,169673,106.32%,
8T,VW_DH_TV_VF_nzoth_yogg_cthun_3132798803434991_Mis_IV_ME,169665,106.31%,
8T,VW_DH_VW_VF_yshaarj_nzoth_yogg_3977513576750591_Mis_IV_DR_DS,169659,106.31%,
8T,VW_DH_VW_VF_nzoth_yogg_cthun_3135005275774447_IN_IV_ME_DS,169652,106.30%,
8T,VW_DH_TV_VF_yshaarj_nzoth_yogg_3977773422271983_IN_IV_DR,169645,106.29%,
8T,VW_DH_TV_VF_yshaarj_nzoth_yogg_3977499618106863_Mis_AM_ME,169612,106.25%,
8T,VW_DH_TV_VF_yshaarj_nzoth_yogg_3977515724234223_IN_IV_DR_DS,169609,106.25%,
8T,VW_DH_TV_VF_nzoth_yogg_cthun_3132944765214191_Mis_IV_ME_DS,169607,106.24%,
8T,VW_DH_TV_VF_yshaarj_nzoth_yogg_3977497537732079_IN_AM_ME,169606,106.24%,
8T,VW_DH_VW_VF_yshaarj_nzoth_yogg_3977513643859439_IN_IV_DR_DS,169604,106.24%,
8T,VW_DH_TV_VF_nzoth_yogg_cthun_3132942617738735_IN_IV_ME_DS,169600,106.24%,
8T,VW_DH_VW_VF_nzoth_yogg_cthun_3150243886849519_IN_IV_ME,169572,106.20%,
8T,VW_DH_TV_VF_nzoth_yogg_cthun_3150253483417071_Mis_IV_DR,169571,106.20%,
8T,VW_DH_VW_VF_yshaarj_nzoth_yogg_3977498544365055_Mis_IV_DR,169566,106.19%,
8T,VW_DH_VW_VF_yshaarj_nzoth_yogg_3977497537732079_IN_AM_ME,169557,106.18%,
8T,VW_DH_VW_VF_nzoth_yogg_cthun_3132927585869295_Mis_IV_ME,169546,106.17%,
8T,VW_DH_VW_VF_yshaarj_nzoth_yogg_4049522998443503_Mis_IV_DR_DS,169543,106.17%,
8T,VW_DH_VW_VF_nzoth_yogg_cthun_3132797662592495_Mis_IV_DR,169537,106.16%,
8T,VW_DH_VW_VF_yshaarj_nzoth_yogg_3979696493878767_Mis_AM_DR,169537,106.16%,
8T,VW_DH_VW_VF_nzoth_yogg_cthun_3132806319627759_Mis_IV_ME_DS,169523,106.14%,
8T,VW_DH_TV_VF_yshaarj_nzoth_yogg_3977498544365055_IN_IV_DR,169519,106.14%,
8T,VW_DH_VW_VF_nzoth_yogg_cthun_3132808400002543_Mis_IV_ME_DS,169495,106.11%,
8T,VW_DH_TV_VF_nzoth_yogg_cthun_3150259925876207_Mis_IV_DR_DS,169494,106.11%,
8T,VW_DH_TV_VF_nzoth_yogg_cthun_3132798736326143_Mis_IV_ME,169477,106.09%,
8T,VW_DH_TV_VF_yshaarj_nzoth_yogg_3977514650492399_Mis_AM_ME_DS,169460,106.06%,
8T,VW_DH_TV_VF_nzoth_yogg_cthun_3132815916195311_Mis_IV_ME_DS,169440,106.04%,
8T,VW_DH_VW_VF_yshaarj_nzoth_yogg_3977772348530159_IN_AM_ME,169433,106.03%,
8T,VW_DH_VW_VF_nzoth_yogg_cthun_3132867455802863_Mis_AM_DR,169413,106.01%,
8T,VW_DH_TV_VF_nzoth_yogg_cthun_3132799810067951_IN_IV_ME,169412,106.01%,
8T,VW_DH_VW_VF_yshaarj_nzoth_yogg_3977498544373231_Mis_AM_ME,169402,105.99%,
8T,VW_DH_TV_VF_nzoth_yogg_cthun_3132926511603199_IN_IV_ME,169380,105.97%,
8T,VW_DH_TV_VF_yshaarj_nzoth_yogg_3977635983318511_Mis_AM_ME,169364,105.95%,
8T,VW_DH_TV_VF_yshaarj_nzoth_yogg_3977499618106863_IN_AM_ME,169356,105.94%,
8T,VW_DH_VW_VF_yshaarj_nzoth_yogg_3979712600006127_IN_AM_ME_DS,169331,105.91%,
8T,VW_DH_VW_VF_nzoth_yogg_cthun_3132858865868287_Mis_AM_DR,169322,105.90%,
8T,VW_DH_TV_VF_nzoth_yogg_cthun_3134996685839855_IN_IV_DR,169297,105.87%,
8T,VW_DH_VW_VF_yshaarj_nzoth_yogg_3977498611473903_Mis_AM_ME,169275,105.84%,
8T,VW_DH_TV_VF_nzoth_yogg_cthun_3132928659086831_Mis_IV_DR,169215,105.77%,
8T,VW_DH_TV_VF_yshaarj_nzoth_yogg_3979697567620591_IN_AM_ME,169204,105.75%,
8T,VW_DH_TV_VF_nzoth_yogg_cthun_3132791287242223_Mis_IV_DR,169203,105.75%,
8T,VW_DH_TV_VF_yshaarj_nzoth_yogg_4049531588369903_IN_AM_ME_DS,169182,105.73%,
8T,VW_DH_VW_VF_nzoth_yogg_cthun_3132926511603199_Mis_IV_DR,169179,105.72%,
8T,VW_DH_VW_VF_nzoth_yogg_cthun_3134997759581679_IN_IV_ME,169171,105.71%,
8T,VW_DH_VW_VF_nzoth_yogg_cthun_3132791220657647_Mis_IV_ME,169168,105.71%,
8T,VW_DH_VW_VF_yshaarj_nzoth_yogg_3977497471147503_IN_AM_ME,169158,105.70%,
8T,VW_DH_VW_VF_yshaarj_nzoth_yogg_3977513576750591_IN_IV_DR_DS,169155,105.69%,
8T,VW_DH_TV_VF_yshaarj_nzoth_yogg_3977497470623231_IN_AM_ME,169109,105.64%,
8T,VW_DH_TV_VF_yshaarj_nzoth_yogg_3979712600006127_Mis_AM_ME_DS,169104,105.63%,
8T,VW_DH_TV_VF_yshaarj_nzoth_yogg_3977513643859439_IN_IV_DR_DS,169082,105.61%,
8T,VW_DH_VW_VF_yshaarj_nzoth_yogg_3977773422271983_Mis_AM_ME,169073,105.59%,
8T,VW_DH_TV_VF_nzoth_yogg_cthun_3150243886849519_Mis_AM_ME,169037,105.55%,
8T,VW_DH_VW_VF_nzoth_yogg_cthun_3150259925876207_Mis_IV_DR_DS,169036,105.55%,
8T,VW_DH_TV_VF_nzoth_yogg_cthun_3150243819740671_IN_IV_ME,169007,105.51%,
8T,VW_DH_VW_VF_nzoth_yogg_cthun_3150243819740671_IN_IV_ME,168998,105.50%,
8T,VW_DH_VW_VF_nzoth_yogg_cthun_3150534803774959_Mis_IV_ME_DS,168998,105.50%,
8T,VW_DH_TV_VF_nzoth_yogg_cthun_3132797729693167_IN_IV_ME,168997,105.50%,
8T,VW_DH_TV_VF_nzoth_yogg_cthun_3132798736334319_Mis_IV_DR,168995,105.50%,
8T,VW_DH_VW_VF_yshaarj_nzoth_cthun_3768322899631599_IN_IV_DR_DS,168995,105.50%,
8T,VW_DH_TV_VF_nzoth_yogg_cthun_3150244893482495_Mis_IV_DR,168983,105.48%,
8T,VW_DH_VW_VF_nzoth_yogg_cthun_3134996685839855_Mis_IV_DR,168961,105.46%,
8T,VW_DH_TV_VF_nzoth_yogg_cthun_3132806252527087_Mis_IV_DR_DS,168959,105.46%,
8T,VW_DH_TV_VF_yshaarj_nzoth_yogg_3977497470631407_IN_AM_ME,168945,105.44%,
8T,VW_DH_VW_VF_nzoth_yogg_cthun_3132791220141551_Mis_IV_DR,168931,105.42%,
8T,VW_DH_VW_VF_nzoth_yogg_cthun_3150259925876207_IN_IV_ME_DS,168920,105.41%,
8T,VW_DH_VW_VF_nzoth_yogg_cthun_3132926512127471_IN_IV_ME,168912,105.40%,
8T,VW_DH_TV_VF_nzoth_yogg_cthun_3132943691472367_Mis_IV_DR_DS,168911,105.40%,
8T,VW_DH_TV_VF_nzoth_yogg_cthun_3134997759581679_IN_IV_ME,168899,105.38%,
8T,VW_DH_TV_VF_nzoth_yogg_cthun_3135005275774447_IN_IV_ME_DS,168898,105.38%,
8T,VW_DH_VW_VF_yshaarj_nzoth_yogg_3977651015704047_IN_IV_DR_DS,168894,105.38%,
8T,VW_DH_VW_VF_yshaarj_nzoth_yogg_4049522998959599_IN_IV_ME_DS,168880,105.36%,
8T,VW_DH_TV_VF_nzoth_yogg_cthun_3132807326268911_Mis_IV_ME_DS,168876,105.35%,
8T,VW_DH_TV_VF_nzoth_yogg_cthun_3150534803774959_Mis_IV_DR_DS,168812,105.28%,
8T,VW_DH_VW_VF_nzoth_yogg_cthun_3132813768719855_Mis_IV_ME_DS,168808,105.27%,
8T,VW_DH_TV_VF_nzoth_yogg_cthun_3132798736850415_Mis_IV_ME,168806,105.27%,
8T,VW_DH_VW_VF_yshaarj_nzoth_cthun_3768322899631599_Mis_IV_DR_DS,168785,105.24%,
8T,VW_DH_VW_VF_nzoth_yogg_cthun_3150259926392303_Mis_IV_ME_DS,168781,105.24%,
8T,VW_DH_TV_VF_yshaarj_nzoth_yogg_3977773422271983_Mis_IV_DR,168779,105.24%,
8T,VW_DH_VW_VF_nzoth_yogg_cthun_3132806252527087_IN_IV_ME_DS,168772,105.23%,
8T,VW_DH_TV_VF_yshaarj_nzoth_yogg_3979712600006127_IN_AM_ME_DS,168767,105.22%,
8T,VW_DH_TV_VF_yshaarj_nzoth_yogg_3977498544889327_Mis_IV_DR,168754,105.21%,
8T,VW_DH_VW_VF_nzoth_yogg_cthun_3132814842453487_Mis_IV_ME_DS,168750,105.20%,
8T,VW_DH_TV_VF_nzoth_yogg_cthun_3135004202040815_Mis_IV_DR_DS,168744,105.20%,
8T,VW_DH_VW_VF_yshaarj_nzoth_yogg_4049523065544175_Mis_IV_DR_DS,168743,105.19%,
8T,VW_DH_TV_VF_nzoth_yogg_cthun_3132791287242223_IN_IV_ME,168735,105.18%,
8T,VW_DH_VW_VF_nzoth_yogg_cthun_3132798736850415_Mis_IV_ME,168733,105.18%,
8T,VW_DH_TV_VF_nzoth_yogg_cthun_3132926578712047_IN_IV_ME,168727,105.17%,
8T,VW_DH_TV_VF_nzoth_yogg_cthun_3132942618254831_Mis_IV_ME_DS,168720,105.17%,
8T,VW_DH_TV_VF_nzoth_yogg_cthun_3205372946210287_Mis_IV_DR_DS,168711,105.15%,
8T,VW_DH_TV_VF_nzoth_yogg_cthun_3132943691472367_IN_IV_ME_DS,168700,105.14%,
8T,VW_DH_TV_VF_nzoth_yogg_cthun_3150244894006767_Mis_IV_DR,168687,105.13%,
8T,VW_DH_VW_VF_nzoth_yogg_cthun_3132926578712047_IN_IV_ME,168685,105.12%,
8T,VW_DH_TV_VF_yshaarj_nzoth_yogg_4049523065544175_Mis_IV_DR_DS,168684,105.12%,
8T,VW_DH_VW_VF_nzoth_yogg_cthun_3132927585345023_Mis_IV_ME,168683,105.12%,
8T,VW_DH_TV_VF_nzoth_yogg_cthun_3150259925876207_IN_IV_ME_DS,168680,105.12%,
8T,VW_DH_TV_VF_nzoth_yogg_cthun_3150243820264943_IN_IV_ME,168664,105.10%,
8T,VW_DH_VW_VF_nzoth_yogg_cthun_3133363524525551_Mis_IV_ME_DS,168652,105.08%,
8T,VW_DH_VW_VF_nzoth_yogg_cthun_3150243820264943_IN_IV_ME,168639,105.07%,
8T,VW_DH_TV_VF_yshaarj_nzoth_yogg_4049523065544175_IN_IV_ME_DS,168629,105.05%,
8T,VW_DH_TV_VF_nzoth_yogg_cthun_3132797662592495_IN_IV_DR,168621,105.04%,
8T,VW_DH_VW_VF_yshaarj_nzoth_yogg_3977514650492399_IN_AM_ME_DS,168620,105.04%,
8T,VW_DH_TV_VF_yshaarj_nzoth_yogg_3977497471147503_IN_AM_ME,168607,105.03%,
8T,VW_DH_TV_VF_nzoth_yogg_cthun_3132791220133375_IN_IV_ME,168594,105.01%,
8T,VW_DH_TV_VF_nzoth_yogg_cthun_3150519771389423_Mis_IV_DR,168578,104.99%,
8T,VW_DH_TV_VF_yshaarj_nzoth_cthun_3696298445561327_IN_AM_ME,168547,104.95%,
8T,VW_DH_VW_VF_yshaarj_nzoth_cthun_3696297371819503_Mis_AM_DR,168543,104.95%,
8T,VW_DH_TV_VF_nzoth_yogg_cthun_3132806253043183_Mis_IV_ME_DS,168526,104.93%,
8T,VW_DH_VW_VF_nzoth_yogg_cthun_3150253483417071_Mis_IV_DR,168501,104.90%,
8T,VW_DH_TV_VF_nzoth_yogg_cthun_3150243819748847_Mis_AM_ME,168467,104.86%,
8T,VW_DH_VW_VF_nzoth_yogg_cthun_3132942617738735_IN_IV_ME_DS,168466,104.86%,
8T,VW_DH_VW_VF_nzoth_yogg_cthun_3150260999609839_Mis_IV_DR_DS,168452,104.84%,
8T,VW_DH_VW_VF_nzoth_yogg_cthun_3132797663108591_IN_IV_ME,168445,104.83%,
8T,VW_DH_VW_VF_nzoth_yogg_cthun_3150244960591343_Mis_IV_DR,168443,104.83%,
8T,VW_DH_TV_VF_nzoth_yogg_cthun_3132806252518911_Mis_IV_ME_DS,168430,104.81%,
8T,VW_DH_TV_VF_yshaarj_nzoth_yogg_3977513577274863_IN_IV_DR_DS,168427,104.81%,
8T,VW_DH_TV_VF_yshaarj_nzoth_yogg_4049524072177135_IN_IV_DR_DS,168394,104.77%,
8T,VW_DH_TV_VF_nzoth_yogg_cthun_3132928659086831_IN_IV_ME,168392,104.77%,
8T,VW_DH_VW_VF_nzoth_yogg_cthun_3132927585353199_Mis_IV_DR,168376,104.75%,
8T,VW_DH_VW_VF_nzoth_yogg_cthun_3132927585353199_IN_IV_ME,168363,104.73%,
8T,VW_DH_VW_VF_nzoth_yogg_cthun_3132935101537775_IN_IV_ME,168355,104.72%,
8T,VW_DH_VW_VF_nzoth_yogg_cthun_3150259925868031_Mis_IV_ME_DS,168353,104.72%,
8T,VW_DH_VW_VF_nzoth_yogg_cthun_3132797729693167_IN_IV_ME,168342,104.71%,
8T,VW_DH_VW_VF_yshaarj_nzoth_yogg_3977498544365055_Mis_AM_ME,168333,104.69%,
8T,VW_DH_VW_VF_nzoth_yogg_cthun_3132813768719855_IN_IV_ME_DS,168323,104.68%,
8T,VW_DH_VW_VF_nzoth_yogg_cthun_3135004269141487_Mis_IV_ME_DS,168309,104.67%,
8T,VW_DH_VW_VF_yshaarj_nzoth_yogg_3977634909576687_Mis_AM_DR,168302,104.66%,
8T,VW_DH_VW_VF_nzoth_yogg_cthun_3132944765214191_Mis_IV_ME_DS,168294,104.65%,
8T,VW_DH_TV_VF_nzoth_yogg_cthun_3135004202556911_Mis_IV_ME_DS,168275,104.62%,
8T,VW_DH_TV_VF_nzoth_yogg_cthun_3132797663108591_IN_IV_ME,168268,104.62%,
8T,VW_DH_TV_VF_nzoth_yogg_cthun_3132926512127471_IN_IV_ME,168259,104.61%,
8T,VW_DH_TV_VF_nzoth_yogg_cthun_3150243819748847_IN_IV_DR,168240,104.58%,
8T,VW_DH_VW_VF_nzoth_yogg_cthun_3134996685839855_IN_IV_DR,168240,104.58%,
8T,VW_DH_VW_VF_yshaarj_nzoth_yogg_3977497470623231_Mis_AM_DR,168239,104.58%,
8T,VW_DH_VW_VF_nzoth_yogg_cthun_3132935101537775_Mis_IV_DR,168217,104.55%,
8T,VW_DH_TV_VF_nzoth_yogg_cthun_3132942617730559_Mis_IV_ME_DS,168206,104.54%,
8T,VW_DH_VW_VF_nzoth_yogg_cthun_3132942684839407_Mis_IV_ME_DS,168204,104.54%,
8T,VW_DH_VW_VF_yshaarj_nzoth_yogg_3977515724234223_Mis_AM_ME_DS,168185,104.52%,
8T,VW_DH_TV_VF_nzoth_yogg_cthun_3135004202032639_Mis_IV_ME_DS,168184,104.51%,
8T,VW_DH_TV_VF_nzoth_yogg_cthun_3135012791967215_IN_IV_ME_DS,168167,104.49%,
8T,VW_DH_VW_VF_yshaarj_nzoth_yogg_3977498544889327_Mis_AM_ME,168166,104.49%,
8T,VW_DH_TV_VF_yshaarj_nzoth_yogg_4049797876342255_Mis_IV_DR_DS,168165,104.49%,
8T,VW_DH_VW_VF_yshaarj_nzoth_yogg_3977513577274863_Mis_IV_DR_DS,168150,104.47%,
8T,VW_DH_TV_VF_nzoth_yogg_cthun_3134996685839855_Mis_AM_ME,168133,104.45%,
8T,VW_DH_TV_VF_nzoth_yogg_cthun_3132791220657647_IN_IV_ME,168127,104.44%,
8T,VW_DH_VW_VF_nzoth_yogg_cthun_3150519771389423_IN_IV_ME,168108,104.42%,
8T,VW_DH_TV_VF_nzoth_yogg_cthun_3150259925868031_Mis_IV_DR_DS,168098,104.41%,
8T,VW_DH_TV_VF_nzoth_yogg_cthun_3150260999609839_IN_IV_ME_DS,168055,104.36%,
8T,VW_DH_TV_VF_yshaarj_nzoth_yogg_3977513576750591_IN_IV_DR_DS,168051,104.35%,
8T,VW_DH_VW_VF_yshaarj_nzoth_yogg_3977513577274863_IN_IV_DR_DS,168048,104.35%,
8T,VW_DH_TV_VF_yshaarj_nzoth_yogg_4049515482242543_Mis_AM_DR,168033,104.33%,
8T,VW_DH_VW_VF_nzoth_yogg_cthun_3152458949123567_IN_IV_ME_DS,168031,104.33%,
8T,VW_DH_VW_VF_yshaarj_nzoth_yogg_4049660437388783_IN_IV_DR_DS,168024,104.32%,
8T,VW_DH_TV_VF_yshaarj_nzoth_yogg_4049797876342255_IN_IV_ME_DS,168007,104.30%,
8T,VW_DH_TV_VF_nzoth_yogg_cthun_3132927652453871_Mis_IV_DR,167995,104.28%,
8T,VW_DH_VW_VF_yshaarj_nzoth_yogg_3977635983318511_IN_AM_ME,167988,104.28%,
8T,VW_DH_TV_VF_nzoth_yogg_cthun_3150252409675247_IN_IV_DR,167988,104.27%,
8T,VW_DH_VW_VF_nzoth_yogg_cthun_3132928659086831_Mis_IV_DR,167983,104.27%,
8T,VW_DH_TV_VF_yshaarj_nzoth_yogg_4049525145918959_IN_IV_ME_DS,167978,104.26%,
8T,VW_DH_TV_VF_nzoth_yogg_cthun_3132926511611375_IN_IV_DR,167963,104.24%,
8T,VW_DH_VW_VF_yshaarj_nzoth_yogg_3977513576750591_Mis_AM_ME_DS,167952,104.23%,
8T,VW_DH_TV_VF_nzoth_yogg_cthun_3132797662584319_IN_IV_ME,167949,104.23%,
8T,VW_DH_TV_VF_yshaarj_nzoth_yogg_3977773422271983_Mis_AM_ME,167935,104.21%,
8T,VW_DH_VW_VF_nzoth_yogg_cthun_3132876045737455_Mis_AM_DR_DS,167869,104.13%,
8T,VW_DH_TV_VF_yshaarj_nzoth_yogg_3977651015704047_Mis_AM_ME_DS,167858,104.12%,
8T,VW_DH_VW_VF_nzoth_yogg_cthun_3132926512127471_Mis_IV_DR,167857,104.12%,
8T,VW_DH_TV_VF_nzoth_yogg_cthun_3150243886849519_IN_IV_DR,167814,104.06%,
8T,VW_DH_VW_VF_yshaarj_nzoth_yogg_4049522998435327_IN_IV_ME_DS,167812,104.06%,
8T,VW_DH_VW_VF_nzoth_yogg_cthun_3150253483417071_IN_IV_ME,167794,104.04%,
8T,VW_DH_TV_VF_nzoth_yogg_cthun_3132799810067951_Mis_IV_DR,167782,104.03%,
8T,VW_DH_VW_VF_nzoth_yogg_cthun_3132951207665135_Mis_IV_ME_DS,167760,104.00%,
8T,VW_DH_TV_VF_yshaarj_nzoth_yogg_3977514650492399_IN_AM_ME_DS,167760,104.00%,
8T,VW_DH_TV_VF_nzoth_yogg_cthun_3133363524525551_Mis_IV_ME_DS,167735,103.97%,
8T,VW_DH_TV_VF_nzoth_yogg_cthun_3132807326268911_IN_IV_ME_DS,167720,103.95%,
8T,VW_DH_TV_VF_yshaarj_nzoth_yogg_3977513576750591_Mis_IV_DR_DS,167696,103.92%,
8T,VW_DH_VW_VF_yshaarj_nzoth_yogg_3977498611473903_IN_AM_ME,167692,103.91%,
8T,VW_DH_VW_VF_nzoth_yogg_cthun_3150243886849519_Mis_AM_ME,167683,103.90%,
8T,VW_DH_VW_VF_nzoth_yogg_cthun_3132797662584319_IN_IV_ME,167649,103.86%,
8T,VW_DH_TV_VF_nzoth_yogg_cthun_3132936175279599_IN_IV_ME,167618,103.83%,
8T,VW_DH_TV_VF_nzoth_yogg_cthun_3135004269141487_IN_IV_ME_DS,167594,103.80%,
8T,VW_DH_TV_VF_yshaarj_nzoth_yogg_3977515724234223_Mis_IV_DR_DS,167592,103.79%,
8T,VW_DH_VW_VF_nzoth_yogg_cthun_3150260999609839_IN_IV_ME_DS,167591,103.79%,
8T,VW_DH_TV_VF_nzoth_yogg_cthun_3150262073351663_Mis_IV_DR_DS,167581,103.78%,
8T,VW_DH_TV_VF_nzoth_yogg_cthun_3150244960591343_IN_IV_ME,167581,103.78%,
8T,VW_DH_TV_VF_nzoth_yogg_cthun_3150259926392303_Mis_IV_DR_DS,167577,103.78%,
8T,VW_DH_VW_VF_nzoth_yogg_cthun_3132791220657647_IN_IV_ME,167565,103.76%,
8T,VW_DH_VW_VF_nzoth_yogg_cthun_3132928659086831_IN_IV_ME,167554,103.75%,
8T,VW_DH_VW_VF_nzoth_yogg_cthun_3132807326268911_Mis_IV_ME_DS,167523,103.71%,
8T,VW_DH_VW_VF_yshaarj_nzoth_yogg_4049797876342255_Mis_IV_DR_DS,167510,103.69%,
8T,VW_DH_VW_VF_nzoth_yogg_cthun_3150252409675247_IN_IV_DR,167491,103.67%,
8T,VW_DH_VW_VF_nzoth_yogg_cthun_3135006349516271_Mis_IV_ME_DS,167486,103.66%,
8T,VW_DH_VW_VF_yshaarj_nzoth_yogg_4049515482242543_IN_AM_DR,167486,103.66%,
8T,VW_DH_VW_VF_nzoth_yogg_cthun_3132791287242223_IN_IV_ME,167469,103.64%,
8T,VW_DH_VW_VF_nzoth_yogg_cthun_3152458949123567_Mis_IV_DR_DS,167439,103.61%,
8T,VW_DH_VW_VF_nzoth_yogg_cthun_3132799810067951_IN_IV_ME,167437,103.60%,
8T,VW_DH_TV_VF_yshaarj_nzoth_yogg_3977651015704047_Mis_IV_DR_DS,167415,103.58%,
8T,VW_DH_VW_VF_nzoth_yogg_cthun_3132806252518911_Mis_IV_ME_DS,167395,103.55%,
8T,VW_DH_TV_VF_nzoth_yogg_cthun_3135006349516271_IN_IV_ME_DS,167387,103.54%,
8T,VW_DH_VW_VF_nzoth_yogg_cthun_3132815916195311_Mis_IV_ME_DS,167386,103.54%,
8T,VW_DH_VW_VF_nzoth_yogg_cthun_3132798736326143_Mis_IV_ME,167383,103.54%,
8T,VW_DH_VW_VF_nzoth_yogg_cthun_3132926511603199_IN_IV_ME,167382,103.54%,
8T,VW_DH_TV_VF_nzoth_yogg_cthun_3150245967224303_Mis_AM_ME,167345,103.49%,
8T,VW_DH_TV_VF_yshaarj_nzoth_yogg_3977498611473903_Mis_AM_ME,167334,103.48%,
8T,VW_DH_VW_VF_nzoth_yogg_cthun_3150244893482495_Mis_IV_DR,167326,103.47%,
8T,VW_DH_TV_VF_nzoth_yogg_cthun_3150243886849519_Mis_AM_DR,167305,103.45%,
8T,VW_DH_TV_VF_nzoth_yogg_cthun_3132813835820527_Mis_IV_ME_DS,167285,103.42%,
8T,VW_DH_TV_VF_nzoth_yogg_cthun_3132806319627759_Mis_IV_DR_DS,167282,103.42%,
8T,VW_DH_TV_VF_nzoth_yogg_cthun_3150243820264943_Mis_AM_ME,167280,103.41%,
8T,VW_DH_TV_VF_yshaarj_nzoth_yogg_4049522998959599_Mis_IV_DR_DS,167280,103.41%,
8T,VW_DH_TV_VF_nzoth_yogg_cthun_3132808400002543_IN_IV_ME_DS,167274,103.41%,
8T,VW_DH_TV_VF_yshaarj_nzoth_cthun_3696297371819503_Mis_AM_DR,167263,103.39%,
8T,VW_DH_TV_VF_nzoth_yogg_cthun_3150243819740671_Mis_AM_ME,167252,103.38%,
8T,VW_DH_VW_VF_yshaarj_nzoth_yogg_4049797876342255_IN_IV_DR_DS,167249,103.38%,
8T,VW_DH_VW_VF_nzoth_yogg_cthun_3132943691472367_IN_IV_ME_DS,167234,103.36%,
8T,VW_DH_VW_VF_nzoth_yogg_cthun_3150244960591343_IN_IV_ME,167224,103.35%,
8T,VW_DH_VW_VF_yshaarj_nzoth_yogg_3977788454657519_Mis_AM_ME_DS,167210,103.33%,
8T,VW_DH_TV_VF_nzoth_yogg_cthun_3133348492140015_IN_IV_ME,167200,103.32%,
8T,VW_DH_TV_VF_nzoth_yogg_cthun_3132935101537775_IN_IV_DR,167199,103.32%,
8T,VW_DH_VW_VF_nzoth_yogg_cthun_3132936175279599_IN_IV_ME,167198,103.31%,
8T,VW_DH_VW_VF_yshaarj_nzoth_yogg_3977773422271983_IN_AM_ME,167196,103.31%,
8T,VW_DH_VW_VF_yshaarj_nzoth_yogg_3977513576758767_Mis_AM_ME_DS,167194,103.31%,
8T,VW_DH_VW_VF_nzoth_yogg_cthun_3132806253043183_Mis_IV_ME_DS,167171,103.28%,
8T,VW_DH_VW_VF_nzoth_yogg_cthun_3135006349516271_IN_IV_ME_DS,167156,103.26%,
8T,VW_DH_TV_VF_nzoth_yogg_cthun_3134997759581679_Mis_IV_DR,167141,103.24%,
8T,VW_DH_TV_VF_yshaarj_nzoth_yogg_4049522998959599_IN_IV_ME_DS,167131,103.23%,
8T,VW_DH_TV_VF_nzoth_yogg_cthun_3150243819740671_Mis_AM_DR,167122,103.22%,
8T,VW_DH_TV_VF_nzoth_yogg_cthun_3132807393369583_Mis_IV_ME_DS,167118,103.22%,
8T,VW_DH_TV_VF_nzoth_yogg_cthun_3132791220133375_Mis_IV_DR,167095,103.19%,
8T,VW_DH_TV_VF_nzoth_yogg_cthun_3133347418398191_IN_IV_DR,167085,103.18%,
8T,VW_DH_VW_VF_nzoth_yogg_cthun_3132799810067951_Mis_IV_DR,167074,103.16%,
8T,VW_DH_TV_VF_nzoth_yogg_cthun_3133347418398191_Mis_IV_DR,167071,103.16%,
8T,VW_DH_VW_VF_nzoth_yogg_cthun_3132797662592495_IN_IV_DR,167071,103.16%,
8T,VW_DH_VW_VF_yshaarj_nzoth_cthun_3696313477946863_IN_AM_ME_DS,167066,103.15%,
8T,VW_DH_TV_VF_nzoth_yogg_cthun_3150518697647599_Mis_AM_ME,167055,103.14%,
8T,VW_DH_VW_VF_nzoth_yogg_cthun_3135004202032639_Mis_IV_ME_DS,167054,103.14%,
8T,VW_DH_VW_VF_nzoth_yogg_cthun_3135004202556911_Mis_IV_ME_DS,167054,103.14%,
8T,VW_DH_TV_VF_nzoth_yogg_cthun_3132942684839407_Mis_IV_DR_DS,167048,103.13%,
8T,VW_DH_TV_VF_nzoth_yogg_cthun_3150244894006767_IN_IV_ME,167045,103.13%,
8T,VW_DH_TV_VF_yshaarj_nzoth_yogg_4049515482242543_IN_AM_DR,167040,103.12%,
8T,VW_DH_VW_VF_yshaarj_nzoth_yogg_3979697567620591_Mis_AM_DR,167020,103.10%,
8T,VW_DH_VW_VF_nzoth_yogg_cthun_3132943691472367_Mis_IV_DR_DS,167018,103.10%,
8T,VW_DH_VW_VF_nzoth_yogg_cthun_3150259992976879_Mis_IV_DR_DS,167017,103.09%,
8T,VW_DH_VW_VF_nzoth_yogg_cthun_3134997759581679_Mis_IV_DR,167010,103.09%,
8T,VW_DH_TV_VF_nzoth_yogg_cthun_3132942617738735_Mis_IV_DR_DS,167009,103.08%,
8T,VW_DH_VW_VF_nzoth_yogg_cthun_3150243819748847_IN_IV_DR,166962,103.03%,
8T,VW_DH_TV_VF_nzoth_yogg_cthun_3132813769235951_Mis_IV_ME_DS,166956,103.02%,
8T,VW_DH_TV_VF_yshaarj_nzoth_yogg_4049522998435327_IN_IV_ME_DS,166953,103.02%,
8T,VW_DH_TV_VF_nzoth_yogg_cthun_3150244893482495_IN_IV_ME,166914,102.97%,
8T,VW_DH_VW_VF_yshaarj_nzoth_yogg_3977499618106863_Mis_AM_DR,166911,102.97%,
8T,VW_DH_TV_VF_yshaarj_nzoth_yogg_3977513576758767_Mis_AM_ME_DS,166905,102.96%,
8T,VW_DH_TV_VF_yshaarj_nzoth_yogg_3977513643859439_Mis_IV_DR_DS,166854,102.90%,
8T,VW_DH_TV_VF_nzoth_yogg_cthun_3132927652453871_IN_IV_ME,166852,102.89%,
8T,VW_DH_TV_VF_yshaarj_nzoth_yogg_3977651015704047_IN_AM_ME_DS,166844,102.88%,
8T,VW_DH_VW_VF_nzoth_yogg_cthun_3135004202040815_Mis_IV_DR_DS,166835,102.87%,
8T,VW_DH_VW_VF_nzoth_yogg_cthun_3135005275774447_Mis_IV_DR_DS,166814,102.85%,
8T,VW_DH_TV_VF_yshaarj_nzoth_cthun_3768322899631599_IN_IV_DR_DS,166799,102.83%,
8T,VW_DH_VW_VF_yshaarj_nzoth_yogg_3977498544373231_IN_AM_ME,166797,102.83%,
8T,VW_DH_TV_VF_nzoth_yogg_cthun_3132935101537775_Mis_AM_ME,166794,102.82%,
8T,VW_DH_VW_VF_nzoth_yogg_cthun_3150252409675247_Mis_AM_ME,166781,102.81%,
8T,VW_DH_VW_VF_yshaarj_nzoth_yogg_3977497470631407_Mis_AM_DR,166760,102.78%,
8T,VW_DH_VW_VF_yshaarj_nzoth_yogg_4049522998959599_Mis_IV_DR_DS,166757,102.78%,
8T,VW_DH_VW_VF_yshaarj_nzoth_yogg_3977513643859439_Mis_AM_ME_DS,166756,102.78%,
8T,VW_DH_VW_VF_yshaarj_nzoth_yogg_4049523065544175_IN_IV_DR_DS,166746,102.77%,
8T,VW_DH_TV_VF_nzoth_yogg_cthun_3132798803434991_IN_IV_ME,166739,102.76%,
8T,VW_DH_VW_VF_nzoth_yogg_cthun_3132797729693167_Mis_IV_DR,166709,102.72%,
8T,VW_DH_TV_VF_nzoth_yogg_cthun_3134997759581679_IN_IV_DR,166690,102.70%,
8T,VW_DH_VW_VF_nzoth_yogg_cthun_3132807326268911_IN_IV_ME_DS,166687,102.69%,
8T,VW_DH_VW_VF_yshaarj_nzoth_yogg_3977513577274863_Mis_AM_ME_DS,166675,102.68%,
8T,VW_DH_TV_VF_yshaarj_nzoth_yogg_3977498544373231_Mis_AM_ME,166638,102.63%,
8T,VW_DH_TV_VF_nzoth_yogg_cthun_3150253483417071_IN_IV_ME,166622,102.61%,
8T,VW_DH_VW_VF_nzoth_yogg_cthun_3135012791967215_IN_IV_ME_DS,166616,102.61%,
8T,VW_DH_VW_VF_yshaarj_nzoth_yogg_4049522998443503_IN_IV_DR_DS,166604,102.59%,
8T,VW_DH_TV_VF_nzoth_yogg_cthun_3132791220141551_IN_IV_DR,166591,102.58%,
8T,VW_DH_VW_VF_yshaarj_nzoth_yogg_3979696493878767_IN_AM_DR,166580,102.56%,
8T,VW_DH_VW_VF_nzoth_yogg_cthun_3132813835820527_Mis_IV_ME_DS,166578,102.56%,
8T,VW_DH_TV_VF_nzoth_yogg_cthun_3150268515802607_Mis_IV_DR_DS,166563,102.54%,
8T,VW_DH_VW_VF_nzoth_yogg_cthun_3133347418398191_Mis_IV_DR,166562,102.54%,
8T,VW_DH_TV_VF_yshaarj_nzoth_yogg_3977513576750591_Mis_AM_ME_DS,166537,102.51%,
8T,VW_DH_TV_VF_nzoth_yogg_cthun_3150519771389423_IN_IV_ME,166530,102.50%,
8T,VW_DH_TV_VF_nzoth_yogg_cthun_3132951207665135_IN_IV_ME_DS,166523,102.49%,
8T,VW_DH_TV_VF_nzoth_yogg_cthun_3135004202556911_IN_IV_ME_DS,166488,102.45%,
8T,VW_DH_VW_VF_nzoth_yogg_cthun_3132936175279599_Mis_IV_DR,166476,102.44%,
8T,VW_DH_TV_VF_nzoth_yogg_cthun_3150243820264943_IN_IV_DR,166475,102.44%,
8T,VW_DH_TV_VF_nzoth_yogg_cthun_3132797662584319_Mis_IV_DR,166453,102.41%,
8T,VW_DH_VW_VF_nzoth_yogg_cthun_3135004269141487_IN_IV_ME_DS,166445,102.40%,
8T,VW_DH_VW_VF_yshaarj_nzoth_yogg_3977515724234223_IN_AM_ME_DS,166444,102.40%,
8T,VW_DH_VW_VF_nzoth_yogg_cthun_3133348492140015_IN_IV_ME,166431,102.38%,
8T,VW_DH_TV_VF_yshaarj_nzoth_yogg_4049660437388783_IN_IV_DR_DS,166427,102.38%,
8T,VW_DH_VW_VF_nzoth_yogg_cthun_3133347418398191_IN_IV_DR,166424,102.37%,
8T,VW_DH_TV_VF_yshaarj_nzoth_yogg_4049525145918959_Mis_IV_DR_DS,166398,102.34%,
8T,VW_DH_VW_VF_yshaarj_nzoth_yogg_4049525145918959_Mis_IV_DR_DS,166386,102.33%,
8T,VW_DH_TV_VF_nzoth_yogg_cthun_3150262073351663_IN_IV_ME_DS,166369,102.31%,
8T,VW_DH_TV_VF_yshaarj_nzoth_yogg_4049522998443503_IN_IV_DR_DS,166364,102.30%,
8T,VW_DH_VW_VF_yshaarj_nzoth_yogg_3977498544889327_IN_AM_ME,166360,102.30%,
8T,VW_DH_VW_VF_nzoth_yogg_cthun_3132798803434991_IN_IV_ME,166358,102.29%,
8T,AR_EC_VF_yshaarj_nzoth_yogg_3977567121825263_IN_IV_ME,166334,102.26%,
8T,VW_DH_TV_VF_nzoth_yogg_cthun_3150518697647599_IN_IV_DR,166321,102.25%,
8T,VW_DH_VW_VF_nzoth_yogg_cthun_3132814842453487_IN_IV_ME_DS,166318,102.24%,
8T,VW_DH_TV_VF_nzoth_yogg_cthun_3132927585345023_Mis_IV_DR,166290,102.21%,
8T,VW_DH_TV_VF_nzoth_yogg_cthun_3135005275774447_IN_IV_DR_DS,166280,102.20%,
8T,VW_DH_VW_VF_nzoth_yogg_cthun_3205372946210287_Mis_IV_DR_DS,166260,102.17%,
8T,VW_DH_TV_VF_yshaarj_nzoth_yogg_4049522998435327_Mis_IV_DR_DS,166259,102.17%,
8T,VW_DH_TV_VF_nzoth_yogg_cthun_3132806252518911_Mis_IV_DR_DS,166259,102.17%,
8T,VW_DH_TV_VF_nzoth_yogg_cthun_3132814842453487_IN_IV_ME_DS,166252,102.16%,
8T,VW_DH_TV_VF_yshaarj_nzoth_yogg_3977498544365055_Mis_AM_ME,166248,102.16%,
8T,VW_DH_VW_VF_nzoth_yogg_cthun_3132942618254831_Mis_IV_ME_DS,166245,102.16%,
8T,VW_DH_TV_VF_yshaarj_nzoth_yogg_3977498544889327_Mis_AM_ME,166243,102.15%,
8T,VW_DH_VW_VF_nzoth_yogg_cthun_3150244894006767_Mis_IV_DR,166232,102.14%,
8T,VW_DH_VW_VF_nzoth_yogg_cthun_3132806252527087_Mis_IV_DR_DS,166230,102.14%,
8T,VW_DH_VW_VF_nzoth_yogg_cthun_3135004202556911_IN_IV_ME_DS,166224,102.13%,
8T,VW_DH_VW_VF_nzoth_yogg_cthun_3132927652453871_IN_IV_ME,166214,102.12%,
8T,VW_DH_VW_VF_nzoth_yogg_cthun_3132791287242223_Mis_IV_DR,166210,102.11%,
8T,AR_EC_VF_yshaarj_nzoth_yogg_3977567188409839_IN_IV_ME,166201,102.10%,
8T,VW_DH_TV_VF_yshaarj_nzoth_yogg_3979696493878767_IN_AM_DR,166186,102.08%,
8T,VW_DH_TV_VF_nzoth_yogg_cthun_3132797729693167_Mis_IV_DR,166184,102.08%,
8T,VW_DH_TV_VF_nzoth_yogg_cthun_3132808400002543_Mis_IV_DR_DS,166183,102.08%,
8T,VW_DH_VW_VF_nzoth_yogg_cthun_3132942617738735_Mis_IV_DR_DS,166182,102.08%,
8T,VW_DH_TV_VF_yshaarj_nzoth_yogg_3977513643859439_Mis_AM_ME_DS,166160,102.05%,
8T,VW_DH_VW_VF_nzoth_yogg_cthun_3132927585869295_IN_IV_ME,166160,102.05%,
8T,VW_DH_VW_VF_nzoth_yogg_cthun_3150519771389423_Mis_IV_DR,166158,102.05%,
8T,VW_DH_VW_VF_yshaarj_nzoth_yogg_3977651015704047_IN_AM_ME_DS,166157,102.05%,
8T,VW_DH_VW_VF_yshaarj_nzoth_yogg_3977513576758767_IN_AM_ME_DS,166143,102.03%,
8T,VW_DH_TV_VF_nzoth_yogg_cthun_3132936175279599_Mis_IV_DR,166133,102.02%,
8T,VW_DH_VW_VF_yshaarj_nzoth_yogg_3977635983318511_Mis_AM_DR,166111,101.99%,
8T,VW_DH_TV_VF_nzoth_yogg_cthun_3150253483417071_Mis_AM_ME,166107,101.99%,
8T,VW_DH_TV_VF_nzoth_yogg_cthun_3150518697647599_Mis_AM_DR,166106,101.99%,
8T,VW_DH_VW_VF_yshaarj_nzoth_yogg_3977788454657519_IN_AM_ME_DS,166096,101.98%,
8T,VW_DH_VW_VF_nzoth_yogg_cthun_3150243819740671_Mis_AM_ME,166083,101.96%,
8T,VW_DH_TV_VF_nzoth_yogg_cthun_3135004269141487_Mis_IV_DR_DS,166075,101.95%,
8T,VW_DH_TV_VF_nzoth_yogg_cthun_3150534803774959_IN_IV_ME_DS,166074,101.95%,
8T,VW_DH_TV_VF_nzoth_yogg_cthun_3132797729693167_Mis_AM_ME,166034,101.90%,
8T,VW_DH_VW_VF_yshaarj_nzoth_yogg_3977497537732079_Mis_AM_DR,166023,101.89%,
8T,VW_DH_TV_VF_nzoth_yogg_cthun_3150244960591343_Mis_AM_ME,166017,101.88%,
8T,VW_DH_VW_VF_nzoth_yogg_cthun_3150518697647599_IN_IV_DR,166008,101.87%,
8T,VW_DH_VW_VF_nzoth_yogg_cthun_3150268515802607_IN_IV_ME_DS,165990,101.85%,
8T,VW_DH_TV_VF_yshaarj_nzoth_yogg_3977788454657519_Mis_IV_DR_DS,165981,101.84%,
8T,VW_DH_TV_VF_nzoth_yogg_cthun_3132806319627759_IN_IV_ME_DS,165956,101.80%,
8T,VW_DH_VW_VF_yshaarj_nzoth_yogg_3977498544365055_IN_AM_ME,165941,101.79%,
8T,VW_DH_TV_VF_yshaarj_nzoth_cthun_3768322899631599_Mis_AM_ME_DS,165911,101.75%,
8T,VW_DH_VW_VF_nzoth_yogg_cthun_3132926511611375_IN_IV_DR,165911,101.75%,
8T,VW_DH_TV_VF_nzoth_yogg_cthun_3132807326785007_Mis_IV_ME_DS,165895,101.73%,
8T,VW_DH_TV_VF_yshaarj_nzoth_yogg_3977635983318511_IN_AM_ME,165879,101.71%,
8T,VW_DH_TV_VF_nzoth_yogg_cthun_3150259992976879_IN_IV_ME_DS,165873,101.70%,
8T,VW_DH_TV_VF_nzoth_yogg_cthun_3150243819740671_IN_IV_DR,165861,101.69%,
8T,VW_DH_TV_VF_nzoth_yogg_cthun_3150252409675247_Mis_AM_DR,165848,101.67%,
8T,VW_DH_VW_VF_nzoth_yogg_cthun_3132807393369583_Mis_IV_ME_DS,165833,101.65%,
8T,VW_DH_VW_VF_nzoth_yogg_cthun_3150245967224303_Mis_AM_ME,165823,101.64%,
8T,AR_SP_VF_yshaarj_nzoth_yogg_3977567121825263_IN_IV_ME,165820,101.64%,
8T,VW_DH_TV_VF_nzoth_yogg_cthun_3132806253043183_IN_IV_ME_DS,165803,101.62%,
8T,VW_DH_VW_VF_nzoth_yogg_cthun_3150243886849519_IN_IV_DR,165795,101.61%,
8T,VW_DH_VW_VF_nzoth_yogg_cthun_3132808400002543_IN_IV_ME_DS,165789,101.60%,
8T,VW_DH_TV_VF_nzoth_yogg_cthun_3132813768711679_Mis_IV_ME_DS,165785,101.60%,
8T,VW_DH_TV_VF_yshaarj_nzoth_yogg_3979696493878767_Mis_AM_DR,165780,101.59%,
8T,VW_DH_TV_VF_yshaarj_nzoth_cthun_3696313477946863_IN_AM_ME_DS,165779,101.59%,
8T,AR_EC_VF_nzoth_yogg_cthun_3150313537527279_Mis_IV_ME,165747,101.55%,
8T,VW_DH_TV_VF_yshaarj_nzoth_yogg_3977515724234223_IN_AM_ME_DS,165734,101.53%,
8T,VW_DH_TV_VF_nzoth_yogg_cthun_3132806253043183_Mis_IV_DR_DS,165733,101.53%,
8T,VW_DH_TV_VF_nzoth_yogg_cthun_3132797729693167_IN_IV_DR,165723,101.52%,
8T,VW_DH_VW_VF_yshaarj_nzoth_cthun_3768322899631599_Mis_AM_ME_DS,165686,101.48%,
8T,VW_DH_TV_VF_nzoth_yogg_cthun_3132815916195311_IN_IV_ME_DS,165683,101.47%,
8T,VW_DH_VW_VF_yshaarj_nzoth_yogg_3977497470623231_IN_AM_DR,165678,101.47%,
8T,VW_DH_VW_VF_nzoth_yogg_cthun_3150244893482495_IN_IV_ME,165648,101.43%,
8T,VW_DH_VW_VF_nzoth_yogg_cthun_3132942617730559_Mis_IV_ME_DS,165639,101.42%,
8T,VW_DH_TV_VF_nzoth_yogg_cthun_3150245967224303_Mis_AM_DR,165637,101.42%,
8T,VW_DH_TV_VF_nzoth_yogg_cthun_3132791220657647_Mis_IV_DR,165637,101.42%,
8T,VW_DH_TV_VF_nzoth_yogg_cthun_3135004202032639_IN_IV_ME_DS,165636,101.42%,
8T,VW_DH_VW_VF_yshaarj_nzoth_yogg_4049524072177135_Mis_AM_ME_DS,165628,101.41%,
8T,AR_SP_VF_yshaarj_nzoth_yogg_3977567188409839_IN_IV_ME,165624,101.40%,
8T,VW_DH_VW_VF_nzoth_yogg_cthun_3132926578712047_IN_IV_DR,165618,101.39%,
8T,VW_DH_VW_VF_nzoth_yogg_cthun_3150245967224303_IN_IV_DR,165617,101.39%,
8T,VW_DH_TV_VF_yshaarj_nzoth_yogg_3977497470631407_Mis_AM_DR,165614,101.39%,
8T,VW_DH_VW_VF_nzoth_yogg_cthun_3132791220133375_Mis_IV_DR,165595,101.37%,
8T,VW_DH_VW_VF_nzoth_yogg_cthun_3150243820264943_Mis_AM_ME,165590,101.36%,
8T,VW_DH_TV_VF_nzoth_yogg_cthun_3150245967224303_IN_IV_DR,165585,101.35%,
8T,VW_DH_VW_VF_nzoth_yogg_cthun_3134996685839855_Mis_AM_ME,165580,101.35%,
8T,VW_DH_TV_VF_nzoth_yogg_cthun_3132807326260735_Mis_IV_ME_DS,165572,101.34%,
8T,VW_DH_VW_VF_nzoth_yogg_cthun_3132798736334319_Mis_IV_DR,165566,101.33%,
8T,VW_DH_TV_VF_yshaarj_nzoth_yogg_3977513577274863_Mis_IV_DR_DS,165523,101.28%,
8T,VW_DH_TV_VF_nzoth_yogg_cthun_3132807326268911_Mis_IV_DR_DS,165520,101.27%,
8T,VW_DH_TV_VF_yshaarj_nzoth_yogg_3977498544365055_IN_AM_ME,165520,101.27%,
8T,VW_DH_TV_VF_nzoth_yogg_cthun_3150243819748847_Mis_AM_DR,165510,101.26%,
8T,VW_DH_VW_VF_nzoth_yogg_cthun_3132927652453871_Mis_IV_DR,165494,101.24%,
8T,VW_DH_TV_VF_nzoth_yogg_cthun_3150244893490671_IN_IV_DR,165489,101.24%,
8T,VW_DH_TV_VF_nzoth_yogg_cthun_3135006349516271_Mis_IV_DR_DS,165488,101.24%,
8T,VW_DH_VW_VF_nzoth_yogg_cthun_3132791220133375_IN_IV_ME,165488,101.23%,
8T,VW_DH_VW_VF_nzoth_yogg_cthun_3150244894006767_IN_IV_ME,165485,101.23%,
8T,VW_DH_TV_VF_nzoth_yogg_cthun_3134997759581679_Mis_AM_ME,165482,101.23%,
8T,VW_DH_VW_VF_yshaarj_nzoth_yogg_3977772348530159_Mis_AM_DR,165467,101.21%,
8T,VW_DH_VW_VF_yshaarj_nzoth_yogg_3977497470631407_IN_AM_DR,165460,101.20%,
8T,VW_DH_TV_VF_yshaarj_nzoth_yogg_3977513577274863_Mis_AM_ME_DS,165456,101.20%,
8T,VW_DH_TV_VF_nzoth_yogg_cthun_3150268515802607_IN_IV_ME_DS,165442,101.18%,
8T,AR_EC_VF_yshaarj_nzoth_yogg_3977567121309167_IN_IV_ME,165426,101.16%,
8T,VW_DH_TV_VF_nzoth_yogg_cthun_3135004202032639_Mis_IV_DR_DS,165409,101.14%,
8T,VW_DH_TV_VF_nzoth_yogg_cthun_3132797662592495_Mis_AM_ME,165406,101.14%,
8T,VW_DH_VW_VF_nzoth_yogg_cthun_3150262073351663_Mis_IV_DR_DS,165403,101.13%,
8T,VW_DH_TV_VF_nzoth_yogg_cthun_3152458949123567_IN_IV_DR_DS,165400,101.13%,
8T,VW_DH_VW_VF_yshaarj_nzoth_cthun_3696298445561327_Mis_AM_DR,165389,101.12%,
8T,VW_DH_TV_VF_yshaarj_nzoth_yogg_3977498544373231_IN_AM_ME,165376,101.10%,
8T,VW_DH_TV_VF_nzoth_yogg_cthun_3132799810067951_Mis_AM_ME,165363,101.08%,
8T,VW_DH_TV_VF_nzoth_yogg_cthun_3132797662584319_IN_IV_DR,165356,101.07%,
8T,VW_DH_TV_VF_nzoth_yogg_cthun_3132942617730559_Mis_IV_DR_DS,165353,101.07%,
8T,VW_DH_TV_VF_nzoth_yogg_cthun_3135004202556911_Mis_IV_DR_DS,165341,101.06%,
8T,VW_DH_VW_VF_nzoth_yogg_cthun_3150243819740671_IN_IV_DR,165332,101.05%,
8T,VW_DH_TV_VF_nzoth_yogg_cthun_3132926511603199_Mis_AM_ME,165331,101.04%,
8T,VW_DH_VW_VF_nzoth_yogg_cthun_3205372946210287_IN_IV_DR_DS,165317,101.03%,
8T,VW_DH_TV_VF_yshaarj_nzoth_yogg_4049797876342255_IN_IV_DR_DS,165315,101.02%,
8T,VW_DH_TV_VF_yshaarj_nzoth_yogg_3977788454657519_Mis_AM_ME_DS,165303,101.01%,
8T,VW_DH_TV_VF_nzoth_yogg_cthun_3132926578712047_Mis_AM_ME,165298,101.00%,
8T,VW_DH_TV_VF_nzoth_yogg_cthun_3134996685839855_IN_AM_ME,165283,100.99%,
8T,VW_DH_VW_VF_yshaarj_nzoth_yogg_3977513577274863_IN_AM_ME_DS,165283,100.99%,
8T,VW_DH_VW_VF_nzoth_yogg_cthun_3150259926392303_Mis_IV_DR_DS,165279,100.98%,
8T,VW_DH_TV_VF_nzoth_yogg_cthun_3132926578712047_IN_IV_DR,165266,100.97%,
8T,VW_DH_TV_VF_nzoth_yogg_cthun_3132797663108591_Mis_AM_ME,165262,100.96%,
8T,VW_DH_VW_VF_yshaarj_nzoth_yogg_3977513643859439_IN_AM_ME_DS,165248,100.94%,
8T,VW_DH_TV_VF_nzoth_yogg_cthun_3150243820264943_Mis_AM_DR,165209,100.90%,
8T,VW_DH_VW_VF_nzoth_yogg_cthun_3150268515802607_Mis_IV_DR_DS,165198,100.88%,
8T,VW_DH_TV_VF_nzoth_yogg_cthun_3132797663108591_Mis_IV_DR,165195,100.88%,
8T,VW_DH_TV_VF_nzoth_yogg_cthun_3132942618254831_IN_IV_ME_DS,165174,100.85%,
8T,VW_DH_TV_VF_nzoth_yogg_cthun_3135004202040815_IN_IV_DR_DS,165161,100.84%,
8T,VW_DH_TV_VF_yshaarj_nzoth_yogg_3977773422271983_IN_AM_ME,165160,100.84%,
8T,VW_DH_TV_VF_nzoth_yogg_cthun_3132926511611375_Mis_AM_ME,165156,100.83%,
8T,VW_DH_VW_VF_yshaarj_nzoth_yogg_4049525145918959_IN_IV_DR_DS,165152,100.83%,
8T,VW_DH_VW_VF_yshaarj_nzoth_yogg_4049660437388783_Mis_AM_ME_DS,165145,100.82%,
8T,VW_DH_VW_VF_yshaarj_nzoth_cthun_3696297371819503_IN_AM_DR,165139,100.81%,
8T,VW_DH_VW_VF_nzoth_yogg_cthun_3132798736334319_IN_IV_DR,165133,100.80%,
8T,VW_DH_TV_VF_nzoth_yogg_cthun_3150260999609839_Mis_AM_ME_DS,165129,100.80%,
8T,VW_DH_TV_VF_yshaarj_nzoth_yogg_3977634909576687_Mis_AM_DR,165125,100.79%,
8T,VW_DH_TV_VF_nzoth_yogg_cthun_3132927585869295_Mis_IV_DR,165121,100.79%,
8T,VW_DH_VW_VF_nzoth_yogg_cthun_3150244893490671_IN_IV_DR,165086,100.75%,
8T,VW_DH_VW_VF_nzoth_yogg_cthun_3150243886849519_Mis_AM_DR,165084,100.74%,
8T,VW_DH_TV_VF_nzoth_yogg_cthun_3133363524525551_IN_IV_ME_DS,165051,100.70%,
8T,VW_DH_VW_VF_nzoth_yogg_cthun_3135005275774447_IN_IV_DR_DS,165042,100.69%,
8T,VW_DH_TV_VF_nzoth_yogg_cthun_3135012791967215_IN_IV_DR_DS,165023,100.67%,
8T,VW_DH_VW_VF_nzoth_yogg_cthun_3132935101537775_IN_IV_DR,165023,100.67%,
8T,VW_DH_VW_VF_nzoth_yogg_cthun_3150534803774959_IN_IV_ME_DS,165021,100.67%,
8T,VW_DH_VW_VF_yshaarj_nzoth_yogg_3977513576750591_IN_AM_ME_DS,165013,100.66%,
8T,VW_DH_TV_VF_nzoth_yogg_cthun_3152458949123567_Mis_AM_ME_DS,165011,100.65%,
8T,VW_DH_TV_VF_nzoth_yogg_cthun_3150519771389423_Mis_AM_ME,165005,100.65%,
8T,VW_DH_VW_VF_nzoth_yogg_cthun_3132806319627759_IN_IV_ME_DS,165003,100.65%,
8T,VW_DH_VW_VF_yshaarj_nzoth_yogg_4049522998435327_Mis_IV_DR_DS,164996,100.64%,
8T,VW_DH_TV_VF_nzoth_yogg_cthun_3132926512127471_Mis_AM_ME,164987,100.63%,
8T,VW_DH_VW_VF_nzoth_yogg_cthun_3132797662584319_Mis_IV_DR,164978,100.62%,
8T,VW_DH_VW_VF_yshaarj_nzoth_yogg_4049522998435327_IN_IV_DR_DS,164976,100.61%,
8T,VW_DH_VW_VF_nzoth_yogg_cthun_3132951207665135_IN_IV_ME_DS,164976,100.61%,
8T,VW_DH_VW_VF_nzoth_yogg_cthun_3132798736850415_IN_IV_ME,164975,100.61%,
8T,VW_DH_TV_VF_nzoth_yogg_cthun_3205372946210287_IN_IV_DR_DS,164962,100.60%,
8T,VW_DH_VW_VF_nzoth_yogg_cthun_3150259992976879_IN_IV_ME_DS,164951,100.58%,
8T,VW_DH_VW_VF_nzoth_yogg_cthun_3150253483417071_IN_IV_DR,164950,100.58%,
8T,VW_DH_VW_VF_nzoth_yogg_cthun_3152458949123567_IN_IV_DR_DS,164941,100.57%,
8T,VW_DH_TV_VF_nzoth_yogg_cthun_3132797663108591_IN_IV_DR,164933,100.56%,
8T,VW_DH_VW_VF_nzoth_yogg_cthun_3150534803774959_Mis_IV_DR_DS,164931,100.56%,
8T,VW_DH_VW_VF_nzoth_yogg_cthun_3132942684839407_IN_IV_ME_DS,164918,100.54%,
8T,VW_DH_TV_VF_nzoth_yogg_cthun_3132798736850415_IN_IV_ME,164915,100.54%,
8T,VW_DH_TV_VF_yshaarj_nzoth_yogg_3977498611473903_IN_AM_ME,164913,100.54%,
8T,VW_DH_VW_VF_nzoth_yogg_cthun_3132791220141551_IN_IV_DR,164912,100.54%,
8T,VW_DH_TV_VF_nzoth_yogg_cthun_3132944765214191_Mis_IV_DR_DS,164911,100.53%,
8T,VW_DH_TV_VF_nzoth_yogg_cthun_3150260999609839_IN_IV_DR_DS,164911,100.53%,
8T,VW_DH_TV_VF_nzoth_yogg_cthun_3132944765214191_IN_IV_ME_DS,164909,100.53%,
8T,VW_DH_TV_VF_nzoth_yogg_cthun_3150259926392303_IN_IV_ME_DS,164907,100.53%,
8T,VW_DH_VW_VF_nzoth_yogg_cthun_3150243819748847_Mis_AM_ME,164894,100.51%,
8T,VW_DH_VW_VF_nzoth_yogg_cthun_3132791220657647_Mis_IV_DR,164891,100.51%,
8T,VW_DH_TV_VF_nzoth_yogg_cthun_3132814842453487_Mis_IV_DR_DS,164889,100.51%,
8T,AR_EC_VF_nzoth_yogg_cthun_3150313537527279_IN_IV_ME,164874,100.49%,
8T,VW_DH_VW_VF_nzoth_yogg_cthun_3135004202040815_IN_IV_DR_DS,164869,100.48%,
8T,VW_DH_VW_VF_nzoth_yogg_cthun_3133363524525551_IN_IV_ME_DS,164836,100.44%,
8T,VW_DH_VW_VF_yshaarj_nzoth_yogg_3977514650492399_Mis_AM_DR_DS,164828,100.43%,
8T,VW_DH_TV_VF_nzoth_yogg_cthun_3132798736334319_IN_IV_DR,164823,100.43%,
8T,VW_DH_TV_VF_yshaarj_nzoth_yogg_3977498544889327_IN_AM_ME,164821,100.42%,
8T,VW_DH_VW_VF_nzoth_yogg_cthun_3132797663108591_Mis_IV_DR,164792,100.39%,
8T,VW_DH_TV_VF_yshaarj_nzoth_yogg_3977513576758767_IN_AM_ME_DS,164785,100.38%,
8T,VW_DH_VW_VF_nzoth_yogg_cthun_3150260999609839_Mis_AM_ME_DS,164774,100.37%,
8T,VW_DH_VW_VF_yshaarj_nzoth_yogg_3977772348530159_IN_AM_DR,164767,100.36%,
8T,VW_DH_VW_VF_nzoth_yogg_cthun_3150262073351663_IN_IV_ME_DS,164751,100.34%,
8T,VW_DH_TV_VF_nzoth_yogg_cthun_3150260999609839_Mis_AM_DR_DS,164749,100.34%,
8T,VW_DH_TV_VF_nzoth_yogg_cthun_3132806252518911_IN_IV_ME_DS,164745,100.33%,
8T,VW_DH_TV_VF_nzoth_yogg_cthun_3133348492140015_Mis_IV_DR,164737,100.32%,
8T,VW_DH_VW_VF_yshaarj_nzoth_yogg_4049516555984367_Mis_AM_DR,164736,100.32%,
8T,VW_DH_VW_VF_yshaarj_nzoth_yogg_3979712600006127_Mis_AM_DR_DS,164726,100.31%,
8T,VW_DH_VW_VF_nzoth_yogg_cthun_3150259925868031_Mis_IV_DR_DS,164716,100.30%,
8T,VW_DH_VW_VF_yshaarj_nzoth_yogg_4049522998959599_IN_IV_DR_DS,164706,100.28%,
8T,VW_DH_TV_VF_yshaarj_nzoth_yogg_3977515724234223_Mis_AM_ME_DS,164705,100.28%,
8T,VW_DH_TV_VF_nzoth_yogg_cthun_3132927585869295_IN_IV_ME,164687,100.26%,
8T,VW_DH_VW_VF_yshaarj_nzoth_yogg_3977497537732079_IN_AM_DR,164686,100.26%,
8T,VW_DH_TV_VF_nzoth_yogg_cthun_3132799810067951_IN_IV_DR,164682,100.25%,
8T,VW_DH_TV_VF_nzoth_yogg_cthun_3132927585345023_IN_IV_ME,164681,100.25%,
8T,VW_DH_TV_VF_nzoth_yogg_cthun_3132936175279599_Mis_AM_ME,164668,100.24%,
8T,VW_DH_VW_VF_nzoth_yogg_cthun_3133347418398191_Mis_AM_ME,164657,100.22%,
8T,VW_DH_VW_VF_nzoth_yogg_cthun_3132942684839407_Mis_IV_DR_DS,164637,100.20%,
8T,VW_DH_VW_VF_nzoth_yogg_cthun_3132797663108591_IN_IV_DR,164636,100.20%,
8T,VW_DH_VW_VF_nzoth_yogg_cthun_3132944765214191_IN_IV_ME_DS,164636,100.20%,
8T,VW_DH_VW_VF_nzoth_yogg_cthun_3132806252518911_IN_IV_ME_DS,164635,100.20%,
8T,AR_SP_VF_nzoth_yogg_cthun_3150313537527279_Mis_IV_ME,164614,100.17%,
8T,VW_DH_VW_VF_nzoth_yogg_cthun_3132813835820527_IN_IV_ME_DS,164596,100.15%,
8T,VW_DH_VW_VF_nzoth_yogg_cthun_3150243820264943_IN_IV_DR,164587,100.14%,
8T,VW_DH_VW_VF_yshaarj_nzoth_cthun_3696313477946863_Mis_AM_DR_DS,164578,100.13%,
8T,VW_DH_VW_VF_nzoth_yogg_cthun_3132935101537775_Mis_AM_ME,164565,100.11%,
8T,VW_DH_TV_VF_nzoth_yogg_cthun_3132928659086831_Mis_AM_ME,164563,100.11%,
8T,VW_DH_VW_VF_nzoth_yogg_cthun_3135004269141487_Mis_IV_DR_DS,164559,100.11%,
8T,VW_DH_VW_VF_nzoth_yogg_cthun_3132806253043183_IN_IV_ME_DS,164553,100.10%,
8T,VW_DH_TV_VF_nzoth_yogg_cthun_3150253483417071_IN_IV_DR,164539,100.08%,
8T,VW_DH_TV_VF_nzoth_yogg_cthun_3132928659086831_IN_IV_DR,164537,100.08%,
8T,VW_DH_VW_VF_nzoth_yogg_cthun_3132927585353199_IN_IV_DR,164529,100.07%,
8T,VW_DH_TV_VF_nzoth_yogg_cthun_3150259992976879_Mis_AM_ME_DS,164529,100.07%,
8T,AR_EC_VF_yshaarj_nzoth_yogg_3977567121300991_IN_IV_ME,164523,100.06%,
8T,VW_DH_TV_VF_nzoth_yogg_cthun_3132813768719855_Mis_IV_DR_DS,164516,100.05%,
8T,VW_DH_VW_VF_nzoth_yogg_cthun_3132926578712047_Mis_AM_ME,164513,100.05%,
8T,VW_DH_TV_VF_nzoth_yogg_cthun_3132791287242223_IN_IV_DR,164489,100.02%,
8T,VW_DH_TV_VF_yshaarj_nzoth_yogg_3977513643859439_IN_AM_ME_DS,164472,100.00%,
8T,VW_DH_TV_VF_nzoth_yogg_cthun_3132926511603199_IN_IV_DR,164468,99.99%,
8T,VW_DH_TV_VF_nzoth_yogg_cthun_3132951207665135_Mis_IV_DR_DS,164468,99.99%,
8T,VW_DH_VW_VF_yshaarj_nzoth_yogg_4049516555984367_IN_AM_DR,164466,99.99%,
8T,VW_DH_TV_VF_yshaarj_nzoth_cthun_3696297371819503_IN_AM_DR,164466,99.99%,
8T,VW_DH_VW_VF_nzoth_yogg_cthun_3150244960591343_Mis_AM_ME,164438,99.96%,
8T,VW_DH_VW_VF_nzoth_yogg_cthun_3150253483417071_Mis_AM_ME,164425,99.94%,
8T,VW_DH_TV_VF_yshaarj_nzoth_yogg_3977497470623231_Mis_AM_DR,164423,99.94%,
8T,VW_DH_VW_VF_nzoth_yogg_cthun_3150243819748847_Mis_AM_DR,164422,99.94%,
8T,VW_DH_TV_VF_nzoth_yogg_cthun_3132942684839407_IN_IV_ME_DS,164416,99.93%,
8T,AR_EC_VF_nzoth_yogg_cthun_3150313470942703_Mis_IV_ME,164399,99.91%,
8T,VW_DH_TV_VF_nzoth_yogg_cthun_3132935101537775_Mis_AM_DR,164393,99.90%,
8T,VW_DH_VW_VF_nzoth_yogg_cthun_3150518697647599_Mis_AM_ME,164392,99.90%,
8T,AR_SP_VF_yshaarj_nzoth_yogg_3977567121309167_IN_IV_ME,164377,99.88%,
8T,VW_DH_VW_VF_nzoth_yogg_cthun_3132927585345023_IN_IV_ME,164364,99.87%,
8T,VW_DH_TV_VF_nzoth_yogg_cthun_3132927585353199_IN_IV_DR,164336,99.83%,
8T,VW_DH_TV_VF_nzoth_yogg_cthun_3132807393369583_IN_IV_ME_DS,164328,99.82%,
8T,VW_DH_VW_VF_nzoth_yogg_cthun_3132813768711679_Mis_IV_ME_DS,164259,99.74%,
8T,VW_DH_VW_VF_nzoth_yogg_cthun_3150244893490671_Mis_AM_ME,164255,99.74%,
8T,VW_DH_VW_VF_nzoth_yogg_cthun_3132806319627759_Mis_IV_DR_DS,164255,99.74%,
8T,VW_DH_VW_VF_nzoth_yogg_cthun_3134997759581679_IN_IV_DR,164243,99.72%,
8T,VW_DH_VW_VF_yshaarj_nzoth_yogg_3977634909576687_IN_AM_DR,164233,99.71%,
8T,VW_DH_VW_VF_nzoth_yogg_cthun_3132927585869295_Mis_IV_DR,164229,99.70%,
8T,VW_DH_TV_VF_yshaarj_nzoth_yogg_3977788454657519_IN_AM_ME_DS,164219,99.69%,
8T,VW_DH_VW_VF_nzoth_yogg_cthun_3132797729693167_IN_IV_DR,164206,99.68%,
8T,VW_DH_TV_VF_nzoth_yogg_cthun_3150268515802607_Mis_AM_ME_DS,164199,99.67%,
8T,VW_DH_TV_VF_nzoth_yogg_cthun_3132813768719855_IN_IV_DR_DS,164184,99.65%,
8T,VW_DH_VW_VF_nzoth_yogg_cthun_3152458949123567_Mis_AM_ME_DS,164169,99.63%,
8T,VW_DH_VW_VF_yshaarj_nzoth_yogg_4049524072177135_Mis_AM_DR_DS,164166,99.63%,
8T,VW_DH_VW_VF_nzoth_yogg_cthun_3135004202032639_IN_IV_ME_DS,164165,99.63%,
8T,VW_DH_TV_VF_nzoth_yogg_cthun_3150244893482495_Mis_AM_ME,164164,99.63%,
8T,VW_DH_VW_VF_yshaarj_nzoth_yogg_3977499618106863_IN_AM_DR,164156,99.62%,
8T,VW_DH_TV_VF_nzoth_yogg_cthun_3150268515802607_IN_IV_DR_DS,164154,99.61%,
8T,AR_EC_VF_nzoth_yogg_cthun_3150313470942703_IN_IV_ME,164150,99.61%,
8T,VW_DH_TV_VF_yshaarj_nzoth_yogg_4049524072177135_Mis_AM_ME_DS,164122,99.57%,
8T,VW_DH_VW_VF_nzoth_yogg_cthun_3132797662584319_IN_IV_DR,164118,99.57%,
8T,VW_DH_VW_VF_yshaarj_nzoth_yogg_3977651015704047_Mis_AM_DR_DS,164099,99.55%,
8T,VW_DH_TV_VF_nzoth_yogg_cthun_3135012791967215_Mis_IV_DR_DS,164057,99.49%,
8T,VW_DH_TV_VF_nzoth_yogg_cthun_3132943691472367_Mis_AM_ME_DS,164020,99.45%,
8T,VW_DH_TV_VF_nzoth_yogg_cthun_3132926578712047_Mis_AM_DR,164011,99.44%,
8T,VW_DH_VW_VF_nzoth_yogg_cthun_3150260999609839_IN_IV_DR_DS,164011,99.44%,
8T,VW_DH_TV_VF_nzoth_yogg_cthun_3132813769235951_IN_IV_ME_DS,164006,99.43%,
8T,VW_DH_TV_VF_nzoth_yogg_cthun_3132814842453487_IN_IV_DR_DS,164002,99.43%,
8T,VW_DH_TV_VF_yshaarj_nzoth_yogg_3977634909576687_IN_AM_DR,163997,99.42%,
8T,VW_DH_TV_VF_nzoth_yogg_cthun_3132813835820527_IN_IV_ME_DS,163989,99.41%,
8T,VW_DH_VW_VF_nzoth_yogg_cthun_3135012791967215_IN_IV_DR_DS,163978,99.40%,
8T,VW_DH_TV_VF_nzoth_yogg_cthun_3150244894006767_Mis_AM_ME,163967,99.39%,
8T,AR_SP_VF_nzoth_yogg_cthun_3150313537527279_IN_IV_ME,163964,99.38%,
8T,VW_DH_TV_VF_nzoth_yogg_cthun_3133347418398191_Mis_AM_ME,163949,99.36%,
8T,VW_DH_TV_VF_nzoth_yogg_cthun_3132791220657647_IN_IV_DR,163948,99.36%,
8T,VW_DH_VW_VF_nzoth_yogg_cthun_3132799810067951_IN_IV_DR,163936,99.35%,
8T,VW_DH_VW_VF_nzoth_yogg_cthun_3132926511603199_IN_IV_DR,163927,99.34%,
8T,VW_DH_TV_VF_yshaarj_nzoth_yogg_4049523065544175_IN_IV_DR_DS,163923,99.33%,
8T,VW_DH_TV_VF_nzoth_yogg_cthun_3132926512127471_IN_IV_DR,163898,99.30%,
8T,VW_DH_VW_VF_nzoth_yogg_cthun_3132807326268911_Mis_IV_DR_DS,163879,99.28%,
8T,VW_DH_VW_VF_nzoth_yogg_cthun_3132797729693167_Mis_AM_ME,163874,99.27%,
8T,VW_DH_TV_VF_nzoth_yogg_cthun_3132797662584319_Mis_AM_ME,163869,99.27%,
8T,VW_DH_VW_VF_yshaarj_nzoth_yogg_3977497471147503_Mis_AM_DR,163859,99.25%,
8T,VW_DH_TV_VF_nzoth_yogg_cthun_3152458949123567_Mis_AM_DR_DS,163852,99.25%,
8T,VW_DH_VW_VF_yshaarj_nzoth_yogg_3977498544373231_Mis_AM_DR,163842,99.23%,
8T,VW_DH_TV_VF_nzoth_yogg_cthun_3150244893490671_Mis_AM_ME,163827,99.21%,
8T,VW_DH_VW_VF_nzoth_yogg_cthun_3150243819740671_Mis_AM_DR,163802,99.19%,
8T,VW_DH_TV_VF_yshaarj_nzoth_yogg_4049522998959599_IN_IV_DR_DS,163790,99.17%,
8T,VW_DH_TV_VF_nzoth_yogg_cthun_3150519771389423_IN_IV_DR,163790,99.17%,
8T,VW_DH_VW_VF_nzoth_yogg_cthun_3132928659086831_IN_IV_DR,163786,99.17%,
8T,AR_SW_VF_yshaarj_nzoth_yogg_3977567188409839_IN_IV_ME,163772,99.15%,
8T,VW_DH_VW_VF_nzoth_yogg_cthun_3134996685839855_IN_AM_ME,163755,99.13%,
8T,VW_DH_TV_VF_yshaarj_nzoth_yogg_4049516555984367_IN_AM_DR,163755,99.13%,
8T,VW_DH_TV_VF_nzoth_yogg_cthun_3150259925868031_IN_IV_ME_DS,163740,99.11%,
8T,VW_DH_VW_VF_nzoth_yogg_cthun_3150244894006767_Mis_AM_ME,163725,99.09%,
8T,VW_DH_VW_VF_nzoth_yogg_cthun_3132798736326143_IN_IV_ME,163723,99.09%,
8T,VW_DH_VW_VF_nzoth_yogg_cthun_3132807326785007_Mis_IV_ME_DS,163708,99.07%,
8T,AR_EC_VF_nzoth_yogg_cthun_3150313470426607_Mis_IV_ME,163705,99.07%,
8T,VW_DH_TV_VF_nzoth_yogg_cthun_3150244893490671_Mis_AM_DR,163635,98.98%,
8T,VW_DH_TV_VF_nzoth_yogg_cthun_3150244960591343_IN_IV_DR,163632,98.98%,
8T,VW_DH_TV_VF_yshaarj_nzoth_cthun_3696298445561327_Mis_AM_DR,163630,98.98%,
8T,VW_DH_VW_VF_yshaarj_nzoth_cthun_3696298445561327_IN_AM_DR,163626,98.97%,
8T,VW_DH_TV_VF_nzoth_yogg_cthun_3150259925876207_IN_IV_DR_DS,163622,98.97%,
8T,VW_DH_VW_VF_yshaarj_nzoth_yogg_4049524072177135_IN_AM_ME_DS,163616,98.96%,
8T,VW_DH_VW_VF_nzoth_yogg_cthun_3132798803434991_Mis_IV_DR,163616,98.96%,
8T,VW_DH_VW_VF_nzoth_yogg_cthun_3132936175279599_Mis_AM_ME,163612,98.95%,
8T,VW_DH_TV_VF_yshaarj_nzoth_yogg_4049516555984367_Mis_AM_DR,163611,98.95%,
8T,VW_DH_VW_VF_nzoth_yogg_cthun_3132815916195311_IN_IV_ME_DS,163608,98.95%,
8T,VW_DH_TV_VF_nzoth_yogg_cthun_3132942618254831_Mis_IV_DR_DS,163608,98.95%,
8T,VW_DH_TV_VF_nzoth_yogg_cthun_3205372946210287_Mis_AM_ME_DS,163607,98.95%,
8T,VW_DH_TV_VF_nzoth_yogg_cthun_3150244960591343_Mis_AM_DR,163582,98.92%,
8T,VW_DH_TV_VF_nzoth_yogg_cthun_3150534803774959_Mis_AM_ME_DS,163577,98.91%,
8T,VW_DH_VW_VF_nzoth_yogg_cthun_3132806252518911_Mis_IV_DR_DS,163572,98.91%,
8T,VW_DH_TV_VF_nzoth_yogg_cthun_3132813768711679_IN_IV_ME_DS,163555,98.88%,
8T,VW_DH_VW_VF_yshaarj_nzoth_yogg_4049531588369903_Mis_AM_DR_DS,163546,98.87%,
8T,VW_DH_VW_VF_nzoth_yogg_cthun_3132807326260735_Mis_IV_ME_DS,163536,98.86%,
8T,VW_DH_TV_VF_yshaarj_nzoth_yogg_3977499618106863_IN_AM_DR,163536,98.86%,
8T,AR_SP_VF_yshaarj_nzoth_yogg_3977567121300991_IN_IV_ME,163526,98.85%,
8T,VW_DH_VW_VF_nzoth_yogg_cthun_3132926511611375_Mis_AM_ME,163521,98.84%,
8T,VW_DH_VW_VF_nzoth_yogg_cthun_3133348492140015_Mis_IV_DR,163520,98.84%,
8T,VW_DH_VW_VF_nzoth_yogg_cthun_3132813768719855_Mis_IV_DR_DS,163504,98.82%,
8T,VW_DH_TV_VF_yshaarj_nzoth_yogg_3977497537732079_Mis_AM_DR,163496,98.81%,
8T,VW_DH_TV_VF_yshaarj_nzoth_yogg_3977499618106863_Mis_AM_DR,163485,98.80%,
8T,VW_DH_TV_VF_nzoth_yogg_cthun_3132798803434991_Mis_IV_DR,163479,98.79%,
8T,VW_DH_VW_VF_yshaarj_nzoth_yogg_4049660437388783_Mis_AM_DR_DS,163466,98.78%,
8T,VW_DH_VW_VF_yshaarj_nzoth_cthun_3768322899631599_IN_AM_ME_DS,163465,98.78%,
8T,VW_DH_TV_VF_nzoth_yogg_cthun_3150259925876207_Mis_AM_ME_DS,163465,98.77%,
8T,VW_DH_VW_VF_yshaarj_nzoth_yogg_3977498544365055_Mis_AM_DR,163461,98.77%,
8T,AR_SW_VF_yshaarj_nzoth_yogg_3977567121825263_IN_IV_ME,163437,98.74%,
8T,VW_DH_TV_VF_yshaarj_nzoth_yogg_4049525145918959_IN_IV_DR_DS,163437,98.74%,
8T,VW_DH_TV_VF_nzoth_yogg_cthun_3134996685839855_Mis_AM_DR,163425,98.73%,
8T,VW_DH_TV_VF_yshaarj_nzoth_yogg_3977497470623231_IN_AM_DR,163402,98.70%,
8T,VW_DH_VW_VF_nzoth_yogg_cthun_3132942618254831_IN_IV_ME_DS,163400,98.70%,
8T,VW_DH_TV_VF_yshaarj_nzoth_yogg_3977513576750591_IN_AM_ME_DS,163398,98.69%,
8T,VW_DH_TV_VF_yshaarj_nzoth_yogg_3977497470631407_IN_AM_DR,163362,98.65%,
8T,VW_DH_TV_VF_yshaarj_nzoth_yogg_4049660437388783_Mis_AM_ME_DS,163354,98.64%,
8T,VW_DH_TV_VF_nzoth_yogg_cthun_3132798736326143_IN_IV_ME,163348,98.63%,
8T,VW_DH_VW_VF_nzoth_yogg_cthun_3132928659086831_Mis_AM_ME,163325,98.61%,
8T,VW_DH_TV_VF_nzoth_yogg_cthun_3132807326268911_IN_IV_DR_DS,163291,98.56%,
8T,VW_DH_VW_VF_nzoth_yogg_cthun_3132799810067951_Mis_AM_ME,163287,98.56%,
8T,VW_DH_VW_VF_nzoth_yogg_cthun_3132814842453487_IN_IV_DR_DS,163275,98.54%,
8T,VW_DH_VW_VF_nzoth_yogg_cthun_3132936175279599_IN_IV_DR,163267,98.53%,
8T,VW_DH_VW_VF_nzoth_yogg_cthun_3132806252527087_IN_IV_DR_DS,163266,98.53%,
8T,AR_SP_VF_nzoth_yogg_cthun_3150313470942703_IN_IV_ME,163264,98.53%,
8T,VW_DH_VW_VF_nzoth_yogg_cthun_3132943691472367_IN_IV_DR_DS,163254,98.52%,
8T,VW_DH_VW_VF_nzoth_yogg_cthun_3132927585345023_Mis_IV_DR,163249,98.51%,
8T,VW_DH_VW_VF_nzoth_yogg_cthun_3132806253043183_Mis_IV_DR_DS,163207,98.46%,
8T,VW_DH_TV_VF_yshaarj_nzoth_yogg_3977772348530159_Mis_AM_DR,163204,98.46%,
8T,VW_DH_VW_VF_nzoth_yogg_cthun_3150244894006767_IN_IV_DR,163204,98.46%,
8T,VW_DH_VW_VF_nzoth_yogg_cthun_3150259925868031_IN_IV_ME_DS,163203,98.46%,
8T,VW_DH_VW_VF_nzoth_yogg_cthun_3132797662592495_Mis_AM_ME,163194,98.45%,
8T,VW_DH_VW_VF_nzoth_yogg_cthun_3132807393369583_IN_IV_ME_DS,163178,98.43%,
8T,VW_DH_VW_VF_nzoth_yogg_cthun_3132813769235951_Mis_IV_ME_DS,163167,98.41%,
8T,VW_DH_TV_VF_yshaarj_nzoth_yogg_3977513577274863_IN_AM_ME_DS,163167,98.41%,
8T,AR_EC_VF_nzoth_yogg_cthun_3150313470426607_IN_IV_ME,163166,98.41%,
8T,VW_DH_VW_VF_yshaarj_nzoth_yogg_3979697567620591_IN_AM_DR,163152,98.39%,
8T,AR_SP_VF_nzoth_yogg_cthun_3150313470942703_Mis_IV_ME,163148,98.39%,
8T,VW_DH_TV_VF_nzoth_yogg_cthun_3132951207665135_Mis_AM_ME_DS,163143,98.38%,
8T,VW_DH_VW_VF_nzoth_yogg_cthun_3135005275774447_Mis_AM_ME_DS,163137,98.38%,
8T,VW_DH_VW_VF_nzoth_yogg_cthun_3150245967224303_Mis_AM_DR,163128,98.36%,
8T,VW_DH_VW_VF_nzoth_yogg_cthun_3150252409675247_Mis_AM_DR,163118,98.35%,
8T,VW_DH_TV_VF_nzoth_yogg_cthun_3132806319627759_IN_IV_DR_DS,163110,98.34%,
8T,VW_DH_TV_VF_nzoth_yogg_cthun_3132791220133375_IN_IV_DR,163109,98.34%,
8T,VW_DH_VW_VF_nzoth_yogg_cthun_3132926512127471_IN_IV_DR,163109,98.34%,
8T,VW_DH_TV_VF_nzoth_yogg_cthun_3132798736850415_Mis_IV_DR,163097,98.33%,
8T,VW_DH_VW_VF_yshaarj_nzoth_yogg_4049522998443503_Mis_AM_ME_DS,163086,98.31%,
8T,VW_DH_TV_VF_nzoth_yogg_cthun_3132798736850415_IN_IV_DR,163084,98.31%,
8T,VW_DH_VW_VF_nzoth_yogg_cthun_3132942617730559_IN_IV_ME_DS,163079,98.31%,
8T,VW_DH_VW_VF_nzoth_yogg_cthun_3150519771389423_Mis_AM_ME,163069,98.29%,
8T,VW_DH_TV_VF_nzoth_yogg_cthun_3135005275774447_Mis_AM_ME_DS,163048,98.27%,
8T,VW_DH_TV_VF_yshaarj_nzoth_yogg_3977772348530159_IN_AM_DR,163032,98.25%,
8T,VW_DH_VW_VF_yshaarj_nzoth_yogg_3977498611473903_Mis_AM_DR,163027,98.24%,
8T,VW_DH_VW_VF_nzoth_yogg_cthun_3135004202032639_Mis_IV_DR_DS,163025,98.24%,
8T,VW_DH_TV_VF_nzoth_yogg_cthun_3132791220141551_Mis_AM_ME,163009,98.22%,
8T,VW_DH_VW_VF_nzoth_yogg_cthun_3150268515802607_IN_IV_DR_DS,162988,98.20%,
8T,VW_DH_TV_VF_nzoth_yogg_cthun_3132806252527087_IN_IV_DR_DS,162979,98.18%,
8T,VW_DH_VW_VF_nzoth_yogg_cthun_3132942617730559_Mis_IV_DR_DS,162979,98.18%,
8T,VW_DH_VW_VF_nzoth_yogg_cthun_3150259926392303_IN_IV_ME_DS,162965,98.17%,
8T,VW_DH_TV_VF_nzoth_yogg_cthun_3132791287242223_Mis_AM_ME,162958,98.16%,
8T,VW_DH_TV_VF_nzoth_yogg_cthun_3135004269141487_IN_IV_DR_DS,162953,98.15%,
8T,VW_DH_VW_VF_nzoth_yogg_cthun_3132951207665135_Mis_IV_DR_DS,162934,98.13%,
8T,VW_DH_TV_VF_nzoth_yogg_cthun_3132936175279599_IN_IV_DR,162915,98.11%,
8T,VW_DH_TV_VF_nzoth_yogg_cthun_3132798803434991_Mis_AM_ME,162898,98.09%,
8T,VW_DH_TV_VF_nzoth_yogg_cthun_3150259992976879_Mis_AM_DR_DS,162896,98.08%,
8T,VW_DH_TV_VF_nzoth_yogg_cthun_3150262073351663_Mis_AM_ME_DS,162864,98.04%,
8T,VW_DH_VW_VF_yshaarj_nzoth_yogg_4049797876342255_Mis_AM_ME_DS,162859,98.04%,
8T,VW_DH_TV_VF_nzoth_yogg_cthun_3132927652453871_Mis_AM_ME,162848,98.02%,
8T,VW_DH_TV_VF_nzoth_yogg_cthun_3132942617730559_IN_IV_ME_DS,162835,98.01%,
8T,VW_DH_VW_VF_nzoth_yogg_cthun_3135012791967215_Mis_IV_DR_DS,162830,98.00%,
8T,VW_DH_TV_VF_nzoth_yogg_cthun_3135004202556911_IN_IV_DR_DS,162827,98.00%,
8T,VW_DH_VW_VF_yshaarj_nzoth_yogg_3977498544889327_Mis_AM_DR,162821,97.99%,
8T,VW_DH_TV_VF_yshaarj_nzoth_yogg_4049522998435327_IN_IV_DR_DS,162792,97.96%,
8T,VW_DH_TV_VF_nzoth_yogg_cthun_3132943691472367_IN_IV_DR_DS,162785,97.95%,
8T,VW_DH_VW_VF_nzoth_yogg_cthun_3135006349516271_Mis_IV_DR_DS,162771,97.93%,
8T,VW_DH_VW_VF_nzoth_yogg_cthun_3132813768719855_IN_IV_DR_DS,162749,97.90%,
8T,VW_DH_VW_VF_yshaarj_nzoth_yogg_3977773422271983_Mis_AM_DR,162742,97.90%,
8T,VW_DH_TV_VF_nzoth_yogg_cthun_3132927585353199_Mis_AM_ME,162738,97.89%,
8T,VW_DH_VW_VF_nzoth_yogg_cthun_3132814842453487_Mis_IV_DR_DS,162737,97.89%,
8T,VW_DH_VW_VF_nzoth_yogg_cthun_3132791220133375_IN_IV_DR,162709,97.86%,
8T,VW_DH_TV_VF_nzoth_yogg_cthun_3132807326260735_IN_IV_ME_DS,162705,97.85%,
8T,VW_DH_VW_VF_nzoth_yogg_cthun_3132813769235951_IN_IV_ME_DS,162700,97.85%,
8T,VW_DH_VW_VF_yshaarj_nzoth_yogg_4049525145918959_Mis_AM_ME_DS,162686,97.83%,
8T,VW_DH_VW_VF_nzoth_yogg_cthun_3132944765214191_Mis_IV_DR_DS,162657,97.79%,
8T,VW_DH_TV_VF_nzoth_yogg_cthun_3132808400002543_IN_IV_DR_DS,162655,97.79%,
8T,VW_DH_VW_VF_nzoth_yogg_cthun_3132926512127471_Mis_AM_ME,162629,97.76%,
8T,VW_DH_TV_VF_yshaarj_nzoth_yogg_3977497537732079_IN_AM_DR,162615,97.74%,
8T,VW_DH_VW_VF_yshaarj_nzoth_yogg_3977514650492399_IN_AM_DR_DS,162609,97.73%,
8T,VW_DH_VW_VF_nzoth_yogg_cthun_3132942618254831_Mis_IV_DR_DS,162605,97.73%,
8T,VW_DH_TV_VF_yshaarj_nzoth_yogg_3977635983318511_Mis_AM_DR,162602,97.73%,
8T,VW_DH_TV_VF_yshaarj_nzoth_yogg_4049660437388783_Mis_AM_DR_DS,162596,97.72%,
8T,VW_DH_VW_VF_yshaarj_nzoth_yogg_3979712600006127_IN_AM_DR_DS,162587,97.71%,
8T,VW_DH_VW_VF_nzoth_yogg_cthun_3132926578712047_Mis_AM_DR,162574,97.69%,
8T,VW_DH_TV_VF_nzoth_yogg_cthun_3132807393369583_Mis_IV_DR_DS,162572,97.69%,
8T,VW_DH_VW_VF_nzoth_yogg_cthun_3135004202556911_Mis_IV_DR_DS,162570,97.69%,
8T,VW_DH_TV_VF_nzoth_yogg_cthun_3150259925868031_Mis_AM_ME_DS,162564,97.68%,
8T,VW_DH_VW_VF_nzoth_yogg_cthun_3132791287242223_IN_IV_DR,162540,97.65%,
8T,VW_DH_TV_VF_nzoth_yogg_cthun_3133347418398191_IN_AM_ME,162540,97.65%,
8T,VW_DH_VW_VF_nzoth_yogg_cthun_3150259925876207_IN_IV_DR_DS,162529,97.64%,
8T,VW_DH_TV_VF_nzoth_yogg_cthun_3150519771389423_Mis_AM_DR,162528,97.64%,
8T,VW_DH_VW_VF_nzoth_yogg_cthun_3132927585353199_Mis_AM_ME,162520,97.63%,
8T,VW_DH_TV_VF_yshaarj_nzoth_yogg_3977497471147503_IN_AM_DR,162514,97.62%,
8T,VW_DH_TV_VF_nzoth_yogg_cthun_3132926512127471_Mis_AM_DR,162510,97.61%,
8T,VW_DH_TV_VF_nzoth_yogg_cthun_3132926511603199_Mis_AM_DR,162502,97.60%,
8T,VW_DH_TV_VF_nzoth_yogg_cthun_3135006349516271_IN_IV_DR_DS,162497,97.60%,
8T,AR_EC_VF_nzoth_yogg_cthun_3132867313786351_IN_IV_ME,162493,97.59%,
8T,VW_DH_TV_VF_nzoth_yogg_cthun_3150259926392303_Mis_AM_ME_DS,162484,97.58%,
8T,VW_DH_TV_VF_nzoth_yogg_cthun_3150259992976879_IN_IV_DR_DS,162463,97.56%,
8T,VW_DH_TV_VF_yshaarj_nzoth_yogg_4049524072177135_Mis_AM_DR_DS,162460,97.55%,
8T,AR_EC_VF_yshaarj_nzoth_yogg_3977567121825263_IN_AM_ME,162454,97.55%,
8T,AR_SW_VF_nzoth_yogg_cthun_3150313537527279_Mis_IV_ME,162441,97.53%,
8T,VW_DH_VW_VF_nzoth_yogg_cthun_3150243820264943_Mis_AM_DR,162440,97.53%,
8T,VW_DH_VW_VF_nzoth_yogg_cthun_3150259992976879_IN_IV_DR_DS,162427,97.51%,
8T,VW_DH_VW_VF_nzoth_yogg_cthun_3205372946210287_Mis_AM_ME_DS,162396,97.48%,
8T,VW_DH_VW_VF_yshaarj_nzoth_yogg_3977513576750591_Mis_AM_DR_DS,162389,97.47%,
8T,VW_DH_VW_VF_nzoth_yogg_cthun_3132807326785007_IN_IV_ME_DS,162387,97.46%,
8T,VW_DH_TV_VF_nzoth_yogg_cthun_3133348492140015_Mis_AM_ME,162385,97.46%,
8T,VW_DH_VW_VF_nzoth_yogg_cthun_3132808400002543_Mis_IV_DR_DS,162376,97.45%,
8T,VW_DH_TV_VF_nzoth_yogg_cthun_3132798736326143_Mis_IV_DR,162368,97.44%,
8T,VW_DH_VW_VF_nzoth_yogg_cthun_3150519771389423_IN_IV_DR,162361,97.43%,
8T,VW_DH_VW_VF_yshaarj_nzoth_yogg_4049523065544175_Mis_AM_ME_DS,162342,97.41%,
8T,VW_DH_VW_VF_nzoth_yogg_cthun_3132926511603199_Mis_AM_ME,162336,97.40%,
8T,VW_DH_VW_VF_nzoth_yogg_cthun_3133363524525551_Mis_IV_DR_DS,162331,97.40%,
8T,VW_DH_TV_VF_nzoth_yogg_cthun_3132813835820527_IN_IV_DR_DS,162331,97.40%,
8T,VW_DH_TV_VF_yshaarj_nzoth_yogg_3979697567620591_IN_AM_DR,162326,97.39%,
8T,VW_DH_TV_VF_yshaarj_nzoth_yogg_4049531588369903_Mis_AM_DR_DS,162325,97.39%,
8T,AR_EC_VF_nzoth_yogg_cthun_3150313470418431_IN_IV_ME,162312,97.37%,
8T,VW_DH_VW_VF_nzoth_yogg_cthun_3132813768711679_IN_IV_ME_DS,162311,97.37%,
8T,VW_DH_TV_VF_nzoth_yogg_cthun_3132797662592495_Mis_AM_DR,162303,97.36%,
8T,VW_DH_TV_VF_nzoth_yogg_cthun_3132807326785007_IN_IV_ME_DS,162294,97.35%,
8T,VW_DH_TV_VF_nzoth_yogg_cthun_3132927652453871_IN_IV_DR,162294,97.35%,
8T,VW_DH_VW_VF_nzoth_yogg_cthun_3133348492140015_Mis_AM_ME,162255,97.30%,
8T,VW_DH_TV_VF_nzoth_yogg_cthun_3150244893482495_IN_IV_DR,162244,97.29%,
8T,VW_DH_TV_VF_nzoth_yogg_cthun_3132815916195311_Mis_IV_DR_DS,162233,97.28%,
8T,VW_DH_VW_VF_nzoth_yogg_cthun_3132806319627759_IN_IV_DR_DS,162209,97.25%,
8T,VW_DH_VW_VF_yshaarj_nzoth_yogg_4049531588369903_IN_AM_DR_DS,162203,97.24%,
8T,VW_DH_VW_VF_nzoth_yogg_cthun_3150244893490671_Mis_AM_DR,162180,97.21%,
8T,VW_DH_VW_VF_nzoth_yogg_cthun_3132797662584319_Mis_AM_ME,162167,97.20%,
8T,VW_DH_TV_VF_nzoth_yogg_cthun_3132942617738735_IN_IV_DR_DS,162161,97.19%,
8T,VW_DH_VW_VF_nzoth_yogg_cthun_3150268515802607_Mis_AM_ME_DS,162158,97.19%,
8T,VW_DH_VW_VF_nzoth_yogg_cthun_3150244960591343_IN_IV_DR,162155,97.18%,
8T,VW_DH_TV_VF_nzoth_yogg_cthun_3132926511611375_Mis_AM_DR,162146,97.17%,
8T,VW_DH_TV_VF_yshaarj_nzoth_yogg_3977497471147503_Mis_AM_DR,162142,97.17%,
8T,VW_DH_TV_VF_yshaarj_nzoth_yogg_3977651015704047_Mis_AM_DR_DS,162139,97.16%,
8T,VW_DH_VW_VF_nzoth_yogg_cthun_3135004269141487_IN_IV_DR_DS,162135,97.16%,
8T,VW_DH_TV_VF_yshaarj_nzoth_yogg_3977514650492399_Mis_AM_DR_DS,162129,97.15%,
8T,AR_EC_VF_nzoth_yogg_cthun_3150313470418431_Mis_IV_ME,162127,97.15%,
8T,VW_DH_VW_VF_yshaarj_nzoth_yogg_3977497471147503_IN_AM_DR,162117,97.14%,
8T,VW_DH_VW_VF_nzoth_yogg_cthun_3132815916195311_Mis_IV_DR_DS,162114,97.13%,
8T,VW_DH_TV_VF_yshaarj_nzoth_yogg_3979697567620591_Mis_AM_DR,162081,97.09%,
8T,VW_DH_TV_VF_nzoth_yogg_cthun_3132928659086831_Mis_AM_DR,162077,97.09%,
8T,VW_DH_TV_VF_nzoth_yogg_cthun_3150253483417071_Mis_AM_DR,162075,97.09%,
8T,VW_DH_TV_VF_nzoth_yogg_cthun_3150252409675247_IN_AM_ME,162070,97.08%,
8T,VW_DH_TV_VF_nzoth_yogg_cthun_3150534803774959_IN_IV_DR_DS,162052,97.06%,
8T,VW_DH_VW_VF_yshaarj_nzoth_yogg_3977788454657519_Mis_AM_DR_DS,162039,97.04%,
8T,VW_DH_TV_VF_nzoth_yogg_cthun_3134997759581679_IN_AM_ME,162032,97.03%,
8T,VW_DH_VW_VF_nzoth_yogg_cthun_3132926511611375_Mis_AM_DR,162027,97.03%,
8T,VW_DH_TV_VF_nzoth_yogg_cthun_3133348492140015_IN_IV_DR,162024,97.02%,
8T,VW_DH_VW_VF_nzoth_yogg_cthun_3150244893482495_Mis_AM_ME,162009,97.01%,
8T,VW_DH_VW_VF_nzoth_yogg_cthun_3134997759581679_Mis_AM_ME,161996,96.99%,
8T,VW_DH_VW_VF_nzoth_yogg_cthun_3150244960591343_Mis_AM_DR,161992,96.98%,
8T,VW_DH_VW_VF_yshaarj_nzoth_yogg_3977513576758767_Mis_AM_DR_DS,161976,96.96%,
8T,VW_DH_TV_VF_nzoth_yogg_cthun_3150245967224303_IN_AM_ME,161975,96.96%,
8T,VW_DH_TV_VF_nzoth_yogg_cthun_3132798736334319_Mis_AM_ME,161959,96.94%,
8T,VW_DH_VW_VF_yshaarj_nzoth_cthun_3768322899631599_Mis_AM_DR_DS,161957,96.94%,
8T,VW_DH_VW_VF_nzoth_yogg_cthun_3134997759581679_IN_AM_ME,161938,96.92%,
8T,VW_DH_TV_VF_nzoth_yogg_cthun_3150259925876207_Mis_AM_DR_DS,161932,96.91%,
8T,VW_DH_VW_VF_yshaarj_nzoth_cthun_3696313477946863_IN_AM_DR_DS,161898,96.87%,
8T,VW_DH_TV_VF_nzoth_yogg_cthun_3132797662584319_IN_AM_ME,161869,96.84%,
8T,VW_DH_TV_VF_nzoth_yogg_cthun_3132791220657647_Mis_AM_ME,161861,96.83%,
8T,AR_EC_VF_nzoth_yogg_cthun_3132996229389807_IN_IV_ME,161851,96.81%,
8T,VW_DH_TV_VF_nzoth_yogg_cthun_3132806252527087_Mis_AM_ME_DS,161840,96.80%,
8T,VW_DH_TV_VF_nzoth_yogg_cthun_3150262073351663_IN_IV_DR_DS,161823,96.78%,
8T,VW_DH_TV_VF_nzoth_yogg_cthun_3132814842453487_Mis_AM_ME_DS,161818,96.77%,
8T,VW_DH_TV_VF_yshaarj_nzoth_yogg_3979712600006127_IN_AM_DR_DS,161816,96.77%,
8T,VW_DH_TV_VF_nzoth_yogg_cthun_3135012791967215_Mis_AM_ME_DS,161800,96.75%,
8T,VW_DH_VW_VF_nzoth_yogg_cthun_3133347418398191_IN_AM_ME,161791,96.74%,
8T,VW_DH_VW_VF_nzoth_yogg_cthun_3135006349516271_IN_IV_DR_DS,161782,96.73%,
8T,VW_DH_TV_VF_nzoth_yogg_cthun_3132806252518911_IN_IV_DR_DS,161781,96.73%,
8T,AR_EC_VF_nzoth_yogg_cthun_3150313537527279_Mis_IV_DR,161767,96.71%,
8T,VW_DH_TV_VF_nzoth_yogg_cthun_3132797662592495_IN_AM_ME,161749,96.69%,
8T,VW_DH_TV_VF_yshaarj_nzoth_cthun_3696298445561327_IN_AM_DR,161716,96.65%,
8T,VW_DH_VW_VF_yshaarj_nzoth_yogg_3977513643859439_Mis_AM_DR_DS,161707,96.64%,
8T,VW_DH_TV_VF_nzoth_yogg_cthun_3132927585869295_Mis_AM_ME,161700,96.63%,
8T,VW_DH_TV_VF_nzoth_yogg_cthun_3132791220133375_Mis_AM_ME,161691,96.62%,
8T,VW_DH_TV_VF_yshaarj_nzoth_yogg_4049524072177135_IN_AM_ME_DS,161664,96.58%,
8T,VW_DH_VW_VF_nzoth_yogg_cthun_3150259992976879_Mis_AM_ME_DS,161662,96.58%,
8T,VW_DH_TV_VF_nzoth_yogg_cthun_3132806253043183_IN_IV_DR_DS,161648,96.57%,
8T,AR_EC_VF_nzoth_yogg_cthun_3132858723859951_IN_IV_ME,161647,96.56%,
8T,VW_DH_TV_VF_nzoth_yogg_cthun_3132813835820527_Mis_IV_DR_DS,161646,96.56%,
8T,AR_SP_VF_nzoth_yogg_cthun_3150313537527279_Mis_IV_DR,161641,96.56%,
8T,VW_DH_TV_VF_nzoth_yogg_cthun_3135005275774447_Mis_AM_DR_DS,161640,96.56%,
8T,VW_DH_TV_VF_nzoth_yogg_cthun_3132798803434991_IN_IV_DR,161637,96.55%,
8T,VW_DH_VW_VF_nzoth_yogg_cthun_3132927652453871_IN_IV_DR,161636,96.55%,
8T,AR_EC_VF_nzoth_yogg_cthun_3132996229389807_Mis_IV_ME,161617,96.53%,
8T,VW_DH_VW_VF_nzoth_yogg_cthun_3132791287242223_Mis_AM_ME,161617,96.53%,
8T,VW_DH_VW_VF_nzoth_yogg_cthun_3132807326260735_IN_IV_ME_DS,161614,96.52%,
8T,VW_DH_TV_VF_nzoth_yogg_cthun_3135004202040815_Mis_AM_ME_DS,161606,96.51%,
8T,VW_DH_VW_VF_yshaarj_nzoth_yogg_3977635983318511_IN_AM_DR,161600,96.51%,
8T,AR_SW_VF_yshaarj_nzoth_yogg_3977567121300991_IN_IV_ME,161599,96.51%,
8T,AR_SP_VF_nzoth_yogg_cthun_3132996162805231_IN_IV_ME,161593,96.50%,
8T,VW_DH_VW_VF_nzoth_yogg_cthun_3133348492140015_IN_IV_DR,161588,96.49%,
8T,VW_DH_VW_VF_nzoth_yogg_cthun_3150518697647599_Mis_AM_DR,161587,96.49%,
8T,VW_DH_TV_VF_nzoth_yogg_cthun_3133363524525551_IN_IV_DR_DS,161560,96.46%,
8T,VW_DH_TV_VF_nzoth_yogg_cthun_3132951207665135_IN_IV_DR_DS,161549,96.45%,
8T,VW_DH_VW_VF_yshaarj_nzoth_yogg_4049525145918959_IN_AM_ME_DS,161549,96.45%,
8T,VW_DH_VW_VF_yshaarj_nzoth_yogg_4049660437388783_IN_AM_ME_DS,161539,96.43%,
8T,VW_DH_TV_VF_yshaarj_nzoth_yogg_3979712600006127_Mis_AM_DR_DS,161535,96.43%,
8T,VW_DH_TV_VF_yshaarj_nzoth_yogg_4049525145918959_Mis_AM_ME_DS,161528,96.42%,
8T,AR_SP_VF_nzoth_yogg_cthun_3132996229389807_IN_IV_ME,161525,96.42%,
8T,VW_DH_VW_VF_nzoth_yogg_cthun_3132943691472367_Mis_AM_ME_DS,161521,96.41%,
8T,VW_DH_VW_VF_nzoth_yogg_cthun_3132791220657647_IN_IV_DR,161519,96.41%,
8T,VW_DH_VW_VF_nzoth_yogg_cthun_3132813835820527_Mis_IV_DR_DS,161510,96.40%,
8T,VW_DH_VW_VF_nzoth_yogg_cthun_3132797662592495_IN_AM_ME,161503,96.39%,
8T,AR_SP_VF_nzoth_yogg_cthun_3150313470426607_IN_IV_ME,161502,96.39%,
8T,VW_DH_VW_VF_nzoth_yogg_cthun_3135004202556911_IN_IV_DR_DS,161490,96.37%,
8T,VW_DH_TV_VF_yshaarj_nzoth_yogg_3977513576758767_Mis_AM_DR_DS,161480,96.36%,
8T,VW_DH_VW_VF_nzoth_yogg_cthun_3205372946210287_IN_AM_ME_DS,161455,96.33%,
8T,VW_DH_TV_VF_nzoth_yogg_cthun_3132927585345023_Mis_AM_ME,161454,96.33%,
8T,VW_DH_TV_VF_nzoth_yogg_cthun_3150243886849519_IN_AM_ME,161452,96.33%,
8T,VW_DH_VW_VF_yshaarj_nzoth_yogg_3977515724234223_Mis_AM_DR_DS,161434,96.31%,
8T,VW_DH_VW_VF_nzoth_yogg_cthun_3132798803434991_IN_IV_DR,161431,96.30%,
8T,VW_DH_TV_VF_nzoth_yogg_cthun_3132807326260735_Mis_IV_DR_DS,161411,96.28%,
8T,VW_DH_TV_VF_nzoth_yogg_cthun_3132935101537775_IN_AM_ME,161409,96.27%,
8T,AR_SW_VF_yshaarj_nzoth_yogg_3977567121309167_IN_IV_ME,161403,96.27%,
8T,VW_DH_TV_VF_nzoth_yogg_cthun_3150244894006767_IN_IV_DR,161399,96.26%,
8T,VW_DH_TV_VF_nzoth_yogg_cthun_3150534803774959_Mis_AM_DR_DS,161383,96.24%,
8T,VW_DH_TV_VF_nzoth_yogg_cthun_3132806319627759_Mis_AM_ME_DS,161380,96.24%,
8T,VW_DH_VW_VF_nzoth_yogg_cthun_3132807326268911_IN_IV_DR_DS,161378,96.24%,
8T,VW_DH_VW_VF_nzoth_yogg_cthun_3150244893482495_IN_IV_DR,161357,96.21%,
8T,VW_DH_TV_VF_nzoth_yogg_cthun_3135004269141487_Mis_AM_ME_DS,161354,96.21%,
8T,VW_DH_TV_VF_nzoth_yogg_cthun_3150244893482495_Mis_AM_DR,161333,96.18%,
8T,AR_SP_VF_nzoth_yogg_cthun_3132859864178159_IN_IV_ME,161322,96.17%,
8T,VW_DH_TV_VF_nzoth_yogg_cthun_3132797729693167_IN_AM_ME,161318,96.16%,
8T,VW_DH_VW_VF_nzoth_yogg_cthun_3132798803434991_Mis_AM_ME,161316,96.16%,
8T,VW_DH_TV_VF_nzoth_yogg_cthun_3132942684839407_Mis_AM_ME_DS,161313,96.16%,
8T,AR_SP_VF_nzoth_yogg_cthun_3132858790960623_IN_IV_ME,161305,96.15%,
8T,VW_DH_TV_VF_yshaarj_nzoth_cthun_3696313477946863_Mis_AM_DR_DS,161292,96.13%,
8T,AR_EC_VF_yshaarj_nzoth_yogg_3977567188409839_IN_AM_ME,161288,96.13%,
8T,VW_DH_TV_VF_yshaarj_nzoth_yogg_4049522998443503_Mis_AM_ME_DS,161282,96.12%,
8T,VW_DH_VW_VF_nzoth_yogg_cthun_3150534803774959_IN_IV_DR_DS,161275,96.11%,
8T,AR_EC_VF_nzoth_yogg_cthun_3132996162805231_IN_IV_ME,161265,96.10%,
8T,VW_DH_TV_VF_yshaarj_nzoth_yogg_4049525145918959_IN_AM_ME_DS,161262,96.10%,
8T,VW_DH_TV_VF_yshaarj_nzoth_yogg_3977773422271983_Mis_AM_DR,161255,96.09%,
8T,VW_DH_TV_VF_yshaarj_nzoth_yogg_3977498544373231_Mis_AM_DR,161232,96.06%,
8T,VW_DH_VW_VF_nzoth_yogg_cthun_3134996685839855_Mis_AM_DR,161232,96.06%,
8T,VW_DH_VW_VF_nzoth_yogg_cthun_3133363524525551_IN_IV_DR_DS,161216,96.04%,
8T,VW_DH_TV_VF_nzoth_yogg_cthun_3133363524525551_Mis_IV_DR_DS,161213,96.04%,
8T,AR_SP_VF_nzoth_yogg_cthun_3132996229389807_Mis_IV_ME,161213,96.04%,
8T,VW_DH_VW_VF_nzoth_yogg_cthun_3132791220657647_Mis_AM_ME,161190,96.01%,
8T,AR_EC_VF_yshaarj_nzoth_yogg_3977567188409839_IN_IV_DR,161186,96.00%,
8T,VW_DH_VW_VF_nzoth_yogg_cthun_3150243886849519_IN_AM_ME,161177,95.99%,
8T,VW_DH_TV_VF_nzoth_yogg_cthun_3132813769235951_Mis_IV_DR_DS,161173,95.99%,
8T,VW_DH_VW_VF_nzoth_yogg_cthun_3135005275774447_IN_AM_ME_DS,161167,95.98%,
8T,VW_DH_TV_VF_nzoth_yogg_cthun_3132797729693167_Mis_AM_DR,161163,95.98%,
8T,VW_DH_VW_VF_nzoth_yogg_cthun_3132926511603199_Mis_AM_DR,161149,95.96%,
8T,VW_DH_TV_VF_yshaarj_nzoth_yogg_4049797876342255_Mis_AM_ME_DS,161138,95.95%,
8T,VW_DH_VW_VF_nzoth_yogg_cthun_3150259925876207_Mis_AM_ME_DS,161131,95.94%,
8T,VW_DH_VW_VF_nzoth_yogg_cthun_3132935101537775_IN_AM_ME,161117,95.92%,
8T,VW_DH_VW_VF_nzoth_yogg_cthun_3150259926392303_Mis_AM_ME_DS,161101,95.90%,
8T,VW_DH_VW_VF_nzoth_yogg_cthun_3132797663108591_Mis_AM_ME,161088,95.89%,
8T,VW_DH_VW_VF_yshaarj_nzoth_yogg_4049797876342255_IN_AM_ME_DS,161078,95.87%,
8T,AR_EC_VF_nzoth_yogg_cthun_3150313537527279_IN_IV_DR,161074,95.87%,
8T,VW_DH_VW_VF_yshaarj_nzoth_yogg_4049522998435327_Mis_AM_ME_DS,161073,95.87%,
8T,VW_DH_TV_VF_nzoth_yogg_cthun_3135006349516271_Mis_AM_ME_DS,161066,95.86%,
8T,VW_DH_TV_VF_nzoth_yogg_cthun_3132927585869295_IN_IV_DR,161048,95.84%,
8T,VW_DH_VW_VF_nzoth_yogg_cthun_3152458949123567_Mis_AM_DR_DS,161048,95.84%,
8T,VW_DH_VW_VF_nzoth_yogg_cthun_3132942617738735_IN_IV_DR_DS,161038,95.82%,
8T,VW_DH_TV_VF_yshaarj_nzoth_yogg_4049531588369903_IN_AM_DR_DS,161026,95.81%,
8T,VW_DH_VW_VF_nzoth_yogg_cthun_3132798736326143_IN_IV_DR,161016,95.80%,
8T,VW_DH_VW_VF_yshaarj_nzoth_yogg_3977513577274863_Mis_AM_DR_DS,161000,95.78%,
8T,VW_DH_VW_VF_nzoth_yogg_cthun_3132928659086831_Mis_AM_DR,160998,95.78%,
8T,VW_DH_VW_VF_nzoth_yogg_cthun_3150252409675247_IN_AM_ME,160989,95.76%,
8T,VW_DH_VW_VF_nzoth_yogg_cthun_3132798736326143_Mis_IV_DR,160977,95.75%,
8T,AR_EC_VF_nzoth_yogg_cthun_3132859797593583_IN_IV_ME,160966,95.74%,
8T,VW_DH_TV_VF_nzoth_yogg_cthun_3132791287242223_Mis_AM_DR,160933,95.70%,
8T,AR_SP_VF_nzoth_yogg_cthun_3132859058871791_IN_IV_ME,160915,95.67%,
8T,VW_DH_VW_VF_nzoth_yogg_cthun_3132806252518911_IN_IV_DR_DS,160911,95.67%,
8T,AR_EC_VF_nzoth_yogg_cthun_3132996162805231_Mis_IV_ME,160906,95.66%,
8T,VW_DH_TV_VF_nzoth_yogg_cthun_3132799810067951_IN_AM_ME,160897,95.65%,
8T,AR_EC_VF_nzoth_yogg_cthun_3132858790960623_Mis_IV_ME,160896,95.65%,
8T,VW_DH_TV_VF_nzoth_yogg_cthun_3132791220141551_Mis_AM_DR,160894,95.65%,
8T,VW_DH_VW_VF_nzoth_yogg_cthun_3132798736850415_IN_IV_DR,160893,95.65%,
8T,VW_DH_VW_VF_nzoth_yogg_cthun_3150245967224303_IN_AM_ME,160888,95.64%,
8T,AR_EC_VF_nzoth_yogg_cthun_3132859797077487_IN_IV_ME,160878,95.63%,
8T,VW_DH_TV_VF_yshaarj_nzoth_yogg_3977514650492399_IN_AM_DR_DS,160876,95.63%,
8T,VW_DH_VW_VF_nzoth_yogg_cthun_3132935101537775_Mis_AM_DR,160846,95.59%,
8T,VW_DH_VW_VF_nzoth_yogg_cthun_3132806253043183_IN_IV_DR_DS,160830,95.57%,
8T,VW_DH_TV_VF_nzoth_yogg_cthun_3150243819748847_IN_AM_ME,160829,95.57%,
8T,VW_DH_VW_VF_yshaarj_nzoth_yogg_4049522998443503_IN_AM_ME_DS,160824,95.56%,
8T,VW_DH_TV_VF_nzoth_yogg_cthun_3132808400002543_Mis_AM_ME_DS,160816,95.55%,
8T,VW_DH_VW_VF_nzoth_yogg_cthun_3150262073351663_IN_IV_DR_DS,160810,95.55%,
8T,VW_DH_VW_VF_nzoth_yogg_cthun_3132807393369583_Mis_IV_DR_DS,160808,95.54%,
8T,VW_DH_VW_VF_nzoth_yogg_cthun_3135012791967215_Mis_AM_ME_DS,160796,95.53%,
8T,VW_DH_VW_VF_nzoth_yogg_cthun_3132927585869295_Mis_AM_ME,160767,95.49%,
8T,VW_DH_VW_VF_yshaarj_nzoth_yogg_3977498611473903_IN_AM_DR,160766,95.49%,
8T,VW_DH_VW_VF_nzoth_yogg_cthun_3150262073351663_Mis_AM_ME_DS,160746,95.47%,
8T,VW_DH_VW_VF_yshaarj_nzoth_yogg_4049522998959599_Mis_AM_ME_DS,160736,95.46%,
8T,AR_SP_VF_nzoth_yogg_cthun_3132859797593583_IN_IV_ME,160713,95.43%,
8T,VW_DH_TV_VF_yshaarj_nzoth_cthun_3768322899631599_IN_AM_ME_DS,160707,95.42%,
8T,AR_EC_VF_nzoth_yogg_cthun_3132859864178159_IN_IV_ME,160704,95.42%,
8T,AR_EC_VF_nzoth_yogg_cthun_3132996162289135_Mis_IV_ME,160700,95.41%,
8T,VW_DH_VW_VF_nzoth_yogg_cthun_3150519771389423_Mis_AM_DR,160696,95.41%,
8T,VW_DH_VW_VF_yshaarj_nzoth_yogg_4049523065544175_IN_AM_ME_DS,160688,95.40%,
8T,AR_EC_VF_nzoth_yogg_cthun_3132996162289135_IN_IV_ME,160687,95.40%,
8T,VW_DH_VW_VF_nzoth_yogg_cthun_3132927652453871_Mis_AM_ME,160684,95.39%,
8T,VW_DH_VW_VF_nzoth_yogg_cthun_3150259992976879_Mis_AM_DR_DS,160679,95.39%,
8T,VW_DH_VW_VF_nzoth_yogg_cthun_3132791220141551_Mis_AM_ME,160678,95.39%,
8T,VW_DH_TV_VF_nzoth_yogg_cthun_3150244894006767_Mis_AM_DR,160676,95.38%,
8T,VW_DH_TV_VF_yshaarj_nzoth_yogg_4049523065544175_Mis_AM_ME_DS,160671,95.38%,
8T,VW_DH_TV_VF_yshaarj_nzoth_cthun_3768322899631599_Mis_AM_DR_DS,160669,95.38%,
8T,VW_DH_TV_VF_nzoth_yogg_cthun_3135005275774447_IN_AM_ME_DS,160667,95.37%,
8T,AR_SP_VF_nzoth_yogg_cthun_3132867313786351_IN_IV_ME,160637,95.34%,
8T,VW_DH_VW_VF_yshaarj_nzoth_yogg_4049522998443503_Mis_AM_DR_DS,160636,95.33%,
8T,VW_DH_VW_VF_nzoth_yogg_cthun_3150260999609839_Mis_AM_DR_DS,160628,95.32%,
8T,AR_SW_VF_nzoth_yogg_cthun_3150313470942703_Mis_IV_ME,160620,95.32%,
8T,VW_DH_TV_VF_nzoth_yogg_cthun_3132798736850415_Mis_AM_ME,160589,95.28%,
8T,VW_DH_TV_VF_nzoth_yogg_cthun_3205372946210287_Mis_AM_DR_DS,160588,95.28%,
8T,VW_DH_TV_VF_nzoth_yogg_cthun_3132807326785007_Mis_IV_DR_DS,160569,95.25%,
8T,VW_DH_TV_VF_nzoth_yogg_cthun_3150259926392303_IN_IV_DR_DS,160563,95.25%,
8T,VW_DH_VW_VF_nzoth_yogg_cthun_3132814842453487_Mis_AM_ME_DS,160557,95.24%,
8T,AR_EC_VF_nzoth_yogg_cthun_3132859058871791_IN_IV_ME,160554,95.24%,
8T,AR_EC_VF_yshaarj_nzoth_yogg_3977567121825263_IN_IV_DR,160545,95.22%,
8T,AR_SP_VF_yshaarj_nzoth_yogg_3977567188409839_IN_IV_DR,160537,95.21%,
8T,VW_DH_VW_VF_nzoth_yogg_cthun_3132798736850415_Mis_IV_DR,160532,95.21%,
8T,VW_DH_TV_VF_nzoth_yogg_cthun_3132815916195311_IN_IV_DR_DS,160524,95.20%,
8T,VW_DH_TV_VF_yshaarj_nzoth_yogg_3977635983318511_IN_AM_DR,160505,95.18%,
8T,VW_DH_VW_VF_nzoth_yogg_cthun_3132951207665135_Mis_AM_ME_DS,160503,95.17%,
8T,VW_DH_VW_VF_nzoth_yogg_cthun_3135004202040815_Mis_AM_ME_DS,160495,95.16%,
8T,AR_EC_VF_nzoth_yogg_cthun_3150313537527279_Mis_AM_ME,160488,95.16%,
8T,VW_DH_VW_VF_nzoth_yogg_cthun_3135004269141487_Mis_AM_ME_DS,160457,95.12%,
8T,AR_EC_VF_nzoth_yogg_cthun_3150313470426607_Mis_IV_DR,160446,95.10%,
8T,VW_DH_VW_VF_nzoth_yogg_cthun_3133363524525551_Mis_AM_ME_DS,160442,95.10%,
8T,VW_DH_TV_VF_yshaarj_nzoth_yogg_3977498544365055_Mis_AM_DR,160441,95.10%,
8T,VW_DH_VW_VF_nzoth_yogg_cthun_3132798736334319_Mis_AM_ME,160441,95.10%,
8T,VW_DH_TV_VF_nzoth_yogg_cthun_3150243819740671_IN_AM_ME,160435,95.09%,
8T,VW_DH_VW_VF_nzoth_yogg_cthun_3150518697647599_IN_AM_ME,160425,95.08%,
8T,VW_DH_TV_VF_nzoth_yogg_cthun_3132797663108591_IN_AM_ME,160421,95.07%,
8T,VW_DH_VW_VF_yshaarj_nzoth_yogg_4049523065544175_Mis_AM_DR_DS,160417,95.07%,
8T,VW_DH_TV_VF_nzoth_yogg_cthun_3135004202032639_IN_IV_DR_DS,160401,95.05%,
8T,AR_EC_VF_nzoth_yogg_cthun_3132859797593583_Mis_IV_ME,160388,95.03%,
8T,AR_SP_VF_nzoth_yogg_cthun_3150313470418431_IN_IV_ME,160385,95.03%,
8T,AR_EC_VF_nzoth_yogg_cthun_3132867380370927_IN_IV_ME,160381,95.03%,
8T,VW_DH_TV_VF_nzoth_yogg_cthun_3132927585345023_IN_IV_DR,160367,95.01%,
8T,VW_DH_TV_VF_yshaarj_nzoth_yogg_4049660437388783_IN_AM_ME_DS,160360,95.00%,
8T,VW_DH_VW_VF_yshaarj_nzoth_yogg_3977498544373231_IN_AM_DR,160357,95.00%,
8T,AR_EC_VF_nzoth_yogg_cthun_3150313470942703_Mis_IV_DR,160352,94.99%,
8T,VW_DH_TV_VF_nzoth_yogg_cthun_3132791287242223_IN_AM_ME,160350,94.99%,
8T,VW_DH_TV_VF_yshaarj_nzoth_yogg_4049523065544175_Mis_AM_DR_DS,160340,94.97%,
8T,VW_DH_TV_VF_nzoth_yogg_cthun_3132806252518911_Mis_AM_ME_DS,160338,94.97%,
8T,VW_DH_TV_VF_nzoth_yogg_cthun_3132815916195311_Mis_AM_ME_DS,160329,94.96%,
8T,VW_DH_VW_VF_nzoth_yogg_cthun_3132951207665135_IN_IV_DR_DS,160322,94.95%,
8T,VW_DH_TV_VF_nzoth_yogg_cthun_3132942618254831_Mis_AM_ME_DS,160317,94.95%,
8T,AR_EC_VF_yshaarj_nzoth_yogg_3977567188409839_Mis_IV_ME,160316,94.95%,
8T,VW_DH_TV_VF_yshaarj_nzoth_cthun_3696313477946863_IN_AM_DR_DS,160309,94.94%,
8T,VW_DH_TV_VF_nzoth_yogg_cthun_3150518697647599_IN_AM_ME,160289,94.91%,
8T,AR_SP_VF_nzoth_yogg_cthun_3150313470426607_Mis_IV_ME,160279,94.90%,
8T,VW_DH_VW_VF_nzoth_yogg_cthun_3135012791967215_IN_AM_ME_DS,160246,94.86%,
8T,VW_DH_VW_VF_yshaarj_nzoth_yogg_3977513576758767_IN_AM_DR_DS,160238,94.85%,
8T,VW_DH_VW_VF_nzoth_yogg_cthun_3150259925868031_Mis_AM_ME_DS,160237,94.85%,
8T,AR_EC_VF_yshaarj_nzoth_yogg_4014400761355759_IN_IV_ME,160226,94.84%,
8T,VW_DH_TV_VF_yshaarj_nzoth_yogg_4049797876342255_IN_AM_ME_DS,160220,94.83%,
8T,VW_DH_TV_VF_nzoth_yogg_cthun_3205372946210287_IN_AM_ME_DS,160217,94.83%,
8T,VW_DH_VW_VF_nzoth_yogg_cthun_3150243819740671_IN_AM_ME,160213,94.82%,
8T,VW_DH_VW_VF_nzoth_yogg_cthun_3132791220141551_Mis_AM_DR,160199,94.80%,
8T,VW_DH_TV_VF_nzoth_yogg_cthun_3132927585353199_Mis_AM_DR,160198,94.80%,
8T,AR_SP_VF_nzoth_yogg_cthun_3150313470418431_Mis_IV_ME,160183,94.78%,
8T,VW_DH_VW_VF_nzoth_yogg_cthun_3132797663108591_IN_AM_ME,160176,94.78%,
8T,VW_DH_TV_VF_nzoth_yogg_cthun_3132813769235951_IN_IV_DR_DS,160163,94.76%,
8T,VW_DH_TV_VF_nzoth_yogg_cthun_3134997759581679_Mis_AM_DR,160159,94.75%,
8T,VW_DH_VW_VF_yshaarj_nzoth_yogg_4049524072177135_IN_AM_DR_DS,160115,94.70%,
8T,AR_EC_VF_yshaarj_nzoth_yogg_3977567121825263_Mis_IV_ME,160113,94.70%,
8T,AR_SP_VF_nzoth_yogg_cthun_3150313470426607_Mis_IV_DR,160109,94.69%,
8T,AR_SW_VF_nzoth_yogg_cthun_3150313537527279_IN_IV_ME,160099,94.68%,
8T,AR_SP_VF_yshaarj_nzoth_yogg_3977567121825263_IN_IV_DR,160075,94.65%,
8T,VW_DH_TV_VF_nzoth_yogg_cthun_3132943691472367_Mis_AM_DR_DS,160073,94.65%,
8T,VW_DH_TV_VF_nzoth_yogg_cthun_3150253483417071_IN_AM_ME,160069,94.65%,
8T,VW_DH_TV_VF_nzoth_yogg_cthun_3132799810067951_Mis_AM_DR,160063,94.64%,
8T,VW_DH_TV_VF_nzoth_yogg_cthun_3132942684839407_IN_IV_DR_DS,160062,94.64%,
8T,VW_DH_VW_VF_nzoth_yogg_cthun_3132798736850415_Mis_AM_ME,160058,94.63%,
8T,VW_DH_VW_VF_nzoth_yogg_cthun_3132806319627759_Mis_AM_ME_DS,160036,94.61%,
8T,VW_DH_VW_VF_yshaarj_nzoth_yogg_4049522998435327_Mis_AM_DR_DS,160029,94.60%,
8T,AR_EC_VF_nzoth_yogg_cthun_3150313537527279_IN_AM_ME,160023,94.59%,
8T,AR_SP_VF_nzoth_yogg_cthun_3150313470942703_Mis_IV_DR,160010,94.57%,
8T,VW_DH_VW_VF_nzoth_yogg_cthun_3132927585869295_IN_IV_DR,160007,94.57%,
8T,VW_DH_TV_VF_nzoth_yogg_cthun_3132798736326143_Mis_AM_ME,160000,94.56%,
8T,VW_DH_VW_VF_yshaarj_nzoth_yogg_4049525145918959_Mis_AM_DR_DS,159997,94.56%,
8T,VW_DH_TV_VF_nzoth_yogg_cthun_3132806253043183_Mis_AM_ME_DS,159993,94.55%,
8T,AR_EC_VF_yshaarj_nzoth_yogg_4014400827940335_IN_IV_ME,159990,94.55%,
8T,VW_DH_VW_VF_nzoth_yogg_cthun_3135004202032639_IN_IV_DR_DS,159988,94.55%,
8T,VW_DH_VW_VF_nzoth_yogg_cthun_3132926512127471_Mis_AM_DR,159984,94.54%,
8T,VW_DH_VW_VF_nzoth_yogg_cthun_3150259925876207_Mis_AM_DR_DS,159980,94.54%,
8T,VW_DH_VW_VF_nzoth_yogg_cthun_3132799810067951_IN_AM_ME,159978,94.53%,
8T,VW_DH_TV_VF_nzoth_yogg_cthun_3132942618254831_IN_IV_DR_DS,159970,94.53%,
8T,VW_DH_VW_VF_nzoth_yogg_cthun_3150243819748847_IN_AM_ME,159968,94.52%,
8T,VW_DH_VW_VF_yshaarj_nzoth_yogg_3977651015704047_IN_AM_DR_DS,159955,94.51%,
8T,VW_DH_VW_VF_nzoth_yogg_cthun_3132797662592495_Mis_AM_DR,159950,94.50%,
8T,AR_EC_VF_nzoth_yogg_cthun_3132859058871791_Mis_IV_ME,159944,94.49%,
8T,VW_DH_VW_VF_nzoth_yogg_cthun_3132942684839407_IN_IV_DR_DS,159942,94.49%,
8T,VW_DH_VW_VF_yshaarj_nzoth_yogg_3977513576750591_IN_AM_DR_DS,159920,94.46%,
8T,VW_DH_TV_VF_nzoth_yogg_cthun_3132798736326143_IN_IV_DR,159920,94.46%,
8T,VW_DH_VW_VF_nzoth_yogg_cthun_3132944765214191_IN_IV_DR_DS,159913,94.46%,
8T,VW_DH_VW_VF_nzoth_yogg_cthun_3132791220133375_Mis_AM_ME,159911,94.45%,
8T,VW_DH_VW_VF_nzoth_yogg_cthun_3132815916195311_Mis_AM_ME_DS,159907,94.45%,
8T,VW_DH_TV_VF_yshaarj_nzoth_yogg_3977498544373231_IN_AM_DR,159896,94.44%,
8T,AR_EC_VF_nzoth_yogg_cthun_3132858790444527_IN_IV_ME,159890,94.43%,
8T,VW_DH_TV_VF_nzoth_yogg_cthun_3132944765214191_Mis_AM_ME_DS,159885,94.42%,
8T,VW_DH_VW_VF_nzoth_yogg_cthun_3132797729693167_IN_AM_ME,159861,94.39%,
8T,VW_DH_VW_VF_nzoth_yogg_cthun_3132797662584319_IN_AM_ME,159860,94.39%,
8T,VW_DH_VW_VF_nzoth_yogg_cthun_3132928659086831_IN_AM_ME,159860,94.39%,
8T,VW_DH_VW_VF_nzoth_yogg_cthun_3132942684839407_Mis_AM_ME_DS,159854,94.38%,
8T,AR_EC_VF_nzoth_yogg_cthun_3132859797069311_IN_IV_ME,159842,94.37%,
8T,AR_EC_VF_yshaarj_nzoth_yogg_3977567121300991_Mis_IV_ME,159830,94.35%,
8T,VW_DH_VW_VF_nzoth_yogg_cthun_3132926512127471_IN_AM_ME,159823,94.35%,
8T,VW_DH_TV_VF_nzoth_yogg_cthun_3132813835820527_Mis_AM_ME_DS,159822,94.35%,
8T,VW_DH_VW_VF_nzoth_yogg_cthun_3132808400002543_IN_IV_DR_DS,159816,94.34%,
8T,VW_DH_TV_VF_nzoth_yogg_cthun_3132813768711679_Mis_IV_DR_DS,159812,94.33%,
8T,VW_DH_TV_VF_nzoth_yogg_cthun_3133363524525551_Mis_AM_ME_DS,159802,94.32%,
8T,VW_DH_TV_VF_nzoth_yogg_cthun_3132797662584319_Mis_AM_DR,159795,94.31%,
8T,VW_DH_VW_VF_nzoth_yogg_cthun_3132791287242223_Mis_AM_DR,159779,94.29%,
8T,VW_DH_VW_VF_nzoth_yogg_cthun_3135005275774447_Mis_AM_DR_DS,159769,94.28%,
8T,VW_DH_VW_VF_yshaarj_nzoth_yogg_3977773422271983_IN_AM_DR,159740,94.25%,
8T,VW_DH_TV_VF_nzoth_yogg_cthun_3150259925868031_IN_IV_DR_DS,159736,94.24%,
8T,VW_DH_TV_VF_nzoth_yogg_cthun_3132808400002543_Mis_AM_DR_DS,159720,94.22%,
8T,VW_DH_TV_VF_nzoth_yogg_cthun_3133347418398191_Mis_AM_DR,159699,94.20%,
8T,AR_EC_VF_nzoth_yogg_cthun_3132858790960623_IN_IV_ME,159698,94.20%,
8T,AR_SW_VF_nzoth_yogg_cthun_3150313470426607_Mis_IV_ME,159682,94.18%,
8T,AR_EC_VF_nzoth_yogg_cthun_3150313470942703_IN_IV_DR,159680,94.17%,
8T,VW_DH_TV_VF_nzoth_yogg_cthun_3132807393369583_IN_IV_DR_DS,159675,94.17%,
8T,VW_DH_VW_VF_yshaarj_nzoth_yogg_3977498544365055_IN_AM_DR,159669,94.16%,
8T,AR_EC_VF_yshaarj_nzoth_yogg_3977567121300991_IN_IV_DR,159663,94.15%,
8T,VW_DH_TV_VF_nzoth_yogg_cthun_3132942617738735_Mis_AM_ME_DS,159650,94.14%,
8T,VW_DH_TV_VF_nzoth_yogg_cthun_3132926578712047_IN_AM_ME,159644,94.13%,
8T,VW_DH_TV_VF_nzoth_yogg_cthun_3132807393369583_Mis_AM_ME_DS,159635,94.12%,
8T,VW_DH_VW_VF_nzoth_yogg_cthun_3132926578712047_IN_AM_ME,159610,94.09%,
8T,VW_DH_VW_VF_nzoth_yogg_cthun_3150243820264943_IN_AM_ME,159607,94.08%,
8T,VW_DH_TV_VF_yshaarj_nzoth_yogg_4049522998959599_Mis_AM_ME_DS,159606,94.08%,
8T,VW_DH_TV_VF_nzoth_yogg_cthun_3132942617730559_IN_IV_DR_DS,159605,94.08%,
8T,VW_DH_TV_VF_nzoth_yogg_cthun_3150262073351663_Mis_AM_DR_DS,159602,94.08%,
8T,AR_SP_VF_nzoth_yogg_cthun_3132867380370927_IN_IV_ME,159596,94.07%,
8T,VW_DH_VW_VF_nzoth_yogg_cthun_3132943691472367_Mis_AM_DR_DS,159565,94.03%,
8T,VW_DH_VW_VF_yshaarj_nzoth_yogg_4049522998959599_IN_AM_ME_DS,159543,94.01%,
8T,VW_DH_VW_VF_nzoth_yogg_cthun_3132927585345023_IN_IV_DR,159541,94.00%,
8T,VW_DH_VW_VF_nzoth_yogg_cthun_3150259925868031_IN_IV_DR_DS,159513,93.97%,
8T,VW_DH_VW_VF_yshaarj_nzoth_yogg_4049522998435327_IN_AM_ME_DS,159500,93.95%,
8T,VW_DH_VW_VF_yshaarj_nzoth_yogg_3977788454657519_IN_AM_DR_DS,159496,93.95%,
8T,VW_DH_TV_VF_nzoth_yogg_cthun_3150268515802607_Mis_AM_DR_DS,159495,93.95%,
8T,AR_SP_VF_nzoth_yogg_cthun_3132867313270255_IN_IV_ME,159494,93.95%,
8T,AR_SP_VF_nzoth_yogg_cthun_3132859797077487_IN_IV_ME,159487,93.94%,
8T,VW_DH_TV_VF_nzoth_yogg_cthun_3150244960591343_IN_AM_ME,159475,93.92%,
8T,VW_DH_VW_VF_yshaarj_nzoth_yogg_3977498544889327_IN_AM_DR,159465,93.91%,
8T,VW_DH_TV_VF_nzoth_yogg_cthun_3150259925868031_Mis_AM_DR_DS,159446,93.89%,
8T,VW_DH_TV_VF_nzoth_yogg_cthun_3132928659086831_IN_AM_ME,159446,93.89%,
8T,AR_EC_VF_yshaarj_nzoth_yogg_3977567121309167_IN_IV_DR,159443,93.88%,
8T,VW_DH_TV_VF_yshaarj_nzoth_yogg_3977513576750591_Mis_AM_DR_DS,159441,93.88%,
8T,VW_DH_TV_VF_yshaarj_nzoth_yogg_3977513643859439_Mis_AM_DR_DS,159433,93.87%,
8T,VW_DH_TV_VF_nzoth_yogg_cthun_3135004202556911_Mis_AM_ME_DS,159422,93.86%,
8T,VW_DH_VW_VF_nzoth_yogg_cthun_3132942617730559_IN_IV_DR_DS,159415,93.85%,
8T,VW_DH_TV_VF_nzoth_yogg_cthun_3135012791967215_IN_AM_ME_DS,159406,93.84%,
8T,VW_DH_TV_VF_nzoth_yogg_cthun_3152458949123567_IN_AM_ME_DS,159405,93.84%,
8T,AR_SP_VF_nzoth_yogg_cthun_3150313537527279_IN_IV_DR,159388,93.82%,
8T,VW_DH_VW_VF_nzoth_yogg_cthun_3135006349516271_Mis_AM_ME_DS,159388,93.82%,
8T,AR_EC_VF_yshaarj_nzoth_yogg_3977567188409839_Mis_IV_DR,159364,93.79%,
8T,VW_DH_TV_VF_nzoth_yogg_cthun_3132927652453871_Mis_AM_DR,159362,93.79%,
8T,VW_DH_TV_VF_nzoth_yogg_cthun_3134996685839855_IN_AM_DR,159316,93.73%,
8T,VW_DH_TV_VF_yshaarj_nzoth_yogg_4049524072177135_IN_AM_DR_DS,159304,93.71%,
8T,VW_DH_VW_VF_yshaarj_nzoth_yogg_4049522998959599_Mis_AM_DR_DS,159299,93.71%,
8T,VW_DH_TV_VF_nzoth_yogg_cthun_3132944765214191_IN_IV_DR_DS,159283,93.69%,
8T,AR_SP_VF_nzoth_yogg_cthun_3132859058871791_Mis_IV_ME,159276,93.68%,
8T,AR_EC_VF_nzoth_yogg_cthun_3150313470426607_IN_IV_DR,159264,93.67%,
8T,VW_DH_TV_VF_nzoth_yogg_cthun_3132936175279599_Mis_AM_DR,159262,93.66%,
8T,VW_DH_TV_VF_yshaarj_nzoth_yogg_3977498544889327_Mis_AM_DR,159255,93.66%,
8T,VW_DH_VW_VF_yshaarj_nzoth_yogg_3977513643859439_IN_AM_DR_DS,159250,93.65%,
8T,VW_DH_VW_VF_nzoth_yogg_cthun_3132942618254831_IN_IV_DR_DS,159248,93.65%,
8T,AR_SP_VF_nzoth_yogg_cthun_3132858723859951_IN_IV_ME,159239,93.64%,
8T,VW_DH_TV_VF_nzoth_yogg_cthun_3132798736334319_IN_AM_ME,159239,93.64%,
8T,VW_DH_VW_VF_nzoth_yogg_cthun_3135004202556911_Mis_AM_ME_DS,159235,93.63%,
8T,AR_EC_VF_nzoth_yogg_cthun_3132996229389807_Mis_IV_DR,159233,93.63%,
8T,VW_DH_VW_VF_nzoth_yogg_cthun_3132807326260735_Mis_IV_DR_DS,159229,93.62%,
8T,VW_DH_VW_VF_nzoth_yogg_cthun_3132815916195311_IN_IV_DR_DS,159225,93.62%,
8T,VW_DH_VW_VF_nzoth_yogg_cthun_3150244893482495_Mis_AM_DR,159212,93.60%,
8T,VW_DH_TV_VF_nzoth_yogg_cthun_3150259926392303_Mis_AM_DR_DS,159197,93.58%,
8T,AR_SP_VF_yshaarj_nzoth_yogg_3977567188409839_Mis_IV_ME,159174,93.56%,
8T,VW_DH_TV_VF_nzoth_yogg_cthun_3133348492140015_IN_AM_ME,159173,93.56%,
8T,VW_DH_VW_VF_nzoth_yogg_cthun_3132791287242223_IN_AM_ME,159170,93.55%,
8T,AR_SP_VF_nzoth_yogg_cthun_3132996162289135_Mis_IV_ME,159158,93.54%,
8T,VW_DH_TV_VF_nzoth_yogg_cthun_3150243820264943_IN_AM_ME,159156,93.54%,
8T,VW_DH_VW_VF_nzoth_yogg_cthun_3132806252527087_Mis_AM_ME_DS,159148,93.53%,
8T,AR_SP_VF_yshaarj_nzoth_yogg_3977567121300991_IN_IV_DR,159141,93.52%,
8T,AR_EC_VF_yshaarj_nzoth_yogg_3977567121300991_IN_AM_ME,159140,93.52%,
8T,VW_DH_TV_VF_nzoth_yogg_cthun_3132791220657647_Mis_AM_DR,159129,93.50%,
8T,AR_EC_VF_nzoth_yogg_cthun_3150313470942703_Mis_AM_ME,159129,93.50%,
8T,VW_DH_TV_VF_yshaarj_nzoth_yogg_3977498611473903_Mis_AM_DR,159121,93.49%,
8T,AR_SP_VF_nzoth_yogg_cthun_3132859797069311_IN_IV_ME,159113,93.48%,
8T,AR_SP_VF_nzoth_yogg_cthun_3132859797593583_Mis_IV_ME,159096,93.46%,
8T,VW_DH_VW_VF_nzoth_yogg_cthun_3150244894006767_Mis_AM_DR,159090,93.46%,
8T,VW_DH_VW_VF_nzoth_yogg_cthun_3132806252518911_Mis_AM_ME_DS,159087,93.45%,
8T,VW_DH_VW_VF_nzoth_yogg_cthun_3132813769235951_IN_IV_DR_DS,159086,93.45%,
8T,VW_DH_VW_VF_nzoth_yogg_cthun_3150519771389423_IN_AM_ME,159081,93.44%,
8T,AR_EC_VF_yshaarj_nzoth_yogg_3977567121825263_Mis_IV_DR,159079,93.44%,
8T,AR_SP_VF_nzoth_yogg_cthun_3132996162289135_IN_IV_ME,159072,93.43%,
8T,AR_SP_VF_yshaarj_nzoth_yogg_3977567121825263_Mis_IV_ME,159069,93.43%,
8T,VW_DH_TV_VF_yshaarj_nzoth_yogg_4049797876342255_Mis_AM_DR_DS,159067,93.43%,
8T,VW_DH_VW_VF_nzoth_yogg_cthun_3133347418398191_Mis_AM_DR,159062,93.42%,
8T,VW_DH_TV_VF_yshaarj_nzoth_yogg_4049522998443503_IN_AM_ME_DS,159056,93.41%,
8T,AR_EC_VF_yshaarj_nzoth_yogg_3977567121309167_Mis_IV_ME,159049,93.40%,
8T,AR_SP_VF_nzoth_yogg_cthun_3132858790444527_IN_IV_ME,159041,93.40%,
8T,VW_DH_VW_VF_nzoth_yogg_cthun_3152458949123567_IN_AM_ME_DS,159039,93.39%,
8T,VW_DH_VW_VF_nzoth_yogg_cthun_3132807393369583_IN_IV_DR_DS,159027,93.38%,
8T,VW_DH_TV_VF_nzoth_yogg_cthun_3132942617730559_Mis_AM_ME_DS,159000,93.35%,
8T,AR_SP_VF_yshaarj_nzoth_yogg_3977567121300991_Mis_IV_ME,158990,93.33%,
8T,VW_DH_TV_VF_nzoth_yogg_cthun_3132806319627759_Mis_AM_DR_DS,158980,93.32%,
8T,VW_DH_TV_VF_nzoth_yogg_cthun_3135004202040815_Mis_AM_DR_DS,158975,93.32%,
8T,VW_DH_TV_VF_nzoth_yogg_cthun_3132926511611375_IN_AM_ME,158965,93.30%,
8T,VW_DH_VW_VF_nzoth_yogg_cthun_3150253483417071_Mis_AM_DR,158960,93.30%,
8T,VW_DH_TV_VF_yshaarj_nzoth_yogg_4049522998443503_Mis_AM_DR_DS,158958,93.29%,
8T,VW_DH_TV_VF_nzoth_yogg_cthun_3132798803434991_IN_AM_ME,158955,93.29%,
8T,AR_SP_VF_nzoth_yogg_cthun_3132996162805231_Mis_IV_ME,158947,93.28%,
8T,VW_DH_TV_VF_nzoth_yogg_cthun_3132791220133375_Mis_AM_DR,158941,93.27%,
8T,VW_DH_TV_VF_yshaarj_nzoth_yogg_3977651015704047_IN_AM_DR_DS,158936,93.27%,
8T,VW_DH_TV_VF_nzoth_yogg_cthun_3132942617738735_Mis_AM_DR_DS,158924,93.25%,
8T,VW_DH_TV_VF_yshaarj_nzoth_yogg_3977513643859439_IN_AM_DR_DS,158912,93.24%,
8T,VW_DH_VW_VF_nzoth_yogg_cthun_3150259926392303_IN_IV_DR_DS,158906,93.23%,
8T,AR_EC_VF_nzoth_yogg_cthun_3150313470418431_Mis_IV_DR,158895,93.22%,
8T,VW_DH_VW_VF_nzoth_yogg_cthun_3132791220141551_IN_AM_ME,158872,93.19%,
8T,AR_SP_VF_nzoth_yogg_cthun_3132996162280959_IN_IV_ME,158870,93.19%,
8T,AR_EC_VF_yshaarj_nzoth_yogg_4014400760839663_Mis_IV_ME,158867,93.18%,
8T,VW_DH_TV_VF_yshaarj_nzoth_yogg_4049522998435327_IN_AM_ME_DS,158866,93.18%,
8T,VW_DH_TV_VF_nzoth_yogg_cthun_3132926512127471_IN_AM_ME,158863,93.18%,
8T,VW_DH_TV_VF_nzoth_yogg_cthun_3132814842453487_IN_AM_ME_DS,158849,93.16%,
8T,AR_SP_VF_yshaarj_nzoth_yogg_3977567188409839_IN_AM_ME,158848,93.16%,
8T,VW_DH_VW_VF_nzoth_yogg_cthun_3132927585345023_Mis_AM_ME,158840,93.15%,
8T,VW_DH_TV_VF_nzoth_yogg_cthun_3135006349516271_IN_AM_ME_DS,158832,93.14%,
8T,AR_EC_VF_nzoth_yogg_cthun_3150313470942703_IN_AM_ME,158812,93.12%,
8T,VW_DH_VW_VF_yshaarj_nzoth_yogg_3977515724234223_IN_AM_DR_DS,158805,93.11%,
8T,VW_DH_TV_VF_yshaarj_nzoth_yogg_3977498611473903_IN_AM_DR,158800,93.10%,
8T,VW_DH_VW_VF_nzoth_yogg_cthun_3132926511611375_IN_AM_ME,158787,93.09%,
8T,VW_DH_VW_VF_yshaarj_nzoth_yogg_4049797876342255_Mis_AM_DR_DS,158780,93.08%,
8T,VW_DH_VW_VF_nzoth_yogg_cthun_3132813768711679_Mis_IV_DR_DS,158779,93.08%,
8T,VW_DH_VW_VF_nzoth_yogg_cthun_3150268515802607_Mis_AM_DR_DS,158778,93.08%,
8T,VW_DH_TV_VF_nzoth_yogg_cthun_3135004202032639_Mis_AM_ME_DS,158753,93.05%,
8T,AR_EC_VF_nzoth_yogg_cthun_3132996162280959_IN_IV_ME,158746,93.04%,
8T,VW_DH_VW_VF_nzoth_yogg_cthun_3132944765214191_Mis_AM_ME_DS,158741,93.03%,
8T,VW_DH_VW_VF_nzoth_yogg_cthun_3132797729693167_Mis_AM_DR,158736,93.03%,
8T,VW_DH_VW_VF_nzoth_yogg_cthun_3132813769235951_Mis_IV_DR_DS,158735,93.02%,
8T,VW_DH_VW_VF_nzoth_yogg_cthun_3150260999609839_IN_AM_ME_DS,158717,93.00%,
8T,VW_DH_TV_VF_nzoth_yogg_cthun_3132926511603199_IN_AM_ME,158714,93.00%,
8T,VW_DH_VW_VF_nzoth_yogg_cthun_3132926511603199_IN_AM_ME,158710,92.99%,
8T,VW_DH_VW_VF_nzoth_yogg_cthun_3150253483417071_IN_AM_ME,158691,92.97%,
8T,VW_DH_VW_VF_nzoth_yogg_cthun_3132814842453487_IN_AM_ME_DS,158688,92.97%,
8T,VW_DH_TV_VF_nzoth_yogg_cthun_3132808400002543_IN_AM_ME_DS,158686,92.96%,
8T,VW_DH_TV_VF_nzoth_yogg_cthun_3132813769235951_Mis_AM_ME_DS,158669,92.94%,
8T,VW_DH_TV_VF_nzoth_yogg_cthun_3132791220133375_IN_AM_ME,158665,92.94%,
8T,AR_SP_VF_yshaarj_nzoth_yogg_3977567121309167_Mis_IV_ME,158661,92.93%,
8T,VW_DH_TV_VF_yshaarj_nzoth_yogg_4049523065544175_IN_AM_ME_DS,158661,92.93%,
8T,AR_SW_VF_yshaarj_nzoth_yogg_3977567121825263_IN_IV_DR,158657,92.93%,
8T,AR_SP_VF_nzoth_yogg_cthun_3132858790960623_Mis_IV_ME,158651,92.92%,
8T,VW_DH_VW_VF_nzoth_yogg_cthun_3132813835820527_IN_IV_DR_DS,158647,92.92%,
8T,VW_DH_VW_VF_nzoth_yogg_cthun_3132797663108591_Mis_AM_DR,158640,92.91%,
8T,VW_DH_TV_VF_yshaarj_nzoth_yogg_3977498544365055_IN_AM_DR,158635,92.90%,
8T,AR_SW_VF_nzoth_yogg_cthun_3150313470942703_IN_IV_ME,158623,92.89%,
8T,VW_DH_VW_VF_nzoth_yogg_cthun_3132807326785007_Mis_IV_DR_DS,158598,92.86%,
8T,VW_DH_TV_VF_nzoth_yogg_cthun_3132813768711679_IN_IV_DR_DS,158595,92.85%,
8T,VW_DH_TV_VF_yshaarj_nzoth_yogg_4049522998435327_Mis_AM_ME_DS,158594,92.85%,
8T,AR_SP_VF_yshaarj_nzoth_yogg_4014400827940335_IN_IV_ME,158578,92.83%,
8T,VW_DH_TV_VF_nzoth_yogg_cthun_3150252409675247_IN_AM_DR,158577,92.83%,
8T,VW_DH_VW_VF_nzoth_yogg_cthun_3132798736326143_Mis_AM_ME,158576,92.83%,
8T,VW_DH_VW_VF_nzoth_yogg_cthun_3132797662584319_Mis_AM_DR,158570,92.82%,
8T,AR_SP_VF_yshaarj_nzoth_yogg_4014400760839663_IN_IV_ME,158523,92.77%,
8T,VW_DH_TV_VF_nzoth_yogg_cthun_3132807326268911_Mis_AM_ME_DS,158511,92.75%,
8T,AR_SP_VF_nzoth_yogg_cthun_3150313470942703_IN_IV_DR,158485,92.72%,
8T,AR_EC_VF_yshaarj_nzoth_yogg_4014400761355759_Mis_IV_ME,158484,92.72%,
8T,VW_DH_VW_VF_nzoth_yogg_cthun_3150534803774959_Mis_AM_ME_DS,158481,92.71%,
8T,VW_DH_TV_VF_nzoth_yogg_cthun_3132927652453871_IN_AM_ME,158477,92.71%,
8T,VW_DH_VW_VF_nzoth_yogg_cthun_3133348492140015_IN_AM_ME,158475,92.71%,
8T,VW_DH_VW_VF_yshaarj_nzoth_cthun_3768322899631599_IN_AM_DR_DS,158465,92.69%,
8T,AR_SP_VF_nzoth_yogg_cthun_3150313470426607_IN_IV_DR,158459,92.69%,
8T,AR_EC_VF_yshaarj_nzoth_yogg_3977567121309167_IN_AM_ME,158451,92.68%,
8T,VW_DH_TV_VF_nzoth_yogg_cthun_3132807326785007_IN_IV_DR_DS,158450,92.68%,
8T,VW_DH_VW_VF_nzoth_yogg_cthun_3132942618254831_Mis_AM_ME_DS,158447,92.67%,
8T,VW_DH_TV_VF_yshaarj_nzoth_yogg_3977515724234223_Mis_AM_DR_DS,158434,92.66%,
8T,VW_DH_VW_VF_nzoth_yogg_cthun_3132806253043183_Mis_AM_ME_DS,158430,92.65%,
8T,VW_DH_TV_VF_nzoth_yogg_cthun_3132813768711679_Mis_AM_ME_DS,158429,92.65%,
8T,AR_EC_VF_nzoth_yogg_cthun_3132867313270255_IN_IV_ME,158419,92.64%,
8T,AR_EC_VF_nzoth_yogg_cthun_3132858790444527_Mis_IV_ME,158407,92.62%,
8T,AR_EC_VF_yshaarj_nzoth_yogg_3977567121309167_Mis_IV_DR,158403,92.62%,
8T,VW_DH_TV_VF_nzoth_yogg_cthun_3132813768719855_Mis_AM_ME_DS,158401,92.62%,
8T,AR_SW_VF_nzoth_yogg_cthun_3132996229389807_Mis_IV_ME,158397,92.61%,
8T,VW_DH_VW_VF_nzoth_yogg_cthun_3132942617738735_Mis_AM_ME_DS,158392,92.61%,
8T,AR_EC_VF_yshaarj_nzoth_yogg_4013438755266031_Mis_IV_ME,158376,92.59%,
8T,AR_SP_VF_nzoth_yogg_cthun_3150313537527279_Mis_AM_ME,158368,92.58%,
8T,AR_EC_VF_nzoth_yogg_cthun_3132858723859951_Mis_IV_ME,158362,92.57%,
8T,VW_DH_VW_VF_nzoth_yogg_cthun_3132813768719855_Mis_AM_ME_DS,158360,92.57%,
8T,AR_EC_VF_nzoth_yogg_cthun_3150313537527279_Mis_AM_DR,158347,92.55%,
8T,VW_DH_VW_VF_nzoth_yogg_cthun_3134996685839855_IN_AM_DR,158345,92.55%,
8T,VW_DH_TV_VF_yshaarj_nzoth_yogg_3977773422271983_IN_AM_DR,158339,92.54%,
8T,VW_DH_TV_VF_nzoth_yogg_cthun_3135004202556911_IN_AM_ME_DS,158334,92.54%,
8T,VW_DH_VW_VF_nzoth_yogg_cthun_3150268515802607_IN_AM_ME_DS,158323,92.52%,
8T,VW_DH_TV_VF_nzoth_yogg_cthun_3150260999609839_IN_AM_ME_DS,158316,92.51%,
8T,VW_DH_TV_VF_nzoth_yogg_cthun_3135006349516271_Mis_AM_DR_DS,158309,92.51%,
8T,AR_SW_VF_nzoth_yogg_cthun_3132859058871791_Mis_IV_ME,158305,92.50%,
8T,VW_DH_VW_VF_nzoth_yogg_cthun_3132936175279599_IN_AM_ME,158295,92.49%,
8T,AR_EC_VF_nzoth_yogg_cthun_3132859797077487_Mis_IV_ME,158273,92.46%,
8T,AR_EC_VF_nzoth_yogg_cthun_3132859864178159_Mis_IV_ME,158272,92.46%,
8T,VW_DH_TV_VF_nzoth_yogg_cthun_3132806319627759_IN_AM_ME_DS,158271,92.46%,
8T,VW_DH_TV_VF_nzoth_yogg_cthun_3132791220141551_IN_AM_ME,158271,92.46%,
8T,AR_SP_VF_yshaarj_nzoth_yogg_3977567121825263_IN_AM_ME,158261,92.45%,
8T,VW_DH_TV_VF_yshaarj_nzoth_yogg_4049525145918959_Mis_AM_DR_DS,158257,92.44%,
8T,VW_DH_TV_VF_nzoth_yogg_cthun_3132791220657647_IN_AM_ME,158239,92.42%,
8T,VW_DH_TV_VF_nzoth_yogg_cthun_3132814842453487_Mis_AM_DR_DS,158220,92.40%,
8T,AR_SW_VF_nzoth_yogg_cthun_3132996162805231_Mis_IV_ME,158199,92.37%,
8T,VW_DH_TV_VF_nzoth_yogg_cthun_3132936175279599_IN_AM_ME,158190,92.36%,
8T,VW_DH_VW_VF_yshaarj_nzoth_yogg_4049660437388783_IN_AM_DR_DS,158189,92.36%,
8T,VW_DH_TV_VF_nzoth_yogg_cthun_3150268515802607_IN_AM_ME_DS,158178,92.35%,
8T,AR_SP_VF_yshaarj_nzoth_yogg_4014400761355759_Mis_IV_ME,158177,92.35%,
8T,VW_DH_TV_VF_nzoth_yogg_cthun_3135004269141487_Mis_AM_DR_DS,158174,92.34%,
8T,VW_DH_TV_VF_nzoth_yogg_cthun_3132798736850415_IN_AM_ME,158170,92.34%,
8T,AR_EC_VF_yshaarj_nzoth_yogg_4014400827940335_Mis_IV_DR,158157,92.32%,
8T,AR_SW_VF_nzoth_yogg_cthun_3150313470426607_IN_IV_ME,158147,92.31%,
8T,VW_DH_VW_VF_nzoth_yogg_cthun_3150534803774959_Mis_AM_DR_DS,158130,92.29%,
8T,AR_SW_VF_nzoth_yogg_cthun_3150313537527279_Mis_IV_DR,158123,92.28%,
8T,VW_DH_TV_VF_yshaarj_nzoth_yogg_3977788454657519_IN_AM_DR_DS,158117,92.27%,
8T,VW_DH_VW_VF_nzoth_yogg_cthun_3132927652453871_IN_AM_ME,158115,92.27%,
8T,VW_DH_TV_VF_yshaarj_nzoth_yogg_4049522998959599_IN_AM_ME_DS,158104,92.26%,
8T,AR_SW_VF_nzoth_yogg_cthun_3132867380370927_IN_IV_ME,158093,92.24%,
8T,VW_DH_VW_VF_nzoth_yogg_cthun_3132942617738735_Mis_AM_DR_DS,158078,92.22%,
8T,AR_SP_VF_yshaarj_nzoth_yogg_3977567121309167_IN_IV_DR,158077,92.22%,
8T,VW_DH_TV_VF_nzoth_yogg_cthun_3132942684839407_Mis_AM_DR_DS,158075,92.22%,
8T,AR_EC_VF_nzoth_yogg_cthun_3132859058871791_Mis_IV_DR,158074,92.22%,
8T,VW_DH_VW_VF_nzoth_yogg_cthun_3132813835820527_Mis_AM_ME_DS,158063,92.21%,
8T,VW_DH_VW_VF_nzoth_yogg_cthun_3135004202032639_Mis_AM_ME_DS,158060,92.20%,
8T,VW_DH_TV_VF_nzoth_yogg_cthun_3135004269141487_IN_AM_ME_DS,158060,92.20%,
8T,VW_DH_VW_VF_nzoth_yogg_cthun_3132798736850415_IN_AM_ME,158050,92.19%,
8T,AR_SW_VF_nzoth_yogg_cthun_3132996162289135_IN_IV_ME,158045,92.18%,
8T,VW_DH_VW_VF_nzoth_yogg_cthun_3132799810067951_Mis_AM_DR,158029,92.17%,
8T,VW_DH_TV_VF_nzoth_yogg_cthun_3132806253043183_IN_AM_ME_DS,158026,92.16%,
8T,AR_EC_VF_yshaarj_nzoth_yogg_4014400760839663_IN_IV_ME,158019,92.15%,
8T,VW_DH_TV_VF_yshaarj_nzoth_yogg_3977513576758767_IN_AM_DR_DS,158014,92.15%,
8T,VW_DH_TV_VF_nzoth_yogg_cthun_3132806252518911_Mis_AM_DR_DS,158001,92.13%,
8T,AR_EC_VF_nzoth_yogg_cthun_3150313470426607_Mis_AM_ME,157988,92.11%,
8T,AR_SP_VF_nzoth_yogg_cthun_3132858790436351_IN_IV_ME,157979,92.10%,
8T,AR_EC_VF_yshaarj_nzoth_yogg_4014400827940335_Mis_IV_ME,157950,92.07%,
8T,VW_DH_TV_VF_nzoth_yogg_cthun_3132927585353199_IN_AM_ME,157912,92.02%,
8T,AR_EC_VF_yshaarj_nzoth_yogg_3977567121300991_Mis_IV_DR,157904,92.01%,
8T,VW_DH_VW_VF_nzoth_yogg_cthun_3135004202040815_Mis_AM_DR_DS,157900,92.01%,
8T,VW_DH_TV_VF_nzoth_yogg_cthun_3132806252527087_Mis_AM_DR_DS,157892,92.00%,
8T,VW_DH_TV_VF_yshaarj_nzoth_cthun_3768322899631599_IN_AM_DR_DS,157888,91.99%,
8T,AR_SW_VF_nzoth_yogg_cthun_3132859797077487_IN_IV_ME,157882,91.99%,
8T,VW_DH_VW_VF_nzoth_yogg_cthun_3132808400002543_Mis_AM_ME_DS,157858,91.96%,
8T,VW_DH_TV_VF_yshaarj_nzoth_yogg_3977498544889327_IN_AM_DR,157857,91.96%,
8T,VW_DH_TV_VF_nzoth_yogg_cthun_3150519771389423_IN_AM_ME,157839,91.93%,
8T,VW_DH_TV_VF_yshaarj_nzoth_yogg_4049522998959599_Mis_AM_DR_DS,157833,91.93%,
8T,VW_DH_VW_VF_nzoth_yogg_cthun_3132927652453871_Mis_AM_DR,157830,91.92%,
8T,VW_DH_VW_VF_nzoth_yogg_cthun_3132791220133375_IN_AM_ME,157829,91.92%,
8T,VW_DH_VW_VF_nzoth_yogg_cthun_3135004202040815_IN_AM_ME_DS,157818,91.91%,
8T,VW_DH_TV_VF_nzoth_yogg_cthun_3150244893482495_IN_AM_ME,157813,91.90%,
8T,AR_EC_VF_nzoth_yogg_cthun_3132858790436351_IN_IV_ME,157806,91.89%,
8T,VW_DH_TV_VF_nzoth_yogg_cthun_3132807326785007_Mis_AM_ME_DS,157789,91.87%,
8T,VW_DH_VW_VF_nzoth_yogg_cthun_3132791220657647_IN_AM_ME,157789,91.87%,
8T,VW_DH_VW_VF_nzoth_yogg_cthun_3132813769235951_Mis_AM_ME_DS,157787,91.87%,
8T,VW_DH_TV_VF_nzoth_yogg_cthun_3132797663108591_Mis_AM_DR,157783,91.87%,
8T,AR_EC_VF_nzoth_yogg_cthun_3132867380370927_Mis_IV_ME,157771,91.85%,
8T,VW_DH_VW_VF_nzoth_yogg_cthun_3150244960591343_IN_AM_ME,157762,91.84%,
8T,VW_DH_TV_VF_nzoth_yogg_cthun_3132798803434991_Mis_AM_DR,157756,91.83%,
8T,VW_DH_VW_VF_nzoth_yogg_cthun_3205372946210287_Mis_AM_DR_DS,157742,91.82%,
8T,AR_SP_VF_nzoth_yogg_cthun_3132859864178159_Mis_IV_ME,157727,91.80%,
8T,VW_DH_TV_VF_nzoth_yogg_cthun_3132943691472367_IN_AM_ME_DS,157724,91.79%,
8T,VW_DH_VW_VF_nzoth_yogg_cthun_3132806252527087_Mis_AM_DR_DS,157716,91.78%,
8T,AR_SP_VF_nzoth_yogg_cthun_3132996229389807_IN_IV_DR,157714,91.78%,
8T,VW_DH_VW_VF_nzoth_yogg_cthun_3150244894006767_IN_AM_ME,157712,91.78%,
8T,VW_DH_TV_VF_nzoth_yogg_cthun_3150244893490671_IN_AM_ME,157710,91.78%,
8T,AR_EC_VF_nzoth_yogg_cthun_3132867313786351_Mis_IV_ME,157695,91.76%,
8T,AR_SW_VF_nzoth_yogg_cthun_3132996162805231_IN_IV_ME,157675,91.73%,
8T,AR_SP_VF_yshaarj_nzoth_yogg_4014400827940335_Mis_IV_ME,157674,91.73%,
8T,AR_SW_VF_nzoth_yogg_cthun_3132867313786351_IN_IV_ME,157668,91.73%,
8T,AR_SW_VF_nzoth_yogg_cthun_3150313470418431_Mis_IV_ME,157665,91.72%,
8T,VW_DH_VW_VF_nzoth_yogg_cthun_3132927585353199_Mis_AM_DR,157657,91.71%,
8T,VW_DH_VW_VF_nzoth_yogg_cthun_3132807326260735_IN_IV_DR_DS,157657,91.71%,
8T,VW_DH_TV_VF_nzoth_yogg_cthun_3132798736326143_IN_AM_ME,157643,91.70%,
8T,VW_DH_VW_VF_yshaarj_nzoth_yogg_4049523065544175_IN_AM_DR_DS,157643,91.70%,
8T,VW_DH_TV_VF_nzoth_yogg_cthun_3132806253043183_Mis_AM_DR_DS,157631,91.68%,
8T,AR_EC_VF_nzoth_yogg_cthun_3132858723851775_IN_IV_ME,157630,91.68%,
8T,VW_DH_TV_VF_nzoth_yogg_cthun_3132951207665135_IN_AM_ME_DS,157619,91.67%,
8T,VW_DH_VW_VF_nzoth_yogg_cthun_3132936175279599_Mis_AM_DR,157618,91.67%,
8T,AR_EC_VF_nzoth_yogg_cthun_3132996162280959_Mis_IV_ME,157614,91.66%,
8T,VW_DH_VW_VF_nzoth_yogg_cthun_3150244893490671_IN_AM_ME,157610,91.66%,
8T,AR_EC_VF_yshaarj_nzoth_yogg_4013438755266031_Mis_IV_DR,157600,91.64%,
8T,VW_DH_VW_VF_yshaarj_nzoth_yogg_3977513577274863_IN_AM_DR_DS,157600,91.64%,
8T,VW_DH_VW_VF_nzoth_yogg_cthun_3133363524525551_IN_AM_ME_DS,157585,91.62%,
8T,AR_EC_VF_nzoth_yogg_cthun_3132875903204847_IN_IV_ME_DS,157576,91.61%,
8T,VW_DH_VW_VF_nzoth_yogg_cthun_3132798803434991_IN_AM_ME,157566,91.60%,
8T,VW_DH_VW_VF_nzoth_yogg_cthun_3132927585353199_IN_AM_ME,157566,91.60%,
8T,VW_DH_VW_VF_nzoth_yogg_cthun_3132808400002543_IN_AM_ME_DS,157558,91.59%,
8T,AR_EC_VF_nzoth_yogg_cthun_3132859864178159_Mis_IV_DR,157539,91.57%,
8T,AR_SW_VF_nzoth_yogg_cthun_3150313470942703_Mis_IV_DR,157538,91.57%,
8T,VW_DH_TV_VF_yshaarj_nzoth_yogg_3977788454657519_Mis_AM_DR_DS,157524,91.55%,
8T,VW_DH_TV_VF_nzoth_yogg_cthun_3132926578712047_IN_AM_DR,157514,91.54%,
8T,VW_DH_TV_VF_nzoth_yogg_cthun_3150243819740671_IN_AM_DR,157513,91.54%,
8T,AR_SW_VF_nzoth_yogg_cthun_3132859797593583_Mis_IV_ME,157503,91.53%,
8T,AR_SW_VF_nzoth_yogg_cthun_3132859864178159_IN_IV_ME,157499,91.52%,
8T,AR_SP_VF_nzoth_yogg_cthun_3132996162805231_IN_IV_DR,157498,91.52%,
8T,AR_SP_VF_nzoth_yogg_cthun_3132858723851775_IN_IV_ME,157498,91.52%,
8T,VW_DH_TV_VF_yshaarj_nzoth_yogg_3977513577274863_Mis_AM_DR_DS,157481,91.50%,
8T,VW_DH_TV_VF_nzoth_yogg_cthun_3150243820264943_IN_AM_DR,157480,91.50%,
8T,VW_DH_VW_VF_nzoth_yogg_cthun_3132943691472367_IN_AM_ME_DS,157465,91.48%,
8T,VW_DH_VW_VF_nzoth_yogg_cthun_3132813768711679_IN_IV_DR_DS,157455,91.47%,
8T,VW_DH_VW_VF_nzoth_yogg_cthun_3150259925868031_Mis_AM_DR_DS,157452,91.46%,
8T,VW_DH_TV_VF_nzoth_yogg_cthun_3132806252527087_IN_AM_ME_DS,157452,91.46%,
8T,VW_DH_VW_VF_nzoth_yogg_cthun_3132942617730559_Mis_AM_ME_DS,157445,91.46%,
8T,AR_SP_VF_nzoth_yogg_cthun_3132859797077487_Mis_IV_ME,157439,91.45%,
8T,VW_DH_VW_VF_nzoth_yogg_cthun_3132807326785007_IN_IV_DR_DS,157408,91.41%,
8T,VW_DH_TV_VF_nzoth_yogg_cthun_3150245967224303_IN_AM_DR,157400,91.40%,
8T,AR_EC_VF_nzoth_yogg_cthun_3132859797593583_IN_IV_DR,157389,91.39%,
8T,AR_SP_VF_yshaarj_nzoth_yogg_3977567121825263_Mis_IV_DR,157384,91.38%,
8T,VW_DH_TV_VF_nzoth_yogg_cthun_3132798736850415_Mis_AM_DR,157381,91.38%,
8T,VW_DH_TV_VF_nzoth_yogg_cthun_3132927585345023_Mis_AM_DR,157380,91.38%,
8T,AR_SP_VF_yshaarj_nzoth_yogg_3977567121300991_IN_AM_ME,157368,91.36%,
8T,VW_DH_TV_VF_nzoth_yogg_cthun_3132951207665135_Mis_AM_DR_DS,157358,91.35%,
8T,AR_SW_VF_nzoth_yogg_cthun_3132859797593583_IN_IV_ME,157341,91.33%,
8T,AR_SW_VF_nzoth_yogg_cthun_3150313537527279_IN_IV_DR,157332,91.32%,
8T,VW_DH_TV_VF_nzoth_yogg_cthun_3132927585869295_Mis_AM_DR,157332,91.32%,
8T,AR_SW_VF_yshaarj_nzoth_yogg_3977567121300991_Mis_IV_ME,157318,91.30%,
8T,AR_SP_VF_yshaarj_nzoth_yogg_3977567188409839_Mis_IV_DR,157315,91.30%,
8T,AR_EC_VF_nzoth_yogg_cthun_3132867313262079_IN_IV_ME,157314,91.30%,
8T,AR_SP_VF_nzoth_yogg_cthun_3150313470942703_Mis_AM_ME,157307,91.29%,
8T,AR_SP_VF_yshaarj_nzoth_yogg_4014400761355759_IN_IV_ME,157300,91.28%,
8T,AR_SP_VF_yshaarj_nzoth_yogg_4014400760839663_Mis_IV_ME,157295,91.27%,
8T,VW_DH_VW_VF_nzoth_yogg_cthun_3132942684839407_Mis_AM_DR_DS,157289,91.27%,
8T,VW_DH_VW_VF_nzoth_yogg_cthun_3132791220657647_Mis_AM_DR,157287,91.26%,
8T,VW_DH_VW_VF_nzoth_yogg_cthun_3135006349516271_IN_AM_ME_DS,157279,91.25%,
8T,VW_DH_VW_VF_nzoth_yogg_cthun_3150243819740671_IN_AM_DR,157277,91.25%,
8T,AR_SP_VF_yshaarj_nzoth_yogg_3977567121300991_Mis_IV_DR,157260,91.23%,
8T,AR_EC_VF_nzoth_yogg_cthun_3132859797069311_Mis_IV_ME,157254,91.22%,
8T,AR_EC_VF_nzoth_yogg_cthun_3132875970305519_Mis_IV_ME_DS,157252,91.22%,
8T,VW_DH_TV_VF_nzoth_yogg_cthun_3135012791967215_Mis_AM_DR_DS,157248,91.22%,
8T,VW_DH_VW_VF_nzoth_yogg_cthun_3132791220133375_Mis_AM_DR,157232,91.20%,
8T,VW_DH_TV_VF_nzoth_yogg_cthun_3132807326260735_IN_IV_DR_DS,157218,91.18%,
8T,VW_DH_VW_VF_nzoth_yogg_cthun_3132927585869295_Mis_AM_DR,157210,91.17%,
8T,VW_DH_TV_VF_yshaarj_nzoth_yogg_3977515724234223_IN_AM_DR_DS,157191,91.15%,
8T,VW_DH_TV_VF_yshaarj_nzoth_yogg_4049522998435327_Mis_AM_DR_DS,157186,91.14%,
8T,AR_SP_VF_nzoth_yogg_cthun_3132867380370927_Mis_IV_ME,157175,91.13%,
8T,VW_DH_VW_VF_nzoth_yogg_cthun_3132951207665135_IN_AM_ME_DS,157164,91.11%,
8T,VW_DH_TV_VF_nzoth_yogg_cthun_3132798736334319_Mis_AM_DR,157161,91.11%,
8T,AR_EC_VF_nzoth_yogg_cthun_3132867313786351_IN_IV_DR,157159,91.11%,
8T,AR_EC_VF_nzoth_yogg_cthun_3132875903720943_IN_IV_ME_DS,157152,91.10%,
8T,AR_SW_VF_nzoth_yogg_cthun_3132858790960623_IN_IV_ME,157149,91.09%,
8T,VW_DH_TV_VF_yshaarj_nzoth_yogg_3977513576750591_IN_AM_DR_DS,157135,91.08%,
8T,AR_SP_VF_nzoth_yogg_cthun_3132875903204847_IN_IV_ME_DS,157135,91.08%,
8T,VW_DH_TV_VF_nzoth_yogg_cthun_3150243886849519_IN_AM_DR,157133,91.08%,
8T,VW_DH_TV_VF_nzoth_yogg_cthun_3132944765214191_Mis_AM_DR_DS,157122,91.06%,
8T,VW_DH_TV_VF_yshaarj_nzoth_yogg_3977513577274863_IN_AM_DR_DS,157112,91.05%,
8T,AR_EC_VF_yshaarj_nzoth_yogg_4013438688165359_Mis_IV_ME,157111,91.05%,
8T,AR_SW_VF_nzoth_yogg_cthun_3132858790960623_Mis_IV_ME,157110,91.05%,
8T,AR_EC_VF_nzoth_yogg_cthun_3132996229389807_Mis_AM_ME,157101,91.04%,
8T,AR_SW_VF_yshaarj_nzoth_yogg_3977567121300991_IN_IV_DR,157083,91.01%,
8T,VW_DH_TV_VF_nzoth_yogg_cthun_3132942618254831_Mis_AM_DR_DS,157082,91.01%,
8T,AR_EC_VF_nzoth_yogg_cthun_3132996162805231_Mis_IV_DR,157055,90.98%,
8T,VW_DH_VW_VF_nzoth_yogg_cthun_3135004202556911_IN_AM_ME_DS,157044,90.97%,
8T,AR_SW_VF_nzoth_yogg_cthun_3132996162289135_Mis_IV_ME,157035,90.96%,
8T,VW_DH_VW_VF_nzoth_yogg_cthun_3132806252527087_IN_AM_ME_DS,157035,90.96%,
8T,AR_SP_VF_nzoth_yogg_cthun_3132858790444527_Mis_IV_ME,157016,90.93%,
8T,VW_DH_VW_VF_nzoth_yogg_cthun_3132798736334319_IN_AM_ME,157016,90.93%,
8T,AR_SW_VF_yshaarj_nzoth_yogg_3977567121825263_IN_AM_ME,157002,90.92%,
8T,AR_SW_VF_yshaarj_nzoth_yogg_3977567188409839_IN_IV_DR,157001,90.91%,
8T,AR_SW_VF_nzoth_yogg_cthun_3150313470942703_IN_IV_DR,156999,90.91%,
8T,VW_DH_TV_VF_nzoth_yogg_cthun_3132813835820527_IN_AM_ME_DS,156992,90.90%,
8T,VW_DH_TV_VF_nzoth_yogg_cthun_3132813768719855_IN_AM_ME_DS,156989,90.90%,
8T,AR_SP_VF_yshaarj_nzoth_yogg_4013438755266031_Mis_IV_DR,156982,90.89%,
8T,VW_DH_TV_VF_nzoth_yogg_cthun_3132927585869295_IN_AM_ME,156977,90.89%,
8T,AR_SW_VF_yshaarj_nzoth_yogg_3977567121309167_IN_IV_DR,156973,90.88%,
8T,AR_EC_VF_yshaarj_nzoth_yogg_4013301584748015_Mis_IV_ME,156948,90.85%,
8T,AR_SW_VF_nzoth_yogg_cthun_3132858790444527_IN_IV_ME,156926,90.82%,
8T,VW_DH_TV_VF_nzoth_yogg_cthun_3135004202040815_IN_AM_ME_DS,156915,90.81%,
8T,AR_SP_VF_nzoth_yogg_cthun_3132858723859951_Mis_IV_ME,156914,90.81%,
8T,VW_DH_VW_VF_yshaarj_nzoth_yogg_4049797876342255_IN_AM_DR_DS,156905,90.80%,
8T,AR_EC_VF_yshaarj_nzoth_yogg_4014400761355759_Mis_IV_DR,156904,90.80%,
8T,VW_DH_VW_VF_nzoth_yogg_cthun_3150262073351663_Mis_AM_DR_DS,156893,90.78%,
8T,AR_EC_VF_nzoth_yogg_cthun_3132996229389807_IN_IV_DR,156892,90.78%,
8T,VW_DH_TV_VF_nzoth_yogg_cthun_3134997759581679_IN_AM_DR,156886,90.77%,
8T,AR_SP_VF_nzoth_yogg_cthun_3132875970305519_IN_IV_ME_DS,156873,90.76%,
8T,VW_DH_VW_VF_nzoth_yogg_cthun_3134997759581679_Mis_AM_DR,156866,90.75%,
8T,AR_SP_VF_yshaarj_nzoth_yogg_3977567121309167_Mis_IV_DR,156864,90.75%,
8T,AR_SP_VF_nzoth_yogg_cthun_3132875903720943_IN_IV_ME_DS,156859,90.74%,
8T,AR_SP_VF_nzoth_yogg_cthun_3150313470418431_Mis_IV_DR,156850,90.73%,
8T,VW_DH_VW_VF_nzoth_yogg_cthun_3132951207665135_Mis_AM_DR_DS,156848,90.73%,
8T,VW_DH_TV_VF_nzoth_yogg_cthun_3133347418398191_IN_AM_DR,156841,90.72%,
8T,VW_DH_TV_VF_nzoth_yogg_cthun_3132813768719855_Mis_AM_DR_DS,156829,90.71%,
8T,AR_SW_VF_yshaarj_nzoth_yogg_3977567121825263_Mis_IV_ME,156818,90.69%,
8T,AR_EC_VF_nzoth_yogg_cthun_3132996162805231_IN_IV_DR,156817,90.69%,
8T,VW_DH_VW_VF_nzoth_yogg_cthun_3135004269141487_IN_AM_ME_DS,156815,90.69%,
8T,AR_SP_VF_yshaarj_nzoth_yogg_4013438755266031_Mis_IV_ME,156814,90.69%,
8T,VW_DH_TV_VF_nzoth_yogg_cthun_3132806252518911_IN_AM_ME_DS,156808,90.68%,
8T,AR_SP_VF_nzoth_yogg_cthun_3132859864178159_IN_IV_DR,156782,90.65%,
8T,VW_DH_TV_VF_nzoth_yogg_cthun_3133348492140015_Mis_AM_DR,156759,90.62%,
8T,VW_DH_TV_VF_nzoth_yogg_cthun_3135005275774447_IN_AM_DR_DS,156749,90.61%,
8T,AR_SP_VF_nzoth_yogg_cthun_3132996162280959_Mis_IV_ME,156745,90.60%,
8T,AR_SW_VF_nzoth_yogg_cthun_3132858790444527_Mis_IV_ME,156744,90.60%,
8T,VW_DH_TV_VF_yshaarj_nzoth_yogg_4049797876342255_IN_AM_DR_DS,156741,90.60%,
8T,AR_EC_VF_nzoth_yogg_cthun_3132996229389807_IN_AM_ME,156740,90.60%,
8T,AR_SP_VF_nzoth_yogg_cthun_3132859797593583_IN_IV_DR,156732,90.59%,
8T,VW_DH_TV_VF_nzoth_yogg_cthun_3132926511611375_IN_AM_DR,156727,90.58%,
8T,VW_DH_TV_VF_yshaarj_nzoth_yogg_4049660437388783_IN_AM_DR_DS,156726,90.58%,
8T,VW_DH_TV_VF_nzoth_yogg_cthun_3132944765214191_IN_AM_ME_DS,156725,90.58%,
8T,AR_SP_VF_nzoth_yogg_cthun_3132996229389807_Mis_IV_DR,156724,90.58%,
8T,VW_DH_TV_VF_nzoth_yogg_cthun_3150262073351663_IN_AM_ME_DS,156721,90.57%,
8T,AR_EC_VF_nzoth_yogg_cthun_3132858723335679_IN_IV_ME,156716,90.57%,
8T,AR_SW_VF_yshaarj_nzoth_yogg_4014400827940335_Mis_IV_ME,156710,90.56%,
8T,VW_DH_VW_VF_nzoth_yogg_cthun_3132814842453487_Mis_AM_DR_DS,156708,90.56%,
8T,VW_DH_VW_VF_nzoth_yogg_cthun_3132807393369583_Mis_AM_ME_DS,156706,90.56%,
8T,AR_EC_VF_nzoth_yogg_cthun_3132858790436351_Mis_IV_ME,156704,90.55%,
8T,AR_SP_VF_nzoth_yogg_cthun_3132867380370927_IN_IV_DR,156702,90.55%,
8T,AR_EC_VF_nzoth_yogg_cthun_3132996162805231_IN_AM_ME,156679,90.52%,
8T,VW_DH_VW_VF_yshaarj_nzoth_yogg_4049522998443503_IN_AM_DR_DS,156679,90.52%,
8T,AR_EC_VF_yshaarj_nzoth_yogg_4014400760839663_Mis_IV_DR,156666,90.51%,
8T,AR_EC_VF_nzoth_yogg_cthun_3132996162289135_Mis_IV_DR,156658,90.50%,
8T,VW_DH_TV_VF_nzoth_yogg_cthun_3132942684839407_IN_AM_ME_DS,156653,90.49%,
8T,AR_SP_VF_nzoth_yogg_cthun_3150313537527279_Mis_AM_DR,156643,90.48%,
8T,AR_SW_VF_nzoth_yogg_cthun_3132858723859951_IN_IV_ME,156634,90.47%,
8T,AR_SW_VF_nzoth_yogg_cthun_3150313470418431_IN_IV_ME,156618,90.45%,
8T,AR_EC_VF_yshaarj_nzoth_yogg_4014400760831487_IN_IV_ME,156616,90.45%,
8T,AR_EC_VF_nzoth_yogg_cthun_3132875970305519_IN_IV_ME_DS,156600,90.43%,
8T,AR_SW_VF_nzoth_yogg_cthun_3132996229389807_IN_IV_ME,156575,90.40%,
8T,VW_DH_VW_VF_nzoth_yogg_cthun_3132806319627759_Mis_AM_DR_DS,156570,90.39%,
8T,VW_DH_TV_VF_nzoth_yogg_cthun_3132942617730559_Mis_AM_DR_DS,156557,90.37%,
8T,VW_DH_TV_VF_nzoth_yogg_cthun_3132807393369583_Mis_AM_DR_DS,156538,90.35%,
8T,VW_DH_VW_VF_nzoth_yogg_cthun_3132927585869295_IN_AM_ME,156533,90.35%,
8T,AR_EC_VF_yshaarj_nzoth_yogg_4013438688681455_Mis_IV_ME,156522,90.33%,
8T,VW_DH_TV_VF_nzoth_yogg_cthun_3205372946210287_IN_AM_DR_DS,156509,90.32%,
8T,AR_SW_VF_nzoth_yogg_cthun_3132858723859951_Mis_IV_ME,156509,90.32%,
8T,AR_EC_VF_nzoth_yogg_cthun_3150313470418431_IN_IV_DR,156505,90.31%,
8T,AR_SW_VF_yshaarj_nzoth_yogg_3977567121309167_Mis_IV_DR,156500,90.31%,
8T,AR_SW_VF_nzoth_yogg_cthun_3132867380370927_Mis_IV_ME,156489,90.29%,
8T,AR_EC_VF_nzoth_yogg_cthun_3132859864178159_IN_IV_DR,156485,90.29%,
8T,VW_DH_TV_VF_nzoth_yogg_cthun_3132935101537775_IN_AM_DR,156482,90.28%,
8T,AR_EC_VF_nzoth_yogg_cthun_3132867380370927_IN_IV_DR,156462,90.26%,
8T,AR_SW_VF_yshaarj_nzoth_yogg_3977567188409839_IN_AM_ME,156459,90.26%,
8T,VW_DH_VW_VF_nzoth_yogg_cthun_3150259926392303_Mis_AM_DR_DS,156452,90.25%,
8T,VW_DH_TV_VF_nzoth_yogg_cthun_3135004202032639_Mis_AM_DR_DS,156448,90.24%,
8T,VW_DH_VW_VF_nzoth_yogg_cthun_3133348492140015_Mis_AM_DR,156441,90.23%,
8T,VW_DH_VW_VF_nzoth_yogg_cthun_3132927585345023_IN_AM_ME,156440,90.23%,
8T,VW_DH_VW_VF_nzoth_yogg_cthun_3150244893482495_IN_AM_ME,156436,90.23%,
8T,VW_DH_VW_VF_nzoth_yogg_cthun_3132813768711679_Mis_AM_ME_DS,156434,90.23%,
8T,VW_DH_TV_VF_nzoth_yogg_cthun_3135004202556911_Mis_AM_DR_DS,156419,90.21%,
8T,VW_DH_VW_VF_nzoth_yogg_cthun_3132813835820527_IN_AM_ME_DS,156400,90.18%,
8T,AR_SW_VF_yshaarj_nzoth_yogg_3977567188409839_Mis_IV_ME,156394,90.18%,
8T,VW_DH_TV_VF_nzoth_yogg_cthun_3133363524525551_IN_AM_ME_DS,156387,90.17%,
8T,VW_DH_VW_VF_nzoth_yogg_cthun_3132806319627759_IN_AM_ME_DS,156386,90.17%,
8T,AR_SP_VF_nzoth_yogg_cthun_3132996162805231_Mis_IV_DR,156352,90.13%,
8T,VW_DH_TV_VF_nzoth_yogg_cthun_3132815916195311_IN_AM_ME_DS,156350,90.12%,
8T,VW_DH_TV_VF_nzoth_yogg_cthun_3150243819748847_IN_AM_DR,156338,90.11%,
8T,VW_DH_VW_VF_nzoth_yogg_cthun_3134997759581679_IN_AM_DR,156333,90.10%,
8T,VW_DH_VW_VF_nzoth_yogg_cthun_3135004269141487_Mis_AM_DR_DS,156324,90.09%,
8T,VW_DH_TV_VF_yshaarj_nzoth_yogg_4049525145918959_IN_AM_DR_DS,156324,90.09%,
8T,AR_EC_VF_nzoth_yogg_cthun_3150313470942703_Mis_AM_DR,156295,90.06%,
8T,VW_DH_TV_VF_nzoth_yogg_cthun_3132797663108591_IN_AM_DR,156282,90.04%,
8T,AR_EC_VF_nzoth_yogg_cthun_3132858790960623_IN_AM_ME,156271,90.03%,
8T,AR_EC_VF_nzoth_yogg_cthun_3132859864178159_IN_AM_ME,156251,90.00%,
8T,AR_SW_VF_yshaarj_nzoth_yogg_3977567121300991_IN_AM_ME,156249,90.00%,
8T,VW_DH_TV_VF_nzoth_yogg_cthun_3150518697647599_IN_AM_DR,156247,90.00%,
8T,VW_DH_TV_VF_nzoth_yogg_cthun_3132797662592495_IN_AM_DR,156247,90.00%,
8T,AR_SW_VF_nzoth_yogg_cthun_3150313470426607_Mis_IV_DR,156243,89.99%,
8T,AR_SW_VF_yshaarj_nzoth_yogg_4014400827940335_IN_IV_ME,156237,89.99%,
8T,VW_DH_TV_VF_nzoth_yogg_cthun_3152458949123567_IN_AM_DR_DS,156234,89.98%,
8T,VW_DH_TV_VF_nzoth_yogg_cthun_3132926511603199_IN_AM_DR,156216,89.96%,
8T,AR_EC_VF_nzoth_yogg_cthun_3132859058871791_IN_IV_DR,156212,89.96%,
8T,VW_DH_VW_VF_nzoth_yogg_cthun_3150243886849519_IN_AM_DR,156199,89.94%,
8T,AR_EC_VF_nzoth_yogg_cthun_3132996162805231_Mis_AM_ME,156181,89.92%,
8T,AR_SP_VF_nzoth_yogg_cthun_3132858790960623_IN_IV_DR,156181,89.92%,
8T,VW_DH_VW_VF_nzoth_yogg_cthun_3132798736334319_Mis_AM_DR,156178,89.91%,
8T,VW_DH_TV_VF_nzoth_yogg_cthun_3135004202032639_IN_AM_ME_DS,156159,89.89%,
8T,VW_DH_VW_VF_nzoth_yogg_cthun_3132935101537775_IN_AM_DR,156153,89.88%,
8T,AR_SP_VF_nzoth_yogg_cthun_3132867313786351_Mis_IV_ME,156139,89.87%,
8T,AR_EC_VF_nzoth_yogg_cthun_3132859797077487_IN_IV_DR,156132,89.86%,
8T,AR_SP_VF_nzoth_yogg_cthun_3132859797077487_IN_IV_DR,156131,89.86%,
8T,AR_EC_VF_yshaarj_nzoth_yogg_3977567121825263_IN_AM_DR,156111,89.83%,
8T,AR_SP_VF_yshaarj_nzoth_yogg_3977567121309167_IN_AM_ME,156109,89.83%,
8T,VW_DH_VW_VF_nzoth_yogg_cthun_3135004202032639_IN_AM_ME_DS,156097,89.82%,
8T,AR_EC_VF_nzoth_yogg_cthun_3150313470426607_IN_AM_ME,156086,89.80%,
8T,AR_EC_VF_yshaarj_nzoth_yogg_4013301584748015_Mis_IV_DR,156086,89.80%,
8T,AR_SP_VF_nzoth_yogg_cthun_3132858790436351_Mis_IV_ME,156078,89.79%,
8T,VW_DH_VW_VF_nzoth_yogg_cthun_3150252409675247_IN_AM_DR,156049,89.76%,
8T,AR_SP_VF_nzoth_yogg_cthun_3132867313786351_IN_IV_DR,156049,89.76%,
8T,VW_DH_VW_VF_nzoth_yogg_cthun_3150518697647599_IN_AM_DR,156039,89.74%,
8T,VW_DH_VW_VF_nzoth_yogg_cthun_3150534803774959_IN_AM_ME_DS,156037,89.74%,
8T,VW_DH_VW_VF_nzoth_yogg_cthun_3132798803434991_Mis_AM_DR,156036,89.74%,
8T,AR_SP_VF_nzoth_yogg_cthun_3132867313262079_IN_IV_ME,156005,89.70%,
8T,AR_EC_VF_nzoth_yogg_cthun_3132858790960623_IN_IV_DR,155999,89.70%,
8T,VW_DH_VW_VF_nzoth_yogg_cthun_3135012791967215_Mis_AM_DR_DS,155999,89.70%,
8T,VW_DH_VW_VF_nzoth_yogg_cthun_3132815916195311_IN_AM_ME_DS,155991,89.69%,
8T,VW_DH_VW_VF_nzoth_yogg_cthun_3132806252518911_IN_AM_ME_DS,155991,89.69%,
8T,AR_SW_VF_nzoth_yogg_cthun_3132867313786351_Mis_IV_ME,155988,89.68%,
8T,AR_EC_VF_nzoth_yogg_cthun_3132858723851775_Mis_IV_ME,155958,89.65%,
8T,AR_EC_VF_yshaarj_nzoth_yogg_4013301316320751_Mis_IV_DR,155957,89.65%,
8T,VW_DH_TV_VF_nzoth_yogg_cthun_3132928659086831_IN_AM_DR,155951,89.64%,
8T,AR_SP_VF_nzoth_yogg_cthun_3132858723335679_IN_IV_ME,155951,89.64%,
8T,VW_DH_VW_VF_yshaarj_nzoth_yogg_4049522998959599_IN_AM_DR_DS,155942,89.63%,
8T,VW_DH_VW_VF_nzoth_yogg_cthun_3132927585345023_Mis_AM_DR,155919,89.60%,
8T,VW_DH_VW_VF_yshaarj_nzoth_yogg_4049522998435327_IN_AM_DR_DS,155914,89.59%,
8T,VW_DH_TV_VF_nzoth_yogg_cthun_3132807326268911_Mis_AM_DR_DS,155890,89.56%,
8T,VW_DH_TV_VF_nzoth_yogg_cthun_3132927585345023_IN_AM_ME,155886,89.56%,
8T,AR_EC_VF_yshaarj_nzoth_yogg_4014400761355759_IN_AM_ME,155874,89.54%,
8T,AR_EC_VF_nzoth_yogg_cthun_3132996162289135_Mis_AM_ME,155869,89.54%,
8T,AR_SW_VF_yshaarj_nzoth_yogg_4014400760839663_IN_IV_ME,155862,89.53%,
8T,VW_DH_TV_VF_nzoth_yogg_cthun_3132797662584319_IN_AM_DR,155860,89.53%,
8T,AR_SW_VF_nzoth_yogg_cthun_3132867313270255_IN_IV_ME,155849,89.51%,
8T,AR_EC_VF_nzoth_yogg_cthun_3132875903720943_Mis_IV_ME_DS,155843,89.51%,
8T,AR_SP_VF_nzoth_yogg_cthun_3150313537527279_IN_AM_ME,155837,89.50%,
8T,VW_DH_VW_VF_nzoth_yogg_cthun_3132807326268911_Mis_AM_ME_DS,155837,89.50%,
8T,VW_DH_VW_VF_nzoth_yogg_cthun_3132806253043183_IN_AM_ME_DS,155831,89.49%,
8T,AR_EC_VF_yshaarj_nzoth_yogg_3977567188409839_IN_AM_DR,155815,89.47%,
8T,VW_DH_TV_VF_nzoth_yogg_cthun_3150260999609839_IN_AM_DR_DS,155799,89.45%,
8T,AR_SW_VF_nzoth_yogg_cthun_3150313537527279_Mis_AM_ME,155795,89.45%,
8T,AR_EC_VF_yshaarj_nzoth_yogg_4014400827940335_IN_IV_DR,155789,89.44%,
8T,VW_DH_TV_VF_nzoth_yogg_cthun_3150259992976879_IN_AM_ME_DS,155770,89.42%,
8T,AR_EC_VF_nzoth_yogg_cthun_3132858790444527_Mis_IV_DR,155768,89.42%,
8T,VW_DH_VW_VF_nzoth_yogg_cthun_3150259992976879_IN_AM_ME_DS,155765,89.41%,
8T,VW_DH_VW_VF_nzoth_yogg_cthun_3205372946210287_IN_AM_DR_DS,155734,89.37%,
8T,AR_EC_VF_yshaarj_nzoth_yogg_4014409417874927_Mis_IV_ME_DS,155734,89.37%,
8T,AR_EC_VF_nzoth_yogg_cthun_3132867313270255_Mis_IV_ME,155731,89.37%,
8T,AR_SW_VF_nzoth_yogg_cthun_3132859864178159_Mis_IV_ME,155711,89.35%,
8T,VW_DH_VW_VF_nzoth_yogg_cthun_3132799810067951_IN_AM_DR,155705,89.34%,
8T,VW_DH_VW_VF_nzoth_yogg_cthun_3132813768719855_IN_AM_ME_DS,155705,89.34%,
8T,AR_SW_VF_yshaarj_nzoth_yogg_3977567121825263_Mis_IV_DR,155698,89.33%,
8T,AR_EC_VF_nzoth_yogg_cthun_3132996162289135_IN_IV_DR,155678,89.31%,
8T,VW_DH_VW_VF_nzoth_yogg_cthun_3132806252518911_Mis_AM_DR_DS,155645,89.27%,
8T,AR_SW_VF_yshaarj_nzoth_yogg_4014400761355759_IN_IV_ME,155645,89.27%,
8T,VW_DH_TV_VF_nzoth_yogg_cthun_3150253483417071_IN_AM_DR,155640,89.26%,
8T,AR_SP_VF_nzoth_yogg_cthun_3150313470418431_IN_IV_DR,155624,89.24%,
8T,AR_SP_VF_nzoth_yogg_cthun_3132859058871791_IN_IV_DR,155617,89.23%,
8T,VW_DH_VW_VF_nzoth_yogg_cthun_3132797729693167_IN_AM_DR,155613,89.23%,
8T,AR_EC_VF_yshaarj_nzoth_yogg_4013438688165359_Mis_IV_DR,155607,89.22%,
8T,AR_SP_VF_nzoth_yogg_cthun_3150313470426607_Mis_AM_ME,155603,89.21%,
8T,VW_DH_VW_VF_nzoth_yogg_cthun_3150243819748847_IN_AM_DR,155594,89.20%,
8T,VW_DH_VW_VF_nzoth_yogg_cthun_3135005275774447_IN_AM_DR_DS,155594,89.20%,
8T,VW_DH_TV_VF_nzoth_yogg_cthun_3132791220657647_IN_AM_DR,155555,89.16%,
8T,AR_SP_VF_nzoth_yogg_cthun_3132867313270255_Mis_IV_ME,155543,89.14%,
8T,VW_DH_VW_VF_nzoth_yogg_cthun_3150259925876207_IN_AM_ME_DS,155531,89.13%,
8T,VW_DH_TV_VF_nzoth_yogg_cthun_3150244894006767_IN_AM_ME,155531,89.13%,
8T,AR_EC_VF_nzoth_yogg_cthun_3132859058871791_IN_AM_ME,155528,89.12%,
8T,AR_SW_VF_yshaarj_nzoth_yogg_3977567121309167_Mis_IV_ME,155528,89.12%,
8T,AR_SP_VF_nzoth_yogg_cthun_3132858790960623_Mis_IV_DR,155528,89.12%,
8T,AR_EC_VF_nzoth_yogg_cthun_3132859797593583_Mis_IV_DR,155519,89.11%,
8T,VW_DH_TV_VF_nzoth_yogg_cthun_3150534803774959_IN_AM_ME_DS,155519,89.11%,
8T,AR_SP_VF_nzoth_yogg_cthun_3132996162805231_Mis_AM_ME,155512,89.10%,
8T,VW_DH_TV_VF_nzoth_yogg_cthun_3132807326268911_IN_AM_ME_DS,155511,89.10%,
8T,AR_SW_VF_yshaarj_nzoth_yogg_4014400761355759_Mis_IV_ME,155505,89.10%,
8T,AR_EC_VF_yshaarj_nzoth_yogg_4013302390054383_Mis_IV_DR,155493,89.08%,
8T,AR_SP_VF_nzoth_yogg_cthun_3150313470942703_IN_AM_ME,155480,89.07%,
8T,AR_EC_VF_yshaarj_nzoth_yogg_4013447345200623_Mis_IV_ME_DS,155469,89.05%,
8T,AR_SW_VF_nzoth_yogg_cthun_3132858723335679_IN_IV_ME,155453,89.03%,
8T,AR_EC_VF_nzoth_yogg_cthun_3132867380370927_Mis_IV_DR,155451,89.03%,
8T,AR_EC_VF_nzoth_yogg_cthun_3150313470418431_Mis_AM_ME,155447,89.03%,
8T,AR_EC_VF_nzoth_yogg_cthun_3132858790960623_Mis_IV_DR,155442,89.02%,
8T,AR_SP_VF_yshaarj_nzoth_yogg_4014400760839663_Mis_IV_DR,155440,89.02%,
8T,VW_DH_VW_VF_nzoth_yogg_cthun_3132797662592495_IN_AM_DR,155436,89.01%,
8T,AR_SP_VF_nzoth_yogg_cthun_3132859864178159_Mis_IV_DR,155436,89.01%,
8T,AR_SW_VF_nzoth_yogg_cthun_3132859797069311_IN_IV_ME,155432,89.01%,
8T,VW_DH_VW_VF_nzoth_yogg_cthun_3150259926392303_IN_AM_ME_DS,155422,88.99%,
8T,AR_SW_VF_yshaarj_nzoth_yogg_3977567188409839_Mis_IV_DR,155412,88.98%,
8T,AR_EC_VF_yshaarj_nzoth_yogg_4013438688681455_Mis_IV_DR,155410,88.98%,
8T,AR_SP_VF_nzoth_yogg_cthun_3132996162289135_IN_IV_DR,155406,88.98%,
8T,VW_DH_VW_VF_nzoth_yogg_cthun_3132813768719855_Mis_AM_DR_DS,155397,88.96%,
8T,AR_EC_VF_nzoth_yogg_cthun_3132867313786351_IN_AM_ME,155386,88.95%,
8T,VW_DH_TV_VF_nzoth_yogg_cthun_3132926512127471_IN_AM_DR,155386,88.95%,
8T,AR_SP_VF_yshaarj_nzoth_yogg_4014400760831487_IN_IV_ME,155380,88.94%,
8T,AR_SP_VF_yshaarj_nzoth_yogg_4014400827940335_Mis_IV_DR,155379,88.94%,
8T,VW_DH_VW_VF_nzoth_yogg_cthun_3132806253043183_Mis_AM_DR_DS,155368,88.93%,
8T,AR_EC_VF_yshaarj_nzoth_yogg_3977567188409839_Mis_AM_ME,155366,88.93%,
8T,AR_EC_VF_nzoth_yogg_cthun_3132859797077487_Mis_IV_DR,155356,88.91%,
8T,VW_DH_VW_VF_nzoth_yogg_cthun_3132808400002543_Mis_AM_DR_DS,155355,88.91%,
8T,AR_EC_VF_yshaarj_nzoth_yogg_4014400761355759_IN_IV_DR,155348,88.90%,
8T,AR_EC_VF_yshaarj_nzoth_yogg_4014400760839663_IN_IV_DR,155336,88.89%,
8T,VW_DH_TV_VF_nzoth_yogg_cthun_3132807326260735_Mis_AM_ME_DS,155333,88.89%,
8T,AR_SW_VF_nzoth_yogg_cthun_3132996162280959_IN_IV_ME,155325,88.88%,
8T,AR_SP_VF_nzoth_yogg_cthun_3132996162289135_Mis_IV_DR,155318,88.87%,
8T,VW_DH_VW_VF_nzoth_yogg_cthun_3135006349516271_Mis_AM_DR_DS,155311,88.86%,
8T,AR_SW_VF_nzoth_yogg_cthun_3132859058871791_IN_IV_ME,155310,88.86%,
8T,VW_DH_TV_VF_nzoth_yogg_cthun_3132807326785007_IN_AM_ME_DS,155303,88.85%,
8T,AR_SP_VF_yshaarj_nzoth_yogg_4013301584748015_Mis_IV_DR,155300,88.85%,
8T,AR_SP_VF_nzoth_yogg_cthun_3132875970305519_Mis_IV_ME_DS,155295,88.84%,
8T,AR_EC_VF_nzoth_yogg_cthun_3132867313786351_Mis_AM_ME,155286,88.83%,
8T,VW_DH_TV_VF_nzoth_yogg_cthun_3132813835820527_Mis_AM_DR_DS,155282,88.82%,
8T,AR_SP_VF_nzoth_yogg_cthun_3132859797593583_IN_AM_ME,155279,88.82%,
8T,AR_EC_VF_yshaarj_nzoth_yogg_4014400760831487_Mis_IV_ME,155266,88.81%,
8T,VW_DH_VW_VF_nzoth_yogg_cthun_3132807326260735_Mis_AM_ME_DS,155266,88.81%,
8T,AR_SP_VF_nzoth_yogg_cthun_3132858790444527_Mis_IV_DR,155262,88.80%,
8T,VW_DH_VW_VF_yshaarj_nzoth_yogg_3977567263842285_IN_IV_ME,155258,88.80%,
8T,AR_EC_VF_yshaarj_nzoth_yogg_4014400827940335_Mis_AM_DR,155250,88.79%,
8T,AR_SP_VF_yshaarj_nzoth_yogg_4013447345200623_Mis_IV_ME_DS,155250,88.79%,
8T,AR_SP_VF_nzoth_yogg_cthun_3132875903196671_IN_IV_ME_DS,155248,88.78%,
8T,AR_SP_VF_nzoth_yogg_cthun_3132858723859951_IN_IV_DR,155243,88.78%,
8T,VW_DH_VW_VF_nzoth_yogg_cthun_3152458949123567_IN_AM_DR_DS,155242,88.78%,
8T,VW_DH_TV_VF_yshaarj_nzoth_yogg_4049522998959599_IN_AM_DR_DS,155240,88.77%,
8T,VW_DH_VW_VF_nzoth_yogg_cthun_3133347418398191_IN_AM_DR,155238,88.77%,
8T,VW_DH_VW_VF_yshaarj_nzoth_yogg_4049525145918959_IN_AM_DR_DS,155237,88.77%,
8T,AR_EC_VF_nzoth_yogg_cthun_3132859058871791_Mis_AM_ME,155234,88.77%,
8T,AR_EC_VF_nzoth_yogg_cthun_3132859797593583_IN_AM_ME,155234,88.77%,
8T,AR_SP_VF_nzoth_yogg_cthun_3132859797593583_Mis_IV_DR,155227,88.76%,
8T,AR_SP_VF_nzoth_yogg_cthun_3132867313270255_IN_IV_DR,155226,88.76%,
8T,AR_SW_VF_nzoth_yogg_cthun_3132996229389807_Mis_IV_DR,155222,88.75%,
8T,AR_SP_VF_nzoth_yogg_cthun_3132859058871791_Mis_IV_DR,155221,88.75%,
8T,AR_SP_VF_yshaarj_nzoth_yogg_4013438688681455_Mis_IV_ME,155221,88.75%,
8T,VW_DH_VW_VF_nzoth_yogg_cthun_3150262073351663_IN_AM_ME_DS,155216,88.74%,
8T,VW_DH_TV_VF_nzoth_yogg_cthun_3132799810067951_IN_AM_DR,155203,88.73%,
8T,AR_EC_VF_nzoth_yogg_cthun_3132858723335679_Mis_IV_ME,155194,88.72%,
8T,AR_SP_VF_nzoth_yogg_cthun_3132858790444527_IN_IV_DR,155190,88.71%,
8T,AR_SW_VF_nzoth_yogg_cthun_3132859797077487_Mis_IV_ME,155175,88.70%,
8T,VW_DH_VW_VF_nzoth_yogg_cthun_3132944765214191_IN_AM_ME_DS,155166,88.68%,
8T,VW_DH_VW_VF_nzoth_yogg_cthun_3132798736850415_Mis_AM_DR,155156,88.67%,
8T,VW_DH_VW_VF_nzoth_yogg_cthun_3132926511603199_IN_AM_DR,155147,88.66%,
8T,AR_EC_VF_nzoth_yogg_cthun_3132858723859951_IN_IV_DR,155123,88.63%,
8T,AR_EC_VF_yshaarj_nzoth_yogg_4013851072126447_Mis_IV_ME,155123,88.63%,
8T,AR_SW_VF_nzoth_yogg_cthun_3150313470426607_IN_IV_DR,155090,88.59%,
8T,VW_DH_VW_VF_nzoth_yogg_cthun_3132798736326143_IN_AM_ME,155089,88.59%,
8T,VW_DH_VW_VF_nzoth_yogg_cthun_3132942684839407_IN_AM_ME_DS,155083,88.58%,
8T,VW_DH_VW_VF_nzoth_yogg_cthun_3132944765214191_Mis_AM_DR_DS,155076,88.57%,
8T,VW_DH_TV_VF_nzoth_yogg_cthun_3132807393369583_IN_AM_ME_DS,155074,88.57%,
8T,AR_EC_VF_yshaarj_nzoth_yogg_4014400827940335_IN_AM_ME,155067,88.56%,
8T,AR_SW_VF_nzoth_yogg_cthun_3132996162805231_IN_IV_DR,155066,88.56%,
8T,VW_DH_TV_VF_nzoth_yogg_cthun_3132797729693167_IN_AM_DR,155062,88.56%,
8T,VW_DH_TV_VF_yshaarj_nzoth_yogg_4049523065544175_IN_AM_DR_DS,155057,88.55%,
8T,AR_SP_VF_yshaarj_nzoth_yogg_4013438688165359_Mis_IV_ME,155053,88.55%,
8T,AR_EC_VF_nzoth_yogg_cthun_3132867380370927_IN_AM_ME,155053,88.55%,
8T,AR_SP_VF_yshaarj_nzoth_yogg_4013438688681455_Mis_IV_DR,155051,88.54%,
8T,AR_EC_VF_nzoth_yogg_cthun_3132875903196671_IN_IV_ME_DS,155040,88.53%,
8T,VW_DH_VW_VF_nzoth_yogg_cthun_3135004202556911_Mis_AM_DR_DS,155023,88.51%,
8T,AR_EC_VF_nzoth_yogg_cthun_3132867313270255_Mis_IV_DR,155022,88.51%,
8T,AR_SP_VF_yshaarj_nzoth_yogg_4013438688165359_Mis_IV_DR,155020,88.51%,
8T,VW_DH_TV_VF_nzoth_yogg_cthun_3135012791967215_IN_AM_DR_DS,155009,88.49%,
8T,AR_SP_VF_nzoth_yogg_cthun_3132859797069311_Mis_IV_ME,155003,88.49%,
8T,VW_DH_VW_VF_nzoth_yogg_cthun_3132807326268911_Mis_AM_DR_DS,154980,88.46%,
8T,VW_DH_VW_VF_nzoth_yogg_cthun_3132814842453487_IN_AM_DR_DS,154975,88.45%,
8T,VW_DH_VW_VF_nzoth_yogg_cthun_3132807326785007_Mis_AM_ME_DS,154967,88.44%,
8T,VW_DH_TV_VF_nzoth_yogg_cthun_3132791220141551_IN_AM_DR,154963,88.44%,
8T,AR_SP_VF_yshaarj_nzoth_yogg_4014409417874927_Mis_IV_ME_DS,154963,88.44%,
8T,VW_DH_TV_VF_nzoth_yogg_cthun_3132942617738735_IN_AM_ME_DS,154955,88.43%,
8T,AR_SP_VF_nzoth_yogg_cthun_3132859797077487_Mis_IV_DR,154945,88.42%,
8T,VW_DH_TV_VF_nzoth_yogg_cthun_3132791287242223_IN_AM_DR,154945,88.42%,
8T,AR_SP_VF_yshaarj_nzoth_yogg_4014400761355759_Mis_IV_DR,154935,88.40%,
8T,AR_SP_VF_nzoth_yogg_cthun_3132858723851775_Mis_IV_ME,154917,88.38%,
8T,AR_EC_VF_yshaarj_nzoth_yogg_3977567121309167_IN_AM_DR,154915,88.38%,
8T,VW_DH_VW_VF_nzoth_yogg_cthun_3132807326268911_IN_AM_ME_DS,154882,88.34%,
8T,VW_DH_TV_VF_yshaarj_nzoth_yogg_4049522998443503_IN_AM_DR_DS,154874,88.33%,
8T,AR_SP_VF_nzoth_yogg_cthun_3132867313786351_Mis_IV_DR,154848,88.30%,
8T,AR_EC_VF_nzoth_yogg_cthun_3132858790444527_IN_IV_DR,154830,88.27%,
8T,AR_EC_VF_yshaarj_nzoth_yogg_4013310174682607_Mis_IV_ME_DS,154818,88.26%,
8T,AR_SP_VF_yshaarj_nzoth_yogg_4014400761355759_IN_IV_DR,154803,88.24%,
8T,VW_DH_TV_VF_nzoth_yogg_cthun_3132815916195311_Mis_AM_DR_DS,154799,88.24%,
8T,VW_DH_VW_VF_nzoth_yogg_cthun_3150259925868031_IN_AM_ME_DS,154774,88.21%,
8T,VW_DH_VW_VF_nzoth_yogg_cthun_3132813835820527_Mis_AM_DR_DS,154759,88.19%,
8T,VW_DH_TV_VF_nzoth_yogg_cthun_3132798736326143_Mis_AM_DR,154758,88.19%,
8T,AR_SP_VF_nzoth_yogg_cthun_3132859797069311_IN_IV_DR,154758,88.19%,
8T,AR_SW_VF_yshaarj_nzoth_yogg_4014400760839663_Mis_IV_ME,154756,88.19%,
8T,AR_EC_VF_yshaarj_nzoth_yogg_3977567121825263_Mis_AM_ME,154737,88.16%,
8T,AR_SP_VF_yshaarj_nzoth_yogg_4014400760839663_IN_IV_DR,154724,88.15%,
8T,AR_EC_VF_yshaarj_nzoth_yogg_4013301316320751_Mis_IV_ME,154723,88.14%,
8T,VW_DH_TV_VF_nzoth_yogg_cthun_3132813769235951_IN_AM_ME_DS,154721,88.14%,
8T,AR_EC_VF_nzoth_yogg_cthun_3132996162289135_IN_AM_ME,154716,88.14%,
8T,AR_SP_VF_nzoth_yogg_cthun_3132858723335679_Mis_IV_ME,154707,88.13%,
8T,AR_SW_VF_nzoth_yogg_cthun_3132859864178159_IN_IV_DR,154701,88.12%,
8T,AR_SW_VF_nzoth_yogg_cthun_3132859797593583_IN_IV_DR,154699,88.12%,
8T,AR_SP_VF_nzoth_yogg_cthun_3132996229389807_Mis_AM_ME,154685,88.10%,
8T,AR_SW_VF_nzoth_yogg_cthun_3132996162280959_Mis_IV_ME,154678,88.09%,
8T,AR_SP_VF_yshaarj_nzoth_yogg_4013301584748015_Mis_IV_ME,154678,88.09%,
8T,AR_EC_VF_nzoth_yogg_cthun_3132858790960623_Mis_AM_ME,154678,88.09%,
8T,AR_EC_VF_nzoth_yogg_cthun_3132859797069311_Mis_IV_DR,154675,88.09%,
8T,AR_SW_VF_yshaarj_nzoth_yogg_4014400760839663_Mis_IV_DR,154666,88.08%,
8T,AR_SP_VF_yshaarj_nzoth_yogg_4014409351290351_Mis_IV_ME_DS,154661,88.07%,
8T,AR_SP_VF_nzoth_yogg_cthun_3132875903720943_Mis_IV_ME_DS,154653,88.06%,
8T,AR_EC_VF_yshaarj_nzoth_yogg_4014409351290351_Mis_IV_ME_DS,154637,88.04%,
8T,VW_DH_VW_VF_nzoth_yogg_cthun_3133363524525551_Mis_AM_DR_DS,154635,88.04%,
8T,AR_EC_VF_nzoth_yogg_cthun_3132996162280959_Mis_IV_DR,154625,88.03%,
8T,VW_DH_VW_VF_nzoth_yogg_cthun_3132926511611375_IN_AM_DR,154618,88.02%,
8T,AR_SW_VF_nzoth_yogg_cthun_3132858790436351_Mis_IV_ME,154603,88.00%,
8T,AR_EC_VF_nzoth_yogg_cthun_3150313470418431_IN_AM_ME,154591,87.98%,
8T,VW_DH_TV_VF_nzoth_yogg_cthun_3132943691472367_IN_AM_DR_DS,154590,87.98%,
8T,VW_DH_VW_VF_nzoth_yogg_cthun_3132926578712047_IN_AM_DR,154588,87.98%,
8T,VW_DH_VW_VF_nzoth_yogg_cthun_3150243820264943_IN_AM_DR,154575,87.96%,
8T,VW_DH_VW_VF_nzoth_yogg_cthun_3150260999609839_IN_AM_DR_DS,154572,87.96%,
8T,AR_EC_VF_nzoth_yogg_cthun_3150313470426607_Mis_AM_DR,154549,87.93%,
8T,VW_DH_VW_VF_nzoth_yogg_cthun_3132807393369583_IN_AM_ME_DS,154547,87.93%,
8T,VW_DH_VW_VF_nzoth_yogg_cthun_3132813769235951_IN_AM_ME_DS,154534,87.92%,
8T,AR_EC_VF_nzoth_yogg_cthun_3132867313262079_Mis_IV_ME,154528,87.91%,
8T,VW_DH_VW_VF_nzoth_yogg_cthun_3132813768711679_IN_AM_ME_DS,154512,87.89%,
8T,AR_SW_VF_nzoth_yogg_cthun_3132996162805231_Mis_IV_DR,154484,87.85%,
8T,AR_EC_VF_yshaarj_nzoth_yogg_4013851005025775_Mis_IV_ME,154477,87.85%,
8T,AR_EC_VF_nzoth_yogg_cthun_3169151264087535_Mis_IV_ME,154473,87.84%,
8T,VW_DH_TV_VF_nzoth_yogg_cthun_3150259925868031_IN_AM_ME_DS,154468,87.83%,
8T,AR_SP_VF_nzoth_yogg_cthun_3132859864178159_IN_AM_ME,154462,87.83%,
8T,AR_SW_VF_nzoth_yogg_cthun_3132858723851775_Mis_IV_ME,154456,87.82%,
8T,VW_DH_VW_VF_nzoth_yogg_cthun_3132942618254831_Mis_AM_DR_DS,154454,87.82%,
8T,VW_DH_TV_VF_nzoth_yogg_cthun_3133363524525551_Mis_AM_DR_DS,154441,87.80%,
8T,AR_SP_VF_nzoth_yogg_cthun_3132867380370927_Mis_IV_DR,154406,87.76%,
8T,AR_SP_VF_nzoth_yogg_cthun_3132875903204847_Mis_IV_ME_DS,154398,87.75%,
8T,VW_DH_VW_VF_nzoth_yogg_cthun_3150253483417071_IN_AM_DR,154392,87.74%,
8T,AR_EC_VF_nzoth_yogg_cthun_3132859797593583_Mis_AM_ME,154378,87.73%,
8T,VW_DH_TV_VF_yshaarj_nzoth_yogg_4049522998435327_IN_AM_DR_DS,154377,87.72%,
8T,AR_EC_VF_yshaarj_nzoth_yogg_4013447278099951_Mis_IV_ME_DS,154373,87.72%,
8T,AR_EC_VF_nzoth_yogg_cthun_3150313537527279_IN_AM_DR,154364,87.71%,
8T,AR_EC_VF_nzoth_yogg_cthun_3132867313270255_IN_AM_ME,154364,87.71%,
8T,VW_DH_VW_VF_nzoth_yogg_cthun_3132942617730559_Mis_AM_DR_DS,154363,87.71%,
8T,AR_SW_VF_nzoth_yogg_cthun_3132859797069311_Mis_IV_ME,154358,87.70%,
8T,AR_EC_VF_yshaarj_nzoth_yogg_4013438755266031_Mis_AM_DR,154349,87.69%,
8T,AR_SW_VF_nzoth_yogg_cthun_3132875903204847_IN_IV_ME_DS,154345,87.69%,
8T,VW_DH_TV_VF_nzoth_yogg_cthun_3150259926392303_IN_AM_ME_DS,154340,87.68%,
8T,AR_EC_VF_nzoth_yogg_cthun_3132867313786351_Mis_IV_DR,154282,87.61%,
8T,AR_SP_VF_nzoth_yogg_cthun_3132858790960623_IN_AM_ME,154251,87.57%,
8T,AR_EC_VF_nzoth_yogg_cthun_3132867380370927_Mis_AM_ME,154249,87.57%,
8T,AR_EC_VF_yshaarj_nzoth_yogg_4014400761355759_Mis_AM_DR,154238,87.56%,
8T,AR_SW_VF_nzoth_yogg_cthun_3150313470942703_IN_AM_ME,154229,87.54%,
8T,VW_DH_VW_VF_nzoth_yogg_cthun_3150245967224303_IN_AM_DR,154227,87.54%,
8T,AR_EC_VF_yshaarj_nzoth_yogg_4014400760831487_Mis_IV_DR,154216,87.53%,
8T,AR_EC_VF_nzoth_yogg_cthun_3132859797077487_IN_AM_ME,154206,87.52%,
8T,AR_EC_VF_yshaarj_nzoth_yogg_4014409350774255_Mis_IV_ME_DS,154199,87.51%,
8T,AR_EC_VF_yshaarj_nzoth_yogg_4013301249736175_Mis_IV_ME,154194,87.50%,
8T,VW_DH_VW_VF_nzoth_yogg_cthun_3132797663108591_IN_AM_DR,154191,87.50%,
8T,AR_SP_VF_yshaarj_nzoth_yogg_4014400761355759_IN_AM_ME,154173,87.48%,
8T,AR_SW_VF_yshaarj_nzoth_yogg_4014400827940335_Mis_IV_DR,154172,87.47%,
8T,AR_SW_VF_nzoth_yogg_cthun_3132996229389807_IN_IV_DR,154170,87.47%,
8T,AR_EC_VF_yshaarj_nzoth_yogg_4014400827940335_Mis_AM_ME,154168,87.47%,
8T,AR_SP_VF_yshaarj_nzoth_yogg_4014400827940335_IN_IV_DR,154157,87.46%,
8T,AR_SW_VF_nzoth_yogg_cthun_3132875903720943_Mis_IV_ME_DS,154151,87.45%,
8T,AR_EC_VF_yshaarj_nzoth_yogg_3977567121300991_Mis_AM_ME,154151,87.45%,
8T,AR_SP_VF_yshaarj_nzoth_yogg_4014409350774255_Mis_IV_ME_DS,154147,87.44%,
8T,AR_EC_VF_nzoth_yogg_cthun_3132859797069311_IN_AM_ME,154137,87.43%,
8T,VW_DH_VW_VF_nzoth_yogg_cthun_3132807393369583_Mis_AM_DR_DS,154125,87.42%,
8T,VW_DH_TV_VF_nzoth_yogg_cthun_3132813768711679_Mis_AM_DR_DS,154124,87.42%,
8T,AR_SP_VF_yshaarj_nzoth_yogg_4013301316836847_Mis_IV_DR,154116,87.41%,
8T,AR_SP_VF_yshaarj_nzoth_yogg_4014400760831487_Mis_IV_ME,154109,87.40%,
8T,VW_DH_TV_VF_nzoth_yogg_cthun_3150519771389423_IN_AM_DR,154105,87.39%,
8T,VW_DH_TV_VF_nzoth_yogg_cthun_3150259925876207_IN_AM_ME_DS,154088,87.37%,
8T,AR_SW_VF_yshaarj_nzoth_yogg_3977567121300991_Mis_IV_DR,154083,87.37%,
8T,AR_EC_VF_yshaarj_nzoth_yogg_4013302322953711_Mis_IV_DR,154081,87.36%,
8T,VW_DH_TV_VF_nzoth_yogg_cthun_3132813769235951_Mis_AM_DR_DS,154080,87.36%,
8T,AR_SW_VF_nzoth_yogg_cthun_3132858723851775_IN_IV_ME,154075,87.36%,
8T,AR_EC_VF_yshaarj_nzoth_yogg_3977567121300991_IN_AM_DR,154071,87.35%,
8T,AR_EC_VF_yshaarj_nzoth_yogg_4013438755266031_Mis_AM_ME,154063,87.34%,
8T,AR_EC_VF_yshaarj_nzoth_yogg_3977567121309167_Mis_AM_ME,154042,87.32%,
8T,AR_EC_VF_nzoth_yogg_cthun_3132867313270255_IN_IV_DR,154040,87.31%,
8T,AR_EC_VF_yshaarj_nzoth_yogg_4014400760839663_Mis_AM_ME,154039,87.31%,
8T,AR_EC_VF_yshaarj_nzoth_yogg_4013851072126447_Mis_IV_DR,154032,87.31%,
8T,VW_DH_VW_VF_nzoth_yogg_cthun_3132928659086831_IN_AM_DR,154017,87.29%,
8T,VW_DH_VW_VF_nzoth_yogg_cthun_3135004202032639_Mis_AM_DR_DS,154008,87.28%,
8T,AR_EC_VF_yshaarj_nzoth_yogg_4014409417874927_IN_IV_ME_DS,154002,87.27%,
8T,AR_SW_VF_nzoth_yogg_cthun_3132875970305519_Mis_IV_ME_DS,154001,87.27%,
8T,AR_SP_VF_nzoth_yogg_cthun_3132996229389807_IN_AM_ME,154000,87.27%,
8T,AR_SW_VF_nzoth_yogg_cthun_3132996162289135_IN_IV_DR,153996,87.26%,
8T,AR_SP_VF_yshaarj_nzoth_yogg_4013301316320751_Mis_IV_DR,153986,87.25%,
8T,AR_SW_VF_nzoth_yogg_cthun_3132875970305519_IN_IV_ME_DS,153985,87.25%,
8T,VW_DH_VW_VF_nzoth_yogg_cthun_3132798736326143_Mis_AM_DR,153981,87.24%,
8T,AR_SW_VF_nzoth_yogg_cthun_3132859864178159_Mis_IV_DR,153974,87.23%,
8T,VW_DH_TV_VF_nzoth_yogg_cthun_3150268515802607_IN_AM_DR_DS,153968,87.23%,
8T,AR_SP_VF_nzoth_yogg_cthun_3132996162805231_IN_AM_ME,153966,87.22%,
8T,AR_EC_VF_yshaarj_nzoth_yogg_4014409417874927_Mis_IV_DR_DS,153965,87.22%,
8T,AR_EC_VF_nzoth_yogg_cthun_3132867313262079_IN_IV_DR,153964,87.22%,
8T,AR_SP_VF_nzoth_yogg_cthun_3132867313786351_IN_AM_ME,153960,87.22%,
8T,VW_DH_TV_VF_nzoth_yogg_cthun_3150244960591343_IN_AM_DR,153957,87.21%,
8T,AR_SP_VF_nzoth_yogg_cthun_3150313470426607_IN_AM_ME,153955,87.21%,
8T,AR_EC_VF_yshaarj_nzoth_yogg_4013851005025775_Mis_IV_DR,153953,87.21%,
8T,AR_EC_VF_nzoth_yogg_cthun_3150313470942703_IN_AM_DR,153945,87.20%,
8T,AR_SW_VF_nzoth_yogg_cthun_3132996162289135_Mis_IV_DR,153938,87.19%,
8T,AR_EC_VF_yshaarj_nzoth_yogg_4013851005017599_Mis_IV_DR,153930,87.18%,
8T,AR_SW_VF_nzoth_yogg_cthun_3132858790960623_IN_IV_DR,153912,87.16%,
8T,AR_EC_VF_nzoth_yogg_cthun_3132875903204847_IN_IV_DR_DS,153904,87.15%,
8T,AR_EC_VF_yshaarj_nzoth_yogg_4014409350774255_IN_IV_ME_DS,153900,87.14%,
8T,VW_DH_VW_VF_nzoth_yogg_cthun_3132791220141551_IN_AM_DR,153891,87.13%,
8T,VW_DH_VW_VF_nzoth_yogg_cthun_3132807326785007_IN_AM_ME_DS,153869,87.11%,
8T,AR_EC_VF_nzoth_yogg_cthun_3132858790444527_Mis_AM_ME,153864,87.10%,
8T,AR_EC_VF_nzoth_yogg_cthun_3132875903204847_Mis_IV_ME_DS,153856,87.09%,
8T,AR_SW_VF_nzoth_yogg_cthun_3150313537527279_IN_AM_ME,153850,87.08%,
8T,VW_DH_TV_VF_nzoth_yogg_cthun_3132798803434991_IN_AM_DR,153849,87.08%,
8T,AR_EC_VF_yshaarj_nzoth_yogg_4013301316836847_Mis_IV_DR,153849,87.08%,
8T,AR_SP_VF_yshaarj_nzoth_yogg_4013851005025775_Mis_IV_DR,153840,87.07%,
8T,VW_DH_VW_VF_nzoth_yogg_cthun_3132942617738735_IN_AM_ME_DS,153838,87.07%,
8T,AR_EC_VF_nzoth_yogg_cthun_3132858723859951_Mis_AM_ME,153832,87.06%,
8T,AR_SW_VF_yshaarj_nzoth_yogg_4014400761355759_Mis_IV_DR,153825,87.05%,
8T,AR_EC_VF_nzoth_yogg_cthun_3132858723859951_Mis_IV_DR,153799,87.02%,
8T,AR_SP_VF_nzoth_yogg_cthun_3132996162280959_Mis_IV_DR,153772,86.99%,
8T,AR_EC_VF_yshaarj_nzoth_yogg_4013301249211903_Mis_IV_ME,153771,86.99%,
8T,AR_SP_VF_nzoth_yogg_cthun_3132859058871791_IN_AM_ME,153765,86.98%,
8T,AR_SW_VF_yshaarj_nzoth_yogg_4013438688681455_Mis_IV_ME,153763,86.98%,
8T,AR_EC_VF_yshaarj_nzoth_yogg_4013302322953711_Mis_IV_ME,153759,86.97%,
8T,VW_DH_TV_VF_nzoth_yogg_cthun_3133348492140015_IN_AM_DR,153755,86.97%,
8T,AR_SP_VF_nzoth_yogg_cthun_3132867380370927_IN_AM_ME,153751,86.96%,
8T,AR_EC_VF_yshaarj_nzoth_yogg_4013576194219503_Mis_IV_ME,153730,86.94%,
8T,AR_EC_VF_yshaarj_nzoth_yogg_4013301316836847_Mis_IV_ME,153726,86.93%,
8T,AR_SP_VF_nzoth_yogg_cthun_3132867313270255_Mis_IV_DR,153725,86.93%,
8T,VW_DH_TV_VF_nzoth_yogg_cthun_3132791220133375_IN_AM_DR,153695,86.89%,
8T,AR_SW_VF_nzoth_yogg_cthun_3132875903720943_IN_IV_ME_DS,153685,86.88%,
8T,AR_SW_VF_nzoth_yogg_cthun_3150313470418431_Mis_IV_DR,153685,86.88%,
8T,VW_DH_TV_VF_nzoth_yogg_cthun_3132798736334319_IN_AM_DR,153680,86.88%,
8T,AR_EC_VF_yshaarj_nzoth_yogg_4013447278616047_Mis_IV_ME_DS,153665,86.86%,
8T,VW_DH_TV_VF_nzoth_yogg_cthun_3132806319627759_IN_AM_DR_DS,153656,86.85%,
8T,AR_EC_VF_nzoth_yogg_cthun_3169151196986863_Mis_IV_ME,153656,86.85%,
8T,VW_DH_VW_VF_nzoth_yogg_cthun_3132926512127471_IN_AM_DR,153656,86.85%,
8T,VW_DH_TV_VF_nzoth_yogg_cthun_3132942618254831_IN_AM_ME_DS,153652,86.84%,
8T,AR_SW_VF_yshaarj_nzoth_yogg_4013438688165359_Mis_IV_DR,153650,86.84%,
8T,AR_EC_VF_nzoth_yogg_cthun_3132858723851775_Mis_IV_DR,153646,86.83%,
8T,AR_SW_VF_nzoth_yogg_cthun_3132867313786351_Mis_IV_DR,153642,86.83%,
8T,AR_SP_VF_yshaarj_nzoth_yogg_4014400760831487_Mis_IV_DR,153639,86.83%,
8T,AR_SP_VF_yshaarj_nzoth_yogg_4013301249736175_Mis_IV_ME,153632,86.82%,
8T,AR_EC_VF_nzoth_yogg_cthun_3169151196986863_Mis_IV_DR,153627,86.81%,
8T,AR_SP_VF_nzoth_yogg_cthun_3132867313262079_Mis_IV_ME,153622,86.81%,
8T,AR_EC_VF_yshaarj_nzoth_yogg_4013438688157183_Mis_IV_ME,153603,86.78%,
8T,AR_EC_VF_yshaarj_nzoth_yogg_4013447345200623_Mis_IV_DR_DS,153599,86.78%,
8T,AR_EC_VF_nzoth_yogg_cthun_3132859864178159_Mis_AM_ME,153586,86.76%,
8T,AR_EC_VF_nzoth_yogg_cthun_3169151264087535_Mis_IV_DR,153581,86.76%,
8T,VW_DH_VW_VF_nzoth_yogg_cthun_3150519771389423_IN_AM_DR,153574,86.75%,
8T,AR_SP_VF_nzoth_yogg_cthun_3150313470942703_Mis_AM_DR,153564,86.74%,
8T,AR_SW_VF_nzoth_yogg_cthun_3132867380370927_Mis_IV_DR,153544,86.71%,
8T,AR_SW_VF_yshaarj_nzoth_yogg_4013438755266031_Mis_IV_ME,153531,86.70%,
8T,VW_DH_TV_VF_nzoth_yogg_cthun_3132813768711679_IN_AM_ME_DS,153527,86.69%,
8T,AR_EC_VF_yshaarj_nzoth_yogg_4013438688157183_Mis_IV_DR,153518,86.68%,
8T,AR_SP_VF_yshaarj_nzoth_yogg_4013302390054383_Mis_IV_ME,153497,86.65%,
8T,AR_EC_VF_yshaarj_nzoth_yogg_3977567188409839_Mis_AM_DR,153491,86.65%,
8T,AR_SW_VF_yshaarj_nzoth_yogg_4013438755266031_Mis_IV_DR,153481,86.63%,
8T,AR_SP_VF_yshaarj_nzoth_yogg_3977567188409839_IN_AM_DR,153473,86.62%,
8T,AR_SP_VF_nzoth_yogg_cthun_3132875903720943_IN_IV_DR_DS,153456,86.60%,
8T,AR_EC_VF_nzoth_yogg_cthun_3132859797069311_IN_IV_DR,153426,86.57%,
8T,VW_DH_VW_VF_nzoth_yogg_cthun_3135012791967215_IN_AM_DR_DS,153418,86.56%,
8T,AR_EC_VF_yshaarj_nzoth_yogg_4013302323469807_Mis_IV_ME,153397,86.53%,
8T,VW_DH_VW_VF_nzoth_yogg_cthun_3132807326260735_IN_AM_ME_DS,153392,86.53%,
8T,VW_DH_TV_VF_nzoth_yogg_cthun_3150244893490671_IN_AM_DR,153391,86.53%,
8T,AR_SW_VF_nzoth_yogg_cthun_3132859797593583_Mis_IV_DR,153379,86.51%,
8T,AR_EC_VF_yshaarj_nzoth_yogg_4013438688681455_Mis_AM_DR,153378,86.51%,
8T,AR_SW_VF_nzoth_yogg_cthun_3132858790960623_Mis_IV_DR,153374,86.50%,
8T,AR_EC_VF_nzoth_yogg_cthun_3150313470418431_Mis_AM_DR,153364,86.49%,
8T,AR_EC_VF_nzoth_yogg_cthun_3132858723859951_IN_AM_ME,153359,86.49%,
8T,VW_DH_VW_VF_nzoth_yogg_cthun_3132942617730559_IN_AM_ME_DS,153356,86.48%,
8T,AR_EC_VF_nzoth_yogg_cthun_3132996162280959_IN_AM_ME,153356,86.48%,
8T,VW_DH_VW_VF_nzoth_yogg_cthun_3132791287242223_IN_AM_DR,153348,86.47%,
8T,AR_SP_VF_nzoth_yogg_cthun_3132996162280959_IN_IV_DR,153345,86.47%,
8T,AR_SP_VF_yshaarj_nzoth_yogg_4013301316836847_Mis_IV_ME,153338,86.46%,
8T,VW_DH_TV_VF_yshaarj_nzoth_yogg_3977567263842285_IN_IV_ME,153337,86.46%,
8T,AR_SW_VF_nzoth_yogg_cthun_3150313470418431_IN_IV_DR,153337,86.46%,
8T,VW_DH_TV_VF_nzoth_yogg_cthun_3132936175279599_IN_AM_DR,153335,86.46%,
8T,AR_EC_VF_nzoth_yogg_cthun_3132858790444527_IN_AM_ME,153331,86.45%,
8T,AR_EC_VF_yshaarj_nzoth_yogg_4014400761355759_Mis_AM_ME,153330,86.45%,
8T,AR_SW_VF_nzoth_yogg_cthun_3150313470942703_Mis_AM_ME,153326,86.45%,
8T,AR_EC_VF_yshaarj_nzoth_yogg_4013302390054383_Mis_IV_ME,153319,86.44%,
8T,AR_SP_VF_yshaarj_nzoth_yogg_4013851072126447_Mis_IV_DR,153317,86.44%,
8T,VW_DH_VW_VF_nzoth_yogg_cthun_3132797662584319_IN_AM_DR,153313,86.43%,
8T,VW_DH_TV_VF_nzoth_yogg_cthun_3132807326260735_IN_AM_ME_DS,153304,86.42%,
8T,VW_DH_VW_VF_nzoth_yogg_cthun_3132942618254831_IN_AM_ME_DS,153288,86.40%,
8T,VW_DH_VW_VF_nzoth_yogg_cthun_3132806252527087_IN_AM_DR_DS,153262,86.37%,
8T,VW_DH_TV_VF_nzoth_yogg_cthun_3132807326785007_Mis_AM_DR_DS,153261,86.37%,
8T,AR_EC_VF_yshaarj_nzoth_yogg_4014409351290351_IN_IV_ME_DS,153253,86.36%,
8T,AR_EC_VF_nzoth_yogg_cthun_3132996229389807_Mis_AM_DR,153248,86.35%,
8T,VW_DH_TV_VF_nzoth_yogg_cthun_3132807326260735_Mis_AM_DR_DS,153238,86.34%,
8T,AR_SP_VF_yshaarj_nzoth_yogg_4013851005017599_Mis_IV_DR,153238,86.34%,
8T,AR_SP_VF_nzoth_yogg_cthun_3132858723859951_IN_AM_ME,153235,86.34%,
8T,AR_SP_VF_nzoth_yogg_cthun_3150313470418431_Mis_AM_ME,153232,86.33%,
8T,AR_SP_VF_yshaarj_nzoth_yogg_4014400827940335_IN_AM_ME,153214,86.31%,
8T,AR_EC_VF_nzoth_yogg_cthun_3132996162280959_Mis_AM_ME,153211,86.31%,
8T,VW_DH_VW_VF_nzoth_yogg_cthun_3132943691472367_IN_AM_DR_DS,153201,86.29%,
8T,AR_EC_VF_nzoth_yogg_cthun_3132859058871791_Mis_AM_DR,153180,86.27%,
8T,AR_EC_VF_yshaarj_nzoth_yogg_4013576127118831_Mis_IV_ME,153179,86.27%,
8T,AR_EC_VF_nzoth_yogg_cthun_3132859864178159_Mis_AM_DR,153171,86.26%,
8T,AR_EC_VF_nzoth_yogg_cthun_3132996162280959_IN_IV_DR,153170,86.26%,
8T,VW_DH_TV_VF_nzoth_yogg_cthun_3132942617730559_IN_AM_ME_DS,153159,86.24%,
8T,AR_EC_VF_nzoth_yogg_cthun_3169159854022127_Mis_IV_ME_DS,153134,86.21%,
8T,VW_DH_TV_VF_nzoth_yogg_cthun_3150534803774959_IN_AM_DR_DS,153133,86.21%,
8T,AR_EC_VF_nzoth_yogg_cthun_3132875970305519_Mis_IV_DR_DS,153109,86.18%,
8T,VW_DH_TV_VF_nzoth_yogg_cthun_3132814842453487_IN_AM_DR_DS,153107,86.18%,
8T,VW_DH_VW_VF_nzoth_yogg_cthun_3132791220133375_IN_AM_DR,153099,86.17%,
8T,AR_EC_VF_yshaarj_nzoth_yogg_4013301249736175_Mis_IV_DR,153094,86.16%,
8T,AR_SP_VF_nzoth_yogg_cthun_3150313537527279_IN_AM_DR,153088,86.16%,
8T,VW_DH_VW_VF_nzoth_yogg_cthun_3132798736334319_IN_AM_DR,153087,86.16%,
8T,AR_SP_VF_yshaarj_nzoth_yogg_3977567121825263_Mis_AM_ME,153081,86.15%,
8T,AR_EC_VF_nzoth_yogg_cthun_3132859797077487_Mis_AM_ME,153078,86.14%,
8T,VW_DH_TV_VF_nzoth_yogg_cthun_3132806252518911_IN_AM_DR_DS,153072,86.14%,
8T,VW_DH_VW_VF_nzoth_yogg_cthun_3135004202040815_IN_AM_DR_DS,153067,86.13%,
8T,AR_SW_VF_nzoth_yogg_cthun_3132859058871791_IN_IV_DR,153062,86.13%,
8T,AR_EC_VF_nzoth_yogg_cthun_3132858790436351_IN_AM_ME,153061,86.12%,
8T,AR_SP_VF_yshaarj_nzoth_yogg_3977567188409839_Mis_AM_ME,153051,86.11%,
8T,AR_SP_VF_yshaarj_nzoth_yogg_4014409417874927_IN_IV_ME_DS,153039,86.10%,
8T,AR_EC_VF_yshaarj_nzoth_yogg_4013302323469807_Mis_IV_DR,153027,86.08%,
8T,AR_EC_VF_yshaarj_nzoth_yogg_3977567121825263_Mis_AM_DR,153022,86.08%,
8T,AR_SP_VF_yshaarj_nzoth_yogg_4013438688157183_Mis_IV_DR,153005,86.06%,
8T,VW_DH_VW_VF_nzoth_yogg_cthun_3150244893490671_IN_AM_DR,152994,86.04%,
8T,VW_DH_TV_VF_nzoth_yogg_cthun_3132951207665135_IN_AM_DR_DS,152991,86.04%,
8T,AR_EC_VF_yshaarj_nzoth_yogg_4013309906771439_Mis_IV_ME_DS,152985,86.03%,
8T,VW_DH_TV_VF_nzoth_yogg_cthun_3135004269141487_IN_AM_DR_DS,152982,86.03%,
8T,AR_SP_VF_nzoth_yogg_cthun_3132858723851775_IN_IV_DR,152980,86.03%,
8T,AR_EC_VF_nzoth_yogg_cthun_3132859797593583_IN_AM_DR,152969,86.01%,
8T,AR_SP_VF_nzoth_yogg_cthun_3132858790960623_Mis_AM_ME,152966,86.01%,
8T,AR_EC_VF_yshaarj_nzoth_yogg_4013301584748015_Mis_AM_DR,152964,86.01%,
8T,AR_SW_VF_nzoth_yogg_cthun_3132996162805231_IN_AM_ME,152963,86.01%,
8T,AR_EC_VF_nzoth_yogg_cthun_3132867313262079_IN_AM_ME,152948,85.99%,
8T,AR_SP_VF_nzoth_yogg_cthun_3132867313262079_IN_IV_DR,152947,85.99%,
8T,AR_EC_VF_nzoth_yogg_cthun_3132858790436351_Mis_IV_DR,152944,85.98%,
8T,AR_SW_VF_nzoth_yogg_cthun_3132867313270255_Mis_IV_ME,152942,85.98%,
8T,AR_SP_VF_nzoth_yogg_cthun_3132859058871791_Mis_AM_ME,152933,85.97%,
8T,AR_EC_VF_yshaarj_nzoth_yogg_4013851005541871_Mis_IV_DR,152899,85.93%,
8T,VW_DH_VW_VF_nzoth_yogg_cthun_3132798803434991_IN_AM_DR,152891,85.92%,
8T,AR_EC_VF_yshaarj_nzoth_yogg_4013301249211903_Mis_IV_DR,152889,85.91%,
8T,AR_SP_VF_nzoth_yogg_cthun_3132859797593583_Mis_AM_ME,152888,85.91%,
8T,AR_SW_VF_yshaarj_nzoth_yogg_4014400760831487_IN_IV_ME,152877,85.90%,
8T,AR_SP_VF_nzoth_yogg_cthun_3132859797069311_Mis_IV_DR,152867,85.89%,
8T,AR_EC_VF_nzoth_yogg_cthun_3132867313270255_Mis_AM_ME,152863,85.88%,
8T,VW_DH_TV_VF_nzoth_yogg_cthun_3135004202040815_IN_AM_DR_DS,152854,85.87%,
8T,AR_SP_VF_nzoth_yogg_cthun_3169151264087535_Mis_IV_ME,152842,85.86%,
8T,AR_SW_VF_nzoth_yogg_cthun_3132859058871791_Mis_IV_DR,152841,85.86%,
8T,AR_SP_VF_nzoth_yogg_cthun_3150313470418431_IN_AM_ME,152825,85.84%,
8T,AR_SW_VF_nzoth_yogg_cthun_3132859797069311_IN_IV_DR,152823,85.83%,
8T,AR_SP_VF_yshaarj_nzoth_yogg_4013851005025775_Mis_IV_ME,152799,85.81%,
8T,VW_DH_VW_VF_nzoth_yogg_cthun_3132936175279599_IN_AM_DR,152797,85.80%,
8T,AR_SP_VF_yshaarj_nzoth_yogg_4013301316320751_Mis_IV_ME,152789,85.79%,
8T,AR_EC_VF_nzoth_yogg_cthun_3132875970305519_IN_IV_DR_DS,152777,85.78%,
8T,AR_EC_VF_nzoth_yogg_cthun_3169151264087535_Mis_AM_ME,152776,85.78%,
8T,AR_SW_VF_nzoth_yogg_cthun_3132867313262079_IN_IV_ME,152776,85.78%,
8T,AR_SP_VF_nzoth_yogg_cthun_3132858723859951_Mis_IV_DR,152771,85.77%,
8T,AR_SW_VF_yshaarj_nzoth_yogg_4013301316320751_Mis_IV_DR,152765,85.76%,
8T,AR_EC_VF_yshaarj_nzoth_yogg_4013576127118831_Mis_IV_DR,152725,85.72%,
8T,AR_EC_VF_yshaarj_nzoth_yogg_4013576127634927_Mis_IV_ME,152720,85.71%,
8T,VW_DH_VW_VF_nzoth_yogg_cthun_3132807326785007_Mis_AM_DR_DS,152712,85.70%,
8T,AR_SW_VF_yshaarj_nzoth_yogg_3977567188409839_Mis_AM_ME,152702,85.69%,
8T,AR_SW_VF_nzoth_yogg_cthun_3150313470426607_Mis_AM_ME,152701,85.69%,
8T,VW_DH_TV_VF_nzoth_yogg_cthun_3133363524525551_IN_AM_DR_DS,152660,85.64%,
8T,AR_EC_VF_nzoth_yogg_cthun_3132858723851775_IN_IV_DR,152653,85.63%,
8T,AR_SP_VF_yshaarj_nzoth_yogg_4013302323469807_Mis_IV_DR,152635,85.61%,
8T,AR_EC_VF_yshaarj_nzoth_yogg_4014409351290351_Mis_IV_DR_DS,152634,85.61%,
8T,AR_SP_VF_yshaarj_nzoth_yogg_4013302322953711_Mis_IV_ME,152634,85.60%,
8T,AR_SW_VF_nzoth_yogg_cthun_3132875903204847_Mis_IV_ME_DS,152631,85.60%,
8T,AR_EC_VF_nzoth_yogg_cthun_3132858723851775_IN_AM_ME,152626,85.59%,
8T,AR_SP_VF_nzoth_yogg_cthun_3132996162289135_Mis_AM_ME,152621,85.59%,
8T,VW_DH_VW_VF_nzoth_yogg_cthun_3135004269141487_IN_AM_DR_DS,152617,85.58%,
8T,AR_SP_VF_yshaarj_nzoth_yogg_4013302390054383_Mis_IV_DR,152592,85.55%,
8T,AR_SW_VF_nzoth_yogg_cthun_3132867313270255_Mis_IV_DR,152586,85.55%,
8T,AR_SW_VF_yshaarj_nzoth_yogg_4013438688165359_Mis_IV_ME,152574,85.53%,
8T,AR_SW_VF_nzoth_yogg_cthun_3132996229389807_Mis_AM_ME,152573,85.53%,
8T,AR_SW_VF_nzoth_yogg_cthun_3132867313786351_IN_AM_ME,152569,85.53%,
8T,AR_EC_VF_nzoth_yogg_cthun_3132859864178159_IN_AM_DR,152554,85.51%,
8T,AR_SP_VF_nzoth_yogg_cthun_3132859797077487_Mis_AM_ME,152552,85.50%,
8T,AR_SP_VF_yshaarj_nzoth_yogg_4013302322953711_Mis_IV_DR,152542,85.49%,
8T,AR_EC_VF_yshaarj_nzoth_yogg_4013301316312575_Mis_IV_ME,152541,85.49%,
8T,VW_DH_TV_VF_nzoth_yogg_cthun_3132942684839407_IN_AM_DR_DS,152534,85.48%,
8T,AR_SW_VF_yshaarj_nzoth_yogg_4013301584748015_Mis_IV_ME,152526,85.47%,
8T,VW_DH_TV_VF_nzoth_yogg_cthun_3132806253043183_IN_AM_DR_DS,152524,85.47%,
8T,AR_SP_VF_nzoth_yogg_cthun_3150313470426607_Mis_AM_DR,152524,85.47%,
8T,AR_EC_VF_nzoth_yogg_cthun_3132875903720943_IN_AM_ME_DS,152518,85.46%,
8T,AR_SW_VF_nzoth_yogg_cthun_3132858790436351_IN_IV_ME,152515,85.46%,
8T,AR_EC_VF_yshaarj_nzoth_yogg_4013576194219503_Mis_IV_DR,152504,85.45%,
8T,VW_DH_TV_VF_nzoth_yogg_cthun_3132808400002543_IN_AM_DR_DS,152503,85.45%,
8T,AR_EC_VF_yshaarj_nzoth_yogg_4014409350766079_Mis_IV_ME_DS,152475,85.41%,
8T,AR_EC_VF_nzoth_yogg_cthun_3169151197502959_Mis_IV_ME,152465,85.40%,
8T,AR_EC_VF_nzoth_yogg_cthun_3132875903196671_Mis_IV_ME_DS,152460,85.39%,
8T,AR_EC_VF_nzoth_yogg_cthun_3150313470426607_IN_AM_DR,152455,85.39%,
8T,AR_SW_VF_nzoth_yogg_cthun_3132996229389807_IN_AM_ME,152453,85.38%,
8T,AR_SW_VF_nzoth_yogg_cthun_3132858723859951_Mis_IV_DR,152446,85.38%,
8T,AR_SP_VF_nzoth_yogg_cthun_3132867313786351_Mis_AM_ME,152445,85.38%,
8T,AR_SP_VF_yshaarj_nzoth_yogg_4014400827940335_Mis_AM_DR,152444,85.37%,
8T,AR_SP_VF_nzoth_yogg_cthun_3132875970305519_IN_IV_DR_DS,152436,85.36%,
8T,AR_SP_VF_nzoth_yogg_cthun_3132858790436351_Mis_IV_DR,152434,85.36%,
8T,VW_DH_VW_VF_nzoth_yogg_cthun_3132813768711679_Mis_AM_DR_DS,152426,85.35%,
8T,VW_DH_VW_VF_nzoth_yogg_cthun_3133363524525551_IN_AM_DR_DS,152422,85.35%,
8T,AR_SW_VF_nzoth_yogg_cthun_3132858723859951_IN_IV_DR,152413,85.34%,
8T,VW_DH_VW_VF_nzoth_yogg_cthun_3133348492140015_IN_AM_DR,152404,85.33%,
8T,AR_SP_VF_yshaarj_nzoth_yogg_3977567121300991_Mis_AM_ME,152397,85.32%,
8T,AR_SP_VF_yshaarj_nzoth_yogg_4013301249736175_Mis_IV_DR,152391,85.31%,
8T,AR_EC_VF_nzoth_yogg_cthun_3132858723335679_IN_IV_DR,152381,85.30%,
8T,AR_SW_VF_nzoth_yogg_cthun_3132867313262079_Mis_IV_ME,152376,85.29%,
8T,VW_DH_TV_VF_nzoth_yogg_cthun_3150259992976879_IN_AM_DR_DS,152374,85.29%,
8T,AR_EC_VF_yshaarj_nzoth_yogg_4013851005017599_Mis_IV_ME,152370,85.28%,
8T,VW_DH_TV_VF_nzoth_yogg_cthun_3150244893482495_IN_AM_DR,152369,85.28%,
8T,AR_SP_VF_nzoth_yogg_cthun_3132859864178159_Mis_AM_ME,152364,85.28%,
8T,AR_SP_VF_yshaarj_nzoth_yogg_4013438755266031_Mis_AM_DR,152361,85.27%,
8T,AR_SW_VF_nzoth_yogg_cthun_3132867313786351_IN_IV_DR,152356,85.27%,
8T,AR_SP_VF_yshaarj_nzoth_yogg_4014409351290351_IN_IV_ME_DS,152354,85.26%,
8T,VW_DH_VW_VF_nzoth_yogg_cthun_3132813768719855_IN_AM_DR_DS,152353,85.26%,
8T,AR_SW_VF_yshaarj_nzoth_yogg_4014409417874927_Mis_IV_ME_DS,152352,85.26%,
8T,VW_DH_TV_VF_nzoth_yogg_cthun_3150262073351663_IN_AM_DR_DS,152335,85.24%,
8T,VW_DH_VW_VF_nzoth_yogg_cthun_3150244960591343_IN_AM_DR,152326,85.23%,
8T,VW_DH_TV_VF_nzoth_yogg_cthun_3150244894006767_IN_AM_DR,152325,85.23%,
8T,AR_SP_VF_nzoth_yogg_cthun_3132859797069311_IN_AM_ME,152313,85.21%,
8T,AR_SP_VF_yshaarj_nzoth_yogg_4013851005541871_Mis_IV_DR,152289,85.19%,
8T,VW_DH_TV_VF_nzoth_yogg_cthun_3132798736850415_IN_AM_DR,152281,85.18%,
8T,AR_SP_VF_nzoth_yogg_cthun_3132875970305519_Mis_IV_DR_DS,152281,85.18%,
8T,VW_DH_VW_VF_nzoth_yogg_cthun_3132806319627759_IN_AM_DR_DS,152277,85.17%,
8T,AR_EC_VF_yshaarj_nzoth_yogg_4013851072126447_Mis_AM_DR,152265,85.16%,
8T,AR_EC_VF_nzoth_yogg_cthun_3132875903720943_Mis_IV_DR_DS,152262,85.15%,
8T,VW_DH_VW_VF_nzoth_yogg_cthun_3132815916195311_Mis_AM_DR_DS,152254,85.14%,
8T,VW_DH_TV_VF_nzoth_yogg_cthun_3132806252527087_IN_AM_DR_DS,152251,85.14%,
8T,AR_SW_VF_nzoth_yogg_cthun_3150313470426607_IN_AM_ME,152251,85.14%,
8T,AR_SW_VF_nzoth_yogg_cthun_3132867380370927_IN_IV_DR,152249,85.14%,
8T,VW_DH_TV_VF_nzoth_yogg_cthun_3132927585353199_IN_AM_DR,152248,85.14%,
8T,AR_SP_VF_nzoth_yogg_cthun_3132859797077487_IN_AM_ME,152244,85.13%,
8T,AR_SP_VF_yshaarj_nzoth_yogg_4013576127118831_Mis_IV_ME,152244,85.13%,
8T,AR_EC_VF_yshaarj_nzoth_yogg_3977567121300991_Mis_AM_DR,152240,85.13%,
8T,AR_SW_VF_yshaarj_nzoth_yogg_4013301249736175_Mis_IV_DR,152238,85.12%,
8T,AR_EC_VF_yshaarj_nzoth_yogg_4013301316312575_Mis_IV_DR,152232,85.12%,
8T,AR_SW_VF_yshaarj_nzoth_yogg_3977567121309167_IN_AM_ME,152221,85.10%,
8T,AR_SP_VF_nzoth_yogg_cthun_3132858790444527_IN_AM_ME,152210,85.09%,
8T,AR_EC_VF_yshaarj_nzoth_yogg_4013576127634927_Mis_IV_DR,152201,85.08%,
8T,AR_SP_VF_yshaarj_nzoth_yogg_4013310174682607_Mis_IV_ME_DS,152179,85.05%,
8T,AR_EC_VF_yshaarj_nzoth_yogg_4014400760839663_IN_AM_ME,152158,85.03%,
8T,AR_EC_VF_yshaarj_nzoth_yogg_4014400760831487_IN_AM_ME,152142,85.01%,
8T,VW_DH_TV_VF_nzoth_yogg_cthun_3135004202556911_IN_AM_DR_DS,152141,85.00%,
8T,AR_SP_VF_yshaarj_nzoth_yogg_4013438688157183_Mis_IV_ME,152134,85.00%,
8T,AR_SP_VF_nzoth_yogg_cthun_3132875903204847_IN_IV_DR_DS,152126,84.99%,
8T,AR_EC_VF_yshaarj_nzoth_yogg_4013318496181743_Mis_IV_ME_DS,152114,84.97%,
8T,AR_SW_VF_yshaarj_nzoth_yogg_3977567121300991_Mis_AM_ME,152109,84.97%,
8T,AR_SP_VF_yshaarj_nzoth_yogg_4014409350774255_IN_IV_ME_DS,152103,84.96%,
8T,AR_SP_VF_yshaarj_nzoth_yogg_4013576194219503_Mis_IV_DR,152093,84.95%,
8T,AR_EC_VF_yshaarj_nzoth_yogg_4013438688165359_Mis_AM_ME,152093,84.95%,
8T,AR_EC_VF_yshaarj_nzoth_yogg_4014409350774255_Mis_IV_DR_DS,152091,84.94%,
8T,AR_EC_VF_yshaarj_nzoth_yogg_4013310174682607_Mis_IV_DR_DS,152076,84.93%,
8T,AR_SP_VF_yshaarj_nzoth_yogg_4013851072126447_Mis_IV_ME,152073,84.92%,
8T,AR_EC_VF_nzoth_yogg_cthun_3132859797069311_Mis_AM_ME,152068,84.92%,
8T,AR_EC_VF_nzoth_yogg_cthun_3132996162805231_Mis_AM_DR,152055,84.90%,
8T,AR_SP_VF_yshaarj_nzoth_yogg_4013302323469807_Mis_IV_ME,152055,84.90%,
8T,VW_DH_VW_VF_nzoth_yogg_cthun_3132927585353199_IN_AM_DR,152046,84.89%,
8T,AR_SW_VF_nzoth_yogg_cthun_3132859797593583_IN_AM_ME,152041,84.88%,
8T,AR_SW_VF_yshaarj_nzoth_yogg_3977567121825263_Mis_AM_ME,152039,84.88%,
8T,AR_EC_VF_nzoth_yogg_cthun_3132875903204847_Mis_IV_DR_DS,152037,84.88%,
8T,VW_DH_TV_VF_nzoth_yogg_cthun_3132927585345023_IN_AM_DR,152022,84.86%,
8T,AR_SW_VF_nzoth_yogg_cthun_3169151264087535_Mis_IV_ME,152022,84.86%,
8T,VW_DH_VW_VF_nzoth_yogg_cthun_3132791220657647_IN_AM_DR,152011,84.85%,
8T,VW_DH_VW_VF_nzoth_yogg_cthun_3150259925876207_IN_AM_DR_DS,152009,84.84%,
8T,AR_SP_VF_yshaarj_nzoth_yogg_4014400760839663_Mis_AM_ME,152001,84.83%,
8T,AR_SP_VF_yshaarj_nzoth_yogg_4013318496181743_Mis_IV_DR_DS,151987,84.82%,
8T,VW_DH_TV_VF_nzoth_yogg_cthun_3132813835820527_IN_AM_DR_DS,151982,84.81%,
8T,AR_SP_VF_nzoth_yogg_cthun_3132858790436351_IN_IV_DR,151974,84.80%,
8T,AR_SW_VF_nzoth_yogg_cthun_3132858723335679_Mis_IV_ME,151970,84.80%,
8T,VW_DH_VW_VF_nzoth_yogg_cthun_3132806252518911_IN_AM_DR_DS,151944,84.77%,
8T,VW_DH_VW_VF_nzoth_yogg_cthun_3132813769235951_Mis_AM_DR_DS,151939,84.76%,
8T,VW_DH_TV_VF_nzoth_yogg_cthun_3150259925876207_IN_AM_DR_DS,151935,84.75%,
8T,AR_EC_VF_yshaarj_nzoth_yogg_4013309906255343_Mis_IV_ME_DS,151933,84.75%,
8T,AR_SP_VF_nzoth_yogg_cthun_3132858790444527_Mis_AM_ME,151932,84.75%,
8T,AR_SP_VF_nzoth_yogg_cthun_3132875903196671_Mis_IV_ME_DS,151931,84.75%,
8T,AR_SP_VF_nzoth_yogg_cthun_3169151264087535_Mis_IV_DR,151929,84.75%,
8T,AR_SW_VF_nzoth_yogg_cthun_3132858790444527_IN_IV_DR,151924,84.74%,
8T,AR_EC_VF_yshaarj_nzoth_yogg_4013318429081071_Mis_IV_ME_DS,151907,84.72%,
8T,AR_SP_VF_nzoth_yogg_cthun_3132867313270255_IN_AM_ME,151905,84.72%,
8T,VW_DH_VW_VF_nzoth_yogg_cthun_3132951207665135_IN_AM_DR_DS,151898,84.71%,
8T,AR_SP_VF_nzoth_yogg_cthun_3132858723851775_IN_AM_ME,151886,84.70%,
8T,AR_EC_VF_nzoth_yogg_cthun_3169159787437551_Mis_IV_ME_DS,151876,84.68%,
8T,AR_EC_VF_yshaarj_nzoth_yogg_4013318429081071_Mis_IV_DR_DS,151876,84.68%,
8T,AR_SW_VF_nzoth_yogg_cthun_3132867380370927_IN_AM_ME,151861,84.66%,
8T,VW_DH_TV_VF_nzoth_yogg_cthun_3132927652453871_IN_AM_DR,151860,84.66%,
8T,VW_DH_VW_VF_nzoth_yogg_cthun_3150268515802607_IN_AM_DR_DS,151857,84.66%,
8T,AR_SP_VF_nzoth_yogg_cthun_3169151196986863_Mis_IV_ME,151854,84.66%,
8T,AR_SP_VF_yshaarj_nzoth_yogg_4013851005017599_Mis_IV_ME,151845,84.65%,
8T,VW_DH_TV_VF_nzoth_yogg_cthun_3132815916195311_IN_AM_DR_DS,151837,84.64%,
8T,VW_DH_TV_VF_nzoth_yogg_cthun_3132798736326143_IN_AM_DR,151837,84.64%,
8T,AR_EC_VF_yshaarj_nzoth_yogg_4013302390054383_Mis_AM_DR,151820,84.61%,
8T,AR_EC_VF_nzoth_yogg_cthun_3132996162805231_IN_AM_DR,151815,84.61%,
8T,AR_SW_VF_yshaarj_nzoth_yogg_4014400760831487_Mis_IV_ME,151806,84.60%,
8T,AR_SP_VF_yshaarj_nzoth_yogg_4014400761355759_Mis_AM_DR,151805,84.60%,
8T,AR_EC_VF_nzoth_yogg_cthun_3132875903720943_IN_IV_DR_DS,151803,84.59%,
8T,VW_DH_VW_VF_nzoth_yogg_cthun_3150534803774959_IN_AM_DR_DS,151793,84.58%,
8T,AR_SP_VF_nzoth_yogg_cthun_3169151197502959_Mis_IV_ME,151781,84.57%,
8T,AR_SW_VF_yshaarj_nzoth_yogg_4013851072126447_Mis_IV_DR,151778,84.56%,
8T,AR_SP_VF_yshaarj_nzoth_yogg_4013851072126447_IN_IV_ME,151777,84.56%,
8T,AR_SW_VF_yshaarj_nzoth_yogg_4013851005025775_Mis_IV_DR,151775,84.56%,
8T,AR_EC_VF_yshaarj_yogg_cthun_1988688092716527_Mis_IV_DR,151774,84.56%,
8T,VW_DH_TV_VF_nzoth_yogg_cthun_3132942617730559_IN_AM_DR_DS,151765,84.55%,
8T,AR_SW_VF_nzoth_yogg_cthun_3150313470942703_Mis_AM_DR,151753,84.53%,
8T,AR_SW_VF_nzoth_yogg_cthun_3132858790444527_Mis_IV_DR,151741,84.52%,
8T,AR_SP_VF_nzoth_yogg_cthun_3132858723335679_IN_IV_DR,151736,84.51%,
8T,AR_EC_VF_nzoth_yogg_cthun_3132996229389807_IN_AM_DR,151736,84.51%,
8T,AR_EC_VF_nzoth_yogg_cthun_3132858790436351_IN_IV_DR,151734,84.51%,
8T,AR_SW_VF_nzoth_yogg_cthun_3132858723851775_IN_IV_DR,151732,84.51%,
8T,AR_SW_VF_nzoth_yogg_cthun_3132859797069311_Mis_IV_DR,151728,84.50%,
8T,AR_EC_VF_nzoth_yogg_cthun_3132867313262079_Mis_AM_ME,151718,84.49%,
8T,AR_SP_VF_yshaarj_nzoth_yogg_3977567121309167_Mis_AM_ME,151698,84.47%,
8T,AR_SP_VF_nzoth_yogg_cthun_3169159854022127_Mis_IV_ME_DS,151694,84.46%,
8T,AR_SW_VF_nzoth_yogg_cthun_3132859797077487_Mis_IV_DR,151694,84.46%,
8T,AR_EC_VF_yshaarj_nzoth_yogg_4013310979988975_Mis_IV_ME_DS,151688,84.45%,
8T,AR_SW_VF_nzoth_yogg_cthun_3132859864178159_IN_AM_ME,151687,84.45%,
8T,AR_SP_VF_yshaarj_nzoth_yogg_4013576194219503_Mis_IV_ME,151680,84.44%,
8T,AR_SW_VF_nzoth_yogg_cthun_3132859797077487_IN_IV_DR,151680,84.44%,
8T,AR_SP_VF_nzoth_yogg_cthun_3169151196986863_Mis_IV_DR,151666,84.43%,
8T,VW_DH_TV_VF_nzoth_yogg_cthun_3150259925868031_IN_AM_DR_DS,151656,84.41%,
8T,AR_EC_VF_yshaarj_nzoth_yogg_4013318496181743_Mis_IV_DR_DS,151651,84.41%,
8T,AR_SP_VF_nzoth_yogg_cthun_3132996162289135_IN_AM_ME,151622,84.37%,
8T,VW_DH_TV_VF_nzoth_yogg_cthun_3135004202032639_IN_AM_DR_DS,151616,84.37%,
8T,AR_SP_VF_nzoth_yogg_cthun_3132867380370927_Mis_AM_ME,151598,84.34%,
8T,AR_EC_VF_nzoth_yogg_cthun_3132858723335679_Mis_IV_DR,151570,84.31%,
8T,AR_SP_VF_yshaarj_nzoth_yogg_3977567121825263_IN_AM_DR,151567,84.31%,
8T,AR_EC_VF_nzoth_yogg_cthun_3132867313262079_Mis_IV_DR,151551,84.29%,
8T,AR_EC_VF_yshaarj_nzoth_yogg_4014400760831487_Mis_AM_ME,151548,84.28%,
8T,AR_EC_VF_yshaarj_nzoth_yogg_4013438688681455_IN_IV_ME,151539,84.27%,
8T,AR_EC_VF_yshaarj_yogg_cthun_1972332857253359_Mis_IV_ME,151535,84.27%,
8T,AR_SP_VF_yshaarj_nzoth_yogg_3977567121300991_IN_AM_DR,151522,84.25%,
8T,AR_SP_VF_yshaarj_nzoth_yogg_4013438688681455_Mis_AM_DR,151514,84.24%,
8T,AR_SW_VF_yshaarj_nzoth_yogg_4013438688681455_Mis_IV_DR,151512,84.24%,
8T,VW_DH_TV_VF_nzoth_yogg_cthun_3150259926392303_IN_AM_DR_DS,151489,84.21%,
8T,VW_DH_VW_VF_nzoth_yogg_cthun_3135004202556911_IN_AM_DR_DS,151474,84.19%,
8T,AR_EC_VF_nzoth_yogg_cthun_3132858723851775_Mis_AM_ME,151464,84.18%,
8T,VW_DH_VW_VF_nzoth_yogg_cthun_3132927652453871_IN_AM_DR,151454,84.17%,
8T,AR_SW_VF_nzoth_yogg_cthun_3132859797593583_Mis_AM_ME,151451,84.17%,
8T,AR_SP_VF_nzoth_yogg_cthun_3132996229389807_Mis_AM_DR,151438,84.15%,
8T,AR_EC_VF_yshaarj_nzoth_yogg_4013438755266031_IN_IV_ME,151431,84.14%,
8T,AR_SW_VF_nzoth_yogg_cthun_3132996162289135_IN_AM_ME,151424,84.13%,
8T,AR_SW_VF_yshaarj_nzoth_yogg_4014400760839663_IN_IV_DR,151421,84.13%,
8T,AR_EC_VF_yshaarj_nzoth_yogg_4014409350766079_IN_IV_ME_DS,151411,84.12%,
8T,AR_SP_VF_yshaarj_nzoth_yogg_4013438755266031_Mis_AM_ME,151410,84.12%,
8T,AR_EC_VF_yshaarj_nzoth_yogg_4013851005541871_Mis_IV_ME,151410,84.12%,
8T,AR_EC_VF_yshaarj_nzoth_yogg_4013447345200623_Mis_AM_ME_DS,151396,84.10%,
8T,AR_EC_VF_yshaarj_nzoth_yogg_4014409417874927_IN_IV_DR_DS,151381,84.08%,
8T,AR_SP_VF_nzoth_yogg_cthun_3132859864178159_IN_AM_DR,151368,84.06%,
8T,VW_DH_VW_VF_nzoth_yogg_cthun_3132808400002543_IN_AM_DR_DS,151364,84.06%,
8T,VW_DH_TV_VF_nzoth_yogg_cthun_3132807393369583_IN_AM_DR_DS,151364,84.06%,
8T,AR_SP_VF_yshaarj_nzoth_yogg_4014400827940335_Mis_AM_ME,151360,84.05%,
8T,AR_SP_VF_nzoth_yogg_cthun_3132996162280959_IN_AM_ME,151358,84.05%,
8T,VW_DH_TV_VF_nzoth_yogg_cthun_3132813769235951_IN_AM_DR_DS,151354,84.05%,
8T,AR_SW_VF_nzoth_yogg_cthun_3150313537527279_Mis_AM_DR,151350,84.04%,
8T,AR_SP_VF_nzoth_yogg_cthun_3150313470942703_IN_AM_DR,151341,84.03%,
8T,VW_DH_VW_VF_nzoth_yogg_cthun_3132942684839407_IN_AM_DR_DS,151338,84.03%,
8T,AR_SP_VF_yshaarj_nzoth_yogg_4013576127634927_Mis_IV_ME,151311,84.00%,
8T,AR_SW_VF_yshaarj_nzoth_yogg_4014400761355759_IN_IV_DR,151310,83.99%,
8T,VW_DH_VW_VF_nzoth_yogg_cthun_3150259925868031_IN_AM_DR_DS,151310,83.99%,
8T,AR_SP_VF_nzoth_yogg_cthun_3150313470418431_Mis_AM_DR,151299,83.98%,
8T,AR_SP_VF_yshaarj_nzoth_yogg_4013447278099951_Mis_IV_ME_DS,151292,83.97%,
8T,AR_EC_VF_yshaarj_nzoth_yogg_4013851072126447_IN_IV_ME,151274,83.95%,
8T,AR_EC_VF_yshaarj_nzoth_yogg_4013438688165359_Mis_AM_DR,151259,83.93%,
8T,AR_EC_VF_yshaarj_nzoth_yogg_4013301249736175_IN_IV_ME,151252,83.92%,
8T,VW_DH_VW_VF_nzoth_yogg_cthun_3135004202032639_IN_AM_DR_DS,151239,83.91%,
8T,AR_SP_VF_yshaarj_nzoth_yogg_3977567188409839_Mis_AM_DR,151238,83.91%,
8T,AR_SP_VF_yshaarj_nzoth_yogg_4013576127634927_Mis_IV_DR,151236,83.90%,
8T,VW_DH_VW_VF_nzoth_yogg_cthun_3150244894006767_IN_AM_DR,151235,83.90%,
8T,AR_EC_VF_yshaarj_nzoth_yogg_4013301584748015_IN_IV_ME,151227,83.89%,
8T,AR_SW_VF_yshaarj_nzoth_yogg_4014400827940335_Mis_AM_ME,151226,83.89%,
8T,AR_SP_VF_yshaarj_nzoth_yogg_4013301584748015_IN_IV_ME,151195,83.85%,
8T,VW_DH_VW_VF_nzoth_yogg_cthun_3132807326260735_Mis_AM_DR_DS,151189,83.85%,
8T,AR_SP_VF_yshaarj_nzoth_yogg_3977567121309167_IN_AM_DR,151183,83.84%,
8T,AR_SP_VF_yshaarj_nzoth_yogg_4013447278616047_Mis_IV_ME_DS,151152,83.80%,
8T,AR_EC_VF_yshaarj_nzoth_yogg_4013301316320751_IN_IV_ME,151151,83.80%,
8T,VW_DH_TV_VF_nzoth_yogg_cthun_3132927585869295_IN_AM_DR,151149,83.80%,
8T,AR_SP_VF_yshaarj_nzoth_yogg_4013301249211903_Mis_IV_DR,151138,83.79%,
8T,AR_EC_VF_nzoth_yogg_cthun_3132875903720943_Mis_AM_ME_DS,151137,83.78%,
8T,AR_EC_VF_yshaarj_nzoth_yogg_4013302322945535_Mis_IV_ME,151132,83.78%,
8T,AR_SW_VF_yshaarj_nzoth_yogg_4013301584748015_Mis_IV_DR,151126,83.77%,
8T,AR_SW_VF_nzoth_yogg_cthun_3132996162805231_Mis_AM_ME,151123,83.77%,
8T,AR_EC_VF_nzoth_yogg_cthun_3132859797593583_Mis_AM_DR,151123,83.77%,
8T,AR_EC_VF_yshaarj_nzoth_yogg_4013447278099951_Mis_IV_DR_DS,151106,83.75%,
8T,AR_EC_VF_nzoth_yogg_cthun_3132867313786351_IN_AM_DR,151093,83.73%,
8T,AR_SW_VF_nzoth_yogg_cthun_3132996162280959_Mis_IV_DR,151088,83.73%,
8T,AR_SP_VF_yshaarj_nzoth_yogg_4013318496181743_Mis_IV_ME_DS,151076,83.71%,
8T,AR_EC_VF_yshaarj_nzoth_yogg_4013438688165359_IN_IV_ME,151067,83.70%,
8T,VW_DH_VW_VF_nzoth_yogg_cthun_3132798736850415_IN_AM_DR,151067,83.70%,
8T,AR_EC_VF_yshaarj_nzoth_yogg_4013302322945535_Mis_IV_DR,151067,83.70%,
8T,VW_DH_TV_VF_nzoth_yogg_cthun_3132813768719855_IN_AM_DR_DS,151051,83.68%,
8T,AR_EC_VF_nzoth_yogg_cthun_3169159786921455_Mis_IV_ME_DS,151044,83.67%,
8T,AR_SW_VF_yshaarj_nzoth_yogg_4014400761355759_IN_AM_ME,151028,83.65%,
8T,VW_DH_TV_VF_nzoth_yogg_cthun_3135006349516271_IN_AM_DR_DS,151011,83.63%,
8T,AR_EC_VF_nzoth_yogg_cthun_3132858790436351_Mis_AM_ME,151005,83.62%,
8T,AR_SW_VF_yshaarj_nzoth_yogg_4013851072126447_Mis_IV_ME,150998,83.61%,
8T,AR_EC_VF_yshaarj_nzoth_yogg_4013302323469807_Mis_AM_DR,150991,83.61%,
8T,AR_SW_VF_nzoth_yogg_cthun_3132859058871791_Mis_AM_ME,150988,83.60%,
8T,AR_SW_VF_yshaarj_nzoth_yogg_4014400827940335_IN_IV_DR,150981,83.59%,
8T,AR_EC_VF_nzoth_yogg_cthun_3132875970305519_Mis_AM_ME_DS,150979,83.59%,
8T,AR_SP_VF_yshaarj_nzoth_yogg_4013301316312575_Mis_IV_DR,150975,83.59%,
8T,AR_SW_VF_nzoth_yogg_cthun_3132875903196671_Mis_IV_ME_DS,150967,83.58%,
8T,AR_EC_VF_nzoth_yogg_cthun_3169151196986863_Mis_AM_ME,150957,83.57%,
8T,AR_SW_VF_yshaarj_nzoth_yogg_4013576127118831_Mis_IV_DR,150937,83.54%,
8T,AR_EC_VF_yshaarj_nzoth_yogg_4014409417874927_Mis_AM_ME_DS,150930,83.53%,
8T,VW_DH_VW_VF_yshaarj_nzoth_yogg_3977567263842285_IN_IV_DR,150922,83.52%,
8T,AR_EC_VF_nzoth_yogg_cthun_3132875970305519_IN_AM_ME_DS,150911,83.51%,
8T,AR_SP_VF_nzoth_yogg_cthun_3132858723859951_Mis_AM_ME,150907,83.50%,
8T,AR_EC_VF_yshaarj_nzoth_yogg_4013301249727999_Mis_IV_DR,150906,83.50%,
8T,AR_SP_VF_yshaarj_nzoth_yogg_4014409351290351_Mis_IV_DR_DS,150904,83.50%,
8T,AR_EC_VF_yshaarj_nzoth_yogg_4013302322953711_IN_IV_ME,150902,83.50%,
8T,AR_EC_VF_yshaarj_nzoth_yogg_4013301584748015_Mis_AM_ME,150900,83.50%,
8T,VW_DH_VW_VF_nzoth_yogg_cthun_3132806253043183_IN_AM_DR_DS,150897,83.49%,
8T,VW_DH_VW_VF_yshaarj_nzoth_yogg_3977567263842285_IN_AM_ME,150886,83.48%,
8T,AR_SP_VF_yshaarj_nzoth_yogg_4013301316320751_IN_IV_ME,150878,83.47%,
8T,AR_SP_VF_nzoth_yogg_cthun_3150313470426607_IN_AM_DR,150869,83.46%,
8T,AR_SP_VF_nzoth_yogg_cthun_3132859797069311_Mis_AM_ME,150864,83.45%,
8T,AR_EC_VF_yshaarj_nzoth_yogg_4013318429597167_Mis_IV_DR_DS,150857,83.44%,
8T,AR_SW_VF_yshaarj_nzoth_yogg_4014400827940335_IN_AM_ME,150854,83.44%,
8T,AR_SW_VF_yshaarj_nzoth_yogg_4014409351290351_Mis_IV_ME_DS,150849,83.43%,
8T,AR_EC_VF_yshaarj_nzoth_yogg_4013447278616047_Mis_IV_DR_DS,150839,83.42%,
8T,AR_EC_VF_nzoth_yogg_cthun_3169151196978687_Mis_IV_ME,150839,83.42%,
8T,AR_EC_VF_nzoth_yogg_cthun_3132858790960623_Mis_AM_DR,150829,83.41%,
8T,AR_EC_VF_yshaarj_nzoth_yogg_4013301316836847_Mis_AM_ME,150828,83.41%,
8T,AR_SP_VF_yshaarj_nzoth_yogg_4014409350766079_Mis_IV_ME_DS,150822,83.40%,
8T,AR_SW_VF_yshaarj_nzoth_yogg_4013851005025775_Mis_IV_ME,150819,83.40%,
8T,VW_DH_TV_VF_yshaarj_nzoth_yogg_3977567263842285_IN_AM_ME,150815,83.39%,
8T,VW_DH_VW_VF_nzoth_yogg_cthun_3150259992976879_IN_AM_DR_DS,150807,83.38%,
8T,VW_DH_TV_VF_nzoth_yogg_cthun_3132944765214191_IN_AM_DR_DS,150801,83.38%,
8T,AR_SW_VF_nzoth_yogg_cthun_3132858790960623_Mis_AM_ME,150799,83.37%,
8T,AR_SW_VF_nzoth_yogg_cthun_3132875903720943_Mis_IV_DR_DS,150798,83.37%,
8T,AR_SP_VF_nzoth_yogg_cthun_3132996162805231_Mis_AM_DR,150797,83.37%,
8T,AR_SW_VF_yshaarj_nzoth_yogg_4013301316320751_Mis_IV_ME,150791,83.36%,
8T,AR_SW_VF_yshaarj_nzoth_yogg_3977567121309167_IN_AM_DR,150789,83.36%,
8T,AR_EC_VF_nzoth_yogg_cthun_3150313470418431_IN_AM_DR,150782,83.35%,
8T,AR_EC_VF_yshaarj_nzoth_yogg_4014400760839663_IN_AM_DR,150778,83.35%,
8T,AR_EC_VF_nzoth_yogg_cthun_3132859058871791_IN_AM_DR,150775,83.34%,
8T,AR_SP_VF_yshaarj_nzoth_yogg_4013851005541871_Mis_IV_ME,150773,83.34%,
8T,AR_EC_VF_yshaarj_nzoth_yogg_3977567121309167_Mis_AM_DR,150748,83.31%,
8T,AR_SP_VF_yshaarj_nzoth_yogg_4013447345200623_Mis_IV_DR_DS,150739,83.30%,
8T,AR_EC_VF_yshaarj_nzoth_yogg_4013851005025775_IN_IV_ME,150728,83.29%,
8T,AR_SP_VF_nzoth_yogg_cthun_3132875903720943_IN_AM_ME_DS,150714,83.27%,
8T,AR_EC_VF_nzoth_yogg_cthun_3132858723335679_IN_AM_ME,150712,83.27%,
8T,AR_SP_VF_yshaarj_nzoth_yogg_4014409350766079_IN_IV_ME_DS,150711,83.27%,
8T,AR_EC_VF_nzoth_yogg_cthun_3132996162289135_Mis_AM_DR,150707,83.26%,
8T,AR_EC_VF_yshaarj_nzoth_yogg_4013851005541871_IN_IV_ME,150707,83.26%,
8T,AR_SP_VF_yshaarj_nzoth_yogg_4014400761355759_Mis_AM_ME,150696,83.25%,
8T,AR_EC_VF_yshaarj_nzoth_yogg_4014400760839663_Mis_AM_DR,150683,83.23%,
8T,AR_SW_VF_nzoth_yogg_cthun_3169151197502959_Mis_IV_ME,150669,83.22%,
8T,AR_SW_VF_nzoth_yogg_cthun_3150313470418431_Mis_AM_ME,150662,83.21%,
8T,AR_SP_VF_nzoth_yogg_cthun_3132867313262079_Mis_IV_DR,150658,83.20%,
8T,AR_SP_VF_nzoth_yogg_cthun_3132858790436351_IN_AM_ME,150658,83.20%,
8T,AR_SP_VF_yshaarj_nzoth_yogg_4013310979988975_Mis_IV_ME_DS,150648,83.19%,
8T,AR_SW_VF_yshaarj_nzoth_yogg_4013438688157183_Mis_IV_ME,150647,83.19%,
8T,AR_SP_VF_nzoth_yogg_cthun_3132875903720943_Mis_IV_DR_DS,150638,83.18%,
8T,VW_DH_VW_VF_nzoth_yogg_cthun_3132942617738735_IN_AM_DR_DS,150637,83.18%,
8T,VW_DH_TV_VF_nzoth_yogg_cthun_3132942618254831_IN_AM_DR_DS,150629,83.17%,
8T,AR_SW_VF_yshaarj_nzoth_yogg_4013302322953711_Mis_IV_DR,150626,83.16%,
8T,AR_SW_VF_yshaarj_nzoth_yogg_4013851005541871_Mis_IV_ME,150626,83.16%,
8T,AR_SW_VF_nzoth_yogg_cthun_3132875903720943_IN_IV_DR_DS,150624,83.16%,
8T,AR_SW_VF_nzoth_yogg_cthun_3132859058871791_IN_AM_ME,150615,83.15%,
8T,AR_SP_VF_yshaarj_nzoth_yogg_4014409417874927_Mis_IV_DR_DS,150613,83.15%,
8T,VW_DH_VW_VF_nzoth_yogg_cthun_3135006349516271_IN_AM_DR_DS,150608,83.14%,
8T,AR_SP_VF_nzoth_yogg_cthun_3132858723851775_Mis_IV_DR,150599,83.13%,
8T,AR_SP_VF_yshaarj_nzoth_yogg_4013851005541871_IN_IV_ME,150597,83.13%,
8T,AR_SW_VF_yshaarj_nzoth_yogg_4013302390054383_Mis_IV_ME,150596,83.13%,
8T,AR_SW_VF_yshaarj_nzoth_yogg_4013447345200623_Mis_IV_ME_DS,150583,83.11%,
8T,AR_EC_VF_nzoth_yogg_cthun_3169159786921455_Mis_IV_DR_DS,150581,83.11%,
8T,AR_EC_VF_nzoth_yogg_cthun_3132859797069311_Mis_AM_DR,150579,83.11%,
8T,AR_EC_VF_nzoth_yogg_cthun_3169151197502959_Mis_IV_DR,150562,83.09%,
8T,AR_SP_VF_nzoth_yogg_cthun_3169159786921455_Mis_IV_ME_DS,150561,83.08%,
8T,AR_SW_VF_nzoth_yogg_cthun_3132859864178159_Mis_AM_ME,150559,83.08%,
8T,AR_EC_VF_yshaarj_nzoth_yogg_4014409351290351_IN_IV_DR_DS,150555,83.08%,
8T,AR_EC_VF_yshaarj_nzoth_yogg_4013851005541871_Mis_AM_DR,150553,83.07%,
8T,AR_SP_VF_yshaarj_nzoth_yogg_4013576127118831_Mis_IV_DR,150543,83.06%,
8T,AR_EC_VF_nzoth_yogg_cthun_3169151264087535_Mis_AM_DR,150539,83.06%,
8T,AR_EC_VF_nzoth_yogg_cthun_3132858790444527_Mis_AM_DR,150538,83.06%,
8T,AR_SW_VF_nzoth_yogg_cthun_3132858790436351_IN_IV_DR,150536,83.05%,
8T,AR_SW_VF_nzoth_yogg_cthun_3132858790444527_Mis_AM_ME,150536,83.05%,
8T,AR_EC_VF_yshaarj_nzoth_yogg_4013318496181743_Mis_AM_DR_DS,150530,83.05%,
8T,AR_SP_VF_yshaarj_nzoth_yogg_4013438688681455_Mis_AM_ME,150529,83.04%,
8T,AR_SP_VF_yshaarj_nzoth_yogg_4014400760839663_IN_AM_ME,150522,83.04%,
8T,AR_SP_VF_nzoth_yogg_cthun_3132996229389807_IN_AM_DR,150522,83.04%,
8T,AR_SP_VF_yshaarj_nzoth_yogg_4013301584748015_Mis_AM_DR,150517,83.03%,
8T,AR_SW_VF_nzoth_yogg_cthun_3132858790960623_IN_AM_ME,150511,83.02%,
8T,AR_SW_VF_yshaarj_nzoth_yogg_4014400760831487_Mis_IV_DR,150510,83.02%,
8T,AR_EC_VF_yshaarj_nzoth_yogg_4014400760831487_Mis_AM_DR,150506,83.02%,
8T,VW_DH_TV_VF_nzoth_yogg_cthun_3132942617738735_IN_AM_DR_DS,150504,83.01%,
8T,AR_EC_VF_yshaarj_nzoth_yogg_4014400827940335_IN_AM_DR,150480,82.99%,
8T,AR_EC_VF_yshaarj_nzoth_yogg_4013447278099951_Mis_AM_ME_DS,150479,82.98%,
8T,AR_SW_VF_nzoth_yogg_cthun_3132867313786351_Mis_AM_ME,150462,82.96%,
8T,AR_EC_VF_yshaarj_yogg_cthun_2043251357244911_Mis_IV_DR,150462,82.96%,
8T,AR_SP_VF_yshaarj_nzoth_yogg_4013302322945535_Mis_IV_ME,150459,82.96%,
8T,AR_SW_VF_yshaarj_nzoth_yogg_4013301316836847_Mis_IV_ME,150451,82.95%,
8T,AR_SW_VF_yshaarj_nzoth_yogg_3977567121825263_Mis_AM_DR,150450,82.95%,
8T,AR_SW_VF_yshaarj_nzoth_yogg_4014400761355759_Mis_AM_ME,150447,82.95%,
8T,AR_EC_VF_yshaarj_nzoth_yogg_4013302390054383_IN_IV_ME,150444,82.94%,
8T,AR_SW_VF_yshaarj_nzoth_yogg_4014409417874927_IN_IV_ME_DS,150436,82.93%,
8T,AR_EC_VF_nzoth_yogg_cthun_3132859797077487_IN_AM_DR,150434,82.93%,
8T,AR_SP_VF_yshaarj_nzoth_yogg_4013851005025775_IN_IV_ME,150425,82.92%,
8T,AR_EC_VF_yshaarj_yogg_cthun_1988688025615855_Mis_IV_DR,150423,82.92%,
8T,AR_EC_VF_yshaarj_nzoth_yogg_4013851005025775_Mis_AM_ME,150420,82.91%,
8T,AR_EC_VF_nzoth_yogg_cthun_3132867313786351_Mis_AM_DR,150419,82.91%,
8T,AR_EC_VF_yshaarj_nzoth_yogg_4014409351290351_Mis_AM_ME_DS,150408,82.90%,
8T,AR_SP_VF_yshaarj_nzoth_yogg_4013309906771439_Mis_IV_ME_DS,150402,82.89%,
8T,AR_EC_VF_yshaarj_nzoth_yogg_4013301316836847_IN_IV_ME,150400,82.89%,
8T,AR_SW_VF_yshaarj_nzoth_yogg_4013302323469807_Mis_IV_ME,150395,82.88%,
8T,AR_EC_VF_nzoth_yogg_cthun_3132867380370927_Mis_AM_DR,150395,82.88%,
8T,AR_EC_VF_yshaarj_nzoth_yogg_4013310913404399_Mis_IV_ME_DS,150386,82.87%,
8T,AR_SW_VF_yshaarj_nzoth_yogg_3977567121309167_Mis_AM_ME,150384,82.87%,
8T,AR_SP_VF_nzoth_yogg_cthun_3132875903204847_Mis_IV_DR_DS,150374,82.86%,
8T,AR_SW_VF_nzoth_yogg_cthun_3150313470418431_IN_AM_ME,150369,82.85%,
8T,AR_SW_VF_yshaarj_nzoth_yogg_4013851005017599_Mis_IV_DR,150369,82.85%,
8T,AR_SP_VF_yshaarj_nzoth_yogg_3977567121825263_Mis_AM_DR,150365,82.85%,
8T,AR_SP_VF_yshaarj_nzoth_yogg_4013301249727999_Mis_IV_DR,150359,82.84%,
8T,AR_SW_VF_yshaarj_nzoth_yogg_4013576194219503_Mis_IV_ME,150351,82.83%,
8T,AR_EC_VF_yshaarj_nzoth_yogg_4013310979988975_Mis_IV_DR_DS,150348,82.83%,
8T,AR_SW_VF_nzoth_yogg_cthun_3132859797077487_IN_AM_ME,150348,82.82%,
8T,AR_SP_VF_yshaarj_nzoth_yogg_4013301249211903_Mis_IV_ME,150341,82.82%,
8T,AR_SW_VF_yshaarj_nzoth_yogg_4013302323469807_Mis_IV_DR,150326,82.80%,
8T,AR_EC_VF_nzoth_yogg_cthun_3132867313270255_IN_AM_DR,150320,82.79%,
8T,AR_SP_VF_nzoth_yogg_cthun_3169159787437551_Mis_IV_ME_DS,150310,82.78%,
8T,AR_EC_VF_nzoth_yogg_cthun_3132996162289135_IN_AM_DR,150296,82.76%,
8T,AR_SW_VF_nzoth_yogg_cthun_3132867313262079_IN_IV_DR,150294,82.76%,
8T,AR_EC_VF_yshaarj_nzoth_yogg_4013851005017599_IN_IV_ME,150277,82.74%,
8T,AR_SW_VF_nzoth_yogg_cthun_3132858723859951_IN_AM_ME,150270,82.73%,
8T,AR_EC_VF_yshaarj_nzoth_yogg_4013576194219503_Mis_AM_DR,150265,82.72%,
8T,AR_EC_VF_yshaarj_nzoth_yogg_4013302323469807_IN_IV_ME,150259,82.72%,
8T,AR_EC_VF_yshaarj_yogg_cthun_1988688026131951_Mis_IV_ME,150250,82.71%,
8T,AR_SP_VF_yshaarj_nzoth_yogg_4013438755266031_IN_IV_ME,150247,82.70%,
8T,AR_SP_VF_nzoth_yogg_cthun_3132867313262079_IN_AM_ME,150241,82.69%,
8T,AR_EC_VF_yshaarj_nzoth_yogg_4013576127118831_IN_IV_ME,150240,82.69%,
8T,AR_EC_VF_nzoth_yogg_cthun_3169151197502959_Mis_AM_ME,150240,82.69%,
8T,AR_SP_VF_nzoth_yogg_cthun_3132858790960623_IN_AM_DR,150238,82.69%,
8T,AR_EC_VF_yshaarj_nzoth_yogg_4013318429597167_Mis_IV_ME_DS,150215,82.66%,
8T,AR_EC_VF_nzoth_yogg_cthun_3132859797069311_IN_AM_DR,150206,82.65%,
8T,AR_SW_VF_nzoth_yogg_cthun_3132996162280959_IN_IV_DR,150197,82.64%,
8T,AR_SP_VF_nzoth_yogg_cthun_3132859058871791_Mis_AM_DR,150195,82.64%,
8T,AR_EC_VF_yshaarj_nzoth_yogg_4013447278091775_Mis_IV_ME_DS,150181,82.62%,
8T,AR_SW_VF_yshaarj_nzoth_yogg_3977567188409839_IN_AM_DR,150167,82.61%,
8T,VW_DH_VW_VF_nzoth_yogg_cthun_3150262073351663_IN_AM_DR_DS,150166,82.60%,
8T,AR_SW_VF_yshaarj_nzoth_yogg_4013301316836847_Mis_IV_DR,150165,82.60%,
8T,AR_EC_VF_yshaarj_nzoth_yogg_4013309839670767_Mis_IV_ME_DS,150155,82.59%,
8T,VW_DH_VW_VF_nzoth_yogg_cthun_3132813769235951_IN_AM_DR_DS,150147,82.58%,
8T,AR_EC_VF_nzoth_yogg_cthun_3132858790444527_IN_AM_DR,150147,82.58%,
8T,AR_EC_VF_yshaarj_nzoth_yogg_4013301316320751_Mis_AM_ME,150135,82.57%,
8T,AR_EC_VF_nzoth_yogg_cthun_3132996162280959_Mis_AM_DR,150118,82.54%,
8T,AR_EC_VF_yshaarj_nzoth_yogg_4014409351290351_IN_AM_ME_DS,150113,82.54%,
8T,AR_SW_VF_nzoth_yogg_cthun_3169151196986863_Mis_IV_DR,150110,82.54%,
8T,AR_EC_VF_yshaarj_nzoth_yogg_4013438755266031_IN_IV_DR,150085,82.51%,
8T,AR_SW_VF_nzoth_yogg_cthun_3132996162289135_Mis_AM_ME,150081,82.50%,
8T,AR_SW_VF_yshaarj_nzoth_yogg_4014409350774255_Mis_IV_ME_DS,150079,82.50%,
8T,VW_DH_TV_VF_nzoth_yogg_cthun_3132807326268911_IN_AM_DR_DS,150070,82.49%,
8T,AR_SP_VF_nzoth_yogg_cthun_3169159786921455_Mis_IV_DR_DS,150068,82.48%,
8T,AR_EC_VF_yshaarj_yogg_cthun_1988688092716527_Mis_IV_ME,150066,82.48%,
8T,VW_DH_VW_VF_nzoth_yogg_cthun_3132815916195311_IN_AM_DR_DS,150063,82.48%,
8T,AR_SP_VF_yshaarj_nzoth_yogg_4013318429597167_Mis_IV_ME_DS,150056,82.47%,
8T,AR_SP_VF_yshaarj_nzoth_yogg_4013318429081071_Mis_IV_ME_DS,150049,82.46%,
8T,AR_EC_VF_yshaarj_nzoth_yogg_4013447278091775_Mis_IV_DR_DS,150048,82.46%,
8T,VW_DH_VW_VF_nzoth_yogg_cthun_3132927585869295_IN_AM_DR,150043,82.45%,
8T,AR_EC_VF_yshaarj_nzoth_yogg_4013438688681455_Mis_AM_ME,150037,82.45%,
8T,AR_SP_VF_nzoth_yogg_cthun_3132867313270255_Mis_AM_ME,150037,82.45%,
8T,AR_EC_VF_yshaarj_nzoth_yogg_4013447345200623_Mis_AM_DR_DS,150035,82.44%,
8T,AR_SW_VF_nzoth_yogg_cthun_3169151264087535_Mis_IV_DR,150028,82.44%,
8T,AR_SP_VF_yshaarj_nzoth_yogg_4013301316312575_Mis_IV_ME,150017,82.42%,
8T,AR_EC_VF_nzoth_yogg_cthun_3132858723859951_IN_AM_DR,150016,82.42%,
8T,AR_EC_VF_yshaarj_nzoth_yogg_4013851072126447_Mis_AM_ME,149997,82.40%,
8T,AR_SP_VF_nzoth_yogg_cthun_3132859797593583_IN_AM_DR,149996,82.40%,
8T,AR_EC_VF_yshaarj_nzoth_yogg_4013310912888303_Mis_IV_ME_DS,149983,82.38%,
8T,AR_EC_VF_yshaarj_nzoth_yogg_4013301249736175_Mis_AM_ME,149978,82.37%,
8T,AR_EC_VF_yshaarj_nzoth_yogg_4013301584748015_IN_IV_DR,149978,82.37%,
8T,VW_DH_TV_VF_nzoth_yogg_cthun_3132813768711679_IN_AM_DR_DS,149973,82.37%,
8T,VW_DH_VW_VF_nzoth_yogg_cthun_3150259926392303_IN_AM_DR_DS,149964,82.36%,
8T,AR_EC_VF_yshaarj_yogg_cthun_1988688025615855_Mis_IV_ME,149945,82.34%,
8T,AR_SP_VF_yshaarj_nzoth_yogg_4013447278099951_Mis_IV_DR_DS,149943,82.33%,
8T,AR_EC_VF_yshaarj_nzoth_yogg_4013576194219503_Mis_AM_ME,149939,82.33%,
8T,AR_SW_VF_nzoth_yogg_cthun_3169151197502959_Mis_IV_DR,149932,82.32%,
8T,AR_EC_VF_nzoth_yogg_cthun_3132875903204847_IN_AM_ME_DS,149921,82.31%,
8T,AR_SP_VF_yshaarj_nzoth_yogg_4013301249727999_Mis_IV_ME,149916,82.30%,
8T,AR_SW_VF_nzoth_yogg_cthun_3132867313270255_IN_AM_ME,149911,82.29%,
8T,AR_EC_VF_nzoth_yogg_cthun_3132858723335679_Mis_AM_ME,149910,82.29%,
8T,AR_EC_VF_yshaarj_nzoth_yogg_4014400760831487_IN_IV_DR,149908,82.29%,
8T,AR_EC_VF_yshaarj_nzoth_yogg_4014409350774255_IN_IV_DR_DS,149877,82.25%,
8T,AR_EC_VF_nzoth_yogg_cthun_3132858790960623_IN_AM_DR,149869,82.24%,
8T,AR_SW_VF_yshaarj_nzoth_yogg_4013301316312575_Mis_IV_ME,149867,82.24%,
8T,AR_SP_VF_yshaarj_nzoth_yogg_4014409417874927_IN_IV_DR_DS,149846,82.21%,
8T,AR_EC_VF_yshaarj_nzoth_yogg_4013584784154095_Mis_IV_ME_DS,149845,82.21%,
8T,AR_EC_VF_nzoth_yogg_cthun_3132867380370927_IN_AM_DR,149843,82.21%,
8T,AR_EC_VF_yshaarj_nzoth_yogg_4013302390054383_Mis_AM_ME,149841,82.21%,
8T,AR_SP_VF_yshaarj_nzoth_yogg_4013310174682607_Mis_IV_DR_DS,149830,82.20%,
8T,AR_EC_VF_yshaarj_nzoth_yogg_4013301316320751_Mis_AM_DR,149818,82.18%,
8T,VW_DH_VW_VF_nzoth_yogg_cthun_3150244893482495_IN_AM_DR,149814,82.18%,
8T,AR_EC_VF_yshaarj_nzoth_yogg_4014409350766079_Mis_IV_DR_DS,149812,82.17%,
8T,AR_SW_VF_nzoth_yogg_cthun_3132858790444527_IN_AM_ME,149810,82.17%,
8T,AR_EC_VF_nzoth_yogg_cthun_3169159786913279_Mis_IV_ME_DS,149807,82.17%,
8T,VW_DH_VW_VF_nzoth_yogg_cthun_3132798736326143_IN_AM_DR,149798,82.16%,
8T,AR_SP_VF_nzoth_yogg_cthun_3132859797593583_Mis_AM_DR,149797,82.16%,
8T,AR_EC_VF_yshaarj_nzoth_yogg_4013584717053423_Mis_IV_ME_DS,149793,82.15%,
8T,AR_SW_VF_nzoth_yogg_cthun_3169159854022127_Mis_IV_ME_DS,149788,82.14%,
8T,AR_EC_VF_yshaarj_nzoth_yogg_4013302322945535_Mis_AM_DR,149783,82.14%,
8T,AR_SP_VF_nzoth_yogg_cthun_3132875970305519_IN_AM_ME_DS,149770,82.12%,
8T,AR_SP_VF_nzoth_yogg_cthun_3132858723335679_Mis_IV_DR,149762,82.11%,
8T,AR_SW_VF_nzoth_yogg_cthun_3132875970305519_Mis_IV_DR_DS,149761,82.11%,
8T,AR_SW_VF_yshaarj_nzoth_yogg_3977567121825263_IN_AM_DR,149756,82.11%,
8T,AR_SP_VF_nzoth_yogg_cthun_3169151264087535_Mis_AM_ME,149752,82.10%,
8T,AR_SW_VF_yshaarj_nzoth_yogg_4013438688157183_Mis_IV_DR,149743,82.09%,
8T,AR_SP_VF_nzoth_yogg_cthun_3132996162280959_Mis_AM_ME,149742,82.09%,
8T,AR_EC_VF_yshaarj_nzoth_yogg_4013438688157183_Mis_AM_DR,149723,82.07%,
8T,AR_SW_VF_nzoth_yogg_cthun_3132858723851775_Mis_IV_DR,149718,82.06%,
8T,AR_EC_VF_yshaarj_yogg_cthun_1972332790152687_IN_IV_ME,149714,82.05%,
8T,AR_SW_VF_yshaarj_nzoth_yogg_4013851005017599_Mis_IV_ME,149710,82.05%,
8T,AR_SP_VF_nzoth_yogg_cthun_3132858790960623_Mis_AM_DR,149697,82.03%,
8T,AR_SW_VF_nzoth_yogg_cthun_3132875970305519_IN_IV_DR_DS,149694,82.03%,
8T,AR_SP_VF_yshaarj_nzoth_yogg_4013447278616047_Mis_IV_DR_DS,149694,82.03%,
8T,VW_DH_VW_VF_nzoth_yogg_cthun_3132813835820527_IN_AM_DR_DS,149694,82.03%,
8T,AR_SP_VF_nzoth_yogg_cthun_3132858790436351_Mis_AM_ME,149694,82.03%,
8T,AR_SP_VF_yshaarj_nzoth_yogg_3977567121300991_Mis_AM_DR,149668,82.00%,
8T,VW_DH_TV_VF_yshaarj_nzoth_yogg_3977567263842285_IN_IV_DR,149655,81.98%,
8T,AR_EC_VF_yshaarj_nzoth_yogg_4014409350774255_IN_AM_ME_DS,149649,81.97%,
8T,AR_EC_VF_nzoth_yogg_cthun_3132875903196671_IN_AM_ME_DS,149639,81.96%,
8T,AR_EC_VF_nzoth_yogg_cthun_3132859797077487_Mis_AM_DR,149636,81.96%,
8T,AR_EC_VF_yshaarj_yogg_cthun_1988688026131951_Mis_IV_DR,149635,81.96%,
8T,AR_SP_VF_nzoth_yogg_cthun_3132875903196671_IN_IV_DR_DS,149634,81.96%,
8T,AR_EC_VF_yshaarj_nzoth_yogg_4013851072126447_IN_IV_DR,149628,81.95%,
8T,AR_EC_VF_yshaarj_nzoth_yogg_4013309906247167_Mis_IV_ME_DS,149625,81.95%,
8T,AR_SP_VF_yshaarj_nzoth_yogg_4013438688681455_IN_IV_ME,149615,81.93%,
8T,AR_EC_VF_yshaarj_nzoth_yogg_4013301316836847_Mis_AM_DR,149612,81.93%,
8T,AR_SW_VF_yshaarj_nzoth_yogg_4013302322953711_Mis_IV_ME,149612,81.93%,
8T,AR_SW_VF_yshaarj_nzoth_yogg_4013851005541871_Mis_IV_DR,149599,81.91%,
8T,AR_SP_VF_yshaarj_nzoth_yogg_4013302322953711_IN_IV_ME,149598,81.91%,
8T,AR_SP_VF_yshaarj_nzoth_yogg_4013302390054383_Mis_AM_DR,149597,81.91%,
8T,AR_SW_VF_yshaarj_nzoth_yogg_4013576127634927_Mis_IV_ME,149596,81.91%,
8T,AR_SW_VF_yshaarj_nzoth_yogg_4013302390054383_Mis_IV_DR,149594,81.91%,
8T,AR_SP_VF_yshaarj_nzoth_yogg_4013584784154095_Mis_IV_ME_DS,149590,81.90%,
8T,AR_SW_VF_nzoth_yogg_cthun_3169151196986863_Mis_IV_ME,149583,81.89%,
8T,AR_SP_VF_nzoth_yogg_cthun_3132996162805231_IN_AM_DR,149583,81.89%,
8T,AR_SP_VF_yshaarj_nzoth_yogg_4013438688165359_IN_IV_ME,149572,81.88%,
8T,AR_SW_VF_yshaarj_nzoth_yogg_4014400760831487_IN_IV_DR,149563,81.87%,
8T,AR_SW_VF_yshaarj_nzoth_yogg_4013576127118831_Mis_IV_ME,149555,81.86%,
8T,AR_EC_VF_yshaarj_nzoth_yogg_4013438688165359_IN_IV_DR,149553,81.86%,
8T,AR_EC_VF_yshaarj_nzoth_yogg_4013301249727999_Mis_IV_ME,149546,81.85%,
8T,AR_EC_VF_yshaarj_nzoth_yogg_4014400761355759_IN_AM_DR,149543,81.85%,
8T,AR_SP_VF_nzoth_yogg_cthun_3132859058871791_IN_AM_DR,149541,81.84%,
8T,AR_SP_VF_yshaarj_nzoth_yogg_4013309839670767_Mis_IV_ME_DS,149527,81.83%,
8T,AR_SP_VF_yshaarj_nzoth_yogg_4013302322945535_Mis_IV_DR,149522,81.82%,
8T,AR_SP_VF_yshaarj_nzoth_yogg_4013310913404399_Mis_IV_ME_DS,149512,81.81%,
8T,AR_SW_VF_nzoth_yogg_cthun_3132867313262079_IN_AM_ME,149493,81.79%,
8T,VW_DH_TV_VF_nzoth_yogg_cthun_3132858865876973_IN_IV_ME,149481,81.77%,
8T,AR_SP_VF_yshaarj_nzoth_yogg_4013302323469807_IN_IV_ME,149478,81.77%,
8T,AR_SP_VF_yshaarj_yogg_cthun_1988688092716527_Mis_IV_DR,149462,81.75%,
8T,AR_SP_VF_nzoth_yogg_cthun_3169151264087535_Mis_AM_DR,149455,81.74%,
8T,AR_EC_VF_yshaarj_nzoth_yogg_4013438688157183_Mis_AM_ME,149452,81.74%,
8T,AR_SW_VF_nzoth_yogg_cthun_3150313470426607_Mis_AM_DR,149451,81.73%,
8T,AR_SW_VF_yshaarj_nzoth_yogg_4013851072126447_IN_IV_ME,149451,81.73%,
8T,AR_EC_VF_yshaarj_nzoth_yogg_4013851005541871_Mis_AM_ME,149445,81.73%,
8T,AR_SP_VF_nzoth_yogg_cthun_3150313470418431_IN_AM_DR,149436,81.72%,
8T,AR_SW_VF_nzoth_yogg_cthun_3132867313270255_IN_IV_DR,149429,81.71%,
8T,AR_EC_VF_yshaarj_nzoth_yogg_4013301316312575_Mis_AM_ME,149397,81.67%,
8T,AR_SW_VF_yshaarj_nzoth_yogg_4014400827940335_Mis_AM_DR,149389,81.66%,
8T,AR_EC_VF_yshaarj_nzoth_yogg_4013309906771439_Mis_IV_DR_DS,149377,81.64%,
8T,AR_SW_VF_nzoth_yogg_cthun_3132867380370927_Mis_AM_ME,149359,81.62%,
8T,AR_EC_VF_yshaarj_nzoth_yogg_4014409417874927_IN_AM_ME_DS,149359,81.62%,
8T,AR_EC_VF_yshaarj_yogg_cthun_1988688025607679_Mis_IV_ME,149353,81.62%,
8T,AR_SP_VF_nzoth_yogg_cthun_3132875903204847_IN_AM_ME_DS,149349,81.61%,
8T,AR_SW_VF_nzoth_yogg_cthun_3132859797077487_Mis_AM_ME,149342,81.60%,
8T,AR_SP_VF_yshaarj_nzoth_yogg_4013309906255343_Mis_IV_ME_DS,149323,81.58%,
8T,AR_EC_VF_nzoth_yogg_cthun_3132858723851775_IN_AM_DR,149323,81.58%,
8T,AR_EC_VF_nzoth_yogg_cthun_3132858790436351_Mis_AM_DR,149323,81.58%,
8T,AR_EC_VF_yshaarj_nzoth_yogg_4013584717569519_Mis_IV_ME_DS,149310,81.56%,
8T,AR_SW_VF_nzoth_yogg_cthun_3132875903196671_IN_IV_ME_DS,149305,81.56%,
8T,AR_SP_VF_yshaarj_yogg_cthun_1972332790152687_IN_IV_ME,149288,81.54%,
8T,AR_SP_VF_nzoth_yogg_cthun_3132867313262079_Mis_AM_ME,149275,81.52%,
8T,AR_SW_VF_nzoth_yogg_cthun_3132858723851775_IN_AM_ME,149273,81.52%,
8T,AR_SW_VF_nzoth_yogg_cthun_3132858723335679_IN_IV_DR,149253,81.49%,
8T,AR_EC_VF_nzoth_yogg_cthun_3132867313270255_Mis_AM_DR,149253,81.49%,
8T,AR_SP_VF_yshaarj_nzoth_yogg_4014400760831487_IN_AM_ME,149251,81.49%,
8T,AR_EC_VF_yshaarj_nzoth_yogg_4013851005017599_Mis_AM_ME,149241,81.48%,
8T,AR_EC_VF_nzoth_yogg_cthun_3169159854022127_Mis_IV_DR_DS,149233,81.47%,
8T,VW_DH_VW_VF_nzoth_yogg_cthun_3132927585345023_IN_AM_DR,149224,81.46%,
8T,AR_SP_VF_yshaarj_nzoth_yogg_4013438688165359_Mis_AM_ME,149214,81.45%,
8T,AR_SP_VF_yshaarj_nzoth_yogg_4014409350774255_IN_IV_DR_DS,149210,81.44%,
8T,VW_DH_VW_VF_nzoth_yogg_cthun_3132858865876973_IN_IV_ME,149208,81.44%,
8T,AR_SP_VF_yshaarj_nzoth_yogg_4013310979988975_Mis_IV_DR_DS,149205,81.43%,
8T,AR_EC_VF_yshaarj_nzoth_yogg_4013447278616047_Mis_AM_ME_DS,149196,81.42%,
8T,AR_EC_VF_yshaarj_nzoth_yogg_4013576127634927_IN_IV_ME,149193,81.42%,
8T,AR_EC_VF_yshaarj_nzoth_yogg_4013576127110655_Mis_IV_DR,149192,81.42%,
8T,AR_SP_VF_yshaarj_nzoth_yogg_4014409350774255_Mis_IV_DR_DS,149179,81.40%,
8T,AR_SW_VF_yshaarj_nzoth_yogg_3977567121300991_IN_AM_DR,149175,81.40%,
8T,VW_DH_VW_VF_nzoth_yogg_cthun_3132942617730559_IN_AM_DR_DS,149174,81.40%,
8T,AR_EC_VF_yshaarj_nzoth_yogg_4013302323469807_IN_IV_DR,149170,81.39%,
8T,AR_SP_VF_yshaarj_nzoth_yogg_4014409417874927_Mis_AM_ME_DS,149169,81.39%,
8T,AR_SP_VF_yshaarj_nzoth_yogg_4013301584748015_Mis_AM_ME,149168,81.39%,
8T,AR_SP_VF_nzoth_yogg_cthun_3132996162289135_Mis_AM_DR,149163,81.38%,
8T,AR_SP_VF_yshaarj_nzoth_yogg_4013302390054383_IN_IV_ME,149158,81.38%,
8T,AR_SW_VF_yshaarj_nzoth_yogg_4013310174682607_Mis_IV_ME_DS,149156,81.37%,
8T,AR_SP_VF_yshaarj_yogg_cthun_1988688092716527_Mis_IV_ME,149152,81.37%,
8T,AR_EC_VF_yshaarj_nzoth_yogg_4013309839670767_Mis_IV_DR_DS,149149,81.37%,
8T,AR_SW_VF_yshaarj_nzoth_yogg_4013301249211903_Mis_IV_DR,149141,81.36%,
8T,AR_EC_VF_yshaarj_nzoth_yogg_4013302323469807_Mis_AM_ME,149137,81.35%,
8T,AR_SP_VF_nzoth_yogg_cthun_3132859864178159_Mis_AM_DR,149135,81.35%,
8T,AR_SW_VF_yshaarj_nzoth_yogg_4013576194219503_Mis_IV_DR,149116,81.33%,
8T,AR_SP_VF_nzoth_yogg_cthun_3132858790444527_IN_AM_DR,149112,81.32%,
8T,AR_SP_VF_yshaarj_nzoth_yogg_4013576127110655_Mis_IV_ME,149111,81.32%,
8T,AR_EC_VF_yshaarj_nzoth_yogg_4013851005025775_Mis_AM_DR,149110,81.32%,
8T,AR_EC_VF_yshaarj_nzoth_yogg_4013302390054383_IN_IV_DR,149104,81.31%,
8T,VW_DH_VW_VF_nzoth_yogg_cthun_3132813768711679_IN_AM_DR_DS,149101,81.31%,
8T,AR_SW_VF_nzoth_yogg_cthun_3132858790436351_Mis_IV_DR,149100,81.31%,
8T,AR_SP_VF_yshaarj_nzoth_yogg_4013318429597167_Mis_IV_DR_DS,149092,81.30%,
8T,AR_SW_VF_yshaarj_nzoth_yogg_4013438755266031_Mis_AM_ME,149091,81.30%,
8T,AR_SW_VF_yshaarj_nzoth_yogg_4013318429081071_Mis_IV_DR_DS,149085,81.29%,
8T,AR_EC_VF_yshaarj_yogg_cthun_1972332857253359_Mis_IV_DR,149079,81.28%,
8T,AR_SP_VF_nzoth_yogg_cthun_3132859797077487_IN_AM_DR,149070,81.27%,
8T,AR_SP_VF_yshaarj_nzoth_yogg_4013301249736175_IN_IV_ME,149056,81.25%,
8T,AR_EC_VF_yshaarj_yogg_cthun_1972332857253359_IN_IV_ME,149049,81.25%,
8T,AR_EC_VF_yshaarj_nzoth_yogg_4013576127110655_Mis_IV_ME,149038,81.23%,
8T,AR_EC_VF_yshaarj_yogg_cthun_1972332790152687_Mis_IV_ME,149024,81.22%,
8T,AR_EC_VF_yshaarj_nzoth_yogg_4013302322953711_Mis_AM_ME,149024,81.21%,
8T,AR_SP_VF_yshaarj_nzoth_yogg_4013301316836847_Mis_AM_DR,149019,81.21%,
8T,AR_EC_VF_yshaarj_nzoth_yogg_4013301316320751_IN_IV_DR,149014,81.20%,
8T,AR_SP_VF_nzoth_yogg_cthun_3169151196978687_Mis_IV_ME,149014,81.20%,
8T,AR_SW_VF_nzoth_yogg_cthun_3132859797069311_IN_AM_ME,149013,81.20%,
8T,AR_SW_VF_yshaarj_nzoth_yogg_4014409351290351_IN_IV_ME_DS,149008,81.20%,
8T,AR_SP_VF_yshaarj_nzoth_yogg_4014400760831487_Mis_AM_ME,149005,81.19%,
8T,VW_DH_VW_VF_nzoth_yogg_cthun_3132942618254831_IN_AM_DR_DS,149005,81.19%,
8T,AR_SP_VF_yshaarj_nzoth_yogg_4013309906255343_Mis_IV_DR_DS,148997,81.18%,
8T,AR_EC_VF_yshaarj_nzoth_yogg_4013309906255343_Mis_IV_DR_DS,148984,81.17%,
8T,AR_EC_VF_nzoth_yogg_cthun_3132858723859951_Mis_AM_DR,148981,81.16%,
8T,AR_EC_VF_nzoth_yogg_cthun_3132875903204847_Mis_AM_ME_DS,148979,81.16%,
8T,AR_SP_VF_yshaarj_nzoth_yogg_4013309906771439_Mis_IV_DR_DS,148977,81.16%,
8T,AR_SP_VF_yshaarj_yogg_cthun_1972332790668783_Mis_IV_ME,148976,81.16%,
8T,VW_DH_VW_VF_nzoth_yogg_cthun_3132944765214191_IN_AM_DR_DS,148973,81.15%,
8T,AR_EC_VF_yshaarj_nzoth_yogg_4013851005025775_IN_IV_DR,148968,81.15%,
8T,AR_EC_VF_yshaarj_nzoth_yogg_4013318429072895_Mis_IV_ME_DS,148963,81.14%,
8T,AR_SW_VF_nzoth_yogg_cthun_3132875903204847_Mis_IV_DR_DS,148960,81.14%,
8T,AR_EC_VF_yshaarj_nzoth_yogg_4013301316312575_Mis_AM_DR,148958,81.13%,
8T,AR_SP_VF_nzoth_yogg_cthun_3132996162280959_Mis_AM_DR,148941,81.11%,
8T,AR_SW_VF_yshaarj_nzoth_yogg_4014409417874927_Mis_IV_DR_DS,148937,81.11%,
8T,AR_SP_VF_yshaarj_yogg_cthun_1988688026131951_Mis_IV_ME,148932,81.10%,
8T,AR_SW_VF_nzoth_yogg_cthun_3132867313262079_Mis_IV_DR,148928,81.10%,
8T,AR_SW_VF_yshaarj_nzoth_yogg_4013301249736175_Mis_IV_ME,148914,81.08%,
8T,AR_SW_VF_yshaarj_nzoth_yogg_4014400761355759_Mis_AM_DR,148913,81.08%,
8T,AR_SW_VF_yshaarj_nzoth_yogg_4013447278099951_Mis_IV_ME_DS,148913,81.08%,
8T,AR_EC_VF_yshaarj_nzoth_yogg_4013584784154095_Mis_IV_DR_DS,148890,81.05%,
8T,AR_EC_VF_yshaarj_nzoth_yogg_4013301316836847_IN_IV_DR,148882,81.04%,
8T,AR_SP_VF_yshaarj_nzoth_yogg_4014400760831487_IN_IV_DR,148875,81.03%,
8T,AR_EC_VF_yshaarj_nzoth_yogg_4013310912888303_Mis_IV_DR_DS,148875,81.03%,
8T,AR_SW_VF_nzoth_yogg_cthun_3132875903204847_IN_IV_DR_DS,148852,81.01%,
8T,AR_EC_VF_yshaarj_yogg_cthun_1972332790152687_Mis_IV_DR,148843,80.99%,
8T,AR_SW_VF_yshaarj_nzoth_yogg_3977567188409839_Mis_AM_DR,148838,80.99%,
8T,AR_SW_VF_yshaarj_nzoth_yogg_4014409351290351_Mis_IV_DR_DS,148833,80.98%,
8T,AR_EC_VF_yshaarj_nzoth_yogg_4013318429072895_Mis_IV_DR_DS,148831,80.98%,
8T,AR_EC_VF_yshaarj_nzoth_yogg_4013302322945535_IN_IV_ME,148799,80.94%,
8T,AR_SP_VF_yshaarj_nzoth_yogg_4013447278091775_Mis_IV_ME_DS,148796,80.94%,
8T,AR_SW_VF_nzoth_yogg_cthun_3132858723859951_Mis_AM_ME,148795,80.94%,
8T,AR_EC_VF_yshaarj_nzoth_yogg_4014409350774255_Mis_AM_ME_DS,148789,80.93%,
8T,AR_SP_VF_nzoth_yogg_cthun_3132996162289135_IN_AM_DR,148785,80.92%,
8T,AR_SP_VF_yshaarj_nzoth_yogg_4013318429081071_Mis_IV_DR_DS,148781,80.92%,
8T,AR_SW_VF_yshaarj_nzoth_yogg_4013309906771439_Mis_IV_ME_DS,148770,80.91%,
8T,AR_SP_VF_yshaarj_nzoth_yogg_4013301316836847_IN_IV_ME,148765,80.90%,
8T,AR_SP_VF_nzoth_yogg_cthun_3132858723335679_IN_AM_ME,148760,80.89%,
8T,AR_SP_VF_yshaarj_nzoth_yogg_4013851072126447_IN_IV_DR,148753,80.89%,
8T,AR_EC_VF_nzoth_yogg_cthun_3169151197502959_IN_IV_ME,148749,80.88%,
8T,AR_EC_VF_nzoth_yogg_cthun_3169151196986863_IN_IV_ME,148748,80.88%,
8T,AR_SW_VF_yshaarj_nzoth_yogg_4013301249727999_Mis_IV_ME,148740,80.87%,
8T,AR_EC_VF_nzoth_yogg_cthun_3132996162280959_IN_AM_DR,148729,80.86%,
8T,AR_EC_VF_yshaarj_nzoth_yogg_4013576194219503_IN_IV_ME,148727,80.85%,
8T,AR_SP_VF_yshaarj_yogg_cthun_1972332857253359_IN_IV_ME,148724,80.85%,
8T,AR_SW_VF_yshaarj_nzoth_yogg_4013318429597167_Mis_IV_ME_DS,148719,80.84%,
8T,AR_EC_VF_yshaarj_yogg_cthun_1988688025607679_Mis_IV_DR,148704,80.83%,
8T,VW_DH_TV_VF_nzoth_yogg_cthun_3132859939610605_IN_IV_ME,148693,80.81%,
8T,AR_EC_VF_yshaarj_nzoth_yogg_4013318429597167_Mis_AM_DR_DS,148687,80.81%,
8T,AR_SP_VF_yshaarj_nzoth_yogg_4013438688165359_Mis_AM_DR,148685,80.80%,
8T,AR_SP_VF_yshaarj_nzoth_yogg_4014409351290351_IN_IV_DR_DS,148676,80.79%,
8T,AR_SP_VF_yshaarj_nzoth_yogg_4013309906247167_Mis_IV_ME_DS,148675,80.79%,
8T,AR_EC_VF_nzoth_yogg_cthun_3132875903196671_Mis_IV_DR_DS,148670,80.78%,
8T,AR_EC_VF_yshaarj_nzoth_yogg_4013310174682607_Mis_AM_ME_DS,148666,80.78%,
8T,AR_SP_VF_yshaarj_nzoth_yogg_4013576194219503_Mis_AM_DR,148659,80.77%,
8T,AR_SP_VF_yshaarj_nzoth_yogg_4014409351290351_Mis_AM_ME_DS,148656,80.77%,
8T,AR_SW_VF_yshaarj_nzoth_yogg_4013318496181743_Mis_IV_ME_DS,148633,80.74%,
8T,VW_DH_TV_VF_nzoth_yogg_cthun_3132807326260735_IN_AM_DR_DS,148627,80.73%,
8T,AR_SW_VF_yshaarj_nzoth_yogg_4013447278616047_Mis_IV_ME_DS,148624,80.73%,
8T,AR_SW_VF_yshaarj_nzoth_yogg_4013438755266031_IN_IV_ME,148612,80.71%,
8T,AR_SP_VF_yshaarj_nzoth_yogg_4013301584748015_IN_IV_DR,148609,80.71%,
8T,AR_EC_VF_yshaarj_yogg_cthun_2043251290660335_Mis_IV_DR,148609,80.71%,
8T,AR_SW_VF_nzoth_yogg_cthun_3132996162805231_Mis_AM_DR,148607,80.71%,
8T,AR_SW_VF_nzoth_yogg_cthun_3132858790436351_IN_AM_ME,148605,80.71%,
8T,VW_DH_TV_VF_nzoth_yogg_cthun_3132807326785007_IN_AM_DR_DS,148583,80.68%,
8T,AR_EC_VF_yshaarj_nzoth_yogg_4013302322945535_Mis_AM_ME,148566,80.66%,
8T,AR_EC_VF_nzoth_yogg_cthun_3169151264087535_IN_IV_ME,148563,80.65%,
8T,AR_SW_VF_nzoth_yogg_cthun_3132996229389807_Mis_AM_DR,148562,80.65%,
8T,AR_EC_VF_yshaarj_nzoth_yogg_4013851005541871_IN_IV_DR,148560,80.65%,
8T,AR_SP_VF_nzoth_yogg_cthun_3132858723851775_Mis_AM_ME,148558,80.65%,
8T,VW_DH_TV_VF_nzoth_yogg_cthun_3132858866393069_IN_IV_ME,148557,80.65%,
8T,AR_EC_VF_yshaarj_nzoth_yogg_4014409417874927_Mis_AM_DR_DS,148540,80.63%,
8T,AR_EC_VF_yshaarj_nzoth_yogg_4013309839146495_Mis_IV_ME_DS,148540,80.63%,
8T,AR_EC_VF_nzoth_yogg_cthun_3169159787437551_Mis_IV_DR_DS,148532,80.62%,
8T,AR_EC_VF_yshaarj_yogg_cthun_1972332790668783_IN_IV_ME,148528,80.61%,
8T,AR_EC_VF_yshaarj_yogg_cthun_1972332790668783_Mis_IV_ME,148524,80.61%,
8T,AR_SP_VF_yshaarj_nzoth_yogg_3977567121309167_Mis_AM_DR,148519,80.60%,
8T,AR_SP_VF_nzoth_yogg_cthun_3132867380370927_Mis_AM_DR,148516,80.60%,
8T,AR_EC_VF_yshaarj_nzoth_yogg_4013576127634927_Mis_AM_ME,148511,80.59%,
8T,AR_SW_VF_yshaarj_nzoth_yogg_4013576127634927_Mis_IV_DR,148509,80.59%,
8T,AR_SP_VF_nzoth_yogg_cthun_3169159854022127_Mis_IV_DR_DS,148500,80.58%,
8T,AR_SP_VF_yshaarj_nzoth_yogg_4013438755266031_IN_IV_DR,148497,80.57%,
8T,AR_SP_VF_nzoth_yogg_cthun_3169151197502959_Mis_IV_DR,148485,80.56%,
8T,AR_SP_VF_nzoth_yogg_cthun_3132875903720943_Mis_AM_ME_DS,148481,80.55%,
8T,AR_EC_VF_nzoth_yogg_cthun_3169159854022127_Mis_AM_ME_DS,148476,80.55%,
8T,AR_EC_VF_nzoth_yogg_cthun_3132858790436351_IN_AM_DR,148462,80.53%,
8T,AR_SP_VF_nzoth_yogg_cthun_3132875970305519_Mis_AM_ME_DS,148450,80.52%,
8T,AR_EC_VF_yshaarj_nzoth_yogg_4013851005017599_Mis_AM_DR,148450,80.52%,
8T,AR_EC_VF_yshaarj_nzoth_yogg_4013851005541871_IN_AM_ME,148449,80.52%,
8T,AR_SP_VF_yshaarj_nzoth_yogg_4013584717053423_Mis_IV_ME_DS,148441,80.51%,
8T,AR_SP_VF_nzoth_yogg_cthun_3132858723335679_Mis_AM_ME,148421,80.48%,
8T,AR_EC_VF_yshaarj_nzoth_yogg_4013576127118831_Mis_AM_ME,148420,80.48%,
8T,AR_EC_VF_yshaarj_nzoth_yogg_4013438688681455_IN_IV_DR,148420,80.48%,
8T,AR_SW_VF_nzoth_yogg_cthun_3132996162280959_IN_AM_ME,148413,80.47%,
8T,AR_SW_VF_yshaarj_nzoth_yogg_4014409350766079_Mis_IV_ME_DS,148413,80.47%,
8T,AR_SW_VF_nzoth_yogg_cthun_3150313537527279_IN_AM_DR,148410,80.47%,
8T,AR_SW_VF_yshaarj_nzoth_yogg_4013447278099951_Mis_IV_DR_DS,148409,80.47%,
8T,AR_SW_VF_yshaarj_nzoth_yogg_4013310979988975_Mis_IV_ME_DS,148404,80.46%,
8T,AR_SP_VF_yshaarj_yogg_cthun_1972332857253359_Mis_IV_ME,148399,80.45%,
8T,AR_SW_VF_yshaarj_nzoth_yogg_4013438755266031_Mis_AM_DR,148394,80.45%,
8T,AR_SP_VF_yshaarj_nzoth_yogg_4013302322953711_IN_IV_DR,148388,80.44%,
8T,AR_SP_VF_yshaarj_nzoth_yogg_4013438688165359_IN_IV_DR,148380,80.43%,
8T,AR_EC_VF_yshaarj_nzoth_yogg_4013310912880127_Mis_IV_ME_DS,148379,80.43%,
8T,AR_EC_VF_nzoth_yogg_cthun_3169151196978687_Mis_IV_DR,148366,80.41%,
8T,AR_EC_VF_yshaarj_nzoth_yogg_4013576127634927_Mis_AM_DR,148353,80.40%,
8T,VW_DH_TV_VF_nzoth_yogg_cthun_3132867455803373_IN_IV_ME,148352,80.40%,
8T,AR_SW_VF_yshaarj_nzoth_yogg_4013302322945535_Mis_IV_ME,148350,80.40%,
8T,AR_EC_VF_yshaarj_nzoth_yogg_4013310913404399_Mis_IV_DR_DS,148339,80.38%,
8T,AR_SW_VF_yshaarj_nzoth_yogg_4014409350774255_Mis_IV_DR_DS,148311,80.35%,
8T,AR_SW_VF_yshaarj_nzoth_yogg_4013447345200623_Mis_IV_DR_DS,148310,80.35%,
8T,AR_SP_VF_yshaarj_nzoth_yogg_4014400760839663_IN_AM_DR,148309,80.35%,
8T,AR_EC_VF_yshaarj_yogg_cthun_2043251290144239_Mis_IV_DR,148306,80.34%,
8T,AR_EC_VF_yshaarj_nzoth_yogg_4013851072126447_IN_AM_ME,148296,80.33%,
8T,AR_SW_VF_nzoth_yogg_cthun_3132858723335679_Mis_IV_DR,148294,80.33%,
8T,AR_SW_VF_nzoth_yogg_cthun_3169151196978687_Mis_IV_ME,148289,80.32%,
8T,AR_SW_VF_nzoth_yogg_cthun_3132858723851775_Mis_AM_ME,148272,80.30%,
8T,AR_SW_VF_yshaarj_nzoth_yogg_3977567121300991_Mis_AM_DR,148271,80.30%,
8T,AR_SP_VF_nzoth_yogg_cthun_3132875903196671_IN_AM_ME_DS,148262,80.29%,
8T,AR_SP_VF_yshaarj_nzoth_yogg_4013576127634927_IN_IV_ME,148257,80.28%,
8T,AR_SP_VF_yshaarj_nzoth_yogg_4013851005025775_IN_IV_DR,148257,80.28%,
8T,AR_EC_VF_nzoth_yogg_cthun_3169151197502959_Mis_AM_DR,148251,80.27%,
8T,AR_SW_VF_yshaarj_nzoth_yogg_4014409417874927_IN_IV_DR_DS,148248,80.27%,
8T,AR_SW_VF_yshaarj_nzoth_yogg_4014400760831487_Mis_AM_ME,148224,80.24%,
8T,AR_SP_VF_yshaarj_nzoth_yogg_4013851005017599_Mis_AM_ME,148224,80.24%,
8T,AR_SP_VF_yshaarj_nzoth_yogg_4013301316320751_IN_IV_DR,148223,80.24%,
8T,AR_EC_VF_nzoth_yogg_cthun_3132875970305519_Mis_AM_DR_DS,148222,80.24%,
8T,AR_EC_VF_yshaarj_nzoth_yogg_4013851005017599_IN_AM_ME,148222,80.24%,
8T,AR_EC_VF_yshaarj_nzoth_yogg_4014400760831487_IN_AM_DR,148218,80.23%,
8T,AR_SW_VF_nzoth_yogg_cthun_3132867313270255_Mis_AM_ME,148207,80.22%,
8T,AR_EC_VF_yshaarj_nzoth_yogg_4013310979988975_Mis_AM_ME_DS,148206,80.22%,
8T,AR_SW_VF_yshaarj_nzoth_yogg_4013309906255343_Mis_IV_ME_DS,148197,80.21%,
8T,AR_SW_VF_yshaarj_nzoth_yogg_4014409351290351_IN_IV_DR_DS,148193,80.20%,
8T,AR_EC_VF_yshaarj_nzoth_yogg_4013310174682607_Mis_AM_DR_DS,148193,80.20%,
8T,AR_EC_VF_nzoth_yogg_cthun_3132875903196671_IN_IV_DR_DS,148189,80.20%,
8T,AR_SW_VF_yshaarj_nzoth_yogg_4013318496181743_Mis_IV_DR_DS,148174,80.18%,
8T,AR_EC_VF_yshaarj_nzoth_yogg_4013301249736175_IN_IV_DR,148171,80.18%,
8T,AR_SW_VF_yshaarj_nzoth_yogg_4014400760839663_IN_AM_ME,148168,80.17%,
8T,AR_SW_VF_yshaarj_nzoth_yogg_4014400760839663_Mis_AM_ME,148164,80.17%,
8T,AR_SP_VF_yshaarj_nzoth_yogg_4013318429072895_Mis_IV_ME_DS,148156,80.16%,
8T,AR_SW_VF_nzoth_yogg_cthun_3132996162280959_Mis_AM_ME,148152,80.15%,
8T,AR_EC_VF_yshaarj_yogg_cthun_1972332790144511_Mis_IV_ME,148138,80.14%,
8T,AR_SW_VF_nzoth_yogg_cthun_3132875970305519_Mis_AM_ME_DS,148130,80.13%,
8T,AR_EC_VF_yshaarj_yogg_cthun_1988688092716527_Mis_AM_DR,148121,80.12%,
8T,AR_EC_VF_yshaarj_yogg_cthun_1972332790668783_Mis_IV_DR,148109,80.10%,
8T,AR_EC_VF_yshaarj_nzoth_yogg_4013438688157183_IN_IV_ME,148097,80.09%,
8T,AR_SP_VF_nzoth_yogg_cthun_3132859797069311_IN_AM_DR,148092,80.08%,
8T,AR_SP_VF_nzoth_yogg_cthun_3169159786913279_Mis_IV_ME_DS,148086,80.07%,
8T,AR_SP_VF_nzoth_yogg_cthun_3132875903204847_Mis_AM_ME_DS,148084,80.07%,
8T,AR_SP_VF_yshaarj_yogg_cthun_1988688025615855_Mis_IV_DR,148081,80.07%,
8T,AR_EC_VF_yshaarj_nzoth_yogg_4013309906771439_Mis_AM_ME_DS,148071,80.06%,
8T,AR_SP_VF_yshaarj_nzoth_yogg_4014400760839663_Mis_AM_DR,148064,80.05%,
8T,AR_SP_VF_yshaarj_nzoth_yogg_4013851072126447_Mis_AM_DR,148058,80.04%,
8T,AR_SW_VF_yshaarj_yogg_cthun_1988688026131951_Mis_IV_ME,148041,80.02%,
8T,AR_EC_VF_yshaarj_nzoth_yogg_4013318429081071_Mis_AM_ME_DS,148040,80.02%,
8T,AR_EC_VF_yshaarj_yogg_cthun_1971370784579055_Mis_IV_DR,148040,80.02%,
8T,AR_EC_VF_yshaarj_nzoth_yogg_4014409351290351_Mis_AM_DR_DS,148040,80.02%,
8T,AR_SW_VF_yshaarj_nzoth_yogg_4013301584748015_Mis_AM_ME,148037,80.01%,
8T,AR_SP_VF_nzoth_yogg_cthun_3132867313786351_Mis_AM_DR,148036,80.01%,
8T,AR_SW_VF_yshaarj_nzoth_yogg_4013438688681455_Mis_AM_DR,148031,80.01%,
8T,AR_SW_VF_yshaarj_nzoth_yogg_4013851005541871_IN_IV_ME,148024,80.00%,
8T,AR_SP_VF_nzoth_yogg_cthun_3132858723859951_IN_AM_DR,148023,80.00%,
8T,AR_SW_VF_yshaarj_yogg_cthun_1988688092716527_Mis_IV_DR,148006,79.98%,
8T,AR_SP_VF_nzoth_yogg_cthun_3169159787437551_Mis_IV_DR_DS,147987,79.95%,
8T,AR_SP_VF_yshaarj_nzoth_yogg_4013302390054383_Mis_AM_ME,147981,79.95%,
8T,AR_EC_VF_yshaarj_nzoth_yogg_4013301249211903_IN_IV_ME,147979,79.94%,
8T,AR_SW_VF_nzoth_yogg_cthun_3169159786921455_Mis_IV_ME_DS,147976,79.94%,
8T,AR_EC_VF_yshaarj_nzoth_yogg_4013318429081071_IN_IV_ME_DS,147970,79.93%,
8T,AR_SP_VF_yshaarj_nzoth_yogg_4013851005025775_Mis_AM_ME,147965,79.93%,
8T,AR_SP_VF_yshaarj_yogg_cthun_2043251357244911_Mis_IV_DR,147962,79.92%,
8T,AR_SW_VF_nzoth_yogg_cthun_3132859797069311_Mis_AM_ME,147942,79.90%,
8T,AR_SW_VF_nzoth_yogg_cthun_3132858723335679_IN_AM_ME,147911,79.86%,
8T,AR_SW_VF_nzoth_yogg_cthun_3132859797593583_Mis_AM_DR,147909,79.86%,
8T,AR_SW_VF_nzoth_yogg_cthun_3132875903196671_IN_IV_DR_DS,147908,79.86%,
8T,AR_SP_VF_yshaarj_yogg_cthun_1972332790668783_IN_IV_ME,147907,79.86%,
8T,AR_SP_VF_yshaarj_nzoth_yogg_4014409350774255_Mis_AM_ME_DS,147901,79.85%,
8T,AR_SP_VF_yshaarj_nzoth_yogg_4013301316320751_Mis_AM_ME,147899,79.85%,
8T,AR_EC_VF_yshaarj_nzoth_yogg_4013318496181743_IN_IV_ME_DS,147876,79.82%,
8T,AR_SW_VF_nzoth_yogg_cthun_3132875903720943_Mis_AM_ME_DS,147873,79.82%,
8T,AR_EC_VF_yshaarj_nzoth_yogg_4013584717053423_Mis_IV_DR_DS,147870,79.81%,
8T,AR_SP_VF_yshaarj_nzoth_yogg_4013302323469807_Mis_AM_DR,147867,79.81%,
8T,AR_SP_VF_nzoth_yogg_cthun_3132867380370927_IN_AM_DR,147867,79.81%,
8T,AR_EC_VF_nzoth_yogg_cthun_3169159786921455_Mis_AM_ME_DS,147865,79.81%,
8T,AR_SP_VF_nzoth_yogg_cthun_3169151197502959_Mis_AM_ME,147860,79.80%,
8T,AR_SW_VF_nzoth_yogg_cthun_3150313470942703_IN_AM_DR,147860,79.80%,
8T,AR_EC_VF_yshaarj_nzoth_yogg_4013301249211903_Mis_AM_ME,147854,79.79%,
8T,AR_EC_VF_yshaarj_nzoth_yogg_4013309839662591_Mis_IV_ME_DS,147847,79.78%,
8T,VW_DH_VW_VF_nzoth_yogg_cthun_3132858866393069_IN_IV_ME,147843,79.78%,
8T,AR_SP_VF_nzoth_yogg_cthun_3169151264087535_IN_IV_ME,147839,79.77%,
8T,AR_EC_VF_nzoth_yogg_cthun_3132875970305519_IN_AM_DR_DS,147829,79.76%,
8T,AR_SP_VF_yshaarj_yogg_cthun_1988688026131951_Mis_IV_DR,147816,79.75%,
8T,AR_SW_VF_yshaarj_nzoth_yogg_4013438688681455_Mis_AM_ME,147809,79.74%,
8T,AR_SP_VF_yshaarj_nzoth_yogg_4014409417874927_IN_AM_ME_DS,147808,79.74%,
8T,VW_DH_VW_VF_nzoth_yogg_cthun_3132867455803373_IN_IV_ME,147803,79.73%,
8T,AR_SW_VF_nzoth_yogg_cthun_3132996162289135_Mis_AM_DR,147796,79.72%,
8T,AR_SW_VF_nzoth_yogg_cthun_3132867313262079_Mis_AM_ME,147794,79.72%,
8T,AR_SP_VF_yshaarj_nzoth_yogg_4013576127110655_Mis_IV_DR,147792,79.72%,
8T,AR_SP_VF_yshaarj_nzoth_yogg_4013310912888303_Mis_IV_ME_DS,147788,79.71%,
8T,AR_EC_VF_yshaarj_yogg_cthun_1971370717470207_Mis_IV_ME,147770,79.69%,
8T,AR_SW_VF_yshaarj_nzoth_yogg_4013438688681455_IN_IV_ME,147761,79.68%,
8T,AR_SW_VF_yshaarj_nzoth_yogg_4013302322945535_Mis_IV_DR,147757,79.67%,
8T,AR_SW_VF_yshaarj_nzoth_yogg_4014409350774255_IN_IV_ME_DS,147756,79.67%,
8T,AR_SP_VF_yshaarj_nzoth_yogg_4013447345200623_Mis_AM_ME_DS,147755,79.67%,
8T,AR_SP_VF_yshaarj_nzoth_yogg_4013576127118831_IN_IV_ME,147754,79.67%,
8T,AR_EC_VF_nzoth_yogg_cthun_3132875903196671_Mis_AM_ME_DS,147751,79.67%,
8T,AR_SP_VF_nzoth_yogg_cthun_3132859797077487_Mis_AM_DR,147738,79.65%,
8T,AR_EC_VF_nzoth_yogg_cthun_3132875903720943_IN_AM_DR_DS,147734,79.65%,
8T,AR_EC_VF_yshaarj_nzoth_yogg_4013301316312575_IN_IV_ME,147733,79.65%,
8T,AR_EC_VF_yshaarj_nzoth_yogg_4013851005017599_IN_IV_DR,147726,79.64%,
8T,AR_EC_VF_yshaarj_nzoth_yogg_4014409350766079_Mis_AM_ME_DS,147725,79.64%,
8T,VW_DH_VW_VF_nzoth_yogg_cthun_3132859939610605_IN_IV_ME,147725,79.64%,
8T,AR_SP_VF_yshaarj_nzoth_yogg_4013438688157183_Mis_AM_DR,147724,79.63%,
8T,AR_SP_VF_yshaarj_nzoth_yogg_4013851005017599_IN_IV_ME,147723,79.63%,
8T,AR_SP_VF_nzoth_yogg_cthun_3132875903196671_Mis_IV_DR_DS,147711,79.62%,
8T,AR_EC_VF_nzoth_yogg_cthun_3132858723851775_Mis_AM_DR,147705,79.61%,
8T,AR_SP_VF_yshaarj_nzoth_yogg_4014400761355759_IN_AM_DR,147688,79.59%,
8T,AR_SW_VF_yshaarj_nzoth_yogg_4013576127110655_Mis_IV_ME,147688,79.59%,
8T,AR_SP_VF_yshaarj_nzoth_yogg_4013851005541871_Mis_AM_DR,147685,79.59%,
8T,AR_EC_VF_nzoth_yogg_cthun_3132875903720943_Mis_AM_DR_DS,147682,79.58%,
8T,AR_SP_VF_nzoth_yogg_cthun_3169151196986863_IN_IV_ME,147666,79.56%,
8T,AR_SP_VF_yshaarj_nzoth_yogg_4013576194219503_IN_IV_ME,147666,79.56%,
8T,AR_SW_VF_yshaarj_nzoth_yogg_4013301584748015_IN_IV_ME,147646,79.54%,
8T,AR_EC_VF_nzoth_yogg_cthun_3132858723335679_IN_AM_DR,147627,79.52%,
8T,AR_SP_VF_nzoth_yogg_cthun_3132859797069311_Mis_AM_DR,147624,79.51%,
8T,AR_SW_VF_yshaarj_nzoth_yogg_4013301584748015_Mis_AM_DR,147623,79.51%,
8T,AR_SP_VF_yshaarj_nzoth_yogg_4013447345200623_Mis_AM_DR_DS,147622,79.51%,
8T,AR_SP_VF_yshaarj_nzoth_yogg_4013576127118831_Mis_AM_ME,147622,79.51%,
8T,AR_SP_VF_yshaarj_nzoth_yogg_4013310912880127_Mis_IV_ME_DS,147621,79.51%,
8T,AR_SW_VF_nzoth_yogg_cthun_3169159786921455_Mis_IV_DR_DS,147621,79.51%,
8T,AR_EC_VF_yshaarj_nzoth_yogg_4013309906255343_Mis_AM_ME_DS,147618,79.51%,
8T,AR_SW_VF_yshaarj_yogg_cthun_1988688092716527_Mis_IV_ME,147612,79.50%,
8T,AR_EC_VF_yshaarj_nzoth_yogg_4013310912880127_Mis_IV_DR_DS,147598,79.48%,
8T,AR_SW_VF_yshaarj_nzoth_yogg_4013438688165359_Mis_AM_ME,147584,79.46%,
8T,AR_EC_VF_nzoth_yogg_cthun_3169151196986863_Mis_AM_DR,147577,79.45%,
8T,AR_SP_VF_yshaarj_nzoth_yogg_4013302390054383_IN_IV_DR,147572,79.45%,
8T,AR_SW_VF_nzoth_yogg_cthun_3132859058871791_Mis_AM_DR,147571,79.45%,
8T,AR_SP_VF_yshaarj_yogg_cthun_1988688025607679_Mis_IV_ME,147565,79.44%,
8T,AR_SP_VF_yshaarj_nzoth_yogg_4013851072126447_Mis_AM_ME,147560,79.43%,
8T,AR_EC_VF_nzoth_yogg_cthun_3169159787437551_Mis_AM_ME_DS,147554,79.43%,
8T,AR_SW_VF_yshaarj_nzoth_yogg_4013447278091775_Mis_IV_ME_DS,147548,79.42%,
8T,AR_SW_VF_nzoth_yogg_cthun_3169159787437551_Mis_IV_ME_DS,147542,79.41%,
8T,AR_SP_VF_yshaarj_nzoth_yogg_4014400827940335_IN_AM_DR,147541,79.41%,
8T,VW_DH_VW_VF_nzoth_yogg_cthun_3132807393369583_IN_AM_DR_DS,147525,79.39%,
8T,AR_SP_VF_yshaarj_nzoth_yogg_4013309839146495_Mis_IV_ME_DS,147512,79.38%,
8T,AR_SW_VF_yshaarj_yogg_cthun_1972332857253359_Mis_IV_ME,147509,79.37%,
8T,AR_SW_VF_nzoth_yogg_cthun_3150313470426607_IN_AM_DR,147506,79.37%,
8T,AR_SW_VF_yshaarj_nzoth_yogg_4013318429597167_Mis_IV_DR_DS,147498,79.36%,
8T,AR_SP_VF_nzoth_yogg_cthun_3132858790444527_Mis_AM_DR,147486,79.34%,
8T,VW_DH_VW_VF_nzoth_yogg_cthun_3132807326268911_IN_AM_DR_DS,147482,79.34%,
8T,AR_SW_VF_yshaarj_yogg_cthun_1972332790668783_Mis_IV_ME,147474,79.33%,
8T,AR_EC_VF_yshaarj_nzoth_yogg_4013447278616047_Mis_AM_DR_DS,147465,79.32%,
8T,AR_SW_VF_nzoth_yogg_cthun_3132859797593583_IN_AM_DR,147463,79.32%,
8T,AR_SP_VF_yshaarj_nzoth_yogg_4013301249211903_IN_IV_ME,147459,79.31%,
8T,AR_EC_VF_nzoth_yogg_cthun_3132867313262079_IN_AM_DR,147459,79.31%,
8T,AR_EC_VF_nzoth_yogg_cthun_3169151196986863_IN_IV_DR,147431,79.28%,
8T,AR_EC_VF_yshaarj_yogg_cthun_1973432368881135_Mis_IV_DR,147425,79.27%,
8T,AR_SW_VF_yshaarj_nzoth_yogg_4013438688165359_Mis_AM_DR,147421,79.27%,
8T,AR_SW_VF_nzoth_yogg_cthun_3132875970305519_IN_AM_ME_DS,147416,79.26%,
8T,AR_SW_VF_nzoth_yogg_cthun_3150313470418431_Mis_AM_DR,147414,79.26%,
8T,AR_EC_VF_nzoth_yogg_cthun_3169151196978687_Mis_AM_ME,147400,79.24%,
8T,AR_SP_VF_yshaarj_nzoth_yogg_4014409350766079_Mis_IV_DR_DS,147391,79.23%,
8T,AR_SP_VF_nzoth_yogg_cthun_3132858790436351_Mis_AM_DR,147383,79.22%,
8T,AR_EC_VF_yshaarj_nzoth_yogg_4013318429597167_IN_IV_ME_DS,147361,79.19%,
8T,AR_SW_VF_yshaarj_nzoth_yogg_4013438688165359_IN_IV_ME,147357,79.19%,
8T,AR_SW_VF_yshaarj_nzoth_yogg_4014400760839663_Mis_AM_DR,147355,79.19%,
8T,AR_EC_VF_yshaarj_nzoth_yogg_4013309906771439_Mis_AM_DR_DS,147352,79.18%,
8T,AR_SP_VF_yshaarj_yogg_cthun_1972332790152687_Mis_IV_ME,147352,79.18%,
8T,AR_SP_VF_yshaarj_nzoth_yogg_4013447278091775_Mis_IV_DR_DS,147351,79.18%,
8T,VW_DH_VW_VF_nzoth_yogg_cthun_3132807326260735_IN_AM_DR_DS,147347,79.18%,
8T,AR_SW_VF_yshaarj_nzoth_yogg_4013301316836847_Mis_AM_ME,147346,79.17%,
8T,AR_SW_VF_yshaarj_yogg_cthun_1972332790668783_IN_IV_ME,147344,79.17%,
8T,AR_SW_VF_yshaarj_nzoth_yogg_4013302390054383_IN_IV_ME,147343,79.17%,
8T,AR_SW_VF_yshaarj_yogg_cthun_1972332790152687_Mis_IV_ME,147335,79.16%,
8T,AR_EC_VF_yshaarj_nzoth_yogg_4014409350766079_IN_AM_ME_DS,147328,79.15%,
8T,AR_EC_VF_nzoth_yogg_cthun_3169159786913279_Mis_IV_DR_DS,147327,79.15%,
8T,AR_EC_VF_yshaarj_nzoth_yogg_4013310912888303_Mis_AM_ME_DS,147324,79.15%,
8T,AR_SW_VF_yshaarj_nzoth_yogg_4013301249727999_Mis_IV_DR,147324,79.15%,
8T,AR_SW_VF_yshaarj_nzoth_yogg_4013851072126447_Mis_AM_ME,147318,79.14%,
8T,AR_SW_VF_yshaarj_nzoth_yogg_4013301316320751_IN_IV_ME,147311,79.13%,
8T,AR_SP_VF_yshaarj_nzoth_yogg_4013318429072895_Mis_IV_DR_DS,147308,79.13%,
8T,AR_SP_VF_yshaarj_nzoth_yogg_4013310912888303_Mis_IV_DR_DS,147300,79.12%,
8T,AR_EC_VF_yshaarj_nzoth_yogg_4013302322953711_IN_IV_DR,147278,79.09%,
8T,AR_EC_VF_yshaarj_nzoth_yogg_4013318496181743_Mis_AM_ME_DS,147275,79.09%,
8T,AR_SW_VF_yshaarj_nzoth_yogg_4014409350774255_IN_IV_DR_DS,147271,79.08%,
8T,AR_SP_VF_yshaarj_nzoth_yogg_4013851005541871_IN_IV_DR,147261,79.07%,
8T,AR_SW_VF_yshaarj_nzoth_yogg_4013301316312575_Mis_IV_DR,147257,79.07%,
8T,AR_EC_VF_yshaarj_yogg_cthun_1972332790152687_IN_IV_DR,147227,79.03%,
8T,AR_SP_VF_yshaarj_nzoth_yogg_4013584717569519_Mis_IV_ME_DS,147223,79.03%,
8T,AR_SW_VF_nzoth_yogg_cthun_3132858790436351_Mis_AM_ME,147220,79.02%,
8T,AR_SP_VF_yshaarj_nzoth_yogg_4013310913404399_Mis_IV_DR_DS,147220,79.02%,
8T,AR_SP_VF_nzoth_yogg_cthun_3132996162280959_IN_AM_DR,147214,79.01%,
8T,AR_SP_VF_yshaarj_nzoth_yogg_4013301249736175_IN_IV_DR,147213,79.01%,
8T,AR_EC_VF_yshaarj_nzoth_yogg_4013301584748015_IN_AM_ME,147211,79.01%,
8T,AR_SW_VF_yshaarj_yogg_cthun_1988688025615855_Mis_IV_DR,147196,78.99%,
8T,AR_SW_VF_yshaarj_yogg_cthun_1972332790152687_IN_IV_ME,147195,78.99%,
8T,AR_SP_VF_yshaarj_nzoth_yogg_4014400760831487_Mis_AM_DR,147194,78.99%,
8T,AR_SW_VF_nzoth_yogg_cthun_3132875903720943_IN_AM_ME_DS,147192,78.99%,
8T,AR_EC_VF_yshaarj_nzoth_yogg_4013576127634927_IN_IV_DR,147185,78.98%,
8T,AR_SW_VF_nzoth_yogg_cthun_3132859864178159_Mis_AM_DR,147180,78.97%,
8T,AR_EC_VF_nzoth_yogg_cthun_3132875903204847_IN_AM_DR_DS,147173,78.96%,
8T,AR_EC_VF_yshaarj_nzoth_yogg_4013576194219503_IN_IV_DR,147161,78.95%,
8T,AR_EC_VF_yshaarj_yogg_cthun_1971370784579055_Mis_IV_ME,147148,78.93%,
8T,AR_SW_VF_yshaarj_nzoth_yogg_4013310913404399_Mis_IV_ME_DS,147148,78.93%,
8T,AR_SP_VF_yshaarj_nzoth_yogg_4013318496181743_Mis_AM_DR_DS,147142,78.93%,
8T,AR_SP_VF_nzoth_yogg_cthun_3132858723859951_Mis_AM_DR,147139,78.92%,
8T,AR_SW_VF_nzoth_yogg_cthun_3169151196978687_Mis_IV_DR,147139,78.92%,
8T,AR_SW_VF_yshaarj_nzoth_yogg_3977567121309167_Mis_AM_DR,147132,78.91%,
8T,AR_SW_VF_yshaarj_nzoth_yogg_4013302390054383_Mis_AM_ME,147128,78.91%,
8T,AR_SP_VF_yshaarj_yogg_cthun_1972332857253359_Mis_IV_DR,147128,78.91%,
8T,AR_SP_VF_yshaarj_yogg_cthun_1988688025615855_Mis_IV_ME,147127,78.91%,
8T,AR_SP_VF_nzoth_yogg_cthun_3169151196986863_Mis_AM_ME,147113,78.89%,
8T,AR_SP_VF_nzoth_yogg_cthun_3132867313786351_IN_AM_DR,147107,78.88%,
8T,AR_EC_VF_yshaarj_nzoth_yogg_4013438755266031_IN_AM_ME,147087,78.86%,
8T,AR_SW_VF_yshaarj_nzoth_yogg_4013310174682607_Mis_IV_DR_DS,147086,78.86%,
8T,AR_SP_VF_yshaarj_nzoth_yogg_4013851005017599_Mis_AM_DR,147078,78.85%,
8T,AR_EC_VF_yshaarj_nzoth_yogg_4013576127118831_IN_IV_DR,147076,78.85%,
8T,AR_SW_VF_nzoth_yogg_cthun_3132996229389807_IN_AM_DR,147072,78.84%,
8T,AR_SP_VF_yshaarj_nzoth_yogg_4013301316836847_IN_IV_DR,147072,78.84%,
8T,AR_SW_VF_yshaarj_nzoth_yogg_4013302322953711_IN_IV_ME,147070,78.84%,
8T,AR_EC_VF_yshaarj_nzoth_yogg_4013318429081071_IN_IV_DR_DS,147070,78.84%,
8T,AR_SW_VF_yshaarj_yogg_cthun_1972332790152687_Mis_IV_DR,147066,78.83%,
8T,AR_SW_VF_yshaarj_nzoth_yogg_4013302323469807_IN_IV_ME,147062,78.83%,
8T,AR_SP_VF_yshaarj_nzoth_yogg_4013309839662591_Mis_IV_ME_DS,147058,78.82%,
8T,AR_SW_VF_nzoth_yogg_cthun_3169159786913279_Mis_IV_ME_DS,147056,78.82%,
8T,AR_SP_VF_yshaarj_nzoth_yogg_4013309839670767_Mis_IV_DR_DS,147053,78.82%,
8T,AR_SW_VF_yshaarj_nzoth_yogg_4013851005017599_IN_IV_ME,147050,78.81%,
8T,AR_SW_VF_yshaarj_yogg_cthun_2043251357244911_Mis_IV_ME,147027,78.79%,
8T,AR_SW_VF_yshaarj_nzoth_yogg_4013309839670767_Mis_IV_ME_DS,147021,78.78%,
8T,AR_SP_VF_yshaarj_nzoth_yogg_4013310174682607_Mis_AM_DR_DS,147009,78.76%,
8T,AR_EC_VF_yshaarj_nzoth_yogg_4013447278091775_Mis_AM_ME_DS,147007,78.76%,
8T,AR_SW_VF_nzoth_yogg_cthun_3132858790960623_Mis_AM_DR,146984,78.73%,
8T,AR_EC_VF_yshaarj_nzoth_yogg_4013584717569519_Mis_IV_DR_DS,146983,78.73%,
8T,AR_EC_VF_yshaarj_nzoth_yogg_4013301249727999_Mis_AM_DR,146981,78.73%,
8T,AR_EC_VF_yshaarj_nzoth_yogg_4013301249736175_Mis_AM_DR,146980,78.73%,
8T,AR_SP_VF_yshaarj_nzoth_yogg_4013576127634927_Mis_AM_DR,146972,78.72%,
8T,AR_EC_VF_yshaarj_nzoth_yogg_4014409350766079_IN_IV_DR_DS,146969,78.72%,
8T,AR_SP_VF_yshaarj_nzoth_yogg_4013309906247167_Mis_IV_DR_DS,146965,78.71%,
8T,AR_SP_VF_yshaarj_nzoth_yogg_4013318496181743_IN_IV_ME_DS,146964,78.71%,
8T,AR_EC_VF_yshaarj_nzoth_yogg_4013309906247167_Mis_IV_DR_DS,146961,78.71%,
8T,AR_SW_VF_yshaarj_nzoth_yogg_4013301249211903_Mis_IV_ME,146959,78.70%,
8T,AR_EC_VF_yshaarj_yogg_cthun_1971370717994479_Mis_IV_ME,146954,78.70%,
8T,AR_SP_VF_yshaarj_yogg_cthun_1988688025607679_Mis_IV_DR,146950,78.69%,
8T,AR_EC_VF_yshaarj_yogg_cthun_2043251290144239_Mis_IV_ME,146949,78.69%,
8T,AR_SP_VF_nzoth_yogg_cthun_3132858723851775_IN_AM_DR,146947,78.69%,
8T,AR_SW_VF_nzoth_yogg_cthun_3132867313786351_Mis_AM_DR,146945,78.69%,
8T,AR_SP_VF_nzoth_yogg_cthun_3169151196978687_Mis_IV_DR,146934,78.67%,
8T,AR_SW_VF_yshaarj_nzoth_yogg_4013584784154095_Mis_IV_ME_DS,146934,78.67%,
8T,AR_SP_VF_yshaarj_nzoth_yogg_4013438688681455_IN_IV_DR,146922,78.66%,
8T,AR_SW_VF_yshaarj_nzoth_yogg_4013447278616047_Mis_IV_DR_DS,146915,78.65%,
8T,AR_SP_VF_yshaarj_nzoth_yogg_4013584784154095_Mis_IV_DR_DS,146915,78.65%,
8T,AR_EC_VF_nzoth_yogg_cthun_3169151264087535_IN_IV_DR,146908,78.64%,
8T,AR_SP_VF_yshaarj_nzoth_yogg_4013301249736175_Mis_AM_ME,146896,78.63%,
8T,AR_SW_VF_yshaarj_nzoth_yogg_4013309906255343_Mis_IV_DR_DS,146894,78.63%,
8T,AR_EC_VF_yshaarj_nzoth_yogg_4013301249727999_Mis_AM_ME,146894,78.63%,
8T,AR_SW_VF_nzoth_yogg_cthun_3132858790444527_Mis_AM_DR,146893,78.62%,
8T,AR_EC_VF_yshaarj_yogg_cthun_1971370717478383_Mis_IV_DR,146876,78.60%,
8T,AR_SP_VF_yshaarj_nzoth_yogg_4014409350774255_IN_AM_ME_DS,146872,78.60%,
8T,AR_SP_VF_yshaarj_nzoth_yogg_4013438688157183_Mis_AM_ME,146862,78.59%,
8T,AR_SP_VF_yshaarj_yogg_cthun_1972332790668783_Mis_IV_DR,146857,78.58%,
8T,AR_SP_VF_yshaarj_yogg_cthun_2043251290144239_Mis_IV_DR,146856,78.58%,
8T,AR_EC_VF_yshaarj_yogg_cthun_1988688092716527_Mis_AM_ME,146850,78.57%,
8T,AR_SW_VF_nzoth_yogg_cthun_3169159787437551_Mis_IV_DR_DS,146837,78.56%,
8T,AR_SP_VF_yshaarj_nzoth_yogg_4013302322953711_Mis_AM_ME,146822,78.54%,
8T,AR_SP_VF_yshaarj_nzoth_yogg_4013302322945535_IN_IV_ME,146815,78.53%,
8T,AR_SP_VF_nzoth_yogg_cthun_3132867313270255_IN_AM_DR,146805,78.52%,
8T,AR_SW_VF_nzoth_yogg_cthun_3132858790960623_IN_AM_DR,146801,78.51%,
8T,AR_SP_VF_nzoth_yogg_cthun_3169151196978687_Mis_AM_ME,146795,78.50%,
8T,AR_EC_VF_yshaarj_yogg_cthun_2043251357244911_Mis_IV_ME,146792,78.50%,
8T,AR_SP_VF_yshaarj_nzoth_yogg_4013309906771439_Mis_AM_ME_DS,146780,78.49%,
8T,AR_SP_VF_yshaarj_nzoth_yogg_4013301316320751_Mis_AM_DR,146775,78.48%,
8T,AR_SP_VF_yshaarj_nzoth_yogg_4013584717045247_Mis_IV_ME_DS,146771,78.47%,
8T,AR_SP_VF_yshaarj_yogg_cthun_1971370784579055_Mis_IV_ME,146764,78.47%,
8T,AR_SP_VF_yshaarj_nzoth_yogg_4013318429081071_IN_IV_ME_DS,146762,78.46%,
8T,VW_DH_VW_VF_nzoth_yogg_cthun_3132807326785007_IN_AM_DR_DS,146759,78.46%,
8T,AR_SP_VF_yshaarj_nzoth_yogg_4014409351290351_Mis_AM_DR_DS,146758,78.46%,
8T,AR_SW_VF_yshaarj_nzoth_yogg_4013851005025775_IN_IV_ME,146754,78.46%,
8T,AR_EC_VF_yshaarj_nzoth_yogg_4013302322953711_Mis_AM_DR,146719,78.41%,
8T,AR_SW_VF_yshaarj_nzoth_yogg_4013851005541871_Mis_AM_ME,146719,78.41%,
8T,AR_SW_VF_nzoth_yogg_cthun_3132859797077487_IN_AM_DR,146716,78.41%,
8T,AR_SW_VF_yshaarj_nzoth_yogg_4013301249736175_IN_IV_ME,146709,78.40%,
8T,AR_SW_VF_yshaarj_nzoth_yogg_4014400760831487_IN_AM_ME,146690,78.38%,
8T,AR_SP_VF_yshaarj_nzoth_yogg_4013576127118831_IN_IV_DR,146676,78.36%,
8T,AR_EC_VF_nzoth_yogg_cthun_3132867313262079_Mis_AM_DR,146665,78.35%,
8T,AR_SP_VF_nzoth_yogg_cthun_3169151197502959_Mis_AM_DR,146662,78.34%,
8T,AR_SP_VF_yshaarj_nzoth_yogg_4013851005541871_Mis_AM_ME,146656,78.34%,
8T,AR_SP_VF_yshaarj_nzoth_yogg_4013447278099951_Mis_AM_ME_DS,146636,78.31%,
8T,AR_EC_VF_yshaarj_nzoth_yogg_4013584784154095_Mis_AM_ME_DS,146622,78.29%,
8T,AR_EC_VF_yshaarj_yogg_cthun_2043251290660335_Mis_IV_ME,146613,78.28%,
8T,VW_DH_TV_VF_nzoth_yogg_cthun_3132876045737965_IN_IV_ME_DS,146607,78.28%,
8T,AR_EC_VF_yshaarj_nzoth_yogg_4013576127110655_Mis_AM_DR,146597,78.26%,
8T,AR_EC_VF_yshaarj_nzoth_yogg_4014409350766079_Mis_AM_DR_DS,146596,78.26%,
8T,AR_EC_VF_yshaarj_yogg_cthun_1973432368881135_Mis_IV_ME,146575,78.24%,
8T,AR_EC_VF_yshaarj_nzoth_yogg_4013318429597167_Mis_AM_ME_DS,146570,78.23%,
8T,AR_SW_VF_yshaarj_nzoth_yogg_4013310912888303_Mis_IV_ME_DS,146561,78.22%,
8T,AR_EC_VF_nzoth_yogg_cthun_3169151197502959_IN_IV_DR,146558,78.22%,
8T,AR_SW_VF_yshaarj_nzoth_yogg_4013851005541871_Mis_AM_DR,146558,78.22%,
8T,AR_EC_VF_yshaarj_nzoth_yogg_4013584717045247_Mis_IV_ME_DS,146554,78.21%,
8T,AR_SP_VF_yshaarj_nzoth_yogg_4013301316836847_Mis_AM_ME,146553,78.21%,
8T,AR_SW_VF_yshaarj_yogg_cthun_1972332857253359_IN_IV_ME,146552,78.21%,
8T,AR_SW_VF_yshaarj_nzoth_yogg_4013301316836847_Mis_AM_DR,146534,78.19%,
8T,AR_SW_VF_yshaarj_nzoth_yogg_4013576127118831_IN_IV_ME,146530,78.18%,
8T,AR_SP_VF_yshaarj_nzoth_yogg_4013302323469807_Mis_AM_ME,146521,78.17%,
8T,AR_SW_VF_yshaarj_nzoth_yogg_4013851005017599_Mis_AM_ME,146515,78.16%,
8T,AR_SW_VF_nzoth_yogg_cthun_3132859797077487_Mis_AM_DR,146508,78.16%,
8T,AR_EC_VF_yshaarj_nzoth_yogg_4013309839662591_Mis_IV_DR_DS,146498,78.14%,
8T,VW_DH_TV_VF_nzoth_yogg_cthun_3132996304822253_IN_IV_ME,146497,78.14%,
8T,AR_EC_VF_yshaarj_nzoth_yogg_4013301249727999_IN_IV_ME,146494,78.14%,
8T,AR_SP_VF_yshaarj_nzoth_yogg_4014409417874927_Mis_AM_DR_DS,146489,78.13%,
8T,AR_EC_VF_yshaarj_yogg_cthun_1971233614061039_Mis_IV_DR,146476,78.12%,
8T,AR_SW_VF_nzoth_yogg_cthun_3169159854022127_Mis_IV_DR_DS,146471,78.11%,
8T,AR_EC_VF_yshaarj_nzoth_yogg_4013310174682607_IN_IV_ME_DS,146467,78.11%,
8T,AR_SW_VF_nzoth_yogg_cthun_3132858723859951_Mis_AM_DR,146466,78.10%,
8T,AR_EC_VF_yshaarj_yogg_cthun_1972332790144511_IN_IV_ME,146464,78.10%,
8T,AR_SW_VF_yshaarj_nzoth_yogg_4013301316320751_Mis_AM_ME,146459,78.10%,
8T,AR_SW_VF_yshaarj_yogg_cthun_1988688025615855_Mis_IV_ME,146437,78.07%,
8T,AR_EC_VF_yshaarj_nzoth_yogg_4013438688165359_IN_AM_ME,146432,78.06%,
8T,AR_EC_VF_yshaarj_yogg_cthun_1973432302296559_Mis_IV_ME,146430,78.06%,
8T,AR_SW_VF_yshaarj_yogg_cthun_1988688026131951_Mis_IV_DR,146417,78.05%,
8T,AR_SP_VF_yshaarj_nzoth_yogg_4013301316312575_IN_IV_ME,146414,78.04%,
8T,AR_SW_VF_nzoth_yogg_cthun_3132859864178159_IN_AM_DR,146410,78.04%,
8T,AR_SP_VF_yshaarj_yogg_cthun_2043251290144239_Mis_IV_ME,146408,78.03%,
8T,AR_SP_VF_yshaarj_nzoth_yogg_4013576127634927_Mis_AM_ME,146396,78.02%,
8T,AR_EC_VF_yshaarj_nzoth_yogg_4013310979988975_Mis_AM_DR_DS,146390,78.01%,
8T,AR_SW_VF_yshaarj_yogg_cthun_1972332857253359_Mis_IV_DR,146390,78.01%,
8T,AR_SP_VF_yshaarj_nzoth_yogg_4013310174682607_Mis_AM_ME_DS,146386,78.01%,
8T,AR_SP_VF_yshaarj_yogg_cthun_1972332790152687_Mis_IV_DR,146377,78.00%,
8T,AR_EC_VF_nzoth_yogg_cthun_3169159854022127_Mis_AM_DR_DS,146367,77.98%,
8T,AR_SW_VF_yshaarj_nzoth_yogg_4013309906771439_Mis_IV_DR_DS,146367,77.98%,
8T,AR_EC_VF_yshaarj_nzoth_yogg_4013576127110655_Mis_AM_ME,146366,77.98%,
8T,AR_SW_VF_yshaarj_nzoth_yogg_4013576127634927_IN_IV_ME,146336,77.95%,
8T,AR_EC_VF_yshaarj_nzoth_yogg_4013310913404399_Mis_AM_ME_DS,146335,77.95%,
8T,AR_EC_VF_yshaarj_nzoth_yogg_4013318496181743_IN_IV_DR_DS,146333,77.94%,
8T,AR_EC_VF_yshaarj_yogg_cthun_1971370717478383_Mis_IV_ME,146331,77.94%,
8T,AR_EC_VF_yshaarj_nzoth_yogg_4013301249211903_IN_IV_DR,146330,77.94%,
8T,AR_SP_VF_yshaarj_nzoth_yogg_4013447278616047_Mis_AM_ME_DS,146329,77.94%,
8T,AR_SW_VF_nzoth_yogg_cthun_3132858723859951_IN_AM_DR,146322,77.93%,
8T,AR_EC_VF_yshaarj_yogg_cthun_1971233345633775_Mis_IV_DR,146321,77.93%,
8T,AR_SP_VF_nzoth_yogg_cthun_3169151264087535_IN_IV_DR,146319,77.93%,
8T,AR_EC_VF_yshaarj_nzoth_yogg_4013576194219503_IN_AM_ME,146319,77.93%,
8T,AR_SP_VF_yshaarj_nzoth_yogg_4014409350766079_IN_IV_DR_DS,146302,77.91%,
8T,AR_SW_VF_nzoth_yogg_cthun_3132996162805231_IN_AM_DR,146296,77.90%,
8T,AR_SW_VF_yshaarj_nzoth_yogg_4013576127110655_Mis_IV_DR,146281,77.88%,
8T,AR_EC_VF_nzoth_yogg_cthun_3132875903204847_Mis_AM_DR_DS,146280,77.88%,
8T,AR_SP_VF_yshaarj_nzoth_yogg_4014409351290351_IN_AM_ME_DS,146258,77.85%,
8T,AR_SW_VF_yshaarj_nzoth_yogg_4013318429081071_Mis_IV_ME_DS,146242,77.83%,
8T,AR_EC_VF_yshaarj_yogg_cthun_1972332790144511_Mis_IV_DR,146239,77.83%,
8T,AR_EC_VF_yshaarj_nzoth_yogg_4013851005025775_IN_AM_DR,146232,77.82%,
8T,AR_EC_VF_nzoth_yogg_cthun_3169159786921455_IN_IV_ME_DS,146230,77.82%,
8T,AR_SW_VF_yshaarj_nzoth_yogg_4013438688157183_Mis_AM_ME,146206,77.79%,
8T,AR_SP_VF_nzoth_yogg_cthun_3132867313270255_Mis_AM_DR,146203,77.78%,
8T,AR_SP_VF_nzoth_yogg_cthun_3169159786921455_Mis_AM_ME_DS,146195,77.78%,
8T,AR_SW_VF_yshaarj_nzoth_yogg_4013301316836847_IN_IV_ME,146194,77.77%,
8T,AR_EC_VF_yshaarj_yogg_cthun_1973432302296559_Mis_IV_DR,146194,77.77%,
8T,AR_SP_VF_yshaarj_nzoth_yogg_4013301249211903_Mis_AM_ME,146193,77.77%,
8T,AR_SP_VF_yshaarj_yogg_cthun_1971370784579055_Mis_IV_DR,146174,77.75%,
8T,AR_SW_VF_yshaarj_nzoth_yogg_4013584717053423_Mis_IV_ME_DS,146166,77.74%,
8T,AR_SP_VF_nzoth_yogg_cthun_3169159787437551_Mis_AM_ME_DS,146164,77.74%,
8T,AR_SP_VF_yshaarj_yogg_cthun_2043251357244911_Mis_IV_ME,146157,77.73%,
8T,AR_EC_VF_yshaarj_nzoth_yogg_4013447345200623_IN_IV_ME_DS,146154,77.72%,
8T,AR_SP_VF_nzoth_yogg_cthun_3132858723335679_IN_AM_DR,146150,77.72%,
8T,AR_SW_VF_nzoth_yogg_cthun_3132875903204847_Mis_AM_ME_DS,146147,77.72%,
8T,AR_SP_VF_yshaarj_nzoth_yogg_4013584717053423_Mis_IV_DR_DS,146140,77.71%,
8T,AR_SW_VF_nzoth_yogg_cthun_3169151197502959_Mis_AM_ME,146138,77.71%,
8T,AR_SW_VF_yshaarj_nzoth_yogg_4013576127634927_Mis_AM_ME,146134,77.70%,
8T,AR_SP_VF_nzoth_yogg_cthun_3132858790436351_IN_AM_DR,146130,77.70%,
8T,AR_EC_VF_yshaarj_yogg_cthun_1988688026131951_Mis_AM_DR,146127,77.69%,
8T,AR_EC_VF_yshaarj_nzoth_yogg_4013576127118831_Mis_AM_DR,146124,77.69%,
8T,AR_EC_VF_yshaarj_nzoth_yogg_4014409350774255_IN_AM_DR_DS,146123,77.69%,
8T,AR_SW_VF_nzoth_yogg_cthun_3169151264087535_Mis_AM_ME,146122,77.69%,
8T,AR_SP_VF_yshaarj_nzoth_yogg_4013851005017599_IN_IV_DR,146115,77.68%,
8T,AR_SP_VF_yshaarj_nzoth_yogg_4013302322953711_Mis_AM_DR,146115,77.68%,
8T,AR_SW_VF_nzoth_yogg_cthun_3132859058871791_IN_AM_DR,146112,77.67%,
8T,AR_EC_VF_yshaarj_nzoth_yogg_4014409350774255_Mis_AM_DR_DS,146091,77.65%,
8T,AR_EC_VF_yshaarj_nzoth_yogg_4013584717053423_Mis_AM_ME_DS,146089,77.65%,
8T,AR_SW_VF_yshaarj_nzoth_yogg_4013302323469807_Mis_AM_ME,146087,77.64%,
8T,AR_SP_VF_nzoth_yogg_cthun_3132875903720943_Mis_AM_DR_DS,146085,77.64%,
8T,AR_EC_VF_yshaarj_yogg_cthun_2043259947179503_Mis_IV_DR_DS,146073,77.63%,
8T,AR_SW_VF_yshaarj_nzoth_yogg_4013310912880127_Mis_IV_ME_DS,146057,77.61%,
8T,AR_SP_VF_nzoth_yogg_cthun_3132875903720943_IN_AM_DR_DS,146054,77.60%,
8T,AR_SP_VF_yshaarj_nzoth_yogg_4013301316312575_Mis_AM_ME,146054,77.60%,
8T,AR_SP_VF_yshaarj_yogg_cthun_2043251290660335_Mis_IV_DR,146054,77.60%,
8T,AR_EC_VF_yshaarj_yogg_cthun_2043259880078831_Mis_IV_ME_DS,146044,77.59%,
8T,AR_EC_VF_yshaarj_nzoth_yogg_4013576127110655_IN_IV_ME,146043,77.59%,
8T,AR_SW_VF_yshaarj_nzoth_yogg_4014409350766079_Mis_IV_DR_DS,146042,77.59%,
8T,AR_SP_VF_yshaarj_nzoth_yogg_4013310912880127_Mis_IV_DR_DS,146029,77.57%,
8T,AR_SW_VF_yshaarj_nzoth_yogg_4013438688165359_IN_IV_DR,146027,77.57%,
8T,AR_EC_VF_yshaarj_nzoth_yogg_4013309906255343_IN_IV_ME_DS,146021,77.56%,
8T,AR_SW_VF_yshaarj_nzoth_yogg_4014409350766079_IN_IV_ME_DS,146015,77.56%,
8T,AR_SW_VF_yshaarj_nzoth_yogg_4013851072126447_Mis_AM_DR,146008,77.55%,
8T,AR_SW_VF_yshaarj_yogg_cthun_1972332790144511_IN_IV_ME,145994,77.53%,
8T,AR_SW_VF_yshaarj_nzoth_yogg_4013309906247167_Mis_IV_ME_DS,145981,77.52%,
8T,AR_EC_VF_yshaarj_nzoth_yogg_4013302390054383_IN_AM_ME,145977,77.51%,
8T,AR_EC_VF_yshaarj_nzoth_yogg_4013584784154095_Mis_AM_DR_DS,145975,77.51%,
8T,AR_EC_VF_yshaarj_yogg_cthun_1972332790668783_IN_AM_ME,145974,77.51%,
8T,AR_EC_VF_yshaarj_yogg_cthun_1972332857253359_IN_IV_DR,145973,77.51%,
8T,AR_EC_VF_yshaarj_yogg_cthun_1972332857253359_Mis_AM_ME,145970,77.50%,
8T,AR_SP_VF_yshaarj_nzoth_yogg_4013851005025775_Mis_AM_DR,145958,77.49%,
8T,AR_SW_VF_yshaarj_yogg_cthun_1988688025607679_Mis_IV_ME,145957,77.49%,
8T,AR_EC_VF_yshaarj_yogg_cthun_1973432301780463_Mis_IV_DR,145951,77.48%,
8T,AR_SP_VF_yshaarj_yogg_cthun_1972332790144511_IN_IV_ME,145950,77.48%,
8T,AR_SW_VF_yshaarj_nzoth_yogg_4013302322953711_IN_IV_DR,145927,77.45%,
8T,AR_EC_VF_yshaarj_nzoth_yogg_4013447278099951_Mis_AM_DR_DS,145925,77.45%,
8T,AR_EC_VF_nzoth_yogg_cthun_3132858723335679_Mis_AM_DR,145919,77.44%,
8T,AR_EC_VF_yshaarj_nzoth_yogg_4013447345200623_IN_IV_DR_DS,145915,77.43%,
8T,AR_SP_VF_yshaarj_yogg_cthun_2043251290660335_Mis_IV_ME,145913,77.43%,
8T,AR_SW_VF_yshaarj_nzoth_yogg_4014400760839663_IN_AM_DR,145902,77.42%,
8T,AR_SP_VF_yshaarj_nzoth_yogg_4013302322945535_Mis_AM_ME,145889,77.40%,
8T,AR_SP_VF_yshaarj_nzoth_yogg_4013447278616047_Mis_AM_DR_DS,145881,77.39%,
8T,AR_SW_VF_nzoth_yogg_cthun_3132996162289135_IN_AM_DR,145869,77.38%,
8T,AR_SW_VF_yshaarj_nzoth_yogg_4013309839146495_Mis_IV_ME_DS,145865,77.37%,
8T,VW_DH_TV_VF_nzoth_yogg_cthun_3132858932977645_IN_IV_ME,145847,77.35%,
8T,AR_SW_VF_nzoth_yogg_cthun_3132875903196671_Mis_IV_DR_DS,145836,77.34%,
8T,AR_SW_VF_yshaarj_nzoth_yogg_4014400761355759_IN_AM_DR,145827,77.33%,
8T,AR_SW_VF_yshaarj_nzoth_yogg_4013302323469807_Mis_AM_DR,145821,77.32%,
8T,AR_SW_VF_yshaarj_yogg_cthun_1973432301780463_Mis_IV_DR,145817,77.31%,
8T,AR_EC_VF_yshaarj_nzoth_yogg_4013447278099951_IN_IV_ME_DS,145811,77.31%,
8T,AR_SW_VF_nzoth_yogg_cthun_3132867380370927_Mis_AM_DR,145807,77.30%,
8T,AR_EC_VF_yshaarj_yogg_cthun_1971370717470207_Mis_IV_DR,145806,77.30%,
8T,AR_EC_VF_yshaarj_nzoth_yogg_4013301249211903_Mis_AM_DR,145804,77.30%,
8T,AR_SW_VF_nzoth_yogg_cthun_3132875903204847_IN_AM_ME_DS,145803,77.30%,
8T,AR_SP_VF_yshaarj_yogg_cthun_1988688092716527_Mis_AM_DR,145799,77.29%,
8T,AR_SP_VF_yshaarj_nzoth_yogg_4013302323469807_IN_IV_DR,145787,77.28%,
8T,AR_SP_VF_nzoth_yogg_cthun_3132867313262079_IN_AM_DR,145753,77.24%,
8T,AR_SP_VF_yshaarj_nzoth_yogg_4013438688157183_IN_IV_ME,145748,77.23%,
8T,AR_SP_VF_yshaarj_nzoth_yogg_4013301316312575_Mis_AM_DR,145737,77.22%,
8T,AR_SW_VF_yshaarj_nzoth_yogg_4013438688157183_Mis_AM_DR,145737,77.22%,
8T,AR_SP_VF_yshaarj_nzoth_yogg_4014409350766079_Mis_AM_ME_DS,145736,77.22%,
8T,AR_SW_VF_nzoth_yogg_cthun_3132858723335679_Mis_AM_ME,145732,77.21%,
8T,AR_EC_VF_yshaarj_nzoth_yogg_4013301316836847_IN_AM_ME,145730,77.21%,
8T,AR_SP_VF_yshaarj_yogg_cthun_1973432368881135_Mis_IV_ME,145727,77.21%,
8T,AR_SW_VF_yshaarj_nzoth_yogg_4014409417874927_Mis_AM_ME_DS,145721,77.20%,
8T,AR_EC_VF_yshaarj_yogg_cthun_1971370717994479_Mis_IV_DR,145719,77.20%,
8T,AR_EC_VF_yshaarj_yogg_cthun_1973432301780463_Mis_IV_ME,145708,77.18%,
8T,AR_SW_VF_yshaarj_nzoth_yogg_4013302390054383_Mis_AM_DR,145704,77.18%,
8T,AR_SP_VF_yshaarj_nzoth_yogg_4013576127110655_IN_IV_ME,145703,77.18%,
8T,AR_SW_VF_yshaarj_nzoth_yogg_4014400760831487_Mis_AM_DR,145699,77.17%,
8T,AR_SW_VF_yshaarj_yogg_cthun_1972332790144511_Mis_IV_ME,145695,77.17%,
8T,AR_SW_VF_nzoth_yogg_cthun_3132859797069311_Mis_AM_DR,145690,77.16%,
8T,AR_SP_VF_nzoth_yogg_cthun_3132875970305519_IN_AM_DR_DS,145690,77.16%,
8T,AR_EC_VF_nzoth_yogg_cthun_3169151196978687_Mis_AM_DR,145682,77.15%,
8T,VW_DH_VW_VF_nzoth_yogg_cthun_3132996304822253_IN_IV_ME,145676,77.14%,
8T,AR_SW_VF_yshaarj_nzoth_yogg_4013851005025775_IN_IV_DR,145673,77.14%,
8T,AR_SW_VF_yshaarj_yogg_cthun_1973432368881135_Mis_IV_ME,145668,77.13%,
8T,AR_EC_VF_yshaarj_yogg_cthun_1988688025607679_Mis_AM_ME,145661,77.13%,
8T,AR_SP_VF_yshaarj_nzoth_yogg_4013318429597167_IN_IV_ME_DS,145661,77.13%,
8T,AR_SW_VF_yshaarj_nzoth_yogg_4014409350774255_Mis_AM_ME_DS,145660,77.12%,
8T,AR_SW_VF_yshaarj_nzoth_yogg_4013310979988975_Mis_IV_DR_DS,145646,77.11%,
8T,AR_EC_VF_yshaarj_yogg_cthun_2043251357244911_Mis_AM_DR,145640,77.10%,
8T,AR_EC_VF_nzoth_yogg_cthun_3169159787437551_Mis_AM_DR_DS,145607,77.06%,
8T,AR_EC_VF_yshaarj_nzoth_yogg_4013310912880127_Mis_AM_ME_DS,145604,77.06%,
8T,AR_EC_VF_yshaarj_nzoth_yogg_4013302322945535_IN_IV_DR,145602,77.05%,
8T,AR_EC_VF_yshaarj_nzoth_yogg_4013447278091775_Mis_AM_DR_DS,145601,77.05%,
8T,AR_EC_VF_yshaarj_nzoth_yogg_4013851005025775_IN_AM_ME,145589,77.04%,
8T,AR_SP_VF_nzoth_yogg_cthun_3169151196986863_IN_IV_DR,145583,77.03%,
8T,AR_SP_VF_yshaarj_nzoth_yogg_4013310979988975_Mis_AM_ME_DS,145569,77.01%,
8T,AR_SP_VF_nzoth_yogg_cthun_3169159854022127_Mis_AM_ME_DS,145560,77.00%,
8T,AR_SP_VF_nzoth_yogg_cthun_3132875903196671_Mis_AM_ME_DS,145547,76.99%,
8T,AR_SP_VF_yshaarj_yogg_cthun_1972332790152687_IN_IV_DR,145547,76.99%,
8T,AR_EC_VF_yshaarj_nzoth_yogg_4013301316320751_IN_AM_ME,145547,76.99%,
8T,AR_EC_VF_yshaarj_yogg_cthun_1973432301772287_Mis_IV_ME,145529,76.97%,
8T,AR_EC_VF_yshaarj_nzoth_yogg_4013438688681455_IN_AM_ME,145511,76.94%,
8T,AR_SP_VF_nzoth_yogg_cthun_3132875970305519_Mis_AM_DR_DS,145505,76.94%,
8T,AR_EC_VF_yshaarj_yogg_cthun_1971233346149871_Mis_IV_ME,145499,76.93%,
8T,AR_SP_VF_yshaarj_nzoth_yogg_4013576194219503_IN_IV_DR,145487,76.91%,
8T,AR_EC_VF_yshaarj_nzoth_yogg_4013310912888303_IN_IV_ME_DS,145486,76.91%,
8T,AR_SP_VF_yshaarj_yogg_cthun_1972332790144511_Mis_IV_ME,145481,76.91%,
8T,AR_SW_VF_yshaarj_nzoth_yogg_4013438755266031_IN_IV_DR,145477,76.90%,
8T,AR_SW_VF_yshaarj_nzoth_yogg_4013301249736175_Mis_AM_ME,145475,76.90%,
8T,AR_SW_VF_yshaarj_nzoth_yogg_4013318429072895_Mis_IV_ME_DS,145470,76.89%,
8T,AR_SW_VF_yshaarj_nzoth_yogg_4014409351290351_Mis_AM_ME_DS,145470,76.89%,
8T,AR_EC_VF_yshaarj_yogg_cthun_1988688025607679_Mis_AM_DR,145468,76.89%,
8T,AR_SP_VF_yshaarj_yogg_cthun_1971370717994479_Mis_IV_ME,145467,76.89%,
8T,AR_SP_VF_yshaarj_nzoth_yogg_4013438755266031_IN_AM_ME,145459,76.88%,
8T,AR_EC_VF_yshaarj_yogg_cthun_1972332857253359_IN_AM_ME,145458,76.88%,
8T,AR_SW_VF_yshaarj_yogg_cthun_2043251290144239_Mis_IV_DR,145445,76.86%,
8T,AR_EC_VF_yshaarj_nzoth_yogg_4013438688165359_IN_AM_DR,145445,76.86%,
8T,AR_SW_VF_yshaarj_nzoth_yogg_4013851005025775_Mis_AM_ME,145432,76.85%,
8T,AR_EC_VF_yshaarj_yogg_cthun_1971234419367407_Mis_IV_ME,145431,76.85%,
8T,AR_SW_VF_yshaarj_nzoth_yogg_4013584784154095_Mis_IV_DR_DS,145427,76.84%,
8T,AR_SW_VF_yshaarj_nzoth_yogg_4013851005017599_Mis_AM_DR,145424,76.84%,
8T,AR_EC_VF_yshaarj_nzoth_yogg_4013302323469807_IN_AM_ME,145381,76.78%,
8T,AR_EC_VF_yshaarj_yogg_cthun_2043259880594927_Mis_IV_DR_DS,145380,76.78%,
8T,AR_SP_VF_yshaarj_yogg_cthun_1973432368881135_Mis_IV_DR,145380,76.78%,
8T,AR_EC_VF_yshaarj_yogg_cthun_1971233346149871_Mis_IV_DR,145365,76.77%,
8T,AR_EC_VF_yshaarj_nzoth_yogg_4013309839670767_Mis_AM_ME_DS,145357,76.76%,
8T,AR_EC_VF_yshaarj_nzoth_yogg_4013310174682607_IN_IV_DR_DS,145356,76.75%,
8T,AR_SP_VF_yshaarj_nzoth_yogg_4013851072126447_IN_AM_ME,145353,76.75%,
8T,AR_EC_VF_yshaarj_nzoth_yogg_4013301249736175_IN_AM_ME,145351,76.75%,
8T,AR_SW_VF_nzoth_yogg_cthun_3169151197502959_IN_IV_ME,145351,76.75%,
8T,AR_SP_VF_yshaarj_nzoth_yogg_4014400760831487_IN_AM_DR,145348,76.74%,
8T,AR_SW_VF_nzoth_yogg_cthun_3169151264087535_IN_IV_ME,145344,76.74%,
8T,AR_SW_VF_yshaarj_nzoth_yogg_4013576127118831_Mis_AM_ME,145336,76.73%,
8T,AR_SP_VF_yshaarj_nzoth_yogg_4013302322945535_Mis_AM_DR,145334,76.73%,
8T,AR_SP_VF_yshaarj_nzoth_yogg_4013576194219503_Mis_AM_ME,145319,76.71%,
8T,AR_EC_VF_yshaarj_nzoth_yogg_4013438688157183_IN_IV_DR,145310,76.70%,
8T,AR_EC_VF_yshaarj_nzoth_yogg_4013309906247167_Mis_AM_ME_DS,145309,76.70%,
8T,AR_SW_VF_nzoth_yogg_cthun_3132858790444527_IN_AM_DR,145307,76.70%,
8T,AR_EC_VF_nzoth_yogg_cthun_3132875903196671_IN_AM_DR_DS,145302,76.69%,
8T,AR_EC_VF_yshaarj_nzoth_yogg_4013318429597167_IN_AM_ME_DS,145302,76.69%,
8T,AR_SW_VF_yshaarj_nzoth_yogg_4013576194219503_IN_IV_ME,145302,76.69%,
8T,AR_SP_VF_nzoth_yogg_cthun_3132858723851775_Mis_AM_DR,145292,76.68%,
8T,AR_SW_VF_yshaarj_nzoth_yogg_4013302322953711_Mis_AM_DR,145292,76.68%,
8T,AR_SP_VF_yshaarj_yogg_cthun_1973432301780463_Mis_IV_DR,145288,76.67%,
8T,AR_SW_VF_yshaarj_nzoth_yogg_4013310913404399_Mis_IV_DR_DS,145277,76.66%,
8T,AR_EC_VF_yshaarj_nzoth_yogg_4013302322945535_IN_AM_ME,145269,76.65%,
8T,AR_SP_VF_yshaarj_yogg_cthun_1988688092716527_Mis_AM_ME,145269,76.65%,
8T,AR_SP_VF_nzoth_yogg_cthun_3169159854022127_Mis_AM_DR_DS,145266,76.64%,
8T,AR_EC_VF_yshaarj_nzoth_yogg_4013302322953711_IN_AM_ME,145264,76.64%,
8T,AR_SP_VF_yshaarj_nzoth_yogg_4013851005541871_IN_AM_ME,145259,76.64%,
8T,AR_EC_VF_yshaarj_yogg_cthun_1972332790668783_IN_IV_DR,145249,76.62%,
8T,AR_SP_VF_nzoth_yogg_cthun_3169151196986863_Mis_AM_DR,145243,76.62%,
8T,AR_EC_VF_yshaarj_yogg_cthun_2043251357244911_Mis_AM_ME,145239,76.61%,
8T,AR_EC_VF_yshaarj_nzoth_yogg_4013438688157183_IN_AM_ME,145232,76.60%,
8T,AR_SW_VF_yshaarj_nzoth_yogg_4013318496181743_IN_IV_ME_DS,145231,76.60%,
8T,AR_EC_VF_yshaarj_nzoth_yogg_4013318429072895_Mis_AM_DR_DS,145216,76.58%,
8T,AR_EC_VF_nzoth_yogg_cthun_3132875903196671_Mis_AM_DR_DS,145212,76.58%,
8T,VW_DH_VW_VF_nzoth_yogg_cthun_3132858932977645_IN_IV_ME,145196,76.56%,
8T,AR_SP_VF_yshaarj_nzoth_yogg_4013318496181743_Mis_AM_ME_DS,145179,76.54%,
8T,AR_SW_VF_yshaarj_nzoth_yogg_4013576194219503_Mis_AM_ME,145173,76.53%,
8T,AR_EC_VF_yshaarj_yogg_cthun_1971234352258559_Mis_IV_ME,145167,76.52%,
8T,AR_SP_VF_yshaarj_yogg_cthun_1971370717994479_Mis_IV_DR,145152,76.51%,
8T,AR_EC_VF_yshaarj_nzoth_yogg_4013318429597167_IN_IV_DR_DS,145145,76.50%,
8T,AR_SW_VF_yshaarj_yogg_cthun_1971370784579055_Mis_IV_ME,145144,76.50%,
8T,AR_SP_VF_yshaarj_nzoth_yogg_4013301249736175_Mis_AM_DR,145134,76.48%,
8T,AR_SW_VF_nzoth_yogg_cthun_3132996162280959_Mis_AM_DR,145127,76.48%,
8T,AR_EC_VF_yshaarj_nzoth_yogg_4014409351290351_IN_AM_DR_DS,145113,76.46%,
8T,AR_EC_VF_yshaarj_nzoth_yogg_4013309839670767_IN_IV_ME_DS,145105,76.45%,
8T,AR_SW_VF_yshaarj_nzoth_yogg_4013301316312575_Mis_AM_ME,145093,76.43%,
8T,AR_SW_VF_yshaarj_nzoth_yogg_4013301249211903_IN_IV_ME,145093,76.43%,
8T,AR_EC_VF_yshaarj_nzoth_yogg_4013309906247167_Mis_AM_DR_DS,145093,76.43%,
8T,AR_SP_VF_yshaarj_nzoth_yogg_4013318429081071_Mis_AM_ME_DS,145092,76.43%,
8T,AR_SP_VF_yshaarj_nzoth_yogg_4013447345200623_IN_IV_ME_DS,145090,76.43%,
8T,AR_SW_VF_nzoth_yogg_cthun_3132867313786351_IN_AM_DR,145087,76.43%,
8T,AR_SP_VF_yshaarj_nzoth_yogg_4013576127634927_IN_IV_DR,145083,76.42%,
8T,AR_SW_VF_yshaarj_yogg_cthun_2043251290660335_Mis_IV_ME,145079,76.42%,
8T,AR_EC_VF_yshaarj_nzoth_yogg_4013584717045247_Mis_IV_DR_DS,145075,76.41%,
8T,AR_SW_VF_yshaarj_yogg_cthun_1972332790668783_Mis_IV_DR,145075,76.41%,
8T,AR_SP_VF_nzoth_yogg_cthun_3169151197502959_IN_IV_ME,145064,76.40%,
8T,AR_EC_VF_yshaarj_nzoth_yogg_4013302322953711_IN_AM_DR,145057,76.39%,
8T,AR_SW_VF_yshaarj_yogg_cthun_2043251357244911_Mis_IV_DR,145054,76.39%,
8T,AR_EC_VF_yshaarj_yogg_cthun_2043259947179503_Mis_IV_ME_DS,145041,76.37%,
8T,AR_SP_VF_yshaarj_yogg_cthun_1971370717478383_Mis_IV_DR,145040,76.37%,
8T,AR_SP_VF_yshaarj_nzoth_yogg_4013310912888303_Mis_AM_ME_DS,145040,76.37%,
8T,AR_SP_VF_nzoth_yogg_cthun_3169151197502959_IN_IV_DR,145037,76.37%,
8T,AR_EC_VF_yshaarj_yogg_cthun_2043251290136063_Mis_IV_DR,145029,76.36%,
8T,AR_SP_VF_yshaarj_nzoth_yogg_4013584717569519_Mis_IV_DR_DS,145027,76.35%,
8T,AR_SW_VF_yshaarj_nzoth_yogg_4013851072126447_IN_IV_DR,145018,76.34%,
8T,AR_SW_VF_yshaarj_nzoth_yogg_4013851005541871_IN_IV_DR,145008,76.33%,
8T,AR_SW_VF_nzoth_yogg_cthun_3169151264087535_Mis_AM_DR,145005,76.33%,
8T,AR_SW_VF_yshaarj_nzoth_yogg_4013302322945535_IN_IV_ME,144996,76.32%,
8T,AR_EC_VF_yshaarj_yogg_cthun_1971233345633775_Mis_IV_ME,144994,76.31%,
8T,AR_SW_VF_yshaarj_nzoth_yogg_4014400827940335_IN_AM_DR,144987,76.31%,
8T,AR_EC_VF_yshaarj_yogg_cthun_1971233614061039_Mis_IV_ME,144977,76.29%,
8T,AR_SP_VF_yshaarj_nzoth_yogg_4013301249727999_IN_IV_ME,144974,76.29%,
8T,AR_SP_VF_nzoth_yogg_cthun_3169159786921455_IN_IV_ME_DS,144970,76.29%,
8T,AR_SP_VF_yshaarj_nzoth_yogg_4013318429597167_Mis_AM_DR_DS,144957,76.27%,
8T,AR_SW_VF_nzoth_yogg_cthun_3169159854022127_Mis_AM_ME_DS,144949,76.26%,
8T,AR_EC_VF_yshaarj_nzoth_yogg_4014409417874927_IN_AM_DR_DS,144942,76.25%,
8T,AR_SP_VF_yshaarj_yogg_cthun_1971233614061039_Mis_IV_ME,144941,76.25%,
8T,AR_EC_VF_yshaarj_nzoth_yogg_4013576127634927_IN_AM_ME,144932,76.24%,
8T,AR_EC_VF_yshaarj_yogg_cthun_2043251290136063_Mis_IV_ME,144920,76.22%,
8T,AR_EC_VF_yshaarj_nzoth_yogg_4013309906255343_IN_IV_DR_DS,144910,76.21%,
8T,AR_SP_VF_yshaarj_yogg_cthun_1972332790144511_Mis_IV_DR,144910,76.21%,
8T,VW_DH_TV_VF_nzoth_yogg_cthun_3132859939610605_IN_IV_DR,144903,76.20%,
8T,AR_SW_VF_yshaarj_yogg_cthun_1971233345633775_Mis_IV_DR,144871,76.17%,
8T,AR_EC_VF_yshaarj_yogg_cthun_1971233279049199_Mis_IV_ME,144870,76.16%,
8T,AR_SP_VF_yshaarj_nzoth_yogg_4013447278091775_Mis_AM_ME_DS,144863,76.15%,
8T,AR_SW_VF_yshaarj_nzoth_yogg_4013301249736175_IN_IV_DR,144845,76.13%,
8T,VW_DH_VW_VF_nzoth_yogg_cthun_3132876045737965_IN_IV_ME_DS,144818,76.10%,
8T,AR_SW_VF_nzoth_yogg_cthun_3132859797069311_IN_AM_DR,144816,76.10%,
8T,AR_SP_VF_nzoth_yogg_cthun_3132858723335679_Mis_AM_DR,144814,76.10%,
8T,AR_SW_VF_nzoth_yogg_cthun_3132867380370927_IN_AM_DR,144811,76.09%,
8T,AR_SP_VF_nzoth_yogg_cthun_3169159786913279_Mis_IV_DR_DS,144808,76.09%,
8T,AR_EC_VF_yshaarj_yogg_cthun_1988688025615855_Mis_AM_ME,144796,76.07%,
8T,AR_EC_VF_yshaarj_nzoth_yogg_4013310979988975_IN_IV_ME_DS,144794,76.07%,
8T,VW_DH_TV_VF_nzoth_yogg_cthun_3150313612959725_IN_IV_ME,144791,76.07%,
8T,AR_SW_VF_yshaarj_nzoth_yogg_4013310912888303_Mis_IV_DR_DS,144785,76.06%,
8T,AR_EC_VF_yshaarj_yogg_cthun_1972332790152687_IN_AM_ME,144784,76.06%,
8T,AR_SW_VF_nzoth_yogg_cthun_3132875903196671_IN_AM_ME_DS,144781,76.05%,
8T,AR_SW_VF_yshaarj_nzoth_yogg_4013302322953711_Mis_AM_ME,144781,76.05%,
8T,AR_SW_VF_yshaarj_nzoth_yogg_4013301316320751_Mis_AM_DR,144780,76.05%,
8T,AR_SW_VF_yshaarj_yogg_cthun_1971370717478383_Mis_IV_ME,144772,76.04%,
8T,AR_EC_VF_yshaarj_nzoth_yogg_4013309839146495_Mis_IV_DR_DS,144759,76.03%,
8T,AR_SW_VF_yshaarj_nzoth_yogg_4013576194219503_Mis_AM_DR,144755,76.02%,
8T,AR_SW_VF_yshaarj_nzoth_yogg_4014409350766079_IN_IV_DR_DS,144744,76.01%,
8T,AR_EC_VF_nzoth_yogg_cthun_3169159786913279_Mis_AM_ME_DS,144734,76.00%,
8T,AR_SW_VF_nzoth_yogg_cthun_3169151196986863_Mis_AM_ME,144733,76.00%,
8T,AR_EC_VF_yshaarj_yogg_cthun_2043251290660335_Mis_AM_DR,144725,75.99%,
8T,AR_SP_VF_yshaarj_nzoth_yogg_4014409350766079_IN_AM_ME_DS,144723,75.98%,
8T,AR_EC_VF_yshaarj_nzoth_yogg_4013318429072895_Mis_AM_ME_DS,144717,75.98%,
8T,AR_SW_VF_yshaarj_nzoth_yogg_4013301316312575_IN_IV_ME,144715,75.98%,
8T,AR_SW_VF_yshaarj_nzoth_yogg_4013318429597167_IN_IV_ME_DS,144715,75.98%,
8T,AR_EC_VF_yshaarj_yogg_cthun_1988688026131951_Mis_AM_ME,144706,75.96%,
8T,AR_EC_VF_yshaarj_nzoth_yogg_4013438755266031_IN_AM_DR,144703,75.96%,
8T,AR_EC_VF_yshaarj_nzoth_yogg_4013447278616047_IN_IV_DR_DS,144699,75.96%,
8T,AR_SW_VF_yshaarj_nzoth_yogg_4013309839662591_Mis_IV_ME_DS,144696,75.95%,
8T,AR_SP_VF_yshaarj_yogg_cthun_2043259947179503_Mis_IV_DR_DS,144696,75.95%,
8T,AR_EC_VF_yshaarj_yogg_cthun_1971233345625599_Mis_IV_ME,144696,75.95%,
8T,AR_SW_VF_yshaarj_nzoth_yogg_4013584717053423_Mis_IV_DR_DS,144689,75.94%,
8T,AR_SP_VF_yshaarj_nzoth_yogg_4013438688681455_IN_AM_ME,144681,75.93%,
8T,AR_SW_VF_yshaarj_nzoth_yogg_4013318429072895_Mis_IV_DR_DS,144679,75.93%,
8T,AR_SW_VF_yshaarj_nzoth_yogg_4013318496181743_Mis_AM_ME_DS,144677,75.93%,
8T,AR_SP_VF_yshaarj_yogg_cthun_1971233345633775_Mis_IV_ME,144662,75.91%,
8T,AR_SP_VF_yshaarj_nzoth_yogg_4013301584748015_IN_AM_ME,144657,75.90%,
8T,AR_EC_VF_yshaarj_yogg_cthun_1971370784579055_Mis_AM_DR,144656,75.90%,
8T,AR_EC_VF_yshaarj_yogg_cthun_1971233278524927_Mis_IV_DR,144649,75.89%,
8T,AR_SP_VF_yshaarj_nzoth_yogg_4013301249727999_Mis_AM_ME,144621,75.86%,
8T,AR_EC_VF_yshaarj_nzoth_yogg_4013309906255343_Mis_AM_DR_DS,144591,75.82%,
8T,AR_SW_VF_yshaarj_nzoth_yogg_4014409351290351_IN_AM_ME_DS,144583,75.82%,
8T,AR_EC_VF_yshaarj_yogg_cthun_1971234419367407_Mis_IV_DR,144581,75.81%,
8T,AR_SW_VF_yshaarj_yogg_cthun_2043251290144239_Mis_IV_ME,144575,75.81%,
8T,AR_SW_VF_yshaarj_nzoth_yogg_4013447345200623_Mis_AM_ME_DS,144571,75.80%,
8T,AR_SP_VF_yshaarj_nzoth_yogg_4013851005017599_IN_AM_ME,144569,75.80%,
8T,VW_DH_TV_VF_nzoth_yogg_cthun_3132867455803373_IN_AM_ME,144560,75.79%,
8T,AR_SW_VF_yshaarj_nzoth_yogg_4013318429081071_IN_IV_ME_DS,144558,75.78%,
8T,AR_SW_VF_yshaarj_nzoth_yogg_4013447278091775_Mis_IV_DR_DS,144557,75.78%,
8T,AR_EC_VF_yshaarj_yogg_cthun_1971234352266735_Mis_IV_ME,144556,75.78%,
8T,AR_EC_VF_yshaarj_nzoth_yogg_4013438688681455_IN_AM_DR,144556,75.78%,
8T,AR_SW_VF_yshaarj_yogg_cthun_1972332790152687_IN_IV_DR,144545,75.77%,
8T,AR_SW_VF_yshaarj_nzoth_yogg_4013851005017599_IN_IV_DR,144545,75.77%,
8T,AR_SW_VF_yshaarj_nzoth_yogg_4013576127118831_IN_IV_DR,144544,75.77%,
8T,AR_EC_VF_yshaarj_nzoth_yogg_4013447278616047_IN_IV_ME_DS,144537,75.76%,
8T,AR_SW_VF_yshaarj_nzoth_yogg_4013584717045247_Mis_IV_ME_DS,144525,75.74%,
8T,AR_EC_VF_yshaarj_nzoth_yogg_4013301316320751_IN_AM_DR,144522,75.74%,
8T,AR_SW_VF_yshaarj_nzoth_yogg_4013584717569519_Mis_IV_ME_DS,144516,75.73%,
8T,AR_SW_VF_yshaarj_nzoth_yogg_4013438688157183_IN_IV_ME,144510,75.73%,
8T,AR_SP_VF_yshaarj_nzoth_yogg_4013576127118831_Mis_AM_DR,144508,75.72%,
8T,AR_SW_VF_nzoth_yogg_cthun_3132858790436351_Mis_AM_DR,144491,75.70%,
8T,AR_SP_VF_yshaarj_nzoth_yogg_4014409350774255_Mis_AM_DR_DS,144487,75.70%,
8T,AR_EC_VF_yshaarj_yogg_cthun_1972332790152687_Mis_AM_ME,144485,75.70%,
8T,VW_DH_TV_VF_nzoth_yogg_cthun_3132858866393069_IN_AM_ME,144477,75.69%,
8T,AR_SW_VF_yshaarj_yogg_cthun_1973432301780463_Mis_IV_ME,144470,75.68%,
8T,AR_EC_VF_yshaarj_nzoth_yogg_4013447278099951_IN_IV_DR_DS,144469,75.68%,
8T,AR_SW_VF_yshaarj_yogg_cthun_1988688025607679_Mis_IV_DR,144454,75.66%,
8T,AR_EC_VF_yshaarj_nzoth_yogg_4013576127118831_IN_AM_DR,144437,75.64%,
8T,AR_EC_VF_yshaarj_yogg_cthun_1971234352266735_Mis_IV_DR,144431,75.63%,
8T,AR_EC_VF_yshaarj_yogg_cthun_2043259880594927_Mis_IV_ME_DS,144431,75.63%,
8T,AR_SP_VF_yshaarj_nzoth_yogg_4013301249727999_Mis_AM_DR,144430,75.63%,
8T,AR_SW_VF_yshaarj_nzoth_yogg_4013576127634927_Mis_AM_DR,144424,75.62%,
8T,AR_SW_VF_yshaarj_nzoth_yogg_4013309839670767_Mis_IV_DR_DS,144410,75.60%,
8T,AR_SP_VF_yshaarj_nzoth_yogg_4013310912888303_IN_IV_ME_DS,144405,75.60%,
8T,AR_SP_VF_yshaarj_nzoth_yogg_4013318496181743_IN_IV_DR_DS,144401,75.59%,
8T,AR_SW_VF_yshaarj_nzoth_yogg_4013301316320751_IN_IV_DR,144397,75.59%,
8T,AR_SP_VF_yshaarj_nzoth_yogg_4014409350774255_IN_AM_DR_DS,144381,75.57%,
8T,AR_SW_VF_yshaarj_yogg_cthun_1973432302296559_Mis_IV_DR,144381,75.57%,
8T,AR_EC_VF_yshaarj_nzoth_yogg_4013584717053423_IN_IV_ME_DS,144376,75.56%,
8T,AR_EC_VF_yshaarj_yogg_cthun_1973432301772287_Mis_IV_DR,144374,75.56%,
8T,AR_SW_VF_yshaarj_yogg_cthun_1971233614061039_Mis_IV_ME,144365,75.55%,
8T,AR_SP_VF_nzoth_yogg_cthun_3132867313262079_Mis_AM_DR,144356,75.54%,
8T,AR_SW_VF_yshaarj_nzoth_yogg_4013301249727999_Mis_AM_ME,144354,75.54%,
8T,AR_SP_VF_yshaarj_nzoth_yogg_4013576127110655_Mis_AM_DR,144348,75.53%,
8T,AR_SP_VF_yshaarj_nzoth_yogg_4013309906771439_Mis_AM_DR_DS,144348,75.53%,
8T,AR_EC_VF_yshaarj_nzoth_yogg_4013301316312575_IN_IV_DR,144344,75.52%,
8T,AR_EC_VF_nzoth_yogg_cthun_3169159786921455_Mis_AM_DR_DS,144341,75.52%,
8T,AR_SW_VF_yshaarj_nzoth_yogg_4013576127110655_IN_IV_ME,144337,75.52%,
8T,AR_SP_VF_yshaarj_yogg_cthun_1971370717478383_Mis_IV_ME,144318,75.49%,
8T,AR_SP_VF_yshaarj_nzoth_yogg_4013301249211903_IN_IV_DR,144317,75.49%,
8T,AR_SW_VF_yshaarj_nzoth_yogg_4013584717569519_Mis_IV_DR_DS,144316,75.49%,
8T,AR_SP_VF_yshaarj_nzoth_yogg_4013309906255343_IN_IV_ME_DS,144316,75.49%,
8T,AR_EC_VF_yshaarj_yogg_cthun_1971233279049199_Mis_IV_DR,144310,75.48%,
8T,AR_EC_VF_nzoth_yogg_cthun_3169151196978687_IN_IV_ME,144279,75.44%,
8T,VW_DH_TV_VF_nzoth_yogg_cthun_3132859939610605_IN_AM_ME,144277,75.44%,
8T,AR_SP_VF_nzoth_yogg_cthun_3132875903204847_IN_AM_DR_DS,144271,75.44%,
8T,AR_EC_VF_yshaarj_nzoth_yogg_4013318429072895_IN_IV_ME_DS,144262,75.42%,
8T,AR_SP_VF_yshaarj_nzoth_yogg_4013309839662591_Mis_IV_DR_DS,144261,75.42%,
8T,AR_SP_VF_yshaarj_yogg_cthun_1973432301772287_Mis_IV_ME,144260,75.42%,
8T,AR_SP_VF_yshaarj_nzoth_yogg_4013309906247167_Mis_AM_ME_DS,144256,75.42%,
8T,VW_DH_VW_VF_yshaarj_nzoth_yogg_3977567263842285_IN_AM_DR,144256,75.42%,
8T,AR_SP_VF_yshaarj_nzoth_yogg_4013447278099951_IN_IV_DR_DS,144238,75.40%,
8T,AR_SP_VF_yshaarj_nzoth_yogg_4013584784154095_Mis_AM_ME_DS,144231,75.39%,
8T,AR_SP_VF_yshaarj_yogg_cthun_1972332857253359_Mis_AM_ME,144219,75.37%,
8T,AR_SW_VF_yshaarj_nzoth_yogg_4013302390054383_IN_IV_DR,144215,75.37%,
8T,AR_SP_VF_yshaarj_yogg_cthun_1973432302296559_Mis_IV_DR,144210,75.36%,
8T,AR_EC_VF_yshaarj_nzoth_yogg_4013310979988975_IN_IV_DR_DS,144208,75.36%,
8T,AR_EC_VF_nzoth_yogg_cthun_3169159854022127_IN_IV_ME_DS,144206,75.36%,
8T,AR_SP_VF_yshaarj_nzoth_yogg_4013301316836847_IN_AM_ME,144204,75.35%,
8T,AR_SP_VF_yshaarj_yogg_cthun_1972332790668783_IN_IV_DR,144197,75.35%,
8T,AR_SP_VF_yshaarj_yogg_cthun_1972332857253359_IN_IV_DR,144193,75.34%,
8T,AR_SW_VF_yshaarj_nzoth_yogg_4013447278099951_Mis_AM_ME_DS,144177,75.32%,
8T,AR_EC_VF_yshaarj_nzoth_yogg_4013310913404399_IN_IV_DR_DS,144177,75.32%,
8T,AR_EC_VF_yshaarj_nzoth_yogg_4013318429081071_Mis_AM_DR_DS,144175,75.32%,
8T,AR_EC_VF_yshaarj_nzoth_yogg_4013301584748015_IN_AM_DR,144166,75.31%,
8T,AR_EC_VF_yshaarj_nzoth_yogg_4013310913404399_Mis_AM_DR_DS,144166,75.31%,
8T,AR_SP_VF_nzoth_yogg_cthun_3132875903204847_Mis_AM_DR_DS,144164,75.31%,
8T,AR_EC_VF_yshaarj_nzoth_yogg_4013309906771439_IN_IV_DR_DS,144157,75.30%,
8T,AR_SW_VF_yshaarj_nzoth_yogg_4013301249736175_Mis_AM_DR,144149,75.29%,
8T,AR_SW_VF_yshaarj_nzoth_yogg_4013447278616047_Mis_AM_ME_DS,144136,75.27%,
8T,AR_SW_VF_nzoth_yogg_cthun_3169151197502959_Mis_AM_DR,144117,75.25%,
8T,AR_SP_VF_yshaarj_nzoth_yogg_4013576127110655_Mis_AM_ME,144096,75.22%,
8T,AR_SP_VF_yshaarj_nzoth_yogg_4013447278099951_IN_IV_ME_DS,144095,75.22%,
8T,AR_SW_VF_yshaarj_nzoth_yogg_4013318429597167_Mis_AM_ME_DS,144095,75.22%,
8T,AR_SW_VF_yshaarj_nzoth_yogg_4013851005025775_Mis_AM_DR,144092,75.22%,
8T,AR_EC_VF_yshaarj_yogg_cthun_1988688092716527_IN_IV_ME,144088,75.21%,
8T,AR_EC_VF_yshaarj_nzoth_yogg_4013310913404399_IN_IV_ME_DS,144082,75.21%,
8T,AR_SP_VF_yshaarj_nzoth_yogg_4013309906255343_Mis_AM_ME_DS,144074,75.20%,
8T,AR_SW_VF_yshaarj_nzoth_yogg_4013301316836847_IN_IV_DR,144071,75.19%,
8T,AR_SP_VF_yshaarj_yogg_cthun_2043259947179503_Mis_IV_ME_DS,144070,75.19%,
8T,AR_EC_VF_yshaarj_yogg_cthun_1972332790668783_Mis_AM_ME,144055,75.17%,
8T,VW_DH_VW_VF_nzoth_yogg_cthun_3132859939610605_IN_AM_ME,144049,75.17%,
8T,AR_EC_VF_yshaarj_nzoth_yogg_4013310912888303_IN_IV_DR_DS,144045,75.16%,
8T,AR_EC_VF_yshaarj_nzoth_yogg_4013302323469807_IN_AM_DR,144029,75.14%,
8T,AR_SP_VF_yshaarj_yogg_cthun_1971233614061039_Mis_IV_DR,144029,75.14%,
8T,AR_SW_VF_yshaarj_yogg_cthun_1973432302296559_Mis_IV_ME,144028,75.14%,
8T,AR_SP_VF_yshaarj_nzoth_yogg_4013318429597167_Mis_AM_ME_DS,144028,75.14%,
8T,AR_SP_VF_yshaarj_nzoth_yogg_4013584717045247_Mis_IV_DR_DS,144027,75.14%,
8T,AR_SP_VF_yshaarj_nzoth_yogg_4013318429081071_IN_IV_DR_DS,144022,75.13%,
8T,AR_SW_VF_yshaarj_nzoth_yogg_4013302322945535_Mis_AM_ME,144011,75.12%,
8T,AR_SW_VF_yshaarj_yogg_cthun_1971233345633775_Mis_IV_ME,144005,75.11%,
8T,AR_SP_VF_yshaarj_yogg_cthun_1971370717470207_Mis_IV_ME,144005,75.11%,
8T,AR_EC_VF_yshaarj_yogg_cthun_1972332790668783_Mis_AM_DR,144004,75.11%,
8T,AR_SP_VF_yshaarj_nzoth_yogg_4013310979988975_IN_IV_ME_DS,143996,75.10%,
8T,AR_SP_VF_yshaarj_yogg_cthun_1971233346149871_Mis_IV_DR,143987,75.09%,
8T,AR_SW_VF_yshaarj_nzoth_yogg_4013447345200623_Mis_AM_DR_DS,143986,75.09%,
8T,AR_EC_VF_yshaarj_nzoth_yogg_4013309839146495_Mis_AM_ME_DS,143981,75.08%,
8T,AR_EC_VF_yshaarj_yogg_cthun_2043251290144239_IN_IV_ME,143978,75.08%,
8T,AR_EC_VF_yshaarj_yogg_cthun_1971233279041023_Mis_IV_ME,143963,75.06%,
8T,AR_SW_VF_nzoth_yogg_cthun_3169151196978687_Mis_AM_ME,143958,75.05%,
8T,AR_SP_VF_yshaarj_nzoth_yogg_4013310174682607_IN_IV_DR_DS,143950,75.05%,
8T,AR_SP_VF_yshaarj_nzoth_yogg_4013310913404399_Mis_AM_ME_DS,143949,75.04%,
8T,AR_SW_VF_nzoth_yogg_cthun_3132867313270255_Mis_AM_DR,143945,75.04%,
8T,AR_SP_VF_yshaarj_nzoth_yogg_4013447278616047_IN_IV_DR_DS,143945,75.04%,
8T,AR_SW_VF_yshaarj_nzoth_yogg_4013309906247167_Mis_IV_DR_DS,143939,75.03%,
8T,AR_SP_VF_yshaarj_yogg_cthun_2043251357244911_Mis_AM_DR,143938,75.03%,
8T,AR_SP_VF_yshaarj_yogg_cthun_1973432301780463_Mis_IV_ME,143933,75.02%,
8T,AR_EC_VF_yshaarj_yogg_cthun_1971233345625599_Mis_IV_DR,143931,75.02%,
8T,AR_SP_VF_yshaarj_nzoth_yogg_4013438688157183_IN_IV_DR,143925,75.01%,
8T,AR_SW_VF_yshaarj_nzoth_yogg_4013302322945535_Mis_AM_DR,143923,75.01%,
8T,AR_SW_VF_yshaarj_nzoth_yogg_4013438688157183_IN_IV_DR,143920,75.01%,
8T,AR_SP_VF_yshaarj_nzoth_yogg_4013309839670767_IN_IV_ME_DS,143915,75.00%,
8T,AR_SP_VF_yshaarj_nzoth_yogg_4013310979988975_Mis_AM_DR_DS,143913,75.00%,
8T,AR_EC_VF_yshaarj_yogg_cthun_2043251290144239_Mis_AM_ME,143906,74.99%,
8T,AR_SW_VF_yshaarj_yogg_cthun_1971233279049199_Mis_IV_DR,143905,74.99%,
8T,VW_DH_VW_VF_nzoth_yogg_cthun_3132867455803373_IN_IV_DR,143896,74.98%,
8T,AR_EC_VF_nzoth_yogg_cthun_3169159854022127_IN_IV_DR_DS,143893,74.98%,
8T,AR_EC_VF_yshaarj_nzoth_yogg_4013309839670767_IN_IV_DR_DS,143891,74.97%,
8T,AR_SW_VF_nzoth_yogg_cthun_3132867313270255_IN_AM_DR,143891,74.97%,
8T,AR_SW_VF_yshaarj_nzoth_yogg_4013438688681455_IN_IV_DR,143890,74.97%,
8T,AR_SP_VF_yshaarj_nzoth_yogg_4013447278099951_Mis_AM_DR_DS,143878,74.96%,
8T,AR_SP_VF_yshaarj_nzoth_yogg_4013309839146495_Mis_IV_DR_DS,143861,74.94%,
8T,AR_EC_VF_yshaarj_yogg_cthun_2043251290144239_IN_IV_DR,143852,74.93%,
8T,AR_SW_VF_yshaarj_yogg_cthun_1973432368881135_Mis_IV_DR,143846,74.92%,
8T,AR_SW_VF_yshaarj_yogg_cthun_1971370717994479_Mis_IV_ME,143840,74.91%,
8T,AR_SP_VF_yshaarj_nzoth_yogg_4013447278616047_IN_IV_ME_DS,143826,74.89%,
8T,AR_SW_VF_nzoth_yogg_cthun_3150313470418431_IN_AM_DR,143822,74.89%,
8T,AR_SP_VF_nzoth_yogg_cthun_3169151196978687_IN_IV_ME,143820,74.89%,
8T,AR_EC_VF_yshaarj_nzoth_yogg_4013584717569519_Mis_AM_DR_DS,143820,74.89%,
8T,AR_SW_VF_yshaarj_yogg_cthun_1971370717478383_Mis_IV_DR,143807,74.87%,
8T,AR_SW_VF_nzoth_yogg_cthun_3132875903196671_Mis_AM_ME_DS,143804,74.87%,
8T,AR_EC_VF_yshaarj_nzoth_yogg_4013447278091775_IN_IV_ME_DS,143786,74.85%,
8T,AR_SP_VF_yshaarj_yogg_cthun_2043259880594927_Mis_IV_DR_DS,143780,74.84%,
8T,AR_EC_VF_yshaarj_yogg_cthun_1971250525494767_Mis_IV_ME_DS,143765,74.82%,
8T,AR_SP_VF_yshaarj_nzoth_yogg_4013309839670767_Mis_AM_ME_DS,143759,74.81%,
8T,AR_SW_VF_yshaarj_nzoth_yogg_4013310912880127_Mis_IV_DR_DS,143753,74.81%,
8T,AR_SW_VF_yshaarj_yogg_cthun_1971370784579055_Mis_IV_DR,143747,74.80%,
8T,AR_SW_VF_yshaarj_yogg_cthun_1971233279049199_Mis_IV_ME,143725,74.77%,
8T,AR_EC_VF_yshaarj_nzoth_yogg_4013301249727999_IN_IV_DR,143724,74.77%,
8T,AR_SW_VF_yshaarj_yogg_cthun_1972332790668783_IN_IV_DR,143722,74.77%,
8T,AR_SW_VF_yshaarj_nzoth_yogg_4013301249211903_Mis_AM_ME,143717,74.76%,
8T,AR_SW_VF_yshaarj_yogg_cthun_1972332790144511_IN_IV_DR,143708,74.75%,
8T,AR_EC_VF_yshaarj_nzoth_yogg_4013302390054383_IN_AM_DR,143706,74.75%,
8T,AR_SW_VF_yshaarj_nzoth_yogg_4013318496181743_Mis_AM_DR_DS,143686,74.72%,
8T,AR_EC_VF_yshaarj_yogg_cthun_1971234352782831_Mis_IV_ME,143676,74.71%,
8T,AR_EC_VF_yshaarj_yogg_cthun_1973432368881135_Mis_AM_DR,143674,74.71%,
8T,AR_EC_VF_yshaarj_nzoth_yogg_4013310912880127_Mis_AM_DR_DS,143670,74.70%,
8T,AR_EC_VF_yshaarj_nzoth_yogg_4013309906771439_IN_IV_ME_DS,143667,74.70%,
8T,AR_EC_VF_yshaarj_nzoth_yogg_4013309839662591_Mis_AM_ME_DS,143665,74.70%,
8T,AR_SW_VF_yshaarj_nzoth_yogg_4013301584748015_IN_IV_DR,143663,74.70%,
8T,AR_EC_VF_yshaarj_nzoth_yogg_4013576127118831_IN_AM_ME,143662,74.69%,
8T,AR_EC_VF_yshaarj_nzoth_yogg_4013851072126447_IN_AM_DR,143643,74.67%,
8T,AR_EC_VF_yshaarj_yogg_cthun_2043251290660335_Mis_AM_ME,143643,74.67%,
8T,AR_SP_VF_nzoth_yogg_cthun_3169159786921455_IN_IV_DR_DS,143629,74.65%,
8T,AR_EC_VF_nzoth_yogg_cthun_3169159787437551_IN_IV_DR_DS,143624,74.65%,
8T,AR_EC_VF_yshaarj_nzoth_yogg_4013851005541871_IN_AM_DR,143622,74.65%,
8T,AR_SP_VF_yshaarj_nzoth_yogg_4013302390054383_IN_AM_ME,143616,74.64%,
8T,AR_SP_VF_yshaarj_nzoth_yogg_4013447278091775_IN_IV_ME_DS,143616,74.64%,
8T,AR_SP_VF_yshaarj_nzoth_yogg_4013584717053423_Mis_AM_ME_DS,143612,74.63%,
8T,VW_DH_TV_VF_nzoth_yogg_cthun_3132858866393069_IN_IV_DR,143608,74.63%,
8T,AR_SP_VF_yshaarj_nzoth_yogg_4013309906771439_IN_IV_ME_DS,143602,74.62%,
8T,AR_EC_VF_nzoth_yogg_cthun_3169159787437551_IN_IV_ME_DS,143582,74.60%,
8T,AR_SP_VF_yshaarj_nzoth_yogg_4013584717569519_Mis_AM_ME_DS,143577,74.59%,
8T,AR_SP_VF_yshaarj_nzoth_yogg_4013447345200623_IN_IV_DR_DS,143575,74.59%,
8T,AR_EC_VF_yshaarj_yogg_cthun_1988688025615855_Mis_AM_DR,143561,74.57%,
8T,AR_SP_VF_yshaarj_nzoth_yogg_4013584717053423_IN_IV_ME_DS,143561,74.57%,
8T,AR_SP_VF_yshaarj_nzoth_yogg_4013318429597167_IN_IV_DR_DS,143558,74.57%,
8T,AR_EC_VF_yshaarj_yogg_cthun_1971370784579055_Mis_AM_ME,143544,74.55%,
8T,AR_EC_VF_yshaarj_yogg_cthun_1971234352782831_Mis_IV_DR,143544,74.55%,
8T,AR_EC_VF_yshaarj_yogg_cthun_1988688026131951_IN_IV_ME,143541,74.55%,
8T,VW_DH_TV_VF_nzoth_yogg_cthun_3132867455803373_IN_IV_DR,143520,74.52%,
8T,AR_SW_VF_yshaarj_nzoth_yogg_4013302323469807_IN_IV_DR,143520,74.52%,
8T,AR_SW_VF_yshaarj_yogg_cthun_2043251290660335_Mis_IV_DR,143518,74.52%,
8T,AR_SW_VF_yshaarj_nzoth_yogg_4014409417874927_Mis_AM_DR_DS,143508,74.51%,
8T,AR_EC_VF_yshaarj_yogg_cthun_1972332790144511_IN_IV_DR,143506,74.50%,
8T,AR_SW_VF_nzoth_yogg_cthun_3132858723851775_Mis_AM_DR,143501,74.50%,
8T,AR_SW_VF_yshaarj_nzoth_yogg_4014409350774255_IN_AM_ME_DS,143488,74.48%,
8T,AR_EC_VF_nzoth_yogg_cthun_3169151264087535_IN_AM_ME,143483,74.48%,
8T,AR_SP_VF_nzoth_yogg_cthun_3169159854022127_IN_IV_ME_DS,143476,74.47%,
8T,AR_SW_VF_nzoth_yogg_cthun_3132875903720943_Mis_AM_DR_DS,143465,74.46%,
8T,AR_SP_VF_yshaarj_yogg_cthun_1973432302296559_Mis_IV_ME,143462,74.45%,
8T,AR_SP_VF_yshaarj_yogg_cthun_2043259880078831_Mis_IV_ME_DS,143459,74.45%,
8T,AR_SW_VF_yshaarj_nzoth_yogg_4014400760831487_IN_AM_DR,143453,74.44%,
8T,AR_EC_VF_yshaarj_nzoth_yogg_4013318496181743_IN_AM_ME_DS,143449,74.44%,
8T,AR_SW_VF_nzoth_yogg_cthun_3132996162280959_IN_AM_DR,143427,74.41%,
8T,AR_EC_VF_yshaarj_yogg_cthun_2043259880078831_Mis_IV_DR_DS,143414,74.39%,
8T,AR_SP_VF_nzoth_yogg_cthun_3169159787437551_IN_IV_ME_DS,143405,74.38%,
8T,AR_EC_VF_nzoth_yogg_cthun_3169159786913279_Mis_AM_DR_DS,143404,74.38%,
8T,AR_EC_VF_yshaarj_yogg_cthun_1972332790144511_Mis_AM_ME,143396,74.37%,
8T,AR_SP_VF_yshaarj_nzoth_yogg_4013851005025775_IN_AM_ME,143392,74.37%,
8T,AR_SP_VF_yshaarj_nzoth_yogg_4013302322945535_IN_IV_DR,143379,74.35%,
8T,AR_SW_VF_yshaarj_yogg_cthun_1972332857253359_IN_IV_DR,143378,74.35%,
8T,AR_SW_VF_yshaarj_nzoth_yogg_4013584784154095_Mis_AM_ME_DS,143374,74.34%,
8T,AR_EC_VF_yshaarj_yogg_cthun_1973432368881135_Mis_AM_ME,143371,74.34%,
8T,AR_SP_VF_yshaarj_yogg_cthun_2043251290136063_Mis_IV_ME,143364,74.33%,
8T,AR_EC_VF_yshaarj_nzoth_yogg_4013584717569519_Mis_AM_ME_DS,143362,74.33%,
8T,AR_SP_VF_nzoth_yogg_cthun_3169159787437551_IN_IV_DR_DS,143357,74.32%,
8T,AR_EC_VF_yshaarj_nzoth_yogg_4013310912888303_Mis_AM_DR_DS,143351,74.32%,
8T,AR_SP_VF_yshaarj_yogg_cthun_2043251290136063_Mis_IV_DR,143351,74.32%,
8T,AR_EC_VF_yshaarj_yogg_cthun_1971250458394095_Mis_IV_DR_DS,143338,74.30%,
8T,AR_EC_VF_yshaarj_yogg_cthun_1972332857253359_Mis_AM_DR,143337,74.30%,
8T,AR_SW_VF_yshaarj_yogg_cthun_1988688092716527_Mis_AM_DR,143335,74.30%,
8T,AR_SP_VF_yshaarj_nzoth_yogg_4013302323469807_IN_AM_ME,143331,74.29%,
8T,AR_SP_VF_yshaarj_nzoth_yogg_4013310174682607_IN_IV_ME_DS,143327,74.29%,
8T,AR_EC_VF_yshaarj_nzoth_yogg_4013301316312575_IN_AM_ME,143318,74.28%,
8T,AR_SP_VF_yshaarj_nzoth_yogg_4013584784154095_Mis_AM_DR_DS,143317,74.28%,
8T,AR_EC_VF_nzoth_yogg_cthun_3169151196986863_IN_AM_ME,143314,74.27%,
8T,AR_EC_VF_yshaarj_nzoth_yogg_4013301249736175_IN_AM_DR,143307,74.26%,
8T,AR_SP_VF_yshaarj_nzoth_yogg_4013447278091775_Mis_AM_DR_DS,143307,74.26%,
8T,AR_EC_VF_nzoth_yogg_cthun_3169151197502959_IN_AM_ME,143297,74.25%,
8T,AR_SP_VF_yshaarj_nzoth_yogg_4013310913404399_IN_IV_ME_DS,143291,74.24%,
8T,VW_DH_VW_VF_nzoth_yogg_cthun_3150313612959725_IN_IV_ME,143291,74.24%,
8T,AR_SP_VF_yshaarj_yogg_cthun_1971233279049199_Mis_IV_DR,143282,74.23%,
8T,VW_DH_TV_VF_nzoth_yogg_cthun_3132858865876973_IN_IV_DR,143270,74.22%,
8T,AR_SW_VF_yshaarj_nzoth_yogg_4013851005541871_IN_AM_ME,143255,74.20%,
8T,AR_SP_VF_yshaarj_yogg_cthun_1988688025615855_Mis_AM_ME,143248,74.19%,
8T,AR_SW_VF_nzoth_yogg_cthun_3169159786913279_Mis_IV_DR_DS,143245,74.19%,
8T,AR_SW_VF_yshaarj_yogg_cthun_1971370717470207_Mis_IV_DR,143243,74.18%,
8T,AR_EC_VF_nzoth_yogg_cthun_3169159786921455_IN_IV_DR_DS,143235,74.18%,
8T,AR_EC_VF_yshaarj_nzoth_yogg_4013318429081071_IN_AM_ME_DS,143235,74.18%,
8T,AR_SP_VF_yshaarj_nzoth_yogg_4013301316320751_IN_AM_ME,143233,74.17%,
8T,AR_SP_VF_nzoth_yogg_cthun_3132875903196671_IN_AM_DR_DS,143231,74.17%,
8T,AR_SP_VF_yshaarj_nzoth_yogg_4013576194219503_IN_AM_ME,143228,74.17%,
8T,AR_EC_VF_yshaarj_nzoth_yogg_4013576194219503_IN_AM_DR,143213,74.15%,
8T,AR_SW_VF_nzoth_yogg_cthun_3132867313262079_Mis_AM_DR,143212,74.15%,
8T,AR_SP_VF_yshaarj_nzoth_yogg_4013309906255343_IN_IV_DR_DS,143205,74.14%,
8T,AR_SP_VF_nzoth_yogg_cthun_3169151196978687_Mis_AM_DR,143203,74.14%,
8T,AR_SP_VF_nzoth_yogg_cthun_3169159786913279_Mis_AM_ME_DS,143201,74.13%,
8T,AR_SW_VF_yshaarj_nzoth_yogg_4014409417874927_IN_AM_ME_DS,143198,74.13%,
8T,AR_EC_VF_yshaarj_nzoth_yogg_4013576127110655_IN_IV_DR,143188,74.12%,
8T,AR_SW_VF_nzoth_yogg_cthun_3132875903720943_IN_AM_DR_DS,143181,74.11%,
8T,AR_EC_VF_yshaarj_yogg_cthun_1988688025615855_IN_IV_ME,143179,74.11%,
8T,AR_SW_VF_yshaarj_yogg_cthun_2043251290136063_Mis_IV_ME,143176,74.10%,
8T,AR_EC_VF_yshaarj_nzoth_yogg_4013584784154095_IN_IV_ME_DS,143175,74.10%,
8T,AR_SW_VF_yshaarj_nzoth_yogg_4013318429081071_Mis_AM_ME_DS,143164,74.09%,
8T,AR_SW_VF_yshaarj_nzoth_yogg_4013301249727999_IN_IV_ME,143152,74.07%,
8T,AR_SP_VF_yshaarj_nzoth_yogg_4013318429081071_Mis_AM_DR_DS,143149,74.07%,
8T,AR_EC_VF_yshaarj_nzoth_yogg_4013309839662591_Mis_AM_DR_DS,143133,74.05%,
8T,AR_SW_VF_nzoth_yogg_cthun_3132875970305519_Mis_AM_DR_DS,143126,74.04%,
8T,AR_SP_VF_nzoth_yogg_cthun_3169159854022127_IN_IV_DR_DS,143125,74.04%,
8T,AR_SW_VF_yshaarj_nzoth_yogg_4013310174682607_Mis_AM_ME_DS,143122,74.04%,
8T,AR_SP_VF_yshaarj_yogg_cthun_1971233345633775_Mis_IV_DR,143121,74.04%,
8T,AR_SW_VF_yshaarj_nzoth_yogg_4013302322945535_IN_IV_DR,143121,74.04%,
8T,AR_EC_VF_yshaarj_yogg_cthun_1973432302296559_Mis_AM_DR,143119,74.03%,
8T,AR_SP_VF_yshaarj_nzoth_yogg_4014409350766079_Mis_AM_DR_DS,143109,74.02%,
8T,AR_SW_VF_yshaarj_yogg_cthun_1971370717994479_Mis_IV_DR,143108,74.02%,
8T,AR_SP_VF_yshaarj_nzoth_yogg_4013318429072895_Mis_AM_ME_DS,143102,74.01%,
8T,VW_DH_VW_VF_nzoth_yogg_cthun_3132859939610605_IN_IV_DR,143099,74.01%,
8T,AR_SW_VF_yshaarj_nzoth_yogg_4013447345200623_IN_IV_DR_DS,143099,74.01%,
8T,AR_SW_VF_yshaarj_yogg_cthun_1973432301772287_Mis_IV_ME,143091,74.00%,
8T,AR_SW_VF_nzoth_yogg_cthun_3169159786921455_Mis_AM_ME_DS,143088,74.00%,
8T,AR_EC_VF_yshaarj_nzoth_yogg_4013301249727999_IN_AM_ME,143083,73.99%,
8T,AR_SP_VF_yshaarj_yogg_cthun_1972332790668783_Mis_AM_ME,143083,73.99%,
8T,AR_EC_VF_yshaarj_yogg_cthun_1971233614061039_Mis_AM_DR,143074,73.98%,
8T,AR_SW_VF_yshaarj_nzoth_yogg_4013318429081071_IN_IV_DR_DS,143069,73.97%,
8T,AR_EC_VF_yshaarj_nzoth_yogg_4013301316836847_IN_AM_DR,143063,73.97%,
8T,AR_EC_VF_yshaarj_nzoth_yogg_4013584717045247_Mis_AM_ME_DS,143058,73.96%,
8T,AR_EC_VF_yshaarj_nzoth_yogg_4013301249211903_IN_AM_ME,143050,73.95%,
8T,AR_SP_VF_yshaarj_yogg_cthun_1971234419367407_Mis_IV_DR,143040,73.94%,
8T,AR_SP_VF_yshaarj_nzoth_yogg_4013310912880127_IN_IV_ME_DS,143040,73.94%,
8T,AR_EC_VF_yshaarj_yogg_cthun_1971233279041023_Mis_IV_DR,143037,73.93%,
8T,AR_SP_VF_yshaarj_yogg_cthun_1988688025615855_IN_IV_ME,143032,73.93%,
8T,AR_SW_VF_yshaarj_yogg_cthun_1971233278524927_Mis_IV_DR,143030,73.93%,
8T,AR_EC_VF_yshaarj_yogg_cthun_1972332790144511_Mis_AM_DR,143020,73.91%,
8T,AR_SP_VF_yshaarj_nzoth_yogg_4014409417874927_IN_AM_DR_DS,143014,73.91%,
8T,AR_SP_VF_yshaarj_nzoth_yogg_4013302322953711_IN_AM_ME,142988,73.87%,
8T,VW_DH_VW_VF_nzoth_yogg_cthun_3132858866393069_IN_IV_DR,142981,73.87%,
8T,AR_SP_VF_yshaarj_yogg_cthun_1988688025607679_Mis_AM_ME,142979,73.86%,
8T,AR_SP_VF_yshaarj_yogg_cthun_2043251357244911_Mis_AM_ME,142974,73.86%,
8T,AR_SP_VF_yshaarj_nzoth_yogg_4014409351290351_IN_AM_DR_DS,142969,73.85%,
8T,AR_EC_VF_yshaarj_yogg_cthun_1972332790144511_IN_AM_ME,142950,73.83%,
8T,AR_EC_VF_yshaarj_nzoth_yogg_4013851005017599_IN_AM_DR,142944,73.82%,
8T,AR_SW_VF_nzoth_yogg_cthun_3169159787437551_Mis_AM_ME_DS,142936,73.81%,
8T,AR_SP_VF_yshaarj_yogg_cthun_1971234352266735_Mis_IV_DR,142936,73.81%,
8T,AR_SP_VF_yshaarj_yogg_cthun_1971370717470207_Mis_IV_DR,142926,73.80%,
8T,AR_SW_VF_yshaarj_nzoth_yogg_4013438755266031_IN_AM_ME,142919,73.79%,
8T,AR_SP_VF_yshaarj_nzoth_yogg_4013309906247167_Mis_AM_DR_DS,142906,73.78%,
8T,AR_EC_VF_yshaarj_nzoth_yogg_4013309839662591_IN_IV_ME_DS,142902,73.77%,
8T,AR_SW_VF_nzoth_yogg_cthun_3169151196986863_IN_IV_ME,142901,73.77%,
8T,AR_SW_VF_nzoth_yogg_cthun_3132875903204847_IN_AM_DR_DS,142895,73.76%,
8T,AR_SP_VF_yshaarj_nzoth_yogg_4013301249211903_Mis_AM_DR,142883,73.75%,
8T,AR_SW_VF_yshaarj_nzoth_yogg_4013318429597167_Mis_AM_DR_DS,142882,73.75%,
8T,AR_SP_VF_yshaarj_yogg_cthun_1971233345625599_Mis_IV_ME,142881,73.75%,
8T,AR_SP_VF_yshaarj_nzoth_yogg_4013310913404399_Mis_AM_DR_DS,142881,73.74%,
8T,AR_SW_VF_nzoth_yogg_cthun_3132858723335679_IN_AM_DR,142874,73.74%,
8T,AR_SP_VF_yshaarj_nzoth_yogg_4013301249736175_IN_AM_ME,142870,73.73%,
8T,AR_SP_VF_yshaarj_yogg_cthun_1972332790144511_IN_AM_ME,142860,73.72%,
8T,AR_EC_VF_yshaarj_yogg_cthun_1971250525494767_Mis_IV_DR_DS,142853,73.71%,
8T,AR_SW_VF_nzoth_yogg_cthun_3132858723851775_IN_AM_DR,142847,73.70%,
8T,AR_EC_VF_yshaarj_yogg_cthun_2043259880070655_Mis_IV_ME_DS,142846,73.70%,
8T,AR_SP_VF_yshaarj_nzoth_yogg_4013438688165359_IN_AM_ME,142836,73.69%,
8T,AR_SP_VF_yshaarj_nzoth_yogg_4013309839670767_IN_IV_DR_DS,142826,73.68%,
8T,AR_EC_VF_yshaarj_yogg_cthun_1972332790152687_Mis_AM_DR,142818,73.67%,
8T,AR_SP_VF_yshaarj_yogg_cthun_2043259880594927_Mis_IV_ME_DS,142810,73.66%,
8T,AR_SW_VF_yshaarj_nzoth_yogg_4013576127118831_Mis_AM_DR,142793,73.64%,
8T,AR_SW_VF_yshaarj_nzoth_yogg_4013576194219503_IN_IV_DR,142788,73.63%,
8T,AR_EC_VF_yshaarj_yogg_cthun_1971233278524927_Mis_IV_ME,142784,73.63%,
8T,AR_SW_VF_yshaarj_yogg_cthun_1971233346149871_Mis_IV_ME,142784,73.63%,
8T,AR_EC_VF_yshaarj_yogg_cthun_1973432301780463_Mis_AM_ME,142780,73.62%,
8T,AR_SW_VF_yshaarj_nzoth_yogg_4013576127110655_Mis_AM_ME,142779,73.62%,
8T,AR_SW_VF_yshaarj_nzoth_yogg_4013309906255343_Mis_AM_ME_DS,142761,73.60%,
8T,AR_SP_VF_yshaarj_nzoth_yogg_4013318429072895_Mis_AM_DR_DS,142760,73.60%,
8T,AR_SP_VF_yshaarj_nzoth_yogg_4013309906255343_Mis_AM_DR_DS,142758,73.60%,
8T,AR_SW_VF_yshaarj_yogg_cthun_1988688092716527_Mis_AM_ME,142756,73.59%,
8T,AR_EC_VF_yshaarj_nzoth_yogg_4014409350766079_IN_AM_DR_DS,142749,73.58%,
8T,AR_SW_VF_yshaarj_yogg_cthun_1971370717470207_Mis_IV_ME,142730,73.56%,
8T,AR_SP_VF_yshaarj_nzoth_yogg_4013301316312575_IN_IV_DR,142723,73.55%,
8T,AR_SP_VF_yshaarj_yogg_cthun_1972332857253359_IN_AM_ME,142719,73.55%,
8T,AR_SP_VF_yshaarj_nzoth_yogg_4013309906247167_IN_IV_ME_DS,142714,73.54%,
8T,AR_SW_VF_yshaarj_nzoth_yogg_4013301316312575_Mis_AM_DR,142714,73.54%,
8T,AR_SW_VF_yshaarj_nzoth_yogg_4013851005017599_IN_AM_ME,142704,73.53%,
8T,AR_EC_VF_yshaarj_yogg_cthun_1972332790152687_IN_AM_DR,142697,73.52%,
8T,AR_SW_VF_yshaarj_yogg_cthun_1972332790144511_Mis_IV_DR,142695,73.52%,
8T,AR_SW_VF_yshaarj_nzoth_yogg_4013301584748015_IN_AM_ME,142673,73.49%,
8T,AR_SP_VF_yshaarj_yogg_cthun_1988688092716527_IN_IV_ME,142667,73.49%,
8T,AR_EC_VF_nzoth_yogg_cthun_3169159854022127_IN_AM_ME_DS,142660,73.48%,
8T,AR_SP_VF_yshaarj_yogg_cthun_1971233345625599_Mis_IV_DR,142659,73.47%,
8T,AR_EC_VF_yshaarj_yogg_cthun_1971370717994479_Mis_AM_ME,142656,73.47%,
8T,AR_SP_VF_yshaarj_yogg_cthun_1972332790144511_IN_IV_DR,142645,73.46%,
8T,AR_EC_VF_yshaarj_nzoth_yogg_4013576127110655_IN_AM_ME,142644,73.46%,
8T,AR_SW_VF_yshaarj_nzoth_yogg_4014409350766079_Mis_AM_ME_DS,142622,73.43%,
8T,AR_SW_VF_nzoth_yogg_cthun_3169151196986863_IN_IV_DR,142618,73.43%,
8T,AR_SW_VF_yshaarj_yogg_cthun_1971233614061039_Mis_IV_DR,142617,73.42%,
8T,AR_SP_VF_yshaarj_yogg_cthun_1988688026131951_Mis_AM_ME,142611,73.42%,
8T,AR_SP_VF_nzoth_yogg_cthun_3169159787437551_Mis_AM_DR_DS,142578,73.38%,
8T,AR_SP_VF_nzoth_yogg_cthun_3169151196978687_IN_IV_DR,142574,73.37%,
8T,AR_EC_VF_yshaarj_nzoth_yogg_4013301249211903_IN_AM_DR,142569,73.37%,
8T,AR_EC_VF_yshaarj_nzoth_yogg_4013309906247167_IN_IV_ME_DS,142565,73.36%,
8T,AR_SP_VF_yshaarj_yogg_cthun_1972332790668783_IN_AM_ME,142536,73.33%,
8T,AR_EC_VF_yshaarj_nzoth_yogg_4013309839670767_Mis_AM_DR_DS,142521,73.31%,
8T,AR_SW_VF_yshaarj_nzoth_yogg_4013576127634927_IN_AM_ME,142507,73.29%,
8T,AR_SP_VF_yshaarj_nzoth_yogg_4013584717569519_IN_IV_ME_DS,142500,73.28%,
8T,AR_SP_VF_yshaarj_nzoth_yogg_4013438755266031_IN_AM_DR,142498,73.28%,
8T,AR_SW_VF_nzoth_yogg_cthun_3132858790436351_IN_AM_DR,142496,73.28%,
8T,AR_SP_VF_yshaarj_yogg_cthun_1971234419367407_Mis_IV_ME,142490,73.27%,
8T,AR_EC_VF_yshaarj_yogg_cthun_1971234419367407_Mis_AM_DR,142489,73.27%,
8T,AR_EC_VF_yshaarj_yogg_cthun_1971234352258559_Mis_IV_DR,142486,73.27%,
8T,AR_SP_VF_yshaarj_nzoth_yogg_4013584784154095_IN_IV_ME_DS,142478,73.26%,
8T,AR_SP_VF_yshaarj_nzoth_yogg_4013438688165359_IN_AM_DR,142475,73.25%,
8T,VW_DH_VW_VF_nzoth_yogg_cthun_3132858866393069_IN_AM_ME,142471,73.25%,
8T,AR_SP_VF_yshaarj_yogg_cthun_1973432301772287_Mis_IV_DR,142447,73.22%,
8T,AR_SP_VF_yshaarj_yogg_cthun_1972332790152687_Mis_AM_ME,142444,73.21%,
8T,AR_EC_VF_yshaarj_yogg_cthun_1973432302296559_Mis_AM_ME,142441,73.21%,
8T,AR_EC_VF_yshaarj_nzoth_yogg_4013584717569519_IN_IV_ME_DS,142439,73.21%,
8T,AR_SW_VF_yshaarj_nzoth_yogg_4013447278091775_Mis_AM_ME_DS,142439,73.21%,
8T,VW_DH_TV_VF_yshaarj_nzoth_yogg_3977567263842285_IN_AM_DR,142437,73.20%,
8T,AR_SP_VF_yshaarj_yogg_cthun_1971233278524927_Mis_IV_DR,142437,73.20%,
8T,AR_EC_VF_yshaarj_nzoth_yogg_4013576127634927_IN_AM_DR,142436,73.20%,
8T,AR_EC_VF_yshaarj_yogg_cthun_1988688092716527_IN_IV_DR,142435,73.20%,
8T,AR_SW_VF_nzoth_yogg_cthun_3132875970305519_IN_AM_DR_DS,142431,73.20%,
8T,AR_SP_VF_yshaarj_nzoth_yogg_4013576127634927_IN_AM_ME,142422,73.19%,
8T,AR_EC_VF_yshaarj_yogg_cthun_1971370717470207_Mis_AM_ME,142421,73.19%,
8T,AR_SW_VF_yshaarj_nzoth_yogg_4013301249727999_Mis_AM_DR,142419,73.18%,
8T,AR_SW_VF_yshaarj_yogg_cthun_1971233345625599_Mis_IV_ME,142415,73.18%,
8T,AR_EC_VF_nzoth_yogg_cthun_3169151196978687_IN_IV_DR,142414,73.18%,
8T,AR_EC_VF_nzoth_yogg_cthun_3169159786921455_IN_AM_ME_DS,142413,73.18%,
8T,AR_SP_VF_yshaarj_nzoth_yogg_4013318429072895_IN_IV_ME_DS,142409,73.17%,
8T,AR_EC_VF_yshaarj_yogg_cthun_1988688026131951_IN_IV_DR,142402,73.16%,
8T,AR_EC_VF_yshaarj_nzoth_yogg_4013310979988975_IN_AM_ME_DS,142394,73.15%,
8T,AR_SW_VF_nzoth_yogg_cthun_3169151196986863_Mis_AM_DR,142366,73.12%,
8T,AR_SW_VF_nzoth_yogg_cthun_3132875903204847_Mis_AM_DR_DS,142354,73.10%,
8T,AR_SW_VF_yshaarj_yogg_cthun_1971234352266735_Mis_IV_DR,142353,73.10%,
8T,AR_SP_VF_yshaarj_yogg_cthun_1988688026131951_Mis_AM_DR,142350,73.10%,
8T,AR_SW_VF_yshaarj_yogg_cthun_1973432301772287_Mis_IV_DR,142350,73.10%,
8T,AR_SW_VF_yshaarj_nzoth_yogg_4013309839662591_Mis_IV_DR_DS,142333,73.08%,
8T,AR_EC_VF_nzoth_yogg_cthun_3169151196986863_IN_AM_DR,142328,73.07%,
8T,AR_SP_VF_yshaarj_yogg_cthun_1971234352258559_Mis_IV_ME,142320,73.06%,
8T,AR_EC_VF_yshaarj_nzoth_yogg_4013309839146495_IN_IV_ME_DS,142319,73.06%,
8T,AR_SW_VF_yshaarj_yogg_cthun_2043251357244911_Mis_AM_DR,142318,73.06%,
8T,AR_EC_VF_yshaarj_yogg_cthun_1971370717994479_Mis_AM_DR,142305,73.04%,
8T,AR_SW_VF_yshaarj_nzoth_yogg_4014409351290351_Mis_AM_DR_DS,142291,73.03%,
8T,AR_SP_VF_yshaarj_nzoth_yogg_4013851005025775_IN_AM_DR,142288,73.02%,
8T,AR_EC_VF_yshaarj_yogg_cthun_1973432301780463_IN_IV_ME,142285,73.02%,
8T,AR_SP_VF_yshaarj_yogg_cthun_1971233346149871_Mis_IV_ME,142269,73.00%,
8T,AR_SW_VF_yshaarj_nzoth_yogg_4013309839670767_Mis_AM_ME_DS,142265,73.00%,
8T,AR_SP_VF_yshaarj_nzoth_yogg_4013310979988975_IN_IV_DR_DS,142263,72.99%,
8T,AR_SW_VF_yshaarj_yogg_cthun_2043259947179503_Mis_IV_ME_DS,142262,72.99%,
8T,AR_SW_VF_yshaarj_nzoth_yogg_4014409350774255_Mis_AM_DR_DS,142255,72.98%,
8T,AR_SP_VF_yshaarj_nzoth_yogg_4013302322945535_IN_AM_ME,142254,72.98%,
8T,AR_SP_VF_yshaarj_nzoth_yogg_4013302322953711_IN_AM_DR,142251,72.98%,
8T,AR_EC_VF_yshaarj_yogg_cthun_1971250458910191_Mis_IV_DR_DS,142222,72.94%,
8T,AR_EC_VF_yshaarj_nzoth_yogg_4013310912880127_IN_IV_ME_DS,142222,72.94%,
8T,AR_SP_VF_nzoth_yogg_cthun_3132875903196671_Mis_AM_DR_DS,142222,72.94%,
8T,AR_SW_VF_yshaarj_yogg_cthun_1971234419367407_Mis_IV_DR,142194,72.91%,
8T,AR_SP_VF_yshaarj_yogg_cthun_2043251357244911_IN_IV_ME,142191,72.91%,
8T,AR_SW_VF_yshaarj_nzoth_yogg_4013584717053423_Mis_AM_ME_DS,142174,72.88%,
8T,AR_EC_VF_yshaarj_nzoth_yogg_4013584717053423_IN_IV_DR_DS,142165,72.87%,
8T,AR_EC_VF_yshaarj_yogg_cthun_2043259880070655_Mis_IV_DR_DS,142158,72.87%,
8T,AR_EC_VF_yshaarj_nzoth_yogg_4013584717569519_IN_IV_DR_DS,142155,72.86%,
8T,AR_SW_VF_yshaarj_nzoth_yogg_4013309906771439_Mis_AM_ME_DS,142154,72.86%,
8T,AR_SW_VF_yshaarj_nzoth_yogg_4013309839146495_Mis_IV_DR_DS,142135,72.84%,
8T,VW_DH_TV_VF_nzoth_yogg_cthun_3132996304822253_IN_AM_ME,142134,72.84%,
8T,AR_SW_VF_yshaarj_yogg_cthun_2043259880078831_Mis_IV_ME_DS,142133,72.84%,
8T,AR_SW_VF_nzoth_yogg_cthun_3169151197502959_IN_IV_DR,142126,72.83%,
8T,AR_SP_VF_yshaarj_yogg_cthun_1972332790668783_Mis_AM_DR,142115,72.81%,
8T,AR_EC_VF_yshaarj_nzoth_yogg_4013310174682607_IN_AM_ME_DS,142114,72.81%,
8T,AR_EC_VF_yshaarj_yogg_cthun_2043251357244911_IN_IV_ME,142112,72.81%,
8T,AR_SP_VF_yshaarj_nzoth_yogg_4013310912880127_Mis_AM_ME_DS,142108,72.81%,
8T,AR_SW_VF_yshaarj_nzoth_yogg_4013301249211903_IN_IV_DR,142106,72.80%,
8T,AR_EC_VF_yshaarj_yogg_cthun_1988688025607679_IN_IV_ME,142104,72.80%,
8T,AR_SP_VF_yshaarj_yogg_cthun_2043259880078831_Mis_IV_DR_DS,142092,72.79%,
8T,AR_SW_VF_yshaarj_yogg_cthun_1971234352266735_Mis_IV_ME,142089,72.78%,
8T,AR_SW_VF_yshaarj_nzoth_yogg_4013301316312575_IN_IV_DR,142088,72.78%,
8T,AR_SW_VF_yshaarj_yogg_cthun_2043251290136063_Mis_IV_DR,142087,72.78%,
8T,AR_SP_VF_yshaarj_yogg_cthun_1971250525494767_Mis_IV_ME_DS,142083,72.77%,
8T,AR_SP_VF_yshaarj_nzoth_yogg_4013309906771439_IN_IV_DR_DS,142083,72.77%,
8T,AR_SW_VF_yshaarj_yogg_cthun_1971233346149871_Mis_IV_DR,142072,72.76%,
8T,AR_SW_VF_yshaarj_yogg_cthun_1971234352782831_Mis_IV_DR,142060,72.75%,
8T,AR_EC_VF_yshaarj_yogg_cthun_2043251290136063_Mis_AM_ME,142050,72.73%,
8T,AR_SP_VF_yshaarj_yogg_cthun_1971233279041023_Mis_IV_ME,142045,72.73%,
8T,AR_SW_VF_yshaarj_nzoth_yogg_4013447278616047_Mis_AM_DR_DS,142044,72.73%,
8T,AR_SP_VF_yshaarj_nzoth_yogg_4013301249727999_IN_IV_DR,142027,72.71%,
8T,AR_SP_VF_yshaarj_nzoth_yogg_4013301249736175_IN_AM_DR,142020,72.70%,
8T,AR_EC_VF_yshaarj_yogg_cthun_1972332857253359_IN_AM_DR,142006,72.68%,
8T,AR_EC_VF_yshaarj_yogg_cthun_1988688025615855_IN_IV_DR,142005,72.68%,
8T,AR_EC_VF_yshaarj_yogg_cthun_1971250458910191_Mis_IV_ME_DS,142005,72.68%,
8T,AR_EC_VF_yshaarj_nzoth_yogg_4013584717053423_Mis_AM_DR_DS,142003,72.68%,
8T,AR_SW_VF_nzoth_yogg_cthun_3132858723335679_Mis_AM_DR,142003,72.68%,
8T,AR_SW_VF_yshaarj_nzoth_yogg_4013584717569519_Mis_AM_ME_DS,142000,72.67%,
8T,AR_SW_VF_yshaarj_nzoth_yogg_4013318429072895_Mis_AM_ME_DS,141996,72.67%,
8T,AR_SP_VF_yshaarj_yogg_cthun_1972332857253359_Mis_AM_DR,141992,72.66%,
8T,AR_EC_VF_yshaarj_nzoth_yogg_4013309839146495_Mis_AM_DR_DS,141980,72.65%,
8T,AR_SW_VF_yshaarj_yogg_cthun_2043251357244911_Mis_AM_ME,141979,72.65%,
8T,AR_SP_VF_yshaarj_yogg_cthun_1971234352782831_Mis_IV_DR,141971,72.64%,
8T,AR_EC_VF_yshaarj_yogg_cthun_1971250458385919_Mis_IV_ME_DS,141970,72.64%,
8T,AR_EC_VF_yshaarj_yogg_cthun_2043251290144239_Mis_AM_DR,141968,72.64%,
8T,AR_SP_VF_nzoth_yogg_cthun_3169151264087535_IN_AM_ME,141968,72.63%,
8T,AR_SW_VF_yshaarj_nzoth_yogg_4013851072126447_IN_AM_ME,141966,72.63%,
8T,AR_SW_VF_yshaarj_yogg_cthun_1972332857253359_Mis_AM_ME,141965,72.63%,
8T,AR_SP_VF_yshaarj_yogg_cthun_1988688025615855_Mis_AM_DR,141963,72.63%,
8T,AR_SW_VF_yshaarj_yogg_cthun_1971234352782831_Mis_IV_ME,141961,72.63%,
8T,AR_EC_VF_yshaarj_yogg_cthun_2043259947179503_Mis_AM_DR_DS,141952,72.61%,
8T,VW_DH_VW_VF_nzoth_yogg_cthun_3132867455803373_IN_AM_ME,141950,72.61%,
8T,AR_EC_VF_yshaarj_yogg_cthun_1971233346149871_Mis_AM_DR,141945,72.61%,
8T,AR_SW_VF_yshaarj_nzoth_yogg_4013576127110655_Mis_AM_DR,141943,72.60%,
8T,AR_EC_VF_yshaarj_yogg_cthun_1973432368881135_IN_IV_ME,141939,72.60%,
8T,AR_SW_VF_yshaarj_nzoth_yogg_4013310912888303_Mis_AM_ME_DS,141934,72.59%,
8T,AR_SP_VF_yshaarj_yogg_cthun_1972332790152687_IN_AM_ME,141927,72.58%,
8T,AR_EC_VF_yshaarj_nzoth_yogg_4013447345200623_IN_AM_ME_DS,141924,72.58%,
8T,AR_EC_VF_yshaarj_yogg_cthun_1973432301772287_Mis_AM_DR,141917,72.57%,
8T,AR_SP_VF_yshaarj_nzoth_yogg_4013318496181743_IN_AM_ME_DS,141915,72.57%,
8T,AR_EC_VF_yshaarj_yogg_cthun_1973432301772287_Mis_AM_ME,141910,72.56%,
8T,AR_EC_VF_yshaarj_yogg_cthun_1971370717478383_Mis_AM_ME,141902,72.55%,
8T,AR_EC_VF_yshaarj_yogg_cthun_1971370784579055_IN_IV_ME,141887,72.54%,
8T,AR_SW_VF_yshaarj_nzoth_yogg_4013584717045247_Mis_IV_DR_DS,141887,72.54%,
8T,AR_EC_VF_yshaarj_yogg_cthun_1971233614061039_Mis_AM_ME,141854,72.50%,
8T,AR_SP_VF_yshaarj_nzoth_yogg_4013851005017599_IN_AM_DR,141852,72.49%,
8T,AR_SW_VF_nzoth_yogg_cthun_3132867313262079_IN_AM_DR,141852,72.49%,
8T,AR_SP_VF_yshaarj_nzoth_yogg_4013584717569519_Mis_AM_DR_DS,141843,72.48%,
8T,AR_SP_VF_yshaarj_nzoth_yogg_4013310912880127_Mis_AM_DR_DS,141837,72.47%,
8T,AR_SP_VF_yshaarj_nzoth_yogg_4013576127118831_IN_AM_ME,141831,72.47%,
8T,AR_EC_VF_nzoth_yogg_cthun_3169159786913279_IN_IV_ME_DS,141830,72.47%,
8T,AR_SW_VF_yshaarj_nzoth_yogg_4013438688681455_IN_AM_ME,141828,72.46%,
8T,AR_EC_VF_yshaarj_yogg_cthun_1973432302296559_IN_IV_ME,141827,72.46%,
8T,AR_EC_VF_yshaarj_nzoth_yogg_4013584784154095_IN_IV_DR_DS,141825,72.46%,
8T,AR_SP_VF_nzoth_yogg_cthun_3169159786913279_IN_IV_ME_DS,141816,72.45%,
8T,AR_SP_VF_yshaarj_nzoth_yogg_4013310912888303_Mis_AM_DR_DS,141809,72.44%,
8T,AR_EC_VF_nzoth_yogg_cthun_3169159787437551_IN_AM_ME_DS,141803,72.43%,
8T,AR_SP_VF_yshaarj_yogg_cthun_1971234352266735_Mis_IV_ME,141789,72.42%,
8T,AR_SP_VF_nzoth_yogg_cthun_3169151197502959_IN_AM_ME,141788,72.42%,
8T,AR_EC_VF_yshaarj_yogg_cthun_1971370717478383_IN_IV_ME,141774,72.40%,
8T,AR_EC_VF_yshaarj_yogg_cthun_1971233346149871_Mis_AM_ME,141766,72.39%,
8T,AR_SP_VF_yshaarj_nzoth_yogg_4013301316320751_IN_AM_DR,141759,72.38%,
8T,AR_SW_VF_yshaarj_nzoth_yogg_4013310979988975_Mis_AM_ME_DS,141757,72.38%,
8T,AR_SW_VF_yshaarj_nzoth_yogg_4013576127634927_IN_IV_DR,141756,72.38%,
8T,AR_EC_VF_nzoth_yogg_cthun_3169151264087535_IN_AM_DR,141752,72.37%,
8T,VW_DH_TV_VF_nzoth_yogg_cthun_3132858932977645_IN_AM_ME,141750,72.37%,
8T,AR_EC_VF_yshaarj_nzoth_yogg_4013309839146495_IN_IV_DR_DS,141738,72.36%,
8T,AR_EC_VF_yshaarj_nzoth_yogg_4013447278091775_IN_IV_DR_DS,141735,72.35%,
8T,AR_EC_VF_yshaarj_yogg_cthun_1973432301780463_IN_IV_DR,141730,72.35%,
8T,AR_SP_VF_yshaarj_yogg_cthun_1988688025607679_Mis_AM_DR,141729,72.34%,
8T,AR_EC_VF_yshaarj_nzoth_yogg_4013318429597167_IN_AM_DR_DS,141716,72.33%,
8T,AR_SP_VF_nzoth_yogg_cthun_3169159786921455_Mis_AM_DR_DS,141712,72.32%,
8T,AR_SP_VF_yshaarj_nzoth_yogg_4013309839662591_IN_IV_ME_DS,141709,72.32%,
8T,AR_SP_VF_yshaarj_yogg_cthun_1971233279049199_Mis_IV_ME,141690,72.30%,
8T,AR_SP_VF_yshaarj_nzoth_yogg_4013301584748015_IN_AM_DR,141685,72.29%,
8T,AR_EC_VF_yshaarj_yogg_cthun_1971233345633775_Mis_AM_ME,141675,72.28%,
8T,AR_EC_VF_yshaarj_yogg_cthun_2043251290136063_Mis_AM_DR,141666,72.27%,
8T,AR_SW_VF_yshaarj_yogg_cthun_1971234419367407_Mis_IV_ME,141648,72.25%,
8T,AR_SP_VF_yshaarj_yogg_cthun_1971234352782831_Mis_IV_ME,141627,72.22%,
8T,AR_EC_VF_yshaarj_nzoth_yogg_4013447278616047_IN_AM_ME_DS,141605,72.19%,
8T,AR_SW_VF_yshaarj_yogg_cthun_1971233278524927_Mis_IV_ME,141593,72.18%,
8T,AR_SP_VF_yshaarj_nzoth_yogg_4013310912888303_IN_IV_DR_DS,141580,72.16%,
8T,AR_SP_VF_yshaarj_nzoth_yogg_4013309839662591_Mis_AM_ME_DS,141576,72.16%,
8T,AR_SW_VF_yshaarj_nzoth_yogg_4013447278616047_IN_IV_DR_DS,141573,72.15%,
8T,AR_SW_VF_yshaarj_nzoth_yogg_4013447345200623_IN_IV_ME_DS,141573,72.15%,
8T,AR_SP_VF_yshaarj_nzoth_yogg_4013576127118831_IN_AM_DR,141570,72.15%,
8T,AR_SP_VF_nzoth_yogg_cthun_3169151196986863_IN_AM_ME,141570,72.15%,
8T,AR_EC_VF_yshaarj_nzoth_yogg_4013318429072895_IN_AM_ME_DS,141558,72.14%,
8T,AR_SW_VF_yshaarj_yogg_cthun_2043259880594927_Mis_IV_ME_DS,141557,72.14%,
8T,AR_SP_VF_yshaarj_nzoth_yogg_4013318429597167_IN_AM_ME_DS,141554,72.13%,
8T,AR_EC_VF_yshaarj_yogg_cthun_1971233279049199_Mis_AM_ME,141545,72.12%,
8T,AR_SP_VF_yshaarj_yogg_cthun_1971370784579055_Mis_AM_DR,141532,72.10%,
8T,AR_SP_VF_yshaarj_yogg_cthun_2043251290660335_Mis_AM_ME,141531,72.10%,
8T,AR_EC_VF_yshaarj_nzoth_yogg_4013447278099951_IN_AM_ME_DS,141517,72.09%,
8T,AR_SW_VF_yshaarj_nzoth_yogg_4013302323469807_IN_AM_ME,141503,72.07%,
8T,AR_EC_VF_yshaarj_yogg_cthun_1971233345625599_Mis_AM_ME,141502,72.07%,
8T,AR_SP_VF_yshaarj_nzoth_yogg_4013576127110655_IN_IV_DR,141501,72.07%,
8T,AR_SW_VF_yshaarj_yogg_cthun_2043259947179503_Mis_IV_DR_DS,141491,72.05%,
8T,AR_SP_VF_yshaarj_yogg_cthun_2043251290144239_IN_IV_DR,141484,72.05%,
8T,AR_EC_VF_yshaarj_nzoth_yogg_4013584717045247_Mis_AM_DR_DS,141483,72.04%,
8T,AR_SW_VF_nzoth_yogg_cthun_3169159854022127_Mis_AM_DR_DS,141460,72.02%,
8T,AR_SW_VF_yshaarj_nzoth_yogg_4013301249727999_IN_IV_DR,141460,72.02%,
8T,AR_EC_VF_yshaarj_yogg_cthun_1971234352258559_Mis_AM_ME,141450,72.00%,
8T,VW_DH_TV_VF_nzoth_yogg_cthun_3132996304822253_IN_IV_DR,141448,72.00%,
8T,VW_DH_VW_VF_nzoth_yogg_cthun_3132996304822253_IN_AM_ME,141448,72.00%,
8T,AR_EC_VF_yshaarj_yogg_cthun_2043251357244911_IN_IV_DR,141447,72.00%,
8T,AR_SW_VF_yshaarj_nzoth_yogg_4013302390054383_IN_AM_ME,141434,71.99%,
8T,AR_EC_VF_yshaarj_yogg_cthun_1971250458394095_Mis_IV_ME_DS,141424,71.97%,
8T,AR_SW_VF_yshaarj_nzoth_yogg_4013301316836847_IN_AM_ME,141413,71.96%,
8T,VW_DH_VW_VF_nzoth_yogg_cthun_3132858932977645_IN_AM_ME,141394,71.94%,
8T,AR_SW_VF_nzoth_yogg_cthun_3169151196978687_Mis_AM_DR,141377,71.92%,
8T,AR_EC_VF_yshaarj_nzoth_yogg_4013318429081071_IN_AM_DR_DS,141376,71.91%,
8T,AR_SP_VF_yshaarj_nzoth_yogg_4013301249727999_IN_AM_ME,141370,71.91%,
8T,AR_SP_VF_yshaarj_nzoth_yogg_4013438688681455_IN_AM_DR,141357,71.89%,
8T,AR_SP_VF_yshaarj_yogg_cthun_2043251290660335_Mis_AM_DR,141357,71.89%,
8T,AR_SW_VF_yshaarj_nzoth_yogg_4013309906771439_Mis_AM_DR_DS,141349,71.88%,
8T,AR_SP_VF_yshaarj_nzoth_yogg_4013302390054383_IN_AM_DR,141348,71.88%,
8T,AR_EC_VF_yshaarj_nzoth_yogg_4013318429072895_IN_IV_DR_DS,141344,71.88%,
8T,AR_SP_VF_yshaarj_nzoth_yogg_4013309839146495_Mis_AM_ME_DS,141338,71.87%,
8T,AR_SP_VF_yshaarj_nzoth_yogg_4013851072126447_IN_AM_DR,141321,71.85%,
8T,AR_SW_VF_yshaarj_nzoth_yogg_4013309839670767_IN_IV_DR_DS,141315,71.84%,
8T,AR_SW_VF_yshaarj_yogg_cthun_1972332790668783_IN_AM_ME,141310,71.83%,
8T,AR_EC_VF_yshaarj_yogg_cthun_1971234419367407_Mis_AM_ME,141291,71.81%,
8T,AR_SW_VF_yshaarj_yogg_cthun_1971233279041023_Mis_IV_ME,141281,71.80%,
8T,AR_SP_VF_yshaarj_yogg_cthun_1971234352258559_Mis_IV_DR,141279,71.80%,
8T,AR_EC_VF_yshaarj_yogg_cthun_1971370717470207_Mis_AM_DR,141262,71.78%,
8T,AR_SW_VF_nzoth_yogg_cthun_3169159786921455_IN_IV_ME_DS,141259,71.77%,
8T,AR_SW_VF_yshaarj_nzoth_yogg_4013447278099951_IN_IV_ME_DS,141256,71.77%,
8T,AR_SW_VF_yshaarj_nzoth_yogg_4013310174682607_Mis_AM_DR_DS,141253,71.77%,
8T,AR_EC_VF_yshaarj_yogg_cthun_2043259947179503_Mis_AM_ME_DS,141248,71.76%,
8T,AR_EC_VF_yshaarj_yogg_cthun_1971233345633775_IN_IV_ME,141226,71.73%,
8T,AR_SP_VF_yshaarj_nzoth_yogg_4013301316312575_IN_AM_ME,141218,71.72%,
8T,AR_EC_VF_yshaarj_yogg_cthun_1971233279049199_IN_IV_ME,141218,71.72%,
8T,VW_DH_TV_VF_nzoth_yogg_cthun_3132858865876973_IN_AM_ME,141215,71.72%,
8T,AR_SP_VF_yshaarj_yogg_cthun_1973432301780463_IN_IV_ME,141201,71.70%,
8T,AR_EC_VF_nzoth_yogg_cthun_3169151197502959_IN_AM_DR,141197,71.70%,
8T,AR_SW_VF_yshaarj_yogg_cthun_1988688026131951_Mis_AM_DR,141196,71.70%,
8T,VW_DH_VW_VF_nzoth_yogg_cthun_3132858865876973_IN_IV_DR,141190,71.69%,
8T,AR_SP_VF_yshaarj_yogg_cthun_2043251290144239_IN_IV_ME,141175,71.67%,
8T,AR_SW_VF_yshaarj_nzoth_yogg_4013318429081071_Mis_AM_DR_DS,141172,71.67%,
8T,AR_SP_VF_yshaarj_nzoth_yogg_4013584717045247_Mis_AM_ME_DS,141158,71.65%,
8T,AR_EC_VF_yshaarj_nzoth_yogg_4013310913404399_IN_AM_ME_DS,141158,71.65%,
8T,AR_EC_VF_yshaarj_nzoth_yogg_4013310912888303_IN_AM_ME_DS,141146,71.64%,
8T,AR_SP_VF_yshaarj_yogg_cthun_1971250525494767_Mis_IV_DR_DS,141142,71.63%,
8T,AR_SW_VF_yshaarj_nzoth_yogg_4013301249211903_Mis_AM_DR,141140,71.63%,
8T,AR_SW_VF_yshaarj_nzoth_yogg_4013447278099951_Mis_AM_DR_DS,141136,71.62%,
8T,AR_SW_VF_yshaarj_yogg_cthun_1971250458394095_Mis_IV_DR_DS,141131,71.62%,
8T,AR_SW_VF_yshaarj_nzoth_yogg_4013309906255343_IN_IV_ME_DS,141122,71.61%,
8T,AR_EC_VF_yshaarj_yogg_cthun_1971234352258559_Mis_AM_DR,141120,71.60%,
8T,AR_SP_VF_yshaarj_yogg_cthun_2043251290144239_Mis_AM_ME,141117,71.60%,
8T,AR_SW_VF_yshaarj_yogg_cthun_1971250458910191_Mis_IV_ME_DS,141113,71.60%,
8T,AR_SW_VF_yshaarj_nzoth_yogg_4013310174682607_IN_IV_DR_DS,141103,71.58%,
8T,AR_SW_VF_yshaarj_nzoth_yogg_4013318429072895_Mis_AM_DR_DS,141098,71.58%,
8T,AR_EC_VF_yshaarj_nzoth_yogg_4013309906255343_IN_AM_ME_DS,141094,71.57%,
8T,VW_DH_TV_VF_nzoth_yogg_cthun_3132876045737965_IN_IV_DR_DS,141090,71.57%,
8T,VW_DH_VW_VF_nzoth_yogg_cthun_3132996304822253_IN_IV_DR,141085,71.56%,
8T,AR_EC_VF_yshaarj_yogg_cthun_1971234352782831_Mis_AM_DR,141065,71.54%,
8T,AR_SP_VF_yshaarj_nzoth_yogg_4013310913404399_IN_IV_DR_DS,141048,71.52%,
8T,AR_SP_VF_yshaarj_yogg_cthun_1971370784579055_Mis_AM_ME,141039,71.50%,
8T,AR_SP_VF_yshaarj_nzoth_yogg_4013584784154095_IN_IV_DR_DS,141023,71.49%,
8T,AR_EC_VF_yshaarj_yogg_cthun_2043251290660335_IN_IV_ME,141017,71.48%,
8T,AR_SP_VF_yshaarj_yogg_cthun_1971233614061039_Mis_AM_ME,141011,71.47%,
8T,AR_SW_VF_nzoth_yogg_cthun_3169151264087535_IN_IV_DR,141011,71.47%,
8T,AR_SW_VF_yshaarj_nzoth_yogg_4013318496181743_IN_IV_DR_DS,141006,71.47%,
8T,AR_SW_VF_yshaarj_yogg_cthun_2043259880594927_Mis_IV_DR_DS,141005,71.46%,
8T,AR_SP_VF_nzoth_yogg_cthun_3169159786913279_Mis_AM_DR_DS,141000,71.46%,
8T,AR_EC_VF_yshaarj_yogg_cthun_1971233278524927_IN_IV_ME,140998,71.46%,
8T,AR_EC_VF_yshaarj_nzoth_yogg_4013309906771439_IN_AM_ME_DS,140997,71.45%,
8T,AR_SP_VF_yshaarj_nzoth_yogg_4013301316836847_IN_AM_DR,140995,71.45%,
8T,AR_EC_VF_yshaarj_nzoth_yogg_4013584717053423_IN_AM_ME_DS,140987,71.44%,
8T,AR_SP_VF_yshaarj_nzoth_yogg_4013310174682607_IN_AM_ME_DS,140984,71.44%,
8T,AR_SW_VF_yshaarj_nzoth_yogg_4013576194219503_IN_AM_ME,140978,71.43%,
8T,AR_EC_VF_yshaarj_yogg_cthun_1971370717478383_IN_IV_DR,140975,71.43%,
8T,AR_SP_VF_yshaarj_yogg_cthun_2043251290660335_IN_IV_ME,140975,71.43%,
8T,AR_SW_VF_yshaarj_yogg_cthun_1971234352258559_Mis_IV_ME,140971,71.42%,
8T,AR_SW_VF_yshaarj_nzoth_yogg_4013310174682607_IN_IV_ME_DS,140968,71.42%,
8T,AR_SP_VF_yshaarj_yogg_cthun_1973432368881135_Mis_AM_DR,140962,71.41%,
8T,AR_SW_VF_yshaarj_nzoth_yogg_4013310913404399_IN_IV_DR_DS,140959,71.41%,
8T,VW_DH_TV_VF_nzoth_yogg_cthun_3132858932977645_IN_IV_DR,140956,71.40%,
8T,AR_SP_VF_yshaarj_yogg_cthun_1972332790144511_Mis_AM_ME,140951,71.40%,
8T,AR_SP_VF_yshaarj_yogg_cthun_1971233279041023_Mis_IV_DR,140947,71.39%,
8T,AR_SP_VF_yshaarj_nzoth_yogg_4013584717053423_IN_IV_DR_DS,140931,71.37%,
8T,AR_SW_VF_yshaarj_yogg_cthun_1988688025607679_Mis_AM_DR,140928,71.37%,
8T,AR_SP_VF_yshaarj_nzoth_yogg_4013584717569519_IN_IV_DR_DS,140923,71.36%,
8T,AR_SP_VF_yshaarj_nzoth_yogg_4013302323469807_IN_AM_DR,140918,71.36%,
8T,AR_SP_VF_yshaarj_yogg_cthun_1988688026131951_IN_IV_ME,140912,71.35%,
8T,AR_SW_VF_yshaarj_nzoth_yogg_4013310913404399_Mis_AM_ME_DS,140908,71.35%,
8T,AR_SW_VF_nzoth_yogg_cthun_3169159854022127_IN_IV_DR_DS,140893,71.33%,
8T,AR_SP_VF_yshaarj_nzoth_yogg_4013438688157183_IN_AM_ME,140892,71.33%,
8T,AR_SP_VF_yshaarj_yogg_cthun_1973432368881135_IN_IV_ME,140884,71.32%,
8T,AR_EC_VF_yshaarj_yogg_cthun_2043251290660335_IN_IV_DR,140881,71.31%,
8T,AR_SW_VF_yshaarj_yogg_cthun_1971250458394095_Mis_IV_ME_DS,140880,71.31%,
8T,AR_SW_VF_yshaarj_nzoth_yogg_4013447278616047_IN_IV_ME_DS,140867,71.30%,
8T,AR_SW_VF_yshaarj_nzoth_yogg_4013438688165359_IN_AM_ME,140866,71.29%,
8T,AR_SP_VF_yshaarj_yogg_cthun_1971250458910191_Mis_IV_DR_DS,140863,71.29%,
8T,AR_SW_VF_yshaarj_nzoth_yogg_4013310913404399_IN_IV_ME_DS,140861,71.29%,
8T,AR_SW_VF_yshaarj_nzoth_yogg_4013447278099951_IN_IV_DR_DS,140853,71.28%,
8T,AR_EC_VF_yshaarj_nzoth_yogg_4013318496181743_IN_AM_DR_DS,140851,71.28%,
8T,AR_SP_VF_yshaarj_yogg_cthun_1971233614061039_Mis_AM_DR,140840,71.26%,
8T,AR_SW_VF_yshaarj_yogg_cthun_1973432301780463_IN_IV_ME,140837,71.26%,
8T,AR_SW_VF_yshaarj_nzoth_yogg_4013310979988975_IN_IV_DR_DS,140829,71.25%,
8T,AR_EC_VF_yshaarj_nzoth_yogg_4013309839670767_IN_AM_ME_DS,140817,71.24%,
8T,AR_SP_VF_yshaarj_yogg_cthun_1971250458394095_Mis_IV_DR_DS,140817,71.23%,
8T,AR_EC_VF_yshaarj_nzoth_yogg_4013447278099951_IN_AM_DR_DS,140815,71.23%,
8T,AR_SW_VF_yshaarj_nzoth_yogg_4013576127110655_IN_IV_DR,140808,71.22%,
8T,AR_SP_VF_yshaarj_yogg_cthun_1971233278524927_Mis_IV_ME,140797,71.21%,
8T,AR_SW_VF_yshaarj_yogg_cthun_1972332857253359_Mis_AM_DR,140785,71.20%,
8T,AR_SW_VF_yshaarj_yogg_cthun_1971250525494767_Mis_IV_ME_DS,140780,71.19%,
8T,AR_SW_VF_yshaarj_nzoth_yogg_4013309906771439_IN_IV_DR_DS,140769,71.18%,
8T,AR_SW_VF_yshaarj_yogg_cthun_1971233345625599_Mis_IV_DR,140764,71.17%,
8T,AR_SW_VF_yshaarj_nzoth_yogg_4013310979988975_Mis_AM_DR_DS,140763,71.17%,
8T,AR_SP_VF_yshaarj_nzoth_yogg_4013576127634927_IN_AM_DR,140753,71.16%,
8T,AR_SP_VF_yshaarj_nzoth_yogg_4013309839146495_IN_IV_ME_DS,140745,71.15%,
8T,AR_SW_VF_yshaarj_nzoth_yogg_4013584717053423_IN_IV_ME_DS,140744,71.15%,
8T,AR_SW_VF_yshaarj_nzoth_yogg_4013309839670767_IN_IV_ME_DS,140740,71.14%,
8T,AR_EC_VF_yshaarj_yogg_cthun_1971370717478383_Mis_AM_DR,140734,71.13%,
8T,AR_SW_VF_yshaarj_nzoth_yogg_4013447278091775_Mis_AM_DR_DS,140727,71.13%,
8T,AR_SW_VF_yshaarj_nzoth_yogg_4013318429072895_IN_IV_ME_DS,140711,71.11%,
8T,AR_SW_VF_nzoth_yogg_cthun_3169159787437551_Mis_AM_DR_DS,140702,71.10%,
8T,AR_SP_VF_yshaarj_nzoth_yogg_4013584717045247_IN_IV_ME_DS,140698,71.09%,
8T,AR_SW_VF_yshaarj_yogg_cthun_1988688026131951_IN_IV_DR,140696,71.09%,
8T,AR_SP_VF_nzoth_yogg_cthun_3169151264087535_IN_AM_DR,140664,71.05%,
8T,AR_SW_VF_yshaarj_yogg_cthun_1988688026131951_Mis_AM_ME,140641,71.02%,
8T,AR_SW_VF_yshaarj_yogg_cthun_2043251290660335_Mis_AM_DR,140624,71.00%,
8T,AR_SW_VF_yshaarj_nzoth_yogg_4013438688165359_IN_AM_DR,140617,70.99%,
8T,AR_SW_VF_yshaarj_yogg_cthun_1988688025615855_Mis_AM_ME,140615,70.99%,
8T,AR_EC_VF_yshaarj_yogg_cthun_1972332790668783_IN_AM_DR,140604,70.98%,
8T,AR_EC_VF_yshaarj_yogg_cthun_2043259880594927_Mis_AM_DR_DS,140599,70.97%,
8T,AR_SW_VF_nzoth_yogg_cthun_3169159786913279_Mis_AM_ME_DS,140599,70.97%,
8T,AR_EC_VF_yshaarj_yogg_cthun_1972332790144511_IN_AM_DR,140596,70.97%,
8T,AR_SP_VF_yshaarj_yogg_cthun_1973432368881135_Mis_AM_ME,140585,70.95%,
8T,AR_EC_VF_yshaarj_yogg_cthun_1971250458385919_Mis_IV_DR_DS,140578,70.94%,
8T,AR_SW_VF_nzoth_yogg_cthun_3169151197502959_IN_AM_ME,140566,70.93%,
8T,AR_SW_VF_yshaarj_yogg_cthun_1988688025615855_Mis_AM_DR,140559,70.92%,
8T,AR_SW_VF_yshaarj_yogg_cthun_1971370784579055_Mis_AM_DR,140555,70.92%,
8T,AR_SP_VF_yshaarj_yogg_cthun_1988688092716527_IN_IV_DR,140553,70.91%,
8T,AR_EC_VF_yshaarj_nzoth_yogg_4013309906247167_IN_IV_DR_DS,140543,70.90%,
8T,VW_DH_TV_VF_nzoth_yogg_cthun_3132876045737965_IN_AM_ME_DS,140536,70.89%,
8T,AR_SP_VF_yshaarj_yogg_cthun_2043251290136063_Mis_AM_ME,140533,70.89%,
8T,AR_SP_VF_yshaarj_nzoth_yogg_4013309839146495_IN_IV_DR_DS,140523,70.88%,
8T,AR_SW_VF_yshaarj_yogg_cthun_1972332790668783_Mis_AM_ME,140519,70.87%,
8T,AR_SP_VF_yshaarj_yogg_cthun_2043259880070655_Mis_IV_ME_DS,140516,70.87%,
8T,AR_EC_VF_nzoth_yogg_cthun_3169159786921455_IN_AM_DR_DS,140506,70.86%,
8T,AR_SP_VF_yshaarj_yogg_cthun_2043259880070655_Mis_IV_DR_DS,140496,70.84%,
8T,AR_SW_VF_nzoth_yogg_cthun_3169151196978687_IN_IV_ME,140490,70.84%,
8T,AR_EC_VF_yshaarj_nzoth_yogg_4013447278091775_IN_AM_ME_DS,140479,70.82%,
8T,AR_SW_VF_yshaarj_yogg_cthun_1971370717994479_Mis_AM_DR,140463,70.80%,
8T,AR_EC_VF_yshaarj_nzoth_yogg_4013302322945535_IN_AM_DR,140463,70.80%,
8T,AR_SW_VF_yshaarj_nzoth_yogg_4013309906255343_IN_IV_DR_DS,140458,70.80%,
8T,AR_SW_VF_yshaarj_yogg_cthun_1972332790152687_IN_AM_ME,140450,70.79%,
8T,AR_SP_VF_yshaarj_yogg_cthun_1972332790152687_IN_AM_DR,140437,70.77%,
8T,AR_SW_VF_yshaarj_nzoth_yogg_4013310912888303_IN_IV_ME_DS,140435,70.77%,
8T,AR_SP_VF_yshaarj_yogg_cthun_1972332790144511_Mis_AM_DR,140435,70.77%,
8T,AR_SW_VF_yshaarj_nzoth_yogg_4013309906771439_IN_IV_ME_DS,140432,70.77%,
8T,AR_EC_VF_yshaarj_yogg_cthun_1971234352266735_IN_IV_ME,140424,70.76%,
8T,AR_SW_VF_yshaarj_nzoth_yogg_4013310912880127_Mis_AM_ME_DS,140421,70.75%,
8T,AR_EC_VF_yshaarj_nzoth_yogg_4013309906255343_IN_AM_DR_DS,140420,70.75%,
8T,AR_SW_VF_yshaarj_yogg_cthun_1971233279041023_Mis_IV_DR,140418,70.75%,
8T,AR_SP_VF_yshaarj_nzoth_yogg_4013447345200623_IN_AM_ME_DS,140407,70.74%,
8T,AR_SW_VF_yshaarj_nzoth_yogg_4013309906247167_Mis_AM_ME_DS,140406,70.74%,
8T,AR_SP_VF_yshaarj_nzoth_yogg_4013309839670767_Mis_AM_DR_DS,140405,70.73%,
8T,AR_SP_VF_yshaarj_nzoth_yogg_4013576194219503_IN_AM_DR,140375,70.70%,
8T,AR_SW_VF_yshaarj_nzoth_yogg_4013584784154095_Mis_AM_DR_DS,140374,70.70%,
8T,AR_EC_VF_yshaarj_nzoth_yogg_4013310912880127_IN_AM_ME_DS,140369,70.69%,
8T,AR_SW_VF_yshaarj_nzoth_yogg_4014409350766079_IN_AM_ME_DS,140369,70.69%,
8T,AR_SP_VF_yshaarj_nzoth_yogg_4013301249211903_IN_AM_ME,140363,70.68%,
8T,AR_EC_VF_nzoth_yogg_cthun_3169151196978687_IN_AM_ME,140357,70.68%,
8T,AR_EC_VF_yshaarj_yogg_cthun_1973432301772287_IN_IV_ME,140353,70.67%,
8T,AR_EC_VF_yshaarj_nzoth_yogg_4013447345200623_IN_AM_DR_DS,140353,70.67%,
8T,AR_EC_VF_yshaarj_nzoth_yogg_4013438688157183_IN_AM_DR,140352,70.67%,
8T,AR_SW_VF_nzoth_yogg_cthun_3169159854022127_IN_IV_ME_DS,140350,70.67%,
8T,AR_SP_VF_yshaarj_yogg_cthun_1971234419367407_Mis_AM_DR,140339,70.65%,
8T,AR_EC_VF_yshaarj_yogg_cthun_1971233614061039_IN_IV_ME,140337,70.65%,
8T,AR_SP_VF_yshaarj_nzoth_yogg_4013447278616047_IN_AM_ME_DS,140332,70.65%,
8T,AR_SW_VF_yshaarj_nzoth_yogg_4013302322953711_IN_AM_ME,140317,70.63%,
8T,AR_SW_VF_yshaarj_yogg_cthun_1988688026131951_IN_IV_ME,140310,70.62%,
8T,AR_SW_VF_yshaarj_yogg_cthun_1972332790668783_Mis_AM_DR,140308,70.62%,
8T,AR_SW_VF_yshaarj_yogg_cthun_1972332790144511_IN_AM_ME,140296,70.60%,
8T,VW_DH_VW_VF_nzoth_yogg_cthun_3132858932977645_IN_IV_DR,140295,70.60%,
8T,AR_EC_VF_yshaarj_nzoth_yogg_4013584717569519_IN_AM_ME_DS,140294,70.60%,
8T,AR_SW_VF_yshaarj_nzoth_yogg_4013318429597167_IN_IV_DR_DS,140293,70.60%,
8T,AR_SW_VF_yshaarj_yogg_cthun_2043251290660335_IN_IV_ME,140288,70.59%,
8T,AR_SP_VF_yshaarj_yogg_cthun_1971370784579055_IN_IV_ME,140286,70.59%,
8T,AR_EC_VF_yshaarj_yogg_cthun_2043259880594927_Mis_AM_ME_DS,140282,70.58%,
8T,AR_EC_VF_yshaarj_yogg_cthun_1971233278524927_Mis_AM_ME,140281,70.58%,
8T,AR_EC_VF_yshaarj_yogg_cthun_1988688025607679_IN_IV_DR,140279,70.58%,
8T,AR_SP_VF_yshaarj_yogg_cthun_1971233279049199_IN_IV_ME,140276,70.58%,
8T,AR_SP_VF_yshaarj_nzoth_yogg_4013318429081071_IN_AM_ME_DS,140271,70.57%,
8T,AR_EC_VF_yshaarj_yogg_cthun_1971234352782831_Mis_AM_ME,140260,70.56%,
8T,AR_EC_VF_yshaarj_yogg_cthun_1973432301780463_Mis_AM_DR,140249,70.54%,
8T,AR_SP_VF_yshaarj_yogg_cthun_1971250458910191_Mis_IV_ME_DS,140232,70.52%,
8T,AR_SW_VF_yshaarj_nzoth_yogg_4013309839670767_Mis_AM_DR_DS,140224,70.51%,
8T,AR_SW_VF_yshaarj_nzoth_yogg_4013851005025775_IN_AM_DR,140215,70.50%,
8T,AR_SW_VF_yshaarj_yogg_cthun_1988688092716527_IN_IV_ME,140209,70.50%,
8T,AR_SP_VF_yshaarj_yogg_cthun_1988688025615855_IN_IV_DR,140209,70.50%,
8T,AR_SW_VF_nzoth_yogg_cthun_3169159787437551_IN_IV_ME_DS,140208,70.49%,
8T,AR_SP_VF_yshaarj_yogg_cthun_1973432302296559_IN_IV_ME,140202,70.49%,
8T,AR_SW_VF_nzoth_yogg_cthun_3169159787437551_IN_IV_DR_DS,140201,70.49%,
8T,AR_EC_VF_yshaarj_nzoth_yogg_4013584717045247_IN_IV_ME_DS,140201,70.49%,
8T,AR_EC_VF_yshaarj_nzoth_yogg_4013301249727999_IN_AM_DR,140197,70.48%,
8T,AR_SW_VF_yshaarj_nzoth_yogg_4013576127118831_IN_AM_ME,140192,70.48%,
8T,AR_EC_VF_yshaarj_yogg_cthun_1971233345633775_Mis_AM_DR,140169,70.45%,
8T,AR_SW_VF_yshaarj_nzoth_yogg_4013851005025775_IN_AM_ME,140168,70.45%,
8T,VW_DH_TV_VF_nzoth_yogg_cthun_3150313612959725_IN_AM_ME,140155,70.43%,
8T,AR_EC_VF_yshaarj_nzoth_yogg_4013309839670767_IN_AM_DR_DS,140154,70.43%,
8T,AR_SW_VF_yshaarj_nzoth_yogg_4013318496181743_IN_AM_ME_DS,140153,70.43%,
8T,AR_SP_VF_yshaarj_nzoth_yogg_4013576127110655_IN_AM_ME,140145,70.42%,
8T,AR_EC_VF_yshaarj_yogg_cthun_1971234352266735_IN_IV_DR,140140,70.41%,
8T,AR_SW_VF_yshaarj_nzoth_yogg_4013309906255343_Mis_AM_DR_DS,140136,70.41%,
8T,AR_SP_VF_yshaarj_yogg_cthun_1971250458385919_Mis_IV_ME_DS,140129,70.40%,
8T,AR_SW_VF_nzoth_yogg_cthun_3169151264087535_IN_AM_ME,140126,70.40%,
8T,AR_SW_VF_yshaarj_yogg_cthun_1971234352258559_Mis_IV_DR,140107,70.37%,
8T,AR_SW_VF_yshaarj_yogg_cthun_1972332790144511_Mis_AM_ME,140106,70.37%,
8T,AR_EC_VF_yshaarj_yogg_cthun_1971233279049199_Mis_AM_DR,140100,70.36%,
8T,AR_SP_VF_yshaarj_nzoth_yogg_4013309839662591_Mis_AM_DR_DS,140098,70.36%,
8T,AR_SW_VF_yshaarj_yogg_cthun_1971233614061039_Mis_AM_DR,140072,70.33%,
8T,AR_SP_VF_yshaarj_yogg_cthun_1971370717994479_Mis_AM_DR,140056,70.31%,
8T,AR_SP_VF_yshaarj_yogg_cthun_1971370717470207_Mis_AM_ME,140048,70.30%,
8T,AR_EC_VF_yshaarj_yogg_cthun_1971234352782831_IN_IV_ME,140040,70.29%,
8T,AR_SW_VF_yshaarj_yogg_cthun_2043251290660335_Mis_AM_ME,140037,70.29%,
8T,AR_SW_VF_yshaarj_nzoth_yogg_4014409350766079_Mis_AM_DR_DS,140023,70.27%,
8T,AR_SW_VF_yshaarj_nzoth_yogg_4013318429597167_IN_AM_ME_DS,140013,70.26%,
8T,VW_DH_VW_VF_nzoth_yogg_cthun_3132858865876973_IN_AM_ME,139968,70.20%,
8T,AR_SP_VF_yshaarj_nzoth_yogg_4013309906247167_IN_IV_DR_DS,139964,70.20%,
8T,AR_SP_VF_yshaarj_yogg_cthun_1973432301780463_IN_IV_DR,139963,70.20%,
8T,AR_SP_VF_yshaarj_yogg_cthun_1971250458394095_Mis_IV_ME_DS,139956,70.19%,
8T,AR_SP_VF_yshaarj_yogg_cthun_1971370717994479_Mis_AM_ME,139952,70.18%,
8T,AR_SW_VF_yshaarj_yogg_cthun_2043259880078831_Mis_IV_DR_DS,139944,70.17%,
8T,AR_SP_VF_yshaarj_yogg_cthun_2043251290660335_IN_IV_DR,139939,70.17%,
8T,AR_SW_VF_yshaarj_nzoth_yogg_4013310979988975_IN_IV_ME_DS,139927,70.15%,
8T,AR_SP_VF_yshaarj_yogg_cthun_2043259947179503_Mis_AM_DR_DS,139926,70.15%,
8T,AR_SW_VF_yshaarj_yogg_cthun_1973432368881135_Mis_AM_ME,139923,70.15%,
8T,AR_SW_VF_nzoth_yogg_cthun_3132875903196671_Mis_AM_DR_DS,139923,70.15%,
8T,AR_SW_VF_yshaarj_yogg_cthun_1972332857253359_IN_AM_ME,139920,70.14%,
8T,AR_EC_VF_yshaarj_yogg_cthun_1973432368881135_IN_IV_DR,139918,70.14%,
8T,AR_SP_VF_yshaarj_nzoth_yogg_4013584717053423_Mis_AM_DR_DS,139914,70.14%,
8T,AR_SW_VF_nzoth_yogg_cthun_3169159786921455_Mis_AM_DR_DS,139906,70.13%,
8T,AR_SW_VF_yshaarj_yogg_cthun_2043251290144239_IN_IV_DR,139901,70.12%,
8T,AR_SW_VF_nzoth_yogg_cthun_3169151196986863_IN_AM_ME,139898,70.12%,
8T,AR_EC_VF_yshaarj_nzoth_yogg_4013584784154095_IN_AM_ME_DS,139892,70.11%,
8T,AR_SP_VF_yshaarj_nzoth_yogg_4013310979988975_IN_AM_ME_DS,139875,70.09%,
8T,AR_SW_VF_yshaarj_yogg_cthun_1973432368881135_Mis_AM_DR,139864,70.08%,
8T,AR_SW_VF_yshaarj_nzoth_yogg_4013447278091775_IN_IV_DR_DS,139843,70.05%,
8T,AR_SP_VF_yshaarj_yogg_cthun_1971233614061039_IN_IV_ME,139838,70.04%,
8T,AR_SP_VF_yshaarj_yogg_cthun_1971370717478383_Mis_AM_ME,139816,70.02%,
8T,AR_EC_VF_yshaarj_yogg_cthun_1971234352266735_Mis_AM_ME,139815,70.02%,
8T,AR_SW_VF_yshaarj_nzoth_yogg_4013301249736175_IN_AM_DR,139814,70.02%,
8T,AR_SP_VF_yshaarj_yogg_cthun_1988688025607679_IN_IV_ME,139805,70.00%,
8T,AR_SW_VF_yshaarj_yogg_cthun_2043251290144239_Mis_AM_ME,139799,70.00%,
8T,AR_SP_VF_yshaarj_yogg_cthun_1971370717478383_IN_IV_ME,139797,69.99%,
8T,AR_SP_VF_yshaarj_yogg_cthun_1971233345633775_Mis_AM_ME,139786,69.98%,
8T,AR_SW_VF_yshaarj_nzoth_yogg_4013301316320751_IN_AM_ME,139780,69.97%,
8T,AR_SP_VF_yshaarj_nzoth_yogg_4014409350766079_IN_AM_DR_DS,139776,69.97%,
8T,AR_SW_VF_yshaarj_yogg_cthun_1973432302296559_IN_IV_ME,139756,69.94%,
8T,AR_EC_VF_yshaarj_yogg_cthun_1988688092716527_IN_AM_ME,139735,69.92%,
8T,AR_SP_VF_yshaarj_yogg_cthun_2043251290144239_Mis_AM_DR,139717,69.90%,
8T,AR_EC_VF_yshaarj_nzoth_yogg_4013310174682607_IN_AM_DR_DS,139716,69.90%,
8T,AR_SW_VF_yshaarj_nzoth_yogg_4013318429072895_IN_IV_DR_DS,139709,69.89%,
8T,AR_SW_VF_yshaarj_nzoth_yogg_4013584717569519_Mis_AM_DR_DS,139705,69.88%,
8T,AR_EC_VF_yshaarj_yogg_cthun_1971234419367407_IN_IV_ME,139698,69.87%,
8T,VW_DH_VW_VF_nzoth_yogg_cthun_3132876045737965_IN_IV_DR_DS,139697,69.87%,
8T,AR_SW_VF_nzoth_yogg_cthun_3169159786921455_IN_IV_DR_DS,139672,69.84%,
8T,AR_EC_VF_yshaarj_yogg_cthun_1971370717994479_IN_IV_ME,139655,69.82%,
8T,AR_SW_VF_yshaarj_nzoth_yogg_4013301249727999_IN_AM_ME,139625,69.79%,
8T,AR_SW_VF_yshaarj_yogg_cthun_2043251290144239_IN_IV_ME,139621,69.78%,
8T,AR_EC_VF_yshaarj_yogg_cthun_1973432302296559_IN_IV_DR,139619,69.78%,
8T,AR_SP_VF_yshaarj_yogg_cthun_1972332790152687_Mis_AM_DR,139615,69.77%,
8T,AR_SP_VF_yshaarj_yogg_cthun_1971370717994479_IN_IV_ME,139607,69.76%,
8T,AR_EC_VF_yshaarj_nzoth_yogg_4013310912880127_IN_IV_DR_DS,139604,69.76%,
8T,AR_SW_VF_yshaarj_yogg_cthun_1971370784579055_Mis_AM_ME,139588,69.74%,
8T,AR_SP_VF_yshaarj_nzoth_yogg_4013318429072895_IN_IV_DR_DS,139583,69.73%,
8T,AR_EC_VF_yshaarj_yogg_cthun_1971233345625599_Mis_AM_DR,139578,69.73%,
8T,AR_SW_VF_yshaarj_yogg_cthun_2043251357244911_IN_IV_ME,139531,69.67%,
8T,AR_SP_VF_nzoth_yogg_cthun_3169159854022127_IN_AM_ME_DS,139526,69.67%,
8T,AR_SP_VF_yshaarj_nzoth_yogg_4013309906255343_IN_AM_ME_DS,139526,69.66%,
8T,AR_SW_VF_yshaarj_nzoth_yogg_4013584717569519_IN_IV_DR_DS,139521,69.66%,
8T,AR_EC_VF_yshaarj_nzoth_yogg_4013310912888303_IN_AM_DR_DS,139505,69.64%,
8T,AR_EC_VF_yshaarj_yogg_cthun_1971233279041023_Mis_AM_ME,139491,69.62%,
8T,AR_EC_VF_yshaarj_nzoth_yogg_4013309839662591_IN_IV_DR_DS,139489,69.62%,
8T,AR_EC_VF_yshaarj_yogg_cthun_1971250525494767_Mis_AM_DR_DS,139483,69.61%,
8T,AR_SP_VF_yshaarj_nzoth_yogg_4013301249211903_IN_AM_DR,139477,69.61%,
8T,AR_EC_VF_yshaarj_yogg_cthun_1971250458910191_Mis_AM_DR_DS,139476,69.60%,
8T,AR_EC_VF_yshaarj_yogg_cthun_1971233345625599_IN_IV_ME,139475,69.60%,
8T,AR_SW_VF_yshaarj_nzoth_yogg_4013310913404399_Mis_AM_DR_DS,139475,69.60%,
8T,AR_SP_VF_yshaarj_yogg_cthun_2043251357244911_IN_IV_DR,139474,69.60%,
8T,AR_EC_VF_yshaarj_yogg_cthun_1971250458394095_Mis_AM_ME_DS,139472,69.60%,
8T,AR_SW_VF_yshaarj_nzoth_yogg_4013301249736175_IN_AM_ME,139449,69.57%,
8T,AR_SP_VF_yshaarj_yogg_cthun_1973432301780463_Mis_AM_ME,139446,69.57%,
8T,AR_SP_VF_yshaarj_nzoth_yogg_4013310912888303_IN_AM_ME_DS,139446,69.57%,
8T,AR_SW_VF_yshaarj_yogg_cthun_1988688092716527_IN_IV_DR,139444,69.57%,
8T,AR_SP_VF_yshaarj_yogg_cthun_1973432302296559_Mis_AM_DR,139433,69.55%,
8T,AR_SW_VF_nzoth_yogg_cthun_3132875903196671_IN_AM_DR_DS,139433,69.55%,
8T,AR_SW_VF_yshaarj_nzoth_yogg_4014409351290351_IN_AM_DR_DS,139429,69.55%,
8T,AR_SP_VF_yshaarj_yogg_cthun_1971233345633775_IN_IV_ME,139423,69.54%,
8T,AR_EC_VF_yshaarj_yogg_cthun_1971234352258559_IN_IV_ME,139420,69.54%,
8T,AR_SP_VF_yshaarj_yogg_cthun_2043259947179503_Mis_AM_ME_DS,139403,69.52%,
8T,AR_EC_VF_yshaarj_nzoth_yogg_4013310979988975_IN_AM_DR_DS,139378,69.49%,
8T,AR_SW_VF_yshaarj_yogg_cthun_1973432302296559_Mis_AM_ME,139370,69.48%,
8T,AR_SW_VF_yshaarj_yogg_cthun_1988688025607679_Mis_AM_ME,139369,69.47%,
8T,AR_EC_VF_yshaarj_yogg_cthun_2043251290144239_IN_AM_ME,139346,69.45%,
8T,AR_SP_VF_yshaarj_yogg_cthun_1971370717478383_Mis_AM_DR,139344,69.44%,
8T,AR_SP_VF_yshaarj_yogg_cthun_1973432302296559_Mis_AM_ME,139336,69.43%,
8T,VW_DH_TV_VF_nzoth_yogg_cthun_3132859939610605_IN_AM_DR,139331,69.43%,
8T,AR_EC_VF_yshaarj_yogg_cthun_1971234352266735_Mis_AM_DR,139330,69.43%,
8T,AR_EC_VF_yshaarj_yogg_cthun_1971370784579055_IN_IV_DR,139316,69.41%,
8T,AR_EC_VF_yshaarj_yogg_cthun_2043251357244911_IN_AM_ME,139309,69.40%,
8T,AR_SW_VF_yshaarj_nzoth_yogg_4013584784154095_IN_IV_DR_DS,139295,69.38%,
8T,AR_SP_VF_yshaarj_nzoth_yogg_4013318429081071_IN_AM_DR_DS,139275,69.36%,
8T,AR_EC_VF_nzoth_yogg_cthun_3169159786913279_IN_IV_DR_DS,139262,69.34%,
8T,AR_EC_VF_yshaarj_yogg_cthun_1971370717470207_IN_IV_ME,139248,69.33%,
8T,AR_SW_VF_yshaarj_yogg_cthun_1973432368881135_IN_IV_ME,139246,69.32%,
8T,AR_SW_VF_yshaarj_nzoth_yogg_4014409417874927_IN_AM_DR_DS,139233,69.31%,
8T,AR_SP_VF_yshaarj_yogg_cthun_1971233278524927_IN_IV_ME,139221,69.29%,
8T,AR_SW_VF_yshaarj_yogg_cthun_1972332790152687_Mis_AM_ME,139212,69.28%,
8T,AR_SW_VF_yshaarj_nzoth_yogg_4013302322945535_IN_AM_ME,139210,69.28%,
8T,AR_SW_VF_yshaarj_yogg_cthun_1971250525494767_Mis_IV_DR_DS,139208,69.28%,
8T,AR_SW_VF_yshaarj_yogg_cthun_2043251290660335_IN_IV_DR,139180,69.24%,
8T,AR_EC_VF_yshaarj_yogg_cthun_2043251290144239_IN_AM_DR,139174,69.24%,
8T,AR_SW_VF_yshaarj_nzoth_yogg_4013584717053423_IN_IV_DR_DS,139172,69.23%,
8T,AR_SW_VF_yshaarj_yogg_cthun_1972332790144511_Mis_AM_DR,139160,69.22%,
8T,AR_SW_VF_yshaarj_yogg_cthun_1972332790152687_Mis_AM_DR,139157,69.22%,
8T,AR_EC_VF_yshaarj_yogg_cthun_1971233345633775_IN_IV_DR,139152,69.21%,
8T,VW_DH_VW_VF_nzoth_yogg_cthun_3132876045737965_IN_AM_ME_DS,139151,69.21%,
8T,VW_DH_TV_VF_nzoth_yogg_cthun_3150313612959725_IN_IV_DR,139143,69.20%,
8T,AR_SW_VF_yshaarj_nzoth_yogg_4013584784154095_IN_IV_ME_DS,139138,69.19%,
8T,AR_SP_VF_yshaarj_yogg_cthun_1971234419367407_IN_IV_ME,139126,69.18%,
8T,AR_SW_VF_yshaarj_nzoth_yogg_4014409350774255_IN_AM_DR_DS,139121,69.17%,
8T,AR_EC_VF_yshaarj_nzoth_yogg_4013584717053423_IN_AM_DR_DS,139105,69.15%,
8T,AR_SW_VF_yshaarj_nzoth_yogg_4013309839146495_Mis_AM_ME_DS,139094,69.14%,
8T,AR_SP_VF_nzoth_yogg_cthun_3169151196986863_IN_AM_DR,139092,69.14%,
8T,AR_EC_VF_yshaarj_yogg_cthun_1971233279041023_Mis_AM_DR,139075,69.12%,
8T,AR_SP_VF_yshaarj_yogg_cthun_1971233345625599_Mis_AM_ME,139067,69.11%,
8T,AR_SP_VF_yshaarj_nzoth_yogg_4013447278099951_IN_AM_ME_DS,139054,69.09%,
8T,AR_SW_VF_yshaarj_yogg_cthun_2043251357244911_IN_IV_DR,139043,69.08%,
8T,AR_SW_VF_yshaarj_nzoth_yogg_4013318429081071_IN_AM_ME_DS,139042,69.08%,
8T,AR_SP_VF_nzoth_yogg_cthun_3169159786921455_IN_AM_ME_DS,139035,69.07%,
8T,AR_SP_VF_yshaarj_nzoth_yogg_4013447278091775_IN_IV_DR_DS,139035,69.07%,
8T,AR_EC_VF_yshaarj_yogg_cthun_2043259880594927_IN_IV_ME_DS,139031,69.06%,
8T,AR_EC_VF_yshaarj_yogg_cthun_2043259947179503_IN_IV_ME_DS,139028,69.06%,
8T,AR_SP_VF_yshaarj_nzoth_yogg_4013851005541871_IN_AM_DR,139027,69.06%,
8T,AR_EC_VF_yshaarj_nzoth_yogg_4013310913404399_IN_AM_DR_DS,139014,69.04%,
8T,AR_SP_VF_yshaarj_yogg_cthun_1973432301772287_Mis_AM_ME,139014,69.04%,
8T,AR_SW_VF_yshaarj_nzoth_yogg_4013851005017599_IN_AM_DR,138986,69.01%,
8T,AR_SP_VF_yshaarj_yogg_cthun_1971370717470207_Mis_AM_DR,138978,69.00%,
8T,AR_SW_VF_yshaarj_yogg_cthun_1971250458910191_Mis_IV_DR_DS,138978,69.00%,
8T,AR_SP_VF_yshaarj_nzoth_yogg_4013310912880127_IN_IV_DR_DS,138969,68.99%,
8T,AR_SW_VF_yshaarj_yogg_cthun_1971250458385919_Mis_IV_ME_DS,138962,68.98%,
8T,AR_SW_VF_yshaarj_yogg_cthun_1972332790152687_IN_AM_DR,138954,68.97%,
8T,AR_SW_VF_yshaarj_yogg_cthun_1973432302296559_Mis_AM_DR,138949,68.96%,
8T,AR_SP_VF_yshaarj_yogg_cthun_1971370717470207_IN_IV_ME,138942,68.96%,
8T,AR_SP_VF_yshaarj_yogg_cthun_1988688025607679_IN_IV_DR,138925,68.93%,
8T,AR_EC_VF_yshaarj_yogg_cthun_2043259880078831_IN_IV_ME_DS,138915,68.92%,
8T,AR_EC_VF_yshaarj_yogg_cthun_1971233279041023_IN_IV_ME,138912,68.92%,
8T,AR_SW_VF_yshaarj_nzoth_yogg_4013584717569519_IN_IV_ME_DS,138910,68.92%,
8T,AR_SP_VF_yshaarj_nzoth_yogg_4013318429072895_IN_AM_ME_DS,138907,68.91%,
8T,AR_SW_VF_yshaarj_nzoth_yogg_4013438688157183_IN_AM_ME,138902,68.91%,
8T,AR_SW_VF_yshaarj_yogg_cthun_1971370717994479_IN_IV_ME,138901,68.90%,
8T,AR_EC_VF_yshaarj_yogg_cthun_1973432368881135_IN_AM_ME,138884,68.88%,
8T,AR_EC_VF_yshaarj_nzoth_yogg_4013309906247167_IN_AM_ME_DS,138882,68.88%,
8T,AR_SP_VF_yshaarj_yogg_cthun_1973432302296559_IN_IV_DR,138882,68.88%,
8T,AR_SW_VF_yshaarj_yogg_cthun_1973432301780463_Mis_AM_ME,138878,68.88%,
8T,AR_SW_VF_yshaarj_yogg_cthun_2043251290144239_Mis_AM_DR,138874,68.87%,
8T,AR_SP_VF_yshaarj_yogg_cthun_1972332790668783_IN_AM_DR,138873,68.87%,
8T,AR_SW_VF_yshaarj_nzoth_yogg_4013301316320751_IN_AM_DR,138871,68.87%,
8T,AR_SP_VF_yshaarj_nzoth_yogg_4013584717045247_Mis_AM_DR_DS,138840,68.83%,
8T,AR_SW_VF_nzoth_yogg_cthun_3169151196978687_IN_IV_DR,138835,68.83%,
8T,AR_SW_VF_yshaarj_nzoth_yogg_4013301249211903_IN_AM_ME,138835,68.82%,
8T,AR_SW_VF_yshaarj_yogg_cthun_1973432368881135_IN_IV_DR,138834,68.82%,
8T,AR_EC_VF_yshaarj_yogg_cthun_1971233614061039_IN_IV_DR,138821,68.81%,
8T,AR_SW_VF_yshaarj_nzoth_yogg_4013310912880127_Mis_AM_DR_DS,138813,68.80%,
8T,AR_SW_VF_yshaarj_yogg_cthun_2043259880070655_Mis_IV_ME_DS,138798,68.78%,
8T,AR_EC_VF_yshaarj_yogg_cthun_2043259880078831_Mis_AM_ME_DS,138788,68.77%,
8T,AR_EC_VF_yshaarj_yogg_cthun_1988688026131951_IN_AM_ME,138787,68.77%,
8T,AR_SP_VF_yshaarj_yogg_cthun_2043251290136063_Mis_AM_DR,138785,68.76%,
8T,AR_SW_VF_yshaarj_nzoth_yogg_4013438755266031_IN_AM_DR,138783,68.76%,
8T,AR_SP_VF_yshaarj_yogg_cthun_1988688026131951_IN_IV_DR,138778,68.76%,
8T,AR_EC_VF_yshaarj_yogg_cthun_2043251290660335_IN_AM_ME,138772,68.75%,
8T,AR_EC_VF_yshaarj_yogg_cthun_1971233279049199_IN_IV_DR,138771,68.75%,
8T,AR_EC_VF_yshaarj_yogg_cthun_1971233278524927_IN_IV_DR,138765,68.74%,
8T,AR_SP_VF_yshaarj_yogg_cthun_1971370717478383_IN_IV_DR,138752,68.72%,
8T,AR_SW_VF_yshaarj_yogg_cthun_1971233614061039_Mis_AM_ME,138749,68.72%,
8T,AR_SW_VF_yshaarj_yogg_cthun_1971370784579055_IN_IV_ME,138729,68.70%,
8T,AR_SP_VF_yshaarj_nzoth_yogg_4013584784154095_IN_AM_ME_DS,138723,68.69%,
8T,AR_SP_VF_yshaarj_nzoth_yogg_4013309839146495_Mis_AM_DR_DS,138717,68.68%,
8T,AR_SW_VF_yshaarj_yogg_cthun_1988688025615855_IN_IV_ME,138701,68.66%,
8T,AR_SW_VF_yshaarj_nzoth_yogg_4013576127118831_IN_AM_DR,138701,68.66%,
8T,AR_SW_VF_yshaarj_nzoth_yogg_4013310912880127_IN_IV_DR_DS,138698,68.66%,
8T,AR_SP_VF_nzoth_yogg_cthun_3169159787437551_IN_AM_ME_DS,138696,68.66%,
8T,AR_SW_VF_yshaarj_nzoth_yogg_4013447278091775_IN_IV_ME_DS,138685,68.64%,
8T,AR_SW_VF_yshaarj_nzoth_yogg_4013309839662591_Mis_AM_ME_DS,138684,68.64%,
8T,AR_SW_VF_yshaarj_yogg_cthun_1971370717994479_Mis_AM_ME,138664,68.62%,
8T,AR_SW_VF_yshaarj_nzoth_yogg_4013302323469807_IN_AM_DR,138662,68.61%,
8T,AR_EC_VF_yshaarj_yogg_cthun_1971233346149871_IN_IV_ME,138655,68.61%,
8T,AR_SP_VF_nzoth_yogg_cthun_3169159786921455_IN_AM_DR_DS,138652,68.60%,
8T,AR_SW_VF_yshaarj_yogg_cthun_1971233279049199_IN_IV_ME,138651,68.60%,
8T,AR_SP_VF_nzoth_yogg_cthun_3169151196978687_IN_AM_ME,138649,68.60%,
8T,AR_EC_VF_yshaarj_yogg_cthun_1971250458910191_Mis_AM_ME_DS,138632,68.58%,
8T,AR_SW_VF_yshaarj_yogg_cthun_1971234352266735_IN_IV_ME,138632,68.58%,
8T,AR_SW_VF_yshaarj_yogg_cthun_1988688025607679_IN_IV_DR,138627,68.57%,
8T,AR_SW_VF_yshaarj_nzoth_yogg_4013438688681455_IN_AM_DR,138623,68.57%,
8T,AR_EC_VF_yshaarj_yogg_cthun_1988688025615855_IN_AM_DR,138621,68.56%,
8T,AR_EC_VF_yshaarj_yogg_cthun_2043259880078831_Mis_AM_DR_DS,138608,68.55%,
8T,AR_EC_VF_yshaarj_yogg_cthun_1971250458394095_IN_IV_ME_DS,138608,68.55%,
8T,AR_EC_VF_nzoth_yogg_cthun_3169159786913279_IN_AM_ME_DS,138599,68.54%,
8T,AR_EC_VF_yshaarj_yogg_cthun_1988688025615855_IN_AM_ME,138592,68.53%,
8T,AR_EC_VF_yshaarj_yogg_cthun_2043251290136063_IN_IV_ME,138585,68.52%,
8T,AR_SP_VF_yshaarj_yogg_cthun_1973432301780463_Mis_AM_DR,138584,68.52%,
8T,AR_SP_VF_yshaarj_yogg_cthun_2043259880078831_Mis_AM_ME_DS,138584,68.52%,
8T,AR_EC_VF_yshaarj_nzoth_yogg_4013576127110655_IN_AM_DR,138578,68.51%,
8T,AR_SW_VF_yshaarj_nzoth_yogg_4013309839662591_IN_IV_DR_DS,138576,68.51%,
8T,AR_SP_VF_yshaarj_yogg_cthun_1972332857253359_IN_AM_DR,138563,68.49%,
8T,AR_SW_VF_yshaarj_nzoth_yogg_4013584717053423_Mis_AM_DR_DS,138563,68.49%,
8T,AR_SP_VF_yshaarj_nzoth_yogg_4013318429597167_IN_AM_DR_DS,138558,68.49%,
8T,AR_SP_VF_yshaarj_nzoth_yogg_4013309906771439_IN_AM_ME_DS,138552,68.48%,
8T,AR_SP_VF_yshaarj_yogg_cthun_1971233346149871_Mis_AM_ME,138545,68.47%,
8T,AR_SW_VF_yshaarj_yogg_cthun_1971370717478383_IN_IV_ME,138531,68.46%,
8T,AR_SP_VF_yshaarj_yogg_cthun_1971233346149871_Mis_AM_DR,138531,68.46%,
8T,AR_SW_VF_yshaarj_nzoth_yogg_4013301584748015_IN_AM_DR,138530,68.45%,
8T,AR_EC_VF_yshaarj_nzoth_yogg_4013447278616047_IN_AM_DR_DS,138528,68.45%,
8T,AR_EC_VF_yshaarj_nzoth_yogg_4013584717045247_IN_IV_DR_DS,138528,68.45%,
8T,AR_SP_VF_yshaarj_nzoth_yogg_4013302322945535_IN_AM_DR,138518,68.44%,
8T,AR_SP_VF_yshaarj_yogg_cthun_1973432301772287_IN_IV_ME,138518,68.44%,
8T,AR_SP_VF_yshaarj_nzoth_yogg_4013438688157183_IN_AM_DR,138512,68.43%,
8T,AR_SW_VF_yshaarj_nzoth_yogg_4013851005541871_IN_AM_DR,138497,68.41%,
8T,AR_EC_VF_yshaarj_yogg_cthun_1971250525494767_Mis_AM_ME_DS,138495,68.41%,
8T,AR_SW_VF_yshaarj_yogg_cthun_1988688025607679_IN_IV_ME,138466,68.38%,
8T,AR_SW_VF_yshaarj_nzoth_yogg_4013302322953711_IN_AM_DR,138463,68.37%,
8T,AR_SP_VF_yshaarj_yogg_cthun_1971234352258559_Mis_AM_DR,138456,68.36%,
8T,AR_EC_VF_yshaarj_yogg_cthun_1973432302296559_IN_AM_ME,138454,68.36%,
8T,AR_EC_VF_yshaarj_yogg_cthun_1973432301780463_IN_AM_ME,138449,68.36%,
8T,AR_EC_VF_yshaarj_yogg_cthun_1973432301772287_IN_IV_DR,138441,68.35%,
8T,AR_SP_VF_yshaarj_yogg_cthun_1971234419367407_Mis_AM_ME,138422,68.32%,
8T,AR_SW_VF_yshaarj_yogg_cthun_1988688025615855_IN_IV_DR,138414,68.31%,
8T,AR_SW_VF_yshaarj_yogg_cthun_1973432301772287_Mis_AM_DR,138404,68.30%,
8T,AR_SP_VF_yshaarj_yogg_cthun_1971234352258559_IN_IV_ME,138397,68.29%,
8T,AR_SW_VF_yshaarj_nzoth_yogg_4013310912888303_Mis_AM_DR_DS,138360,68.25%,
8T,AR_SW_VF_yshaarj_yogg_cthun_1971233346149871_IN_IV_ME,138347,68.23%,
8T,AR_SP_VF_yshaarj_yogg_cthun_1971234352266735_IN_IV_ME,138344,68.23%,
8T,AR_SP_VF_yshaarj_yogg_cthun_1971233346149871_IN_IV_ME,138334,68.22%,
8T,AR_SW_VF_yshaarj_nzoth_yogg_4013310912888303_IN_IV_DR_DS,138318,68.20%,
8T,AR_SP_VF_yshaarj_nzoth_yogg_4013309839670767_IN_AM_ME_DS,138315,68.19%,
8T,AR_EC_VF_yshaarj_nzoth_yogg_4013309906771439_IN_AM_DR_DS,138314,68.19%,
8T,AR_SP_VF_yshaarj_yogg_cthun_2043259880594927_Mis_AM_ME_DS,138310,68.19%,
8T,AR_SW_VF_nzoth_yogg_cthun_3169159786913279_Mis_AM_DR_DS,138294,68.17%,
8T,AR_SP_VF_yshaarj_nzoth_yogg_4013309839662591_IN_IV_DR_DS,138274,68.14%,
8T,AR_SP_VF_yshaarj_yogg_cthun_1971234352258559_Mis_AM_ME,138273,68.14%,
8T,AR_SP_VF_yshaarj_yogg_cthun_1973432301772287_Mis_AM_DR,138262,68.13%,
8T,AR_SP_VF_yshaarj_nzoth_yogg_4013301316312575_IN_AM_DR,138260,68.13%,
8T,AR_SP_VF_yshaarj_yogg_cthun_1973432368881135_IN_IV_DR,138241,68.10%,
8T,AR_SW_VF_yshaarj_yogg_cthun_1971233345633775_IN_IV_ME,138234,68.09%,
8T,AR_SP_VF_yshaarj_yogg_cthun_1971233345625599_IN_IV_ME,138231,68.09%,
8T,AR_SP_VF_yshaarj_nzoth_yogg_4013318496181743_IN_AM_DR_DS,138201,68.05%,
8T,AR_SW_VF_yshaarj_yogg_cthun_1971370717470207_Mis_AM_ME,138190,68.04%,
8T,AR_SP_VF_yshaarj_yogg_cthun_2043259880594927_Mis_AM_DR_DS,138188,68.04%,
8T,AR_EC_VF_yshaarj_nzoth_yogg_4013309839146495_IN_AM_ME_DS,138184,68.03%,
8T,AR_SP_VF_yshaarj_nzoth_yogg_4013310913404399_IN_AM_DR_DS,138167,68.01%,
8T,AR_SP_VF_yshaarj_nzoth_yogg_4013447278099951_IN_AM_DR_DS,138164,68.01%,
8T,AR_SW_VF_yshaarj_nzoth_yogg_4013318429081071_IN_AM_DR_DS,138160,68.00%,
8T,VW_DH_VW_VF_nzoth_yogg_cthun_3150313612959725_IN_IV_DR,138152,67.99%,
8T,AR_SW_VF_yshaarj_nzoth_yogg_4013576127110655_IN_AM_ME,138151,67.99%,
8T,AR_EC_VF_nzoth_yogg_cthun_3169151196978687_IN_AM_DR,138150,67.99%,
8T,AR_SW_VF_yshaarj_nzoth_yogg_4013301316312575_IN_AM_ME,138144,67.98%,
8T,AR_SW_VF_yshaarj_yogg_cthun_1973432301780463_IN_IV_DR,138143,67.98%,
8T,AR_SW_VF_yshaarj_nzoth_yogg_4013310912880127_IN_IV_ME_DS,138135,67.97%,
8T,AR_SP_VF_yshaarj_nzoth_yogg_4013584717045247_IN_IV_DR_DS,138131,67.97%,
8T,AR_SP_VF_yshaarj_yogg_cthun_1971234352782831_Mis_AM_ME,138117,67.95%,
8T,AR_SW_VF_yshaarj_yogg_cthun_1971233346149871_Mis_AM_ME,138109,67.94%,
8T,VW_DH_TV_VF_nzoth_yogg_cthun_3132867455803373_IN_AM_DR,138101,67.93%,
8T,AR_EC_VF_yshaarj_yogg_cthun_1971250525494767_IN_IV_ME_DS,138098,67.93%,
8T,AR_SW_VF_yshaarj_yogg_cthun_1973432301772287_IN_IV_ME,138097,67.93%,
8T,AR_EC_VF_yshaarj_nzoth_yogg_4013301316312575_IN_AM_DR,138096,67.93%,
8T,AR_SW_VF_yshaarj_yogg_cthun_1971234419367407_IN_IV_ME,138085,67.91%,
8T,AR_EC_VF_yshaarj_nzoth_yogg_4013309839662591_IN_AM_ME_DS,138082,67.91%,
8T,AR_SW_VF_yshaarj_yogg_cthun_2043251290136063_Mis_AM_DR,138082,67.91%,
8T,AR_SP_VF_yshaarj_yogg_cthun_1971234352782831_IN_IV_ME,138074,67.90%,
8T,AR_SW_VF_yshaarj_yogg_cthun_1971370717478383_Mis_AM_DR,138065,67.89%,
8T,AR_SW_VF_yshaarj_yogg_cthun_1973432301780463_Mis_AM_DR,138059,67.88%,
8T,AR_SW_VF_yshaarj_yogg_cthun_2043259947179503_Mis_AM_DR_DS,138050,67.87%,
8T,AR_SW_VF_yshaarj_nzoth_yogg_4013851072126447_IN_AM_DR,138045,67.86%,
8T,AR_SP_VF_yshaarj_yogg_cthun_2043251290136063_IN_IV_ME,138024,67.84%,
8T,AR_SP_VF_yshaarj_yogg_cthun_1971234352782831_Mis_AM_DR,138018,67.83%,
8T,AR_SW_VF_yshaarj_yogg_cthun_1971370717478383_Mis_AM_ME,138007,67.82%,
8T,AR_EC_VF_nzoth_yogg_cthun_3169159854022127_IN_AM_DR_DS,137983,67.79%,
8T,AR_SW_VF_yshaarj_yogg_cthun_2043259880070655_Mis_IV_DR_DS,137983,67.79%,
8T,AR_SP_VF_yshaarj_yogg_cthun_1971250525494767_Mis_AM_DR_DS,137967,67.77%,
8T,AR_SW_VF_yshaarj_yogg_cthun_1971370717470207_Mis_AM_DR,137967,67.77%,
8T,AR_SW_VF_yshaarj_yogg_cthun_1973432302296559_IN_IV_DR,137943,67.74%,
8T,AR_SP_VF_yshaarj_yogg_cthun_1972332790144511_IN_AM_DR,137936,67.73%,
8T,VW_DH_VW_VF_nzoth_yogg_cthun_3150313612959725_IN_AM_ME,137928,67.72%,
8T,AR_EC_VF_yshaarj_yogg_cthun_1971234419367407_IN_IV_DR,137924,67.72%,
8T,AR_SP_VF_nzoth_yogg_cthun_3169151197502959_IN_AM_DR,137918,67.71%,
8T,AR_EC_VF_yshaarj_yogg_cthun_1971234352258559_IN_IV_DR,137911,67.70%,
8T,AR_EC_VF_yshaarj_nzoth_yogg_4013584784154095_IN_AM_DR_DS,137899,67.69%,
8T,AR_SP_VF_yshaarj_yogg_cthun_1971250458385919_Mis_IV_DR_DS,137892,67.68%,
8T,AR_SW_VF_yshaarj_nzoth_yogg_4013584717045247_Mis_AM_ME_DS,137886,67.67%,
8T,AR_SP_VF_yshaarj_nzoth_yogg_4013447345200623_IN_AM_DR_DS,137885,67.67%,
8T,AR_SP_VF_yshaarj_nzoth_yogg_4013309839670767_IN_AM_DR_DS,137867,67.65%,
8T,AR_EC_VF_yshaarj_nzoth_yogg_4013584717045247_IN_AM_ME_DS,137860,67.64%,
8T,AR_SP_VF_yshaarj_yogg_cthun_1971370717994479_IN_IV_DR,137856,67.63%,
8T,AR_SW_VF_yshaarj_nzoth_yogg_4013301249211903_IN_AM_DR,137849,67.63%,
8T,AR_EC_VF_yshaarj_nzoth_yogg_4013447278091775_IN_AM_DR_DS,137844,67.62%,
8T,AR_SP_VF_yshaarj_yogg_cthun_1971233279049199_Mis_AM_DR,137835,67.61%,
8T,AR_SP_VF_yshaarj_yogg_cthun_1971233345633775_IN_IV_DR,137834,67.61%,
8T,AR_EC_VF_yshaarj_yogg_cthun_2043259880070655_Mis_AM_ME_DS,137833,67.61%,
8T,AR_SP_VF_yshaarj_yogg_cthun_1971233345625599_Mis_AM_DR,137816,67.59%,
8T,AR_SP_VF_yshaarj_nzoth_yogg_4013309906247167_IN_AM_ME_DS,137813,67.58%,
8T,AR_SW_VF_yshaarj_yogg_cthun_1971233614061039_IN_IV_ME,137812,67.58%,
8T,AR_SW_VF_yshaarj_nzoth_yogg_4013447345200623_IN_AM_ME_DS,137803,67.57%,
8T,AR_SW_VF_yshaarj_nzoth_yogg_4013309839146495_IN_IV_ME_DS,137799,67.56%,
8T,AR_EC_VF_yshaarj_nzoth_yogg_4013310912880127_IN_AM_DR_DS,137796,67.56%,
8T,AR_SP_VF_yshaarj_yogg_cthun_1971234352266735_IN_IV_DR,137761,67.52%,
8T,AR_EC_VF_yshaarj_yogg_cthun_1971250458910191_IN_IV_ME_DS,137761,67.52%,
8T,AR_SW_VF_yshaarj_nzoth_yogg_4013302390054383_IN_AM_DR,137760,67.52%,
8T,AR_SP_VF_nzoth_yogg_cthun_3169159786913279_IN_IV_DR_DS,137753,67.51%,
8T,AR_SW_VF_yshaarj_yogg_cthun_1971233345625599_IN_IV_ME,137736,67.49%,
8T,AR_EC_VF_nzoth_yogg_cthun_3169159787437551_IN_AM_DR_DS,137729,67.48%,
8T,AR_SP_VF_yshaarj_nzoth_yogg_4013584717053423_IN_AM_ME_DS,137717,67.47%,
8T,AR_SP_VF_yshaarj_nzoth_yogg_4013309906255343_IN_AM_DR_DS,137711,67.46%,
8T,VW_DH_TV_VF_nzoth_yogg_cthun_3132858866393069_IN_AM_DR,137694,67.44%,
8T,AR_SW_VF_yshaarj_nzoth_yogg_4013309906247167_IN_IV_DR_DS,137684,67.43%,
8T,AR_SP_VF_yshaarj_yogg_cthun_1971233278524927_IN_IV_DR,137672,67.41%,
8T,AR_EC_VF_yshaarj_yogg_cthun_1988688025607679_IN_AM_ME,137662,67.40%,
8T,AR_SP_VF_yshaarj_yogg_cthun_2043251290144239_IN_AM_ME,137655,67.39%,
8T,AR_SW_VF_yshaarj_yogg_cthun_1973432301772287_IN_IV_DR,137641,67.37%,
8T,AR_SW_VF_yshaarj_yogg_cthun_1971234419367407_Mis_AM_DR,137637,67.37%,
8T,AR_SW_VF_yshaarj_nzoth_yogg_4013309906247167_Mis_AM_DR_DS,137636,67.37%,
8T,AR_SP_VF_yshaarj_nzoth_yogg_4013310912888303_IN_AM_DR_DS,137624,67.35%,
8T,AR_EC_VF_yshaarj_yogg_cthun_1971370784579055_IN_AM_ME,137620,67.35%,
8T,AR_SW_VF_yshaarj_yogg_cthun_1971233279041023_IN_IV_ME,137618,67.34%,
8T,AR_EC_VF_yshaarj_yogg_cthun_1971234352782831_IN_IV_DR,137612,67.34%,
8T,AR_SP_VF_yshaarj_yogg_cthun_2043259947179503_IN_IV_ME_DS,137612,67.34%,
8T,AR_SP_VF_yshaarj_yogg_cthun_1971233279041023_Mis_AM_ME,137596,67.32%,
8T,AR_EC_VF_yshaarj_yogg_cthun_1971250458385919_Mis_AM_ME_DS,137592,67.31%,
8T,AR_SP_VF_yshaarj_yogg_cthun_1971233279049199_IN_IV_DR,137589,67.31%,
8T,AR_SW_VF_nzoth_yogg_cthun_3169159786921455_IN_AM_ME_DS,137585,67.30%,
8T,AR_SW_VF_yshaarj_yogg_cthun_1971233346149871_Mis_AM_DR,137582,67.30%,
8T,AR_SP_VF_yshaarj_nzoth_yogg_4013310174682607_IN_AM_DR_DS,137573,67.29%,
8T,AR_SW_VF_yshaarj_yogg_cthun_1971234352258559_IN_IV_ME,137566,67.28%,
8T,AR_SP_VF_yshaarj_nzoth_yogg_4013310979988975_IN_AM_DR_DS,137544,67.26%,
8T,AR_EC_VF_yshaarj_yogg_cthun_1971233278524927_Mis_AM_DR,137532,67.24%,
8T,AR_SP_VF_yshaarj_yogg_cthun_1971233614061039_IN_IV_DR,137520,67.23%,
8T,AR_SP_VF_yshaarj_yogg_cthun_2043259880078831_IN_IV_ME_DS,137508,67.21%,
8T,AR_SW_VF_yshaarj_nzoth_yogg_4013309839662591_IN_IV_ME_DS,137508,67.21%,
8T,AR_SW_VF_yshaarj_nzoth_yogg_4013309839662591_Mis_AM_DR_DS,137503,67.20%,
8T,AR_SW_VF_yshaarj_nzoth_yogg_4013310979988975_IN_AM_ME_DS,137486,67.18%,
8T,AR_SP_VF_yshaarj_nzoth_yogg_4013447278091775_IN_AM_ME_DS,137485,67.18%,
8T,AR_EC_VF_yshaarj_yogg_cthun_1971250458394095_Mis_AM_DR_DS,137484,67.18%,
8T,AR_SP_VF_yshaarj_yogg_cthun_1971370717470207_IN_IV_DR,137465,67.16%,
8T,AR_SW_VF_yshaarj_nzoth_yogg_4013310174682607_IN_AM_ME_DS,137460,67.15%,
8T,AR_EC_VF_yshaarj_yogg_cthun_2043251290136063_IN_IV_DR,137451,67.14%,
8T,AR_SW_VF_yshaarj_yogg_cthun_1971234419367407_IN_IV_DR,137440,67.13%,
8T,AR_SP_VF_yshaarj_yogg_cthun_1973432301772287_IN_IV_DR,137437,67.12%,
8T,AR_SP_VF_yshaarj_yogg_cthun_1971250458394095_IN_IV_ME_DS,137425,67.11%,
8T,AR_SP_VF_yshaarj_nzoth_yogg_4013310913404399_IN_AM_ME_DS,137421,67.11%,
8T,AR_SW_VF_yshaarj_yogg_cthun_1971370717994479_IN_IV_DR,137415,67.10%,
8T,AR_SP_VF_nzoth_yogg_cthun_3169159786913279_IN_AM_ME_DS,137403,67.08%,
8T,AR_SW_VF_nzoth_yogg_cthun_3169159787437551_IN_AM_ME_DS,137396,67.08%,
8T,AR_SW_VF_yshaarj_yogg_cthun_1971234352782831_IN_IV_ME,137390,67.07%,
8T,AR_SW_VF_yshaarj_nzoth_yogg_4013576127634927_IN_AM_DR,137387,67.06%,
8T,AR_SW_VF_yshaarj_yogg_cthun_1971233345633775_Mis_AM_ME,137384,67.06%,
8T,AR_SW_VF_nzoth_yogg_cthun_3169159786913279_IN_IV_DR_DS,137381,67.06%,
8T,AR_SW_VF_yshaarj_nzoth_yogg_4013301316836847_IN_AM_DR,137380,67.06%,
8T,AR_SW_VF_yshaarj_yogg_cthun_2043251290136063_IN_IV_ME,137375,67.05%,
8T,AR_EC_VF_yshaarj_yogg_cthun_1971370717994479_IN_IV_DR,137374,67.05%,
8T,AR_EC_VF_yshaarj_nzoth_yogg_4013584717569519_IN_AM_DR_DS,137373,67.05%,
8T,AR_SW_VF_yshaarj_yogg_cthun_2043251290136063_IN_IV_DR,137371,67.04%,
8T,AR_EC_VF_yshaarj_yogg_cthun_1973432301780463_IN_AM_DR,137346,67.01%,
8T,AR_SP_VF_yshaarj_yogg_cthun_1971233279049199_Mis_AM_ME,137344,67.01%,
8T,AR_EC_VF_yshaarj_nzoth_yogg_4013318429072895_IN_AM_DR_DS,137342,67.01%,
8T,AR_SW_VF_yshaarj_nzoth_yogg_4013447278616047_IN_AM_ME_DS,137333,67.00%,
8T,AR_SP_VF_yshaarj_yogg_cthun_1971234352266735_Mis_AM_ME,137326,66.99%,
8T,AR_EC_VF_yshaarj_yogg_cthun_2043251290136063_IN_AM_ME,137324,66.99%,
8T,AR_SP_VF_yshaarj_nzoth_yogg_4013584717053423_IN_AM_DR_DS,137313,66.97%,
8T,AR_EC_VF_yshaarj_yogg_cthun_1971233614061039_IN_AM_ME,137287,66.94%,
8T,AR_SW_VF_yshaarj_yogg_cthun_1971370784579055_IN_IV_DR,137285,66.94%,
8T,AR_SW_VF_yshaarj_yogg_cthun_1971233279049199_Mis_AM_DR,137279,66.93%,
8T,AR_SW_VF_yshaarj_yogg_cthun_1971233614061039_IN_IV_DR,137264,66.91%,
8T,AR_SW_VF_yshaarj_nzoth_yogg_4013309906247167_IN_IV_ME_DS,137259,66.91%,
8T,AR_SP_VF_yshaarj_yogg_cthun_1971233279041023_IN_IV_ME,137250,66.90%,
8T,AR_EC_VF_yshaarj_yogg_cthun_1971233345625599_IN_IV_DR,137238,66.88%,
8T,AR_SP_VF_yshaarj_yogg_cthun_1971233345633775_Mis_AM_DR,137229,66.87%,
8T,AR_EC_VF_yshaarj_yogg_cthun_1971370717478383_IN_AM_ME,137219,66.86%,
8T,AR_SP_VF_yshaarj_yogg_cthun_2043251290660335_IN_AM_ME,137218,66.86%,
8T,VW_DH_VW_VF_nzoth_yogg_cthun_3132859939610605_IN_AM_DR,137214,66.85%,
8T,AR_SP_VF_yshaarj_yogg_cthun_1971250525494767_IN_IV_ME_DS,137208,66.85%,
8T,AR_SP_VF_yshaarj_yogg_cthun_1971233279041023_Mis_AM_DR,137201,66.84%,
8T,AR_EC_VF_yshaarj_yogg_cthun_2043259880070655_Mis_AM_DR_DS,137196,66.83%,
8T,AR_SW_VF_yshaarj_yogg_cthun_1971234352782831_Mis_AM_DR,137196,66.83%,
8T,AR_SW_VF_yshaarj_nzoth_yogg_4013309839146495_IN_IV_DR_DS,137190,66.82%,
8T,AR_SW_VF_yshaarj_yogg_cthun_1971233345625599_Mis_AM_DR,137177,66.81%,
8T,AR_SW_VF_yshaarj_yogg_cthun_1971233279049199_Mis_AM_ME,137170,66.80%,
8T,AR_SP_VF_yshaarj_nzoth_yogg_4013301249727999_IN_AM_DR,137163,66.79%,
8T,AR_SP_VF_yshaarj_nzoth_yogg_4013309839662591_IN_AM_ME_DS,137147,66.77%,
8T,AR_EC_VF_yshaarj_yogg_cthun_1971370717994479_IN_AM_ME,137145,66.77%,
8T,AR_EC_VF_yshaarj_yogg_cthun_1971233346149871_IN_AM_ME,137119,66.74%,
8T,AR_EC_VF_nzoth_yogg_cthun_3169159786913279_IN_AM_DR_DS,137112,66.73%,
8T,AR_SP_VF_yshaarj_yogg_cthun_1971234352266735_Mis_AM_DR,137094,66.71%,
8T,AR_SW_VF_yshaarj_nzoth_yogg_4013584784154095_IN_AM_ME_DS,137088,66.70%,
8T,AR_EC_VF_yshaarj_yogg_cthun_1971233346149871_IN_IV_DR,137080,66.69%,
8T,AR_EC_VF_yshaarj_yogg_cthun_1971234352266735_IN_AM_ME,137068,66.68%,
8T,AR_SW_VF_yshaarj_yogg_cthun_1971370717478383_IN_IV_DR,137068,66.68%,
8T,AR_SP_VF_yshaarj_yogg_cthun_1971370784579055_IN_IV_DR,137058,66.66%,
8T,AR_SW_VF_yshaarj_nzoth_yogg_4013584717045247_IN_IV_DR_DS,137057,66.66%,
8T,AR_EC_VF_yshaarj_yogg_cthun_2043251357244911_IN_AM_DR,137054,66.66%,
8T,AR_SW_VF_yshaarj_yogg_cthun_1971233346149871_IN_IV_DR,137052,66.66%,
8T,AR_EC_VF_yshaarj_yogg_cthun_1971250458394095_IN_IV_DR_DS,137045,66.65%,
8T,AR_SW_VF_yshaarj_yogg_cthun_1973432301772287_Mis_AM_ME,137015,66.61%,
8T,AR_SP_VF_yshaarj_yogg_cthun_1971250525494767_Mis_AM_ME_DS,137001,66.59%,
8T,AR_EC_VF_yshaarj_yogg_cthun_1971234419367407_IN_AM_ME,136986,66.58%,
8T,AR_EC_VF_yshaarj_yogg_cthun_1971370717470207_IN_IV_DR,136978,66.57%,
8T,AR_SW_VF_yshaarj_yogg_cthun_1971233345633775_Mis_AM_DR,136973,66.56%,
8T,AR_SP_VF_yshaarj_nzoth_yogg_4013584717569519_IN_AM_ME_DS,136972,66.56%,
8T,AR_SW_VF_yshaarj_yogg_cthun_1971234352266735_IN_IV_DR,136969,66.56%,
8T,VW_DH_VW_VF_nzoth_yogg_cthun_3132858866393069_IN_AM_DR,136960,66.55%,
8T,AR_SW_VF_nzoth_yogg_cthun_3169159854022127_IN_AM_ME_DS,136959,66.54%,
8T,AR_SW_VF_yshaarj_nzoth_yogg_4013576194219503_IN_AM_DR,136956,66.54%,
8T,AR_SP_VF_yshaarj_yogg_cthun_1973432301780463_IN_AM_ME,136954,66.54%,
8T,AR_SW_VF_yshaarj_yogg_cthun_1972332790668783_IN_AM_DR,136948,66.53%,
8T,AR_SW_VF_yshaarj_yogg_cthun_1971233345625599_IN_IV_DR,136905,66.48%,
8T,AR_SW_VF_yshaarj_yogg_cthun_1971234419367407_Mis_AM_ME,136897,66.47%,
8T,AR_SP_VF_yshaarj_yogg_cthun_1971233278524927_Mis_AM_ME,136896,66.47%,
8T,AR_SW_VF_nzoth_yogg_cthun_3169159786913279_IN_IV_ME_DS,136891,66.46%,
8T,AR_SW_VF_yshaarj_yogg_cthun_1971250458385919_Mis_IV_DR_DS,136887,66.46%,
8T,AR_SW_VF_yshaarj_yogg_cthun_1971233279041023_Mis_AM_DR,136881,66.45%,
8T,AR_SP_VF_yshaarj_yogg_cthun_1971234419367407_IN_IV_DR,136873,66.44%,
8T,AR_SP_VF_yshaarj_yogg_cthun_1973432368881135_IN_AM_ME,136868,66.43%,
8T,AR_SP_VF_yshaarj_yogg_cthun_1971234352782831_IN_IV_DR,136867,66.43%,
8T,AR_EC_VF_yshaarj_yogg_cthun_2043259880078831_IN_IV_DR_DS,136853,66.41%,
8T,AR_SW_VF_yshaarj_yogg_cthun_1971234352266735_Mis_AM_ME,136851,66.41%,
8T,AR_SW_VF_yshaarj_yogg_cthun_1972332857253359_IN_AM_DR,136851,66.41%,
8T,AR_SW_VF_yshaarj_yogg_cthun_1971233278524927_IN_IV_ME,136847,66.41%,
8T,AR_SW_VF_yshaarj_yogg_cthun_1971370717470207_IN_IV_ME,136847,66.41%,
8T,AR_SW_VF_yshaarj_yogg_cthun_2043251290136063_Mis_AM_ME,136835,66.39%,
8T,AR_SW_VF_yshaarj_yogg_cthun_1971234352258559_Mis_AM_ME,136833,66.39%,
8T,AR_EC_VF_yshaarj_yogg_cthun_1971233345633775_IN_AM_DR,136804,66.35%,
8T,AR_SW_VF_yshaarj_nzoth_yogg_4013309906771439_IN_AM_ME_DS,136795,66.34%,
8T,AR_SP_VF_yshaarj_yogg_cthun_2043251357244911_IN_AM_ME,136731,66.27%,
8T,AR_SP_VF_yshaarj_yogg_cthun_1988688025607679_IN_AM_ME,136723,66.26%,
8T,AR_SW_VF_yshaarj_nzoth_yogg_4013318429072895_IN_AM_ME_DS,136717,66.25%,
8T,AR_SP_VF_yshaarj_yogg_cthun_2043259880078831_Mis_AM_DR_DS,136713,66.24%,
8T,AR_SP_VF_yshaarj_nzoth_yogg_4013576127110655_IN_AM_DR,136703,66.23%,
8T,AR_EC_VF_yshaarj_yogg_cthun_1971250458385919_Mis_AM_DR_DS,136702,66.23%,
8T,AR_EC_VF_yshaarj_yogg_cthun_2043251290660335_IN_AM_DR,136689,66.22%,
8T,AR_SW_VF_yshaarj_yogg_cthun_1971370717470207_IN_IV_DR,136689,66.21%,
8T,AR_SP_VF_yshaarj_nzoth_yogg_4013447278616047_IN_AM_DR_DS,136679,66.20%,
8T,AR_EC_VF_yshaarj_yogg_cthun_1973432301772287_IN_AM_ME,136669,66.19%,
8T,AR_SW_VF_nzoth_yogg_cthun_3169151196978687_IN_AM_ME,136663,66.18%,
8T,AR_SP_VF_yshaarj_yogg_cthun_1988688092716527_IN_AM_ME,136660,66.18%,
8T,AR_SW_VF_yshaarj_yogg_cthun_2043259947179503_Mis_AM_ME_DS,136659,66.18%,
8T,AR_SP_VF_yshaarj_nzoth_yogg_4013310912880127_IN_AM_ME_DS,136653,66.17%,
8T,AR_SW_VF_yshaarj_yogg_cthun_2043259880594927_Mis_AM_DR_DS,136651,66.17%,
8T,AR_EC_VF_yshaarj_nzoth_yogg_4013309839146495_IN_AM_DR_DS,136649,66.17%,
8T,AR_SW_VF_nzoth_yogg_cthun_3169151264087535_IN_AM_DR,136642,66.16%,
8T,AR_SW_VF_yshaarj_nzoth_yogg_4013584717053423_IN_AM_ME_DS,136637,66.15%,
8T,VW_DH_VW_VF_nzoth_yogg_cthun_3132867455803373_IN_AM_DR,136637,66.15%,
8T,AR_SP_VF_yshaarj_yogg_cthun_1988688026131951_IN_AM_ME,136637,66.15%,
8T,AR_SW_VF_yshaarj_yogg_cthun_1971233345625599_Mis_AM_ME,136631,66.15%,
8T,AR_SP_VF_yshaarj_yogg_cthun_1971250458394095_Mis_AM_ME_DS,136628,66.14%,
8T,AR_EC_VF_yshaarj_nzoth_yogg_4013309839662591_IN_AM_DR_DS,136616,66.13%,
8T,VW_DH_VW_VF_yshaarj_nzoth_cthun_3696297371820013_IN_IV_ME,136614,66.12%,
8T,AR_EC_VF_yshaarj_nzoth_yogg_4013309906247167_IN_AM_DR_DS,136577,66.08%,
8T,AR_SP_VF_nzoth_yogg_cthun_3169151196978687_IN_AM_DR,136569,66.07%,
8T,AR_EC_VF_yshaarj_yogg_cthun_1971370717478383_IN_AM_DR,136565,66.06%,
8T,AR_SP_VF_yshaarj_yogg_cthun_1988688025615855_IN_AM_DR,136564,66.06%,
8T,AR_SW_VF_yshaarj_yogg_cthun_1971234352782831_Mis_AM_ME,136563,66.06%,
8T,AR_SW_VF_yshaarj_yogg_cthun_1971234352258559_IN_IV_DR,136559,66.06%,
8T,AR_SW_VF_yshaarj_nzoth_yogg_4014409350766079_IN_AM_DR_DS,136550,66.05%,
8T,AR_SP_VF_yshaarj_nzoth_yogg_4013309839146495_IN_AM_DR_DS,136548,66.04%,
8T,AR_SW_VF_yshaarj_yogg_cthun_1971234352258559_Mis_AM_DR,136531,66.02%,
8T,AR_SW_VF_nzoth_yogg_cthun_3169151196986863_IN_AM_DR,136519,66.01%,
8T,AR_EC_VF_yshaarj_yogg_cthun_1971233279049199_IN_AM_DR,136508,66.00%,
8T,AR_SP_VF_yshaarj_yogg_cthun_1971234352258559_IN_IV_DR,136456,65.93%,
8T,AR_EC_VF_yshaarj_yogg_cthun_1971233345633775_IN_AM_ME,136431,65.90%,
8T,AR_EC_VF_yshaarj_yogg_cthun_2043259947179503_IN_IV_DR_DS,136390,65.85%,
8T,AR_SW_VF_nzoth_yogg_cthun_3169151197502959_IN_AM_DR,136380,65.84%,
8T,AR_EC_VF_yshaarj_yogg_cthun_1973432302296559_IN_AM_DR,136375,65.83%,
8T,AR_EC_VF_yshaarj_yogg_cthun_1971250458910191_IN_IV_DR_DS,136373,65.83%,
8T,AR_SP_VF_yshaarj_yogg_cthun_2043251290136063_IN_IV_DR,136363,65.82%,
8T,AR_SW_VF_yshaarj_nzoth_yogg_4013310913404399_IN_AM_ME_DS,136337,65.79%,
8T,AR_SW_VF_yshaarj_yogg_cthun_1972332790144511_IN_AM_DR,136328,65.78%,
8T,AR_SW_VF_yshaarj_nzoth_yogg_4013584717569519_IN_AM_ME_DS,136315,65.76%,
8T,AR_SW_VF_yshaarj_yogg_cthun_1971233279041023_IN_IV_DR,136305,65.75%,
8T,AR_SW_VF_yshaarj_nzoth_yogg_4013447278099951_IN_AM_ME_DS,136300,65.74%,
8T,AR_SP_VF_nzoth_yogg_cthun_3169159854022127_IN_AM_DR_DS,136276,65.71%,
8T,AR_SP_VF_yshaarj_yogg_cthun_2043259880078831_IN_IV_DR_DS,136233,65.66%,
8T,AR_EC_VF_yshaarj_yogg_cthun_1971250525494767_IN_IV_DR_DS,136230,65.66%,
8T,AR_SW_VF_yshaarj_yogg_cthun_1971233279049199_IN_IV_DR,136216,65.64%,
8T,AR_EC_VF_yshaarj_yogg_cthun_1971233279049199_IN_AM_ME,136197,65.62%,
8T,AR_EC_VF_yshaarj_yogg_cthun_1971234352782831_IN_AM_ME,136194,65.61%,
8T,AR_SW_VF_yshaarj_nzoth_yogg_4013584717045247_Mis_AM_DR_DS,136176,65.59%,
8T,AR_SP_VF_yshaarj_yogg_cthun_1971250458910191_IN_IV_ME_DS,136174,65.59%,
8T,AR_SW_VF_yshaarj_nzoth_yogg_4013309839146495_Mis_AM_DR_DS,136157,65.57%,
8T,AR_SW_VF_yshaarj_nzoth_yogg_4013302322945535_IN_AM_DR,136109,65.51%,
8T,AR_SW_VF_yshaarj_nzoth_yogg_4013447278099951_IN_AM_DR_DS,136094,65.49%,
8T,AR_SP_VF_yshaarj_yogg_cthun_1973432302296559_IN_AM_ME,136087,65.48%,
8T,AR_EC_VF_yshaarj_yogg_cthun_1971233279041023_IN_AM_ME,136078,65.47%,
8T,AR_SP_VF_yshaarj_yogg_cthun_2043259880594927_IN_IV_ME_DS,136076,65.47%,
8T,AR_SP_VF_yshaarj_yogg_cthun_1971233346149871_IN_IV_DR,136070,65.46%,
8T,AR_SP_VF_yshaarj_yogg_cthun_1971250458394095_IN_IV_DR_DS,136066,65.46%,
8T,AR_EC_VF_yshaarj_yogg_cthun_1971234352266735_IN_AM_DR,136053,65.44%,
8T,AR_SW_VF_yshaarj_yogg_cthun_1971234352782831_IN_IV_DR,136053,65.44%,
8T,AR_SP_VF_yshaarj_yogg_cthun_2043251290144239_IN_AM_DR,136032,65.42%,
8T,AR_EC_VF_yshaarj_yogg_cthun_1971233279041023_IN_IV_DR,136011,65.39%,
8T,AR_SW_VF_yshaarj_nzoth_yogg_4013309906255343_IN_AM_ME_DS,136001,65.38%,
8T,AR_SP_VF_yshaarj_yogg_cthun_2043259880070655_Mis_AM_DR_DS,135991,65.37%,
8T,AR_SP_VF_yshaarj_yogg_cthun_1971250458910191_Mis_AM_ME_DS,135976,65.35%,
8T,AR_EC_VF_yshaarj_yogg_cthun_1971233345625599_IN_AM_ME,135918,65.28%,
8T,AR_EC_VF_yshaarj_yogg_cthun_1971370717470207_IN_AM_ME,135917,65.28%,
8T,AR_SW_VF_yshaarj_nzoth_yogg_4013584717045247_IN_IV_ME_DS,135851,65.20%,
8T,AR_SW_VF_yshaarj_nzoth_yogg_4013309839670767_IN_AM_ME_DS,135842,65.19%,
8T,AR_SP_VF_nzoth_yogg_cthun_3169159787437551_IN_AM_DR_DS,135840,65.18%,
8T,AR_EC_VF_yshaarj_yogg_cthun_1988688025607679_IN_AM_DR,135810,65.15%,
8T,AR_SP_VF_yshaarj_nzoth_yogg_4013309839146495_IN_AM_ME_DS,135805,65.14%,
8T,VW_DH_VW_VF_yshaarj_nzoth_yogg_3977498544373741_IN_IV_ME,135800,65.13%,
8T,AR_EC_VF_yshaarj_yogg_cthun_1971250458385919_IN_IV_ME_DS,135772,65.10%,
8T,AR_SW_VF_yshaarj_nzoth_yogg_4013310912888303_IN_AM_ME_DS,135762,65.09%,
8T,AR_SP_VF_yshaarj_yogg_cthun_1971233614061039_IN_AM_ME,135707,65.02%,
8T,AR_EC_VF_yshaarj_yogg_cthun_2043259880070655_IN_IV_ME_DS,135697,65.01%,
8T,AR_SW_VF_yshaarj_yogg_cthun_1971233278524927_Mis_AM_ME,135693,65.00%,
8T,AR_SP_VF_yshaarj_yogg_cthun_1971233278524927_Mis_AM_DR,135686,65.00%,
8T,AR_SW_VF_yshaarj_yogg_cthun_1971250525494767_Mis_AM_ME_DS,135685,64.99%,
8T,AR_SW_VF_yshaarj_yogg_cthun_2043259880078831_Mis_AM_ME_DS,135678,64.99%,
8T,AR_SW_VF_yshaarj_yogg_cthun_1971233279041023_Mis_AM_ME,135657,64.96%,
8T,AR_SW_VF_yshaarj_yogg_cthun_1971250458910191_IN_IV_ME_DS,135637,64.94%,
8T,AR_SW_VF_yshaarj_nzoth_yogg_4013318429597167_IN_AM_DR_DS,135622,64.92%,
8T,AR_EC_VF_yshaarj_yogg_cthun_1971233278524927_IN_AM_DR,135618,64.91%,
8T,VW_DH_VW_VF_yshaarj_nzoth_yogg_3977567263842285_Mis_IV_ME,135614,64.91%,
8T,AR_SW_VF_yshaarj_yogg_cthun_1971233345633775_IN_IV_DR,135612,64.91%,
8T,AR_SW_VF_yshaarj_nzoth_yogg_4013301249727999_IN_AM_DR,135611,64.90%,
8T,AR_SW_VF_yshaarj_yogg_cthun_2043259880594927_Mis_AM_ME_DS,135601,64.89%,
8T,AR_SW_VF_nzoth_yogg_cthun_3169159786913279_IN_AM_ME_DS,135593,64.88%,
8T,AR_SP_VF_yshaarj_nzoth_yogg_4013584717045247_IN_AM_ME_DS,135584,64.87%,
8T,AR_SW_VF_yshaarj_yogg_cthun_1971250525494767_Mis_AM_DR_DS,135581,64.87%,
8T,AR_SP_VF_yshaarj_yogg_cthun_2043259880070655_Mis_AM_ME_DS,135572,64.86%,
8T,AR_SW_VF_yshaarj_yogg_cthun_1971250525494767_IN_IV_ME_DS,135565,64.85%,
8T,VW_DH_VW_VF_yshaarj_nzoth_yogg_3977497470631917_IN_IV_ME,135555,64.84%,
8T,AR_SP_VF_yshaarj_yogg_cthun_1973432301780463_IN_AM_DR,135546,64.83%,
8T,AR_SW_VF_yshaarj_yogg_cthun_1971233278524927_IN_IV_DR,135541,64.82%,
8T,AR_SW_VF_yshaarj_yogg_cthun_1971234352266735_Mis_AM_DR,135532,64.81%,
8T,AR_EC_VF_yshaarj_yogg_cthun_1971234352258559_IN_AM_ME,135507,64.78%,
8T,AR_EC_VF_yshaarj_yogg_cthun_1988688092716527_IN_AM_DR,135478,64.74%,
8T,VW_DH_TV_VF_nzoth_yogg_cthun_3132858932977645_IN_AM_DR,135463,64.72%,
8T,AR_SP_VF_yshaarj_nzoth_yogg_4013584717569519_IN_AM_DR_DS,135462,64.72%,
8T,AR_SP_VF_yshaarj_yogg_cthun_1971370784579055_IN_AM_ME,135403,64.65%,
8T,AR_SP_VF_yshaarj_nzoth_yogg_4013447278091775_IN_AM_DR_DS,135402,64.65%,
8T,AR_EC_VF_yshaarj_yogg_cthun_1971233278524927_IN_AM_ME,135400,64.65%,
8T,AR_SP_VF_yshaarj_yogg_cthun_1971250458385919_Mis_AM_DR_DS,135391,64.64%,
8T,AR_SW_VF_yshaarj_yogg_cthun_2043259880078831_IN_IV_ME_DS,135387,64.63%,
8T,AR_SW_VF_yshaarj_yogg_cthun_2043259947179503_IN_IV_DR_DS,135385,64.63%,
8T,AR_SP_VF_yshaarj_yogg_cthun_1988688025615855_IN_AM_ME,135364,64.60%,
8T,AR_SP_VF_yshaarj_yogg_cthun_1971233345625599_IN_IV_DR,135358,64.60%,
8T,AR_EC_VF_yshaarj_yogg_cthun_1973432368881135_IN_AM_DR,135350,64.59%,
8T,AR_SW_VF_yshaarj_yogg_cthun_2043251290660335_IN_AM_ME,135305,64.53%,
8T,AR_SP_VF_yshaarj_yogg_cthun_1971233279041023_IN_IV_DR,135304,64.53%,
8T,AR_SP_VF_yshaarj_yogg_cthun_2043259880070655_IN_IV_ME_DS,135276,64.50%,
8T,AR_SW_VF_yshaarj_nzoth_yogg_4013438688157183_IN_AM_DR,135269,64.49%,
8T,AR_SW_VF_yshaarj_yogg_cthun_2043251357244911_IN_AM_ME,135269,64.49%,
8T,AR_EC_VF_yshaarj_yogg_cthun_1971250458385919_IN_IV_DR_DS,135260,64.48%,
8T,AR_SP_VF_yshaarj_yogg_cthun_1971250458910191_Mis_AM_DR_DS,135260,64.48%,
8T,AR_SW_VF_yshaarj_yogg_cthun_1971250458910191_Mis_AM_DR_DS,135252,64.47%,
8T,AR_EC_VF_yshaarj_nzoth_yogg_4013584717045247_IN_AM_DR_DS,135238,64.45%,
8T,AR_SP_VF_yshaarj_yogg_cthun_1973432301772287_IN_AM_ME,135211,64.42%,
8T,AR_SW_VF_nzoth_yogg_cthun_3169159786921455_IN_AM_DR_DS,135198,64.40%,
8T,VW_DH_TV_VF_yshaarj_nzoth_cthun_3696297371820013_IN_IV_ME,135173,64.37%,
8T,AR_EC_VF_yshaarj_yogg_cthun_2043259880594927_IN_IV_DR_DS,135167,64.37%,
8T,AR_SW_VF_yshaarj_nzoth_yogg_4013310174682607_IN_AM_DR_DS,135130,64.32%,
8T,AR_SP_VF_yshaarj_yogg_cthun_1971250458385919_Mis_AM_ME_DS,135118,64.31%,
8T,VW_DH_VW_VF_yshaarj_nzoth_yogg_3977772348530669_IN_IV_ME,135114,64.30%,
8T,AR_SW_VF_yshaarj_nzoth_yogg_4013584717053423_IN_AM_DR_DS,135088,64.27%,
8T,AR_EC_VF_yshaarj_yogg_cthun_1971233614061039_IN_AM_DR,135067,64.24%,
8T,AR_SP_VF_yshaarj_nzoth_yogg_4013310912880127_IN_AM_DR_DS,135036,64.21%,
8T,AR_SW_VF_yshaarj_nzoth_yogg_4013309906255343_IN_AM_DR_DS,135026,64.19%,
8T,AR_EC_VF_yshaarj_yogg_cthun_1988688026131951_IN_AM_DR,135017,64.18%,
8T,AR_SP_VF_yshaarj_yogg_cthun_1971233279049199_IN_AM_DR,135016,64.18%,
8T,AR_SP_VF_yshaarj_yogg_cthun_1971370717478383_IN_AM_ME,134981,64.14%,
8T,AR_EC_VF_yshaarj_yogg_cthun_1971370784579055_IN_AM_DR,134959,64.11%,
8T,AR_SP_VF_yshaarj_yogg_cthun_2043259947179503_IN_IV_DR_DS,134952,64.10%,
8T,AR_SP_VF_yshaarj_yogg_cthun_1971370717994479_IN_AM_ME,134948,64.10%,
8T,AR_EC_VF_yshaarj_yogg_cthun_2043259947179503_IN_AM_ME_DS,134901,64.04%,
8T,AR_SW_VF_yshaarj_yogg_cthun_1971250458910191_Mis_AM_ME_DS,134872,64.01%,
8T,AR_SP_VF_yshaarj_yogg_cthun_1971250458910191_IN_IV_DR_DS,134860,63.99%,
8T,AR_EC_VF_yshaarj_yogg_cthun_1971250458394095_IN_AM_ME_DS,134832,63.96%,
8T,AR_SP_VF_yshaarj_yogg_cthun_1971250458385919_IN_IV_ME_DS,134812,63.93%,
8T,AR_SW_VF_yshaarj_yogg_cthun_1971250458394095_Mis_AM_DR_DS,134795,63.91%,
8T,AR_SW_VF_yshaarj_yogg_cthun_1971250458394095_IN_IV_ME_DS,134793,63.91%,
8T,VW_DH_TV_VF_nzoth_yogg_cthun_3132996304822253_IN_AM_DR,134780,63.89%,
8T,AR_EC_VF_yshaarj_yogg_cthun_1971250458385919_IN_AM_ME_DS,134777,63.89%,
8T,AR_SW_VF_yshaarj_nzoth_yogg_4013309839670767_IN_AM_DR_DS,134761,63.87%,
8T,AR_EC_VF_yshaarj_yogg_cthun_2043259880594927_IN_AM_ME_DS,134761,63.87%,
8T,AR_EC_VF_yshaarj_yogg_cthun_2043259947179503_IN_AM_DR_DS,134751,63.86%,
8T,AR_SW_VF_yshaarj_nzoth_yogg_4013301316312575_IN_AM_DR,134750,63.86%,
8T,AR_SP_VF_yshaarj_yogg_cthun_1988688092716527_IN_AM_DR,134747,63.85%,
8T,AR_SP_VF_yshaarj_nzoth_yogg_4013318429072895_IN_AM_DR_DS,134738,63.84%,
8T,AR_SP_VF_yshaarj_yogg_cthun_1971370717470207_IN_AM_ME,134734,63.84%,
8T,AR_SW_VF_yshaarj_yogg_cthun_1971233278524927_Mis_AM_DR,134729,63.83%,
8T,AR_SP_VF_yshaarj_nzoth_yogg_4013584784154095_IN_AM_DR_DS,134729,63.83%,
8T,VW_DH_VW_VF_yshaarj_nzoth_cthun_3696313477947373_IN_IV_ME_DS,134727,63.83%,
8T,AR_SW_VF_yshaarj_yogg_cthun_1988688092716527_IN_AM_ME,134726,63.83%,
8T,AR_SP_VF_yshaarj_yogg_cthun_1971370717478383_IN_AM_DR,134708,63.81%,
8T,AR_SW_VF_yshaarj_yogg_cthun_1971250458385919_IN_IV_ME_DS,134704,63.80%,
8T,AR_EC_VF_yshaarj_yogg_cthun_2043259880078831_IN_AM_DR_DS,134699,63.80%,
8T,VW_DH_TV_VF_yshaarj_nzoth_yogg_3979696493879277_IN_IV_ME,134678,63.77%,
8T,AR_SP_VF_yshaarj_nzoth_yogg_4013309906771439_IN_AM_DR_DS,134660,63.75%,
8T,AR_SW_VF_yshaarj_nzoth_yogg_4013318496181743_IN_AM_DR_DS,134652,63.74%,
8T,AR_SP_VF_yshaarj_yogg_cthun_2043251357244911_IN_AM_DR,134625,63.71%,
8T,AR_SP_VF_yshaarj_yogg_cthun_1971233345633775_IN_AM_DR,134611,63.69%,
8T,VW_DH_VW_VF_yshaarj_nzoth_yogg_3979696493879277_IN_IV_ME,134611,63.69%,
8T,AR_SW_VF_yshaarj_yogg_cthun_1971250458394095_IN_IV_DR_DS,134604,63.68%,
8T,AR_SW_VF_yshaarj_yogg_cthun_2043251290144239_IN_AM_ME,134603,63.68%,
8T,AR_SP_VF_yshaarj_yogg_cthun_1971250458394095_Mis_AM_DR_DS,134585,63.66%,
8T,VW_DH_VW_VF_nzoth_yogg_cthun_3132858932977645_IN_AM_DR,134583,63.65%,
8T,AR_SW_VF_yshaarj_yogg_cthun_1971250458910191_IN_IV_DR_DS,134548,63.61%,
8T,VW_DH_TV_VF_nzoth_yogg_cthun_3132858865876973_IN_AM_DR,134535,63.60%,
8T,AR_SW_VF_yshaarj_yogg_cthun_2043259947179503_IN_IV_ME_DS,134535,63.60%,
8T,AR_EC_VF_yshaarj_yogg_cthun_2043251290136063_IN_AM_DR,134514,63.57%,
8T,VW_DH_TV_VF_yshaarj_nzoth_yogg_3977497470631917_IN_IV_ME,134510,63.57%,
8T,AR_SW_VF_yshaarj_yogg_cthun_2043259880594927_IN_IV_DR_DS,134505,63.56%,
8T,AR_SP_VF_yshaarj_yogg_cthun_2043251290660335_IN_AM_DR,134488,63.54%,
8T,AR_SP_VF_yshaarj_yogg_cthun_2043259880594927_IN_IV_DR_DS,134480,63.53%,
8T,VW_DH_VW_VF_yshaarj_nzoth_cthun_3696298445561837_IN_IV_ME,134476,63.52%,
8T,AR_SW_VF_nzoth_yogg_cthun_3169151196978687_IN_AM_DR,134474,63.52%,
8T,AR_SP_VF_yshaarj_yogg_cthun_2043251290136063_IN_AM_ME,134465,63.51%,
8T,AR_SP_VF_yshaarj_yogg_cthun_1971233346149871_IN_AM_ME,134450,63.49%,
8T,AR_EC_VF_yshaarj_yogg_cthun_2043259880078831_IN_AM_ME_DS,134416,63.45%,
8T,AR_SP_VF_yshaarj_yogg_cthun_1971250525494767_IN_IV_DR_DS,134414,63.45%,
8T,AR_EC_VF_yshaarj_yogg_cthun_1971250525494767_IN_AM_ME_DS,134394,63.43%,
8T,AR_EC_VF_yshaarj_yogg_cthun_1973432301772287_IN_AM_DR,134382,63.41%,
8T,AR_SW_VF_yshaarj_yogg_cthun_1971250458385919_Mis_AM_DR_DS,134333,63.35%,
8T,AR_SP_VF_yshaarj_yogg_cthun_1971234352266735_IN_AM_ME,134332,63.35%,
8T,AR_SW_VF_yshaarj_yogg_cthun_2043259880070655_Mis_AM_ME_DS,134322,63.34%,
8T,AR_EC_VF_yshaarj_yogg_cthun_1971250458394095_IN_AM_DR_DS,134319,63.33%,
8T,VW_DH_TV_VF_nzoth_yogg_cthun_3132876045737965_IN_AM_DR_DS,134313,63.33%,
8T,AR_EC_VF_yshaarj_yogg_cthun_1971233346149871_IN_AM_DR,134313,63.33%,
8T,AR_SW_VF_yshaarj_nzoth_yogg_4013310912880127_IN_AM_ME_DS,134304,63.32%,
8T,AR_SW_VF_yshaarj_nzoth_yogg_4013576127110655_IN_AM_DR,134303,63.31%,
8T,AR_EC_VF_yshaarj_yogg_cthun_1971234352258559_IN_AM_DR,134300,63.31%,
8T,AR_SW_VF_yshaarj_yogg_cthun_1988688025615855_IN_AM_DR,134288,63.30%,
8T,AR_SW_VF_yshaarj_yogg_cthun_1973432302296559_IN_AM_ME,134274,63.28%,
8T,AR_SP_VF_yshaarj_yogg_cthun_1971233345633775_IN_AM_ME,134272,63.28%,
8T,AR_SW_VF_yshaarj_yogg_cthun_2043259880594927_IN_IV_ME_DS,134201,63.19%,
8T,AR_SP_VF_yshaarj_yogg_cthun_1971234352782831_IN_AM_ME,134198,63.19%,
8T,AR_SW_VF_yshaarj_nzoth_yogg_4013309839662591_IN_AM_ME_DS,134154,63.13%,
8T,AR_SW_VF_nzoth_yogg_cthun_3169159854022127_IN_AM_DR_DS,134139,63.11%,
8T,AR_SW_VF_yshaarj_yogg_cthun_1988688026131951_IN_AM_ME,134110,63.08%,
8T,AR_SW_VF_yshaarj_yogg_cthun_2043259880078831_Mis_AM_DR_DS,134104,63.07%,
8T,AR_EC_VF_yshaarj_yogg_cthun_1971370717994479_IN_AM_DR,134077,63.04%,
8T,AR_SW_VF_yshaarj_yogg_cthun_1971250458385919_IN_IV_DR_DS,134062,63.02%,
8T,AR_SP_VF_yshaarj_yogg_cthun_1971233279049199_IN_AM_ME,134058,63.02%,
8T,AR_SW_VF_yshaarj_yogg_cthun_1971250458394095_Mis_AM_ME_DS,134057,63.02%,
8T,AR_SW_VF_yshaarj_nzoth_yogg_4013310979988975_IN_AM_DR_DS,134055,63.01%,
8T,AR_SP_VF_yshaarj_yogg_cthun_1971234419367407_IN_AM_ME,134021,62.97%,
8T,AR_SW_VF_yshaarj_yogg_cthun_2043259880078831_IN_IV_DR_DS,134002,62.95%,
8T,AR_SW_VF_yshaarj_yogg_cthun_2043251290144239_IN_AM_DR,133981,62.92%,
8T,VW_DH_VW_VF_nzoth_yogg_cthun_3132858865876973_IN_AM_DR,133944,62.88%,
8T,AR_EC_VF_yshaarj_yogg_cthun_1971234419367407_IN_AM_DR,133936,62.87%,
8T,AR_SW_VF_yshaarj_nzoth_yogg_4013584717045247_IN_AM_ME_DS,133933,62.86%,
8T,AR_SW_VF_yshaarj_yogg_cthun_1973432301780463_IN_AM_DR,133929,62.86%,
8T,AR_SP_VF_yshaarj_yogg_cthun_1971250458385919_IN_IV_DR_DS,133912,62.84%,
8T,AR_SP_VF_nzoth_yogg_cthun_3169159786913279_IN_AM_DR_DS,133904,62.83%,
8T,VW_DH_TV_VF_yshaarj_nzoth_cthun_3696298445561837_IN_IV_ME,133899,62.82%,
8T,AR_SP_VF_yshaarj_yogg_cthun_1971234352258559_IN_AM_ME,133882,62.80%,
8T,AR_SW_VF_yshaarj_nzoth_yogg_4013310912888303_IN_AM_DR_DS,133850,62.76%,
8T,VW_DH_VW_VF_nzoth_yogg_cthun_3132876045737965_IN_AM_DR_DS,133836,62.75%,
8T,AR_SW_VF_yshaarj_nzoth_yogg_4013447278091775_IN_AM_ME_DS,133809,62.71%,
8T,VW_DH_VW_VF_yshaarj_nzoth_yogg_3977513576759277_IN_IV_ME_DS,133806,62.71%,
8T,AR_SP_VF_yshaarj_yogg_cthun_1988688025607679_IN_AM_DR,133799,62.70%,
8T,AR_SW_VF_nzoth_yogg_cthun_3169159787437551_IN_AM_DR_DS,133795,62.70%,
8T,VW_DH_TV_VF_yshaarj_nzoth_yogg_3977772348530669_IN_IV_ME,133790,62.69%,
8T,VW_DH_VW_VF_yshaarj_nzoth_yogg_4049515482243053_IN_IV_ME,133780,62.68%,
8T,AR_SW_VF_yshaarj_nzoth_yogg_4013447345200623_IN_AM_DR_DS,133764,62.66%,
8T,AR_SP_VF_yshaarj_yogg_cthun_1971233278524927_IN_AM_ME,133763,62.66%,
8T,VW_DH_TV_VF_yshaarj_nzoth_cthun_3696297371820013_IN_IV_DR,133735,62.62%,
8T,VW_DH_TV_VF_yshaarj_nzoth_yogg_3977498544373741_IN_IV_ME,133725,62.61%,
8T,AR_EC_VF_yshaarj_yogg_cthun_1971234352782831_IN_AM_DR,133721,62.61%,
8T,AR_SW_VF_yshaarj_nzoth_yogg_4013309839146495_IN_AM_ME_DS,133691,62.57%,
8T,AR_EC_VF_yshaarj_yogg_cthun_2043259880070655_IN_IV_DR_DS,133681,62.56%,
8T,AR_SW_VF_yshaarj_yogg_cthun_1973432368881135_IN_AM_ME,133678,62.55%,
8T,AR_SP_VF_yshaarj_yogg_cthun_1971233279041023_IN_AM_ME,133677,62.55%,
8T,AR_EC_VF_yshaarj_yogg_cthun_1971370717470207_IN_AM_DR,133672,62.55%,
8T,VW_DH_VW_VF_yshaarj_nzoth_yogg_3979696493879277_IN_IV_DR,133656,62.53%,
8T,AR_SP_VF_yshaarj_yogg_cthun_1973432368881135_IN_AM_DR,133652,62.52%,
8T,AR_SW_VF_yshaarj_nzoth_yogg_4013309906247167_IN_AM_ME_DS,133644,62.51%,
8T,VW_DH_VW_VF_yshaarj_nzoth_cthun_3696297371820013_IN_IV_DR,133644,62.51%,
8T,AR_EC_VF_yshaarj_yogg_cthun_1971250458910191_IN_AM_ME_DS,133632,62.50%,
8T,AR_SW_VF_yshaarj_nzoth_yogg_4013447278616047_IN_AM_DR_DS,133632,62.50%,
8T,VW_DH_VW_VF_nzoth_yogg_cthun_3132996304822253_IN_AM_DR,133620,62.48%,
8T,AR_SW_VF_yshaarj_yogg_cthun_1973432301780463_IN_AM_ME,133606,62.47%,
8T,AR_SP_VF_yshaarj_yogg_cthun_1971234352266735_IN_AM_DR,133542,62.39%,
8T,AR_SW_VF_yshaarj_yogg_cthun_1988688025607679_IN_AM_ME,133532,62.38%,
8T,AR_SP_VF_yshaarj_yogg_cthun_1971233345625599_IN_AM_ME,133463,62.29%,
8T,AR_SW_VF_yshaarj_yogg_cthun_1971250458385919_Mis_AM_ME_DS,133452,62.28%,
8T,AR_SP_VF_yshaarj_nzoth_yogg_4013309906247167_IN_AM_DR_DS,133404,62.22%,
8T,AR_SP_VF_yshaarj_yogg_cthun_1988688026131951_IN_AM_DR,133379,62.19%,
8T,AR_EC_VF_yshaarj_yogg_cthun_1971233345625599_IN_AM_DR,133351,62.16%,
8T,AR_SW_VF_yshaarj_yogg_cthun_1971233614061039_IN_AM_ME,133348,62.15%,
8T,AR_SW_VF_yshaarj_yogg_cthun_2043251290136063_IN_AM_ME,133340,62.14%,
8T,AR_EC_VF_yshaarj_yogg_cthun_2043259880594927_IN_AM_DR_DS,133320,62.12%,
8T,AR_SP_VF_yshaarj_yogg_cthun_1973432302296559_IN_AM_DR,133265,62.05%,
8T,AR_SP_VF_yshaarj_yogg_cthun_1971370784579055_IN_AM_DR,133207,61.98%,
8T,AR_SP_VF_yshaarj_yogg_cthun_1973432301772287_IN_AM_DR,133185,61.95%,
8T,AR_SP_VF_yshaarj_yogg_cthun_1971250525494767_IN_AM_ME_DS,133180,61.95%,
8T,AR_SW_VF_yshaarj_nzoth_yogg_4013584784154095_IN_AM_DR_DS,133168,61.93%,
8T,AR_SP_VF_yshaarj_yogg_cthun_2043259947179503_IN_AM_ME_DS,133131,61.89%,
8T,AR_SW_VF_yshaarj_yogg_cthun_1971250525494767_IN_IV_DR_DS,133125,61.88%,
8T,AR_SP_VF_yshaarj_nzoth_yogg_4013309839662591_IN_AM_DR_DS,133096,61.85%,
8T,VW_DH_VW_VF_yshaarj_nzoth_yogg_3977497537732589_IN_IV_ME,133081,61.83%,
8T,VW_DH_VW_VF_yshaarj_nzoth_yogg_3977773422272493_IN_IV_ME,133063,61.81%,
8T,AR_SW_VF_yshaarj_nzoth_yogg_4013310913404399_IN_AM_DR_DS,133033,61.77%,
8T,AR_SW_VF_yshaarj_yogg_cthun_1973432301772287_IN_AM_ME,133011,61.74%,
8T,AR_EC_VF_yshaarj_yogg_cthun_1971233279041023_IN_AM_DR,132944,61.66%,
8T,AR_SW_VF_yshaarj_yogg_cthun_1971234352266735_IN_AM_DR,132938,61.65%,
8T,VW_DH_VW_VF_yshaarj_nzoth_yogg_3979697567621101_IN_IV_ME,132928,61.64%,
8T,AR_SW_VF_yshaarj_yogg_cthun_1988688025615855_IN_AM_ME,132895,61.60%,
8T,VW_DH_TV_VF_nzoth_yogg_cthun_3150313612959725_IN_AM_DR,132895,61.60%,
8T,VW_DH_TV_VF_yshaarj_nzoth_yogg_4049515482243053_IN_IV_ME,132875,61.58%,
8T,AR_SW_VF_yshaarj_yogg_cthun_1971370717478383_IN_AM_DR,132858,61.56%,
8T,AR_SW_VF_yshaarj_yogg_cthun_1971370784579055_IN_AM_ME,132849,61.55%,
8T,AR_SW_VF_yshaarj_nzoth_yogg_4013309839146495_IN_AM_DR_DS,132845,61.54%,
8T,AR_SW_VF_yshaarj_nzoth_yogg_4013318429072895_IN_AM_DR_DS,132829,61.52%,
8T,AR_SW_VF_yshaarj_nzoth_yogg_4013309906771439_IN_AM_DR_DS,132747,61.42%,
8T,AR_SW_VF_yshaarj_yogg_cthun_1971233346149871_IN_AM_ME,132713,61.38%,
8T,AR_SP_VF_yshaarj_yogg_cthun_1971250458394095_IN_AM_ME_DS,132656,61.31%,
8T,VW_DH_TV_VF_yshaarj_nzoth_yogg_3979697567621101_IN_IV_ME,132654,61.31%,
8T,AR_SW_VF_yshaarj_yogg_cthun_2043259880070655_Mis_AM_DR_DS,132647,61.30%,
8T,AR_SW_VF_yshaarj_yogg_cthun_1971370717478383_IN_AM_ME,132626,61.27%,
8T,AR_SW_VF_yshaarj_yogg_cthun_2043251357244911_IN_AM_DR,132618,61.26%,
8T,VW_DH_VW_VF_yshaarj_nzoth_yogg_3977514650492909_IN_IV_ME_DS,132609,61.25%,
8T,AR_SW_VF_yshaarj_yogg_cthun_1971370717994479_IN_AM_ME,132587,61.23%,
8T,AR_SW_VF_yshaarj_yogg_cthun_1971233279049199_IN_AM_ME,132571,61.21%,
8T,VW_DH_TV_VF_yshaarj_nzoth_yogg_3977567263842285_Mis_IV_ME,132552,61.18%,
8T,AR_EC_VF_yshaarj_yogg_cthun_1971250458910191_IN_AM_DR_DS,132524,61.15%,
8T,AR_EC_VF_yshaarj_yogg_cthun_1971250525494767_IN_AM_DR_DS,132482,61.10%,
8T,AR_SW_VF_yshaarj_yogg_cthun_1971370717470207_IN_AM_ME,132461,61.07%,
8T,AR_SP_VF_yshaarj_yogg_cthun_1971370717994479_IN_AM_DR,132453,61.06%,
8T,VW_DH_VW_VF_yshaarj_nzoth_yogg_3979712600006637_IN_IV_ME_DS,132416,61.02%,
8T,AR_SP_VF_yshaarj_yogg_cthun_2043259880594927_IN_AM_ME_DS,132414,61.02%,
8T,AR_SP_VF_yshaarj_nzoth_yogg_4013584717045247_IN_AM_DR_DS,132411,61.01%,
8T,VW_DH_VW_VF_yshaarj_nzoth_yogg_3977497471148013_IN_IV_ME,132404,61.00%,
8T,VW_DH_TV_VF_yshaarj_nzoth_cthun_3696313477947373_IN_IV_ME_DS,132380,60.98%,
8T,AR_SW_VF_yshaarj_yogg_cthun_1971233345633775_IN_AM_ME,132355,60.95%,
8T,AR_SP_VF_yshaarj_yogg_cthun_1971233278524927_IN_AM_DR,132330,60.92%,
8T,AR_SW_VF_yshaarj_yogg_cthun_1971234352782831_IN_AM_ME,132303,60.88%,
8T,AR_SW_VF_yshaarj_yogg_cthun_1971234352258559_IN_AM_ME,132287,60.86%,
8T,AR_SW_VF_yshaarj_yogg_cthun_1971233345633775_IN_AM_DR,132279,60.85%,
8T,VW_DH_VW_VF_yshaarj_nzoth_yogg_3977634909577197_IN_IV_ME,132259,60.83%,
8T,AR_SP_VF_yshaarj_yogg_cthun_1971250458910191_IN_AM_ME_DS,132198,60.75%,
8T,AR_SP_VF_yshaarj_yogg_cthun_1971233614061039_IN_AM_DR,132162,60.71%,
8T,VW_DH_VW_VF_yshaarj_nzoth_yogg_3977499618107373_IN_IV_ME,132157,60.70%,
8T,AR_SW_VF_yshaarj_yogg_cthun_1971234352266735_IN_AM_ME,132094,60.63%,
8T,AR_EC_VF_yshaarj_yogg_cthun_1971250458385919_IN_AM_DR_DS,132093,60.63%,
8T,VW_DH_TV_VF_yshaarj_nzoth_yogg_3977513576759277_IN_IV_ME_DS,132057,60.58%,
8T,AR_SW_VF_yshaarj_yogg_cthun_1971233345625599_IN_AM_ME,132044,60.57%,
8T,AR_SW_VF_yshaarj_yogg_cthun_1988688092716527_IN_AM_DR,132043,60.57%,
8T,AR_SW_VF_yshaarj_yogg_cthun_1971233279041023_IN_AM_ME,132042,60.56%,
8T,VW_DH_VW_VF_yshaarj_nzoth_yogg_3977772348530669_IN_IV_DR,132037,60.56%,
8T,AR_SW_VF_yshaarj_yogg_cthun_1973432302296559_IN_AM_DR,131997,60.51%,
8T,AR_SW_VF_yshaarj_nzoth_yogg_4013584717569519_IN_AM_DR_DS,131985,60.49%,
8T,AR_SW_VF_yshaarj_yogg_cthun_2043251290660335_IN_AM_DR,131972,60.48%,
8T,VW_DH_VW_VF_yshaarj_nzoth_yogg_3977788454658029_IN_IV_ME_DS,131970,60.48%,
8T,AR_SP_VF_yshaarj_yogg_cthun_1971234419367407_IN_AM_DR,131957,60.46%,
8T,AR_SW_VF_yshaarj_yogg_cthun_1971234419367407_IN_AM_ME,131943,60.44%,
8T,AR_SP_VF_yshaarj_yogg_cthun_1971250458394095_IN_AM_DR_DS,131940,60.44%,
8T,VW_DH_TV_VF_yshaarj_nzoth_yogg_3977773422272493_IN_IV_ME,131899,60.39%,
8T,AR_SP_VF_yshaarj_yogg_cthun_2043259880070655_IN_IV_DR_DS,131891,60.38%,
8T,VW_DH_TV_VF_yshaarj_nzoth_yogg_3979712600006637_IN_IV_ME_DS,131869,60.35%,
8T,VW_DH_VW_VF_yshaarj_nzoth_cthun_3696297371820013_IN_AM_ME,131865,60.35%,
8T,VW_DH_TV_VF_yshaarj_nzoth_yogg_3977788454658029_IN_IV_ME_DS,131863,60.35%,
8T,AR_SW_VF_yshaarj_nzoth_yogg_4013310912880127_IN_AM_DR_DS,131849,60.33%,
8T,AR_SW_VF_yshaarj_yogg_cthun_1971233278524927_IN_AM_DR,131845,60.33%,
8T,AR_SW_VF_yshaarj_yogg_cthun_2043259880070655_IN_IV_DR_DS,131820,60.29%,
8T,AR_SW_VF_yshaarj_yogg_cthun_1988688026131951_IN_AM_DR,131819,60.29%,
8T,AR_SW_VF_yshaarj_yogg_cthun_1973432301772287_IN_AM_DR,131818,60.29%,
8T,VW_DH_VW_VF_yshaarj_nzoth_yogg_3977567263842285_Mis_IV_DR,131780,60.25%,
8T,AR_SW_VF_yshaarj_yogg_cthun_1973432368881135_IN_AM_DR,131759,60.22%,
8T,AR_SP_VF_yshaarj_yogg_cthun_2043259880594927_IN_AM_DR_DS,131729,60.18%,
8T,VW_DH_VW_VF_yshaarj_nzoth_cthun_3696298445561837_IN_IV_DR,131692,60.14%,
8T,VW_DH_TV_VF_yshaarj_nzoth_yogg_3977634909577197_IN_IV_ME,131683,60.13%,
8T,AR_SP_VF_yshaarj_yogg_cthun_2043259880078831_IN_AM_ME_DS,131678,60.12%,
8T,AR_EC_VF_yshaarj_yogg_cthun_2043259880070655_IN_AM_DR_DS,131637,60.07%,
8T,AR_EC_VF_yshaarj_yogg_cthun_2043259880070655_IN_AM_ME_DS,131615,60.05%,
8T,AR_SW_VF_yshaarj_yogg_cthun_1971233279049199_IN_AM_DR,131600,60.03%,
8T,VW_DH_VW_VF_nzoth_yogg_cthun_3150313612959725_IN_AM_DR,131493,59.90%,
8T,AR_SP_VF_yshaarj_yogg_cthun_2043259880078831_IN_AM_DR_DS,131333,59.70%,
8T,AR_SP_VF_yshaarj_yogg_cthun_2043259947179503_IN_AM_DR_DS,131287,59.65%,
8T,VW_DH_VW_VF_yshaarj_nzoth_yogg_3977499618107373_IN_IV_DR,131228,59.57%,
8T,AR_SP_VF_yshaarj_yogg_cthun_1971234352258559_IN_AM_DR,131200,59.54%,
8T,AR_SW_VF_yshaarj_yogg_cthun_1988688025607679_IN_AM_DR,131187,59.52%,
8T,VW_DH_VW_VF_yshaarj_nzoth_yogg_3977513577275373_IN_IV_ME_DS,131171,59.50%,
8T,AR_SW_VF_yshaarj_yogg_cthun_1971234352782831_IN_AM_DR,131162,59.49%,
8T,AR_SP_VF_yshaarj_yogg_cthun_1971370717470207_IN_AM_DR,131148,59.48%,
8T,VW_DH_TV_VF_yshaarj_nzoth_yogg_3977497471148013_IN_IV_ME,131141,59.47%,
8T,VW_DH_TV_VF_yshaarj_nzoth_yogg_3977499618107373_IN_IV_ME,131124,59.45%,
8T,AR_SW_VF_yshaarj_yogg_cthun_1971250458394095_IN_AM_ME_DS,131119,59.44%,
8T,AR_SP_VF_yshaarj_yogg_cthun_2043251290136063_IN_AM_DR,131113,59.44%,
8T,AR_SW_VF_yshaarj_yogg_cthun_1971233278524927_IN_AM_ME,131106,59.43%,
8T,VW_DH_VW_VF_yshaarj_nzoth_yogg_3977635983319021_IN_IV_ME,131096,59.41%,
8T,VW_DH_VW_VF_yshaarj_nzoth_cthun_3696313477947373_IN_IV_DR_DS,131062,59.37%,
8T,VW_DH_TV_VF_yshaarj_nzoth_cthun_3696297371820013_IN_AM_ME,131041,59.35%,
8T,AR_SP_VF_yshaarj_yogg_cthun_1971233345625599_IN_AM_DR,131031,59.33%,
8T,VW_DH_TV_VF_yshaarj_nzoth_yogg_4049516555984877_IN_IV_ME,130976,59.27%,
8T,VW_DH_VW_VF_yshaarj_nzoth_yogg_3979696493879277_IN_AM_ME,130963,59.25%,
8T,VW_DH_VW_VF_yshaarj_nzoth_yogg_3977497470631917_IN_IV_DR,130931,59.21%,
8T,VW_DH_VW_VF_yshaarj_nzoth_yogg_3977567263842285_Mis_AM_ME,130913,59.19%,
8T,VW_DH_VW_VF_yshaarj_nzoth_yogg_4049516555984877_IN_IV_ME,130906,59.18%,
8T,AR_SW_VF_yshaarj_yogg_cthun_2043259947179503_IN_AM_ME_DS,130870,59.14%,
8T,AR_SW_VF_yshaarj_nzoth_yogg_4013584717045247_IN_AM_DR_DS,130836,59.10%,
8T,AR_SW_VF_yshaarj_nzoth_yogg_4013447278091775_IN_AM_DR_DS,130830,59.09%,
8T,VW_DH_TV_VF_yshaarj_nzoth_cthun_3696298445561837_IN_IV_DR,130824,59.08%,
8T,VW_DH_TV_VF_nzoth_yogg_cthun_3132858866393069_Mis_IV_ME,130823,59.08%,
8T,AR_SP_VF_yshaarj_yogg_cthun_1971234352782831_IN_AM_DR,130822,59.08%,
8T,AR_SP_VF_yshaarj_yogg_cthun_1971250458385919_IN_AM_ME_DS,130805,59.06%,
8T,VW_DH_VW_VF_yshaarj_nzoth_yogg_3979697567621101_IN_IV_DR,130795,59.05%,
8T,AR_SW_VF_yshaarj_yogg_cthun_1971250458910191_IN_AM_ME_DS,130779,59.03%,
8T,VW_DH_VW_VF_yshaarj_nzoth_yogg_4049515482243053_IN_IV_DR,130767,59.01%,
8T,VW_DH_TV_VF_yshaarj_nzoth_yogg_3979696493879277_IN_IV_DR,130754,59.00%,
8T,VW_DH_VW_VF_yshaarj_nzoth_cthun_3696298445561837_IN_AM_ME,130733,58.97%,
8T,AR_SP_VF_yshaarj_yogg_cthun_1971233346149871_IN_AM_DR,130731,58.97%,
8T,AR_SW_VF_yshaarj_yogg_cthun_1971370717994479_IN_AM_DR,130727,58.97%,
8T,VW_DH_TV_VF_nzoth_yogg_cthun_3132859939610605_Mis_IV_ME,130672,58.90%,
8T,AR_SW_VF_yshaarj_yogg_cthun_2043259880078831_IN_AM_ME_DS,130646,58.87%,
8T,VW_DH_VW_VF_nzoth_yogg_cthun_3132858866393069_Mis_IV_ME,130620,58.83%,
8T,VW_DH_VW_VF_yshaarj_nzoth_yogg_3979697567621101_IN_AM_ME,130610,58.82%,
8T,AR_SW_VF_yshaarj_yogg_cthun_1971370784579055_IN_AM_DR,130604,58.82%,
8T,AR_SW_VF_yshaarj_yogg_cthun_2043259880070655_IN_IV_ME_DS,130594,58.80%,
8T,VW_DH_VW_VF_yshaarj_nzoth_yogg_3977498544889837_IN_IV_ME,130556,58.76%,
8T,VW_DH_VW_VF_nzoth_yogg_cthun_3132867455803373_Mis_IV_ME,130472,58.66%,
8T,VW_DH_TV_VF_yshaarj_nzoth_yogg_3977514650492909_IN_IV_ME_DS,130470,58.65%,
8T,VW_DH_TV_VF_yshaarj_nzoth_yogg_3977772348530669_IN_IV_DR,130466,58.65%,
8T,VW_DH_VW_VF_yshaarj_nzoth_yogg_4049515482243053_IN_AM_ME,130440,58.62%,
8T,VW_DH_TV_VF_yshaarj_nzoth_yogg_3977497537732589_IN_IV_ME,130432,58.61%,
8T,AR_SW_VF_yshaarj_yogg_cthun_1971233346149871_IN_AM_DR,130406,58.58%,
8T,AR_SW_VF_yshaarj_yogg_cthun_1971250525494767_IN_AM_ME_DS,130387,58.55%,
8T,AR_SW_VF_nzoth_yogg_cthun_3169159786913279_IN_AM_DR_DS,130379,58.54%,
8T,VW_DH_VW_VF_yshaarj_nzoth_yogg_3977773422272493_IN_IV_DR,130350,58.51%,
8T,VW_DH_TV_VF_yshaarj_nzoth_yogg_3977772348530669_IN_AM_ME,130335,58.49%,
8T,AR_SW_VF_yshaarj_nzoth_yogg_4013309906247167_IN_AM_DR_DS,130324,58.48%,
8T,VW_DH_TV_VF_yshaarj_nzoth_cthun_3696298445561837_IN_AM_ME,130320,58.47%,
8T,VW_DH_VW_VF_yshaarj_nzoth_yogg_3977772348530669_IN_AM_ME,130262,58.40%,
8T,VW_DH_VW_VF_yshaarj_nzoth_yogg_4049531588370413_IN_IV_ME_DS,130137,58.25%,
8T,VW_DH_TV_VF_yshaarj_nzoth_cthun_3696313477947373_IN_IV_DR_DS,130135,58.25%,
8T,AR_SW_VF_yshaarj_yogg_cthun_2043251290136063_IN_AM_DR,130134,58.24%,
8T,VW_DH_VW_VF_yshaarj_nzoth_cthun_3696313477947373_IN_AM_ME_DS,130129,58.24%,
8T,VW_DH_TV_VF_yshaarj_nzoth_yogg_3977567263842285_Mis_AM_ME,130111,58.22%,
8T,AR_SW_VF_yshaarj_yogg_cthun_1971234352258559_IN_AM_DR,130061,58.16%,
8T,AR_SW_VF_yshaarj_yogg_cthun_1971234419367407_IN_AM_DR,130014,58.10%,
8T,VW_DH_VW_VF_yshaarj_nzoth_yogg_3977515724234733_IN_IV_ME_DS,130006,58.09%,
8T,VW_DH_VW_VF_yshaarj_nzoth_yogg_3977498611474413_IN_IV_ME,129998,58.08%,
8T,AR_SW_VF_yshaarj_yogg_cthun_1971233614061039_IN_AM_DR,129975,58.05%,
8T,AR_SW_VF_yshaarj_yogg_cthun_2043259880594927_IN_AM_ME_DS,129970,58.04%,
8T,AR_SP_VF_yshaarj_yogg_cthun_1971233279041023_IN_AM_DR,129939,58.01%,
8T,VW_DH_TV_VF_yshaarj_nzoth_yogg_3979696493879277_IN_AM_ME,129938,58.01%,
8T,AR_SW_VF_yshaarj_yogg_cthun_1971250458394095_IN_AM_DR_DS,129917,57.98%,
8T,VW_DH_TV_VF_yshaarj_nzoth_yogg_4049515482243053_IN_IV_DR,129908,57.97%,
8T,VW_DH_TV_VF_nzoth_yogg_cthun_3132867455803373_Mis_IV_ME,129908,57.97%,
8T,VW_DH_VW_VF_nzoth_yogg_cthun_3132859939610605_Mis_IV_ME,129859,57.91%,
8T,AR_SP_VF_yshaarj_yogg_cthun_2043259880070655_IN_AM_ME_DS,129848,57.90%,
8T,VW_DH_TV_VF_yshaarj_nzoth_yogg_3977498611474413_IN_IV_ME,129843,57.89%,
8T,AR_SW_VF_yshaarj_nzoth_yogg_4013309839662591_IN_AM_DR_DS,129825,57.87%,
8T,VW_DH_VW_VF_yshaarj_nzoth_yogg_3979712600006637_IN_IV_DR_DS,129822,57.87%,
8T,VW_DH_TV_VF_yshaarj_nzoth_yogg_3979697567621101_IN_IV_DR,129800,57.84%,
8T,VW_DH_VW_VF_yshaarj_nzoth_yogg_3977651015704557_IN_IV_ME_DS,129763,57.79%,
8T,VW_DH_VW_VF_yshaarj_nzoth_yogg_3977498544373741_IN_IV_DR,129734,57.76%,
8T,VW_DH_TV_VF_nzoth_yogg_cthun_3132797662593005_IN_IV_ME,129721,57.74%,
8T,VW_DH_VW_VF_yshaarj_nzoth_yogg_3977497471148013_IN_IV_DR,129703,57.72%,
8T,VW_DH_TV_VF_yshaarj_nzoth_yogg_3977567263842285_Mis_IV_DR,129692,57.71%,
8T,VW_DH_TV_VF_yshaarj_nzoth_yogg_3977773422272493_IN_IV_DR,129625,57.63%,
8T,AR_SP_VF_yshaarj_yogg_cthun_2043259880070655_IN_AM_DR_DS,129613,57.61%,
8T,VW_DH_VW_VF_yshaarj_nzoth_yogg_3977497537732589_IN_IV_DR,129571,57.56%,
8T,VW_DH_TV_VF_yshaarj_nzoth_yogg_4049531588370413_IN_IV_ME_DS,129561,57.55%,
8T,VW_DH_TV_VF_yshaarj_nzoth_yogg_3977497470631917_IN_IV_DR,129554,57.54%,
8T,AR_SW_VF_yshaarj_yogg_cthun_1971250458385919_IN_AM_ME_DS,129552,57.54%,
8T,VW_DH_TV_VF_nzoth_yogg_cthun_3132996304822253_Mis_IV_ME,129519,57.50%,
8T,VW_DH_VW_VF_yshaarj_nzoth_yogg_3977514650492909_IN_IV_DR_DS,129491,57.46%,
8T,VW_DH_VW_VF_yshaarj_nzoth_yogg_3977634909577197_IN_IV_DR,129450,57.41%,
8T,VW_DH_TV_VF_yshaarj_nzoth_yogg_3977513577275373_IN_IV_ME_DS,129349,57.29%,
8T,AR_SP_VF_yshaarj_yogg_cthun_1971250458910191_IN_AM_DR_DS,129314,57.25%,
8T,VW_DH_TV_VF_yshaarj_nzoth_yogg_3977635983319021_IN_IV_ME,129308,57.24%,
8T,VW_DH_VW_VF_yshaarj_nzoth_yogg_3977499618107373_IN_AM_ME,129228,57.14%,
8T,AR_SW_VF_yshaarj_yogg_cthun_1971370717470207_IN_AM_DR,129193,57.10%,
8T,VW_DH_VW_VF_yshaarj_nzoth_yogg_3977513576759277_IN_IV_DR_DS,129134,57.03%,
8T,VW_DH_TV_VF_yshaarj_nzoth_yogg_3977651015704557_IN_IV_ME_DS,129109,57.00%,
8T,AR_SP_VF_yshaarj_yogg_cthun_1971250525494767_IN_AM_DR_DS,129081,56.96%,
8T,VW_DH_VW_VF_yshaarj_nzoth_yogg_3977773422272493_IN_AM_ME,129078,56.96%,
8T,AR_SW_VF_yshaarj_yogg_cthun_2043259947179503_IN_AM_DR_DS,128960,56.82%,
8T,VW_DH_TV_VF_yshaarj_nzoth_yogg_4049515482243053_IN_AM_ME,128958,56.81%,
8T,VW_DH_VW_VF_yshaarj_nzoth_cthun_3768322899632109_IN_IV_ME_DS,128924,56.77%,
8T,VW_DH_VW_VF_yshaarj_nzoth_yogg_3977788454658029_IN_IV_DR_DS,128898,56.74%,
8T,AR_SW_VF_yshaarj_yogg_cthun_1971250525494767_IN_AM_DR_DS,128894,56.74%,
8T,VW_DH_TV_VF_yshaarj_nzoth_yogg_3977515724234733_IN_IV_ME_DS,128865,56.70%,
8T,VW_DH_VW_VF_nzoth_yogg_cthun_3132797662593005_IN_IV_ME,128865,56.70%,
8T,VW_DH_TV_VF_yshaarj_nzoth_cthun_3696313477947373_IN_AM_ME_DS,128855,56.69%,
8T,VW_DH_VW_VF_yshaarj_nzoth_yogg_3977513643859949_IN_IV_ME_DS,128839,56.67%,
8T,AR_SW_VF_yshaarj_yogg_cthun_1971233279041023_IN_AM_DR,128828,56.66%,
8T,VW_DH_VW_VF_yshaarj_nzoth_yogg_4049516555984877_IN_AM_ME,128766,56.58%,
8T,VW_DH_VW_VF_nzoth_yogg_cthun_3132858865876973_Mis_IV_ME,128724,56.53%,
8T,VW_DH_TV_VF_yshaarj_nzoth_yogg_3977498544889837_IN_IV_ME,128694,56.49%,
8T,VW_DH_TV_VF_yshaarj_nzoth_yogg_3977497471148013_IN_IV_DR,128650,56.44%,
8T,VW_DH_TV_VF_yshaarj_nzoth_yogg_3977497537732589_IN_IV_DR,128646,56.43%,
8T,VW_DH_TV_VF_yshaarj_nzoth_yogg_3979712600006637_IN_AM_ME_DS,128641,56.43%,
8T,VW_DH_VW_VF_nzoth_yogg_cthun_3134996685840365_IN_IV_ME,128627,56.41%,
8T,AR_SW_VF_yshaarj_yogg_cthun_2043259880078831_IN_AM_DR_DS,128597,56.38%,
8T,VW_DH_VW_VF_yshaarj_nzoth_yogg_3977635983319021_IN_IV_DR,128563,56.33%,
8T,VW_DH_TV_VF_yshaarj_nzoth_yogg_3979712600006637_IN_IV_DR_DS,128536,56.30%,
8T,VW_DH_TV_VF_nzoth_yogg_cthun_3135004202041325_IN_IV_ME_DS,128484,56.24%,
8T,VW_DH_TV_VF_yshaarj_nzoth_yogg_3977498544373741_IN_IV_DR,128476,56.23%,
8T,AR_SW_VF_yshaarj_yogg_cthun_1971233345625599_IN_AM_DR,128459,56.21%,
8T,VW_DH_VW_VF_nzoth_yogg_cthun_3132798736334829_IN_IV_ME,128420,56.16%,
8T,VW_DH_TV_VF_nzoth_yogg_cthun_3132858865876973_Mis_IV_ME,128414,56.15%,
8T,VW_DH_TV_VF_yshaarj_nzoth_yogg_3977499618107373_IN_IV_DR,128402,56.14%,
8T,VW_DH_TV_VF_yshaarj_nzoth_yogg_3977788454658029_IN_IV_DR_DS,128394,56.13%,
8T,AR_SP_VF_yshaarj_yogg_cthun_1971250458385919_IN_AM_DR_DS,128384,56.12%,
8T,VW_DH_VW_VF_yshaarj_nzoth_yogg_4049516555984877_IN_IV_DR,128369,56.10%,
8T,VW_DH_VW_VF_nzoth_yogg_cthun_3132791220142061_IN_IV_ME,128367,56.10%,
8T,VW_DH_TV_VF_yshaarj_nzoth_yogg_3979697567621101_IN_AM_ME,128344,56.07%,
8T,VW_DH_TV_VF_nzoth_yogg_cthun_3134997759582189_IN_IV_ME,128332,56.05%,
8T,VW_DH_TV_VF_nzoth_yogg_cthun_3132791220142061_IN_IV_ME,128321,56.04%,
8T,AR_SW_VF_yshaarj_yogg_cthun_2043259880070655_IN_AM_ME_DS,128303,56.02%,
8T,VW_DH_TV_VF_nzoth_yogg_cthun_3132798736334829_IN_IV_ME,128285,56.00%,
8T,VW_DH_VW_VF_yshaarj_nzoth_yogg_3977634909577197_IN_AM_ME,128223,55.92%,
8T,VW_DH_TV_VF_yshaarj_nzoth_yogg_3977513643859949_IN_IV_ME_DS,128216,55.91%,
8T,VW_DH_TV_VF_yshaarj_nzoth_yogg_3977514650492909_IN_IV_DR_DS,128204,55.90%,
8T,VW_DH_TV_VF_yshaarj_nzoth_yogg_3977634909577197_IN_IV_DR,128178,55.87%,
8T,VW_DH_VW_VF_yshaarj_nzoth_yogg_3979712600006637_IN_AM_ME_DS,128133,55.81%,
8T,VW_DH_TV_VF_yshaarj_nzoth_yogg_3977499618107373_IN_AM_ME,128117,55.79%,
8T,VW_DH_TV_VF_nzoth_yogg_cthun_3134996685840365_IN_IV_ME,128068,55.73%,
8T,VW_DH_VW_VF_yshaarj_nzoth_yogg_4049522998444013_IN_IV_ME_DS,128065,55.73%,
8T,VW_DH_TV_VF_yshaarj_nzoth_yogg_4049516555984877_IN_AM_ME,128030,55.69%,
8T,VW_DH_TV_VF_nzoth_yogg_cthun_3132858932977645_Mis_IV_ME,127998,55.65%,
8T,VW_DH_TV_VF_yshaarj_nzoth_yogg_4049516555984877_IN_IV_DR,127948,55.59%,
8T,VW_DH_TV_VF_yshaarj_nzoth_cthun_3768322899632109_IN_IV_ME_DS,127941,55.58%,
8T,VW_DH_TV_VF_yshaarj_nzoth_yogg_4049531588370413_IN_IV_DR_DS,127897,55.52%,
8T,VW_DH_TV_VF_nzoth_yogg_cthun_3132926511611885_IN_IV_ME,127871,55.49%,
8T,VW_DH_VW_VF_nzoth_yogg_cthun_3132996304822253_Mis_IV_ME,127799,55.41%,
8T,VW_DH_VW_VF_yshaarj_nzoth_yogg_4049531588370413_IN_IV_DR_DS,127788,55.39%,
8T,AR_SW_VF_yshaarj_yogg_cthun_1971250458910191_IN_AM_DR_DS,127775,55.38%,
8T,VW_DH_TV_VF_nzoth_yogg_cthun_3133347418398701_IN_IV_ME,127773,55.37%,
8T,AR_SW_VF_yshaarj_yogg_cthun_2043259880594927_IN_AM_DR_DS,127772,55.37%,
8T,VW_DH_VW_VF_nzoth_yogg_cthun_3132858932977645_Mis_IV_ME,127743,55.34%,
8T,VW_DH_TV_VF_nzoth_yogg_cthun_3205372946210797_IN_IV_ME_DS,127728,55.32%,
8T,VW_DH_TV_VF_yshaarj_nzoth_yogg_3977497471148013_IN_AM_ME,127706,55.29%,
8T,VW_DH_VW_VF_yshaarj_nzoth_yogg_3977788454658029_IN_AM_ME_DS,127702,55.29%,
8T,VW_DH_TV_VF_yshaarj_nzoth_yogg_3977634909577197_IN_AM_ME,127698,55.28%,
8T,VW_DH_VW_VF_nzoth_yogg_cthun_3133347418398701_IN_IV_ME,127575,55.13%,
8T,VW_DH_TV_VF_nzoth_yogg_cthun_3132799810068461_IN_IV_ME,127549,55.10%,
8T,VW_DH_TV_VF_yshaarj_nzoth_yogg_3977773422272493_IN_AM_ME,127542,55.09%,
8T,VW_DH_TV_VF_yshaarj_nzoth_yogg_3977635983319021_IN_IV_DR,127526,55.07%,
8T,VW_DH_VW_VF_yshaarj_nzoth_yogg_3977498544889837_IN_IV_DR,127461,54.99%,
8T,VW_DH_TV_VF_yshaarj_nzoth_yogg_3977497537732589_IN_AM_ME,127419,54.94%,
8T,VW_DH_VW_VF_yshaarj_nzoth_yogg_3977515724234733_IN_IV_DR_DS,127392,54.91%,
8T,VW_DH_TV_VF_nzoth_yogg_cthun_3132876045737965_Mis_IV_ME_DS,127381,54.90%,
8T,VW_DH_VW_VF_nzoth_yogg_cthun_3135004202041325_IN_IV_ME_DS,127351,54.86%,
8T,VW_DH_VW_VF_yshaarj_nzoth_yogg_3977514650492909_IN_AM_ME_DS,127330,54.83%,
8T,VW_DH_VW_VF_yshaarj_nzoth_yogg_3977497537732589_IN_AM_ME,127244,54.73%,
8T,VW_DH_VW_VF_yshaarj_nzoth_yogg_3977513577275373_IN_IV_DR_DS,127185,54.66%,
8T,VW_DH_TV_VF_yshaarj_nzoth_yogg_3977788454658029_IN_AM_ME_DS,127177,54.65%,
8T,VW_DH_VW_VF_yshaarj_nzoth_yogg_3977498611474413_IN_IV_DR,127149,54.61%,
8T,VW_DH_TV_VF_yshaarj_nzoth_yogg_3977498544889837_IN_IV_DR,127128,54.59%,
8T,VW_DH_VW_VF_nzoth_yogg_cthun_3132799810068461_IN_IV_ME,127090,54.54%,
8T,VW_DH_VW_VF_yshaarj_nzoth_yogg_3977515724234733_IN_AM_ME_DS,127072,54.52%,
8T,VW_DH_TV_VF_nzoth_yogg_cthun_3135005275774957_IN_IV_ME_DS,127056,54.50%,
8T,VW_DH_TV_VF_nzoth_yogg_cthun_3132813768720365_IN_IV_ME_DS,127031,54.47%,
8T,VW_DH_VW_VF_yshaarj_nzoth_yogg_4049531588370413_IN_AM_ME_DS,127010,54.45%,
8T,VW_DH_VW_VF_yshaarj_nzoth_yogg_4049797876342765_IN_IV_ME_DS,126962,54.39%,
8T,VW_DH_VW_VF_nzoth_yogg_cthun_3205372946210797_IN_IV_ME_DS,126919,54.34%,
8T,VW_DH_VW_VF_nzoth_yogg_cthun_3132926511611885_IN_IV_ME,126899,54.31%,
8T,VW_DH_VW_VF_yshaarj_nzoth_yogg_3977513643859949_IN_IV_DR_DS,126886,54.30%,
8T,VW_DH_VW_VF_nzoth_yogg_cthun_3132876045737965_Mis_IV_ME_DS,126861,54.26%,
8T,VW_DH_VW_VF_yshaarj_nzoth_yogg_3977635983319021_IN_AM_ME,126860,54.26%,
8T,VW_DH_VW_VF_yshaarj_nzoth_yogg_3977651015704557_IN_IV_DR_DS,126837,54.24%,
8T,VW_DH_TV_VF_nzoth_yogg_cthun_3133348492140525_IN_IV_ME,126837,54.24%,
8T,VW_DH_TV_VF_nzoth_yogg_cthun_3132858866393069_Mis_AM_ME,126835,54.23%,
8T,VW_DH_VW_VF_yshaarj_nzoth_cthun_3696297371820013_Mis_IV_ME,126778,54.16%,
8T,VW_DH_TV_VF_nzoth_yogg_cthun_3132858866393069_Mis_IV_DR,126755,54.14%,
8T,VW_DH_VW_VF_yshaarj_nzoth_yogg_3977497470631917_IN_AM_ME,126743,54.12%,
8T,VW_DH_VW_VF_yshaarj_nzoth_yogg_3977497471148013_IN_AM_ME,126727,54.10%,
8T,VW_DH_VW_VF_nzoth_yogg_cthun_3134997759582189_IN_IV_ME,126721,54.09%,
8T,VW_DH_TV_VF_nzoth_yogg_cthun_3132859939610605_Mis_IV_DR,126676,54.04%,
8T,VW_DH_TV_VF_yshaarj_nzoth_yogg_3977497470631917_IN_AM_ME,126671,54.03%,
8T,VW_DH_TV_VF_nzoth_yogg_cthun_3150313612959725_Mis_IV_ME,126670,54.03%,
8T,AR_SW_VF_yshaarj_yogg_cthun_1971250458385919_IN_AM_DR_DS,126661,54.02%,
8T,VW_DH_TV_VF_nzoth_yogg_cthun_3132927585353709_IN_IV_ME,126617,53.97%,
8T,VW_DH_VW_VF_nzoth_yogg_cthun_3135012791967725_IN_IV_ME_DS,126585,53.93%,
8T,VW_DH_VW_VF_yshaarj_nzoth_yogg_3977567263842285_Mis_AM_DR,126567,53.91%,
8T,VW_DH_TV_VF_yshaarj_nzoth_yogg_3977513576759277_IN_IV_DR_DS,126546,53.88%,
8T,VW_DH_TV_VF_nzoth_yogg_cthun_3132806252527597_IN_IV_ME_DS,126532,53.86%,
8T,VW_DH_TV_VF_yshaarj_nzoth_yogg_4049522998444013_IN_IV_ME_DS,126530,53.86%,
8T,VW_DH_TV_VF_yshaarj_nzoth_yogg_4049531588370413_IN_AM_ME_DS,126493,53.82%,
8T,VW_DH_VW_VF_yshaarj_nzoth_yogg_3977498544889837_IN_AM_ME,126478,53.80%,
8T,VW_DH_TV_VF_yshaarj_nzoth_yogg_3977498611474413_IN_IV_DR,126474,53.79%,
8T,VW_DH_VW_VF_nzoth_yogg_cthun_3132813768720365_IN_IV_ME_DS,126440,53.75%,
8T,VW_DH_VW_VF_yshaarj_nzoth_yogg_3977498611474413_IN_AM_ME,126424,53.73%,
8T,VW_DH_VW_VF_nzoth_yogg_cthun_3132806252527597_IN_IV_ME_DS,126390,53.69%,
8T,VW_DH_TV_VF_nzoth_yogg_cthun_3132867455803373_Mis_IV_DR,126368,53.67%,
8T,VW_DH_VW_VF_yshaarj_nzoth_cthun_3696297371820013_IN_AM_DR,126270,53.55%,
8T,VW_DH_VW_VF_yshaarj_nzoth_yogg_3977498544373741_IN_AM_ME,126245,53.52%,
8T,VW_DH_VW_VF_nzoth_yogg_cthun_3132858866393069_Mis_AM_ME,126209,53.47%,
8T,VW_DH_VW_VF_nzoth_yogg_cthun_3132927585353709_IN_IV_ME,126192,53.45%,
8T,VW_DH_VW_VF_nzoth_yogg_cthun_3133348492140525_IN_IV_ME,126176,53.43%,
8T,VW_DH_TV_VF_nzoth_yogg_cthun_3132798736850925_IN_IV_ME,126169,53.42%,
8T,VW_DH_TV_VF_yshaarj_nzoth_yogg_3977513577275373_IN_IV_DR_DS,126092,53.33%,
8T,VW_DH_TV_VF_nzoth_yogg_cthun_3132791220658157_IN_IV_ME,126082,53.32%,
8T,VW_DH_TV_VF_nzoth_yogg_cthun_3132797663109101_IN_IV_ME,126065,53.30%,
8T,VW_DH_VW_VF_nzoth_yogg_cthun_3135005275774957_IN_IV_ME_DS,126013,53.23%,
8T,VW_DH_VW_VF_yshaarj_nzoth_cthun_3768322899632109_IN_IV_DR_DS,126000,53.22%,
8T,VW_DH_VW_VF_nzoth_yogg_cthun_3132859939610605_Mis_IV_DR,125993,53.21%,
8T,VW_DH_TV_VF_nzoth_yogg_cthun_3132859939610605_Mis_AM_ME,125991,53.21%,
8T,VW_DH_TV_VF_yshaarj_nzoth_yogg_3977515724234733_IN_IV_DR_DS,125990,53.21%,
8T,VW_DH_TV_VF_nzoth_yogg_cthun_3132935101538285_IN_IV_ME,125987,53.20%,
8T,VW_DH_VW_VF_nzoth_yogg_cthun_3132858866393069_Mis_IV_DR,125945,53.15%,
8T,VW_DH_VW_VF_yshaarj_nzoth_yogg_4049524072177645_IN_IV_ME_DS,125914,53.11%,
8T,VW_DH_TV_VF_nzoth_yogg_cthun_3132928659087341_IN_IV_ME,125883,53.08%,
8T,VW_DH_TV_VF_yshaarj_nzoth_yogg_4049524072177645_IN_IV_ME_DS,125869,53.06%,
8T,VW_DH_VW_VF_nzoth_yogg_cthun_3132935101538285_IN_IV_ME,125845,53.03%,
8T,VW_DH_VW_VF_nzoth_yogg_cthun_3132791220658157_IN_IV_ME,125833,53.01%,
8T,VW_DH_TV_VF_yshaarj_nzoth_yogg_4049797876342765_IN_IV_ME_DS,125823,53.00%,
8T,VW_DH_VW_VF_nzoth_yogg_cthun_3134996685840365_IN_IV_DR,125741,52.90%,
8T,VW_DH_TV_VF_nzoth_yogg_cthun_3132942617739245_IN_IV_ME_DS,125686,52.84%,
8T,VW_DH_TV_VF_nzoth_yogg_cthun_3134996685840365_IN_IV_DR,125661,52.81%,
8T,VW_DH_TV_VF_nzoth_yogg_cthun_3133363524526061_IN_IV_ME_DS,125621,52.76%,
8T,VW_DH_TV_VF_nzoth_yogg_cthun_3132936175280109_IN_IV_ME,125617,52.75%,
8T,VW_DH_TV_VF_nzoth_yogg_cthun_3132807326269421_IN_IV_ME_DS,125588,52.72%,
8T,VW_DH_TV_VF_yshaarj_nzoth_yogg_3977498544889837_IN_AM_ME,125527,52.64%,
8T,VW_DH_TV_VF_nzoth_yogg_cthun_3132797729693677_IN_IV_ME,125520,52.63%,
8T,VW_DH_TV_VF_nzoth_yogg_cthun_3135012791967725_IN_IV_ME_DS,125520,52.63%,
8T,VW_DH_TV_VF_nzoth_yogg_cthun_3132791287242733_IN_IV_ME,125498,52.61%,
8T,VW_DH_TV_VF_yshaarj_nzoth_yogg_3977513643859949_IN_IV_DR_DS,125497,52.61%,
8T,VW_DH_TV_VF_yshaarj_nzoth_yogg_3977514650492909_IN_AM_ME_DS,125471,52.57%,
8T,VW_DH_TV_VF_yshaarj_nzoth_yogg_3977651015704557_IN_IV_DR_DS,125468,52.57%,
8T,VW_DH_VW_VF_nzoth_yogg_cthun_3132797663109101_IN_IV_ME,125456,52.56%,
8T,VW_DH_TV_VF_nzoth_yogg_cthun_3132797662593005_IN_IV_DR,125455,52.55%,
8T,AR_SW_VF_yshaarj_yogg_cthun_2043259880070655_IN_AM_DR_DS,125453,52.55%,
8T,VW_DH_VW_VF_yshaarj_nzoth_yogg_3977772348530669_IN_AM_DR,125337,52.41%,
8T,VW_DH_VW_VF_nzoth_yogg_cthun_3133347418398701_IN_IV_DR,125337,52.41%,
8T,VW_DH_VW_VF_nzoth_yogg_cthun_3132814842453997_IN_IV_ME_DS,125332,52.40%,
8T,VW_DH_TV_VF_nzoth_yogg_cthun_3132808400003053_IN_IV_ME_DS,125312,52.38%,
8T,VW_DH_TV_VF_nzoth_yogg_cthun_3132926512127981_IN_IV_ME,125293,52.36%,
8T,VW_DH_TV_VF_nzoth_yogg_cthun_3150243819749357_IN_IV_ME,125292,52.36%,
8T,VW_DH_VW_VF_nzoth_yogg_cthun_3150313612959725_Mis_IV_ME,125289,52.35%,
8T,VW_DH_VW_VF_yshaarj_nzoth_cthun_3696298445561837_Mis_IV_ME,125274,52.33%,
8T,VW_DH_VW_VF_nzoth_yogg_cthun_3132798736850925_IN_IV_ME,125269,52.33%,
8T,VW_DH_VW_VF_nzoth_yogg_cthun_3135004269141997_IN_IV_ME_DS,125258,52.32%,
8T,VW_DH_TV_VF_nzoth_yogg_cthun_3134996685840365_IN_AM_ME,125195,52.24%,
8T,VW_DH_TV_VF_nzoth_yogg_cthun_3132858865876973_Mis_IV_DR,125186,52.23%,
8T,VW_DH_VW_VF_nzoth_yogg_cthun_3132867455803373_Mis_IV_DR,125172,52.21%,
8T,VW_DH_VW_VF_yshaarj_nzoth_yogg_3977651015704557_IN_AM_ME_DS,125145,52.18%,
8T,VW_DH_TV_VF_nzoth_yogg_cthun_3132867455803373_Mis_AM_ME,125096,52.12%,
8T,VW_DH_VW_VF_nzoth_yogg_cthun_3135004202557421_IN_IV_ME_DS,125094,52.12%,
8T,VW_DH_TV_VF_nzoth_yogg_cthun_3134997759582189_IN_IV_DR,125056,52.07%,
8T,VW_DH_VW_VF_nzoth_yogg_cthun_3132942617739245_IN_IV_ME_DS,125055,52.07%,
8T,VW_DH_VW_VF_yshaarj_nzoth_yogg_3979696493879277_IN_AM_DR,125052,52.06%,
8T,VW_DH_VW_VF_nzoth_yogg_cthun_3132797729693677_IN_IV_ME,125042,52.05%,
8T,VW_DH_TV_VF_nzoth_yogg_cthun_3132814842453997_IN_IV_ME_DS,125041,52.05%,
8T,VW_DH_VW_VF_nzoth_yogg_cthun_3133363524526061_IN_IV_ME_DS,125035,52.04%,
8T,VW_DH_TV_VF_nzoth_yogg_cthun_3135006349516781_IN_IV_ME_DS,125034,52.04%,
8T,VW_DH_TV_VF_nzoth_yogg_cthun_3133348492140525_IN_IV_DR,125025,52.03%,
8T,VW_DH_TV_VF_nzoth_yogg_cthun_3135004202557421_IN_IV_ME_DS,125018,52.02%,
8T,VW_DH_VW_VF_yshaarj_nzoth_yogg_3977513643859949_IN_AM_ME_DS,125015,52.02%,
8T,VW_DH_TV_VF_yshaarj_nzoth_yogg_3977498611474413_IN_AM_ME,125015,52.02%,
8T,VW_DH_TV_VF_yshaarj_nzoth_yogg_3977498544373741_IN_AM_ME,125013,52.02%,
8T,VW_DH_TV_VF_nzoth_yogg_cthun_3133347418398701_IN_IV_DR,124989,51.99%,
8T,VW_DH_VW_VF_nzoth_yogg_cthun_3132928659087341_IN_IV_ME,124988,51.99%,
8T,VW_DH_VW_VF_yshaarj_nzoth_yogg_4049660437389293_IN_IV_ME_DS,124980,51.98%,
8T,VW_DH_TV_VF_nzoth_yogg_cthun_3132798803435501_IN_IV_ME,124966,51.96%,
8T,VW_DH_VW_VF_nzoth_yogg_cthun_3132797662593005_IN_IV_DR,124946,51.94%,
8T,VW_DH_VW_VF_yshaarj_nzoth_yogg_4049525145919469_IN_IV_ME_DS,124925,51.91%,
8T,VW_DH_VW_VF_nzoth_yogg_cthun_3132807326269421_IN_IV_ME_DS,124924,51.91%,
8T,VW_DH_TV_VF_nzoth_yogg_cthun_3132996304822253_Mis_IV_DR,124862,51.83%,
8T,VW_DH_VW_VF_yshaarj_nzoth_cthun_3696298445561837_IN_AM_DR,124768,51.72%,
8T,VW_DH_TV_VF_nzoth_yogg_cthun_3150244893491181_IN_IV_ME,124755,51.70%,
8T,VW_DH_TV_VF_nzoth_yogg_cthun_3132926578712557_IN_IV_ME,124744,51.69%,
8T,VW_DH_VW_VF_nzoth_yogg_cthun_3132859939610605_Mis_AM_ME,124729,51.67%,
8T,VW_DH_VW_VF_nzoth_yogg_cthun_3132936175280109_IN_IV_ME,124726,51.67%,
8T,VW_DH_TV_VF_yshaarj_nzoth_yogg_3977513643859949_IN_AM_ME_DS,124723,51.66%,
8T,VW_DH_VW_VF_nzoth_yogg_cthun_3134997759582189_IN_IV_DR,124704,51.64%,
8T,VW_DH_VW_VF_yshaarj_nzoth_yogg_3977513577275373_IN_AM_ME_DS,124691,51.63%,
8T,VW_DH_TV_VF_yshaarj_nzoth_yogg_3977567263842285_Mis_AM_DR,124685,51.62%,
8T,VW_DH_VW_VF_nzoth_yogg_cthun_3150243819749357_IN_IV_ME,124634,51.56%,
8T,VW_DH_TV_VF_yshaarj_nzoth_yogg_3977635983319021_IN_AM_ME,124602,51.52%,
8T,VW_DH_VW_VF_nzoth_yogg_cthun_3132867455803373_Mis_AM_ME,124589,51.50%,
8T,VW_DH_TV_VF_yshaarj_nzoth_cthun_3696297371820013_IN_AM_DR,124578,51.49%,
8T,VW_DH_TV_VF_nzoth_yogg_cthun_3132858865876973_Mis_AM_ME,124569,51.48%,
8T,VW_DH_TV_VF_yshaarj_nzoth_yogg_3977515724234733_IN_AM_ME_DS,124550,51.45%,
8T,VW_DH_VW_VF_yshaarj_nzoth_yogg_4049797876342765_IN_IV_DR_DS,124546,51.45%,
8T,VW_DH_VW_VF_nzoth_yogg_cthun_3134996685840365_IN_AM_ME,124512,51.41%,
8T,VW_DH_TV_VF_yshaarj_nzoth_yogg_3977513577275373_IN_AM_ME_DS,124509,51.40%,
8T,VW_DH_TV_VF_yshaarj_nzoth_yogg_3977772348530669_IN_AM_DR,124486,51.38%,
8T,VW_DH_TV_VF_yshaarj_nzoth_cthun_3696298445561837_IN_AM_DR,124471,51.36%,
8T,VW_DH_VW_VF_yshaarj_nzoth_yogg_4049522998960109_IN_IV_ME_DS,124455,51.34%,
8T,VW_DH_TV_VF_nzoth_yogg_cthun_3132799810068461_IN_IV_DR,124445,51.33%,
8T,VW_DH_VW_VF_nzoth_yogg_cthun_3132798803435501_IN_IV_ME,124428,51.31%,
8T,VW_DH_VW_VF_nzoth_yogg_cthun_3150518697648109_IN_IV_ME,124416,51.29%,
8T,VW_DH_TV_VF_nzoth_yogg_cthun_3150518697648109_IN_IV_ME,124368,51.23%,
8T,VW_DH_TV_VF_yshaarj_nzoth_yogg_3977651015704557_IN_AM_ME_DS,124367,51.23%,
8T,VW_DH_TV_VF_nzoth_yogg_cthun_3132858932977645_Mis_IV_DR,124366,51.23%,
8T,VW_DH_TV_VF_yshaarj_nzoth_yogg_3979696493879277_IN_AM_DR,124340,51.20%,
8T,VW_DH_TV_VF_nzoth_yogg_cthun_3132996304822253_Mis_AM_ME,124254,51.09%,
8T,VW_DH_VW_VF_nzoth_yogg_cthun_3135006349516781_IN_IV_ME_DS,124250,51.09%,
8T,VW_DH_TV_VF_yshaarj_nzoth_cthun_3768322899632109_IN_IV_DR_DS,124228,51.06%,
8T,VW_DH_TV_VF_nzoth_yogg_cthun_3132927585869805_IN_IV_ME,124175,51.00%,
8T,VW_DH_VW_VF_nzoth_yogg_cthun_3132926578712557_IN_IV_ME,124173,51.00%,
8T,VW_DH_TV_VF_nzoth_yogg_cthun_3132806253043693_IN_IV_ME_DS,124162,50.98%,
8T,VW_DH_VW_VF_yshaarj_nzoth_cthun_3768322899632109_IN_AM_ME_DS,124160,50.98%,
8T,VW_DH_VW_VF_nzoth_yogg_cthun_3132858865876973_Mis_IV_DR,124141,50.96%,
8T,VW_DH_VW_VF_nzoth_yogg_cthun_3150519771389933_IN_IV_ME,124137,50.95%,
8T,VW_DH_VW_VF_nzoth_yogg_cthun_3132996304822253_Mis_IV_DR,124071,50.87%,
8T,VW_DH_TV_VF_yshaarj_nzoth_cthun_3696298445561837_Mis_IV_ME,124066,50.87%,
8T,VW_DH_VW_VF_nzoth_yogg_cthun_3132791287242733_IN_IV_ME,124065,50.86%,
8T,VW_DH_TV_VF_nzoth_yogg_cthun_3132943691472877_IN_IV_ME_DS,124019,50.81%,
8T,VW_DH_TV_VF_nzoth_yogg_cthun_3132935101538285_IN_IV_DR,124018,50.81%,
8T,VW_DH_TV_VF_nzoth_yogg_cthun_3135004269141997_IN_IV_ME_DS,124003,50.79%,
8T,VW_DH_TV_VF_nzoth_yogg_cthun_3132815916195821_IN_IV_ME_DS,124000,50.79%,
8T,VW_DH_VW_VF_yshaarj_nzoth_cthun_3696313477947373_Mis_IV_ME_DS,123991,50.77%,
8T,VW_DH_VW_VF_nzoth_yogg_cthun_3132808400003053_IN_IV_ME_DS,123989,50.77%,
8T,VW_DH_VW_VF_nzoth_yogg_cthun_3132926512127981_IN_IV_ME,123985,50.77%,
8T,VW_DH_VW_VF_nzoth_yogg_cthun_3133347418398701_IN_AM_ME,123972,50.75%,
8T,VW_DH_TV_VF_nzoth_yogg_cthun_3132876045737965_Mis_AM_ME_DS,123957,50.73%,
8T,VW_DH_TV_VF_nzoth_yogg_cthun_3135005275774957_IN_IV_DR_DS,123926,50.70%,
8T,VW_DH_TV_VF_yshaarj_nzoth_yogg_4049660437389293_IN_IV_ME_DS,123914,50.68%,
8T,VW_DH_TV_VF_nzoth_yogg_cthun_3132791220142061_IN_IV_DR,123891,50.65%,
8T,VW_DH_TV_VF_nzoth_yogg_cthun_3132944765214701_IN_IV_ME_DS,123833,50.58%,
8T,VW_DH_TV_VF_nzoth_yogg_cthun_3132858932977645_Mis_AM_ME,123813,50.56%,
8T,VW_DH_VW_VF_nzoth_yogg_cthun_3132943691472877_IN_IV_ME_DS,123797,50.54%,
8T,VW_DH_TV_VF_nzoth_yogg_cthun_3135012791967725_IN_IV_DR_DS,123775,50.51%,
8T,VW_DH_TV_VF_yshaarj_nzoth_yogg_4049525145919469_IN_IV_ME_DS,123757,50.49%,
8T,VW_DH_TV_VF_nzoth_yogg_cthun_3134997759582189_IN_AM_ME,123733,50.46%,
8T,VW_DH_TV_VF_yshaarj_nzoth_yogg_3977513576759277_IN_AM_ME_DS,123732,50.46%,
8T,VW_DH_VW_VF_nzoth_yogg_cthun_3132806253043693_IN_IV_ME_DS,123714,50.44%,
8T,VW_DH_VW_VF_nzoth_yogg_cthun_3132799810068461_IN_IV_DR,123706,50.43%,
8T,VW_DH_TV_VF_nzoth_yogg_cthun_3132927652454381_IN_IV_ME,123692,50.41%,
8T,VW_DH_VW_VF_nzoth_yogg_cthun_3205372946210797_IN_IV_DR_DS,123681,50.40%,
8T,VW_DH_TV_VF_nzoth_yogg_cthun_3132799810068461_IN_AM_ME,123671,50.39%,
8T,VW_DH_VW_VF_nzoth_yogg_cthun_3132798736334829_IN_IV_DR,123648,50.36%,
8T,VW_DH_VW_VF_nzoth_yogg_cthun_3132797663109101_IN_IV_DR,123646,50.35%,
8T,VW_DH_TV_VF_nzoth_yogg_cthun_3150259925876717_IN_IV_ME_DS,123635,50.34%,
8T,VW_DH_VW_VF_nzoth_yogg_cthun_3132813769236461_IN_IV_ME_DS,123634,50.34%,
8T,VW_DH_TV_VF_nzoth_yogg_cthun_3205372946210797_IN_IV_DR_DS,123607,50.31%,
8T,VW_DH_VW_VF_nzoth_yogg_cthun_3132996304822253_Mis_AM_ME,123589,50.29%,
8T,VW_DH_TV_VF_nzoth_yogg_cthun_3133347418398701_IN_AM_ME,123579,50.27%,
8T,VW_DH_TV_VF_nzoth_yogg_cthun_3150519771389933_IN_IV_ME,123557,50.25%,
8T,VW_DH_VW_VF_yshaarj_nzoth_yogg_4049524072177645_IN_IV_DR_DS,123556,50.25%,
8T,VW_DH_TV_VF_nzoth_yogg_cthun_3150252409675757_IN_IV_ME,123549,50.24%,
8T,VW_DH_VW_VF_yshaarj_nzoth_yogg_3979697567621101_Mis_IV_ME,123542,50.23%,
8T,VW_DH_TV_VF_nzoth_yogg_cthun_3132951207665645_IN_IV_ME_DS,123492,50.17%,
8T,VW_DH_TV_VF_nzoth_yogg_cthun_3132813769236461_IN_IV_ME_DS,123463,50.13%,
8T,VW_DH_VW_VF_nzoth_yogg_cthun_3135005275774957_IN_IV_DR_DS,123449,50.12%,
8T,VW_DH_VW_VF_yshaarj_nzoth_yogg_4049523065544685_IN_IV_ME_DS,123442,50.11%,
8T,VW_DH_VW_VF_yshaarj_nzoth_yogg_3977513576759277_IN_AM_ME_DS,123418,50.08%,
8T,VW_DH_VW_VF_yshaarj_nzoth_yogg_3977772348530669_Mis_IV_ME,123387,50.04%,
8T,VW_DH_VW_VF_nzoth_yogg_cthun_3134997759582189_IN_AM_ME,123377,50.03%,
8T,VW_DH_VW_VF_yshaarj_nzoth_yogg_4049515482243053_IN_AM_DR,123373,50.02%,
8T,VW_DH_VW_VF_nzoth_yogg_cthun_3132927585869805_IN_IV_ME,123362,50.01%,
8T,VW_DH_TV_VF_nzoth_yogg_cthun_3132806319628269_IN_IV_ME_DS,123356,50.00%,
8T,VW_DH_TV_VF_yshaarj_nzoth_yogg_4049522998960109_IN_IV_ME_DS,123340,49.98%,
8T,VW_DH_VW_VF_nzoth_yogg_cthun_3133348492140525_IN_IV_DR,123304,49.94%,
8T,VW_DH_TV_VF_nzoth_yogg_cthun_3132798736850925_IN_IV_DR,123287,49.92%,
8T,VW_DH_TV_VF_yshaarj_nzoth_cthun_3696297371820013_Mis_IV_ME,123264,49.89%,
8T,VW_DH_VW_VF_nzoth_yogg_cthun_3132806319628269_IN_IV_ME_DS,123243,49.86%,
8T,VW_DH_VW_VF_nzoth_yogg_cthun_3132797729693677_IN_IV_DR,123200,49.81%,
8T,VW_DH_VW_VF_yshaarj_nzoth_yogg_3979697567621101_IN_AM_DR,123164,49.77%,
8T,VW_DH_TV_VF_nzoth_yogg_cthun_3132876045737965_Mis_IV_DR_DS,123163,49.77%,
8T,VW_DH_VW_VF_nzoth_yogg_cthun_3132935101538285_IN_IV_DR,123160,49.76%,
8T,VW_DH_TV_VF_nzoth_yogg_cthun_3132814842453997_IN_IV_DR_DS,123159,49.76%,
8T,VW_DH_VW_VF_nzoth_yogg_cthun_3132951207665645_IN_IV_ME_DS,123124,49.72%,
8T,VW_DH_VW_VF_nzoth_yogg_cthun_3133363524526061_IN_IV_DR_DS,123123,49.72%,
8T,VW_DH_TV_VF_nzoth_yogg_cthun_3132797663109101_IN_IV_DR,123110,49.70%,
8T,VW_DH_TV_VF_nzoth_yogg_cthun_3132813835821037_IN_IV_ME_DS,123095,49.68%,
8T,VW_DH_VW_VF_yshaarj_nzoth_yogg_3977773422272493_IN_AM_DR,123080,49.67%,
8T,VW_DH_VW_VF_nzoth_yogg_cthun_3132791220658157_IN_IV_DR,123071,49.66%,
8T,VW_DH_VW_VF_nzoth_yogg_cthun_3135012791967725_IN_IV_DR_DS,123046,49.63%,
8T,VW_DH_TV_VF_nzoth_yogg_cthun_3135004202041325_IN_IV_DR_DS,123026,49.60%,
8T,VW_DH_TV_VF_nzoth_yogg_cthun_3132935101538285_IN_AM_ME,123001,49.57%,
8T,VW_DH_TV_VF_nzoth_yogg_cthun_3132926511611885_IN_IV_DR,122986,49.55%,
8T,VW_DH_TV_VF_nzoth_yogg_cthun_3133348492140525_IN_AM_ME,122967,49.53%,
8T,VW_DH_TV_VF_nzoth_yogg_cthun_3205372946210797_IN_AM_ME_DS,122952,49.51%,
8T,VW_DH_TV_VF_nzoth_yogg_cthun_3132942618255341_IN_IV_ME_DS,122936,49.49%,
8T,VW_DH_VW_VF_nzoth_yogg_cthun_3150259925876717_IN_IV_ME_DS,122909,49.46%,
8T,VW_DH_TV_VF_nzoth_yogg_cthun_3132813768720365_IN_IV_DR_DS,122902,49.45%,
8T,VW_DH_VW_VF_nzoth_yogg_cthun_3132858866393069_Mis_AM_DR,122900,49.45%,
8T,VW_DH_TV_VF_nzoth_yogg_cthun_3135005275774957_IN_AM_ME_DS,122869,49.41%,
8T,VW_DH_TV_VF_nzoth_yogg_cthun_3132858866393069_Mis_AM_DR,122796,49.32%,
8T,VW_DH_TV_VF_nzoth_yogg_cthun_3132797729693677_IN_IV_DR,122793,49.32%,
8T,VW_DH_VW_VF_yshaarj_nzoth_cthun_3696313477947373_IN_AM_DR_DS,122767,49.29%,
8T,VW_DH_TV_VF_yshaarj_nzoth_cthun_3696313477947373_IN_AM_DR_DS,122747,49.26%,
8T,VW_DH_TV_VF_yshaarj_nzoth_cthun_3768322899632109_IN_AM_ME_DS,122735,49.25%,
8T,VW_DH_VW_VF_nzoth_yogg_cthun_3132813835821037_IN_IV_ME_DS,122733,49.24%,
8T,VW_DH_VW_VF_nzoth_yogg_cthun_3132927652454381_IN_IV_ME,122726,49.24%,
8T,VW_DH_VW_VF_nzoth_yogg_cthun_3132815916195821_IN_IV_ME_DS,122713,49.22%,
8T,VW_DH_VW_VF_yshaarj_nzoth_yogg_3977499618107373_IN_AM_DR,122707,49.21%,
8T,VW_DH_TV_VF_nzoth_yogg_cthun_3132807393370093_IN_IV_ME_DS,122693,49.20%,
8T,VW_DH_TV_VF_nzoth_yogg_cthun_3150243820265453_IN_IV_ME,122688,49.19%,
8T,VW_DH_TV_VF_nzoth_yogg_cthun_3133363524526061_IN_IV_DR_DS,122676,49.18%,
8T,VW_DH_VW_VF_nzoth_yogg_cthun_3205372946210797_IN_AM_ME_DS,122664,49.16%,
8T,VW_DH_TV_VF_nzoth_yogg_cthun_3132791220658157_IN_IV_DR,122652,49.15%,
8T,VW_DH_VW_VF_nzoth_yogg_cthun_3152458949124077_IN_IV_ME_DS,122629,49.12%,
8T,VW_DH_VW_VF_nzoth_yogg_cthun_3132807326785517_IN_IV_ME_DS,122603,49.09%,
8T,VW_DH_TV_VF_yshaarj_nzoth_yogg_4049797876342765_IN_IV_DR_DS,122585,49.07%,
8T,VW_DH_VW_VF_nzoth_yogg_cthun_3132858932977645_Mis_IV_DR,122573,49.05%,
8T,VW_DH_TV_VF_nzoth_yogg_cthun_3132798736334829_IN_IV_DR,122557,49.03%,
8T,VW_DH_VW_VF_nzoth_yogg_cthun_3132814842453997_IN_IV_DR_DS,122535,49.00%,
8T,VW_DH_VW_VF_nzoth_yogg_cthun_3132797663109101_IN_AM_ME,122523,48.99%,
8T,VW_DH_TV_VF_yshaarj_nzoth_yogg_4049523065544685_IN_IV_ME_DS,122518,48.98%,
8T,VW_DH_VW_VF_yshaarj_nzoth_yogg_3977773422272493_Mis_IV_ME,122508,48.97%,
8T,VW_DH_VW_VF_nzoth_yogg_cthun_3132858865876973_Mis_AM_ME,122497,48.96%,
8T,VW_DH_TV_VF_nzoth_yogg_cthun_3132859939610605_Mis_AM_DR,122480,48.94%,
8T,VW_DH_TV_VF_nzoth_yogg_cthun_3135004202557421_IN_IV_DR_DS,122480,48.94%,
8T,VW_DH_VW_VF_nzoth_yogg_cthun_3132858932977645_Mis_AM_ME,122474,48.93%,
8T,VW_DH_VW_VF_nzoth_yogg_cthun_3132876045737965_Mis_AM_ME_DS,122473,48.93%,
8T,VW_DH_VW_VF_yshaarj_nzoth_cthun_3696297371820013_Mis_AM_ME,122467,48.92%,
8T,VW_DH_VW_VF_nzoth_yogg_cthun_3132791220142061_IN_IV_DR,122452,48.90%,
8T,VW_DH_TV_VF_nzoth_yogg_cthun_3150313612959725_Mis_IV_DR,122450,48.90%,
8T,VW_DH_TV_VF_yshaarj_nzoth_yogg_4049524072177645_IN_IV_DR_DS,122423,48.87%,
8T,VW_DH_TV_VF_nzoth_yogg_cthun_3132942684839917_IN_IV_ME_DS,122398,48.84%,
8T,VW_DH_VW_VF_nzoth_yogg_cthun_3150252409675757_IN_IV_ME,122384,48.82%,
8T,VW_DH_TV_VF_nzoth_yogg_cthun_3135012791967725_IN_AM_ME_DS,122362,48.79%,
8T,VW_DH_VW_VF_nzoth_yogg_cthun_3132942618255341_IN_IV_ME_DS,122359,48.79%,
8T,VW_DH_TV_VF_nzoth_yogg_cthun_3132797662593005_IN_AM_ME,122324,48.75%,
8T,VW_DH_TV_VF_nzoth_yogg_cthun_3132926512127981_IN_IV_DR,122316,48.74%,
8T,VW_DH_VW_VF_yshaarj_nzoth_yogg_3979696493879277_Mis_IV_ME,122308,48.73%,
8T,VW_DH_VW_VF_nzoth_yogg_cthun_3150245967224813_IN_IV_ME,122295,48.71%,
8T,VW_DH_VW_VF_nzoth_yogg_cthun_3132797662593005_IN_AM_ME,122276,48.69%,
8T,VW_DH_TV_VF_yshaarj_nzoth_yogg_4049515482243053_IN_AM_DR,122275,48.69%,
8T,VW_DH_VW_VF_nzoth_yogg_cthun_3150244893491181_IN_IV_ME,122264,48.67%,
8T,VW_DH_TV_VF_nzoth_yogg_cthun_3132936175280109_IN_IV_DR,122239,48.64%,
8T,VW_DH_VW_VF_nzoth_yogg_cthun_3133348492140525_IN_AM_ME,122222,48.62%,
8T,VW_DH_VW_VF_nzoth_yogg_cthun_3132944765214701_IN_IV_ME_DS,122217,48.62%,
8T,VW_DH_TV_VF_nzoth_yogg_cthun_3150245967224813_IN_IV_ME,122211,48.61%,
8T,VW_DH_TV_VF_nzoth_yogg_cthun_3132798803435501_IN_IV_DR,122199,48.60%,
8T,VW_DH_TV_VF_nzoth_yogg_cthun_3132807326785517_IN_IV_ME_DS,122190,48.58%,
8T,VW_DH_VW_VF_nzoth_yogg_cthun_3132876045737965_Mis_IV_DR_DS,122157,48.54%,
8T,VW_DH_VW_VF_nzoth_yogg_cthun_3132815916195821_IN_IV_DR_DS,122149,48.54%,
8T,VW_DH_VW_VF_nzoth_yogg_cthun_3132928659087341_IN_IV_DR,122106,48.48%,
8T,VW_DH_VW_VF_nzoth_yogg_cthun_3150534803775469_IN_IV_ME_DS,122104,48.48%,
8T,VW_DH_TV_VF_yshaarj_nzoth_yogg_3979712600006637_IN_AM_DR_DS,122074,48.44%,
8T,VW_DH_TV_VF_nzoth_yogg_cthun_3135006349516781_IN_IV_DR_DS,122037,48.40%,
8T,VW_DH_VW_VF_nzoth_yogg_cthun_3132798736850925_IN_IV_DR,122017,48.37%,
8T,VW_DH_VW_VF_yshaarj_nzoth_yogg_3977497470631917_IN_AM_DR,122013,48.37%,
8T,VW_DH_TV_VF_nzoth_yogg_cthun_3132928659087341_IN_IV_DR,122012,48.37%,
8T,VW_DH_TV_VF_nzoth_yogg_cthun_3150518697648109_IN_IV_DR,122011,48.37%,
8T,VW_DH_VW_VF_nzoth_yogg_cthun_3132935101538285_IN_AM_ME,121996,48.35%,
8T,VW_DH_TV_VF_nzoth_yogg_cthun_3133363524526061_IN_AM_ME_DS,121992,48.34%,
8T,VW_DH_VW_VF_nzoth_yogg_cthun_3132807393370093_IN_IV_ME_DS,121966,48.31%,
8T,VW_DH_VW_VF_yshaarj_nzoth_yogg_3979712600006637_IN_AM_DR_DS,121962,48.31%,
8T,VW_DH_TV_VF_nzoth_yogg_cthun_3150534803775469_IN_IV_ME_DS,121917,48.25%,
8T,VW_DH_VW_VF_yshaarj_nzoth_yogg_4049522998444013_IN_IV_DR_DS,121909,48.24%,
8T,VW_DH_TV_VF_nzoth_yogg_cthun_3135004269141997_IN_IV_DR_DS,121900,48.23%,
8T,VW_DH_VW_VF_nzoth_yogg_cthun_3135004202041325_IN_IV_DR_DS,121896,48.23%,
8T,VW_DH_VW_VF_nzoth_yogg_cthun_3132798803435501_IN_IV_DR,121884,48.21%,
8T,VW_DH_TV_VF_nzoth_yogg_cthun_3132806252527597_IN_IV_DR_DS,121884,48.21%,
8T,VW_DH_VW_VF_yshaarj_nzoth_yogg_4049516555984877_IN_AM_DR,121876,48.20%,
8T,VW_DH_VW_VF_yshaarj_nzoth_yogg_3977497471148013_IN_AM_DR,121874,48.20%,
8T,VW_DH_VW_VF_nzoth_yogg_cthun_3132926511611885_IN_IV_DR,121818,48.13%,
8T,VW_DH_VW_VF_nzoth_yogg_cthun_3132926512127981_IN_IV_DR,121806,48.12%,
8T,VW_DH_VW_VF_yshaarj_nzoth_yogg_4049797876342765_IN_AM_ME_DS,121781,48.09%,
8T,VW_DH_TV_VF_yshaarj_nzoth_yogg_3977788454658029_IN_AM_DR_DS,121771,48.08%,
8T,VW_DH_TV_VF_yshaarj_nzoth_yogg_3977499618107373_IN_AM_DR,121771,48.07%,
8T,VW_DH_TV_VF_nzoth_yogg_cthun_3132791220658157_IN_AM_ME,121767,48.07%,
8T,VW_DH_VW_VF_nzoth_yogg_cthun_3132814842453997_IN_AM_ME_DS,121742,48.04%,
8T,VW_DH_VW_VF_nzoth_yogg_cthun_3135006349516781_IN_IV_DR_DS,121736,48.03%,
8T,VW_DH_TV_VF_yshaarj_nzoth_yogg_3977514650492909_IN_AM_DR_DS,121732,48.03%,
8T,VW_DH_VW_VF_yshaarj_nzoth_yogg_3977514650492909_IN_AM_DR_DS,121725,48.02%,
8T,VW_DH_VW_VF_nzoth_yogg_cthun_3135012791967725_IN_AM_ME_DS,121723,48.02%,
8T,VW_DH_VW_VF_yshaarj_nzoth_cthun_3696298445561837_Mis_AM_ME,121722,48.02%,
8T,VW_DH_VW_VF_nzoth_yogg_cthun_3150243820265453_IN_IV_ME,121705,47.99%,
8T,VW_DH_VW_VF_nzoth_yogg_cthun_3150253483417581_IN_IV_ME,121690,47.98%,
8T,VW_DH_TV_VF_nzoth_yogg_cthun_3132791287242733_IN_IV_DR,121661,47.94%,
8T,VW_DH_TV_VF_yshaarj_nzoth_yogg_3977773422272493_IN_AM_DR,121659,47.94%,
8T,VW_DH_TV_VF_nzoth_yogg_cthun_3132797663109101_IN_AM_ME,121651,47.93%,
8T,VW_DH_TV_VF_yshaarj_nzoth_yogg_4049516555984877_IN_AM_DR,121641,47.92%,
8T,VW_DH_VW_VF_nzoth_yogg_cthun_3132806252527597_IN_IV_DR_DS,121632,47.91%,
8T,VW_DH_VW_VF_yshaarj_nzoth_yogg_3977788454658029_IN_AM_DR_DS,121627,47.90%,
8T,VW_DH_TV_VF_nzoth_yogg_cthun_3152458949124077_IN_IV_ME_DS,121614,47.88%,
8T,VW_DH_VW_VF_nzoth_yogg_cthun_3150260999610349_IN_IV_ME_DS,121602,47.87%,
8T,VW_DH_TV_VF_nzoth_yogg_cthun_3132926578712557_IN_IV_DR,121591,47.86%,
8T,VW_DH_VW_VF_yshaarj_nzoth_yogg_3977497537732589_IN_AM_DR,121574,47.84%,
8T,VW_DH_VW_VF_nzoth_yogg_cthun_3132813768720365_IN_IV_DR_DS,121558,47.82%,
8T,VW_DH_VW_VF_yshaarj_nzoth_yogg_4049524072177645_IN_AM_ME_DS,121543,47.80%,
8T,VW_DH_TV_VF_yshaarj_nzoth_yogg_3979697567621101_IN_AM_DR,121538,47.79%,
8T,VW_DH_VW_VF_nzoth_yogg_cthun_3132808400003053_IN_IV_DR_DS,121523,47.77%,
8T,VW_DH_TV_VF_yshaarj_nzoth_yogg_4049524072177645_IN_AM_ME_DS,121495,47.74%,
8T,VW_DH_TV_VF_nzoth_yogg_cthun_3132797729693677_IN_AM_ME,121477,47.72%,
8T,VW_DH_TV_VF_yshaarj_nzoth_yogg_3977772348530669_Mis_IV_ME,121461,47.70%,
8T,VW_DH_VW_VF_nzoth_yogg_cthun_3132936175280109_IN_IV_DR,121459,47.70%,
8T,VW_DH_VW_VF_nzoth_yogg_cthun_3132799810068461_IN_AM_ME,121455,47.69%,
8T,VW_DH_TV_VF_yshaarj_nzoth_yogg_4049797876342765_IN_AM_ME_DS,121451,47.69%,
8T,VW_DH_TV_VF_nzoth_yogg_cthun_3132808400003053_IN_IV_DR_DS,121449,47.68%,
8T,VW_DH_TV_VF_nzoth_yogg_cthun_3132814842453997_IN_AM_ME_DS,121444,47.68%,
8T,VW_DH_TV_VF_nzoth_yogg_cthun_3150313612959725_Mis_AM_ME,121422,47.65%,
8T,VW_DH_TV_VF_yshaarj_nzoth_yogg_3977497471148013_IN_AM_DR,121417,47.64%,
8T,VW_DH_VW_VF_nzoth_yogg_cthun_3150313612959725_Mis_AM_ME,121412,47.64%,
8T,VW_DH_VW_VF_nzoth_yogg_cthun_3150313612959725_Mis_IV_DR,121396,47.62%,
8T,VW_DH_VW_VF_yshaarj_nzoth_cthun_3696297371820013_Mis_IV_DR,121392,47.61%,
8T,VW_DH_TV_VF_nzoth_yogg_cthun_3132951207665645_IN_IV_DR_DS,121380,47.60%,
8T,VW_DH_VW_VF_nzoth_yogg_cthun_3132797729693677_IN_AM_ME,121379,47.60%,
8T,VW_DH_VW_VF_nzoth_yogg_cthun_3150243886850029_IN_IV_ME,121372,47.59%,
8T,VW_DH_TV_VF_nzoth_yogg_cthun_3150243886850029_IN_IV_ME,121345,47.56%,
8T,VW_DH_TV_VF_yshaarj_nzoth_yogg_3977634909577197_IN_AM_DR,121343,47.55%,
8T,VW_DH_VW_VF_nzoth_yogg_cthun_3132927585353709_IN_IV_DR,121343,47.55%,
8T,VW_DH_TV_VF_nzoth_yogg_cthun_3132806319628269_IN_IV_DR_DS,121331,47.54%,
8T,VW_DH_TV_VF_nzoth_yogg_cthun_3132798736850925_IN_AM_ME,121286,47.49%,
8T,VW_DH_VW_VF_nzoth_yogg_cthun_3132942684839917_IN_IV_ME_DS,121284,47.48%,
8T,VW_DH_VW_VF_yshaarj_nzoth_yogg_4049525145919469_IN_IV_DR_DS,121263,47.46%,
8T,VW_DH_VW_VF_nzoth_yogg_cthun_3132791287242733_IN_IV_DR,121262,47.46%,
8T,VW_DH_TV_VF_nzoth_yogg_cthun_3150253483417581_IN_IV_ME,121260,47.45%,
8T,VW_DH_VW_VF_yshaarj_nzoth_yogg_3977499618107373_Mis_IV_ME,121237,47.43%,
8T,VW_DH_TV_VF_nzoth_yogg_cthun_3132927585869805_IN_IV_DR,121235,47.42%,
8T,VW_DH_TV_VF_nzoth_yogg_cthun_3132927585353709_IN_IV_DR,121232,47.42%,
8T,VW_DH_VW_VF_nzoth_yogg_cthun_3135005275774957_IN_AM_ME_DS,121231,47.42%,
8T,VW_DH_TV_VF_nzoth_yogg_cthun_3132996304822253_Mis_AM_DR,121222,47.41%,
8T,VW_DH_TV_VF_nzoth_yogg_cthun_3132806253043693_IN_IV_DR_DS,121204,47.39%,
8T,VW_DH_TV_VF_nzoth_yogg_cthun_3132815916195821_IN_IV_DR_DS,121192,47.37%,
8T,VW_DH_TV_VF_nzoth_yogg_cthun_3132867455803373_Mis_AM_DR,121185,47.36%,
8T,VW_DH_TV_VF_nzoth_yogg_cthun_3132813769236461_IN_IV_DR_DS,121184,47.36%,
8T,VW_DH_TV_VF_nzoth_yogg_cthun_3132928659087341_IN_AM_ME,121135,47.30%,
8T,VW_DH_TV_VF_nzoth_yogg_cthun_3132943691472877_IN_IV_DR_DS,121133,47.30%,
8T,VW_DH_TV_VF_yshaarj_nzoth_cthun_3696297371820013_Mis_AM_ME,121116,47.28%,
8T,VW_DH_VW_VF_yshaarj_nzoth_yogg_3977634909577197_IN_AM_DR,121095,47.25%,
8T,VW_DH_TV_VF_yshaarj_nzoth_yogg_3977497470631917_IN_AM_DR,121081,47.24%,
8T,VW_DH_VW_VF_nzoth_yogg_cthun_3150518697648109_IN_IV_DR,121070,47.22%,
8T,VW_DH_VW_VF_nzoth_yogg_cthun_3135006349516781_IN_AM_ME_DS,121070,47.22%,
8T,VW_DH_VW_VF_nzoth_yogg_cthun_3132926578712557_IN_IV_DR,121040,47.19%,
8T,VW_DH_VW_VF_nzoth_yogg_cthun_3132806253043693_IN_IV_DR_DS,121040,47.19%,
8T,VW_DH_VW_VF_nzoth_yogg_cthun_3150244894007277_IN_IV_ME,121031,47.18%,
8T,VW_DH_TV_VF_nzoth_yogg_cthun_3135006349516781_IN_AM_ME_DS,121016,47.16%,
8T,VW_DH_TV_VF_nzoth_yogg_cthun_3132936175280109_IN_AM_ME,120956,47.08%,
8T,VW_DH_TV_VF_nzoth_yogg_cthun_3132858865876973_Mis_AM_DR,120902,47.02%,
8T,VW_DH_TV_VF_yshaarj_nzoth_yogg_3977497537732589_IN_AM_DR,120884,47.00%,
8T,VW_DH_TV_VF_yshaarj_nzoth_cthun_3696313477947373_Mis_IV_ME_DS,120872,46.98%,
8T,VW_DH_VW_VF_yshaarj_nzoth_yogg_3977634909577197_Mis_IV_ME,120865,46.97%,
8T,VW_DH_TV_VF_nzoth_yogg_cthun_3150260999610349_IN_IV_ME_DS,120832,46.93%,
8T,VW_DH_VW_VF_nzoth_yogg_cthun_3132859939610605_Mis_AM_DR,120820,46.92%,
8T,VW_DH_TV_VF_nzoth_yogg_cthun_3132798736334829_IN_AM_ME,120819,46.92%,
8T,VW_DH_TV_VF_yshaarj_nzoth_yogg_3979696493879277_Mis_IV_ME,120787,46.88%,
8T,VW_DH_VW_VF_yshaarj_nzoth_yogg_4049525145919469_IN_AM_ME_DS,120783,46.87%,
8T,VW_DH_VW_VF_nzoth_yogg_cthun_3135004202557421_IN_IV_DR_DS,120747,46.83%,
8T,VW_DH_VW_VF_yshaarj_nzoth_yogg_3977497471148013_Mis_IV_ME,120718,46.79%,
8T,VW_DH_VW_VF_yshaarj_nzoth_yogg_3977514650492909_Mis_IV_ME_DS,120709,46.78%,
8T,VW_DH_TV_VF_nzoth_yogg_cthun_3150243819749357_IN_IV_DR,120708,46.78%,
8T,VW_DH_TV_VF_nzoth_yogg_cthun_3150244894007277_IN_IV_ME,120703,46.78%,
8T,VW_DH_TV_VF_nzoth_yogg_cthun_3132798803435501_IN_AM_ME,120701,46.77%,
8T,VW_DH_TV_VF_yshaarj_nzoth_yogg_3977773422272493_Mis_IV_ME,120692,46.76%,
8T,VW_DH_TV_VF_nzoth_yogg_cthun_3132813835821037_IN_IV_DR_DS,120683,46.75%,
8T,VW_DH_VW_VF_yshaarj_nzoth_yogg_3977788454658029_Mis_IV_ME_DS,120669,46.73%,
8T,VW_DH_VW_VF_nzoth_yogg_cthun_3132791287242733_IN_AM_ME,120668,46.73%,
8T,VW_DH_TV_VF_nzoth_yogg_cthun_3132807326269421_IN_IV_DR_DS,120643,46.70%,
8T,VW_DH_VW_VF_yshaarj_nzoth_yogg_3977497470631917_Mis_IV_ME,120627,46.68%,
8T,VW_DH_VW_VF_nzoth_yogg_cthun_3132813769236461_IN_IV_DR_DS,120625,46.68%,
8T,VW_DH_TV_VF_nzoth_yogg_cthun_3134996685840365_IN_AM_DR,120609,46.66%,
8T,VW_DH_TV_VF_nzoth_yogg_cthun_3150268515803117_IN_IV_ME_DS,120565,46.61%,
8T,VW_DH_VW_VF_nzoth_yogg_cthun_3132927585869805_IN_IV_DR,120553,46.59%,
8T,VW_DH_VW_VF_yshaarj_nzoth_yogg_4049522998960109_IN_IV_DR_DS,120547,46.59%,
8T,VW_DH_VW_VF_nzoth_yogg_cthun_3135004269141997_IN_IV_DR_DS,120547,46.59%,
8T,VW_DH_TV_VF_yshaarj_nzoth_yogg_4049660437389293_IN_IV_DR_DS,120440,46.46%,
8T,VW_DH_VW_VF_nzoth_yogg_cthun_3132808400003053_IN_AM_ME_DS,120434,46.45%,
8T,VW_DH_TV_VF_nzoth_yogg_cthun_3132791287242733_IN_AM_ME,120425,46.44%,
8T,VW_DH_VW_VF_nzoth_yogg_cthun_3132928659087341_IN_AM_ME,120416,46.43%,
8T,VW_DH_TV_VF_nzoth_yogg_cthun_3132944765214701_IN_IV_DR_DS,120412,46.42%,
8T,VW_DH_VW_VF_yshaarj_nzoth_yogg_3977498544889837_Mis_IV_ME,120391,46.40%,
8T,VW_DH_VW_VF_nzoth_yogg_cthun_3132798803435501_IN_AM_ME,120373,46.37%,
8T,VW_DH_VW_VF_yshaarj_nzoth_yogg_4049515482243053_Mis_IV_ME,120359,46.36%,
8T,VW_DH_TV_VF_yshaarj_nzoth_yogg_4049522998444013_IN_IV_DR_DS,120354,46.35%,
8T,VW_DH_VW_VF_nzoth_yogg_cthun_3150244960591853_IN_IV_ME,120348,46.34%,
8T,VW_DH_TV_VF_nzoth_yogg_cthun_3132807326785517_IN_IV_DR_DS,120328,46.32%,
8T,VW_DH_VW_VF_nzoth_yogg_cthun_3132813835821037_IN_IV_DR_DS,120309,46.30%,
8T,VW_DH_VW_VF_nzoth_yogg_cthun_3132867455803373_Mis_AM_DR,120286,46.27%,
8T,VW_DH_TV_VF_nzoth_yogg_cthun_3150252409675757_IN_IV_DR,120284,46.27%,
8T,VW_DH_TV_VF_nzoth_yogg_cthun_3132942617739245_IN_IV_DR_DS,120284,46.27%,
8T,VW_DH_VW_VF_nzoth_yogg_cthun_3132996304822253_Mis_AM_DR,120275,46.26%,
8T,VW_DH_VW_VF_yshaarj_nzoth_yogg_4049660437389293_IN_IV_DR_DS,120273,46.25%,
8T,VW_DH_TV_VF_nzoth_yogg_cthun_3150518697648109_IN_AM_ME,120268,46.25%,
8T,VW_DH_TV_VF_nzoth_yogg_cthun_3150244960591853_IN_IV_ME,120267,46.25%,
8T,VW_DH_TV_VF_nzoth_yogg_cthun_3132876045737965_Mis_AM_DR_DS,120254,46.23%,
8T,VW_DH_VW_VF_yshaarj_nzoth_yogg_3977498611474413_IN_AM_DR,120252,46.23%,
8T,VW_DH_VW_VF_yshaarj_nzoth_yogg_3977498611474413_Mis_IV_ME,120228,46.20%,
8T,VW_DH_VW_VF_yshaarj_nzoth_yogg_3977498544373741_IN_AM_DR,120217,46.18%,
8T,VW_DH_VW_VF_yshaarj_nzoth_yogg_3977497537732589_Mis_IV_ME,120208,46.17%,
8T,VW_DH_VW_VF_yshaarj_nzoth_yogg_3977772348530669_Mis_AM_ME,120186,46.15%,
8T,VW_DH_VW_VF_yshaarj_nzoth_yogg_3979712600006637_Mis_IV_ME_DS,120182,46.14%,
8T,VW_DH_TV_VF_nzoth_yogg_cthun_3150262073352173_IN_IV_ME_DS,120146,46.10%,
8T,VW_DH_VW_VF_nzoth_yogg_cthun_3150243819749357_IN_IV_DR,120144,46.10%,
8T,VW_DH_VW_VF_yshaarj_nzoth_yogg_4049523065544685_IN_IV_DR_DS,120126,46.07%,
8T,VW_DH_VW_VF_yshaarj_nzoth_cthun_3696298445561837_Mis_IV_DR,120110,46.06%,
8T,VW_DH_VW_VF_nzoth_yogg_cthun_3132791220658157_IN_AM_ME,120106,46.05%,
8T,VW_DH_TV_VF_nzoth_yogg_cthun_3134997759582189_IN_AM_DR,120103,46.05%,
8T,VW_DH_TV_VF_nzoth_yogg_cthun_3132858932977645_Mis_AM_DR,120101,46.04%,
8T,VW_DH_TV_VF_nzoth_yogg_cthun_3132927652454381_IN_IV_DR,120085,46.02%,
8T,VW_DH_VW_VF_yshaarj_nzoth_yogg_4049531588370413_IN_AM_DR_DS,120046,45.98%,
8T,VW_DH_VW_VF_nzoth_yogg_cthun_3132943691472877_IN_IV_DR_DS,120044,45.97%,
8T,VW_DH_TV_VF_yshaarj_nzoth_yogg_4049525145919469_IN_IV_DR_DS,119997,45.92%,
8T,VW_DH_TV_VF_yshaarj_nzoth_yogg_4049522998960109_IN_IV_DR_DS,119980,45.90%,
8T,VW_DH_VW_VF_nzoth_yogg_cthun_3132936175280109_IN_AM_ME,119966,45.88%,
8T,VW_DH_VW_VF_yshaarj_nzoth_yogg_3977513576759277_IN_AM_DR_DS,119937,45.84%,
8T,VW_DH_VW_VF_nzoth_yogg_cthun_3150259926392813_IN_IV_ME_DS,119934,45.84%,
8T,VW_DH_TV_VF_nzoth_yogg_cthun_3150519771389933_IN_IV_DR,119910,45.81%,
8T,VW_DH_VW_VF_nzoth_yogg_cthun_3132858865876973_Mis_AM_DR,119910,45.81%,
8T,VW_DH_VW_VF_yshaarj_nzoth_yogg_3977635983319021_Mis_IV_ME,119897,45.80%,
8T,VW_DH_VW_VF_nzoth_yogg_cthun_3132942617739245_IN_IV_DR_DS,119891,45.79%,
8T,VW_DH_VW_VF_nzoth_yogg_cthun_3132791220142061_IN_AM_ME,119880,45.78%,
8T,VW_DH_TV_VF_nzoth_yogg_cthun_3132926512127981_IN_AM_ME,119868,45.76%,
8T,VW_DH_VW_VF_nzoth_yogg_cthun_3150268515803117_IN_IV_ME_DS,119865,45.76%,
8T,VW_DH_TV_VF_nzoth_yogg_cthun_3150259992977389_IN_IV_ME_DS,119864,45.76%,
8T,VW_DH_TV_VF_yshaarj_nzoth_yogg_3979697567621101_Mis_IV_ME,119860,45.75%,
8T,VW_DH_TV_VF_nzoth_yogg_cthun_3132815916195821_IN_AM_ME_DS,119841,45.73%,
8T,VW_DH_TV_VF_nzoth_yogg_cthun_3135004269141997_IN_AM_ME_DS,119829,45.71%,
8T,VW_DH_VW_VF_nzoth_yogg_cthun_3132798736334829_IN_AM_ME,119825,45.71%,
8T,VW_DH_VW_VF_nzoth_yogg_cthun_3132926512127981_IN_AM_ME,119806,45.68%,
8T,VW_DH_VW_VF_nzoth_yogg_cthun_3132815916195821_IN_AM_ME_DS,119782,45.66%,
8T,VW_DH_TV_VF_nzoth_yogg_cthun_3132808400003053_IN_AM_ME_DS,119779,45.65%,
8T,VW_DH_VW_VF_yshaarj_nzoth_yogg_3977515724234733_Mis_IV_ME_DS,119777,45.65%,
8T,VW_DH_VW_VF_yshaarj_nzoth_yogg_3977498544889837_IN_AM_DR,119772,45.64%,
8T,VW_DH_VW_VF_nzoth_yogg_cthun_3132798736850925_IN_AM_ME,119754,45.62%,
8T,VW_DH_TV_VF_yshaarj_nzoth_cthun_3696298445561837_Mis_AM_ME,119750,45.62%,
8T,VW_DH_TV_VF_nzoth_yogg_cthun_3132813768720365_IN_AM_ME_DS,119743,45.61%,
8T,VW_DH_VW_VF_yshaarj_nzoth_yogg_4049523065544685_IN_AM_ME_DS,119730,45.59%,
8T,VW_DH_VW_VF_nzoth_yogg_cthun_3132927585869805_IN_AM_ME,119715,45.58%,
8T,VW_DH_TV_VF_nzoth_yogg_cthun_3150253483417581_IN_IV_DR,119711,45.57%,
8T,VW_DH_TV_VF_nzoth_yogg_cthun_3132791220142061_IN_AM_ME,119705,45.56%,
8T,VW_DH_VW_VF_yshaarj_nzoth_yogg_3977772348530669_Mis_IV_DR,119702,45.56%,
8T,VW_DH_VW_VF_nzoth_yogg_cthun_3150252409675757_IN_IV_DR,119701,45.56%,
8T,VW_DH_VW_VF_nzoth_yogg_cthun_3132813769236461_IN_AM_ME_DS,119699,45.56%,
8T,VW_DH_VW_VF_nzoth_yogg_cthun_3132942618255341_IN_IV_DR_DS,119681,45.53%,
8T,VW_DH_VW_VF_nzoth_yogg_cthun_3132927652454381_IN_IV_DR,119665,45.51%,
8T,VW_DH_VW_VF_yshaarj_nzoth_cthun_3768322899632109_IN_AM_DR_DS,119644,45.49%,
8T,VW_DH_VW_VF_nzoth_yogg_cthun_3132944765214701_IN_IV_DR_DS,119619,45.46%,
8T,VW_DH_VW_VF_nzoth_yogg_cthun_3133363524526061_IN_AM_ME_DS,119606,45.44%,
8T,VW_DH_VW_VF_yshaarj_nzoth_yogg_4049660437389293_IN_AM_ME_DS,119595,45.43%,
8T,VW_DH_VW_VF_nzoth_yogg_cthun_3132807326269421_IN_IV_DR_DS,119592,45.43%,
8T,VW_DH_TV_VF_nzoth_yogg_cthun_3132926511611885_IN_AM_ME,119558,45.38%,
8T,VW_DH_VW_VF_yshaarj_nzoth_cthun_3696313477947373_Mis_AM_ME_DS,119548,45.37%,
8T,VW_DH_VW_VF_nzoth_yogg_cthun_3150245967224813_IN_IV_DR,119538,45.36%,
8T,VW_DH_VW_VF_yshaarj_nzoth_yogg_3979696493879277_Mis_IV_DR,119535,45.36%,
8T,VW_DH_TV_VF_nzoth_yogg_cthun_3132942684839917_IN_IV_DR_DS,119513,45.33%,
8T,VW_DH_VW_VF_yshaarj_nzoth_yogg_3977515724234733_IN_AM_DR_DS,119512,45.33%,
8T,VW_DH_VW_VF_nzoth_yogg_cthun_3134996685840365_IN_AM_DR,119506,45.32%,
8T,VW_DH_TV_VF_nzoth_yogg_cthun_3132813769236461_IN_AM_ME_DS,119501,45.31%,
8T,VW_DH_VW_VF_yshaarj_nzoth_yogg_4049516555984877_Mis_IV_ME,119495,45.31%,
8T,VW_DH_VW_VF_yshaarj_nzoth_yogg_3977635983319021_IN_AM_DR,119478,45.29%,
8T,VW_DH_TV_VF_nzoth_yogg_cthun_3150243820265453_IN_IV_DR,119467,45.27%,
8T,VW_DH_TV_VF_nzoth_yogg_cthun_3135004202557421_IN_AM_ME_DS,119463,45.27%,
8T,VW_DH_TV_VF_yshaarj_nzoth_yogg_3977498544373741_IN_AM_DR,119458,45.26%,
8T,VW_DH_TV_VF_nzoth_yogg_cthun_3150259926392813_IN_IV_ME_DS,119453,45.26%,
8T,VW_DH_TV_VF_nzoth_yogg_cthun_3132943691472877_IN_AM_ME_DS,119449,45.25%,
8T,VW_DH_TV_VF_nzoth_yogg_cthun_3132806319628269_IN_AM_ME_DS,119441,45.24%,
8T,VW_DH_VW_VF_nzoth_yogg_cthun_3135004202557421_IN_AM_ME_DS,119433,45.23%,
8T,VW_DH_VW_VF_yshaarj_nzoth_cthun_3696313477947373_Mis_IV_DR_DS,119430,45.23%,
8T,VW_DH_TV_VF_nzoth_yogg_cthun_3150245967224813_IN_IV_DR,119428,45.23%,
8T,VW_DH_TV_VF_yshaarj_nzoth_yogg_4049531588370413_IN_AM_DR_DS,119414,45.21%,
8T,VW_DH_TV_VF_yshaarj_nzoth_yogg_3977498611474413_IN_AM_DR,119403,45.20%,
8T,VW_DH_VW_VF_yshaarj_nzoth_yogg_3979696493879277_Mis_AM_ME,119379,45.17%,
8T,VW_DH_TV_VF_yshaarj_nzoth_yogg_3977498544889837_IN_AM_DR,119378,45.17%,
8T,VW_DH_VW_VF_nzoth_yogg_cthun_3132951207665645_IN_IV_DR_DS,119339,45.12%,
8T,VW_DH_VW_VF_nzoth_yogg_cthun_3150262073352173_IN_IV_ME_DS,119330,45.11%,
8T,VW_DH_VW_VF_nzoth_yogg_cthun_3132858932977645_Mis_AM_DR,119322,45.10%,
8T,VW_DH_TV_VF_yshaarj_nzoth_cthun_3696297371820013_Mis_IV_DR,119298,45.07%,
8T,VW_DH_TV_VF_nzoth_yogg_cthun_3132813835821037_IN_AM_ME_DS,119291,45.06%,
8T,VW_DH_VW_VF_nzoth_yogg_cthun_3132926578712557_IN_AM_ME,119281,45.05%,
8T,VW_DH_TV_VF_nzoth_yogg_cthun_3132926578712557_IN_AM_ME,119257,45.02%,
8T,VW_DH_VW_VF_nzoth_yogg_cthun_3135004269141997_IN_AM_ME_DS,119257,45.02%,
8T,VW_DH_TV_VF_nzoth_yogg_cthun_3132927585869805_IN_AM_ME,119257,45.02%,
8T,VW_DH_TV_VF_nzoth_yogg_cthun_3150252409675757_IN_AM_ME,119239,45.00%,
8T,VW_DH_TV_VF_nzoth_yogg_cthun_3150244893491181_IN_IV_DR,119214,44.97%,
8T,VW_DH_VW_VF_nzoth_yogg_cthun_3150519771389933_IN_IV_DR,119209,44.96%,
8T,VW_DH_VW_VF_nzoth_yogg_cthun_3132807326785517_IN_IV_DR_DS,119191,44.94%,
8T,VW_DH_VW_VF_yshaarj_nzoth_yogg_4049522998960109_IN_AM_ME_DS,119188,44.93%,
8T,VW_DH_TV_VF_yshaarj_nzoth_yogg_3977499618107373_Mis_IV_ME,119175,44.92%,
8T,VW_DH_VW_VF_nzoth_yogg_cthun_3132806253043693_IN_AM_ME_DS,119174,44.92%,
8T,VW_DH_TV_VF_nzoth_yogg_cthun_3152458949124077_IN_IV_DR_DS,119153,44.89%,
8T,VW_DH_VW_VF_nzoth_yogg_cthun_3132876045737965_Mis_AM_DR_DS,119124,44.86%,
8T,VW_DH_TV_VF_nzoth_yogg_cthun_3150243886850029_IN_IV_DR,119102,44.83%,
8T,VW_DH_VW_VF_nzoth_yogg_cthun_3132807393370093_IN_IV_DR_DS,119098,44.82%,
8T,VW_DH_VW_VF_nzoth_yogg_cthun_3132926511611885_IN_AM_ME,119091,44.82%,
8T,VW_DH_VW_VF_yshaarj_nzoth_yogg_3979697567621101_Mis_IV_DR,119082,44.81%,
8T,VW_DH_VW_VF_yshaarj_nzoth_yogg_3977513576759277_Mis_IV_ME_DS,119079,44.80%,
8T,VW_DH_VW_VF_yshaarj_nzoth_yogg_3977498544373741_Mis_IV_ME,119068,44.79%,
8T,VW_DH_TV_VF_nzoth_yogg_cthun_3132942618255341_IN_IV_DR_DS,119052,44.77%,
8T,VW_DH_TV_VF_nzoth_yogg_cthun_3133347418398701_Mis_IV_ME,119033,44.74%,
8T,VW_DH_TV_VF_yshaarj_nzoth_yogg_4049515482243053_Mis_IV_ME,119029,44.74%,
8T,VW_DH_TV_VF_nzoth_yogg_cthun_3132799810068461_IN_AM_DR,119017,44.73%,
8T,VW_DH_VW_VF_yshaarj_nzoth_yogg_3977513643859949_IN_AM_DR_DS,119010,44.72%,
8T,VW_DH_VW_VF_nzoth_yogg_cthun_3132806319628269_IN_IV_DR_DS,119001,44.71%,
8T,VW_DH_VW_VF_nzoth_yogg_cthun_3150244893491181_IN_IV_DR,118989,44.69%,
8T,VW_DH_VW_VF_yshaarj_nzoth_yogg_3977651015704557_Mis_IV_ME_DS,118981,44.68%,
8T,VW_DH_VW_VF_nzoth_yogg_cthun_3132813768720365_IN_AM_ME_DS,118961,44.66%,
8T,VW_DH_VW_VF_yshaarj_nzoth_yogg_3977651015704557_IN_AM_DR_DS,118952,44.65%,
8T,VW_DH_VW_VF_nzoth_yogg_cthun_3150252409675757_IN_AM_ME,118929,44.62%,
8T,VW_DH_VW_VF_yshaarj_nzoth_cthun_3696297371820013_Mis_AM_DR,118909,44.59%,
8T,VW_DH_VW_VF_nzoth_yogg_cthun_3150259992977389_IN_IV_ME_DS,118902,44.59%,
8T,VW_DH_TV_VF_yshaarj_nzoth_yogg_3977635983319021_IN_AM_DR,118891,44.57%,
8T,VW_DH_VW_VF_nzoth_yogg_cthun_3133347418398701_IN_AM_DR,118885,44.57%,
8T,VW_DH_TV_VF_yshaarj_nzoth_yogg_4049525145919469_IN_AM_ME_DS,118837,44.51%,
8T,VW_DH_TV_VF_nzoth_yogg_cthun_3150268515803117_IN_IV_DR_DS,118832,44.50%,
8T,VW_DH_VW_VF_nzoth_yogg_cthun_3132943691472877_IN_AM_ME_DS,118824,44.49%,
8T,VW_DH_TV_VF_nzoth_yogg_cthun_3135004202041325_IN_AM_ME_DS,118816,44.48%,
8T,VW_DH_TV_VF_nzoth_yogg_cthun_3134996685840365_Mis_IV_ME,118799,44.46%,
8T,VW_DH_TV_VF_nzoth_yogg_cthun_3133347418398701_IN_AM_DR,118768,44.42%,
8T,VW_DH_TV_VF_yshaarj_nzoth_yogg_3977788454658029_Mis_IV_ME_DS,118762,44.42%,
8T,VW_DH_VW_VF_nzoth_yogg_cthun_3150243886850029_IN_IV_DR,118761,44.41%,
8T,VW_DH_VW_VF_nzoth_yogg_cthun_3132927585353709_IN_AM_ME,118725,44.37%,
8T,VW_DH_VW_VF_nzoth_yogg_cthun_3150519771389933_IN_AM_ME,118712,44.35%,
8T,VW_DH_VW_VF_nzoth_yogg_cthun_3135004202041325_IN_AM_ME_DS,118672,44.31%,
8T,VW_DH_TV_VF_nzoth_yogg_cthun_3132951207665645_IN_AM_ME_DS,118672,44.31%,
8T,VW_DH_TV_VF_nzoth_yogg_cthun_3132806252527597_IN_AM_ME_DS,118643,44.27%,
8T,VW_DH_TV_VF_yshaarj_nzoth_yogg_4049523065544685_IN_IV_DR_DS,118638,44.27%,
8T,VW_DH_VW_VF_yshaarj_nzoth_yogg_3977513577275373_Mis_IV_ME_DS,118628,44.25%,
8T,VW_DH_VW_VF_nzoth_yogg_cthun_3150518697648109_IN_AM_ME,118624,44.25%,
8T,VW_DH_TV_VF_nzoth_yogg_cthun_3150519771389933_IN_AM_ME,118607,44.23%,
8T,VW_DH_TV_VF_yshaarj_nzoth_yogg_3977497471148013_Mis_IV_ME,118575,44.19%,
8T,VW_DH_VW_VF_nzoth_yogg_cthun_3132951207665645_IN_AM_ME_DS,118550,44.16%,
8T,VW_DH_VW_VF_nzoth_yogg_cthun_3150534803775469_IN_IV_DR_DS,118535,44.14%,
8T,VW_DH_TV_VF_nzoth_yogg_cthun_3132927652454381_IN_AM_ME,118491,44.09%,
8T,VW_DH_VW_VF_nzoth_yogg_cthun_3152458949124077_IN_IV_DR_DS,118487,44.08%,
8T,VW_DH_TV_VF_nzoth_yogg_cthun_3132944765214701_IN_AM_ME_DS,118478,44.07%,
8T,VW_DH_TV_VF_yshaarj_nzoth_yogg_4049660437389293_IN_AM_ME_DS,118472,44.06%,
8T,VW_DH_TV_VF_yshaarj_nzoth_yogg_4049522998960109_IN_AM_ME_DS,118469,44.06%,
8T,VW_DH_VW_VF_yshaarj_nzoth_yogg_3977497470631917_Mis_IV_DR,118462,44.05%,
8T,VW_DH_VW_VF_yshaarj_nzoth_yogg_3977513643859949_Mis_IV_ME_DS,118443,44.03%,
8T,VW_DH_TV_VF_yshaarj_nzoth_cthun_3696298445561837_Mis_IV_DR,118427,44.01%,
8T,VW_DH_VW_VF_nzoth_yogg_cthun_3132806319628269_IN_AM_ME_DS,118416,44.00%,
8T,VW_DH_VW_VF_nzoth_yogg_cthun_3150243820265453_IN_IV_DR,118410,43.99%,
8T,VW_DH_TV_VF_nzoth_yogg_cthun_3132807393370093_IN_IV_DR_DS,118408,43.99%,
8T,VW_DH_VW_VF_yshaarj_nzoth_yogg_4049522998444013_IN_AM_ME_DS,118404,43.98%,
8T,VW_DH_TV_VF_yshaarj_nzoth_yogg_3977497470631917_Mis_IV_ME,118380,43.95%,
8T,VW_DH_VW_VF_nzoth_yogg_cthun_3132942684839917_IN_IV_DR_DS,118367,43.94%,
8T,VW_DH_TV_VF_yshaarj_nzoth_yogg_3977515724234733_IN_AM_DR_DS,118354,43.92%,
8T,VW_DH_VW_VF_nzoth_yogg_cthun_3132807326785517_IN_AM_ME_DS,118351,43.92%,
8T,VW_DH_TV_VF_yshaarj_nzoth_yogg_4049516555984877_Mis_IV_ME,118339,43.90%,
8T,VW_DH_VW_VF_nzoth_yogg_cthun_3150313612959725_Mis_AM_DR,118331,43.89%,
8T,VW_DH_TV_VF_nzoth_yogg_cthun_3150253483417581_IN_AM_ME,118325,43.88%,
8T,VW_DH_TV_VF_yshaarj_nzoth_cthun_3696313477947373_Mis_AM_ME_DS,118323,43.88%,
8T,VW_DH_TV_VF_nzoth_yogg_cthun_3150313612959725_Mis_AM_DR,118316,43.87%,
8T,VW_DH_TV_VF_nzoth_yogg_cthun_3150534803775469_IN_IV_DR_DS,118312,43.87%,
8T,VW_DH_TV_VF_yshaarj_nzoth_cthun_3768322899632109_IN_AM_DR_DS,118302,43.86%,
8T,VW_DH_TV_VF_nzoth_yogg_cthun_3150245967224813_IN_AM_ME,118264,43.81%,
8T,VW_DH_VW_VF_nzoth_yogg_cthun_3132813835821037_IN_AM_ME_DS,118259,43.80%,
8T,VW_DH_VW_VF_yshaarj_nzoth_yogg_3979697567621101_Mis_AM_ME,118241,43.78%,
8T,VW_DH_VW_VF_nzoth_yogg_cthun_3132806252527597_IN_AM_ME_DS,118231,43.77%,
8T,VW_DH_TV_VF_yshaarj_nzoth_yogg_3977513576759277_IN_AM_DR_DS,118195,43.73%,
8T,VW_DH_VW_VF_yshaarj_nzoth_yogg_3977773422272493_Mis_IV_DR,118185,43.71%,
8T,VW_DH_VW_VF_yshaarj_nzoth_yogg_3977513577275373_IN_AM_DR_DS,118174,43.70%,
8T,VW_DH_TV_VF_nzoth_yogg_cthun_3132806253043693_IN_AM_ME_DS,118167,43.69%,
8T,VW_DH_VW_VF_nzoth_yogg_cthun_3134997759582189_IN_AM_DR,118161,43.68%,
8T,VW_DH_VW_VF_yshaarj_nzoth_yogg_3977499618107373_Mis_AM_ME,118156,43.68%,
8T,VW_DH_TV_VF_yshaarj_nzoth_yogg_3977634909577197_Mis_IV_ME,118122,43.64%,
8T,VW_DH_VW_VF_yshaarj_nzoth_yogg_4049524072177645_IN_AM_DR_DS,118121,43.64%,
8T,VW_DH_TV_VF_nzoth_yogg_cthun_3132935101538285_IN_AM_DR,118097,43.61%,
8T,VW_DH_TV_VF_nzoth_yogg_cthun_3135005275774957_IN_AM_DR_DS,118069,43.57%,
8T,VW_DH_VW_VF_yshaarj_nzoth_cthun_3768322899632109_Mis_IV_ME_DS,118048,43.55%,
8T,VW_DH_VW_VF_nzoth_yogg_cthun_3132799810068461_IN_AM_DR,118040,43.54%,
8T,VW_DH_VW_VF_nzoth_yogg_cthun_3150245967224813_IN_AM_ME,118032,43.53%,
8T,VW_DH_TV_VF_nzoth_yogg_cthun_3150244960591853_IN_IV_DR,118005,43.50%,
8T,VW_DH_VW_VF_nzoth_yogg_cthun_3150253483417581_IN_IV_DR,117989,43.48%,
8T,VW_DH_TV_VF_yshaarj_nzoth_yogg_3977498611474413_Mis_IV_ME,117942,43.42%,
8T,VW_DH_VW_VF_yshaarj_nzoth_cthun_3696298445561837_Mis_AM_DR,117937,43.41%,
8T,VW_DH_VW_VF_nzoth_yogg_cthun_3133347418398701_Mis_IV_ME,117934,43.41%,
8T,VW_DH_TV_VF_yshaarj_nzoth_yogg_4049522998444013_IN_AM_ME_DS,117914,43.38%,
8T,VW_DH_TV_VF_nzoth_yogg_cthun_3132807326785517_IN_AM_ME_DS,117902,43.37%,
8T,VW_DH_TV_VF_nzoth_yogg_cthun_3132807393370093_IN_AM_ME_DS,117884,43.35%,
8T,VW_DH_VW_VF_nzoth_yogg_cthun_3133348492140525_Mis_IV_ME,117868,43.33%,
8T,VW_DH_TV_VF_nzoth_yogg_cthun_3132807326269421_IN_AM_ME_DS,117861,43.32%,
8T,VW_DH_TV_VF_yshaarj_nzoth_yogg_3977513643859949_IN_AM_DR_DS,117831,43.28%,
8T,VW_DH_TV_VF_yshaarj_nzoth_yogg_3977498544373741_Mis_IV_ME,117826,43.28%,
8T,VW_DH_VW_VF_nzoth_yogg_cthun_3132935101538285_IN_AM_DR,117802,43.25%,
8T,VW_DH_VW_VF_yshaarj_nzoth_yogg_3977788454658029_Mis_AM_ME_DS,117788,43.23%,
8T,VW_DH_TV_VF_nzoth_yogg_cthun_3150260999610349_IN_IV_DR_DS,117769,43.21%,
8T,VW_DH_TV_VF_yshaarj_nzoth_yogg_3979696493879277_Mis_AM_ME,117735,43.17%,
8T,VW_DH_TV_VF_nzoth_yogg_cthun_3150534803775469_IN_AM_ME_DS,117731,43.16%,
8T,VW_DH_TV_VF_yshaarj_nzoth_yogg_3977497537732589_Mis_IV_ME,117729,43.16%,
8T,VW_DH_TV_VF_nzoth_yogg_cthun_3134997759582189_Mis_IV_ME,117710,43.14%,
8T,VW_DH_TV_VF_nzoth_yogg_cthun_3132942684839917_IN_AM_ME_DS,117700,43.12%,
8T,VW_DH_VW_VF_yshaarj_nzoth_yogg_4049515482243053_Mis_AM_ME,117681,43.10%,
8T,VW_DH_TV_VF_yshaarj_nzoth_yogg_3979712600006637_Mis_IV_ME_DS,117671,43.09%,
8T,VW_DH_VW_VF_yshaarj_nzoth_yogg_3977497471148013_Mis_AM_ME,117671,43.09%,
8T,VW_DH_VW_VF_nzoth_yogg_cthun_3132942617739245_IN_AM_ME_DS,117651,43.06%,
8T,VW_DH_TV_VF_nzoth_yogg_cthun_3132927585353709_IN_AM_ME,117633,43.04%,
8T,VW_DH_TV_VF_nzoth_yogg_cthun_3132797663109101_IN_AM_DR,117617,43.02%,
8T,VW_DH_VW_VF_nzoth_yogg_cthun_3135005275774957_IN_AM_DR_DS,117608,43.01%,
8T,VW_DH_VW_VF_yshaarj_nzoth_yogg_3979712600006637_Mis_AM_ME_DS,117600,43.00%,
8T,VW_DH_TV_VF_yshaarj_nzoth_yogg_3977772348530669_Mis_AM_ME,117585,42.98%,
8T,VW_DH_TV_VF_yshaarj_nzoth_yogg_3977513577275373_IN_AM_DR_DS,117570,42.97%,
8T,VW_DH_TV_VF_nzoth_yogg_cthun_3133348492140525_IN_AM_DR,117567,42.96%,
8T,VW_DH_VW_VF_yshaarj_nzoth_yogg_4049797876342765_IN_AM_DR_DS,117561,42.96%,
8T,VW_DH_VW_VF_nzoth_yogg_cthun_3132942618255341_IN_AM_ME_DS,117542,42.93%,
8T,VW_DH_TV_VF_nzoth_yogg_cthun_3132797663109101_Mis_IV_ME,117516,42.90%,
8T,VW_DH_VW_VF_nzoth_yogg_cthun_3134996685840365_Mis_IV_ME,117501,42.88%,
8T,VW_DH_TV_VF_nzoth_yogg_cthun_3132797662593005_IN_AM_DR,117472,42.85%,
8T,VW_DH_VW_VF_yshaarj_nzoth_yogg_3977788454658029_Mis_IV_DR_DS,117469,42.84%,
8T,VW_DH_VW_VF_nzoth_yogg_cthun_3132807326269421_IN_AM_ME_DS,117463,42.84%,
8T,VW_DH_VW_VF_nzoth_yogg_cthun_3150268515803117_IN_IV_DR_DS,117447,42.82%,
8T,VW_DH_TV_VF_yshaarj_nzoth_yogg_3977651015704557_IN_AM_DR_DS,117437,42.80%,
8T,VW_DH_TV_VF_nzoth_yogg_cthun_3132942617739245_IN_AM_ME_DS,117424,42.79%,
8T,VW_DH_VW_VF_nzoth_yogg_cthun_3132927652454381_IN_AM_ME,117417,42.78%,
8T,VW_DH_TV_VF_yshaarj_nzoth_yogg_3977498544889837_Mis_IV_ME,117410,42.77%,
8T,VW_DH_TV_VF_nzoth_yogg_cthun_3132797729693677_IN_AM_DR,117404,42.76%,
8T,VW_DH_VW_VF_yshaarj_nzoth_yogg_3977773422272493_Mis_AM_ME,117401,42.76%,
8T,VW_DH_TV_VF_nzoth_yogg_cthun_3132814842453997_IN_AM_DR_DS,117387,42.74%,
8T,VW_DH_VW_VF_nzoth_yogg_cthun_3135012791967725_IN_AM_DR_DS,117378,42.73%,
8T,VW_DH_TV_VF_nzoth_yogg_cthun_3132942618255341_IN_AM_ME_DS,117363,42.71%,
8T,VW_DH_VW_VF_nzoth_yogg_cthun_3150534803775469_IN_AM_ME_DS,117354,42.70%,
8T,VW_DH_TV_VF_yshaarj_nzoth_cthun_3768322899632109_Mis_IV_ME_DS,117348,42.70%,
8T,VW_DH_TV_VF_yshaarj_nzoth_yogg_3977514650492909_Mis_IV_ME_DS,117335,42.68%,
8T,VW_DH_TV_VF_nzoth_yogg_cthun_3205372946210797_IN_AM_DR_DS,117331,42.68%,
8T,VW_DH_VW_VF_yshaarj_nzoth_yogg_3977497537732589_Mis_AM_ME,117319,42.66%,
8T,VW_DH_TV_VF_yshaarj_nzoth_yogg_3977515724234733_Mis_IV_ME_DS,117300,42.64%,
8T,VW_DH_VW_VF_nzoth_yogg_cthun_3134997759582189_Mis_IV_ME,117279,42.61%,
8T,VW_DH_VW_VF_yshaarj_nzoth_yogg_3977498544373741_Mis_IV_DR,117275,42.61%,
8T,VW_DH_VW_VF_nzoth_yogg_cthun_3133348492140525_IN_AM_DR,117275,42.61%,
8T,VW_DH_TV_VF_nzoth_yogg_cthun_3150244894007277_IN_IV_DR,117232,42.55%,
8T,VW_DH_VW_VF_yshaarj_nzoth_yogg_4049531588370413_Mis_IV_ME_DS,117225,42.55%,
8T,VW_DH_TV_VF_nzoth_yogg_cthun_3150259925876717_IN_IV_DR_DS,117224,42.55%,
8T,VW_DH_TV_VF_nzoth_yogg_cthun_3150262073352173_IN_IV_DR_DS,117212,42.53%,
8T,VW_DH_TV_VF_yshaarj_nzoth_cthun_3696313477947373_Mis_IV_DR_DS,117170,42.48%,
8T,VW_DH_VW_VF_nzoth_yogg_cthun_3150260999610349_IN_IV_DR_DS,117151,42.46%,
8T,VW_DH_VW_VF_nzoth_yogg_cthun_3150243819749357_IN_AM_ME,117118,42.42%,
8T,VW_DH_VW_VF_nzoth_yogg_cthun_3132799810068461_Mis_IV_ME,117105,42.40%,
8T,VW_DH_TV_VF_yshaarj_nzoth_yogg_3979696493879277_Mis_IV_DR,117091,42.38%,
8T,VW_DH_VW_VF_yshaarj_nzoth_yogg_3979712600006637_Mis_IV_DR_DS,117066,42.35%,
8T,VW_DH_VW_VF_yshaarj_nzoth_yogg_3977514650492909_Mis_AM_ME_DS,117054,42.34%,
8T,VW_DH_VW_VF_nzoth_yogg_cthun_3152458949124077_IN_AM_ME_DS,117045,42.33%,
8T,VW_DH_TV_VF_yshaarj_nzoth_yogg_4049515482243053_Mis_AM_ME,117025,42.30%,
8T,VW_DH_TV_VF_yshaarj_nzoth_yogg_3977635983319021_Mis_IV_ME,117021,42.30%,
8T,VW_DH_VW_VF_nzoth_yogg_cthun_3132944765214701_IN_AM_ME_DS,117011,42.29%,
8T,VW_DH_TV_VF_nzoth_yogg_cthun_3152458949124077_IN_AM_ME_DS,117006,42.28%,
8T,VW_DH_VW_VF_yshaarj_nzoth_yogg_3977634909577197_Mis_AM_ME,117004,42.28%,
8T,VW_DH_VW_VF_yshaarj_nzoth_yogg_3977497470631917_Mis_AM_ME,117001,42.27%,
8T,VW_DH_VW_VF_yshaarj_nzoth_yogg_3977499618107373_Mis_IV_DR,116979,42.25%,
8T,VW_DH_VW_VF_nzoth_yogg_cthun_3132807393370093_IN_AM_ME_DS,116974,42.24%,
8T,VW_DH_TV_VF_nzoth_yogg_cthun_3150243820265453_IN_AM_ME,116973,42.24%,
8T,VW_DH_TV_VF_yshaarj_nzoth_yogg_4049531588370413_Mis_IV_ME_DS,116957,42.22%,
8T,VW_DH_TV_VF_yshaarj_nzoth_yogg_4049523065544685_IN_AM_ME_DS,116924,42.18%,
8T,VW_DH_VW_VF_nzoth_yogg_cthun_3132797729693677_IN_AM_DR,116919,42.18%,
8T,VW_DH_VW_VF_nzoth_yogg_cthun_3150244894007277_IN_IV_DR,116882,42.13%,
8T,VW_DH_TV_VF_nzoth_yogg_cthun_3135005275774957_Mis_IV_ME_DS,116875,42.12%,
8T,VW_DH_VW_VF_yshaarj_nzoth_yogg_3977514650492909_Mis_IV_DR_DS,116843,42.08%,
8T,VW_DH_VW_VF_nzoth_yogg_cthun_3150262073352173_IN_IV_DR_DS,116837,42.08%,
8T,VW_DH_TV_VF_nzoth_yogg_cthun_3150259992977389_IN_IV_DR_DS,116831,42.07%,
8T,VW_DH_TV_VF_nzoth_yogg_cthun_3150244893491181_IN_AM_ME,116815,42.05%,
8T,VW_DH_VW_VF_nzoth_yogg_cthun_3150244960591853_IN_IV_DR,116799,42.03%,
8T,VW_DH_VW_VF_nzoth_yogg_cthun_3132798736850925_IN_AM_DR,116765,41.99%,
8T,VW_DH_VW_VF_nzoth_yogg_cthun_3132797663109101_IN_AM_DR,116754,41.97%,
8T,VW_DH_TV_VF_nzoth_yogg_cthun_3135012791967725_IN_AM_DR_DS,116747,41.97%,
8T,VW_DH_VW_VF_yshaarj_nzoth_cthun_3696313477947373_Mis_AM_DR_DS,116738,41.95%,
8T,VW_DH_VW_VF_nzoth_yogg_cthun_3150244960591853_IN_AM_ME,116731,41.95%,
8T,VW_DH_VW_VF_nzoth_yogg_cthun_3132814842453997_IN_AM_DR_DS,116724,41.94%,
8T,VW_DH_VW_VF_nzoth_yogg_cthun_3150253483417581_IN_AM_ME,116719,41.93%,
8T,VW_DH_VW_VF_nzoth_yogg_cthun_3133363524526061_Mis_IV_ME_DS,116716,41.93%,
8T,VW_DH_TV_VF_nzoth_yogg_cthun_3132791220658157_Mis_IV_ME,116708,41.92%,
8T,VW_DH_TV_VF_nzoth_yogg_cthun_3150243886850029_IN_AM_ME,116697,41.90%,
8T,VW_DH_TV_VF_nzoth_yogg_cthun_3133348492140525_Mis_IV_ME,116676,41.88%,
8T,VW_DH_VW_VF_nzoth_yogg_cthun_3150259926392813_IN_IV_DR_DS,116669,41.87%,
8T,VW_DH_VW_VF_yshaarj_nzoth_yogg_3977634909577197_Mis_IV_DR,116665,41.87%,
8T,VW_DH_TV_VF_yshaarj_nzoth_cthun_3696297371820013_Mis_AM_DR,116656,41.85%,
8T,VW_DH_TV_VF_nzoth_yogg_cthun_3133363524526061_IN_AM_DR_DS,116655,41.85%,
8T,VW_DH_TV_VF_nzoth_yogg_cthun_3132798736850925_IN_AM_DR,116653,41.85%,
8T,VW_DH_TV_VF_nzoth_yogg_cthun_3150518697648109_IN_AM_DR,116635,41.83%,
8T,VW_DH_TV_VF_nzoth_yogg_cthun_3132928659087341_Mis_IV_ME,116616,41.81%,
8T,VW_DH_TV_VF_yshaarj_nzoth_yogg_3977772348530669_Mis_IV_DR,116616,41.81%,
8T,VW_DH_TV_VF_yshaarj_nzoth_yogg_4049797876342765_IN_AM_DR_DS,116611,41.80%,
8T,VW_DH_VW_VF_nzoth_yogg_cthun_3132797662593005_IN_AM_DR,116597,41.78%,
8T,VW_DH_VW_VF_yshaarj_nzoth_yogg_3977497471148013_Mis_IV_DR,116554,41.73%,
8T,VW_DH_TV_VF_yshaarj_nzoth_yogg_3977497470631917_Mis_IV_DR,116553,41.73%,
8T,VW_DH_VW_VF_nzoth_yogg_cthun_3132942684839917_IN_AM_ME_DS,116524,41.69%,
8T,VW_DH_VW_VF_nzoth_yogg_cthun_3205372946210797_IN_AM_DR_DS,116516,41.68%,
8T,VW_DH_VW_VF_nzoth_yogg_cthun_3150259925876717_IN_IV_DR_DS,116463,41.62%,
8T,VW_DH_TV_VF_yshaarj_nzoth_yogg_3979697567621101_Mis_AM_ME,116453,41.61%,
8T,VW_DH_VW_VF_yshaarj_nzoth_yogg_3977497537732589_Mis_IV_DR,116437,41.59%,
8T,VW_DH_TV_VF_yshaarj_nzoth_yogg_3977773422272493_Mis_IV_DR,116420,41.57%,
8T,VW_DH_VW_VF_nzoth_yogg_cthun_3132798736334829_IN_AM_DR,116404,41.55%,
8T,VW_DH_TV_VF_nzoth_yogg_cthun_3132798736850925_Mis_IV_ME,116390,41.53%,
8T,VW_DH_TV_VF_nzoth_yogg_cthun_3150260999610349_IN_AM_ME_DS,116387,41.53%,
8T,VW_DH_TV_VF_nzoth_yogg_cthun_3132926511611885_Mis_IV_ME,116376,41.51%,
8T,VW_DH_TV_VF_yshaarj_nzoth_yogg_4049524072177645_IN_AM_DR_DS,116365,41.50%,
8T,VW_DH_TV_VF_yshaarj_nzoth_yogg_3977497470631917_Mis_AM_ME,116356,41.49%,
8T,VW_DH_TV_VF_nzoth_yogg_cthun_3132791220142061_Mis_IV_ME,116343,41.47%,
8T,VW_DH_TV_VF_nzoth_yogg_cthun_3205372946210797_Mis_IV_ME_DS,116301,41.42%,
8T,VW_DH_TV_VF_nzoth_yogg_cthun_3132799810068461_Mis_IV_ME,116289,41.41%,
8T,VW_DH_TV_VF_yshaarj_nzoth_yogg_3977773422272493_Mis_AM_ME,116282,41.40%,
8T,VW_DH_TV_VF_nzoth_yogg_cthun_3150268515803117_IN_AM_ME_DS,116280,41.40%,
8T,VW_DH_TV_VF_nzoth_yogg_cthun_3150243819749357_IN_AM_ME,116262,41.38%,
8T,VW_DH_TV_VF_nzoth_yogg_cthun_3132935101538285_Mis_IV_ME,116244,41.35%,
8T,VW_DH_VW_VF_nzoth_yogg_cthun_3150243886850029_IN_AM_ME,116231,41.34%,
8T,VW_DH_TV_VF_yshaarj_nzoth_yogg_3977513576759277_Mis_IV_ME_DS,116220,41.33%,
8T,VW_DH_VW_VF_nzoth_yogg_cthun_3150259992977389_IN_IV_DR_DS,116218,41.32%,
8T,VW_DH_TV_VF_nzoth_yogg_cthun_3132791287242733_IN_AM_DR,116212,41.32%,
8T,VW_DH_TV_VF_nzoth_yogg_cthun_3150244960591853_IN_AM_ME,116185,41.28%,
8T,VW_DH_TV_VF_yshaarj_nzoth_yogg_3977497471148013_Mis_AM_ME,116166,41.26%,
8T,VW_DH_TV_VF_nzoth_yogg_cthun_3132926512127981_Mis_IV_ME,116152,41.24%,
8T,VW_DH_TV_VF_yshaarj_nzoth_yogg_3977499618107373_Mis_IV_DR,116097,41.18%,
8T,VW_DH_VW_VF_nzoth_yogg_cthun_3150243820265453_IN_AM_ME,116095,41.17%,
8T,VW_DH_VW_VF_yshaarj_nzoth_yogg_4049515482243053_Mis_IV_DR,116082,41.16%,
8T,VW_DH_VW_VF_nzoth_yogg_cthun_3132797663109101_Mis_IV_ME,116078,41.15%,
8T,VW_DH_VW_VF_nzoth_yogg_cthun_3132791220142061_Mis_IV_ME,116077,41.15%,
8T,VW_DH_VW_VF_nzoth_yogg_cthun_3150244893491181_IN_AM_ME,116076,41.15%,
8T,VW_DH_TV_VF_yshaarj_nzoth_yogg_3977651015704557_Mis_IV_ME_DS,116058,41.13%,
8T,VW_DH_TV_VF_nzoth_yogg_cthun_3132798736334829_IN_AM_DR,116013,41.07%,
8T,VW_DH_VW_VF_nzoth_yogg_cthun_3133363524526061_IN_AM_DR_DS,116008,41.07%,
8T,VW_DH_VW_VF_nzoth_yogg_cthun_3132935101538285_Mis_IV_ME,116005,41.06%,
8T,VW_DH_VW_VF_nzoth_yogg_cthun_3132797662593005_Mis_IV_ME,115989,41.04%,
8T,VW_DH_TV_VF_nzoth_yogg_cthun_3135006349516781_IN_AM_DR_DS,115986,41.04%,
8T,VW_DH_VW_VF_yshaarj_nzoth_yogg_3977498611474413_Mis_AM_ME,115982,41.03%,
8T,VW_DH_TV_VF_nzoth_yogg_cthun_3132926578712557_IN_AM_DR,115949,41.00%,
8T,VW_DH_VW_VF_yshaarj_nzoth_yogg_3977635983319021_Mis_AM_ME,115943,40.99%,
8T,VW_DH_TV_VF_nzoth_yogg_cthun_3132928659087341_IN_AM_DR,115939,40.98%,
8T,VW_DH_TV_VF_nzoth_yogg_cthun_3132814842453997_Mis_IV_ME_DS,115914,40.95%,
8T,VW_DH_VW_VF_nzoth_yogg_cthun_3132936175280109_Mis_IV_ME,115904,40.94%,
8T,VW_DH_VW_VF_nzoth_yogg_cthun_3150268515803117_IN_AM_ME_DS,115899,40.93%,
8T,VW_DH_TV_VF_nzoth_yogg_cthun_3150259926392813_IN_IV_DR_DS,115890,40.92%,
8T,VW_DH_VW_VF_yshaarj_nzoth_yogg_3979696493879277_Mis_AM_DR,115878,40.91%,
8T,VW_DH_TV_VF_nzoth_yogg_cthun_3132797729693677_Mis_IV_ME,115869,40.90%,
8T,VW_DH_VW_VF_yshaarj_nzoth_yogg_3977635983319021_Mis_IV_DR,115860,40.89%,
8T,VW_DH_TV_VF_nzoth_yogg_cthun_3132791220658157_IN_AM_DR,115856,40.88%,
8T,VW_DH_TV_VF_nzoth_yogg_cthun_3132791220142061_IN_AM_DR,115836,40.86%,
8T,VW_DH_TV_VF_yshaarj_nzoth_yogg_3977634909577197_Mis_AM_ME,115834,40.85%,
8T,VW_DH_TV_VF_nzoth_yogg_cthun_3150244894007277_IN_AM_ME,115832,40.85%,
8T,VW_DH_VW_VF_nzoth_yogg_cthun_3135012791967725_Mis_IV_ME_DS,115822,40.84%,
8T,VW_DH_VW_VF_nzoth_yogg_cthun_3150244894007277_IN_AM_ME,115819,40.84%,
8T,VW_DH_TV_VF_yshaarj_nzoth_yogg_3977513577275373_Mis_IV_ME_DS,115794,40.81%,
8T,VW_DH_VW_VF_nzoth_yogg_cthun_3135006349516781_IN_AM_DR_DS,115759,40.76%,
8T,VW_DH_TV_VF_nzoth_yogg_cthun_3132791287242733_Mis_IV_ME,115750,40.75%,
8T,VW_DH_VW_VF_nzoth_yogg_cthun_3132791287242733_IN_AM_DR,115742,40.74%,
8T,VW_DH_VW_VF_yshaarj_nzoth_yogg_3977513576759277_Mis_IV_DR_DS,115734,40.73%,
8T,VW_DH_VW_VF_nzoth_yogg_cthun_3132797729693677_Mis_IV_ME,115732,40.73%,
8T,VW_DH_VW_VF_nzoth_yogg_cthun_3132928659087341_IN_AM_DR,115732,40.73%,
8T,VW_DH_TV_VF_yshaarj_nzoth_yogg_3977499618107373_Mis_AM_ME,115729,40.73%,
8T,VW_DH_TV_VF_nzoth_yogg_cthun_3132798736334829_Mis_IV_ME,115715,40.71%,
8T,VW_DH_TV_VF_nzoth_yogg_cthun_3150262073352173_IN_AM_ME_DS,115707,40.70%,
8T,VW_DH_TV_VF_nzoth_yogg_cthun_3135006349516781_Mis_IV_ME_DS,115705,40.70%,
8T,VW_DH_VW_VF_nzoth_yogg_cthun_3132791287242733_Mis_IV_ME,115700,40.69%,
8T,VW_DH_TV_VF_nzoth_yogg_cthun_3132808400003053_IN_AM_DR_DS,115699,40.69%,
8T,VW_DH_TV_VF_nzoth_yogg_cthun_3132936175280109_IN_AM_DR,115696,40.69%,
8T,VW_DH_TV_VF_nzoth_yogg_cthun_3132936175280109_Mis_IV_ME,115670,40.66%,
8T,VW_DH_TV_VF_nzoth_yogg_cthun_3132943691472877_IN_AM_DR_DS,115664,40.65%,
8T,VW_DH_TV_VF_yshaarj_nzoth_yogg_3979697567621101_Mis_IV_DR,115643,40.62%,
8T,VW_DH_VW_VF_nzoth_yogg_cthun_3150260999610349_IN_AM_ME_DS,115624,40.60%,
8T,VW_DH_VW_VF_nzoth_yogg_cthun_3132791220658157_Mis_IV_ME,115618,40.59%,
8T,VW_DH_VW_VF_yshaarj_nzoth_yogg_3977772348530669_Mis_AM_DR,115614,40.59%,
8T,VW_DH_TV_VF_yshaarj_nzoth_yogg_3977634909577197_Mis_IV_DR,115583,40.55%,
8T,VW_DH_TV_VF_yshaarj_nzoth_yogg_4049515482243053_Mis_IV_DR,115582,40.55%,
8T,VW_DH_TV_VF_nzoth_yogg_cthun_3134996685840365_Mis_AM_ME,115575,40.54%,
8T,VW_DH_VW_VF_nzoth_yogg_cthun_3132798736334829_Mis_IV_ME,115549,40.51%,
8T,VW_DH_TV_VF_nzoth_yogg_cthun_3132815916195821_IN_AM_DR_DS,115535,40.49%,
8T,VW_DH_VW_VF_yshaarj_nzoth_yogg_3977498544373741_Mis_AM_ME,115535,40.49%,
8T,VW_DH_TV_VF_nzoth_yogg_cthun_3135004202557421_IN_AM_DR_DS,115517,40.47%,
8T,VW_DH_TV_VF_yshaarj_nzoth_yogg_3979712600006637_Mis_AM_ME_DS,115483,40.43%,
8T,VW_DH_TV_VF_nzoth_yogg_cthun_3135012791967725_Mis_IV_ME_DS,115481,40.43%,
8T,VW_DH_VW_VF_yshaarj_nzoth_yogg_3977498544889837_Mis_AM_ME,115475,40.42%,
8T,VW_DH_VW_VF_nzoth_yogg_cthun_3132798803435501_IN_AM_DR,115475,40.42%,
8T,VW_DH_TV_VF_nzoth_yogg_cthun_3132926512127981_IN_AM_DR,115434,40.37%,
8T,VW_DH_VW_VF_yshaarj_nzoth_yogg_3977515724234733_Mis_IV_DR_DS,115425,40.36%,
8T,VW_DH_TV_VF_nzoth_yogg_cthun_3150518697648109_Mis_IV_ME,115401,40.33%,
8T,VW_DH_VW_VF_yshaarj_nzoth_yogg_4049522998960109_IN_AM_DR_DS,115385,40.31%,
8T,VW_DH_VW_VF_nzoth_yogg_cthun_3150262073352173_IN_AM_ME_DS,115367,40.29%,
8T,VW_DH_TV_VF_nzoth_yogg_cthun_3132926511611885_IN_AM_DR,115366,40.29%,
8T,VW_DH_TV_VF_nzoth_yogg_cthun_3133363524526061_Mis_IV_ME_DS,115359,40.28%,
8T,VW_DH_TV_VF_nzoth_yogg_cthun_3132797662593005_Mis_IV_ME,115344,40.26%,
8T,VW_DH_VW_VF_nzoth_yogg_cthun_3135004269141997_IN_AM_DR_DS,115343,40.26%,
8T,VW_DH_TV_VF_nzoth_yogg_cthun_3132926578712557_Mis_IV_ME,115338,40.25%,
8T,VW_DH_TV_VF_nzoth_yogg_cthun_3132798803435501_Mis_IV_ME,115327,40.24%,
8T,VW_DH_VW_VF_nzoth_yogg_cthun_3132936175280109_IN_AM_DR,115296,40.20%,
8T,VW_DH_TV_VF_nzoth_yogg_cthun_3134996685840365_Mis_IV_DR,115257,40.15%,
8T,VW_DH_VW_VF_nzoth_yogg_cthun_3133347418398701_Mis_IV_DR,115239,40.13%,
8T,VW_DH_TV_VF_nzoth_yogg_cthun_3150252409675757_IN_AM_DR,115229,40.12%,
8T,VW_DH_VW_VF_yshaarj_nzoth_yogg_4049797876342765_Mis_IV_ME_DS,115208,40.09%,
8T,VW_DH_VW_VF_nzoth_yogg_cthun_3132791220658157_IN_AM_DR,115208,40.09%,
8T,VW_DH_VW_VF_nzoth_yogg_cthun_3132798736850925_Mis_IV_ME,115201,40.09%,
8T,VW_DH_TV_VF_yshaarj_nzoth_yogg_3977514650492909_Mis_AM_ME_DS,115182,40.06%,
8T,VW_DH_VW_VF_nzoth_yogg_cthun_3150518697648109_Mis_IV_ME,115160,40.04%,
8T,VW_DH_VW_VF_yshaarj_nzoth_yogg_3977515724234733_Mis_AM_ME_DS,115148,40.02%,
8T,VW_DH_TV_VF_yshaarj_nzoth_yogg_3977788454658029_Mis_AM_ME_DS,115123,39.99%,
8T,VW_DH_VW_VF_nzoth_yogg_cthun_3205372946210797_Mis_IV_ME_DS,115108,39.97%,
8T,VW_DH_TV_VF_nzoth_yogg_cthun_3132798803435501_IN_AM_DR,115103,39.97%,
8T,VW_DH_TV_VF_nzoth_yogg_cthun_3132813769236461_IN_AM_DR_DS,115036,39.89%,
8T,VW_DH_VW_VF_nzoth_yogg_cthun_3132806253043693_IN_AM_DR_DS,115033,39.88%,
8T,VW_DH_VW_VF_yshaarj_nzoth_yogg_4049660437389293_IN_AM_DR_DS,115029,39.88%,
8T,VW_DH_TV_VF_nzoth_yogg_cthun_3132927585869805_Mis_IV_ME,115013,39.86%,
8T,VW_DH_TV_VF_nzoth_yogg_cthun_3132815916195821_Mis_IV_ME_DS,115013,39.86%,
8T,VW_DH_VW_VF_nzoth_yogg_cthun_3135005275774957_Mis_IV_ME_DS,114996,39.84%,
8T,VW_DH_VW_VF_nzoth_yogg_cthun_3133347418398701_Mis_AM_ME,114970,39.80%,
8T,VW_DH_VW_VF_nzoth_yogg_cthun_3132808400003053_IN_AM_DR_DS,114963,39.80%,
8T,VW_DH_TV_VF_yshaarj_nzoth_yogg_3977788454658029_Mis_IV_DR_DS,114952,39.78%,
8T,VW_DH_TV_VF_yshaarj_nzoth_cthun_3696298445561837_Mis_AM_DR,114933,39.76%,
8T,VW_DH_VW_VF_yshaarj_nzoth_yogg_3977498611474413_Mis_IV_DR,114902,39.72%,
8T,VW_DH_TV_VF_yshaarj_nzoth_yogg_3977514650492909_Mis_IV_DR_DS,114899,39.72%,
8T,VW_DH_VW_VF_yshaarj_nzoth_yogg_4049516555984877_Mis_AM_ME,114879,39.69%,
8T,VW_DH_TV_VF_nzoth_yogg_cthun_3135004202041325_IN_AM_DR_DS,114867,39.68%,
8T,VW_DH_VW_VF_yshaarj_nzoth_yogg_3977651015704557_Mis_AM_ME_DS,114859,39.67%,
8T,VW_DH_VW_VF_nzoth_yogg_cthun_3132926511611885_Mis_IV_ME,114858,39.67%,
8T,VW_DH_VW_VF_nzoth_yogg_cthun_3132926578712557_IN_AM_DR,114831,39.64%,
8T,VW_DH_VW_VF_nzoth_yogg_cthun_3135006349516781_Mis_IV_ME_DS,114823,39.63%,
8T,VW_DH_TV_VF_yshaarj_nzoth_yogg_3977497537732589_Mis_AM_ME,114819,39.62%,
8T,VW_DH_TV_VF_yshaarj_nzoth_yogg_3977497537732589_Mis_IV_DR,114797,39.59%,
8T,VW_DH_VW_VF_nzoth_yogg_cthun_3132926578712557_Mis_IV_ME,114784,39.58%,
8T,VW_DH_TV_VF_nzoth_yogg_cthun_3135004269141997_Mis_IV_ME_DS,114757,39.55%,
8T,VW_DH_VW_VF_yshaarj_nzoth_yogg_3977498544889837_Mis_IV_DR,114757,39.55%,
8T,VW_DH_VW_VF_nzoth_yogg_cthun_3132791220142061_IN_AM_DR,114733,39.52%,
8T,VW_DH_TV_VF_yshaarj_nzoth_yogg_3977497471148013_Mis_IV_DR,114716,39.50%,
8T,VW_DH_VW_VF_yshaarj_nzoth_yogg_4049516555984877_Mis_IV_DR,114699,39.48%,
8T,VW_DH_TV_VF_nzoth_yogg_cthun_3132808400003053_Mis_IV_ME_DS,114695,39.47%,
8T,VW_DH_TV_VF_nzoth_yogg_cthun_3132943691472877_Mis_IV_ME_DS,114692,39.47%,
8T,VW_DH_VW_VF_yshaarj_nzoth_yogg_3977513643859949_Mis_AM_ME_DS,114689,39.46%,
8T,VW_DH_TV_VF_nzoth_yogg_cthun_3135004269141997_IN_AM_DR_DS,114679,39.45%,
8T,VW_DH_VW_VF_nzoth_yogg_cthun_3132926511611885_IN_AM_DR,114667,39.44%,
8T,VW_DH_TV_VF_yshaarj_nzoth_yogg_4049525145919469_IN_AM_DR_DS,114661,39.43%,
8T,VW_DH_VW_VF_nzoth_yogg_cthun_3132926512127981_IN_AM_DR,114647,39.41%,
8T,VW_DH_TV_VF_yshaarj_nzoth_yogg_3979712600006637_Mis_IV_DR_DS,114631,39.39%,
8T,VW_DH_VW_VF_nzoth_yogg_cthun_3150518697648109_IN_AM_DR,114609,39.37%,
8T,VW_DH_TV_VF_nzoth_yogg_cthun_3150259926392813_IN_AM_ME_DS,114599,39.35%,
8T,VW_DH_TV_VF_nzoth_yogg_cthun_3132951207665645_IN_AM_DR_DS,114591,39.34%,
8T,VW_DH_VW_VF_nzoth_yogg_cthun_3132814842453997_Mis_IV_ME_DS,114578,39.33%,
8T,VW_DH_TV_VF_nzoth_yogg_cthun_3135004202557421_Mis_IV_ME_DS,114566,39.31%,
8T,VW_DH_VW_VF_yshaarj_nzoth_yogg_4049523065544685_IN_AM_DR_DS,114563,39.31%,
8T,VW_DH_TV_VF_yshaarj_nzoth_yogg_3977513643859949_Mis_IV_ME_DS,114558,39.30%,
8T,VW_DH_VW_VF_yshaarj_nzoth_yogg_3977651015704557_Mis_IV_DR_DS,114546,39.29%,
8T,VW_DH_VW_VF_yshaarj_nzoth_yogg_3977513576759277_Mis_AM_ME_DS,114539,39.28%,
8T,VW_DH_VW_VF_nzoth_yogg_cthun_3132926512127981_Mis_IV_ME,114508,39.24%,
8T,VW_DH_VW_VF_nzoth_yogg_cthun_3132806253043693_Mis_IV_ME_DS,114472,39.20%,
8T,VW_DH_TV_VF_yshaarj_nzoth_yogg_4049660437389293_IN_AM_DR_DS,114465,39.19%,
8T,VW_DH_TV_VF_nzoth_yogg_cthun_3132806319628269_IN_AM_DR_DS,114432,39.15%,
8T,VW_DH_TV_VF_nzoth_yogg_cthun_3150519771389933_Mis_IV_ME,114430,39.15%,
8T,VW_DH_VW_VF_yshaarj_nzoth_yogg_3977513577275373_Mis_AM_ME_DS,114428,39.15%,
8T,VW_DH_VW_VF_nzoth_yogg_cthun_3132943691472877_IN_AM_DR_DS,114425,39.14%,
8T,VW_DH_VW_VF_nzoth_yogg_cthun_3135004202041325_IN_AM_DR_DS,114401,39.11%,
8T,VW_DH_TV_VF_nzoth_yogg_cthun_3150519771389933_IN_AM_DR,114347,39.05%,
8T,VW_DH_VW_VF_nzoth_yogg_cthun_3132806252527597_IN_AM_DR_DS,114346,39.05%,
8T,VW_DH_TV_VF_yshaarj_nzoth_yogg_4049516555984877_Mis_AM_ME,114344,39.04%,
8T,VW_DH_VW_VF_yshaarj_nzoth_yogg_4049525145919469_IN_AM_DR_DS,114341,39.04%,
8T,VW_DH_VW_VF_nzoth_yogg_cthun_3135004202557421_IN_AM_DR_DS,114326,39.02%,
8T,VW_DH_TV_VF_nzoth_yogg_cthun_3132951207665645_Mis_IV_ME_DS,114314,39.01%,
8T,VW_DH_TV_VF_yshaarj_nzoth_yogg_4049797876342765_Mis_IV_ME_DS,114313,39.01%,
8T,VW_DH_TV_VF_nzoth_yogg_cthun_3132806252527597_IN_AM_DR_DS,114305,39.00%,
8T,VW_DH_TV_VF_nzoth_yogg_cthun_3150259992977389_IN_AM_ME_DS,114295,38.98%,
8T,VW_DH_VW_VF_nzoth_yogg_cthun_3132806252527597_Mis_IV_ME_DS,114280,38.97%,
8T,VW_DH_VW_VF_nzoth_yogg_cthun_3132928659087341_Mis_IV_ME,114279,38.97%,
8T,VW_DH_VW_VF_nzoth_yogg_cthun_3133348492140525_Mis_AM_ME,114273,38.96%,
8T,VW_DH_VW_VF_yshaarj_nzoth_yogg_3977513577275373_Mis_IV_DR_DS,114257,38.94%,
8T,VW_DH_VW_VF_nzoth_yogg_cthun_3134996685840365_Mis_IV_DR,114243,38.92%,
8T,VW_DH_TV_VF_nzoth_yogg_cthun_3132806253043693_IN_AM_DR_DS,114232,38.91%,
8T,VW_DH_VW_VF_yshaarj_nzoth_yogg_4049522998444013_IN_AM_DR_DS,114205,38.87%,
8T,VW_DH_VW_VF_nzoth_yogg_cthun_3150259992977389_IN_AM_ME_DS,114202,38.87%,
8T,VW_DH_TV_VF_yshaarj_nzoth_yogg_3977498544889837_Mis_AM_ME,114196,38.86%,
8T,VW_DH_VW_VF_nzoth_yogg_cthun_3150259926392813_IN_AM_ME_DS,114174,38.84%,
8T,VW_DH_TV_VF_yshaarj_nzoth_yogg_4049516555984877_Mis_IV_DR,114171,38.83%,
8T,VW_DH_VW_VF_nzoth_yogg_cthun_3132815916195821_IN_AM_DR_DS,114169,38.83%,
8T,VW_DH_TV_VF_yshaarj_nzoth_yogg_3977498544373741_Mis_IV_DR,114160,38.82%,
8T,VW_DH_VW_VF_nzoth_yogg_cthun_3132808400003053_Mis_IV_ME_DS,114120,38.77%,
8T,VW_DH_TV_VF_yshaarj_nzoth_yogg_3979696493879277_Mis_AM_DR,114111,38.76%,
8T,VW_DH_VW_VF_yshaarj_nzoth_cthun_3768322899632109_Mis_IV_DR_DS,114108,38.76%,
8T,VW_DH_VW_VF_nzoth_yogg_cthun_3132815916195821_Mis_IV_ME_DS,114106,38.75%,
8T,VW_DH_VW_VF_nzoth_yogg_cthun_3150259925876717_IN_AM_ME_DS,114056,38.69%,
8T,VW_DH_VW_VF_yshaarj_nzoth_yogg_3977773422272493_Mis_AM_DR,114051,38.69%,
8T,VW_DH_TV_VF_nzoth_yogg_cthun_3133347418398701_Mis_IV_DR,114047,38.68%,
8T,VW_DH_VW_VF_nzoth_yogg_cthun_3150519771389933_Mis_IV_ME,114046,38.68%,
8T,VW_DH_TV_VF_nzoth_yogg_cthun_3150252409675757_Mis_IV_ME,114037,38.67%,
8T,VW_DH_TV_VF_nzoth_yogg_cthun_3134997759582189_Mis_IV_DR,114020,38.65%,
8T,VW_DH_TV_VF_nzoth_yogg_cthun_3150259925876717_IN_AM_ME_DS,114014,38.64%,
8T,VW_DH_TV_VF_nzoth_yogg_cthun_3150253483417581_IN_AM_DR,114014,38.64%,
8T,VW_DH_TV_VF_nzoth_yogg_cthun_3135004202041325_Mis_IV_ME_DS,114001,38.63%,
8T,VW_DH_VW_VF_nzoth_yogg_cthun_3150252409675757_IN_AM_DR,113997,38.62%,
8T,VW_DH_VW_VF_nzoth_yogg_cthun_3132798803435501_Mis_IV_ME,113992,38.62%,
8T,VW_DH_TV_VF_nzoth_yogg_cthun_3132813769236461_Mis_IV_ME_DS,113987,38.61%,
8T,VW_DH_TV_VF_nzoth_yogg_cthun_3132806253043693_Mis_IV_ME_DS,113985,38.61%,
8T,VW_DH_TV_VF_nzoth_yogg_cthun_3132927652454381_IN_AM_DR,113968,38.59%,
8T,VW_DH_VW_VF_nzoth_yogg_cthun_3132951207665645_IN_AM_DR_DS,113947,38.56%,
8T,VW_DH_TV_VF_nzoth_yogg_cthun_3132813768720365_IN_AM_DR_DS,113942,38.55%,
8T,VW_DH_TV_VF_nzoth_yogg_cthun_3150245967224813_IN_AM_DR,113940,38.55%,
8T,VW_DH_TV_VF_nzoth_yogg_cthun_3150245967224813_Mis_IV_ME,113938,38.55%,
8T,VW_DH_VW_VF_nzoth_yogg_cthun_3132943691472877_Mis_IV_ME_DS,113910,38.52%,
8T,VW_DH_VW_VF_nzoth_yogg_cthun_3132813768720365_Mis_IV_ME_DS,113904,38.51%,
8T,VW_DH_VW_VF_yshaarj_nzoth_yogg_3977634909577197_Mis_AM_DR,113831,38.42%,
8T,VW_DH_VW_VF_yshaarj_nzoth_yogg_3977513643859949_Mis_IV_DR_DS,113814,38.40%,
8T,VW_DH_TV_VF_nzoth_yogg_cthun_3132927585869805_IN_AM_DR,113797,38.38%,
8T,VW_DH_VW_VF_yshaarj_nzoth_cthun_3768322899632109_Mis_AM_ME_DS,113795,38.38%,
8T,VW_DH_VW_VF_yshaarj_nzoth_yogg_4049524072177645_Mis_IV_ME_DS,113789,38.37%,
8T,VW_DH_TV_VF_nzoth_yogg_cthun_3132807326785517_Mis_IV_ME_DS,113778,38.36%,
8T,VW_DH_VW_VF_nzoth_yogg_cthun_3132813769236461_IN_AM_DR_DS,113776,38.35%,
8T,VW_DH_TV_VF_nzoth_yogg_cthun_3132806319628269_Mis_IV_ME_DS,113754,38.33%,
8T,VW_DH_TV_VF_nzoth_yogg_cthun_3132927585353709_Mis_IV_ME,113714,38.28%,
8T,VW_DH_TV_VF_nzoth_yogg_cthun_3132799810068461_Mis_AM_ME,113713,38.28%,
8T,VW_DH_TV_VF_nzoth_yogg_cthun_3132927652454381_Mis_IV_ME,113713,38.28%,
8T,VW_DH_VW_VF_nzoth_yogg_cthun_3132951207665645_Mis_IV_ME_DS,113711,38.27%,
8T,VW_DH_VW_VF_nzoth_yogg_cthun_3132813835821037_IN_AM_DR_DS,113705,38.27%,
8T,VW_DH_VW_VF_nzoth_yogg_cthun_3135004269141997_Mis_IV_ME_DS,113692,38.25%,
8T,VW_DH_VW_VF_nzoth_yogg_cthun_3134996685840365_Mis_AM_ME,113684,38.24%,
8T,VW_DH_TV_VF_yshaarj_nzoth_yogg_3977772348530669_Mis_AM_DR,113681,38.24%,
8T,VW_DH_VW_VF_nzoth_yogg_cthun_3132813768720365_IN_AM_DR_DS,113679,38.23%,
8T,VW_DH_VW_VF_nzoth_yogg_cthun_3132806319628269_IN_AM_DR_DS,113675,38.23%,
8T,VW_DH_TV_VF_nzoth_yogg_cthun_3132806252527597_Mis_IV_ME_DS,113644,38.19%,
8T,VW_DH_VW_VF_nzoth_yogg_cthun_3132813769236461_Mis_IV_ME_DS,113639,38.19%,
8T,VW_DH_TV_VF_nzoth_yogg_cthun_3132944765214701_IN_AM_DR_DS,113636,38.18%,
8T,VW_DH_TV_VF_yshaarj_nzoth_cthun_3768322899632109_Mis_AM_ME_DS,113636,38.18%,
8T,VW_DH_TV_VF_nzoth_yogg_cthun_3132813835821037_IN_AM_DR_DS,113634,38.18%,
8T,VW_DH_VW_VF_nzoth_yogg_cthun_3132927585353709_Mis_IV_ME,113555,38.08%,
8T,VW_DH_TV_VF_nzoth_yogg_cthun_3133347418398701_Mis_AM_ME,113548,38.08%,
8T,VW_DH_TV_VF_yshaarj_nzoth_yogg_4049531588370413_Mis_AM_ME_DS,113535,38.06%,
8T,VW_DH_TV_VF_yshaarj_nzoth_yogg_3977651015704557_Mis_AM_ME_DS,113534,38.06%,
8T,VW_DH_TV_VF_yshaarj_nzoth_yogg_3977498611474413_Mis_AM_ME,113532,38.06%,
8T,VW_DH_TV_VF_yshaarj_nzoth_yogg_3977515724234733_Mis_IV_DR_DS,113487,38.00%,
8T,VW_DH_VW_VF_nzoth_yogg_cthun_3150252409675757_Mis_IV_ME,113485,38.00%,
8T,VW_DH_TV_VF_nzoth_yogg_cthun_3132791220658157_Mis_IV_DR,113478,37.99%,
8T,VW_DH_VW_VF_yshaarj_nzoth_yogg_4049531588370413_Mis_AM_ME_DS,113478,37.99%,
8T,VW_DH_TV_VF_nzoth_yogg_cthun_3150243820265453_IN_AM_DR,113447,37.95%,
8T,VW_DH_TV_VF_nzoth_yogg_cthun_3134997759582189_Mis_AM_ME,113433,37.94%,
8T,VW_DH_VW_VF_yshaarj_nzoth_yogg_4049525145919469_Mis_IV_ME_DS,113431,37.93%,
8T,VW_DH_VW_VF_nzoth_yogg_cthun_3150243819749357_Mis_IV_ME,113422,37.92%,
8T,VW_DH_TV_VF_nzoth_yogg_cthun_3132942618255341_IN_AM_DR_DS,113399,37.89%,
8T,VW_DH_VW_VF_nzoth_yogg_cthun_3132927652454381_Mis_IV_ME,113397,37.89%,
8T,VW_DH_TV_VF_yshaarj_nzoth_yogg_3977498544373741_Mis_AM_ME,113389,37.88%,
8T,VW_DH_TV_VF_yshaarj_nzoth_yogg_3977498544889837_Mis_IV_DR,113372,37.86%,
8T,VW_DH_TV_VF_nzoth_yogg_cthun_3132942618255341_Mis_IV_ME_DS,113369,37.86%,
8T,VW_DH_TV_VF_nzoth_yogg_cthun_3135005275774957_Mis_IV_DR_DS,113329,37.81%,
8T,VW_DH_TV_VF_yshaarj_nzoth_yogg_4049524072177645_Mis_IV_ME_DS,113326,37.81%,
8T,VW_DH_VW_VF_yshaarj_nzoth_yogg_3979697567621101_Mis_AM_DR,113307,37.78%,
8T,VW_DH_VW_VF_nzoth_yogg_cthun_3135004202557421_Mis_IV_ME_DS,113306,37.78%,
8T,VW_DH_VW_VF_yshaarj_nzoth_yogg_3977499618107373_Mis_AM_DR,113301,37.78%,
8T,VW_DH_VW_VF_yshaarj_nzoth_yogg_4049660437389293_Mis_IV_ME_DS,113301,37.77%,
8T,VW_DH_TV_VF_nzoth_yogg_cthun_3132797663109101_Mis_AM_ME,113290,37.76%,
8T,VW_DH_TV_VF_yshaarj_nzoth_yogg_4049523065544685_IN_AM_DR_DS,113289,37.76%,
8T,VW_DH_TV_VF_nzoth_yogg_cthun_3150243886850029_Mis_IV_ME,113286,37.76%,
8T,VW_DH_TV_VF_nzoth_yogg_cthun_3132927585353709_IN_AM_DR,113283,37.75%,
8T,VW_DH_VW_VF_nzoth_yogg_cthun_3134997759582189_Mis_IV_DR,113274,37.74%,
8T,VW_DH_VW_VF_nzoth_yogg_cthun_3134997759582189_Mis_AM_ME,113254,37.72%,
8T,VW_DH_VW_VF_nzoth_yogg_cthun_3132807326269421_IN_AM_DR_DS,113245,37.71%,
8T,VW_DH_VW_VF_nzoth_yogg_cthun_3133348492140525_Mis_IV_DR,113242,37.70%,
8T,VW_DH_TV_VF_nzoth_yogg_cthun_3132942684839917_IN_AM_DR_DS,113232,37.69%,
8T,VW_DH_VW_VF_nzoth_yogg_cthun_3132807326785517_Mis_IV_ME_DS,113225,37.68%,
8T,VW_DH_TV_VF_yshaarj_nzoth_yogg_4049522998960109_IN_AM_DR_DS,113210,37.66%,
8T,VW_DH_TV_VF_yshaarj_nzoth_yogg_4049531588370413_Mis_IV_DR_DS,113171,37.62%,
8T,VW_DH_VW_VF_yshaarj_nzoth_yogg_3977497470631917_Mis_AM_DR,113152,37.59%,
8T,VW_DH_TV_VF_nzoth_yogg_cthun_3150243820265453_Mis_IV_ME,113141,37.58%,
8T,VW_DH_VW_VF_nzoth_yogg_cthun_3132927585353709_IN_AM_DR,113123,37.56%,
8T,VW_DH_TV_VF_nzoth_yogg_cthun_3150243819749357_Mis_IV_ME,113111,37.54%,
8T,VW_DH_TV_VF_nzoth_yogg_cthun_3132799810068461_Mis_IV_DR,113104,37.54%,
8T,VW_DH_TV_VF_nzoth_yogg_cthun_3132813768720365_Mis_IV_ME_DS,113102,37.53%,
8T,VW_DH_VW_VF_yshaarj_nzoth_yogg_3977788454658029_Mis_AM_DR_DS,113099,37.53%,
8T,VW_DH_TV_VF_nzoth_yogg_cthun_3205372946210797_Mis_IV_DR_DS,113096,37.53%,
8T,VW_DH_TV_VF_nzoth_yogg_cthun_3132807393370093_IN_AM_DR_DS,113062,37.49%,
8T,VW_DH_TV_VF_yshaarj_nzoth_yogg_4049525145919469_Mis_IV_ME_DS,113057,37.48%,
8T,VW_DH_TV_VF_nzoth_yogg_cthun_3132935101538285_Mis_AM_ME,113054,37.48%,
8T,VW_DH_TV_VF_yshaarj_nzoth_yogg_3977635983319021_Mis_AM_ME,113039,37.46%,
8T,VW_DH_TV_VF_yshaarj_nzoth_yogg_3977515724234733_Mis_AM_ME_DS,113036,37.45%,
8T,VW_DH_TV_VF_nzoth_yogg_cthun_3133348492140525_Mis_IV_DR,113029,37.44%,
8T,VW_DH_TV_VF_nzoth_yogg_cthun_3132942684839917_Mis_IV_ME_DS,113017,37.43%,
8T,VW_DH_TV_VF_nzoth_yogg_cthun_3133348492140525_Mis_AM_ME,113017,37.43%,
8T,VW_DH_TV_VF_yshaarj_nzoth_cthun_3768322899632109_Mis_IV_DR_DS,113016,37.43%,
8T,VW_DH_VW_VF_yshaarj_nzoth_yogg_3977497471148013_Mis_AM_DR,113012,37.42%,
8T,VW_DH_TV_VF_nzoth_yogg_cthun_3152458949124077_IN_AM_DR_DS,112992,37.40%,
8T,VW_DH_VW_VF_yshaarj_nzoth_yogg_3977497537732589_Mis_AM_DR,112989,37.40%,
8T,VW_DH_VW_VF_nzoth_yogg_cthun_3132813835821037_Mis_IV_ME_DS,112974,37.38%,
8T,VW_DH_VW_VF_nzoth_yogg_cthun_3135004202041325_Mis_IV_ME_DS,112970,37.37%,
8T,VW_DH_VW_VF_yshaarj_nzoth_yogg_3977514650492909_Mis_AM_DR_DS,112952,37.35%,
8T,VW_DH_TV_VF_nzoth_yogg_cthun_3132944765214701_Mis_IV_ME_DS,112942,37.34%,
8T,VW_DH_VW_VF_nzoth_yogg_cthun_3150245967224813_IN_AM_DR,112937,37.33%,
8T,VW_DH_TV_VF_yshaarj_nzoth_yogg_3977513576759277_Mis_AM_ME_DS,112926,37.32%,
8T,VW_DH_TV_VF_yshaarj_nzoth_yogg_3977513576759277_Mis_IV_DR_DS,112924,37.32%,
8T,VW_DH_TV_VF_nzoth_yogg_cthun_3132928659087341_Mis_IV_DR,112893,37.28%,
8T,VW_DH_TV_VF_nzoth_yogg_cthun_3132942617739245_Mis_IV_ME_DS,112880,37.26%,
8T,VW_DH_TV_VF_nzoth_yogg_cthun_3150253483417581_Mis_IV_ME,112879,37.26%,
8T,VW_DH_TV_VF_yshaarj_nzoth_cthun_3696313477947373_Mis_AM_DR_DS,112866,37.25%,
8T,VW_DH_VW_VF_nzoth_yogg_cthun_3132927585869805_IN_AM_DR,112863,37.24%,
8T,VW_DH_VW_VF_nzoth_yogg_cthun_3150253483417581_Mis_IV_ME,112861,37.24%,
8T,VW_DH_VW_VF_nzoth_yogg_cthun_3132935101538285_Mis_AM_ME,112859,37.24%,
8T,VW_DH_TV_VF_nzoth_yogg_cthun_3150534803775469_IN_AM_DR_DS,112851,37.23%,
8T,VW_DH_VW_VF_nzoth_yogg_cthun_3132927585869805_Mis_IV_ME,112832,37.21%,
8T,VW_DH_TV_VF_yshaarj_nzoth_yogg_3977498611474413_Mis_IV_DR,112831,37.20%,
8T,VW_DH_VW_VF_nzoth_yogg_cthun_3150253483417581_IN_AM_DR,112830,37.20%,
8T,VW_DH_TV_VF_nzoth_yogg_cthun_3205372946210797_Mis_AM_ME_DS,112826,37.20%,
8T,VW_DH_VW_VF_nzoth_yogg_cthun_3132799810068461_Mis_IV_DR,112818,37.19%,
8T,VW_DH_TV_VF_nzoth_yogg_cthun_3132807326785517_IN_AM_DR_DS,112815,37.18%,
8T,VW_DH_TV_VF_nzoth_yogg_cthun_3150534803775469_Mis_IV_ME_DS,112815,37.18%,
8T,VW_DH_TV_VF_yshaarj_nzoth_yogg_3977635983319021_Mis_IV_DR,112802,37.17%,
8T,VW_DH_VW_VF_yshaarj_nzoth_yogg_4049522998444013_Mis_IV_ME_DS,112802,37.17%,
8T,VW_DH_VW_VF_nzoth_yogg_cthun_3205372946210797_Mis_IV_DR_DS,112784,37.15%,
8T,VW_DH_TV_VF_nzoth_yogg_cthun_3132807326269421_Mis_IV_ME_DS,112757,37.11%,
8T,VW_DH_VW_VF_nzoth_yogg_cthun_3150245967224813_Mis_IV_ME,112745,37.10%,
8T,VW_DH_TV_VF_yshaarj_nzoth_yogg_3977513643859949_Mis_AM_ME_DS,112743,37.10%,
8T,VW_DH_VW_VF_nzoth_yogg_cthun_3132797663109101_Mis_IV_DR,112737,37.09%,
8T,VW_DH_TV_VF_nzoth_yogg_cthun_3150243886850029_IN_AM_DR,112725,37.08%,
8T,VW_DH_VW_VF_yshaarj_nzoth_yogg_3979712600006637_Mis_AM_DR_DS,112710,37.06%,
8T,VW_DH_TV_VF_nzoth_yogg_cthun_3132942617739245_IN_AM_DR_DS,112700,37.04%,
8T,VW_DH_VW_VF_nzoth_yogg_cthun_3132791220142061_Mis_IV_DR,112692,37.03%,
8T,VW_DH_TV_VF_nzoth_yogg_cthun_3132813835821037_Mis_IV_ME_DS,112689,37.03%,
8T,VW_DH_VW_VF_nzoth_yogg_cthun_3132807326269421_Mis_IV_ME_DS,112689,37.03%,
8T,VW_DH_VW_VF_nzoth_yogg_cthun_3132799810068461_Mis_AM_ME,112687,37.03%,
8T,VW_DH_VW_VF_nzoth_yogg_cthun_3132942617739245_Mis_IV_ME_DS,112684,37.02%,
8T,VW_DH_TV_VF_nzoth_yogg_cthun_3135005275774957_Mis_AM_ME_DS,112671,37.01%,
8T,VW_DH_VW_VF_yshaarj_nzoth_yogg_4049515482243053_Mis_AM_DR,112666,37.00%,
8T,VW_DH_VW_VF_yshaarj_nzoth_yogg_4049531588370413_Mis_IV_DR_DS,112662,37.00%,
8T,VW_DH_TV_VF_nzoth_yogg_cthun_3150243819749357_IN_AM_DR,112660,37.00%,
8T,VW_DH_TV_VF_nzoth_yogg_cthun_3132935101538285_Mis_IV_DR,112659,36.99%,
8T,VW_DH_VW_VF_nzoth_yogg_cthun_3150243886850029_IN_AM_DR,112635,36.97%,
8T,VW_DH_VW_VF_nzoth_yogg_cthun_3132944765214701_Mis_IV_ME_DS,112621,36.95%,
8T,VW_DH_VW_VF_nzoth_yogg_cthun_3150243886850029_Mis_IV_ME,112608,36.93%,
8T,VW_DH_VW_VF_nzoth_yogg_cthun_3132927652454381_IN_AM_DR,112590,36.91%,
8T,VW_DH_TV_VF_nzoth_yogg_cthun_3132806252527597_Mis_IV_DR_DS,112585,36.90%,
8T,VW_DH_TV_VF_nzoth_yogg_cthun_3132807326269421_IN_AM_DR_DS,112575,36.89%,
8T,VW_DH_VW_VF_nzoth_yogg_cthun_3132806319628269_Mis_IV_ME_DS,112567,36.88%,
8T,VW_DH_TV_VF_nzoth_yogg_cthun_3150518697648109_Mis_IV_DR,112554,36.87%,
8T,VW_DH_VW_VF_yshaarj_nzoth_yogg_3977498544373741_Mis_AM_DR,112553,36.87%,
8T,VW_DH_TV_VF_yshaarj_nzoth_yogg_3977513643859949_Mis_IV_DR_DS,112536,36.84%,
8T,VW_DH_TV_VF_nzoth_yogg_cthun_3132797662593005_Mis_IV_DR,112534,36.84%,
8T,VW_DH_TV_VF_nzoth_yogg_cthun_3132926511611885_Mis_IV_DR,112529,36.84%,
8T,VW_DH_VW_VF_nzoth_yogg_cthun_3132807326785517_IN_AM_DR_DS,112514,36.82%,
8T,VW_DH_VW_VF_nzoth_yogg_cthun_3133363524526061_Mis_AM_ME_DS,112509,36.81%,
8T,VW_DH_TV_VF_nzoth_yogg_cthun_3152458949124077_Mis_IV_ME_DS,112495,36.80%,
8T,VW_DH_TV_VF_nzoth_yogg_cthun_3132797662593005_Mis_AM_ME,112482,36.78%,
8T,VW_DH_TV_VF_nzoth_yogg_cthun_3132926512127981_Mis_IV_DR,112474,36.77%,
8T,VW_DH_VW_VF_nzoth_yogg_cthun_3150243820265453_Mis_IV_ME,112465,36.76%,
8T,VW_DH_VW_VF_nzoth_yogg_cthun_3132944765214701_IN_AM_DR_DS,112433,36.72%,
8T,VW_DH_TV_VF_nzoth_yogg_cthun_3132791220658157_Mis_AM_ME,112428,36.71%,
8T,VW_DH_TV_VF_nzoth_yogg_cthun_3132791220142061_Mis_IV_DR,112409,36.69%,
8T,VW_DH_TV_VF_nzoth_yogg_cthun_3132926578712557_Mis_IV_DR,112398,36.68%,
8T,VW_DH_TV_VF_yshaarj_nzoth_yogg_3977513577275373_Mis_IV_DR_DS,112387,36.66%,
8T,VW_DH_TV_VF_nzoth_yogg_cthun_3150268515803117_IN_AM_DR_DS,112363,36.63%,
8T,VW_DH_TV_VF_yshaarj_nzoth_yogg_3977651015704557_Mis_IV_DR_DS,112345,36.61%,
8T,VW_DH_VW_VF_nzoth_yogg_cthun_3150260999610349_IN_AM_DR_DS,112325,36.59%,
8T,VW_DH_TV_VF_nzoth_yogg_cthun_3150260999610349_IN_AM_DR_DS,112311,36.57%,
8T,VW_DH_VW_VF_nzoth_yogg_cthun_3132797729693677_Mis_AM_ME,112303,36.56%,
8T,VW_DH_VW_VF_nzoth_yogg_cthun_3150534803775469_Mis_IV_ME_DS,112295,36.55%,
8T,VW_DH_VW_VF_nzoth_yogg_cthun_3132807393370093_Mis_IV_ME_DS,112281,36.53%,
8T,VW_DH_TV_VF_nzoth_yogg_cthun_3133363524526061_Mis_AM_ME_DS,112277,36.53%,
8T,VW_DH_TV_VF_nzoth_yogg_cthun_3132807393370093_Mis_IV_ME_DS,112228,36.47%,
8T,VW_DH_VW_VF_nzoth_yogg_cthun_3132807393370093_IN_AM_DR_DS,112228,36.47%,
8T,VW_DH_VW_VF_nzoth_yogg_cthun_3150519771389933_IN_AM_DR,112207,36.45%,
8T,VW_DH_TV_VF_nzoth_yogg_cthun_3132797663109101_Mis_IV_DR,112199,36.44%,
8T,VW_DH_TV_VF_nzoth_yogg_cthun_3132791287242733_Mis_AM_ME,112192,36.43%,
8T,VW_DH_TV_VF_yshaarj_nzoth_yogg_3977773422272493_Mis_AM_DR,112175,36.41%,
8T,VW_DH_VW_VF_nzoth_yogg_cthun_3132797662593005_Mis_IV_DR,112168,36.40%,
8T,VW_DH_VW_VF_yshaarj_nzoth_yogg_3977635983319021_Mis_AM_DR,112156,36.38%,
8T,VW_DH_VW_VF_nzoth_yogg_cthun_3133363524526061_Mis_IV_DR_DS,112147,36.37%,
8T,VW_DH_VW_VF_nzoth_yogg_cthun_3135012791967725_Mis_AM_ME_DS,112120,36.34%,
8T,VW_DH_TV_VF_yshaarj_nzoth_yogg_4049515482243053_Mis_AM_DR,112113,36.33%,
8T,VW_DH_TV_VF_yshaarj_nzoth_yogg_3977513577275373_Mis_AM_ME_DS,112105,36.32%,
8T,VW_DH_VW_VF_nzoth_yogg_cthun_3132926512127981_Mis_IV_DR,112095,36.31%,
8T,VW_DH_VW_VF_nzoth_yogg_cthun_3132942618255341_IN_AM_DR_DS,112090,36.30%,
8T,VW_DH_VW_VF_nzoth_yogg_cthun_3132926578712557_Mis_IV_DR,112078,36.29%,
8T,VW_DH_TV_VF_nzoth_yogg_cthun_3150260999610349_Mis_IV_ME_DS,112058,36.26%,
8T,VW_DH_VW_VF_nzoth_yogg_cthun_3132797663109101_Mis_AM_ME,112047,36.25%,
8T,VW_DH_TV_VF_yshaarj_nzoth_yogg_4049523065544685_Mis_IV_ME_DS,112038,36.24%,
8T,VW_DH_VW_VF_yshaarj_nzoth_yogg_4049522998960109_Mis_IV_ME_DS,112020,36.22%,
8T,VW_DH_VW_VF_nzoth_yogg_cthun_3132942618255341_Mis_IV_ME_DS,111998,36.19%,
8T,VW_DH_TV_VF_nzoth_yogg_cthun_3135012791967725_Mis_AM_ME_DS,111991,36.18%,
8T,VW_DH_TV_VF_nzoth_yogg_cthun_3150244894007277_Mis_IV_ME,111977,36.17%,
8T,VW_DH_VW_VF_nzoth_yogg_cthun_3205372946210797_Mis_AM_ME_DS,111963,36.15%,
8T,VW_DH_TV_VF_nzoth_yogg_cthun_3132814842453997_Mis_AM_ME_DS,111954,36.14%,
8T,VW_DH_TV_VF_nzoth_yogg_cthun_3132797729693677_Mis_IV_DR,111949,36.13%,
8T,VW_DH_TV_VF_nzoth_yogg_cthun_3132936175280109_Mis_AM_ME,111948,36.13%,
8T,VW_DH_TV_VF_nzoth_yogg_cthun_3132936175280109_Mis_IV_DR,111909,36.08%,
8T,VW_DH_TV_VF_nzoth_yogg_cthun_3132791287242733_Mis_IV_DR,111901,36.07%,
8T,VW_DH_TV_VF_nzoth_yogg_cthun_3132928659087341_Mis_AM_ME,111874,36.04%,
8T,VW_DH_VW_VF_nzoth_yogg_cthun_3152458949124077_Mis_IV_ME_DS,111869,36.03%,
8T,VW_DH_TV_VF_yshaarj_nzoth_yogg_4049660437389293_Mis_IV_ME_DS,111861,36.02%,
8T,VW_DH_TV_VF_nzoth_yogg_cthun_3135012791967725_Mis_IV_DR_DS,111860,36.02%,
8T,VW_DH_TV_VF_nzoth_yogg_cthun_3150262073352173_Mis_IV_ME_DS,111851,36.01%,
8T,VW_DH_TV_VF_yshaarj_nzoth_yogg_4049522998444013_IN_AM_DR_DS,111846,36.01%,
8T,VW_DH_VW_VF_nzoth_yogg_cthun_3135005275774957_Mis_AM_ME_DS,111840,36.00%,
8T,VW_DH_TV_VF_nzoth_yogg_cthun_3132798736850925_Mis_AM_ME,111834,35.99%,
8T,VW_DH_VW_VF_nzoth_yogg_cthun_3132942617739245_IN_AM_DR_DS,111827,35.98%,
8T,VW_DH_TV_VF_nzoth_yogg_cthun_3135006349516781_Mis_AM_ME_DS,111783,35.93%,
8T,VW_DH_TV_VF_nzoth_yogg_cthun_3132797729693677_Mis_AM_ME,111781,35.93%,
8T,VW_DH_TV_VF_nzoth_yogg_cthun_3135004202041325_Mis_IV_DR_DS,111736,35.87%,
8T,VW_DH_TV_VF_yshaarj_nzoth_yogg_4049522998444013_Mis_IV_ME_DS,111715,35.85%,
8T,VW_DH_TV_VF_nzoth_yogg_cthun_3135006349516781_Mis_IV_DR_DS,111713,35.84%,
8T,VW_DH_TV_VF_yshaarj_nzoth_yogg_4049522998960109_Mis_IV_ME_DS,111711,35.84%,
8T,VW_DH_VW_VF_nzoth_yogg_cthun_3132798736850925_Mis_IV_DR,111685,35.81%,
8T,VW_DH_TV_VF_nzoth_yogg_cthun_3132926512127981_Mis_AM_ME,111684,35.81%,
8T,VW_DH_VW_VF_nzoth_yogg_cthun_3132791220658157_Mis_IV_DR,111659,35.78%,
8T,VW_DH_TV_VF_nzoth_yogg_cthun_3150268515803117_Mis_IV_ME_DS,111649,35.77%,
8T,VW_DH_VW_VF_nzoth_yogg_cthun_3150534803775469_IN_AM_DR_DS,111647,35.76%,
8T,VW_DH_VW_VF_nzoth_yogg_cthun_3150244894007277_Mis_IV_ME,111640,35.76%,
8T,VW_DH_VW_VF_nzoth_yogg_cthun_3132935101538285_Mis_IV_DR,111626,35.74%,
8T,VW_DH_VW_VF_nzoth_yogg_cthun_3135005275774957_Mis_IV_DR_DS,111592,35.70%,
8T,VW_DH_TV_VF_yshaarj_nzoth_yogg_3977788454658029_Mis_AM_DR_DS,111586,35.69%,
8T,VW_DH_TV_VF_nzoth_yogg_cthun_3133347418398701_Mis_AM_DR,111573,35.67%,
8T,VW_DH_TV_VF_nzoth_yogg_cthun_3132927585869805_Mis_IV_DR,111572,35.67%,
8T,VW_DH_VW_VF_yshaarj_nzoth_yogg_3977498544889837_Mis_AM_DR,111571,35.67%,
8T,VW_DH_TV_VF_nzoth_yogg_cthun_3150244894007277_IN_AM_DR,111560,35.66%,
8T,VW_DH_VW_VF_yshaarj_nzoth_yogg_4049797876342765_Mis_IV_DR_DS,111553,35.65%,
8T,VW_DH_VW_VF_nzoth_yogg_cthun_3150268515803117_IN_AM_DR_DS,111553,35.65%,
8T,VW_DH_VW_VF_nzoth_yogg_cthun_3152458949124077_IN_AM_DR_DS,111552,35.65%,
8T,VW_DH_VW_VF_yshaarj_nzoth_yogg_4049523065544685_Mis_IV_ME_DS,111548,35.64%,
8T,VW_DH_VW_VF_nzoth_yogg_cthun_3132798736334829_Mis_IV_DR,111530,35.62%,
8T,VW_DH_VW_VF_nzoth_yogg_cthun_3150243819749357_IN_AM_DR,111490,35.57%,
8T,VW_DH_VW_VF_nzoth_yogg_cthun_3132791220142061_Mis_AM_ME,111486,35.57%,
8T,VW_DH_TV_VF_yshaarj_nzoth_yogg_3977497470631917_Mis_AM_DR,111470,35.55%,
8T,VW_DH_VW_VF_nzoth_yogg_cthun_3132928659087341_Mis_IV_DR,111441,35.51%,
8T,VW_DH_TV_VF_nzoth_yogg_cthun_3132943691472877_Mis_IV_DR_DS,111433,35.50%,
8T,VW_DH_VW_VF_nzoth_yogg_cthun_3132798736850925_Mis_AM_ME,111392,35.45%,
8T,VW_DH_VW_VF_nzoth_yogg_cthun_3150518697648109_Mis_IV_DR,111388,35.45%,
8T,VW_DH_TV_VF_nzoth_yogg_cthun_3132798736334829_Mis_IV_DR,111388,35.45%,
8T,VW_DH_VW_VF_nzoth_yogg_cthun_3150244893491181_Mis_IV_ME,111357,35.41%,
8T,VW_DH_VW_VF_nzoth_yogg_cthun_3132942684839917_IN_AM_DR_DS,111356,35.41%,
8T,VW_DH_VW_VF_nzoth_yogg_cthun_3150260999610349_Mis_IV_ME_DS,111355,35.41%,
8T,VW_DH_VW_VF_yshaarj_nzoth_yogg_3977498611474413_Mis_AM_DR,111340,35.39%,
8T,VW_DH_VW_VF_nzoth_yogg_cthun_3132814842453997_Mis_AM_ME_DS,111337,35.39%,
8T,VW_DH_TV_VF_nzoth_yogg_cthun_3132798803435501_Mis_AM_ME,111335,35.38%,
8T,VW_DH_TV_VF_nzoth_yogg_cthun_3132798736850925_Mis_IV_DR,111325,35.37%,
8T,VW_DH_TV_VF_nzoth_yogg_cthun_3132814842453997_Mis_IV_DR_DS,111314,35.36%,
8T,VW_DH_VW_VF_nzoth_yogg_cthun_3132797729693677_Mis_IV_DR,111314,35.36%,
8T,VW_DH_VW_VF_nzoth_yogg_cthun_3150243820265453_IN_AM_DR,111313,35.36%,
8T,VW_DH_VW_VF_nzoth_yogg_cthun_3132797662593005_Mis_AM_ME,111308,35.35%,
8T,VW_DH_TV_VF_nzoth_yogg_cthun_3150252409675757_Mis_AM_ME,111294,35.34%,
8T,VW_DH_TV_VF_nzoth_yogg_cthun_3132806253043693_Mis_IV_DR_DS,111281,35.32%,
8T,VW_DH_VW_VF_nzoth_yogg_cthun_3150268515803117_Mis_IV_ME_DS,111268,35.30%,
8T,VW_DH_TV_VF_nzoth_yogg_cthun_3134996685840365_Mis_AM_DR,111256,35.29%,
8T,VW_DH_TV_VF_yshaarj_nzoth_yogg_3977497537732589_Mis_AM_DR,111233,35.26%,
8T,VW_DH_TV_VF_yshaarj_nzoth_yogg_3979697567621101_Mis_AM_DR,111218,35.24%,
8T,VW_DH_VW_VF_nzoth_yogg_cthun_3134996685840365_Mis_AM_DR,111207,35.23%,
8T,VW_DH_TV_VF_nzoth_yogg_cthun_3135004202557421_Mis_AM_ME_DS,111200,35.22%,
8T,VW_DH_VW_VF_nzoth_yogg_cthun_3132806252527597_Mis_IV_DR_DS,111192,35.21%,
8T,VW_DH_VW_VF_nzoth_yogg_cthun_3132926511611885_Mis_IV_DR,111186,35.20%,
8T,VW_DH_TV_VF_nzoth_yogg_cthun_3150518697648109_Mis_AM_ME,111171,35.18%,
8T,VW_DH_TV_VF_yshaarj_nzoth_yogg_3977634909577197_Mis_AM_DR,111153,35.16%,
8T,VW_DH_VW_VF_nzoth_yogg_cthun_3132942684839917_Mis_IV_ME_DS,111151,35.16%,
8T,VW_DH_TV_VF_nzoth_yogg_cthun_3132926578712557_Mis_AM_ME,111123,35.13%,
8T,VW_DH_TV_VF_yshaarj_nzoth_yogg_3977497471148013_Mis_AM_DR,111114,35.12%,
8T,VW_DH_TV_VF_nzoth_yogg_cthun_3132927585353709_Mis_IV_DR,111093,35.09%,
8T,VW_DH_VW_VF_nzoth_yogg_cthun_3132791287242733_Mis_IV_DR,111089,35.09%,
8T,VW_DH_VW_VF_nzoth_yogg_cthun_3132791220658157_Mis_AM_ME,111086,35.08%,
8T,VW_DH_TV_VF_nzoth_yogg_cthun_3132927652454381_Mis_IV_DR,111081,35.08%,
8T,VW_DH_TV_VF_nzoth_yogg_cthun_3150244893491181_Mis_IV_ME,111070,35.06%,
8T,VW_DH_TV_VF_nzoth_yogg_cthun_3150259925876717_Mis_IV_ME_DS,111053,35.04%,
8T,VW_DH_VW_VF_nzoth_yogg_cthun_3132806253043693_Mis_IV_DR_DS,111041,35.03%,
8T,VW_DH_TV_VF_nzoth_yogg_cthun_3150244960591853_Mis_IV_ME,111034,35.02%,
8T,VW_DH_VW_VF_nzoth_yogg_cthun_3132814842453997_Mis_IV_DR_DS,111029,35.01%,
8T,VW_DH_TV_VF_nzoth_yogg_cthun_3150244960591853_IN_AM_DR,111013,34.99%,
8T,VW_DH_VW_VF_nzoth_yogg_cthun_3132926511611885_Mis_AM_ME,111002,34.98%,
8T,VW_DH_VW_VF_yshaarj_nzoth_yogg_3977513577275373_Mis_AM_DR_DS,110983,34.96%,
8T,VW_DH_VW_VF_nzoth_yogg_cthun_3132936175280109_Mis_AM_ME,110970,34.94%,
8T,VW_DH_TV_VF_nzoth_yogg_cthun_3132926511611885_Mis_AM_ME,110951,34.92%,
8T,VW_DH_VW_VF_yshaarj_nzoth_yogg_4049516555984877_Mis_AM_DR,110951,34.92%,
8T,VW_DH_TV_VF_nzoth_yogg_cthun_3150519771389933_Mis_IV_DR,110948,34.91%,
8T,VW_DH_VW_VF_nzoth_yogg_cthun_3132928659087341_Mis_AM_ME,110930,34.89%,
8T,VW_DH_VW_VF_yshaarj_nzoth_yogg_4049524072177645_Mis_IV_DR_DS,110929,34.89%,
8T,VW_DH_TV_VF_nzoth_yogg_cthun_3133363524526061_Mis_IV_DR_DS,110924,34.88%,
8T,VW_DH_VW_VF_yshaarj_nzoth_yogg_3977513576759277_Mis_AM_DR_DS,110920,34.88%,
8T,VW_DH_VW_VF_nzoth_yogg_cthun_3150518697648109_Mis_AM_ME,110914,34.87%,
8T,VW_DH_TV_VF_nzoth_yogg_cthun_3132808400003053_Mis_IV_DR_DS,110890,34.84%,
8T,VW_DH_TV_VF_nzoth_yogg_cthun_3135004202557421_Mis_IV_DR_DS,110866,34.81%,
8T,VW_DH_VW_VF_yshaarj_nzoth_yogg_4049797876342765_Mis_AM_ME_DS,110858,34.80%,
8T,VW_DH_TV_VF_yshaarj_nzoth_yogg_4049516555984877_Mis_AM_DR,110828,34.77%,
8T,VW_DH_VW_VF_nzoth_yogg_cthun_3132936175280109_Mis_IV_DR,110827,34.77%,
8T,VW_DH_TV_VF_nzoth_yogg_cthun_3132813768720365_Mis_IV_DR_DS,110827,34.77%,
8T,VW_DH_TV_VF_nzoth_yogg_cthun_3150252409675757_Mis_IV_DR,110811,34.75%,
8T,VW_DH_TV_VF_yshaarj_nzoth_yogg_3979712600006637_Mis_AM_DR_DS,110807,34.74%,
8T,VW_DH_VW_VF_yshaarj_nzoth_yogg_3977515724234733_Mis_AM_DR_DS,110789,34.72%,
8T,VW_DH_TV_VF_yshaarj_nzoth_yogg_3977514650492909_Mis_AM_DR_DS,110786,34.72%,
8T,VW_DH_VW_VF_nzoth_yogg_cthun_3150244960591853_Mis_IV_ME,110784,34.71%,
8T,VW_DH_VW_VF_nzoth_yogg_cthun_3150244960591853_IN_AM_DR,110757,34.68%,
8T,VW_DH_VW_VF_nzoth_yogg_cthun_3135006349516781_Mis_IV_DR_DS,110750,34.67%,
8T,VW_DH_TV_VF_nzoth_yogg_cthun_3132791220142061_Mis_AM_ME,110745,34.67%,
8T,VW_DH_VW_VF_nzoth_yogg_cthun_3132808400003053_Mis_IV_DR_DS,110690,34.60%,
8T,VW_DH_TV_VF_nzoth_yogg_cthun_3132798736334829_Mis_AM_ME,110672,34.58%,
8T,VW_DH_TV_VF_yshaarj_nzoth_yogg_4049797876342765_Mis_IV_DR_DS,110661,34.57%,
8T,VW_DH_TV_VF_yshaarj_nzoth_yogg_3977499618107373_Mis_AM_DR,110660,34.56%,
8T,VW_DH_VW_VF_nzoth_yogg_cthun_3132798803435501_Mis_AM_ME,110657,34.56%,
8T,VW_DH_VW_VF_nzoth_yogg_cthun_3135004202557421_Mis_IV_DR_DS,110621,34.52%,
8T,VW_DH_TV_VF_nzoth_yogg_cthun_3132807326269421_Mis_IV_DR_DS,110610,34.50%,
8T,VW_DH_TV_VF_nzoth_yogg_cthun_3135004202041325_Mis_AM_ME_DS,110596,34.49%,
8T,VW_DH_TV_VF_nzoth_yogg_cthun_3132798803435501_Mis_IV_DR,110590,34.48%,
8T,VW_DH_TV_VF_nzoth_yogg_cthun_3135004269141997_Mis_IV_DR_DS,110585,34.47%,
8T,VW_DH_TV_VF_yshaarj_nzoth_cthun_3768322899632109_Mis_AM_DR_DS,110569,34.45%,
8T,VW_DH_VW_VF_yshaarj_nzoth_yogg_3977651015704557_Mis_AM_DR_DS,110564,34.45%,
8T,VW_DH_VW_VF_nzoth_yogg_cthun_3132927585353709_Mis_IV_DR,110553,34.43%,
8T,VW_DH_TV_VF_nzoth_yogg_cthun_3150259926392813_Mis_IV_ME_DS,110543,34.42%,
8T,VW_DH_VW_VF_nzoth_yogg_cthun_3135004202041325_Mis_IV_DR_DS,110541,34.42%,
8T,VW_DH_TV_VF_nzoth_yogg_cthun_3150243820265453_Mis_IV_DR,110506,34.38%,
8T,VW_DH_VW_VF_nzoth_yogg_cthun_3150262073352173_Mis_IV_ME_DS,110503,34.37%,
8T,VW_DH_VW_VF_yshaarj_nzoth_cthun_3768322899632109_Mis_AM_DR_DS,110486,34.35%,
8T,VW_DH_VW_VF_nzoth_yogg_cthun_3135004269141997_Mis_IV_DR_DS,110484,34.35%,
8T,VW_DH_TV_VF_nzoth_yogg_cthun_3150519771389933_Mis_AM_ME,110479,34.34%,
8T,VW_DH_VW_VF_yshaarj_nzoth_yogg_3977513643859949_Mis_AM_DR_DS,110467,34.33%,
8T,VW_DH_VW_VF_nzoth_yogg_cthun_3132799810068461_Mis_AM_DR,110450,34.31%,
8T,VW_DH_VW_VF_nzoth_yogg_cthun_3133347418398701_Mis_AM_DR,110434,34.29%,
8T,VW_DH_VW_VF_nzoth_yogg_cthun_3150243819749357_Mis_IV_DR,110425,34.28%,
8T,VW_DH_TV_VF_nzoth_yogg_cthun_3132806319628269_Mis_IV_DR_DS,110397,34.24%,
8T,VW_DH_TV_VF_nzoth_yogg_cthun_3150245967224813_Mis_IV_DR,110395,34.24%,
8T,VW_DH_TV_VF_nzoth_yogg_cthun_3150259992977389_Mis_IV_ME_DS,110388,34.23%,
8T,VW_DH_TV_VF_yshaarj_nzoth_yogg_3977498544373741_Mis_AM_DR,110387,34.23%,
8T,VW_DH_TV_VF_nzoth_yogg_cthun_3132813835821037_Mis_AM_ME_DS,110379,34.22%,
8T,VW_DH_VW_VF_nzoth_yogg_cthun_3132943691472877_Mis_AM_ME_DS,110379,34.22%,
8T,VW_DH_TV_VF_nzoth_yogg_cthun_3132951207665645_Mis_AM_ME_DS,110365,34.21%,
8T,VW_DH_VW_VF_nzoth_yogg_cthun_3132798736334829_Mis_AM_ME,110350,34.19%,
8T,VW_DH_TV_VF_nzoth_yogg_cthun_3132806253043693_Mis_AM_ME_DS,110348,34.18%,
8T,VW_DH_VW_VF_nzoth_yogg_cthun_3132808400003053_Mis_AM_ME_DS,110340,34.17%,
8T,VW_DH_TV_VF_nzoth_yogg_cthun_3150244893491181_IN_AM_DR,110331,34.16%,
8T,VW_DH_VW_VF_nzoth_yogg_cthun_3132927585869805_Mis_IV_DR,110309,34.14%,
8T,VW_DH_VW_VF_nzoth_yogg_cthun_3135004269141997_Mis_AM_ME_DS,110298,34.12%,
8T,VW_DH_TV_VF_nzoth_yogg_cthun_3132815916195821_Mis_AM_ME_DS,110290,34.11%,
8T,VW_DH_TV_VF_nzoth_yogg_cthun_3132951207665645_Mis_IV_DR_DS,110280,34.10%,
8T,VW_DH_TV_VF_nzoth_yogg_cthun_3132808400003053_Mis_AM_ME_DS,110254,34.07%,
8T,VW_DH_TV_VF_nzoth_yogg_cthun_3132943691472877_Mis_AM_ME_DS,110246,34.06%,
8T,VW_DH_VW_VF_nzoth_yogg_cthun_3132927585869805_Mis_AM_ME,110238,34.05%,
8T,VW_DH_TV_VF_nzoth_yogg_cthun_3132815916195821_Mis_IV_DR_DS,110217,34.02%,
8T,VW_DH_TV_VF_nzoth_yogg_cthun_3132935101538285_Mis_AM_DR,110196,34.00%,
8T,VW_DH_TV_VF_nzoth_yogg_cthun_3150243886850029_Mis_IV_DR,110164,33.96%,
8T,VW_DH_VW_VF_nzoth_yogg_cthun_3132926512127981_Mis_AM_ME,110155,33.95%,
8T,VW_DH_VW_VF_nzoth_yogg_cthun_3135012791967725_Mis_IV_DR_DS,110155,33.95%,
8T,VW_DH_TV_VF_nzoth_yogg_cthun_3150243819749357_Mis_IV_DR,110143,33.93%,
8T,VW_DH_VW_VF_nzoth_yogg_cthun_3150259992977389_Mis_IV_ME_DS,110142,33.93%,
8T,VW_DH_TV_VF_nzoth_yogg_cthun_3132927585869805_Mis_AM_ME,110132,33.92%,
8T,VW_DH_VW_VF_nzoth_yogg_cthun_3132943691472877_Mis_IV_DR_DS,110132,33.92%,
8T,VW_DH_VW_VF_nzoth_yogg_cthun_3135006349516781_Mis_AM_ME_DS,110118,33.90%,
8T,VW_DH_TV_VF_nzoth_yogg_cthun_3135005275774957_Mis_AM_DR_DS,110105,33.89%,
8T,VW_DH_VW_VF_nzoth_yogg_cthun_3205372946210797_Mis_AM_DR_DS,110100,33.88%,
8T,VW_DH_VW_VF_nzoth_yogg_cthun_3132806319628269_Mis_IV_DR_DS,110076,33.85%,
8T,VW_DH_VW_VF_nzoth_yogg_cthun_3132815916195821_Mis_AM_ME_DS,110039,33.81%,
8T,VW_DH_TV_VF_yshaarj_nzoth_yogg_3977498611474413_Mis_AM_DR,110037,33.81%,
8T,VW_DH_TV_VF_nzoth_yogg_cthun_3132806252527597_Mis_AM_ME_DS,110023,33.79%,
8T,VW_DH_VW_VF_nzoth_yogg_cthun_3135004202557421_Mis_AM_ME_DS,109986,33.74%,
8T,VW_DH_VW_VF_nzoth_yogg_cthun_3132926578712557_Mis_AM_ME,109977,33.73%,
8T,VW_DH_TV_VF_nzoth_yogg_cthun_3132806319628269_Mis_AM_ME_DS,109928,33.67%,
8T,VW_DH_TV_VF_nzoth_yogg_cthun_3150259992977389_IN_AM_DR_DS,109928,33.67%,
8T,VW_DH_VW_VF_yshaarj_nzoth_yogg_4049524072177645_Mis_AM_ME_DS,109918,33.66%,
8T,VW_DH_TV_VF_yshaarj_nzoth_yogg_3977498544889837_Mis_AM_DR,109916,33.66%,
8T,VW_DH_TV_VF_nzoth_yogg_cthun_3132807326785517_Mis_IV_DR_DS,109914,33.66%,
8T,VW_DH_VW_VF_nzoth_yogg_cthun_3150519771389933_Mis_AM_ME,109890,33.63%,
8T,VW_DH_VW_VF_nzoth_yogg_cthun_3150244893491181_IN_AM_DR,109886,33.62%,
8T,VW_DH_TV_VF_nzoth_yogg_cthun_3134997759582189_Mis_AM_DR,109883,33.62%,
8T,VW_DH_TV_VF_nzoth_yogg_cthun_3132797662593005_Mis_AM_DR,109870,33.60%,
8T,VW_DH_VW_VF_nzoth_yogg_cthun_3132927652454381_Mis_IV_DR,109869,33.60%,
8T,VW_DH_TV_VF_nzoth_yogg_cthun_3135004269141997_Mis_AM_ME_DS,109866,33.60%,
8T,VW_DH_TV_VF_nzoth_yogg_cthun_3132944765214701_Mis_IV_DR_DS,109828,33.55%,
8T,VW_DH_TV_VF_nzoth_yogg_cthun_3132799810068461_Mis_AM_DR,109822,33.54%,
8T,VW_DH_TV_VF_nzoth_yogg_cthun_3150262073352173_IN_AM_DR_DS,109821,33.54%,
8T,VW_DH_VW_VF_nzoth_yogg_cthun_3132807326269421_Mis_IV_DR_DS,109801,33.52%,
8T,VW_DH_TV_VF_nzoth_yogg_cthun_3132927652454381_Mis_AM_ME,109780,33.49%,
8T,VW_DH_VW_VF_nzoth_yogg_cthun_3132927652454381_Mis_AM_ME,109766,33.48%,
8T,VW_DH_VW_VF_nzoth_yogg_cthun_3132798803435501_Mis_IV_DR,109752,33.46%,
8T,VW_DH_VW_VF_nzoth_yogg_cthun_3150259926392813_Mis_IV_ME_DS,109751,33.46%,
8T,VW_DH_VW_VF_yshaarj_nzoth_yogg_4049531588370413_Mis_AM_DR_DS,109741,33.45%,
8T,VW_DH_VW_VF_nzoth_yogg_cthun_3132791287242733_Mis_AM_ME,109726,33.43%,
8T,VW_DH_VW_VF_nzoth_yogg_cthun_3132813768720365_Mis_IV_DR_DS,109725,33.43%,
8T,VW_DH_VW_VF_nzoth_yogg_cthun_3150244894007277_IN_AM_DR,109713,33.41%,
8T,VW_DH_TV_VF_nzoth_yogg_cthun_3132926511611885_Mis_AM_DR,109675,33.37%,
8T,VW_DH_TV_VF_nzoth_yogg_cthun_3150259926392813_IN_AM_DR_DS,109654,33.34%,
8T,VW_DH_VW_VF_nzoth_yogg_cthun_3135005275774957_Mis_AM_DR_DS,109649,33.33%,
8T,VW_DH_TV_VF_nzoth_yogg_cthun_3132813769236461_Mis_AM_ME_DS,109647,33.33%,
8T,VW_DH_TV_VF_nzoth_yogg_cthun_3150259925876717_IN_AM_DR_DS,109639,33.32%,
8T,VW_DH_VW_VF_nzoth_yogg_cthun_3132815916195821_Mis_IV_DR_DS,109626,33.31%,
8T,VW_DH_VW_VF_yshaarj_nzoth_yogg_4049525145919469_Mis_IV_DR_DS,109621,33.30%,
8T,VW_DH_VW_VF_nzoth_yogg_cthun_3132951207665645_Mis_IV_DR_DS,109609,33.29%,
8T,VW_DH_VW_VF_nzoth_yogg_cthun_3132813835821037_Mis_AM_ME_DS,109601,33.28%,
8T,VW_DH_TV_VF_nzoth_yogg_cthun_3132928659087341_Mis_AM_DR,109595,33.27%,
8T,VW_DH_VW_VF_nzoth_yogg_cthun_3150259926392813_IN_AM_DR_DS,109586,33.26%,
8T,VW_DH_TV_VF_nzoth_yogg_cthun_3205372946210797_Mis_AM_DR_DS,109585,33.26%,
8T,VW_DH_VW_VF_nzoth_yogg_cthun_3150252409675757_Mis_AM_ME,109583,33.25%,
8T,VW_DH_VW_VF_nzoth_yogg_cthun_3133348492140525_Mis_AM_DR,109559,33.23%,
8T,VW_DH_TV_VF_nzoth_yogg_cthun_3132927585353709_Mis_AM_ME,109552,33.22%,
8T,VW_DH_TV_VF_nzoth_yogg_cthun_3132942684839917_Mis_AM_ME_DS,109546,33.21%,
8T,VW_DH_VW_VF_nzoth_yogg_cthun_3150252409675757_Mis_IV_DR,109543,33.21%,
8T,VW_DH_TV_VF_nzoth_yogg_cthun_3132942618255341_Mis_IV_DR_DS,109532,33.19%,
8T,VW_DH_TV_VF_yshaarj_nzoth_yogg_4049797876342765_Mis_AM_ME_DS,109494,33.15%,
8T,VW_DH_VW_VF_nzoth_yogg_cthun_3150519771389933_Mis_IV_DR,109475,33.12%,
8T,VW_DH_TV_VF_nzoth_yogg_cthun_3150253483417581_Mis_AM_ME,109472,33.12%,
8T,VW_DH_TV_VF_nzoth_yogg_cthun_3150245967224813_Mis_AM_ME,109465,33.11%,
8T,VW_DH_TV_VF_nzoth_yogg_cthun_3132791220658157_Mis_AM_DR,109453,33.10%,
8T,VW_DH_VW_VF_nzoth_yogg_cthun_3132927585353709_Mis_AM_ME,109424,33.06%,
8T,VW_DH_TV_VF_nzoth_yogg_cthun_3132942684839917_Mis_IV_DR_DS,109423,33.06%,
8T,VW_DH_VW_VF_nzoth_yogg_cthun_3135004202041325_Mis_AM_ME_DS,109410,33.04%,
8T,VW_DH_TV_VF_nzoth_yogg_cthun_3150243886850029_Mis_AM_ME,109407,33.04%,
8T,VW_DH_VW_VF_nzoth_yogg_cthun_3150259925876717_Mis_IV_ME_DS,109363,32.99%,
8T,VW_DH_VW_VF_nzoth_yogg_cthun_3132806253043693_Mis_AM_ME_DS,109362,32.99%,
8T,VW_DH_VW_VF_nzoth_yogg_cthun_3132942617739245_Mis_IV_DR_DS,109360,32.98%,
8T,VW_DH_TV_VF_yshaarj_nzoth_yogg_3977513577275373_Mis_AM_DR_DS,109359,32.98%,
8T,VW_DH_VW_VF_yshaarj_nzoth_yogg_4049522998444013_Mis_IV_DR_DS,109352,32.97%,
8T,VW_DH_TV_VF_nzoth_yogg_cthun_3132797663109101_Mis_AM_DR,109336,32.95%,
8T,VW_DH_VW_VF_yshaarj_nzoth_yogg_4049523065544685_Mis_IV_DR_DS,109332,32.95%,
8T,VW_DH_TV_VF_yshaarj_nzoth_yogg_3977635983319021_Mis_AM_DR,109331,32.95%,
8T,VW_DH_VW_VF_nzoth_yogg_cthun_3132951207665645_Mis_AM_ME_DS,109318,32.93%,
8T,VW_DH_VW_VF_nzoth_yogg_cthun_3132806252527597_Mis_AM_ME_DS,109311,32.92%,
8T,VW_DH_TV_VF_yshaarj_nzoth_yogg_4049531588370413_Mis_AM_DR_DS,109289,32.90%,
8T,VW_DH_TV_VF_nzoth_yogg_cthun_3152458949124077_Mis_IV_DR_DS,109286,32.89%,
8T,VW_DH_VW_VF_nzoth_yogg_cthun_3132806319628269_Mis_AM_ME_DS,109276,32.88%,
8T,VW_DH_TV_VF_nzoth_yogg_cthun_3132807326785517_Mis_AM_ME_DS,109266,32.87%,
8T,VW_DH_VW_VF_nzoth_yogg_cthun_3150243820265453_Mis_IV_DR,109262,32.86%,
8T,VW_DH_TV_VF_nzoth_yogg_cthun_3150534803775469_Mis_IV_DR_DS,109251,32.85%,
8T,VW_DH_VW_VF_nzoth_yogg_cthun_3132791220142061_Mis_AM_DR,109246,32.84%,
8T,VW_DH_TV_VF_nzoth_yogg_cthun_3132942618255341_Mis_AM_ME_DS,109230,32.82%,
8T,VW_DH_TV_VF_nzoth_yogg_cthun_3132944765214701_Mis_AM_ME_DS,109216,32.81%,
8T,VW_DH_VW_VF_nzoth_yogg_cthun_3150253483417581_Mis_AM_ME,109211,32.80%,
8T,VW_DH_VW_VF_nzoth_yogg_cthun_3150259992977389_IN_AM_DR_DS,109194,32.78%,
8T,VW_DH_TV_VF_nzoth_yogg_cthun_3132926578712557_Mis_AM_DR,109186,32.77%,
8T,VW_DH_TV_VF_yshaarj_nzoth_yogg_3977515724234733_Mis_AM_DR_DS,109179,32.76%,
8T,VW_DH_TV_VF_yshaarj_nzoth_yogg_4049522998444013_Mis_IV_DR_DS,109164,32.74%,
8T,VW_DH_VW_VF_nzoth_yogg_cthun_3132813769236461_Mis_AM_ME_DS,109112,32.68%,
8T,VW_DH_TV_VF_yshaarj_nzoth_yogg_4049524072177645_Mis_IV_DR_DS,109109,32.68%,
8T,VW_DH_VW_VF_nzoth_yogg_cthun_3150245967224813_Mis_IV_DR,109087,32.65%,
8T,VW_DH_VW_VF_nzoth_yogg_cthun_3132928659087341_Mis_AM_DR,109063,32.62%,
8T,VW_DH_VW_VF_nzoth_yogg_cthun_3134997759582189_Mis_AM_DR,109051,32.61%,
8T,VW_DH_VW_VF_nzoth_yogg_cthun_3132813769236461_Mis_IV_DR_DS,109042,32.60%,
8T,VW_DH_VW_VF_nzoth_yogg_cthun_3150262073352173_IN_AM_DR_DS,109035,32.59%,
8T,VW_DH_VW_VF_nzoth_yogg_cthun_3132942618255341_Mis_IV_DR_DS,109024,32.57%,
8T,VW_DH_TV_VF_nzoth_yogg_cthun_3135012791967725_Mis_AM_DR_DS,109015,32.56%,
8T,VW_DH_TV_VF_nzoth_yogg_cthun_3150253483417581_Mis_IV_DR,109013,32.56%,
8T,VW_DH_TV_VF_nzoth_yogg_cthun_3132807393370093_Mis_IV_DR_DS,108985,32.53%,
8T,VW_DH_VW_VF_yshaarj_nzoth_yogg_4049522998960109_Mis_IV_DR_DS,108959,32.50%,
8T,VW_DH_TV_VF_nzoth_yogg_cthun_3132813768720365_Mis_AM_ME_DS,108919,32.45%,
8T,VW_DH_VW_VF_nzoth_yogg_cthun_3132813835821037_Mis_IV_DR_DS,108918,32.45%,
8T,VW_DH_TV_VF_nzoth_yogg_cthun_3150260999610349_Mis_AM_ME_DS,108907,32.43%,
8T,VW_DH_TV_VF_nzoth_yogg_cthun_3150244893491181_Mis_IV_DR,108873,32.39%,
8T,VW_DH_TV_VF_nzoth_yogg_cthun_3132797729693677_Mis_AM_DR,108856,32.37%,
8T,VW_DH_TV_VF_nzoth_yogg_cthun_3132942617739245_Mis_IV_DR_DS,108846,32.36%,
8T,VW_DH_TV_VF_nzoth_yogg_cthun_3150518697648109_Mis_AM_DR,108819,32.33%,
8T,VW_DH_TV_VF_nzoth_yogg_cthun_3132813769236461_Mis_IV_DR_DS,108793,32.29%,
8T,VW_DH_VW_VF_nzoth_yogg_cthun_3152458949124077_Mis_IV_DR_DS,108788,32.29%,
8T,VW_DH_TV_VF_nzoth_yogg_cthun_3132814842453997_Mis_AM_DR_DS,108780,32.28%,
8T,VW_DH_TV_VF_nzoth_yogg_cthun_3132791220142061_Mis_AM_DR,108765,32.26%,
8T,VW_DH_TV_VF_yshaarj_nzoth_yogg_4049660437389293_Mis_IV_DR_DS,108744,32.23%,
8T,VW_DH_TV_VF_nzoth_yogg_cthun_3132791287242733_Mis_AM_DR,108738,32.23%,
8T,VW_DH_VW_VF_nzoth_yogg_cthun_3132807326785517_Mis_IV_DR_DS,108731,32.22%,
8T,VW_DH_TV_VF_nzoth_yogg_cthun_3132807393370093_Mis_AM_ME_DS,108718,32.20%,
8T,VW_DH_VW_VF_nzoth_yogg_cthun_3132797662593005_Mis_AM_DR,108718,32.20%,
8T,VW_DH_VW_VF_yshaarj_nzoth_yogg_4049522998960109_Mis_AM_ME_DS,108711,32.19%,
8T,VW_DH_VW_VF_nzoth_yogg_cthun_3132807393370093_Mis_AM_ME_DS,108683,32.16%,
8T,VW_DH_VW_VF_yshaarj_nzoth_yogg_4049660437389293_Mis_AM_ME_DS,108678,32.15%,
8T,AR_SP_VF_yshaarj_nzoth_yogg_3977567121825773_IN_IV_ME,108660,32.13%,
8T,VW_DH_TV_VF_nzoth_yogg_cthun_3150243820265453_Mis_AM_ME,108643,32.11%,
8T,VW_DH_TV_VF_yshaarj_nzoth_yogg_3977651015704557_Mis_AM_DR_DS,108634,32.10%,
8T,VW_DH_VW_VF_nzoth_yogg_cthun_3133363524526061_Mis_AM_DR_DS,108631,32.10%,
8T,VW_DH_VW_VF_nzoth_yogg_cthun_3132791287242733_Mis_AM_DR,108612,32.07%,
8T,VW_DH_VW_VF_nzoth_yogg_cthun_3132797729693677_Mis_AM_DR,108611,32.07%,
8T,VW_DH_VW_VF_nzoth_yogg_cthun_3150243886850029_Mis_IV_DR,108611,32.07%,
8T,VW_DH_VW_VF_nzoth_yogg_cthun_3150534803775469_Mis_IV_DR_DS,108606,32.07%,
8T,VW_DH_VW_VF_nzoth_yogg_cthun_3132944765214701_Mis_IV_DR_DS,108557,32.01%,
8T,VW_DH_VW_VF_nzoth_yogg_cthun_3150518697648109_Mis_AM_DR,108556,32.01%,
8T,VW_DH_TV_VF_nzoth_yogg_cthun_3132926512127981_Mis_AM_DR,108539,31.98%,
8T,VW_DH_TV_VF_nzoth_yogg_cthun_3132798736850925_Mis_AM_DR,108519,31.96%,
8T,VW_DH_TV_VF_yshaarj_nzoth_yogg_4049522998960109_Mis_IV_DR_DS,108498,31.93%,
8T,VW_DH_VW_VF_nzoth_yogg_cthun_3150243820265453_Mis_AM_ME,108496,31.93%,
8T,VW_DH_TV_VF_nzoth_yogg_cthun_3133348492140525_Mis_AM_DR,108486,31.92%,
8T,VW_DH_TV_VF_nzoth_yogg_cthun_3132807326269421_Mis_AM_ME_DS,108481,31.91%,
8T,VW_DH_VW_VF_nzoth_yogg_cthun_3132935101538285_Mis_AM_DR,108474,31.91%,
8T,VW_DH_VW_VF_yshaarj_nzoth_yogg_4049660437389293_Mis_IV_DR_DS,108469,31.90%,
8T,VW_DH_VW_VF_nzoth_yogg_cthun_3132944765214701_Mis_AM_ME_DS,108452,31.88%,
8T,VW_DH_TV_VF_nzoth_yogg_cthun_3150243819749357_Mis_AM_ME,108447,31.87%,
8T,VW_DH_TV_VF_nzoth_yogg_cthun_3132808400003053_Mis_AM_DR_DS,108444,31.87%,
8T,VW_DH_VW_VF_nzoth_yogg_cthun_3150245967224813_Mis_AM_ME,108438,31.86%,
8T,VW_DH_TV_VF_nzoth_yogg_cthun_3135006349516781_Mis_AM_DR_DS,108401,31.82%,
8T,VW_DH_VW_VF_nzoth_yogg_cthun_3150259925876717_IN_AM_DR_DS,108401,31.82%,
8T,VW_DH_TV_VF_nzoth_yogg_cthun_3150268515803117_Mis_AM_ME_DS,108387,31.80%,
8T,VW_DH_TV_VF_nzoth_yogg_cthun_3150260999610349_Mis_IV_DR_DS,108378,31.79%,
8T,VW_DH_VW_VF_nzoth_yogg_cthun_3132791220658157_Mis_AM_DR,108369,31.78%,
8T,VW_DH_TV_VF_nzoth_yogg_cthun_3150534803775469_Mis_AM_ME_DS,108311,31.71%,
8T,VW_DH_VW_VF_yshaarj_nzoth_yogg_4049525145919469_Mis_AM_ME_DS,108311,31.71%,
8T,AR_EC_VF_yshaarj_nzoth_yogg_3977567121825773_IN_IV_ME,108306,31.70%,
8T,VW_DH_TV_VF_nzoth_yogg_cthun_3152458949124077_Mis_AM_ME_DS,108300,31.69%,
8T,VW_DH_VW_VF_nzoth_yogg_cthun_3132807393370093_Mis_IV_DR_DS,108294,31.69%,
8T,VW_DH_TV_VF_yshaarj_nzoth_yogg_3977513576759277_Mis_AM_DR_DS,108291,31.68%,
8T,VW_DH_VW_VF_yshaarj_nzoth_yogg_4049797876342765_Mis_AM_DR_DS,108272,31.66%,
8T,VW_DH_TV_VF_nzoth_yogg_cthun_3150244960591853_Mis_IV_DR,108267,31.65%,
8T,VW_DH_TV_VF_nzoth_yogg_cthun_3132943691472877_Mis_AM_DR_DS,108259,31.64%,
8T,VW_DH_TV_VF_nzoth_yogg_cthun_3132813835821037_Mis_IV_DR_DS,108246,31.63%,
8T,VW_DH_TV_VF_nzoth_yogg_cthun_3135004202557421_Mis_AM_DR_DS,108245,31.63%,
8T,VW_DH_TV_VF_nzoth_yogg_cthun_3150519771389933_Mis_AM_DR,108244,31.63%,
8T,VW_DH_VW_VF_nzoth_yogg_cthun_3150243819749357_Mis_AM_ME,108244,31.63%,
8T,VW_DH_TV_VF_yshaarj_nzoth_yogg_4049525145919469_Mis_IV_DR_DS,108219,31.60%,
8T,VW_DH_TV_VF_yshaarj_nzoth_yogg_4049524072177645_Mis_AM_ME_DS,108214,31.59%,
8T,VW_DH_VW_VF_nzoth_yogg_cthun_3132942618255341_Mis_AM_ME_DS,108210,31.58%,
8T,VW_DH_VW_VF_nzoth_yogg_cthun_3150253483417581_Mis_IV_DR,108189,31.56%,
8T,VW_DH_VW_VF_nzoth_yogg_cthun_3132797663109101_Mis_AM_DR,108185,31.55%,
8T,VW_DH_VW_VF_nzoth_yogg_cthun_3132813768720365_Mis_AM_ME_DS,108081,31.43%,
8T,VW_DH_TV_VF_nzoth_yogg_cthun_3132942617739245_Mis_AM_ME_DS,108074,31.42%,
8T,VW_DH_VW_VF_nzoth_yogg_cthun_3132942684839917_Mis_IV_DR_DS,108021,31.35%,
8T,VW_DH_TV_VF_nzoth_yogg_cthun_3132806253043693_Mis_AM_DR_DS,108018,31.35%,
8T,VW_DH_VW_VF_nzoth_yogg_cthun_3150244893491181_Mis_IV_DR,108008,31.34%,
8T,VW_DH_VW_VF_nzoth_yogg_cthun_3152458949124077_Mis_AM_ME_DS,107997,31.33%,
8T,VW_DH_TV_VF_nzoth_yogg_cthun_3150259992977389_Mis_IV_DR_DS,107994,31.32%,
8T,VW_DH_TV_VF_nzoth_yogg_cthun_3132806252527597_Mis_AM_DR_DS,107981,31.31%,
8T,VW_DH_VW_VF_nzoth_yogg_cthun_3150534803775469_Mis_AM_ME_DS,107970,31.29%,
8T,VW_DH_TV_VF_nzoth_yogg_cthun_3132798736334829_Mis_AM_DR,107966,31.29%,
8T,VW_DH_TV_VF_nzoth_yogg_cthun_3150244960591853_Mis_AM_ME,107963,31.28%,
8T,VW_DH_TV_VF_nzoth_yogg_cthun_3150244894007277_Mis_IV_DR,107962,31.28%,
8T,VW_DH_VW_VF_nzoth_yogg_cthun_3150243886850029_Mis_AM_ME,107937,31.25%,
8T,VW_DH_TV_VF_nzoth_yogg_cthun_3150244894007277_Mis_AM_ME,107918,31.23%,
8T,VW_DH_VW_VF_nzoth_yogg_cthun_3132926512127981_Mis_AM_DR,107880,31.18%,
8T,VW_DH_VW_VF_nzoth_yogg_cthun_3132814842453997_Mis_AM_DR_DS,107852,31.15%,
8T,VW_DH_TV_VF_nzoth_yogg_cthun_3133363524526061_Mis_AM_DR_DS,107835,31.13%,
8T,VW_DH_VW_VF_nzoth_yogg_cthun_3132942617739245_Mis_AM_ME_DS,107814,31.10%,
8T,VW_DH_VW_VF_nzoth_yogg_cthun_3132807326269421_Mis_AM_ME_DS,107798,31.08%,
8T,VW_DH_VW_VF_nzoth_yogg_cthun_3132926511611885_Mis_AM_DR,107788,31.07%,
8T,VW_DH_VW_VF_nzoth_yogg_cthun_3135012791967725_Mis_AM_DR_DS,107787,31.07%,
8T,VW_DH_TV_VF_nzoth_yogg_cthun_3150259925876717_Mis_IV_DR_DS,107757,31.03%,
8T,VW_DH_VW_VF_nzoth_yogg_cthun_3132926578712557_Mis_AM_DR,107672,30.93%,
8T,VW_DH_VW_VF_yshaarj_nzoth_yogg_4049523065544685_Mis_AM_ME_DS,107648,30.90%,
8T,VW_DH_TV_VF_yshaarj_nzoth_yogg_4049525145919469_Mis_AM_ME_DS,107643,30.90%,
8T,VW_DH_TV_VF_nzoth_yogg_cthun_3150268515803117_Mis_IV_DR_DS,107609,30.85%,
8T,VW_DH_TV_VF_yshaarj_nzoth_yogg_3977513643859949_Mis_AM_DR_DS,107607,30.85%,
8T,VW_DH_VW_VF_nzoth_yogg_cthun_3150244894007277_Mis_AM_ME,107570,30.81%,
8T,VW_DH_TV_VF_nzoth_yogg_cthun_3132927652454381_Mis_AM_DR,107561,30.79%,
8T,VW_DH_VW_VF_yshaarj_nzoth_yogg_4049524072177645_Mis_AM_DR_DS,107546,30.78%,
8T,VW_DH_TV_VF_nzoth_yogg_cthun_3150244893491181_Mis_AM_ME,107545,30.78%,
8T,VW_DH_VW_VF_nzoth_yogg_cthun_3150244894007277_Mis_IV_DR,107541,30.77%,
8T,VW_DH_VW_VF_nzoth_yogg_cthun_3132807326785517_Mis_AM_ME_DS,107521,30.75%,
8T,VW_DH_TV_VF_yshaarj_nzoth_yogg_4049797876342765_Mis_AM_DR_DS,107494,30.71%,
8T,VW_DH_VW_VF_yshaarj_nzoth_yogg_4049522998444013_Mis_AM_ME_DS,107477,30.69%,
8T,VW_DH_VW_VF_nzoth_yogg_cthun_3132806252527597_Mis_AM_DR_DS,107434,30.64%,
8T,VW_DH_VW_VF_nzoth_yogg_cthun_3135004202557421_Mis_AM_DR_DS,107415,30.62%,
8T,VW_DH_TV_VF_nzoth_yogg_cthun_3135004202041325_Mis_AM_DR_DS,107404,30.60%,
8T,VW_DH_TV_VF_nzoth_yogg_cthun_3132798803435501_Mis_AM_DR,107388,30.59%,
8T,VW_DH_TV_VF_yshaarj_nzoth_yogg_4049523065544685_Mis_IV_DR_DS,107385,30.58%,
8T,VW_DH_TV_VF_nzoth_yogg_cthun_3132927585869805_Mis_AM_DR,107342,30.53%,
8T,VW_DH_VW_VF_nzoth_yogg_cthun_3150244960591853_Mis_IV_DR,107338,30.52%,
8T,VW_DH_VW_VF_nzoth_yogg_cthun_3132942684839917_Mis_AM_ME_DS,107328,30.51%,
8T,VW_DH_TV_VF_nzoth_yogg_cthun_3150243886850029_Mis_AM_DR,107315,30.50%,
8T,VW_DH_TV_VF_nzoth_yogg_cthun_3150259926392813_Mis_AM_ME_DS,107312,30.49%,
8T,VW_DH_VW_VF_nzoth_yogg_cthun_3132936175280109_Mis_AM_DR,107296,30.47%,
8T,VW_DH_TV_VF_nzoth_yogg_cthun_3132936175280109_Mis_AM_DR,107288,30.46%,
8T,VW_DH_VW_VF_nzoth_yogg_cthun_3150260999610349_Mis_IV_DR_DS,107255,30.42%,
8T,VW_DH_TV_VF_nzoth_yogg_cthun_3150259926392813_Mis_IV_DR_DS,107223,30.38%,
8T,VW_DH_VW_VF_nzoth_yogg_cthun_3132806319628269_Mis_AM_DR_DS,107223,30.38%,
8T,VW_DH_VW_VF_nzoth_yogg_cthun_3135006349516781_Mis_AM_DR_DS,107216,30.38%,
8T,VW_DH_VW_VF_nzoth_yogg_cthun_3132798736334829_Mis_AM_DR,107174,30.33%,
8T,VW_DH_VW_VF_nzoth_yogg_cthun_3132798736850925_Mis_AM_DR,107155,30.30%,
8T,VW_DH_TV_VF_nzoth_yogg_cthun_3150262073352173_Mis_IV_DR_DS,107101,30.24%,
8T,VW_DH_VW_VF_nzoth_yogg_cthun_3132806253043693_Mis_AM_DR_DS,107092,30.23%,
8T,VW_DH_VW_VF_nzoth_yogg_cthun_3132927585869805_Mis_AM_DR,107079,30.21%,
8T,VW_DH_TV_VF_nzoth_yogg_cthun_3135004269141997_Mis_AM_DR_DS,107045,30.17%,
8T,VW_DH_VW_VF_nzoth_yogg_cthun_3150519771389933_Mis_AM_DR,107044,30.17%,
8T,VW_DH_TV_VF_nzoth_yogg_cthun_3132806319628269_Mis_AM_DR_DS,107034,30.15%,
8T,VW_DH_VW_VF_nzoth_yogg_cthun_3150259925876717_Mis_IV_DR_DS,107021,30.14%,
8T,VW_DH_VW_VF_nzoth_yogg_cthun_3132927585353709_Mis_AM_DR,106988,30.10%,
8T,AR_EC_VF_yshaarj_nzoth_yogg_3977567121825773_IN_AM_ME,106972,30.08%,
8T,VW_DH_VW_VF_nzoth_yogg_cthun_3150244960591853_Mis_AM_ME,106966,30.07%,
8T,VW_DH_TV_VF_nzoth_yogg_cthun_3150245967224813_Mis_AM_DR,106938,30.04%,
8T,AR_EC_VF_nzoth_yogg_cthun_3132867313786861_IN_IV_ME,106922,30.02%,
8T,VW_DH_VW_VF_nzoth_yogg_cthun_3132943691472877_Mis_AM_DR_DS,106909,30.00%,
8T,VW_DH_TV_VF_yshaarj_nzoth_yogg_4049660437389293_Mis_AM_ME_DS,106906,30.00%,
8T,VW_DH_VW_VF_nzoth_yogg_cthun_3150260999610349_Mis_AM_ME_DS,106867,29.95%,
8T,VW_DH_TV_VF_yshaarj_nzoth_yogg_4049524072177645_Mis_AM_DR_DS,106865,29.95%,
8T,VW_DH_VW_VF_nzoth_yogg_cthun_3132808400003053_Mis_AM_DR_DS,106835,29.91%,
8T,VW_DH_VW_VF_nzoth_yogg_cthun_3135004269141997_Mis_AM_DR_DS,106825,29.90%,
8T,VW_DH_TV_VF_nzoth_yogg_cthun_3132927585353709_Mis_AM_DR,106807,29.88%,
8T,VW_DH_TV_VF_nzoth_yogg_cthun_3132951207665645_Mis_AM_DR_DS,106791,29.86%,
8T,VW_DH_TV_VF_nzoth_yogg_cthun_3150243820265453_Mis_AM_DR,106790,29.86%,
8T,VW_DH_VW_VF_nzoth_yogg_cthun_3150262073352173_Mis_IV_DR_DS,106767,29.83%,
8T,VW_DH_VW_VF_nzoth_yogg_cthun_3132798803435501_Mis_AM_DR,106763,29.83%,
8T,VW_DH_VW_VF_nzoth_yogg_cthun_3150268515803117_Mis_AM_ME_DS,106758,29.82%,
8T,VW_DH_TV_VF_nzoth_yogg_cthun_3150252409675757_Mis_AM_DR,106721,29.77%,
8T,VW_DH_VW_VF_nzoth_yogg_cthun_3135004202041325_Mis_AM_DR_DS,106699,29.75%,
8T,AR_SW_VF_yshaarj_nzoth_yogg_3977567121825773_IN_IV_ME,106689,29.74%,
8T,VW_DH_TV_VF_nzoth_yogg_cthun_3132807326785517_Mis_AM_DR_DS,106673,29.72%,
8T,VW_DH_VW_VF_nzoth_yogg_cthun_3150244893491181_Mis_AM_ME,106602,29.63%,
8T,VW_DH_TV_VF_nzoth_yogg_cthun_3132813769236461_Mis_AM_DR_DS,106600,29.63%,
8T,VW_DH_TV_VF_nzoth_yogg_cthun_3150534803775469_Mis_AM_DR_DS,106539,29.55%,
8T,VW_DH_VW_VF_nzoth_yogg_cthun_3150252409675757_Mis_AM_DR,106539,29.55%,
8T,VW_DH_TV_VF_yshaarj_nzoth_yogg_4049523065544685_Mis_AM_ME_DS,106534,29.55%,
8T,VW_DH_VW_VF_nzoth_yogg_cthun_3150268515803117_Mis_IV_DR_DS,106479,29.48%,
8T,VW_DH_TV_VF_nzoth_yogg_cthun_3150262073352173_Mis_AM_ME_DS,106461,29.46%,
8T,VW_DH_VW_VF_nzoth_yogg_cthun_3150259992977389_Mis_IV_DR_DS,106457,29.45%,
8T,VW_DH_TV_VF_nzoth_yogg_cthun_3132944765214701_Mis_AM_DR_DS,106456,29.45%,
8T,VW_DH_TV_VF_nzoth_yogg_cthun_3132807326269421_Mis_AM_DR_DS,106427,29.42%,
8T,VW_DH_VW_VF_nzoth_yogg_cthun_3132815916195821_Mis_AM_DR_DS,106403,29.39%,
8T,VW_DH_VW_VF_nzoth_yogg_cthun_3132813768720365_Mis_AM_DR_DS,106374,29.35%,
8T,VW_DH_TV_VF_nzoth_yogg_cthun_3132813835821037_Mis_AM_DR_DS,106371,29.35%,
8T,VW_DH_TV_VF_nzoth_yogg_cthun_3132942617739245_Mis_AM_DR_DS,106348,29.32%,
8T,VW_DH_TV_VF_nzoth_yogg_cthun_3132815916195821_Mis_AM_DR_DS,106323,29.29%,
8T,AR_EC_VF_yshaarj_nzoth_yogg_3977567121825773_IN_IV_DR,106306,29.27%,
8T,VW_DH_VW_VF_nzoth_yogg_cthun_3150243819749357_Mis_AM_DR,106297,29.26%,
8T,VW_DH_VW_VF_nzoth_yogg_cthun_3150259926392813_Mis_AM_ME_DS,106244,29.19%,
8T,VW_DH_TV_VF_nzoth_yogg_cthun_3152458949124077_Mis_AM_DR_DS,106204,29.15%,
8T,VW_DH_TV_VF_nzoth_yogg_cthun_3150260999610349_Mis_AM_DR_DS,106192,29.13%,
8T,VW_DH_TV_VF_nzoth_yogg_cthun_3132942618255341_Mis_AM_DR_DS,106182,29.12%,
8T,VW_DH_VW_VF_nzoth_yogg_cthun_3150259926392813_Mis_IV_DR_DS,106167,29.10%,
8T,VW_DH_VW_VF_nzoth_yogg_cthun_3132944765214701_Mis_AM_DR_DS,106127,29.05%,
8T,VW_DH_TV_VF_yshaarj_nzoth_yogg_4049522998960109_Mis_AM_ME_DS,106106,29.03%,
8T,VW_DH_VW_VF_nzoth_yogg_cthun_3150243820265453_Mis_AM_DR,106026,28.93%,
8T,VW_DH_TV_VF_nzoth_yogg_cthun_3150259925876717_Mis_AM_ME_DS,106004,28.90%,
8T,VW_DH_TV_VF_nzoth_yogg_cthun_3132807393370093_Mis_AM_DR_DS,105941,28.83%,
8T,VW_DH_VW_VF_nzoth_yogg_cthun_3132813769236461_Mis_AM_DR_DS,105936,28.82%,
8T,VW_DH_TV_VF_nzoth_yogg_cthun_3150259992977389_Mis_AM_ME_DS,105930,28.81%,
8T,VW_DH_VW_VF_yshaarj_nzoth_yogg_4049660437389293_Mis_AM_DR_DS,105926,28.81%,
8T,VW_DH_VW_VF_nzoth_yogg_cthun_3132927652454381_Mis_AM_DR,105924,28.80%,
8T,VW_DH_VW_VF_nzoth_yogg_cthun_3150245967224813_Mis_AM_DR,105902,28.78%,
8T,VW_DH_VW_VF_nzoth_yogg_cthun_3150243886850029_Mis_AM_DR,105887,28.76%,
8T,VW_DH_VW_VF_nzoth_yogg_cthun_3132807326269421_Mis_AM_DR_DS,105862,28.73%,
8T,AR_EC_VF_nzoth_yogg_cthun_3132859797594093_IN_IV_ME,105839,28.70%,
8T,VW_DH_TV_VF_yshaarj_nzoth_yogg_4049522998444013_Mis_AM_ME_DS,105835,28.70%,
8T,VW_DH_VW_VF_nzoth_yogg_cthun_3132807326785517_Mis_AM_DR_DS,105779,28.63%,
8T,VW_DH_TV_VF_yshaarj_nzoth_yogg_4049525145919469_Mis_AM_DR_DS,105748,28.59%,
8T,AR_SW_VF_nzoth_yogg_cthun_3132867313786861_IN_IV_ME,105747,28.59%,
8T,VW_DH_TV_VF_nzoth_yogg_cthun_3150244960591853_Mis_AM_DR,105737,28.58%,
8T,VW_DH_TV_VF_nzoth_yogg_cthun_3150243819749357_Mis_AM_DR,105724,28.56%,
8T,VW_DH_VW_VF_nzoth_yogg_cthun_3150262073352173_Mis_AM_ME_DS,105713,28.55%,
8T,AR_EC_VF_yshaarj_nzoth_yogg_3977567121309677_IN_IV_ME,105711,28.55%,
8T,AR_SP_VF_nzoth_yogg_cthun_3132867313786861_IN_IV_ME,105673,28.50%,
8T,VW_DH_TV_VF_nzoth_yogg_cthun_3132942684839917_Mis_AM_DR_DS,105662,28.49%,
8T,AR_SP_VF_yshaarj_nzoth_yogg_3977567188410349_IN_IV_ME,105631,28.45%,
8T,AR_EC_VF_yshaarj_nzoth_yogg_3977567188410349_IN_IV_ME,105560,28.36%,
8T,VW_DH_TV_VF_nzoth_yogg_cthun_3132813768720365_Mis_AM_DR_DS,105546,28.35%,
8T,VW_DH_VW_VF_nzoth_yogg_cthun_3132813835821037_Mis_AM_DR_DS,105542,28.34%,
8T,VW_DH_VW_VF_yshaarj_nzoth_yogg_4049525145919469_Mis_AM_DR_DS,105528,28.32%,
8T,AR_SP_VF_nzoth_yogg_cthun_3132859797594093_IN_IV_ME,105523,28.32%,
8T,AR_EC_VF_nzoth_yogg_cthun_3132859797594093_IN_AM_ME,105522,28.32%,
8T,VW_DH_VW_VF_nzoth_yogg_cthun_3132942618255341_Mis_AM_DR_DS,105458,28.24%,
8T,VW_DH_VW_VF_nzoth_yogg_cthun_3132951207665645_Mis_AM_DR_DS,105456,28.24%,
8T,VW_DH_VW_VF_nzoth_yogg_cthun_3132942617739245_Mis_AM_DR_DS,105413,28.18%,
8T,VW_DH_VW_VF_nzoth_yogg_cthun_3150534803775469_Mis_AM_DR_DS,105338,28.09%,
8T,VW_DH_TV_VF_nzoth_yogg_cthun_3150253483417581_Mis_AM_DR,105317,28.07%,
8T,VW_DH_VW_VF_nzoth_yogg_cthun_3132807393370093_Mis_AM_DR_DS,105282,28.02%,
8T,VW_DH_VW_VF_yshaarj_nzoth_yogg_4049523065544685_Mis_AM_DR_DS,105267,28.01%,
8T,VW_DH_VW_VF_nzoth_yogg_cthun_3152458949124077_Mis_AM_DR_DS,105256,27.99%,
8T,VW_DH_VW_VF_nzoth_yogg_cthun_3150260999610349_Mis_AM_DR_DS,105250,27.98%,
8T,AR_EC_VF_nzoth_yogg_cthun_3132867313786861_IN_AM_ME,105216,27.94%,
8T,VW_DH_TV_VF_nzoth_yogg_cthun_3150244893491181_Mis_AM_DR,105197,27.92%,
8T,VW_DH_VW_VF_yshaarj_nzoth_yogg_4049522998960109_Mis_AM_DR_DS,105169,27.89%,
8T,VW_DH_TV_VF_nzoth_yogg_cthun_3150244894007277_Mis_AM_DR,105165,27.88%,
8T,VW_DH_VW_VF_nzoth_yogg_cthun_3150244893491181_Mis_AM_DR,105004,27.69%,
8T,AR_EC_VF_nzoth_yogg_cthun_3132996162805741_IN_IV_ME,105002,27.68%,
8T,VW_DH_TV_VF_yshaarj_nzoth_yogg_4049522998960109_Mis_AM_DR_DS,104972,27.65%,
8T,VW_DH_TV_VF_nzoth_yogg_cthun_3150268515803117_Mis_AM_DR_DS,104930,27.60%,
8T,VW_DH_VW_VF_yshaarj_nzoth_yogg_4049522998444013_Mis_AM_DR_DS,104917,27.58%,
8T,VW_DH_TV_VF_yshaarj_nzoth_yogg_4049660437389293_Mis_AM_DR_DS,104901,27.56%,
8T,AR_SP_VF_yshaarj_nzoth_yogg_3977567121309677_IN_IV_ME,104767,27.40%,
8T,AR_EC_VF_yshaarj_nzoth_yogg_3977567188410349_IN_AM_ME,104759,27.39%,
8T,AR_SW_VF_yshaarj_nzoth_yogg_3977567121825773_IN_AM_ME,104723,27.34%,
8T,VW_DH_TV_VF_yshaarj_nzoth_yogg_4049523065544685_Mis_AM_DR_DS,104711,27.33%,
8T,VW_DH_VW_VF_nzoth_yogg_cthun_3150253483417581_Mis_AM_DR,104669,27.28%,
8T,VW_DH_VW_VF_nzoth_yogg_cthun_3150259992977389_Mis_AM_ME_DS,104658,27.27%,
8T,AR_SP_VF_nzoth_yogg_cthun_3132996162805741_IN_IV_ME,104654,27.26%,
8T,AR_EC_VF_nzoth_yogg_cthun_3132996162805741_IN_AM_ME,104616,27.21%,
8T,AR_SW_VF_nzoth_yogg_cthun_3132859797594093_IN_IV_ME,104606,27.20%,
8T,AR_SP_VF_nzoth_yogg_cthun_3132858790961133_IN_IV_ME,104514,27.09%,
8T,VW_DH_VW_VF_nzoth_yogg_cthun_3150259925876717_Mis_AM_ME_DS,104473,27.04%,
8T,VW_DH_VW_VF_nzoth_yogg_cthun_3150244960591853_Mis_AM_DR,104406,26.96%,
8T,AR_EC_VF_nzoth_yogg_cthun_3132858790961133_IN_IV_ME,104346,26.89%,
8T,AR_SP_VF_yshaarj_nzoth_yogg_3977567121825773_IN_IV_DR,104335,26.87%,
8T,VW_DH_TV_VF_nzoth_yogg_cthun_3150259925876717_Mis_AM_DR_DS,104329,26.87%,
8T,AR_SP_VF_nzoth_yogg_cthun_3132858723860461_IN_IV_ME,104252,26.77%,
8T,VW_DH_VW_VF_nzoth_yogg_cthun_3132942684839917_Mis_AM_DR_DS,104213,26.72%,
8T,AR_SP_VF_yshaarj_nzoth_yogg_3977567121825773_IN_AM_ME,104170,26.67%,
8T,VW_DH_TV_VF_nzoth_yogg_cthun_3150262073352173_Mis_AM_DR_DS,104112,26.60%,
8T,AR_EC_VF_nzoth_yogg_cthun_3132867380371437_IN_IV_ME,103980,26.44%,
8T,VW_DH_VW_VF_nzoth_yogg_cthun_3150268515803117_Mis_AM_DR_DS,103960,26.42%,
8T,AR_SW_VF_nzoth_yogg_cthun_3132996162805741_IN_IV_ME,103947,26.40%,
8T,AR_EC_VF_nzoth_yogg_cthun_3132858723860461_IN_IV_ME,103885,26.33%,
8T,VW_DH_TV_VF_nzoth_yogg_cthun_3150259992977389_Mis_AM_DR_DS,103780,26.20%,
8T,AR_EC_VF_yshaarj_nzoth_yogg_3977567121825773_IN_AM_DR,103759,26.17%,
8T,AR_EC_VF_nzoth_yogg_cthun_3132875903721453_IN_IV_ME_DS,103673,26.07%,
8T,VW_DH_TV_VF_yshaarj_nzoth_yogg_4049522998444013_Mis_AM_DR_DS,103668,26.06%,
8T,AR_SW_VF_nzoth_yogg_cthun_3132867313786861_IN_AM_ME,103619,26.00%,
8T,AR_SW_VF_yshaarj_nzoth_yogg_3977567121825773_IN_IV_DR,103594,25.97%,
8T,AR_SP_VF_nzoth_yogg_cthun_3132875903721453_IN_IV_ME_DS,103592,25.97%,
8T,AR_EC_VF_nzoth_yogg_cthun_3132859864178669_IN_IV_ME,103551,25.92%,
8T,VW_DH_VW_VF_nzoth_yogg_cthun_3150244894007277_Mis_AM_DR,103500,25.86%,
8T,AR_SW_VF_nzoth_yogg_cthun_3132858790961133_IN_IV_ME,103460,25.81%,
8T,AR_SW_VF_yshaarj_nzoth_yogg_3977567188410349_IN_IV_ME,103438,25.78%,
8T,VW_DH_VW_VF_nzoth_yogg_cthun_3150259992977389_Mis_AM_DR_DS,103424,25.76%,
8T,AR_SP_VF_nzoth_yogg_cthun_3132859797594093_IN_IV_DR,103262,25.57%,
8T,AR_EC_VF_nzoth_yogg_cthun_3132867313786861_IN_IV_DR,103243,25.55%,
8T,VW_DH_VW_VF_nzoth_yogg_cthun_3150259926392813_Mis_AM_DR_DS,103220,25.52%,
8T,AR_SP_VF_nzoth_yogg_cthun_3132859864178669_IN_IV_ME,103196,25.49%,
8T,AR_SP_VF_nzoth_yogg_cthun_3132867380371437_IN_IV_ME,103145,25.43%,
8T,VW_DH_VW_VF_nzoth_yogg_cthun_3150259925876717_Mis_AM_DR_DS,103082,25.35%,
8T,VW_DH_TV_VF_nzoth_yogg_cthun_3150259926392813_Mis_AM_DR_DS,103031,25.29%,
8T,AR_SW_VF_yshaarj_nzoth_yogg_3977567121309677_IN_IV_ME,103016,25.27%,
8T,AR_EC_VF_yshaarj_nzoth_yogg_3977567121309677_IN_AM_ME,102973,25.22%,
8T,AR_SP_VF_nzoth_yogg_cthun_3132867313786861_IN_IV_DR,102953,25.19%,
8T,VW_DH_VW_VF_nzoth_yogg_cthun_3150262073352173_Mis_AM_DR_DS,102951,25.19%,
8T,AR_SP_VF_nzoth_yogg_cthun_3132867313786861_IN_AM_ME,102932,25.17%,
8T,AR_EC_VF_yshaarj_nzoth_yogg_3977567121309677_IN_IV_DR,102898,25.12%,
8T,AR_SP_VF_nzoth_yogg_cthun_3132996229390317_IN_IV_ME,102835,25.05%,
8T,AR_EC_VF_nzoth_yogg_cthun_3132858790961133_IN_AM_ME,102808,25.02%,
8T,AR_SW_VF_nzoth_yogg_cthun_3132858723860461_IN_IV_ME,102737,24.93%,
8T,AR_EC_VF_nzoth_yogg_cthun_3132996229390317_IN_IV_ME,102703,24.89%,
8T,AR_EC_VF_nzoth_yogg_cthun_3132858723860461_IN_AM_ME,102657,24.83%,
8T,AR_EC_VF_nzoth_yogg_cthun_3132859797077997_IN_IV_ME,102571,24.73%,
8T,AR_SW_VF_nzoth_yogg_cthun_3132859797594093_IN_AM_ME,102555,24.71%,
8T,AR_EC_VF_nzoth_yogg_cthun_3132875903721453_IN_AM_ME_DS,102532,24.68%,
8T,AR_SP_VF_nzoth_yogg_cthun_3150313470943213_IN_IV_ME,102470,24.60%,
8T,AR_SP_VF_yshaarj_nzoth_yogg_3977567188410349_IN_IV_DR,102461,24.59%,
8T,AR_EC_VF_nzoth_yogg_cthun_3132859797594093_IN_IV_DR,102409,24.53%,
8T,AR_EC_VF_yshaarj_nzoth_yogg_3977567188410349_IN_IV_DR,102407,24.53%,
8T,AR_EC_VF_nzoth_yogg_cthun_3150313470943213_IN_IV_ME,102357,24.47%,
8T,AR_EC_VF_nzoth_yogg_cthun_3132867313270765_IN_IV_ME,102356,24.47%,
8T,AR_SP_VF_yshaarj_nzoth_yogg_3977567121825773_IN_AM_DR,102321,24.42%,
8T,AR_EC_VF_nzoth_yogg_cthun_3132859058872301_IN_IV_ME,102311,24.41%,
8T,AR_EC_VF_nzoth_yogg_cthun_3132867380371437_IN_AM_ME,102309,24.41%,
8T,AR_SP_VF_nzoth_yogg_cthun_3132867313270765_IN_IV_ME,102217,24.30%,
8T,AR_EC_VF_nzoth_yogg_cthun_3132859797594093_IN_AM_DR,102158,24.23%,
8T,AR_SW_VF_nzoth_yogg_cthun_3132859797594093_IN_IV_DR,102088,24.14%,
8T,AR_SP_VF_nzoth_yogg_cthun_3132859058872301_IN_IV_ME,102082,24.13%,
8T,AR_EC_VF_nzoth_yogg_cthun_3132859864178669_IN_AM_ME,102068,24.12%,
8T,AR_SP_VF_nzoth_yogg_cthun_3132858790445037_IN_IV_ME,102065,24.11%,
8T,AR_SW_VF_yshaarj_nzoth_yogg_3977567188410349_IN_AM_ME,102013,24.05%,
8T,AR_SP_VF_yshaarj_nzoth_yogg_3977567188410349_IN_AM_ME,101970,24.00%,
8T,AR_SP_VF_nzoth_yogg_cthun_3132859797077997_IN_IV_ME,101961,23.99%,
8T,AR_EC_VF_nzoth_yogg_cthun_3132996162805741_IN_IV_DR,101940,23.96%,
8T,AR_EC_VF_nzoth_yogg_cthun_3132858790961133_IN_IV_DR,101930,23.95%,
8T,AR_SP_VF_yshaarj_nzoth_yogg_3977567121309677_IN_IV_DR,101909,23.92%,
8T,AR_SP_VF_nzoth_yogg_cthun_3132859797594093_IN_AM_ME,101895,23.91%,
8T,AR_EC_VF_nzoth_yogg_cthun_3132875970306029_IN_IV_ME_DS,101883,23.89%,
8T,AR_SW_VF_nzoth_yogg_cthun_3132875903721453_IN_IV_ME_DS,101822,23.82%,
8T,AR_SP_VF_nzoth_yogg_cthun_3132858790961133_IN_IV_DR,101822,23.82%,
8T,AR_EC_VF_nzoth_yogg_cthun_3132858790445037_IN_IV_ME,101820,23.81%,
8T,AR_SW_VF_nzoth_yogg_cthun_3132867380371437_IN_IV_ME,101803,23.79%,
8T,AR_SW_VF_nzoth_yogg_cthun_3132858790961133_IN_AM_ME,101800,23.79%,
8T,AR_SP_VF_nzoth_yogg_cthun_3132996162805741_IN_IV_DR,101765,23.75%,
8T,AR_SW_VF_nzoth_yogg_cthun_3132996162805741_IN_AM_ME,101737,23.71%,
8T,AR_SW_VF_nzoth_yogg_cthun_3132859864178669_IN_IV_ME,101668,23.63%,
8T,AR_EC_VF_nzoth_yogg_cthun_3132996229390317_IN_AM_ME,101661,23.62%,
8T,AR_SP_VF_nzoth_yogg_cthun_3132858790961133_IN_AM_ME,101659,23.62%,
8T,AR_EC_VF_nzoth_yogg_cthun_3132858723860461_IN_IV_DR,101626,23.58%,
8T,AR_SW_VF_nzoth_yogg_cthun_3132996229390317_IN_IV_ME,101615,23.56%,
8T,AR_SP_VF_nzoth_yogg_cthun_3132996162289645_IN_IV_ME,101613,23.56%,
8T,AR_EC_VF_nzoth_yogg_cthun_3132867313786861_IN_AM_DR,101597,23.54%,
8T,AR_SW_VF_yshaarj_nzoth_yogg_3977567121825773_IN_AM_DR,101592,23.54%,
8T,AR_EC_VF_nzoth_yogg_cthun_3132996162289645_IN_IV_ME,101591,23.54%,
8T,AR_EC_VF_yshaarj_nzoth_yogg_3977567188410349_IN_AM_DR,101535,23.47%,
8T,AR_SP_VF_nzoth_yogg_cthun_3132875903721453_IN_IV_DR_DS,101504,23.43%,
8T,AR_EC_VF_nzoth_yogg_cthun_3132867313270765_IN_AM_ME,101384,23.28%,
8T,AR_EC_VF_nzoth_yogg_cthun_3132867380371437_IN_IV_DR,101367,23.26%,
8T,AR_SP_VF_nzoth_yogg_cthun_3132875970306029_IN_IV_ME_DS,101342,23.23%,
8T,AR_SW_VF_nzoth_yogg_cthun_3132867313786861_IN_IV_DR,101315,23.20%,
8T,AR_EC_VF_nzoth_yogg_cthun_3132996162805741_IN_AM_DR,101235,23.10%,
8T,AR_SP_VF_yshaarj_nzoth_yogg_3977567121309677_IN_AM_ME,101222,23.09%,
8T,AR_SW_VF_nzoth_yogg_cthun_3132858790961133_IN_IV_DR,101213,23.08%,
8T,AR_SW_VF_nzoth_yogg_cthun_3132875903721453_IN_AM_ME_DS,101190,23.05%,
8T,AR_EC_VF_nzoth_yogg_cthun_3150313537527789_IN_IV_ME,101134,22.98%,
8T,AR_SW_VF_nzoth_yogg_cthun_3132859058872301_IN_IV_ME,101117,22.96%,
8T,AR_SP_VF_nzoth_yogg_cthun_3132867380371437_IN_IV_DR,101094,22.93%,
8T,AR_SW_VF_nzoth_yogg_cthun_3132859797077997_IN_IV_ME,101046,22.87%,
8T,AR_SW_VF_nzoth_yogg_cthun_3132858723860461_IN_AM_ME,101035,22.86%,
8T,AR_SW_VF_nzoth_yogg_cthun_3132996162805741_IN_IV_DR,100990,22.80%,
8T,AR_EC_VF_nzoth_yogg_cthun_3132859864178669_IN_IV_DR,100978,22.79%,
8T,AR_EC_VF_nzoth_yogg_cthun_3132875903721453_IN_IV_DR_DS,100961,22.77%,
8T,AR_SW_VF_nzoth_yogg_cthun_3132867313270765_IN_IV_ME,100951,22.76%,
8T,AR_SW_VF_nzoth_yogg_cthun_3132867380371437_IN_AM_ME,100902,22.70%,
8T,AR_SP_VF_nzoth_yogg_cthun_3132858723860461_IN_IV_DR,100892,22.69%,
8T,AR_SW_VF_nzoth_yogg_cthun_3150313470943213_IN_IV_ME,100880,22.67%,
8T,AR_EC_VF_nzoth_yogg_cthun_3132859797077997_IN_AM_ME,100830,22.61%,
8T,AR_SW_VF_yshaarj_nzoth_yogg_3977567121309677_IN_IV_DR,100798,22.57%,
8T,AR_SW_VF_yshaarj_nzoth_yogg_3977567188410349_IN_IV_DR,100787,22.56%,
8T,AR_SP_VF_nzoth_yogg_cthun_3132996162805741_IN_AM_ME,100782,22.55%,
8T,AR_EC_VF_nzoth_yogg_cthun_3132859058872301_IN_AM_ME,100732,22.49%,
8T,AR_SP_VF_nzoth_yogg_cthun_3132875903721453_IN_AM_ME_DS,100671,22.42%,
8T,AR_SP_VF_nzoth_yogg_cthun_3132859797594093_IN_AM_DR,100600,22.33%,
8T,AR_SP_VF_nzoth_yogg_cthun_3132875903205357_IN_IV_ME_DS,100567,22.29%,
8T,AR_EC_VF_nzoth_yogg_cthun_3150313470943213_IN_AM_ME,100535,22.25%,
8T,AR_SW_VF_yshaarj_nzoth_yogg_3977567121309677_IN_AM_ME,100519,22.23%,
8T,AR_EC_VF_nzoth_yogg_cthun_3132996162289645_IN_AM_ME,100513,22.23%,
8T,AR_SW_VF_nzoth_yogg_cthun_3132859797594093_IN_AM_DR,100476,22.18%,
8T,AR_SP_VF_nzoth_yogg_cthun_3150313537527789_IN_IV_ME,100474,22.18%,
8T,AR_SP_VF_nzoth_yogg_cthun_3132867380371437_IN_AM_ME,100459,22.16%,
8T,AR_EC_VF_nzoth_yogg_cthun_3132858790961133_IN_AM_DR,100445,22.14%,
8T,AR_SW_VF_nzoth_yogg_cthun_3132859864178669_IN_AM_ME,100406,22.09%,
8T,AR_EC_VF_nzoth_yogg_cthun_3132996229390317_IN_IV_DR,100395,22.08%,
8T,AR_SW_VF_nzoth_yogg_cthun_3132858790445037_IN_IV_ME,100372,22.05%,
8T,AR_SW_VF_nzoth_yogg_cthun_3132875903721453_IN_IV_DR_DS,100279,21.94%,
8T,AR_EC_VF_nzoth_yogg_cthun_3150313470943213_IN_IV_DR,100231,21.88%,
8T,AR_SP_VF_nzoth_yogg_cthun_3132867313786861_IN_AM_DR,100199,21.84%,
8T,AR_EC_VF_yshaarj_nzoth_yogg_3977567121309677_IN_AM_DR,100191,21.83%,
8T,AR_SP_VF_nzoth_yogg_cthun_3132867313270765_IN_AM_ME,100133,21.76%,
8T,AR_EC_VF_nzoth_yogg_cthun_3132875903205357_IN_IV_ME_DS,100125,21.75%,
8T,AR_EC_VF_nzoth_yogg_cthun_3132867313270765_IN_IV_DR,100120,21.75%,
8T,AR_SP_VF_nzoth_yogg_cthun_3132859864178669_IN_AM_ME,100087,21.71%,
8T,AR_SW_VF_nzoth_yogg_cthun_3132996162289645_IN_IV_ME,100051,21.66%,
8T,AR_EC_VF_nzoth_yogg_cthun_3132859797077997_IN_IV_DR,100042,21.65%,
8T,AR_EC_VF_yshaarj_yogg_cthun_1972332790669293_IN_IV_ME,99993,21.59%,
8T,AR_SP_VF_nzoth_yogg_cthun_3132858723860461_IN_AM_ME,99913,21.49%,
8T,AR_SP_VF_nzoth_yogg_cthun_3132996229390317_IN_IV_DR,99880,21.45%,
8T,AR_SP_VF_yshaarj_yogg_cthun_1972332790669293_IN_IV_ME,99844,21.41%,
8T,AR_SW_VF_nzoth_yogg_cthun_3132867313786861_IN_AM_DR,99801,21.36%,
8T,AR_EC_VF_nzoth_yogg_cthun_3132859058872301_IN_IV_DR,99791,21.35%,
8T,AR_SP_VF_nzoth_yogg_cthun_3132859864178669_IN_IV_DR,99770,21.32%,
8T,AR_EC_VF_nzoth_yogg_cthun_3132875970306029_IN_AM_ME_DS,99651,21.18%,
8T,AR_EC_VF_nzoth_yogg_cthun_3132858790445037_IN_AM_ME,99522,21.02%,
8T,AR_EC_VF_nzoth_yogg_cthun_3132875903721453_IN_AM_DR_DS,99455,20.94%,
8T,AR_SP_VF_nzoth_yogg_cthun_3132859797077997_IN_IV_DR,99445,20.93%,
8T,AR_SW_VF_nzoth_yogg_cthun_3132858723860461_IN_IV_DR,99441,20.92%,
8T,AR_SP_VF_nzoth_yogg_cthun_3132867313270765_IN_IV_DR,99434,20.91%,
8T,AR_SW_VF_nzoth_yogg_cthun_3132858790961133_IN_AM_DR,99400,20.87%,
8T,AR_SW_VF_nzoth_yogg_cthun_3132875970306029_IN_IV_ME_DS,99398,20.87%,
8T,AR_SW_VF_nzoth_yogg_cthun_3132859864178669_IN_IV_DR,99376,20.84%,
8T,AR_SW_VF_nzoth_yogg_cthun_3132867313270765_IN_AM_ME,99350,20.81%,
8T,AR_SW_VF_nzoth_yogg_cthun_3132875903205357_IN_IV_ME_DS,99324,20.78%,
8T,AR_SP_VF_nzoth_yogg_cthun_3132859058872301_IN_AM_ME,99247,20.69%,
8T,AR_EC_VF_nzoth_yogg_cthun_3132867380371437_IN_AM_DR,99241,20.68%,
8T,AR_EC_VF_nzoth_yogg_cthun_3132859864178669_IN_AM_DR,99237,20.67%,
8T,AR_SP_VF_nzoth_yogg_cthun_3150313470943213_IN_IV_DR,99227,20.66%,
8T,AR_SW_VF_nzoth_yogg_cthun_3132859797077997_IN_AM_ME,99224,20.66%,
8T,AR_SW_VF_nzoth_yogg_cthun_3132996229390317_IN_AM_ME,99199,20.63%,
8T,AR_SW_VF_yshaarj_yogg_cthun_1972332790669293_IN_IV_ME,99181,20.60%,
8T,AR_EC_VF_nzoth_yogg_cthun_3132875903205357_IN_AM_ME_DS,99171,20.59%,
8T,AR_EC_VF_yshaarj_nzoth_yogg_4014400761356269_IN_AM_ME,99151,20.57%,
8T,AR_SP_VF_nzoth_yogg_cthun_3132859058872301_IN_IV_DR,99116,20.53%,
8T,AR_EC_VF_nzoth_yogg_cthun_3132996162289645_IN_IV_DR,99104,20.51%,
8T,AR_EC_VF_nzoth_yogg_cthun_3132858723860461_IN_AM_DR,99099,20.51%,
8T,AR_SW_VF_yshaarj_nzoth_yogg_3977567188410349_IN_AM_DR,99016,20.40%,
8T,AR_SW_VF_nzoth_yogg_cthun_3132859058872301_IN_AM_ME,99000,20.38%,
8T,AR_SW_VF_nzoth_yogg_cthun_3132996162289645_IN_AM_ME,98993,20.38%,
8T,AR_SP_VF_yshaarj_nzoth_yogg_3977567188410349_IN_AM_DR,98949,20.32%,
8T,AR_SP_VF_nzoth_yogg_cthun_3132859797077997_IN_AM_ME,98947,20.32%,
8T,AR_EC_VF_nzoth_yogg_cthun_3150313470943213_IN_AM_DR,98945,20.32%,
8T,AR_SW_VF_nzoth_yogg_cthun_3150313470943213_IN_AM_ME,98891,20.25%,
8T,AR_SW_VF_nzoth_yogg_cthun_3132867380371437_IN_IV_DR,98862,20.22%,
8T,AR_EC_VF_nzoth_yogg_cthun_3150313470427117_IN_IV_ME,98841,20.19%,
8T,AR_SW_VF_nzoth_yogg_cthun_3132867313270765_IN_IV_DR,98839,20.19%,
8T,AR_EC_VF_yshaarj_nzoth_yogg_4014400761356269_IN_IV_ME,98828,20.18%,
8T,AR_EC_VF_nzoth_yogg_cthun_3132858790445037_IN_IV_DR,98802,20.14%,
8T,AR_EC_VF_nzoth_yogg_cthun_3132875970306029_IN_IV_DR_DS,98774,20.11%,
8T,AR_EC_VF_nzoth_yogg_cthun_3132859058872301_IN_AM_DR,98769,20.10%,
8T,AR_SP_VF_nzoth_yogg_cthun_3132875970306029_IN_IV_DR_DS,98719,20.04%,
8T,AR_EC_VF_yshaarj_yogg_cthun_1972332790669293_IN_AM_ME,98646,19.95%,
8T,AR_SW_VF_nzoth_yogg_cthun_3150313470943213_IN_IV_DR,98644,19.95%,
8T,AR_EC_VF_nzoth_yogg_cthun_3132859797077997_IN_AM_DR,98630,19.94%,
8T,AR_SW_VF_nzoth_yogg_cthun_3132859797077997_IN_IV_DR,98573,19.87%,
8T,AR_SP_VF_nzoth_yogg_cthun_3132996229390317_IN_AM_ME,98534,19.82%,
8T,AR_SW_VF_yshaarj_nzoth_yogg_3977567121309677_IN_AM_DR,98530,19.81%,
8T,AR_SP_VF_nzoth_yogg_cthun_3150313470427117_IN_IV_ME,98496,19.77%,
8T,AR_SP_VF_nzoth_yogg_cthun_3132858723860461_IN_AM_DR,98451,19.72%,
8T,AR_SP_VF_nzoth_yogg_cthun_3132858790961133_IN_AM_DR,98447,19.71%,
8T,AR_SP_VF_nzoth_yogg_cthun_3150313470943213_IN_AM_ME,98428,19.69%,
8T,AR_EC_VF_nzoth_yogg_cthun_3132996229390317_IN_AM_DR,98426,19.69%,
8T,AR_SP_VF_nzoth_yogg_cthun_3132858790445037_IN_IV_DR,98395,19.65%,
8T,AR_SW_VF_nzoth_yogg_cthun_3132858790445037_IN_AM_ME,98381,19.63%,
8T,AR_EC_VF_nzoth_yogg_cthun_3150313537527789_IN_AM_ME,98363,19.61%,
8T,AR_SW_VF_nzoth_yogg_cthun_3132996162805741_IN_AM_DR,98344,19.59%,
8T,AR_EC_VF_yshaarj_yogg_cthun_1972332790153197_IN_IV_ME,98257,19.48%,
8T,AR_SP_VF_nzoth_yogg_cthun_3132996162289645_IN_IV_DR,98222,19.44%,
8T,AR_SP_VF_nzoth_yogg_cthun_3150313537527789_IN_AM_ME,98191,19.40%,
8T,AR_EC_VF_nzoth_yogg_cthun_3132875903205357_IN_IV_DR_DS,98172,19.38%,
8T,AR_SP_VF_yshaarj_nzoth_yogg_4014400761356269_IN_IV_ME,98144,19.34%,
8T,AR_SP_VF_nzoth_yogg_cthun_3132875970306029_IN_AM_ME_DS,98102,19.29%,
8T,AR_EC_VF_yshaarj_yogg_cthun_1972332790669293_IN_IV_DR,98098,19.29%,
8T,AR_SW_VF_nzoth_yogg_cthun_3132875970306029_IN_AM_ME_DS,98051,19.23%,
8T,AR_SW_VF_nzoth_yogg_cthun_3132996229390317_IN_IV_DR,98043,19.22%,
8T,AR_EC_VF_yshaarj_yogg_cthun_1972332857253869_IN_IV_ME,98013,19.19%,
8T,AR_SW_VF_nzoth_yogg_cthun_3132875903205357_IN_AM_ME_DS,97972,19.14%,
8T,AR_SW_VF_nzoth_yogg_cthun_3150313537527789_IN_IV_ME,97922,19.07%,
8T,AR_EC_VF_nzoth_yogg_cthun_3132996162289645_IN_AM_DR,97896,19.04%,
8T,AR_SW_VF_nzoth_yogg_cthun_3132859058872301_IN_IV_DR,97842,18.98%,
8T,AR_EC_VF_nzoth_yogg_cthun_3150313537527789_IN_IV_DR,97831,18.96%,
8T,AR_EC_VF_nzoth_yogg_cthun_3132858790445037_IN_AM_DR,97821,18.95%,
8T,AR_SW_VF_nzoth_yogg_cthun_3132875903721453_IN_AM_DR_DS,97819,18.95%,
8T,AR_SP_VF_nzoth_yogg_cthun_3132858790445037_IN_AM_ME,97780,18.90%,
8T,AR_EC_VF_nzoth_yogg_cthun_3132867313270765_IN_AM_DR,97772,18.89%,
8T,AR_SP_VF_nzoth_yogg_cthun_3132996162805741_IN_AM_DR,97746,18.86%,
8T,AR_EC_VF_yshaarj_yogg_cthun_1972332790669293_IN_AM_DR,97717,18.83%,
8T,AR_SW_VF_nzoth_yogg_cthun_3132859797077997_IN_AM_DR,97673,18.77%,
8T,AR_SW_VF_nzoth_yogg_cthun_3150313470427117_IN_IV_ME,97665,18.76%,
8T,AR_SP_VF_yshaarj_nzoth_yogg_3977567121309677_IN_AM_DR,97651,18.75%,
8T,AR_SP_VF_nzoth_yogg_cthun_3132996162289645_IN_AM_ME,97649,18.74%,
8T,AR_SP_VF_nzoth_yogg_cthun_3150313537527789_IN_IV_DR,97598,18.68%,
8T,AR_SW_VF_yshaarj_yogg_cthun_1972332857253869_IN_IV_ME,97580,18.66%,
8T,AR_SP_VF_nzoth_yogg_cthun_3132859864178669_IN_AM_DR,97560,18.63%,
8T,AR_SW_VF_yshaarj_yogg_cthun_1972332790669293_IN_IV_DR,97559,18.63%,
8T,AR_SP_VF_nzoth_yogg_cthun_3132875903205357_IN_IV_DR_DS,97556,18.63%,
8T,AR_EC_VF_yshaarj_yogg_cthun_1972332857253869_IN_AM_ME,97536,18.60%,
8T,AR_SW_VF_yshaarj_nzoth_yogg_4014400761356269_IN_IV_ME,97493,18.55%,
8T,AR_SW_VF_nzoth_yogg_cthun_3132858723860461_IN_AM_DR,97479,18.54%,
8T,AR_SW_VF_yshaarj_yogg_cthun_1972332790669293_IN_AM_ME,97431,18.48%,
8T,AR_SW_VF_nzoth_yogg_cthun_3132867380371437_IN_AM_DR,97409,18.45%,
8T,AR_SW_VF_nzoth_yogg_cthun_3132875970306029_IN_IV_DR_DS,97318,18.34%,
8T,AR_EC_VF_nzoth_yogg_cthun_3150313470427117_IN_AM_ME,97298,18.32%,
8T,AR_SW_VF_nzoth_yogg_cthun_3132996162289645_IN_IV_DR,97179,18.17%,
8T,AR_SP_VF_yshaarj_yogg_cthun_1972332790669293_IN_IV_DR,97100,18.07%,
8T,AR_EC_VF_yshaarj_nzoth_yogg_3977567121825773_Mis_IV_ME,97059,18.03%,
8T,AR_SP_VF_nzoth_yogg_cthun_3132875903721453_IN_AM_DR_DS,97055,18.02%,
8T,AR_SW_VF_nzoth_yogg_cthun_3132867313270765_IN_AM_DR,97050,18.01%,
8T,AR_SP_VF_nzoth_yogg_cthun_3132867380371437_IN_AM_DR,97020,17.98%,
8T,AR_EC_VF_yshaarj_yogg_cthun_1972332790153197_IN_AM_ME,97015,17.97%,
8T,AR_SW_VF_nzoth_yogg_cthun_3132859864178669_IN_AM_DR,96981,17.93%,
8T,AR_SW_VF_nzoth_yogg_cthun_3132858790445037_IN_IV_DR,96974,17.92%,
8T,AR_SP_VF_nzoth_yogg_cthun_3132875903205357_IN_AM_ME_DS,96967,17.91%,
8T,AR_EC_VF_yshaarj_nzoth_yogg_3977567121825773_Mis_IV_DR,96965,17.91%,
8T,AR_EC_VF_nzoth_yogg_cthun_3132867313786861_Mis_IV_ME,96928,17.87%,
8T,AR_SW_VF_nzoth_yogg_cthun_3150313537527789_IN_AM_ME,96861,17.78%,
8T,AR_EC_VF_nzoth_yogg_cthun_3132875970306029_IN_AM_DR_DS,96832,17.75%,
8T,AR_EC_VF_nzoth_yogg_cthun_3132996162805741_Mis_IV_ME,96779,17.68%,
8T,AR_EC_VF_nzoth_yogg_cthun_3150313537527789_IN_AM_DR,96736,17.63%,
8T,AR_EC_VF_yshaarj_nzoth_yogg_4014400761356269_IN_AM_DR,96736,17.63%,
8T,AR_SP_VF_yshaarj_yogg_cthun_1972332790153197_IN_IV_ME,96725,17.62%,
8T,AR_SP_VF_yshaarj_yogg_cthun_1972332857253869_IN_IV_ME,96717,17.61%,
8T,AR_SW_VF_nzoth_yogg_cthun_3132996229390317_IN_AM_DR,96716,17.61%,
8T,AR_EC_VF_nzoth_yogg_cthun_3132859797594093_Mis_IV_ME,96672,17.55%,
8T,AR_SW_VF_yshaarj_nzoth_yogg_4014400761356269_IN_AM_ME,96592,17.46%,
8T,AR_SP_VF_nzoth_yogg_cthun_3132996229390317_IN_AM_DR,96585,17.45%,
8T,AR_SP_VF_yshaarj_nzoth_yogg_4014400761356269_IN_AM_ME,96561,17.42%,
8T,AR_SP_VF_nzoth_yogg_cthun_3132859797594093_Mis_IV_ME,96550,17.41%,
8T,AR_SP_VF_yshaarj_nzoth_yogg_3977567121825773_Mis_IV_ME,96528,17.38%,
8T,AR_SW_VF_nzoth_yogg_cthun_3132859058872301_IN_AM_DR,96528,17.38%,
8T,AR_EC_VF_yshaarj_nzoth_yogg_4014400761356269_IN_IV_DR,96441,17.27%,
8T,AR_EC_VF_yshaarj_nzoth_yogg_4014400827940845_IN_IV_ME,96430,17.26%,
8T,AR_SW_VF_nzoth_yogg_cthun_3132859797594093_Mis_IV_ME,96420,17.25%,
8T,AR_EC_VF_nzoth_yogg_cthun_3150313470427117_IN_IV_DR,96410,17.24%,
8T,AR_SW_VF_nzoth_yogg_cthun_3150313470427117_IN_AM_ME,96409,17.23%,
8T,AR_EC_VF_nzoth_yogg_cthun_3132859797594093_Mis_AM_ME,96407,17.23%,
8T,AR_EC_VF_nzoth_yogg_cthun_3132875903205357_IN_AM_DR_DS,96398,17.22%,
8T,AR_EC_VF_nzoth_yogg_cthun_3132858790961133_Mis_IV_ME,96397,17.22%,
8T,AR_SW_VF_yshaarj_yogg_cthun_1972332790153197_IN_IV_ME,96364,17.18%,
8T,AR_EC_VF_yshaarj_yogg_cthun_1972332790153197_IN_IV_DR,96359,17.17%,
8T,AR_SP_VF_yshaarj_yogg_cthun_1972332790669293_IN_AM_ME,96349,17.16%,
8T,AR_EC_VF_nzoth_yogg_cthun_3132867313786861_Mis_AM_ME,96344,17.16%,
8T,AR_SP_VF_nzoth_yogg_cthun_3150313470943213_IN_AM_DR,96329,17.14%,
8T,AR_SP_VF_nzoth_yogg_cthun_3132859058872301_IN_AM_DR,96315,17.12%,
8T,AR_EC_VF_yshaarj_yogg_cthun_1972332857253869_IN_IV_DR,96290,17.09%,
8T,AR_SP_VF_nzoth_yogg_cthun_3150313470427117_IN_AM_ME,96256,17.05%,
8T,AR_SW_VF_nzoth_yogg_cthun_3132875903205357_IN_IV_DR_DS,96249,17.04%,
8T,AR_SP_VF_nzoth_yogg_cthun_3132858790961133_Mis_IV_ME,96229,17.02%,
8T,AR_EC_VF_yshaarj_nzoth_yogg_4014400760840173_IN_AM_ME,96216,17.00%,
8T,AR_SW_VF_nzoth_yogg_cthun_3132858790445037_IN_AM_DR,96201,16.98%,
8T,AR_EC_VF_yshaarj_nzoth_yogg_4014400760840173_IN_IV_ME,96187,16.96%,
8T,AR_SP_VF_nzoth_yogg_cthun_3132859797077997_IN_AM_DR,96187,16.96%,
8T,AR_SW_VF_nzoth_yogg_cthun_3132867313786861_Mis_IV_ME,96173,16.95%,
8T,AR_SP_VF_nzoth_yogg_cthun_3150313470427117_IN_IV_DR,96130,16.90%,
8T,AR_SW_VF_yshaarj_yogg_cthun_1972332790669293_IN_AM_DR,96122,16.89%,
8T,AR_EC_VF_nzoth_yogg_cthun_3132859797594093_Mis_IV_DR,96105,16.87%,
8T,AR_EC_VF_yshaarj_nzoth_yogg_4014400827940845_IN_AM_ME,96047,16.79%,
8T,AR_EC_VF_yshaarj_nzoth_yogg_3977567121825773_Mis_AM_ME,96042,16.79%,
8T,AR_EC_VF_nzoth_yogg_cthun_3132875903721453_Mis_IV_ME_DS,96026,16.77%,
8T,AR_SW_VF_nzoth_yogg_cthun_3132858790961133_Mis_IV_ME,96021,16.76%,
8T,AR_SP_VF_nzoth_yogg_cthun_3132867313786861_Mis_IV_ME,96019,16.76%,
8T,AR_SP_VF_nzoth_yogg_cthun_3132996162289645_IN_AM_DR,95990,16.73%,
8T,AR_SP_VF_yshaarj_nzoth_yogg_4014400761356269_IN_IV_DR,95972,16.70%,
8T,AR_EC_VF_yshaarj_yogg_cthun_1972332790153197_IN_AM_DR,95968,16.70%,
8T,AR_SP_VF_yshaarj_nzoth_yogg_4014400827940845_IN_IV_ME,95948,16.67%,
8T,AR_SW_VF_yshaarj_nzoth_yogg_3977567121825773_Mis_IV_ME,95944,16.67%,
8T,AR_SW_VF_nzoth_yogg_cthun_3132875970306029_IN_AM_DR_DS,95934,16.66%,
8T,AR_SP_VF_nzoth_yogg_cthun_3132996162805741_Mis_IV_ME,95925,16.65%,
8T,AR_SP_VF_nzoth_yogg_cthun_3132867313270765_IN_AM_DR,95846,16.55%,
8T,AR_SP_VF_nzoth_yogg_cthun_3132858790445037_IN_AM_DR,95802,16.50%,
8T,AR_SW_VF_nzoth_yogg_cthun_3132996162289645_IN_AM_DR,95798,16.49%,
8T,AR_SW_VF_nzoth_yogg_cthun_3150313470943213_IN_AM_DR,95784,16.47%,
8T,AR_SW_VF_nzoth_yogg_cthun_3132996162805741_Mis_IV_ME,95746,16.43%,
8T,AR_EC_VF_nzoth_yogg_cthun_3132858723860461_Mis_IV_ME,95716,16.39%,
8T,AR_SP_VF_yshaarj_nzoth_yogg_3977567121825773_Mis_IV_DR,95570,16.21%,
8T,AR_EC_VF_yshaarj_yogg_cthun_1972332857253869_IN_AM_DR,95565,16.21%,
8T,AR_SP_VF_yshaarj_yogg_cthun_1972332857253869_IN_IV_DR,95564,16.21%,
8T,AR_SP_VF_nzoth_yogg_cthun_3132875970306029_IN_AM_DR_DS,95529,16.16%,
8T,AR_SP_VF_yshaarj_yogg_cthun_1972332790669293_IN_AM_DR,95456,16.08%,
8T,AR_SW_VF_yshaarj_nzoth_yogg_3977567121825773_Mis_AM_ME,95414,16.02%,
8T,AR_EC_VF_nzoth_yogg_cthun_3132858723860461_Mis_AM_ME,95327,15.92%,
8T,AR_SP_VF_yshaarj_nzoth_yogg_4014400760840173_IN_IV_ME,95312,15.90%,
8T,AR_SW_VF_nzoth_yogg_cthun_3150313537527789_IN_IV_DR,95298,15.88%,
8T,AR_SW_VF_nzoth_yogg_cthun_3132859797594093_Mis_AM_ME,95280,15.86%,
8T,AR_SW_VF_nzoth_yogg_cthun_3132875903721453_Mis_IV_ME_DS,95268,15.85%,
8T,AR_EC_VF_nzoth_yogg_cthun_3132996162805741_Mis_AM_ME,95261,15.84%,
8T,AR_SP_VF_yshaarj_yogg_cthun_1972332790153197_IN_IV_DR,95239,15.81%,
8T,AR_EC_VF_nzoth_yogg_cthun_3132867313786861_Mis_IV_DR,95237,15.81%,
8T,AR_EC_VF_nzoth_yogg_cthun_3150313470427117_IN_AM_DR,95184,15.74%,
8T,AR_SW_VF_nzoth_yogg_cthun_3132858723860461_Mis_IV_ME,95174,15.73%,
8T,AR_SW_VF_nzoth_yogg_cthun_3132859797594093_Mis_IV_DR,95157,15.71%,
8T,AR_SW_VF_nzoth_yogg_cthun_3132867313786861_Mis_AM_ME,95094,15.64%,
8T,AR_SW_VF_yshaarj_yogg_cthun_1972332857253869_IN_IV_DR,95094,15.63%,
8T,AR_SW_VF_nzoth_yogg_cthun_3132867313786861_Mis_IV_DR,95026,15.55%,
8T,AR_SW_VF_nzoth_yogg_cthun_3150313470427117_IN_IV_DR,94996,15.52%,
8T,AR_SW_VF_yshaarj_nzoth_yogg_3977567121825773_Mis_IV_DR,94980,15.50%,
8T,AR_EC_VF_nzoth_yogg_cthun_3132858790961133_Mis_AM_ME,94974,15.49%,
8T,AR_SW_VF_yshaarj_yogg_cthun_1972332790153197_IN_AM_ME,94855,15.34%,
8T,AR_EC_VF_yshaarj_nzoth_yogg_3977567121309677_Mis_IV_ME,94824,15.31%,
8T,AR_SP_VF_nzoth_yogg_cthun_3132875903721453_Mis_IV_ME_DS,94803,15.28%,
8T,AR_EC_VF_nzoth_yogg_cthun_3132996229390317_Mis_IV_ME,94774,15.25%,
8T,AR_EC_VF_nzoth_yogg_cthun_3132858790961133_Mis_IV_DR,94757,15.23%,
8T,AR_SP_VF_yshaarj_yogg_cthun_1972332857253869_IN_AM_ME,94701,15.16%,
8T,AR_EC_VF_nzoth_yogg_cthun_3132859864178669_Mis_IV_ME,94668,15.12%,
8T,AR_EC_VF_yshaarj_nzoth_yogg_4014409351290861_IN_IV_ME_DS,94654,15.10%,
8T,AR_SW_VF_nzoth_yogg_cthun_3132996162805741_Mis_AM_ME,94616,15.05%,
8T,AR_EC_VF_nzoth_yogg_cthun_3132996162805741_Mis_IV_DR,94606,15.04%,
8T,AR_SW_VF_yshaarj_nzoth_yogg_4014400761356269_IN_IV_DR,94594,15.03%,
8T,AR_SP_VF_nzoth_yogg_cthun_3132996162805741_Mis_IV_DR,94585,15.02%,
8T,AR_EC_VF_yshaarj_nzoth_yogg_4014409351290861_IN_AM_ME_DS,94555,14.98%,
8T,AR_SW_VF_nzoth_yogg_cthun_3132996162805741_Mis_IV_DR,94534,14.95%,
8T,AR_SW_VF_yshaarj_yogg_cthun_1972332790153197_IN_AM_DR,94500,14.91%,
8T,AR_EC_VF_nzoth_yogg_cthun_3150313470943213_Mis_IV_ME,94498,14.91%,
8T,AR_EC_VF_yshaarj_nzoth_yogg_3977567188410349_Mis_IV_ME,94415,14.81%,
8T,AR_SP_VF_nzoth_yogg_cthun_3132858723860461_Mis_IV_ME,94412,14.81%,
8T,AR_EC_VF_nzoth_yogg_cthun_3132859058872301_Mis_IV_ME,94378,14.76%,
8T,AR_SP_VF_nzoth_yogg_cthun_3132875903205357_IN_AM_DR_DS,94374,14.76%,
8T,AR_SW_VF_yshaarj_yogg_cthun_1972332857253869_IN_AM_ME,94370,14.75%,
8T,AR_SP_VF_nzoth_yogg_cthun_3132859797594093_Mis_IV_DR,94361,14.74%,
8T,AR_SP_VF_yshaarj_nzoth_yogg_4014400761356269_IN_AM_DR,94333,14.71%,
8T,AR_SW_VF_yshaarj_yogg_cthun_1972332790153197_IN_IV_DR,94322,14.70%,
8T,AR_SP_VF_yshaarj_yogg_cthun_1972332790153197_IN_AM_ME,94306,14.68%,
8T,AR_SW_VF_yshaarj_nzoth_yogg_4014400827940845_IN_AM_ME,94267,14.63%,
8T,AR_EC_VF_nzoth_yogg_cthun_3132859797077997_Mis_IV_ME,94263,14.63%,
8T,AR_SW_VF_yshaarj_nzoth_yogg_4014400760840173_IN_IV_ME,94251,14.61%,
8T,AR_SW_VF_nzoth_yogg_cthun_3132875903205357_IN_AM_DR_DS,94222,14.57%,
8T,AR_SP_VF_nzoth_yogg_cthun_3150313537527789_IN_AM_DR,94218,14.57%,
8T,AR_SP_VF_nzoth_yogg_cthun_3132996229390317_Mis_IV_ME,94151,14.49%,
8T,AR_EC_VF_nzoth_yogg_cthun_3132875903721453_Mis_IV_DR_DS,94137,14.47%,
8T,AR_SP_VF_yshaarj_nzoth_yogg_4014400827940845_IN_AM_ME,94137,14.47%,
8T,AR_SP_VF_yshaarj_nzoth_yogg_3977567121825773_Mis_AM_ME,94123,14.45%,
8T,AR_EC_VF_nzoth_yogg_cthun_3132875903721453_Mis_AM_ME_DS,94027,14.34%,
8T,AR_EC_VF_yshaarj_nzoth_yogg_4014400827940845_IN_AM_DR,94018,14.33%,
8T,AR_EC_VF_nzoth_yogg_cthun_3132867313786861_Mis_AM_DR,93976,14.28%,
8T,AR_EC_VF_nzoth_yogg_cthun_3132996162289645_Mis_IV_ME,93971,14.27%,
8T,AR_EC_VF_yshaarj_nzoth_yogg_4014400827940845_IN_IV_DR,93964,14.26%,
8T,AR_EC_VF_nzoth_yogg_cthun_3132996162805741_Mis_AM_DR,93963,14.26%,
8T,AR_EC_VF_nzoth_yogg_cthun_3132867380371437_Mis_IV_ME,93958,14.25%,
8T,AR_EC_VF_yshaarj_nzoth_yogg_3977567188410349_Mis_IV_DR,93941,14.23%,
8T,AR_SW_VF_nzoth_yogg_cthun_3150313470943213_Mis_IV_ME,93937,14.23%,
8T,AR_EC_VF_nzoth_yogg_cthun_3132859797594093_Mis_AM_DR,93909,14.19%,
8T,AR_SP_VF_nzoth_yogg_cthun_3132867313786861_Mis_AM_ME,93896,14.18%,
8T,AR_SP_VF_nzoth_yogg_cthun_3132859864178669_Mis_IV_ME,93884,14.16%,
8T,AR_SW_VF_yshaarj_nzoth_yogg_4014400827940845_IN_IV_ME,93866,14.14%,
8T,AR_EC_VF_yshaarj_nzoth_yogg_4014400760840173_IN_IV_DR,93843,14.11%,
8T,AR_EC_VF_yshaarj_nzoth_yogg_3977567121825773_Mis_AM_DR,93840,14.11%,
8T,AR_SW_VF_yshaarj_yogg_cthun_1972332857253869_IN_AM_DR,93797,14.06%,
8T,AR_EC_VF_nzoth_yogg_cthun_3132867380371437_Mis_AM_ME,93793,14.05%,
8T,AR_EC_VF_yshaarj_yogg_cthun_1972332790669293_Mis_IV_ME,93778,14.04%,
8T,AR_SP_VF_yshaarj_nzoth_yogg_4014400760840173_IN_IV_DR,93777,14.03%,
8T,AR_SP_VF_nzoth_yogg_cthun_3132996162805741_Mis_AM_ME,93770,14.03%,
8T,AR_SW_VF_nzoth_yogg_cthun_3132858790961133_Mis_IV_DR,93726,13.97%,
8T,AR_EC_VF_nzoth_yogg_cthun_3132867313270765_Mis_IV_ME,93723,13.97%,
8T,AR_EC_VF_yshaarj_nzoth_yogg_4014400760840173_IN_AM_DR,93705,13.95%,
8T,AR_SP_VF_yshaarj_nzoth_yogg_4014409351290861_IN_IV_ME_DS,93688,13.93%,
8T,AR_SW_VF_nzoth_yogg_cthun_3132858790961133_Mis_AM_ME,93681,13.92%,
8T,AR_SW_VF_yshaarj_nzoth_yogg_4014400761356269_IN_AM_DR,93664,13.90%,
8T,AR_SP_VF_nzoth_yogg_cthun_3132867380371437_Mis_IV_ME,93633,13.86%,
8T,AR_EC_VF_yshaarj_nzoth_yogg_4014409351290861_IN_IV_DR_DS,93631,13.86%,
8T,AR_SW_VF_nzoth_yogg_cthun_3132996229390317_Mis_IV_ME,93611,13.83%,
8T,AR_SP_VF_nzoth_yogg_cthun_3132867313786861_Mis_IV_DR,93605,13.82%,
8T,AR_EC_VF_nzoth_yogg_cthun_3132858790445037_Mis_IV_ME,93556,13.77%,
8T,AR_EC_VF_nzoth_yogg_cthun_3132859058872301_Mis_AM_ME,93511,13.71%,
8T,AR_SP_VF_nzoth_yogg_cthun_3150313470943213_Mis_IV_ME,93486,13.68%,
8T,AR_SW_VF_nzoth_yogg_cthun_3150313537527789_IN_AM_DR,93473,13.66%,
8T,AR_SP_VF_nzoth_yogg_cthun_3132858790961133_Mis_IV_DR,93469,13.66%,
8T,AR_EC_VF_yshaarj_nzoth_yogg_3977567188410349_Mis_AM_ME,93433,13.62%,
8T,AR_SW_VF_nzoth_yogg_cthun_3132859058872301_Mis_IV_ME,93395,13.57%,
8T,AR_SP_VF_yshaarj_nzoth_yogg_4014400827940845_IN_IV_DR,93382,13.55%,
8T,AR_SW_VF_nzoth_yogg_cthun_3132858723860461_Mis_IV_DR,93374,13.54%,
8T,AR_EC_VF_nzoth_yogg_cthun_3132996229390317_Mis_AM_ME,93346,13.51%,
8T,AR_SP_VF_nzoth_yogg_cthun_3132859797594093_Mis_AM_ME,93321,13.48%,
8T,AR_EC_VF_nzoth_yogg_cthun_3132858723860461_Mis_IV_DR,93309,13.47%,
8T,AR_EC_VF_yshaarj_nzoth_yogg_3977567121309677_Mis_IV_DR,93308,13.46%,
8T,AR_SP_VF_nzoth_yogg_cthun_3132859058872301_Mis_IV_ME,93291,13.44%,
8T,AR_EC_VF_nzoth_yogg_cthun_3132996229390317_Mis_IV_DR,93247,13.39%,
8T,AR_EC_VF_nzoth_yogg_cthun_3132867313270765_Mis_AM_ME,93244,13.39%,
8T,AR_SP_VF_nzoth_yogg_cthun_3132858790961133_Mis_AM_ME,93186,13.32%,
8T,AR_SP_VF_nzoth_yogg_cthun_3132875903721453_Mis_IV_DR_DS,93183,13.31%,
8T,AR_EC_VF_nzoth_yogg_cthun_3132859864178669_Mis_AM_ME,93176,13.30%,
8T,AR_EC_VF_nzoth_yogg_cthun_3132859797077997_Mis_AM_ME,93153,13.27%,
8T,AR_SP_VF_yshaarj_yogg_cthun_1972332857253869_IN_AM_DR,93147,13.27%,
8T,AR_SP_VF_nzoth_yogg_cthun_3132867313270765_Mis_IV_ME,93142,13.26%,
8T,AR_EC_VF_nzoth_yogg_cthun_3150313470943213_Mis_IV_DR,93141,13.26%,
8T,AR_SP_VF_yshaarj_yogg_cthun_1972332790153197_IN_AM_DR,93080,13.19%,
8T,AR_SP_VF_nzoth_yogg_cthun_3150313470427117_IN_AM_DR,93079,13.19%,
8T,AR_EC_VF_yshaarj_nzoth_yogg_4013851005542381_IN_AM_ME,93078,13.18%,
8T,AR_EC_VF_nzoth_yogg_cthun_3132859864178669_Mis_IV_DR,93070,13.17%,
8T,AR_SW_VF_nzoth_yogg_cthun_3132858723860461_Mis_AM_ME,93062,13.16%,
8T,AR_EC_VF_yshaarj_yogg_cthun_1973432302297069_IN_AM_ME,93035,13.13%,
8T,AR_SW_VF_yshaarj_nzoth_yogg_3977567188410349_Mis_IV_ME,93017,13.11%,
8T,AR_SW_VF_nzoth_yogg_cthun_3132859797077997_Mis_IV_ME,93004,13.09%,
8T,AR_SW_VF_nzoth_yogg_cthun_3132859797594093_Mis_AM_DR,92964,13.05%,
8T,AR_EC_VF_nzoth_yogg_cthun_3150313470943213_Mis_AM_ME,92953,13.03%,
8T,AR_SP_VF_yshaarj_nzoth_yogg_4014409351290861_IN_IV_DR_DS,92949,13.03%,
8T,AR_SW_VF_yshaarj_nzoth_yogg_4014409351290861_IN_IV_ME_DS,92943,13.02%,
8T,AR_SW_VF_yshaarj_nzoth_yogg_4014400760840173_IN_AM_ME,92938,13.01%,
8T,AR_SW_VF_yshaarj_nzoth_yogg_3977567121309677_Mis_IV_ME,92914,12.98%,
8T,AR_SP_VF_yshaarj_nzoth_yogg_3977567188410349_Mis_IV_ME,92881,12.94%,
8T,AR_EC_VF_yshaarj_nzoth_yogg_4014409351290861_IN_AM_DR_DS,92859,12.92%,
8T,AR_SW_VF_nzoth_yogg_cthun_3132858790445037_Mis_IV_ME,92839,12.89%,
8T,AR_SW_VF_nzoth_yogg_cthun_3132867380371437_Mis_IV_ME,92831,12.88%,
8T,AR_EC_VF_nzoth_yogg_cthun_3150313537527789_Mis_IV_ME,92782,12.82%,
8T,AR_SP_VF_nzoth_yogg_cthun_3132858723860461_Mis_IV_DR,92773,12.81%,
8T,AR_SP_VF_yshaarj_nzoth_yogg_3977567121309677_Mis_IV_ME,92757,12.79%,
8T,AR_EC_VF_nzoth_yogg_cthun_3132875970306029_Mis_IV_ME_DS,92741,12.77%,
8T,AR_SW_VF_nzoth_yogg_cthun_3132875903721453_Mis_IV_DR_DS,92730,12.76%,
8T,AR_SP_VF_yshaarj_nzoth_yogg_3977567188410349_Mis_IV_DR,92708,12.73%,
8T,AR_EC_VF_nzoth_yogg_cthun_3132858790445037_Mis_AM_ME,92700,12.72%,
8T,AR_EC_VF_yshaarj_nzoth_yogg_4013851005542381_IN_IV_ME,92673,12.69%,
8T,AR_SP_VF_nzoth_yogg_cthun_3132996162289645_Mis_IV_ME,92664,12.68%,
8T,AR_SW_VF_yshaarj_nzoth_yogg_3977567121309677_Mis_IV_DR,92661,12.68%,
8T,AR_SW_VF_nzoth_yogg_cthun_3132867313270765_Mis_IV_ME,92638,12.65%,
8T,AR_SP_VF_yshaarj_nzoth_yogg_4014400760840173_IN_AM_ME,92633,12.64%,
8T,AR_EC_VF_nzoth_yogg_cthun_3132867380371437_Mis_IV_DR,92615,12.62%,
8T,AR_SP_VF_nzoth_yogg_cthun_3132867313786861_Mis_AM_DR,92595,12.60%,
8T,AR_EC_VF_yshaarj_yogg_cthun_1972332790669293_Mis_AM_ME,92579,12.58%,
8T,AR_SW_VF_nzoth_yogg_cthun_3150313470427117_IN_AM_DR,92564,12.56%,
8T,AR_EC_VF_nzoth_yogg_cthun_3132996162289645_Mis_AM_ME,92551,12.54%,
8T,AR_SP_VF_nzoth_yogg_cthun_3132859797594093_Mis_AM_DR,92549,12.54%,
8T,AR_SW_VF_nzoth_yogg_cthun_3132875903721453_Mis_AM_ME_DS,92534,12.52%,
8T,AR_EC_VF_nzoth_yogg_cthun_3132859058872301_Mis_IV_DR,92527,12.51%,
8T,AR_SW_VF_nzoth_yogg_cthun_3132859864178669_Mis_AM_ME,92485,12.46%,
8T,AR_SW_VF_yshaarj_nzoth_yogg_4014400760840173_IN_IV_DR,92464,12.44%,
8T,AR_SW_VF_nzoth_yogg_cthun_3132859864178669_Mis_IV_ME,92455,12.43%,
8T,AR_SP_VF_nzoth_yogg_cthun_3132858790445037_Mis_IV_ME,92428,12.39%,
8T,AR_SW_VF_yshaarj_nzoth_yogg_4014409351290861_IN_AM_ME_DS,92418,12.38%,
8T,AR_EC_VF_yshaarj_nzoth_yogg_3977567121309677_Mis_AM_ME,92415,12.38%,
8T,AR_SW_VF_nzoth_yogg_cthun_3132867380371437_Mis_AM_ME,92396,12.35%,
8T,AR_EC_VF_yshaarj_yogg_cthun_1973432302297069_IN_AM_DR,92392,12.35%,
8T,AR_EC_VF_nzoth_yogg_cthun_3132875903205357_Mis_IV_ME_DS,92386,12.34%,
8T,AR_EC_VF_nzoth_yogg_cthun_3169151197503469_IN_AM_ME,92384,12.34%,
8T,AR_SP_VF_yshaarj_nzoth_yogg_4014409351290861_IN_AM_ME_DS,92319,12.26%,
8T,AR_SP_VF_nzoth_yogg_cthun_3132867380371437_Mis_IV_DR,92308,12.25%,
8T,AR_EC_VF_yshaarj_nzoth_yogg_4013576127635437_IN_IV_ME,92301,12.24%,
8T,AR_SP_VF_nzoth_yogg_cthun_3132867380371437_Mis_AM_ME,92278,12.21%,
8T,AR_SP_VF_nzoth_yogg_cthun_3132875903721453_Mis_AM_ME_DS,92278,12.21%,
8T,AR_EC_VF_nzoth_yogg_cthun_3132867313270765_Mis_IV_DR,92272,12.20%,
8T,AR_SW_VF_yshaarj_yogg_cthun_1972332790669293_Mis_IV_DR,92264,12.19%,
8T,AR_EC_VF_yshaarj_yogg_cthun_1972332790669293_Mis_IV_DR,92233,12.16%,
8T,AR_SW_VF_yshaarj_nzoth_yogg_3977567121825773_Mis_AM_DR,92225,12.15%,
8T,AR_SP_VF_nzoth_yogg_cthun_3132858723860461_Mis_AM_ME,92213,12.13%,
8T,AR_SW_VF_yshaarj_nzoth_yogg_4014400827940845_IN_IV_DR,92209,12.13%,
8T,AR_SP_VF_yshaarj_nzoth_yogg_4014409417875437_IN_IV_ME_DS,92194,12.11%,
8T,AR_SP_VF_nzoth_yogg_cthun_3132875903205357_Mis_IV_ME_DS,92172,12.08%,
8T,AR_EC_VF_nzoth_yogg_cthun_3132858790961133_Mis_AM_DR,92131,12.03%,
8T,AR_SW_VF_nzoth_yogg_cthun_3132875970306029_Mis_IV_ME_DS,92098,11.99%,
8T,AR_EC_VF_yshaarj_yogg_cthun_1973432302297069_IN_IV_DR,92096,11.99%,
8T,AR_SW_VF_nzoth_yogg_cthun_3132996162805741_Mis_AM_DR,92084,11.98%,
8T,AR_SW_VF_yshaarj_nzoth_yogg_3977567188410349_Mis_AM_ME,92071,11.96%,
8T,AR_SW_VF_nzoth_yogg_cthun_3132867313786861_Mis_AM_DR,92043,11.93%,
8T,AR_SP_VF_yshaarj_yogg_cthun_1972332790669293_Mis_IV_ME,92041,11.92%,
8T,AR_SP_VF_nzoth_yogg_cthun_3132859797077997_Mis_IV_ME,92040,11.92%,
8T,AR_EC_VF_yshaarj_nzoth_yogg_4014409417875437_IN_AM_ME_DS,92030,11.91%,
8T,AR_SP_VF_nzoth_yogg_cthun_3132875970306029_Mis_IV_ME_DS,92010,11.88%,
8T,AR_SP_VF_nzoth_yogg_cthun_3169151197503469_IN_IV_ME,92009,11.88%,
8T,AR_EC_VF_nzoth_yogg_cthun_3132859797077997_Mis_IV_DR,92003,11.88%,
8T,AR_EC_VF_nzoth_yogg_cthun_3169151197503469_IN_IV_ME,91988,11.86%,
8T,AR_SP_VF_yshaarj_nzoth_yogg_3977567121825773_Mis_AM_DR,91988,11.86%,
8T,AR_SP_VF_nzoth_yogg_cthun_3132859864178669_Mis_IV_DR,91985,11.86%,
8T,AR_SW_VF_nzoth_yogg_cthun_3132996162289645_Mis_IV_ME,91973,11.84%,
8T,AR_EC_VF_nzoth_yogg_cthun_3132996162289645_Mis_IV_DR,91962,11.83%,
8T,AR_EC_VF_nzoth_yogg_cthun_3132875903721453_Mis_AM_DR_DS,91947,11.81%,
8T,AR_SW_VF_nzoth_yogg_cthun_3132996229390317_Mis_AM_ME,91946,11.81%,
8T,AR_SW_VF_yshaarj_nzoth_yogg_4014409351290861_IN_IV_DR_DS,91942,11.80%,
8T,AR_EC_VF_nzoth_yogg_cthun_3132859864178669_Mis_AM_DR,91935,11.79%,
8T,AR_EC_VF_yshaarj_nzoth_yogg_3977567188410349_Mis_AM_DR,91908,11.76%,
8T,AR_EC_VF_yshaarj_nzoth_yogg_4013851005542381_IN_IV_DR,91875,11.72%,
8T,AR_SW_VF_nzoth_yogg_cthun_3132858790961133_Mis_AM_DR,91841,11.68%,
8T,AR_EC_VF_yshaarj_nzoth_yogg_4013851005542381_IN_AM_DR,91837,11.67%,
8T,AR_EC_VF_yshaarj_nzoth_yogg_4014409417875437_IN_IV_ME_DS,91753,11.57%,
8T,AR_EC_VF_nzoth_yogg_cthun_3150313470427117_Mis_IV_ME,91747,11.56%,
8T,AR_SW_VF_nzoth_yogg_cthun_3132859864178669_Mis_IV_DR,91745,11.56%,
8T,AR_SW_VF_yshaarj_yogg_cthun_1972332790669293_Mis_IV_ME,91736,11.55%,
8T,AR_EC_VF_yshaarj_nzoth_yogg_4013576127635437_IN_AM_ME,91732,11.55%,
8T,AR_SW_VF_yshaarj_nzoth_yogg_3977567188410349_Mis_IV_DR,91726,11.54%,
8T,AR_EC_VF_nzoth_yogg_cthun_3132858790445037_Mis_IV_DR,91719,11.53%,
8T,AR_SP_VF_nzoth_yogg_cthun_3132996229390317_Mis_IV_DR,91684,11.49%,
8T,AR_SP_VF_yshaarj_nzoth_yogg_4014400827940845_IN_AM_DR,91663,11.46%,
8T,AR_EC_VF_nzoth_yogg_cthun_3132858723860461_Mis_AM_DR,91654,11.45%,
8T,AR_SP_VF_nzoth_yogg_cthun_3150313470943213_Mis_IV_DR,91653,11.45%,
8T,AR_SP_VF_yshaarj_nzoth_yogg_4014400760840173_IN_AM_DR,91633,11.43%,
8T,AR_EC_VF_nzoth_yogg_cthun_3132875970306029_Mis_AM_ME_DS,91615,11.40%,
8T,AR_EC_VF_yshaarj_yogg_cthun_1972332790669293_Mis_AM_DR,91614,11.40%,
8T,AR_EC_VF_yshaarj_nzoth_yogg_4014409350774765_IN_AM_ME_DS,91577,11.36%,
8T,AR_SW_VF_yshaarj_nzoth_yogg_4014400827940845_IN_AM_DR,91530,11.30%,
8T,AR_SP_VF_nzoth_yogg_cthun_3132996162805741_Mis_AM_DR,91522,11.29%,
8T,AR_EC_VF_yshaarj_nzoth_yogg_4014409350774765_IN_IV_ME_DS,91512,11.28%,
8T,AR_EC_VF_yshaarj_yogg_cthun_2043251290660845_IN_AM_ME,91499,11.26%,
8T,AR_SW_VF_nzoth_yogg_cthun_3132859797077997_Mis_AM_ME,91480,11.24%,
8T,AR_EC_VF_nzoth_yogg_cthun_3132875903205357_Mis_AM_ME_DS,91463,11.22%,
8T,AR_EC_VF_yshaarj_yogg_cthun_1973432301780973_IN_IV_ME,91458,11.21%,
8T,AR_EC_VF_yshaarj_yogg_cthun_1973432302297069_IN_IV_ME,91458,11.21%,
8T,AR_EC_VF_nzoth_yogg_cthun_3132996229390317_Mis_AM_DR,91445,11.20%,
8T,AR_EC_VF_yshaarj_yogg_cthun_1972332857253869_Mis_IV_ME,91429,11.18%,
8T,AR_SP_VF_yshaarj_nzoth_yogg_4013576127635437_IN_IV_ME,91419,11.17%,
8T,AR_EC_VF_nzoth_yogg_cthun_3132867380371437_Mis_AM_DR,91415,11.16%,
8T,AR_SW_VF_yshaarj_nzoth_yogg_4014400760840173_IN_AM_DR,91408,11.15%,
8T,AR_SP_VF_nzoth_yogg_cthun_3132859058872301_Mis_IV_DR,91399,11.14%,
8T,AR_SP_VF_yshaarj_nzoth_yogg_3977567121309677_Mis_IV_DR,91389,11.13%,
8T,AR_SP_VF_yshaarj_nzoth_yogg_4013851005542381_IN_IV_ME,91386,11.13%,
8T,AR_EC_VF_nzoth_yogg_cthun_3150313470943213_Mis_AM_DR,91368,11.10%,
8T,AR_EC_VF_yshaarj_yogg_cthun_1971370717994989_IN_AM_ME,91364,11.10%,
8T,AR_SP_VF_nzoth_yogg_cthun_3132867313270765_Mis_IV_DR,91360,11.10%,
8T,AR_SP_VF_yshaarj_yogg_cthun_1972332790669293_Mis_IV_DR,91354,11.09%,
8T,AR_SW_VF_yshaarj_yogg_cthun_1973432302297069_IN_AM_ME,91339,11.07%,
8T,AR_SW_VF_nzoth_yogg_cthun_3132867313270765_Mis_IV_DR,91325,11.05%,
8T,AR_SP_VF_yshaarj_nzoth_yogg_4013576127635437_IN_IV_DR,91317,11.04%,
8T,AR_SP_VF_yshaarj_yogg_cthun_1973432302297069_IN_IV_ME,91311,11.04%,
8T,AR_EC_VF_yshaarj_nzoth_yogg_4014400761356269_Mis_IV_ME,91302,11.02%,
8T,AR_SP_VF_nzoth_yogg_cthun_3132859864178669_Mis_AM_ME,91281,11.00%,
8T,AR_SW_VF_yshaarj_yogg_cthun_1973432302297069_IN_IV_ME,91271,10.99%,
8T,AR_EC_VF_nzoth_yogg_cthun_3150313537527789_Mis_AM_ME,91266,10.98%,
8T,AR_SW_VF_nzoth_yogg_cthun_3132859058872301_Mis_AM_ME,91248,10.96%,
8T,AR_SW_VF_nzoth_yogg_cthun_3150313470943213_Mis_AM_ME,91224,10.93%,
8T,AR_EC_VF_yshaarj_yogg_cthun_1973432301780973_IN_AM_ME,91222,10.93%,
8T,AR_SP_VF_nzoth_yogg_cthun_3150313470943213_Mis_AM_ME,91221,10.93%,
8T,AR_EC_VF_yshaarj_nzoth_yogg_4013576127635437_IN_AM_DR,91215,10.92%,
8T,AR_EC_VF_yshaarj_yogg_cthun_1973432368881645_IN_IV_ME,91208,10.91%,
8T,AR_SP_VF_nzoth_yogg_cthun_3132859058872301_Mis_AM_ME,91194,10.89%,
8T,AR_SW_VF_yshaarj_nzoth_yogg_3977567121309677_Mis_AM_ME,91184,10.88%,
8T,AR_SW_VF_nzoth_yogg_cthun_3150313470943213_Mis_IV_DR,91183,10.88%,
8T,AR_SW_VF_nzoth_yogg_cthun_3132875903205357_Mis_IV_ME_DS,91180,10.88%,
8T,AR_SP_VF_yshaarj_nzoth_yogg_4014409350774765_IN_IV_ME_DS,91178,10.87%,
8T,AR_SW_VF_nzoth_yogg_cthun_3150313537527789_Mis_IV_ME,91149,10.84%,
8T,AR_EC_VF_nzoth_yogg_cthun_3132875970306029_Mis_IV_DR_DS,91148,10.84%,
8T,AR_SW_VF_nzoth_yogg_cthun_3132867380371437_Mis_IV_DR,91145,10.83%,
8T,AR_SW_VF_nzoth_yogg_cthun_3132859797077997_Mis_IV_DR,91131,10.82%,
8T,AR_SW_VF_nzoth_yogg_cthun_3132859058872301_Mis_IV_DR,91123,10.81%,
8T,AR_EC_VF_yshaarj_yogg_cthun_1972332790153197_Mis_IV_ME,91110,10.79%,
8T,AR_EC_VF_yshaarj_nzoth_yogg_4013576127635437_IN_IV_DR,91098,10.78%,
8T,AR_SW_VF_yshaarj_yogg_cthun_1973432302297069_IN_IV_DR,91054,10.72%,
8T,AR_SW_VF_nzoth_yogg_cthun_3169151197503469_IN_IV_ME,91053,10.72%,
8T,AR_EC_VF_yshaarj_yogg_cthun_1972332790153197_Mis_IV_DR,91038,10.70%,
8T,AR_SW_VF_nzoth_yogg_cthun_3132996162289645_Mis_IV_DR,91036,10.70%,
8T,AR_SW_VF_nzoth_yogg_cthun_3132875903721453_Mis_AM_DR_DS,91026,10.69%,
8T,AR_EC_VF_yshaarj_nzoth_yogg_4013851005026285_IN_IV_ME,91019,10.68%,
8T,AR_SP_VF_nzoth_yogg_cthun_3132996229390317_Mis_AM_ME,91015,10.67%,
8T,AR_SW_VF_nzoth_yogg_cthun_3132996229390317_Mis_IV_DR,91010,10.67%,
8T,AR_EC_VF_nzoth_yogg_cthun_3169151197503469_IN_IV_DR,91001,10.66%,
8T,AR_EC_VF_yshaarj_yogg_cthun_2043251290660845_IN_IV_ME,90979,10.63%,
8T,AR_SW_VF_nzoth_yogg_cthun_3132867313270765_Mis_AM_ME,90966,10.62%,
8T,AR_SP_VF_nzoth_yogg_cthun_3132867313270765_Mis_AM_ME,90960,10.61%,
8T,AR_EC_VF_yshaarj_nzoth_yogg_4013851072126957_IN_AM_ME,90950,10.60%,
8T,AR_SW_VF_nzoth_yogg_cthun_3132996162289645_Mis_AM_ME,90948,10.59%,
8T,AR_SP_VF_nzoth_yogg_cthun_3132859797077997_Mis_IV_DR,90935,10.58%,
8T,AR_SP_VF_nzoth_yogg_cthun_3150313537527789_Mis_IV_ME,90921,10.56%,
8T,AR_SP_VF_yshaarj_nzoth_yogg_4013851005542381_IN_IV_DR,90920,10.56%,
8T,AR_SW_VF_yshaarj_nzoth_yogg_4013576127635437_IN_IV_ME,90913,10.55%,
8T,AR_SP_VF_nzoth_yogg_cthun_3132875970306029_Mis_AM_ME_DS,90913,10.55%,
8T,AR_SP_VF_nzoth_yogg_cthun_3132858790961133_Mis_AM_DR,90895,10.53%,
8T,AR_EC_VF_nzoth_yogg_cthun_3169151197503469_IN_AM_DR,90894,10.53%,
8T,AR_EC_VF_yshaarj_yogg_cthun_1971233346150381_IN_AM_ME,90889,10.52%,
8T,AR_SW_VF_nzoth_yogg_cthun_3132858723860461_Mis_AM_DR,90879,10.51%,
8T,AR_EC_VF_yshaarj_yogg_cthun_1971233346150381_IN_IV_ME,90874,10.50%,
8T,AR_SP_VF_yshaarj_nzoth_yogg_3977567188410349_Mis_AM_ME,90864,10.49%,
8T,AR_SW_VF_nzoth_yogg_cthun_3169151197503469_IN_AM_ME,90863,10.49%,
8T,AR_EC_VF_yshaarj_yogg_cthun_1971234352783341_IN_IV_ME,90824,10.44%,
8T,AR_SW_VF_nzoth_yogg_cthun_3132858790445037_Mis_AM_ME,90817,10.43%,
8T,AR_SP_VF_nzoth_yogg_cthun_3132996162289645_Mis_IV_DR,90809,10.42%,
8T,AR_EC_VF_yshaarj_yogg_cthun_1973432301780973_IN_AM_DR,90767,10.37%,
8T,AR_EC_VF_yshaarj_yogg_cthun_2043251290660845_IN_AM_DR,90767,10.37%,
8T,AR_EC_VF_nzoth_yogg_cthun_3150313470427117_Mis_AM_ME,90743,10.34%,
8T,AR_EC_VF_yshaarj_yogg_cthun_1971234352783341_IN_AM_ME,90742,10.34%,
8T,AR_EC_VF_yshaarj_yogg_cthun_1971233279049709_IN_AM_DR,90725,10.32%,
8T,AR_EC_VF_nzoth_yogg_cthun_3132867313270765_Mis_AM_DR,90717,10.31%,
8T,AR_EC_VF_yshaarj_nzoth_yogg_4014409417875437_IN_IV_DR_DS,90708,10.30%,
8T,AR_EC_VF_yshaarj_yogg_cthun_2043251290660845_IN_IV_DR,90703,10.30%,
8T,AR_SP_VF_yshaarj_nzoth_yogg_4014409417875437_IN_AM_ME_DS,90697,10.29%,
8T,AR_EC_VF_yshaarj_nzoth_yogg_4013851072126957_IN_IV_ME,90644,10.22%,
8T,AR_SW_VF_yshaarj_nzoth_yogg_3977567188410349_Mis_AM_DR,90644,10.22%,
8T,AR_EC_VF_yshaarj_nzoth_yogg_4014409350774765_IN_IV_DR_DS,90622,10.20%,
8T,AR_SW_VF_yshaarj_yogg_cthun_1972332790669293_Mis_AM_ME,90616,10.19%,
8T,AR_EC_VF_yshaarj_nzoth_yogg_4014400761356269_Mis_AM_ME,90610,10.18%,
8T,AR_EC_VF_yshaarj_yogg_cthun_1971233279049709_IN_IV_ME,90594,10.16%,
8T,AR_EC_VF_nzoth_yogg_cthun_3132859797077997_Mis_AM_DR,90571,10.14%,
8T,AR_SP_VF_yshaarj_nzoth_yogg_4014409351290861_IN_AM_DR_DS,90570,10.13%,
8T,AR_SP_VF_yshaarj_yogg_cthun_1973432302297069_IN_IV_DR,90564,10.13%,
8T,AR_SP_VF_yshaarj_yogg_cthun_2043251290660845_IN_IV_ME,90560,10.12%,
8T,AR_SP_VF_nzoth_yogg_cthun_3169151197503469_IN_IV_DR,90545,10.10%,
8T,AR_SW_VF_nzoth_yogg_cthun_3132859864178669_Mis_AM_DR,90528,10.08%,
8T,AR_EC_VF_yshaarj_yogg_cthun_1971233279049709_IN_IV_DR,90522,10.08%,
8T,AR_SP_VF_nzoth_yogg_cthun_3132996162289645_Mis_AM_ME,90515,10.07%,
8T,AR_EC_VF_yshaarj_yogg_cthun_2043251357245421_IN_AM_ME,90508,10.06%,
8T,AR_SP_VF_yshaarj_yogg_cthun_1973432302297069_IN_AM_ME,90493,10.04%,
8T,AR_SP_VF_yshaarj_nzoth_yogg_4014409350774765_IN_IV_DR_DS,90489,10.04%,
8T,AR_EC_VF_yshaarj_yogg_cthun_1971234352783341_IN_IV_DR,90484,10.03%,
8T,AR_SW_VF_yshaarj_yogg_cthun_1972332790669293_Mis_AM_DR,90475,10.02%,
8T,AR_SP_VF_nzoth_yogg_cthun_3132858723860461_Mis_AM_DR,90474,10.02%,
8T,AR_EC_VF_nzoth_yogg_cthun_3150313537527789_Mis_IV_DR,90466,10.01%,
8T,AR_SP_VF_nzoth_yogg_cthun_3132858790445037_Mis_IV_DR,90458,10.00%,
8T,AR_EC_VF_yshaarj_yogg_cthun_1971233346150381_IN_IV_DR,90451,9.99%,
8T,AR_SW_VF_yshaarj_yogg_cthun_1973432368881645_IN_IV_ME,90446,9.98%,
8T,AR_EC_VF_yshaarj_yogg_cthun_1973432368881645_IN_AM_ME,90444,9.98%,
8T,AR_SW_VF_nzoth_yogg_cthun_3132875970306029_Mis_AM_ME_DS,90442,9.98%,
8T,AR_SW_VF_yshaarj_nzoth_yogg_4013851005542381_IN_AM_ME,90436,9.97%,
8T,AR_SP_VF_yshaarj_nzoth_yogg_4014409417875437_IN_IV_DR_DS,90435,9.97%,
8T,AR_EC_VF_yshaarj_yogg_cthun_1971234352783341_IN_AM_DR,90426,9.96%,
8T,AR_SW_VF_nzoth_yogg_cthun_3132858790445037_Mis_IV_DR,90424,9.96%,
8T,AR_SW_VF_yshaarj_nzoth_yogg_4014409417875437_IN_IV_ME_DS,90422,9.95%,
8T,AR_EC_VF_yshaarj_nzoth_yogg_4014400761356269_Mis_IV_DR,90409,9.94%,
8T,AR_EC_VF_yshaarj_nzoth_yogg_4013576127119341_IN_AM_DR,90391,9.92%,
8T,AR_EC_VF_nzoth_yogg_cthun_3132859058872301_Mis_AM_DR,90375,9.90%,
8T,AR_EC_VF_yshaarj_yogg_cthun_1971370717994989_IN_IV_ME,90360,9.88%,
8T,AR_SP_VF_nzoth_yogg_cthun_3132875903721453_Mis_AM_DR_DS,90347,9.86%,
8T,AR_EC_VF_yshaarj_nzoth_yogg_4014409350774765_IN_AM_DR_DS,90341,9.86%,
8T,AR_SW_VF_yshaarj_nzoth_yogg_4014409417875437_IN_AM_ME_DS,90327,9.84%,
8T,AR_EC_VF_yshaarj_yogg_cthun_1973432368881645_IN_AM_DR,90324,9.83%,
8T,AR_SW_VF_yshaarj_yogg_cthun_1972332790153197_Mis_IV_ME,90305,9.81%,
8T,AR_SP_VF_yshaarj_nzoth_yogg_3977567121309677_Mis_AM_ME,90286,9.79%,
8T,AR_EC_VF_nzoth_yogg_cthun_3169159787438061_IN_IV_DR_DS,90284,9.79%,
8T,AR_SP_VF_nzoth_yogg_cthun_3150313470427117_Mis_IV_ME,90244,9.74%,
8T,AR_SW_VF_yshaarj_yogg_cthun_1972332857253869_Mis_IV_ME,90231,9.72%,
8T,AR_SW_VF_nzoth_yogg_cthun_3132867380371437_Mis_AM_DR,90220,9.71%,
8T,AR_EC_VF_yshaarj_yogg_cthun_1971233279049709_IN_AM_ME,90198,9.68%,
8T,AR_EC_VF_yshaarj_yogg_cthun_1972332857253869_Mis_IV_DR,90192,9.67%,
8T,AR_EC_VF_yshaarj_nzoth_yogg_4013576194220013_IN_IV_ME,90184,9.66%,
8T,AR_EC_VF_yshaarj_yogg_cthun_1971233346150381_IN_AM_DR,90175,9.65%,
8T,AR_SW_VF_yshaarj_yogg_cthun_1971234352783341_IN_IV_DR,90171,9.65%,
8T,AR_EC_VF_yshaarj_yogg_cthun_1972332790153197_Mis_AM_ME,90170,9.65%,
8T,AR_EC_VF_yshaarj_nzoth_yogg_3977567121309677_Mis_AM_DR,90160,9.64%,
8T,AR_SW_VF_nzoth_yogg_cthun_3132875970306029_Mis_IV_DR_DS,90142,9.61%,
8T,AR_SP_VF_yshaarj_yogg_cthun_1972332790669293_Mis_AM_ME,90132,9.60%,
8T,AR_SW_VF_yshaarj_yogg_cthun_1971233346150381_IN_IV_ME,90126,9.59%,
8T,AR_EC_VF_nzoth_yogg_cthun_3169151264088045_IN_IV_DR,90111,9.58%,
8T,AR_EC_VF_yshaarj_nzoth_yogg_4013576194220013_IN_AM_ME,90095,9.56%,
8T,AR_EC_VF_yshaarj_yogg_cthun_1971370717994989_IN_AM_DR,90085,9.54%,
8T,AR_SW_VF_yshaarj_yogg_cthun_1971370717994989_IN_IV_ME,90068,9.52%,
8T,AR_EC_VF_yshaarj_yogg_cthun_1973432301780973_IN_IV_DR,90058,9.51%,
8T,AR_EC_VF_yshaarj_yogg_cthun_1973432368881645_IN_IV_DR,90058,9.51%,
8T,AR_EC_VF_yshaarj_nzoth_yogg_4013851005026285_IN_AM_ME,90041,9.49%,
8T,AR_SW_VF_yshaarj_nzoth_yogg_4013576127635437_IN_AM_ME,90040,9.49%,
8T,AR_SP_VF_yshaarj_nzoth_yogg_4014400761356269_Mis_IV_ME,90039,9.49%,
8T,AR_SW_VF_yshaarj_yogg_cthun_1973432302297069_IN_AM_DR,90034,9.48%,
8T,AR_SP_VF_yshaarj_yogg_cthun_1973432301780973_IN_IV_DR,90033,9.48%,
8T,AR_EC_VF_nzoth_yogg_cthun_3132875970306029_Mis_AM_DR_DS,90028,9.47%,
8T,AR_SW_VF_yshaarj_nzoth_yogg_4013851005542381_IN_IV_DR,90022,9.47%,
8T,AR_EC_VF_yshaarj_nzoth_yogg_4013851005026285_IN_AM_DR,90021,9.47%,
8T,AR_SW_VF_yshaarj_yogg_cthun_2043251290660845_IN_IV_ME,90001,9.44%,
8T,AR_SP_VF_yshaarj_nzoth_yogg_4013851005542381_IN_AM_ME,89997,9.44%,
8T,AR_SW_VF_nzoth_yogg_cthun_3150313470427117_Mis_IV_ME,89987,9.42%,
8T,AR_EC_VF_yshaarj_nzoth_yogg_4013438688681965_IN_AM_ME,89983,9.42%,
8T,AR_EC_VF_nzoth_yogg_cthun_3169159787438061_IN_AM_ME_DS,89982,9.42%,
8T,AR_EC_VF_yshaarj_nzoth_yogg_4013301316837357_IN_AM_ME,89979,9.42%,
8T,AR_EC_VF_nzoth_yogg_cthun_3132875903205357_Mis_IV_DR_DS,89968,9.40%,
8T,AR_SW_VF_yshaarj_yogg_cthun_1971234352783341_IN_IV_ME,89961,9.39%,
8T,AR_SP_VF_yshaarj_yogg_cthun_2043251290660845_IN_IV_DR,89954,9.39%,
8T,AR_SW_VF_yshaarj_yogg_cthun_1971250458910701_IN_IV_ME_DS,89945,9.37%,
8T,AR_EC_VF_yshaarj_yogg_cthun_1972332857253869_Mis_AM_ME,89934,9.36%,
8T,AR_SP_VF_yshaarj_nzoth_yogg_4013851072126957_IN_IV_ME,89930,9.36%,
8T,AR_SW_VF_yshaarj_nzoth_yogg_4014400761356269_Mis_IV_ME,89903,9.32%,
8T,AR_SP_VF_nzoth_yogg_cthun_3132859797077997_Mis_AM_ME,89896,9.31%,
8T,AR_EC_VF_nzoth_yogg_cthun_3169151196987373_IN_AM_ME,89893,9.31%,
8T,AR_SP_VF_nzoth_yogg_cthun_3132858790445037_Mis_AM_ME,89890,9.31%,
8T,AR_SW_VF_yshaarj_yogg_cthun_1971233279049709_IN_IV_ME,89885,9.30%,
8T,AR_EC_VF_nzoth_yogg_cthun_3169151196987373_IN_IV_ME,89883,9.30%,
8T,AR_SW_VF_yshaarj_yogg_cthun_2043251290660845_IN_AM_DR,89872,9.29%,
8T,AR_SP_VF_nzoth_yogg_cthun_3169159787438061_IN_IV_ME_DS,89862,9.27%,
8T,AR_SP_VF_nzoth_yogg_cthun_3169151197503469_IN_AM_ME,89860,9.27%,
8T,AR_EC_VF_yshaarj_nzoth_yogg_4014409417875437_IN_AM_DR_DS,89853,9.26%,
8T,AR_EC_VF_yshaarj_yogg_cthun_1971370717994989_IN_IV_DR,89852,9.26%,
8T,AR_EC_VF_yshaarj_nzoth_yogg_4013576127119341_IN_IV_ME,89850,9.26%,
8T,AR_SW_VF_yshaarj_nzoth_yogg_4014409351290861_IN_AM_DR_DS,89839,9.25%,
8T,AR_EC_VF_nzoth_yogg_cthun_3169159787438061_IN_IV_ME_DS,89838,9.24%,
8T,AR_SW_VF_nzoth_yogg_cthun_3132875903205357_Mis_IV_DR_DS,89834,9.24%,
8T,AR_EC_VF_yshaarj_yogg_cthun_1971250458910701_IN_IV_DR_DS,89826,9.23%,
8T,AR_SW_VF_yshaarj_nzoth_yogg_4014409350774765_IN_IV_ME_DS,89825,9.23%,
8T,AR_SP_VF_nzoth_yogg_cthun_3132875970306029_Mis_IV_DR_DS,89823,9.23%,
8T,AR_EC_VF_yshaarj_yogg_cthun_1971250458910701_IN_IV_ME_DS,89811,9.21%,
8T,AR_SP_VF_yshaarj_yogg_cthun_1971233279049709_IN_IV_ME,89806,9.21%,
8T,AR_SW_VF_yshaarj_yogg_cthun_2043251290660845_IN_IV_DR,89784,9.18%,
8T,AR_SP_VF_yshaarj_yogg_cthun_2043251290660845_IN_AM_ME,89775,9.17%,
8T,AR_EC_VF_yshaarj_nzoth_yogg_4013851072126957_IN_AM_DR,89775,9.17%,
8T,AR_EC_VF_yshaarj_nzoth_yogg_4013576194220013_IN_AM_DR,89757,9.15%,
8T,AR_SP_VF_yshaarj_nzoth_yogg_4013851005542381_IN_AM_DR,89750,9.14%,
8T,AR_SP_VF_yshaarj_yogg_cthun_1973432368881645_IN_IV_DR,89733,9.12%,
8T,AR_SP_VF_nzoth_yogg_cthun_3132859864178669_Mis_AM_DR,89733,9.12%,
8T,AR_EC_VF_yshaarj_nzoth_yogg_4013576127119341_IN_AM_ME,89712,9.09%,
8T,AR_SW_VF_nzoth_yogg_cthun_3132996229390317_Mis_AM_DR,89711,9.09%,
8T,AR_SW_VF_yshaarj_nzoth_yogg_4013851005542381_IN_IV_ME,89711,9.09%,
8T,AR_SP_VF_yshaarj_yogg_cthun_1971233346150381_IN_IV_ME,89710,9.09%,
8T,AR_SP_VF_yshaarj_yogg_cthun_1971233346150381_IN_IV_DR,89698,9.07%,
8T,AR_EC_VF_yshaarj_nzoth_yogg_4014400761356269_Mis_AM_DR,89694,9.07%,
8T,AR_EC_VF_nzoth_yogg_cthun_3169151264088045_IN_AM_ME,89689,9.06%,
8T,AR_EC_VF_yshaarj_yogg_cthun_2043251290144749_IN_AM_ME,89664,9.03%,
8T,AR_EC_VF_yshaarj_yogg_cthun_1971250458910701_IN_AM_ME_DS,89659,9.03%,
8T,AR_SW_VF_nzoth_yogg_cthun_3169151197503469_IN_IV_DR,89655,9.02%,
8T,AR_SP_VF_yshaarj_nzoth_yogg_4013576127635437_IN_AM_ME,89640,9.00%,
8T,AR_SP_VF_yshaarj_nzoth_yogg_4013851005026285_IN_IV_ME,89630,8.99%,
8T,AR_SW_VF_nzoth_yogg_cthun_3132875903205357_Mis_AM_ME_DS,89618,8.98%,
8T,AR_EC_VF_yshaarj_nzoth_yogg_4013302323470317_IN_AM_ME,89617,8.98%,
8T,AR_SW_VF_nzoth_yogg_cthun_3150313470943213_Mis_AM_DR,89614,8.97%,
8T,AR_SP_VF_yshaarj_yogg_cthun_1973432301780973_IN_IV_ME,89613,8.97%,
8T,AR_SP_VF_yshaarj_yogg_cthun_1971370717994989_IN_IV_ME,89600,8.95%,
8T,AR_EC_VF_nzoth_yogg_cthun_3132858790445037_Mis_AM_DR,89599,8.95%,
8T,AR_EC_VF_yshaarj_yogg_cthun_1972332857253869_Mis_AM_DR,89594,8.95%,
8T,AR_EC_VF_nzoth_yogg_cthun_3169151196987373_IN_AM_DR,89579,8.93%,
8T,AR_EC_VF_yshaarj_yogg_cthun_2043251357245421_IN_IV_ME,89566,8.91%,
8T,AR_SP_VF_nzoth_yogg_cthun_3169151196987373_IN_IV_ME,89561,8.91%,
8T,AR_SW_VF_yshaarj_yogg_cthun_2043251290660845_IN_AM_ME,89550,8.89%,
8T,AR_EC_VF_yshaarj_yogg_cthun_1971234419367917_IN_IV_ME,89549,8.89%,
8T,AR_EC_VF_nzoth_yogg_cthun_3150313470427117_Mis_IV_DR,89506,8.84%,
8T,AR_SP_VF_yshaarj_yogg_cthun_1972332857253869_Mis_IV_ME,89497,8.83%,
8T,AR_SP_VF_yshaarj_yogg_cthun_1971370717994989_IN_IV_DR,89485,8.82%,
8T,AR_SW_VF_yshaarj_yogg_cthun_1971370717994989_IN_IV_DR,89472,8.80%,
8T,AR_EC_VF_nzoth_yogg_cthun_3132996162289645_Mis_AM_DR,89465,8.79%,
8T,AR_EC_VF_yshaarj_nzoth_yogg_4013851005026285_IN_IV_DR,89464,8.79%,
8T,AR_SW_VF_yshaarj_yogg_cthun_1972332790153197_Mis_IV_DR,89450,8.77%,
8T,AR_SP_VF_yshaarj_nzoth_yogg_4014409350774765_IN_AM_ME_DS,89447,8.77%,
8T,AR_SW_VF_yshaarj_nzoth_yogg_4013576127635437_IN_IV_DR,89444,8.76%,
8T,AR_SP_VF_yshaarj_yogg_cthun_1971234352783341_IN_IV_ME,89441,8.76%,
8T,AR_SW_VF_yshaarj_yogg_cthun_1971234352783341_IN_AM_ME,89439,8.76%,
8T,AR_SW_VF_yshaarj_yogg_cthun_1972332857253869_Mis_IV_DR,89422,8.74%,
8T,AR_EC_VF_yshaarj_yogg_cthun_1971250458910701_IN_AM_DR_DS,89408,8.72%,
8T,AR_EC_VF_nzoth_yogg_cthun_3169151197503469_Mis_AM_ME,89385,8.69%,
8T,AR_SP_VF_nzoth_yogg_cthun_3150313470943213_Mis_AM_DR,89367,8.67%,
8T,AR_SW_VF_yshaarj_nzoth_yogg_4014409350774765_IN_AM_ME_DS,89358,8.66%,
8T,AR_EC_VF_yshaarj_nzoth_yogg_4013301316837357_IN_IV_ME,89354,8.66%,
8T,AR_SW_VF_nzoth_yogg_cthun_3169159787438061_IN_AM_ME_DS,89352,8.65%,
8T,AR_EC_VF_yshaarj_yogg_cthun_1971370784579565_IN_AM_ME,89348,8.65%,
8T,AR_EC_VF_yshaarj_yogg_cthun_1971234419367917_IN_AM_ME,89342,8.64%,
8T,AR_SW_VF_nzoth_yogg_cthun_3150313537527789_Mis_AM_ME,89339,8.64%,
8T,AR_SW_VF_yshaarj_yogg_cthun_1973432301780973_IN_AM_ME,89339,8.64%,
8T,AR_EC_VF_yshaarj_nzoth_yogg_4013851072126957_IN_IV_DR,89335,8.63%,
8T,AR_EC_VF_nzoth_yogg_cthun_3169159787438061_IN_AM_DR_DS,89332,8.63%,
8T,AR_SP_VF_yshaarj_nzoth_yogg_4013576127635437_IN_AM_DR,89331,8.63%,
8T,AR_SP_VF_nzoth_yogg_cthun_3132875903205357_Mis_IV_DR_DS,89325,8.62%,
8T,AR_SW_VF_yshaarj_nzoth_yogg_4013851005542381_IN_AM_DR,89323,8.62%,
8T,AR_SP_VF_nzoth_yogg_cthun_3169151264088045_IN_IV_DR,89321,8.61%,
8T,AR_SP_VF_yshaarj_yogg_cthun_1971234352783341_IN_IV_DR,89312,8.60%,
8T,AR_SP_VF_yshaarj_yogg_cthun_1973432302297069_IN_AM_DR,89304,8.60%,
8T,AR_SW_VF_yshaarj_yogg_cthun_1973432368881645_IN_IV_DR,89297,8.59%,
8T,AR_EC_VF_nzoth_yogg_cthun_3169151264088045_IN_IV_ME,89291,8.58%,
8T,AR_EC_VF_yshaarj_yogg_cthun_1971370717478893_IN_IV_ME,89290,8.58%,
8T,AR_SW_VF_yshaarj_yogg_cthun_1971233346150381_IN_IV_DR,89276,8.56%,
8T,AR_SP_VF_yshaarj_nzoth_yogg_4013576194220013_IN_IV_ME,89273,8.56%,
8T,AR_SP_VF_yshaarj_nzoth_yogg_3977567188410349_Mis_AM_DR,89266,8.55%,
8T,AR_EC_VF_yshaarj_yogg_cthun_2043251290144749_IN_IV_DR,89264,8.55%,
8T,AR_SW_VF_nzoth_yogg_cthun_3132859058872301_Mis_AM_DR,89258,8.54%,
8T,AR_EC_VF_yshaarj_yogg_cthun_2043251290144749_IN_AM_DR,89252,8.53%,
8T,AR_EC_VF_nzoth_yogg_cthun_3169151196987373_IN_IV_DR,89251,8.53%,
8T,AR_SW_VF_nzoth_yogg_cthun_3169151197503469_IN_AM_DR,89244,8.52%,
8T,AR_EC_VF_yshaarj_yogg_cthun_1971370717478893_IN_AM_ME,89241,8.52%,
8T,AR_SP_VF_nzoth_yogg_cthun_3132875903205357_Mis_AM_ME_DS,89228,8.50%,
8T,AR_SP_VF_yshaarj_yogg_cthun_1971370717994989_IN_AM_ME,89214,8.49%,
8T,AR_SP_VF_yshaarj_yogg_cthun_1973432368881645_IN_IV_ME,89212,8.48%,
8T,AR_EC_VF_yshaarj_nzoth_yogg_4013301249736685_IN_IV_ME,89191,8.46%,
8T,AR_EC_VF_yshaarj_nzoth_yogg_4013302323470317_IN_IV_DR,89179,8.44%,
8T,AR_EC_VF_yshaarj_yogg_cthun_2043251357245421_IN_AM_DR,89170,8.43%,
8T,AR_SP_VF_nzoth_yogg_cthun_3132996229390317_Mis_AM_DR,89169,8.43%,
8T,AR_EC_VF_yshaarj_nzoth_yogg_4013576194220013_IN_IV_DR,89162,8.42%,
8T,AR_SP_VF_yshaarj_yogg_cthun_1972332790669293_Mis_AM_DR,89155,8.41%,
8T,AR_EC_VF_nzoth_yogg_cthun_3169151264088045_IN_AM_DR,89147,8.40%,
8T,AR_SW_VF_yshaarj_yogg_cthun_1973432301780973_IN_AM_DR,89142,8.40%,
8T,AR_SW_VF_yshaarj_nzoth_yogg_4014400761356269_Mis_IV_DR,89138,8.39%,
8T,AR_SP_VF_nzoth_yogg_cthun_3169159787438061_IN_IV_DR_DS,89137,8.39%,
8T,AR_SW_VF_yshaarj_nzoth_yogg_3977567121309677_Mis_AM_DR,89132,8.39%,
8T,AR_SP_VF_nzoth_yogg_cthun_3150313537527789_Mis_IV_DR,89130,8.38%,
8T,AR_EC_VF_yshaarj_yogg_cthun_1971233614061549_IN_IV_ME,89126,8.38%,
8T,AR_EC_VF_yshaarj_nzoth_yogg_4013301249736685_IN_AM_ME,89121,8.37%,
8T,AR_SW_VF_nzoth_yogg_cthun_3132859797077997_Mis_AM_DR,89110,8.36%,
8T,AR_SW_VF_yshaarj_yogg_cthun_1971233279049709_IN_AM_DR,89100,8.35%,
8T,AR_SP_VF_nzoth_yogg_cthun_3150313537527789_Mis_AM_ME,89100,8.35%,
8T,AR_EC_VF_yshaarj_yogg_cthun_1971250458394605_IN_IV_ME_DS,89094,8.34%,
8T,AR_EC_VF_yshaarj_yogg_cthun_1971370717478893_IN_AM_DR,89089,8.33%,
8T,AR_SW_VF_yshaarj_yogg_cthun_1973432301780973_IN_IV_ME,89075,8.32%,
8T,AR_SP_VF_nzoth_yogg_cthun_3169151264088045_IN_IV_ME,89073,8.31%,
8T,AR_SW_VF_yshaarj_yogg_cthun_1971233346150381_IN_AM_ME,89071,8.31%,
8T,AR_EC_VF_yshaarj_yogg_cthun_1971233345634285_IN_AM_DR,89059,8.30%,
8T,AR_SP_VF_yshaarj_yogg_cthun_1971233279049709_IN_IV_DR,89051,8.29%,
8T,AR_SP_VF_yshaarj_yogg_cthun_2043251290660845_IN_AM_DR,89040,8.27%,
8T,AR_EC_VF_yshaarj_nzoth_yogg_4013576127119341_IN_IV_DR,89038,8.27%,
8T,AR_EC_VF_nzoth_yogg_cthun_3132875903205357_Mis_AM_DR_DS,89015,8.24%,
8T,AR_SP_VF_yshaarj_nzoth_yogg_4013576127119341_IN_IV_DR,89005,8.23%,
8T,AR_EC_VF_yshaarj_yogg_cthun_2043251357245421_IN_IV_DR,89002,8.23%,
8T,AR_EC_VF_yshaarj_nzoth_yogg_4013302323470317_IN_IV_ME,89001,8.23%,
8T,AR_EC_VF_yshaarj_nzoth_yogg_4013302323470317_IN_AM_DR,88996,8.22%,
8T,AR_SP_VF_yshaarj_yogg_cthun_1971250458910701_IN_IV_ME_DS,88994,8.22%,
8T,AR_SP_VF_yshaarj_nzoth_yogg_4013438688681965_IN_IV_ME,88989,8.21%,
8T,AR_EC_VF_yshaarj_nzoth_yogg_4013438688681965_IN_AM_DR,88986,8.21%,
8T,AR_SP_VF_yshaarj_yogg_cthun_1973432301780973_IN_AM_ME,88972,8.19%,
8T,AR_SP_VF_nzoth_yogg_cthun_3132867380371437_Mis_AM_DR,88972,8.19%,
8T,AR_SW_VF_nzoth_yogg_cthun_3150313537527789_Mis_IV_DR,88957,8.17%,
8T,AR_EC_VF_yshaarj_yogg_cthun_1971234352267245_IN_AM_DR,88956,8.17%,
8T,AR_SW_VF_yshaarj_yogg_cthun_1973432301780973_IN_IV_DR,88955,8.17%,
8T,AR_SW_VF_yshaarj_yogg_cthun_1971233279049709_IN_IV_DR,88943,8.16%,
8T,AR_SW_VF_yshaarj_yogg_cthun_1972332857253869_Mis_AM_ME,88931,8.14%,
8T,AR_EC_VF_yshaarj_yogg_cthun_2043251290144749_IN_IV_ME,88924,8.13%,
8T,AR_SW_VF_nzoth_yogg_cthun_3169151264088045_IN_AM_ME,88902,8.11%,
8T,AR_EC_VF_yshaarj_nzoth_yogg_4013438688681965_IN_IV_ME,88889,8.09%,
8T,AR_EC_VF_yshaarj_yogg_cthun_1971250458394605_IN_AM_DR_DS,88884,8.08%,
8T,AR_SW_VF_yshaarj_yogg_cthun_1973432368881645_IN_AM_ME,88867,8.06%,
8T,AR_SW_VF_yshaarj_nzoth_yogg_4013576127635437_IN_AM_DR,88860,8.05%,
8T,AR_EC_VF_yshaarj_yogg_cthun_1973432302297069_Mis_AM_DR,88854,8.05%,
8T,AR_SP_VF_nzoth_yogg_cthun_3169151196987373_IN_IV_DR,88853,8.05%,
8T,AR_SW_VF_yshaarj_nzoth_yogg_4014409350774765_IN_IV_DR_DS,88814,8.00%,
8T,AR_SP_VF_yshaarj_nzoth_yogg_4014400761356269_Mis_IV_DR,88814,8.00%,
8T,AR_EC_VF_yshaarj_yogg_cthun_1971234352267245_IN_IV_ME,88811,7.99%,
8T,AR_SW_VF_yshaarj_yogg_cthun_1971250458910701_IN_IV_DR_DS,88807,7.99%,
8T,AR_EC_VF_yshaarj_nzoth_yogg_4013301316837357_IN_AM_DR,88802,7.98%,
8T,AR_EC_VF_yshaarj_yogg_cthun_1971234352267245_IN_AM_ME,88796,7.98%,
8T,AR_EC_VF_yshaarj_yogg_cthun_1971370784579565_IN_IV_ME,88777,7.95%,
8T,AR_EC_VF_nzoth_yogg_cthun_3150313537527789_Mis_AM_DR,88767,7.94%,
8T,AR_EC_VF_yshaarj_nzoth_yogg_4013584717570029_IN_AM_ME_DS,88762,7.94%,
8T,AR_SW_VF_yshaarj_nzoth_yogg_4013576127119341_IN_IV_DR,88762,7.94%,
8T,AR_SP_VF_yshaarj_yogg_cthun_1971250458910701_IN_IV_DR_DS,88757,7.93%,
8T,AR_EC_VF_yshaarj_yogg_cthun_1971233345634285_IN_IV_ME,88752,7.92%,
8T,AR_SP_VF_yshaarj_yogg_cthun_1971233279049709_IN_AM_DR,88733,7.90%,
8T,AR_SW_VF_yshaarj_nzoth_yogg_4014409417875437_IN_IV_DR_DS,88733,7.90%,
8T,AR_EC_VF_yshaarj_yogg_cthun_1973432302297069_Mis_IV_DR,88728,7.89%,
8T,AR_SP_VF_yshaarj_yogg_cthun_1972332857253869_Mis_IV_DR,88719,7.88%,
8T,AR_SP_VF_yshaarj_nzoth_yogg_4013851072126957_IN_AM_ME,88710,7.87%,
8T,AR_EC_VF_yshaarj_yogg_cthun_1971233345634285_IN_AM_ME,88702,7.86%,
8T,AR_SW_VF_yshaarj_nzoth_yogg_4014400761356269_Mis_AM_DR,88689,7.85%,
8T,AR_EC_VF_yshaarj_nzoth_yogg_4013301249736685_IN_AM_DR,88672,7.83%,
8T,AR_EC_VF_yshaarj_yogg_cthun_1971233614061549_IN_AM_ME,88662,7.81%,
8T,AR_SP_VF_yshaarj_yogg_cthun_1971234352783341_IN_AM_ME,88658,7.81%,
8T,AR_SP_VF_yshaarj_yogg_cthun_1972332790153197_Mis_IV_ME,88656,7.81%,
8T,AR_SP_VF_yshaarj_nzoth_yogg_4014409350774765_IN_AM_DR_DS,88641,7.79%,
8T,AR_SP_VF_yshaarj_yogg_cthun_1973432368881645_IN_AM_ME,88636,7.78%,
8T,AR_EC_VF_yshaarj_yogg_cthun_1971370717478893_IN_IV_DR,88632,7.78%,
8T,AR_EC_VF_nzoth_yogg_cthun_3169159854022637_IN_AM_ME_DS,88630,7.78%,
8T,AR_EC_VF_yshaarj_yogg_cthun_1973432302297069_Mis_IV_ME,88630,7.78%,
8T,AR_SP_VF_yshaarj_nzoth_yogg_4013576127119341_IN_IV_ME,88617,7.76%,
8T,AR_SP_VF_yshaarj_yogg_cthun_1971234352267245_IN_IV_ME,88600,7.74%,
8T,AR_SP_VF_nzoth_yogg_cthun_3132859797077997_Mis_AM_DR,88592,7.73%,
8T,AR_SW_VF_nzoth_yogg_cthun_3150313470427117_Mis_AM_ME,88578,7.71%,
8T,AR_EC_VF_yshaarj_nzoth_yogg_4013301316837357_IN_IV_DR,88566,7.70%,
8T,AR_SP_VF_nzoth_yogg_cthun_3169151197503469_IN_AM_DR,88565,7.70%,
8T,AR_SW_VF_yshaarj_yogg_cthun_2043251357245421_IN_AM_ME,88558,7.69%,
8T,AR_EC_VF_yshaarj_nzoth_yogg_4013318429597677_IN_IV_ME_DS,88547,7.67%,
8T,AR_SW_VF_nzoth_yogg_cthun_3132996162289645_Mis_AM_DR,88536,7.66%,
8T,AR_EC_VF_yshaarj_nzoth_yogg_4014409351290861_Mis_IV_ME_DS,88529,7.65%,
8T,AR_EC_VF_nzoth_yogg_cthun_3169151197503469_Mis_IV_ME,88525,7.65%,
8T,AR_SW_VF_nzoth_yogg_cthun_3132867313270765_Mis_AM_DR,88524,7.65%,
8T,AR_SP_VF_yshaarj_yogg_cthun_2043251357245421_IN_IV_ME,88523,7.65%,
8T,AR_SP_VF_yshaarj_yogg_cthun_2043251357245421_IN_IV_DR,88511,7.63%,
8T,AR_EC_VF_yshaarj_yogg_cthun_1971250458394605_IN_AM_ME_DS,88505,7.62%,
8T,AR_EC_VF_yshaarj_nzoth_yogg_4013318429597677_IN_AM_ME_DS,88482,7.59%,
8T,AR_EC_VF_yshaarj_nzoth_yogg_4013438688681965_IN_IV_DR,88464,7.57%,
8T,AR_SP_VF_yshaarj_nzoth_yogg_4013302323470317_IN_IV_ME,88463,7.57%,
8T,AR_EC_VF_yshaarj_yogg_cthun_1971370784579565_IN_AM_DR,88453,7.56%,
8T,AR_SW_VF_nzoth_yogg_cthun_3132858790445037_Mis_AM_DR,88444,7.55%,
8T,AR_EC_VF_yshaarj_nzoth_yogg_4014400827940845_Mis_AM_ME,88440,7.54%,
8T,AR_SW_VF_yshaarj_nzoth_yogg_4013302323470317_IN_IV_ME,88439,7.54%,
8T,AR_SP_VF_yshaarj_nzoth_yogg_4013301316837357_IN_IV_ME,88436,7.54%,
8T,AR_EC_VF_yshaarj_yogg_cthun_1971234352267245_IN_IV_DR,88426,7.53%,
8T,AR_EC_VF_yshaarj_nzoth_yogg_4013301249736685_IN_IV_DR,88422,7.52%,
8T,AR_SW_VF_yshaarj_yogg_cthun_1971233279049709_IN_AM_ME,88420,7.52%,
8T,AR_SP_VF_yshaarj_nzoth_yogg_4013851005026285_IN_IV_DR,88418,7.52%,
8T,AR_SW_VF_yshaarj_nzoth_yogg_4013851072126957_IN_IV_ME,88417,7.52%,
8T,AR_EC_VF_yshaarj_yogg_cthun_1971234419367917_IN_IV_DR,88412,7.51%,
8T,AR_SP_VF_yshaarj_yogg_cthun_1972332790153197_Mis_IV_DR,88411,7.51%,
8T,AR_SP_VF_yshaarj_nzoth_yogg_4013301249736685_IN_IV_ME,88411,7.51%,
8T,AR_SW_VF_nzoth_yogg_cthun_3169159787438061_IN_IV_DR_DS,88403,7.50%,
8T,AR_EC_VF_yshaarj_yogg_cthun_1971370784579565_IN_IV_DR,88399,7.49%,
8T,AR_SW_VF_yshaarj_yogg_cthun_1972332790153197_Mis_AM_ME,88398,7.49%,
8T,AR_EC_VF_yshaarj_yogg_cthun_1971250525495277_IN_AM_ME_DS,88395,7.49%,
8T,AR_SW_VF_yshaarj_nzoth_yogg_4014400761356269_Mis_AM_ME,88366,7.45%,
8T,AR_SP_VF_yshaarj_yogg_cthun_1971233346150381_IN_AM_ME,88342,7.43%,
8T,AR_EC_VF_yshaarj_yogg_cthun_1971233614061549_IN_IV_DR,88337,7.42%,
8T,AR_SP_VF_nzoth_yogg_cthun_3150313470427117_Mis_IV_DR,88336,7.42%,
8T,AR_SW_VF_nzoth_yogg_cthun_3169151196987373_IN_AM_ME,88334,7.42%,
8T,AR_EC_VF_nzoth_yogg_cthun_3169159786921965_IN_IV_ME_DS,88324,7.40%,
8T,AR_EC_VF_yshaarj_yogg_cthun_1971234419367917_IN_AM_DR,88321,7.40%,
8T,AR_EC_VF_yshaarj_yogg_cthun_1971250525495277_IN_IV_DR_DS,88303,7.38%,
8T,AR_SW_VF_yshaarj_nzoth_yogg_4013576127119341_IN_IV_ME,88288,7.36%,
8T,AR_SP_VF_yshaarj_nzoth_yogg_4014409417875437_IN_AM_DR_DS,88287,7.36%,
8T,AR_SP_VF_nzoth_yogg_cthun_3169159787438061_IN_AM_ME_DS,88284,7.35%,
8T,AR_SW_VF_yshaarj_yogg_cthun_1971370717994989_IN_AM_ME,88281,7.35%,
8T,AR_SP_VF_nzoth_yogg_cthun_3132875970306029_Mis_AM_DR_DS,88269,7.34%,
8T,AR_SW_VF_yshaarj_nzoth_yogg_4013576194220013_IN_AM_ME,88267,7.33%,
8T,AR_SP_VF_nzoth_yogg_cthun_3132859058872301_Mis_AM_DR,88255,7.32%,
8T,AR_SP_VF_yshaarj_yogg_cthun_1971233279049709_IN_AM_ME,88241,7.30%,
8T,AR_SP_VF_yshaarj_yogg_cthun_2043251290144749_IN_IV_DR,88225,7.28%,
8T,AR_SW_VF_yshaarj_nzoth_yogg_4013851005026285_IN_IV_ME,88222,7.28%,
8T,AR_SP_VF_nzoth_yogg_cthun_3169159786921965_IN_IV_ME_DS,88219,7.28%,
8T,AR_SW_VF_nzoth_yogg_cthun_3169151196987373_IN_IV_ME,88214,7.27%,
8T,AR_SP_VF_yshaarj_yogg_cthun_1971234352783341_IN_AM_DR,88197,7.25%,
8T,AR_EC_VF_yshaarj_yogg_cthun_2043259880595437_IN_AM_ME_DS,88187,7.24%,
8T,AR_EC_VF_yshaarj_nzoth_yogg_4014400827940845_Mis_IV_DR,88179,7.23%,
8T,AR_EC_VF_yshaarj_yogg_cthun_1971233614061549_IN_AM_DR,88166,7.21%,
8T,AR_SW_VF_yshaarj_yogg_cthun_2043251290144749_IN_AM_ME,88166,7.21%,
8T,AR_EC_VF_yshaarj_yogg_cthun_1972332790153197_Mis_AM_DR,88150,7.19%,
8T,AR_SP_VF_yshaarj_yogg_cthun_2043251290144749_IN_IV_ME,88147,7.19%,
8T,AR_SP_VF_yshaarj_nzoth_yogg_4013576194220013_IN_IV_DR,88143,7.18%,
8T,AR_EC_VF_nzoth_yogg_cthun_3169151197503469_Mis_IV_DR,88135,7.17%,
8T,AR_EC_VF_yshaarj_nzoth_yogg_4013584717570029_IN_AM_DR_DS,88130,7.17%,
8T,AR_EC_VF_yshaarj_yogg_cthun_1973432302297069_Mis_AM_ME,88121,7.16%,
8T,AR_SW_VF_yshaarj_yogg_cthun_1971370784579565_IN_IV_ME,88116,7.15%,
8T,AR_EC_VF_yshaarj_nzoth_yogg_4014400760840173_Mis_IV_ME,88111,7.14%,
8T,AR_SW_VF_nzoth_yogg_cthun_3169159787438061_IN_IV_ME_DS,88105,7.14%,
8T,AR_SP_VF_yshaarj_nzoth_yogg_4014400761356269_Mis_AM_ME,88087,7.12%,
8T,AR_EC_VF_yshaarj_yogg_cthun_1988688026132461_IN_IV_DR,88084,7.11%,
8T,AR_SW_VF_nzoth_yogg_cthun_3169159787438061_IN_AM_DR_DS,88073,7.10%,
8T,AR_SP_VF_nzoth_yogg_cthun_3132996162289645_Mis_AM_DR,88071,7.09%,
8T,AR_SP_VF_yshaarj_nzoth_yogg_4013851005026285_IN_AM_ME,88070,7.09%,
8T,AR_SP_VF_yshaarj_yogg_cthun_1972332857253869_Mis_AM_ME,88065,7.09%,
8T,AR_EC_VF_nzoth_yogg_cthun_3169159786921965_IN_AM_DR_DS,88064,7.09%,
8T,AR_EC_VF_yshaarj_nzoth_yogg_4013584717570029_IN_IV_DR_DS,88064,7.09%,
8T,AR_SP_VF_yshaarj_yogg_cthun_1973432368881645_IN_AM_DR,88049,7.07%,
8T,AR_SW_VF_nzoth_yogg_cthun_3169151264088045_IN_IV_ME,88047,7.07%,
8T,AR_EC_VF_yshaarj_yogg_cthun_1971233345634285_IN_IV_DR,88042,7.06%,
8T,AR_SP_VF_yshaarj_nzoth_yogg_4013576194220013_IN_AM_ME,88030,7.05%,
8T,AR_SW_VF_yshaarj_nzoth_yogg_4013576194220013_IN_IV_ME,88026,7.04%,
8T,AR_SW_VF_yshaarj_nzoth_yogg_4013576127119341_IN_AM_DR,88009,7.02%,
8T,AR_SP_VF_yshaarj_nzoth_yogg_4013584717570029_IN_IV_ME_DS,88006,7.02%,
8T,AR_SP_VF_nzoth_yogg_cthun_3169151264088045_IN_AM_ME,88004,7.01%,
8T,AR_SW_VF_yshaarj_yogg_cthun_1973432302297069_Mis_IV_DR,88001,7.01%,
8T,AR_EC_VF_yshaarj_nzoth_yogg_4014400827940845_Mis_IV_ME,87983,6.99%,
8T,AR_SP_VF_yshaarj_yogg_cthun_1971233614061549_IN_IV_ME,87983,6.99%,
8T,AR_EC_VF_yshaarj_yogg_cthun_1971250525495277_IN_AM_DR_DS,87977,6.98%,
8T,AR_SW_VF_nzoth_yogg_cthun_3169151196987373_IN_IV_DR,87969,6.97%,
8T,AR_SP_VF_yshaarj_nzoth_yogg_4013438688681965_IN_IV_DR,87965,6.97%,
8T,AR_EC_VF_yshaarj_yogg_cthun_1971370717994989_Mis_IV_DR,87960,6.96%,
8T,AR_EC_VF_nzoth_yogg_cthun_3169159786921965_IN_AM_ME_DS,87954,6.95%,
8T,AR_EC_VF_nzoth_yogg_cthun_3169151197503469_Mis_AM_DR,87948,6.95%,
8T,AR_SW_VF_nzoth_yogg_cthun_3169151196987373_IN_AM_DR,87942,6.94%,
8T,AR_EC_VF_nzoth_yogg_cthun_3169159854022637_IN_AM_DR_DS,87942,6.94%,
8T,AR_SW_VF_nzoth_yogg_cthun_3132875970306029_Mis_AM_DR_DS,87942,6.94%,
8T,AR_SW_VF_yshaarj_yogg_cthun_2043251357245421_IN_IV_DR,87939,6.94%,
8T,AR_EC_VF_yshaarj_nzoth_yogg_4013584717570029_IN_IV_ME_DS,87937,6.93%,
8T,AR_SP_VF_nzoth_yogg_cthun_3132867313270765_Mis_AM_DR,87936,6.93%,
8T,AR_SP_VF_yshaarj_yogg_cthun_1971233345634285_IN_IV_ME,87932,6.93%,
8T,AR_SP_VF_yshaarj_nzoth_yogg_4013584717570029_IN_IV_DR_DS,87922,6.91%,
8T,AR_EC_VF_yshaarj_yogg_cthun_1971250458394605_IN_IV_DR_DS,87918,6.91%,
8T,AR_SP_VF_yshaarj_yogg_cthun_1971233346150381_IN_AM_DR,87914,6.90%,
8T,AR_SW_VF_yshaarj_yogg_cthun_1971370717994989_IN_AM_DR,87912,6.90%,
8T,AR_SW_VF_yshaarj_yogg_cthun_1971234352783341_IN_AM_DR,87912,6.90%,
8T,AR_SP_VF_yshaarj_yogg_cthun_1971370717478893_IN_IV_ME,87909,6.90%,
8T,AR_SW_VF_yshaarj_yogg_cthun_1971234419367917_IN_IV_ME,87909,6.90%,
8T,AR_EC_VF_nzoth_yogg_cthun_3169159854022637_IN_IV_ME_DS,87908,6.90%,
8T,AR_EC_VF_yshaarj_yogg_cthun_1971250525495277_IN_IV_ME_DS,87905,6.89%,
8T,AR_EC_VF_yshaarj_yogg_cthun_2043259880595437_IN_IV_ME_DS,87895,6.88%,
8T,AR_SW_VF_nzoth_yogg_cthun_3169151197503469_Mis_IV_DR,87891,6.88%,
8T,AR_EC_VF_yshaarj_nzoth_yogg_4013302322954221_IN_AM_ME,87886,6.87%,
8T,AR_EC_VF_yshaarj_yogg_cthun_2043251290660845_Mis_IV_DR,87870,6.85%,
8T,AR_SW_VF_yshaarj_yogg_cthun_1972332857253869_Mis_AM_DR,87868,6.85%,
8T,AR_SW_VF_yshaarj_yogg_cthun_1971233346150381_IN_AM_DR,87852,6.83%,
8T,AR_EC_VF_yshaarj_nzoth_yogg_4013576127635437_Mis_AM_ME,87843,6.82%,
8T,AR_SW_VF_yshaarj_yogg_cthun_1972332790153197_Mis_AM_DR,87843,6.82%,
8T,AR_EC_VF_yshaarj_nzoth_yogg_4013438688165869_IN_IV_ME,87840,6.81%,
8T,AR_SP_VF_nzoth_yogg_cthun_3169151197503469_Mis_IV_ME,87836,6.81%,
8T,AR_SP_VF_yshaarj_yogg_cthun_1971234419367917_IN_IV_ME,87834,6.81%,
8T,AR_SW_VF_yshaarj_yogg_cthun_1973432302297069_Mis_IV_ME,87821,6.79%,
8T,AR_SW_VF_nzoth_yogg_cthun_3132875903205357_Mis_AM_DR_DS,87814,6.78%,
8T,AR_EC_VF_yshaarj_nzoth_yogg_4014400760840173_Mis_AM_ME,87805,6.77%,
8T,AR_SW_VF_yshaarj_nzoth_yogg_4013302323470317_IN_AM_ME,87801,6.77%,
8T,AR_SP_VF_yshaarj_nzoth_yogg_4013851005026285_IN_AM_DR,87793,6.76%,
8T,AR_SW_VF_yshaarj_yogg_cthun_1971250458910701_IN_AM_DR_DS,87789,6.75%,
8T,AR_EC_VF_yshaarj_yogg_cthun_1988688026132461_IN_AM_ME,87785,6.75%,
8T,AR_SW_VF_yshaarj_yogg_cthun_1971370717478893_IN_IV_ME,87785,6.75%,
8T,AR_SW_VF_yshaarj_yogg_cthun_2043251357245421_IN_IV_ME,87785,6.75%,
8T,AR_SP_VF_yshaarj_yogg_cthun_1971234419367917_IN_IV_DR,87785,6.75%,
8T,AR_SW_VF_yshaarj_nzoth_yogg_4013851005026285_IN_IV_DR,87784,6.75%,
8T,AR_SW_VF_yshaarj_nzoth_yogg_4013576127119341_IN_AM_ME,87779,6.74%,
8T,AR_SP_VF_yshaarj_yogg_cthun_1971250525495277_IN_IV_ME_DS,87777,6.74%,
8T,AR_EC_VF_yshaarj_nzoth_yogg_4013576127635437_Mis_AM_DR,87775,6.74%,
8T,AR_SP_VF_yshaarj_nzoth_yogg_4013302323470317_IN_AM_ME,87768,6.73%,
8T,AR_EC_VF_yshaarj_nzoth_yogg_4013301584748525_IN_IV_ME,87764,6.72%,
8T,AR_SW_VF_yshaarj_yogg_cthun_1973432368881645_IN_AM_DR,87762,6.72%,
8T,AR_SW_VF_yshaarj_yogg_cthun_1971233345634285_IN_IV_ME,87759,6.72%,
8T,AR_SW_VF_yshaarj_yogg_cthun_2043251290144749_IN_IV_ME,87750,6.71%,
8T,AR_SP_VF_yshaarj_yogg_cthun_1971370717994989_IN_AM_DR,87748,6.70%,
8T,AR_EC_VF_yshaarj_nzoth_yogg_4013301584748525_IN_AM_ME,87743,6.70%,
8T,AR_EC_VF_yshaarj_nzoth_yogg_4013584784154605_IN_AM_ME_DS,87740,6.69%,
8T,AR_SP_VF_yshaarj_yogg_cthun_1971250458910701_IN_AM_ME_DS,87736,6.69%,
8T,AR_SP_VF_nzoth_yogg_cthun_3150313470427117_Mis_AM_ME,87734,6.69%,
8T,AR_EC_VF_yshaarj_yogg_cthun_1988688026132461_IN_IV_ME,87733,6.68%,
8T,AR_SW_VF_yshaarj_nzoth_yogg_4013851005026285_IN_AM_ME,87707,6.65%,
8T,AR_SP_VF_yshaarj_yogg_cthun_1973432301780973_IN_AM_DR,87706,6.65%,
8T,AR_SP_VF_yshaarj_nzoth_yogg_4013576127119341_IN_AM_DR,87701,6.65%,
8T,AR_EC_VF_yshaarj_nzoth_yogg_4013318429597677_IN_IV_DR_DS,87700,6.64%,
8T,AR_EC_VF_yshaarj_nzoth_yogg_4014409351290861_Mis_IV_DR_DS,87698,6.64%,
8T,AR_SP_VF_yshaarj_nzoth_yogg_4013851072126957_IN_IV_DR,87697,6.64%,
8T,AR_SW_VF_yshaarj_nzoth_yogg_4013851072126957_IN_AM_ME,87695,6.64%,
8T,AR_EC_VF_yshaarj_nzoth_yogg_4013318429597677_IN_AM_DR_DS,87678,6.62%,
8T,AR_SW_VF_nzoth_yogg_cthun_3150313470427117_Mis_IV_DR,87670,6.61%,
8T,AR_SP_VF_yshaarj_nzoth_yogg_4013302323470317_IN_IV_DR,87660,6.60%,
8T,AR_SW_VF_yshaarj_yogg_cthun_2043251290144749_IN_AM_DR,87648,6.58%,
8T,AR_SP_VF_yshaarj_nzoth_yogg_4013576127119341_IN_AM_ME,87646,6.58%,
8T,AR_SP_VF_yshaarj_nzoth_yogg_3977567121309677_Mis_AM_DR,87639,6.57%,
8T,AR_EC_VF_nzoth_yogg_cthun_3169151264088045_Mis_AM_ME,87628,6.56%,
8T,AR_EC_VF_yshaarj_nzoth_yogg_4013438755266541_IN_AM_ME,87628,6.56%,
8T,AR_SW_VF_yshaarj_nzoth_yogg_4014409417875437_IN_AM_DR_DS,87627,6.56%,
8T,AR_SP_VF_yshaarj_yogg_cthun_1971370784579565_IN_IV_ME,87607,6.53%,
8T,AR_EC_VF_nzoth_yogg_cthun_3169159786921965_IN_IV_DR_DS,87603,6.53%,
8T,AR_SW_VF_yshaarj_nzoth_yogg_4013301316837357_IN_AM_ME,87597,6.52%,
8T,AR_EC_VF_nzoth_yogg_cthun_3150313470427117_Mis_AM_DR,87587,6.51%,
8T,AR_SP_VF_yshaarj_yogg_cthun_1971370784579565_IN_IV_DR,87582,6.50%,
8T,AR_SP_VF_nzoth_yogg_cthun_3169159854022637_IN_IV_ME_DS,87580,6.50%,
8T,AR_SW_VF_yshaarj_nzoth_yogg_4013851005026285_IN_AM_DR,87573,6.49%,
8T,AR_SW_VF_yshaarj_yogg_cthun_1971234419367917_IN_IV_DR,87566,6.48%,
8T,AR_SP_VF_yshaarj_nzoth_yogg_4013584717570029_IN_AM_ME_DS,87559,6.47%,
8T,AR_EC_VF_yshaarj_nzoth_yogg_4013301316321261_IN_AM_ME,87553,6.47%,
8T,AR_SW_VF_yshaarj_nzoth_yogg_4013301249736685_IN_IV_ME,87550,6.46%,
8T,AR_SW_VF_yshaarj_nzoth_yogg_4013584717570029_IN_AM_ME_DS,87549,6.46%,
8T,AR_EC_VF_yshaarj_nzoth_yogg_4013302390054893_IN_AM_ME,87549,6.46%,
8T,AR_SW_VF_yshaarj_yogg_cthun_1971370717478893_IN_AM_DR,87545,6.46%,
8T,AR_SP_VF_yshaarj_nzoth_yogg_4013301316837357_IN_IV_DR,87543,6.45%,
8T,AR_SW_VF_yshaarj_yogg_cthun_1971233345634285_IN_IV_DR,87542,6.45%,
8T,AR_SW_VF_nzoth_yogg_cthun_3169151264088045_IN_IV_DR,87535,6.44%,
8T,AR_EC_VF_yshaarj_nzoth_yogg_4014400827940845_Mis_AM_DR,87527,6.43%,
8T,AR_SP_VF_nzoth_yogg_cthun_3169159854022637_IN_IV_DR_DS,87524,6.43%,
8T,AR_SW_VF_yshaarj_nzoth_yogg_4013851072126957_IN_IV_DR,87514,6.42%,
8T,AR_EC_VF_yshaarj_nzoth_yogg_4013302390054893_IN_IV_ME,87501,6.40%,
8T,AR_EC_VF_yshaarj_nzoth_yogg_4013438688165869_IN_IV_DR,87499,6.40%,
8T,AR_SP_VF_yshaarj_nzoth_yogg_4013318429597677_IN_IV_ME_DS,87488,6.39%,
8T,AR_SP_VF_yshaarj_nzoth_yogg_4013301249736685_IN_IV_DR,87487,6.39%,
8T,AR_EC_VF_yshaarj_yogg_cthun_2043251290660845_Mis_AM_DR,87487,6.38%,
8T,AR_EC_VF_nzoth_yogg_cthun_3169159854022637_IN_IV_DR_DS,87486,6.38%,
8T,AR_EC_VF_yshaarj_yogg_cthun_2043259880595437_IN_AM_DR_DS,87482,6.38%,
8T,AR_SW_VF_yshaarj_nzoth_yogg_4013438688681965_IN_AM_ME,87478,6.37%,
8T,AR_EC_VF_yshaarj_nzoth_yogg_4014409351290861_Mis_AM_ME_DS,87474,6.37%,
8T,AR_SP_VF_nzoth_yogg_cthun_3169151197503469_Mis_IV_DR,87471,6.37%,
8T,AR_SP_VF_yshaarj_yogg_cthun_1971370717478893_IN_IV_DR,87467,6.36%,
8T,AR_SP_VF_yshaarj_nzoth_yogg_4013438688681965_IN_AM_ME,87464,6.36%,
8T,AR_SP_VF_yshaarj_nzoth_yogg_4014400761356269_Mis_AM_DR,87457,6.35%,
8T,AR_EC_VF_yshaarj_nzoth_yogg_4013576127635437_Mis_IV_DR,87457,6.35%,
8T,AR_SW_VF_yshaarj_yogg_cthun_1971250458910701_IN_AM_ME_DS,87457,6.35%,
8T,AR_SW_VF_nzoth_yogg_cthun_3169151197503469_Mis_IV_ME,87454,6.34%,
8T,AR_EC_VF_yshaarj_nzoth_yogg_4013851005542381_Mis_AM_ME,87453,6.34%,
8T,AR_SW_VF_yshaarj_yogg_cthun_1971234352267245_IN_IV_ME,87451,6.34%,
8T,AR_SW_VF_yshaarj_yogg_cthun_2043259880595437_IN_IV_DR_DS,87450,6.34%,
8T,AR_SW_VF_yshaarj_yogg_cthun_1971233614061549_IN_IV_ME,87445,6.33%,
8T,AR_SW_VF_yshaarj_yogg_cthun_2043259880595437_IN_AM_ME_DS,87436,6.32%,
8T,AR_EC_VF_yshaarj_yogg_cthun_1971233279049709_Mis_IV_DR,87417,6.30%,
8T,AR_SP_VF_yshaarj_yogg_cthun_1971234352267245_IN_IV_DR,87415,6.30%,
8T,AR_SP_VF_nzoth_yogg_cthun_3169151196987373_IN_AM_DR,87414,6.30%,
8T,AR_EC_VF_yshaarj_yogg_cthun_2043259880595437_IN_IV_DR_DS,87412,6.29%,
8T,AR_SW_VF_yshaarj_nzoth_yogg_4014409350774765_IN_AM_DR_DS,87412,6.29%,
8T,AR_EC_VF_yshaarj_nzoth_yogg_4013438688165869_IN_AM_ME,87405,6.29%,
8T,AR_EC_VF_yshaarj_nzoth_yogg_4013576127635437_Mis_IV_ME,87400,6.28%,
8T,AR_SP_VF_yshaarj_yogg_cthun_1971250458394605_IN_IV_ME_DS,87395,6.27%,
8T,AR_SW_VF_yshaarj_yogg_cthun_1971370717478893_IN_IV_DR,87381,6.26%,
8T,AR_SW_VF_yshaarj_nzoth_yogg_4013851072126957_IN_AM_DR,87370,6.24%,
8T,AR_SP_VF_yshaarj_yogg_cthun_1971250458910701_IN_AM_DR_DS,87365,6.24%,
8T,AR_SP_VF_yshaarj_nzoth_yogg_4013851072126957_IN_AM_DR,87364,6.24%,
8T,AR_SP_VF_yshaarj_nzoth_yogg_4014409351290861_Mis_IV_ME_DS,87354,6.22%,
8T,AR_SP_VF_yshaarj_yogg_cthun_1971250458394605_IN_IV_DR_DS,87343,6.21%,
8T,AR_SW_VF_nzoth_yogg_cthun_3169151264088045_IN_AM_DR,87337,6.20%,
8T,AR_SW_VF_yshaarj_yogg_cthun_1971234352267245_IN_IV_DR,87331,6.20%,
8T,AR_SW_VF_yshaarj_yogg_cthun_1971234352267245_IN_AM_ME,87318,6.18%,
8T,AR_EC_VF_yshaarj_nzoth_yogg_4013302322954221_IN_AM_DR,87309,6.17%,
8T,AR_EC_VF_yshaarj_nzoth_yogg_4013302322954221_IN_IV_ME,87309,6.17%,
8T,AR_SP_VF_yshaarj_yogg_cthun_1972332790153197_Mis_AM_ME,87300,6.16%,
8T,AR_SP_VF_yshaarj_yogg_cthun_1971370717478893_IN_AM_DR,87300,6.16%,
8T,AR_SP_VF_yshaarj_yogg_cthun_1973432302297069_Mis_IV_ME,87297,6.15%,
8T,AR_SW_VF_yshaarj_nzoth_yogg_4013301316837357_IN_IV_ME,87296,6.15%,
8T,AR_SW_VF_nzoth_yogg_cthun_3150313537527789_Mis_AM_DR,87293,6.15%,
8T,AR_SP_VF_nzoth_yogg_cthun_3169151196987373_IN_AM_ME,87276,6.13%,
8T,AR_EC_VF_nzoth_yogg_cthun_3169151196987373_Mis_AM_ME,87276,6.13%,
8T,AR_SW_VF_yshaarj_nzoth_yogg_4013301249736685_IN_AM_ME,87274,6.13%,
8T,AR_EC_VF_yshaarj_yogg_cthun_1971234352783341_Mis_AM_ME,87268,6.12%,
8T,AR_SP_VF_nzoth_yogg_cthun_3132858790445037_Mis_AM_DR,87254,6.10%,
8T,AR_SW_VF_yshaarj_nzoth_yogg_4013584717570029_IN_IV_ME_DS,87253,6.10%,
8T,AR_SW_VF_yshaarj_nzoth_yogg_4013438688681965_IN_IV_ME,87253,6.10%,
8T,AR_EC_VF_yshaarj_yogg_cthun_1971370717994989_Mis_AM_DR,87247,6.09%,
8T,AR_SP_VF_yshaarj_nzoth_yogg_4013318429597677_IN_AM_ME_DS,87243,6.09%,
8T,AR_SW_VF_yshaarj_yogg_cthun_1971233614061549_IN_IV_DR,87242,6.09%,
8T,AR_SP_VF_nzoth_yogg_cthun_3169151264088045_IN_AM_DR,87240,6.08%,
8T,AR_EC_VF_yshaarj_yogg_cthun_2043251290660845_Mis_AM_ME,87236,6.08%,
8T,AR_SW_VF_yshaarj_nzoth_yogg_4014400827940845_Mis_IV_ME,87233,6.08%,
8T,AR_SW_VF_yshaarj_nzoth_yogg_4013576194220013_IN_IV_DR,87232,6.08%,
8T,AR_SW_VF_yshaarj_yogg_cthun_1971234352267245_IN_AM_DR,87227,6.07%,
8T,AR_SW_VF_yshaarj_yogg_cthun_1973432302297069_Mis_AM_DR,87222,6.06%,
8T,AR_EC_VF_nzoth_yogg_cthun_3169159787438061_Mis_AM_ME_DS,87221,6.06%,
8T,AR_SP_VF_yshaarj_yogg_cthun_1972332857253869_Mis_AM_DR,87218,6.06%,
8T,AR_SP_VF_nzoth_yogg_cthun_3150313537527789_Mis_AM_DR,87217,6.06%,
8T,AR_SW_VF_yshaarj_nzoth_yogg_4013576194220013_IN_AM_DR,87217,6.06%,
8T,AR_EC_VF_yshaarj_nzoth_yogg_4013438755266541_IN_IV_DR,87209,6.05%,
8T,AR_EC_VF_yshaarj_nzoth_yogg_4014400760840173_Mis_IV_DR,87201,6.04%,
8T,AR_SW_VF_yshaarj_yogg_cthun_1971233279049709_Mis_IV_ME,87200,6.04%,
8T,AR_EC_VF_yshaarj_nzoth_yogg_4013301316321261_IN_IV_DR,87191,6.03%,
8T,AR_EC_VF_yshaarj_yogg_cthun_1971233279049709_Mis_IV_ME,87191,6.03%,
8T,AR_SP_VF_nzoth_yogg_cthun_3169159787438061_IN_AM_DR_DS,87188,6.02%,
8T,AR_EC_VF_yshaarj_nzoth_yogg_4013302322954221_IN_IV_DR,87174,6.00%,
8T,AR_SW_VF_nzoth_yogg_cthun_3169159787438061_Mis_IV_ME_DS,87167,6.00%,
8T,AR_SP_VF_yshaarj_nzoth_yogg_4013576194220013_IN_AM_DR,87165,5.99%,
8T,AR_SW_VF_yshaarj_nzoth_yogg_4013301249736685_IN_IV_DR,87164,5.99%,
8T,AR_EC_VF_yshaarj_yogg_cthun_1971233346150381_Mis_AM_DR,87159,5.99%,
8T,AR_SW_VF_yshaarj_yogg_cthun_1988688026132461_IN_IV_ME,87147,5.97%,
8T,AR_EC_VF_yshaarj_nzoth_yogg_4013438755266541_IN_IV_ME,87143,5.97%,
8T,AR_SW_VF_yshaarj_yogg_cthun_1971370784579565_IN_AM_ME,87140,5.96%,
8T,AR_SW_VF_yshaarj_yogg_cthun_1988688026132461_IN_IV_DR,87139,5.96%,
8T,AR_EC_VF_yshaarj_nzoth_yogg_4013851005542381_Mis_AM_DR,87108,5.92%,
8T,AR_EC_VF_yshaarj_nzoth_yogg_4013318496182253_IN_AM_ME_DS,87098,5.91%,
8T,AR_SP_VF_yshaarj_yogg_cthun_2043251290144749_IN_AM_DR,87091,5.90%,
8T,AR_SP_VF_yshaarj_yogg_cthun_1971233614061549_IN_IV_DR,87091,5.90%,
8T,AR_SW_VF_yshaarj_yogg_cthun_2043251290144749_IN_IV_DR,87086,5.90%,
8T,AR_SW_VF_nzoth_yogg_cthun_3169151197503469_Mis_AM_DR,87084,5.90%,
8T,AR_SP_VF_yshaarj_nzoth_yogg_4014400827940845_Mis_IV_ME,87081,5.89%,
8T,AR_SP_VF_nzoth_yogg_cthun_3169159786921965_IN_IV_DR_DS,87070,5.88%,
8T,AR_EC_VF_yshaarj_yogg_cthun_1971370717994989_Mis_IV_ME,87068,5.88%,
8T,AR_EC_VF_yshaarj_yogg_cthun_1973432368881645_Mis_AM_DR,87056,5.86%,
8T,AR_SW_VF_nzoth_yogg_cthun_3169151197503469_Mis_AM_ME,87054,5.86%,
8T,AR_EC_VF_yshaarj_nzoth_yogg_4013851005542381_Mis_IV_DR,87050,5.85%,
8T,AR_EC_VF_yshaarj_nzoth_yogg_4013318429081581_IN_AM_DR_DS,87047,5.85%,
8T,AR_EC_VF_yshaarj_nzoth_yogg_4013584717053933_IN_AM_ME_DS,87043,5.85%,
8T,AR_SW_VF_yshaarj_yogg_cthun_1971250458394605_IN_IV_ME_DS,87027,5.83%,
8T,AR_EC_VF_yshaarj_yogg_cthun_1973432301780973_Mis_IV_ME,87023,5.82%,
8T,AR_EC_VF_yshaarj_nzoth_yogg_4013584717053933_IN_IV_DR_DS,87005,5.80%,
8T,AR_SP_VF_yshaarj_yogg_cthun_2043251357245421_IN_AM_ME,87001,5.79%,
8T,AR_SP_VF_yshaarj_nzoth_yogg_4014400760840173_Mis_IV_ME,86997,5.79%,
8T,AR_SP_VF_yshaarj_nzoth_yogg_4013301316837357_IN_AM_ME,86993,5.78%,
8T,AR_EC_VF_yshaarj_nzoth_yogg_4013301316321261_IN_IV_ME,86982,5.77%,
8T,AR_SP_VF_yshaarj_yogg_cthun_1973432302297069_Mis_IV_DR,86974,5.76%,
8T,AR_SP_VF_yshaarj_yogg_cthun_2043259880595437_IN_IV_ME_DS,86968,5.75%,
8T,AR_SW_VF_yshaarj_nzoth_yogg_4014409351290861_Mis_IV_ME_DS,86962,5.75%,
8T,AR_SW_VF_yshaarj_nzoth_yogg_4013584717570029_IN_IV_DR_DS,86959,5.74%,
8T,AR_SW_VF_yshaarj_yogg_cthun_1973432302297069_Mis_AM_ME,86958,5.74%,
8T,AR_SW_VF_yshaarj_yogg_cthun_2043251357245421_IN_AM_DR,86957,5.74%,
8T,AR_SP_VF_nzoth_yogg_cthun_3169159854022637_IN_AM_ME_DS,86950,5.73%,
8T,AR_EC_VF_yshaarj_yogg_cthun_1971234352783341_Mis_AM_DR,86938,5.72%,
8T,AR_SW_VF_nzoth_yogg_cthun_3169159854022637_IN_IV_ME_DS,86933,5.71%,
8T,AR_SW_VF_nzoth_yogg_cthun_3169159854022637_IN_AM_ME_DS,86924,5.70%,
8T,AR_SW_VF_yshaarj_nzoth_yogg_4014400760840173_Mis_IV_DR,86922,5.70%,
8T,AR_EC_VF_yshaarj_yogg_cthun_2043259880079341_IN_IV_ME_DS,86920,5.70%,
8T,AR_SP_VF_yshaarj_yogg_cthun_2043259880595437_IN_IV_DR_DS,86897,5.67%,
8T,AR_EC_VF_yshaarj_nzoth_yogg_4013851005542381_Mis_IV_ME,86890,5.66%,
8T,AR_SW_VF_yshaarj_nzoth_yogg_4013318429597677_IN_AM_ME_DS,86887,5.66%,
8T,AR_EC_VF_yshaarj_yogg_cthun_1973432368881645_Mis_IV_ME,86880,5.65%,
8T,AR_SP_VF_yshaarj_yogg_cthun_1971233345634285_IN_IV_DR,86879,5.65%,
8T,AR_SW_VF_yshaarj_yogg_cthun_2043251290660845_Mis_AM_DR,86864,5.63%,
8T,AR_EC_VF_yshaarj_yogg_cthun_1971233346150381_Mis_IV_DR,86851,5.61%,
8T,AR_SW_VF_yshaarj_yogg_cthun_1971250525495277_IN_AM_ME_DS,86851,5.61%,
8T,AR_SW_VF_yshaarj_nzoth_yogg_4014400827940845_Mis_IV_DR,86842,5.60%,
8T,AR_SW_VF_yshaarj_nzoth_yogg_4013302323470317_IN_IV_DR,86836,5.59%,
8T,AR_SP_VF_yshaarj_nzoth_yogg_4014400827940845_Mis_IV_DR,86832,5.59%,
8T,AR_SW_VF_yshaarj_yogg_cthun_1971370784579565_IN_IV_DR,86817,5.57%,
8T,AR_SW_VF_yshaarj_nzoth_yogg_4013576127635437_Mis_AM_ME,86805,5.56%,
8T,AR_SW_VF_yshaarj_yogg_cthun_1971250525495277_IN_IV_DR_DS,86793,5.54%,
8T,AR_EC_VF_yshaarj_nzoth_yogg_4013301316321261_IN_AM_DR,86793,5.54%,
8T,AR_SW_VF_nzoth_yogg_cthun_3169159786921965_IN_AM_ME_DS,86792,5.54%,
8T,AR_EC_VF_yshaarj_nzoth_yogg_4013438755266541_IN_AM_DR,86786,5.53%,
8T,AR_SW_VF_yshaarj_yogg_cthun_1971250525495277_IN_IV_ME_DS,86785,5.53%,
8T,AR_SP_VF_yshaarj_yogg_cthun_1971370717478893_IN_AM_ME,86783,5.53%,
8T,AR_SW_VF_yshaarj_nzoth_yogg_4014400827940845_Mis_AM_ME,86780,5.53%,
8T,AR_SP_VF_yshaarj_yogg_cthun_1971233345634285_IN_AM_DR,86774,5.52%,
8T,AR_SP_VF_yshaarj_yogg_cthun_1988688026132461_IN_IV_ME,86774,5.52%,
8T,AR_EC_VF_yshaarj_yogg_cthun_1988688092717037_IN_IV_ME,86768,5.51%,
8T,AR_EC_VF_nzoth_yogg_cthun_3169151264088045_Mis_IV_ME,86766,5.51%,
8T,AR_EC_VF_yshaarj_nzoth_yogg_4013302390054893_IN_AM_DR,86764,5.51%,
8T,AR_EC_VF_yshaarj_yogg_cthun_2043251290660845_Mis_IV_ME,86762,5.50%,
8T,AR_SW_VF_yshaarj_yogg_cthun_1971233614061549_IN_AM_ME,86759,5.50%,
8T,AR_SP_VF_yshaarj_yogg_cthun_2043251290144749_IN_AM_ME,86752,5.49%,
8T,AR_EC_VF_yshaarj_yogg_cthun_1971234352783341_Mis_IV_DR,86742,5.48%,
8T,AR_EC_VF_yshaarj_nzoth_yogg_4013302390054893_IN_IV_DR,86741,5.48%,
8T,AR_EC_VF_nzoth_yogg_cthun_3169159787438061_Mis_IV_ME_DS,86721,5.45%,
8T,AR_EC_VF_yshaarj_yogg_cthun_1971370717994989_Mis_AM_ME,86716,5.45%,
8T,AR_SP_VF_yshaarj_nzoth_yogg_4013438755266541_IN_IV_ME,86712,5.44%,
8T,AR_SP_VF_yshaarj_yogg_cthun_1972332790153197_Mis_AM_DR,86708,5.44%,
8T,AR_SW_VF_nzoth_yogg_cthun_3150313470427117_Mis_AM_DR,86708,5.44%,
8T,AR_SW_VF_nzoth_yogg_cthun_3169159786921965_IN_IV_ME_DS,86704,5.43%,
8T,AR_EC_VF_yshaarj_yogg_cthun_1973432301780973_Mis_IV_DR,86699,5.43%,
8T,AR_SP_VF_yshaarj_yogg_cthun_2043251290660845_Mis_IV_ME,86671,5.39%,
8T,AR_SP_VF_yshaarj_yogg_cthun_1971234419367917_IN_AM_ME,86661,5.38%,
8T,AR_EC_VF_yshaarj_nzoth_yogg_4013438688165869_IN_AM_DR,86661,5.38%,
8T,AR_EC_VF_yshaarj_nzoth_yogg_4013584717053933_IN_AM_DR_DS,86660,5.38%,
8T,AR_SP_VF_yshaarj_yogg_cthun_1971370784579565_IN_AM_ME,86657,5.38%,
8T,AR_EC_VF_yshaarj_nzoth_yogg_4013318429081581_IN_AM_ME_DS,86647,5.36%,
8T,AR_SP_VF_yshaarj_nzoth_yogg_4013301249736685_IN_AM_DR,86638,5.35%,
8T,AR_SP_VF_yshaarj_nzoth_yogg_4013438688681965_IN_AM_DR,86638,5.35%,
8T,AR_EC_VF_nzoth_yogg_cthun_3169159787438061_Mis_IV_DR_DS,86633,5.35%,
8T,AR_EC_VF_yshaarj_yogg_cthun_1971234352783341_Mis_IV_ME,86630,5.34%,
8T,AR_SP_VF_yshaarj_nzoth_yogg_4013301316321261_IN_IV_ME,86624,5.34%,
8T,AR_SP_VF_nzoth_yogg_cthun_3169151197503469_Mis_AM_ME,86620,5.33%,
8T,AR_EC_VF_yshaarj_yogg_cthun_1971250458910701_Mis_IV_ME_DS,86616,5.33%,
8T,AR_SP_VF_yshaarj_nzoth_yogg_4013576127635437_Mis_IV_DR,86614,5.32%,
8T,AR_SP_VF_yshaarj_nzoth_yogg_4013576127635437_Mis_IV_ME,86612,5.32%,
8T,AR_EC_VF_yshaarj_nzoth_yogg_4013584717053933_IN_IV_ME_DS,86609,5.32%,
8T,AR_EC_VF_yshaarj_yogg_cthun_1988688026132461_IN_AM_DR,86608,5.32%,
8T,AR_EC_VF_yshaarj_nzoth_yogg_4013318429081581_IN_IV_ME_DS,86598,5.30%,
8T,AR_EC_VF_nzoth_yogg_cthun_3169151264088045_Mis_IV_DR,86598,5.30%,
8T,AR_SW_VF_yshaarj_yogg_cthun_1971234352783341_Mis_AM_DR,86595,5.30%,
8T,AR_EC_VF_yshaarj_yogg_cthun_2043251357245421_Mis_AM_DR,86593,5.30%,
8T,AR_SW_VF_yshaarj_yogg_cthun_1971234419367917_IN_AM_ME,86593,5.30%,
8T,AR_SW_VF_yshaarj_yogg_cthun_1971233345634285_IN_AM_DR,86582,5.28%,
8T,AR_SP_VF_yshaarj_nzoth_yogg_4013584717053933_IN_IV_ME_DS,86570,5.27%,
8T,AR_SW_VF_yshaarj_yogg_cthun_1971233346150381_Mis_IV_DR,86568,5.27%,
8T,AR_SW_VF_yshaarj_yogg_cthun_1971233345634285_IN_AM_ME,86561,5.26%,
8T,AR_SW_VF_yshaarj_nzoth_yogg_4013301316837357_IN_IV_DR,86561,5.26%,
8T,AR_SW_VF_nzoth_yogg_cthun_3169159786921965_IN_AM_DR_DS,86549,5.25%,
8T,AR_EC_VF_yshaarj_nzoth_yogg_4013447278616557_IN_AM_ME_DS,86548,5.24%,
8T,AR_EC_VF_yshaarj_yogg_cthun_1971250458910701_Mis_IV_DR_DS,86544,5.24%,
8T,AR_EC_VF_yshaarj_nzoth_yogg_4014409417875437_Mis_IV_ME_DS,86540,5.23%,
8T,AR_EC_VF_yshaarj_yogg_cthun_1988688092717037_IN_AM_ME,86538,5.23%,
8T,AR_SW_VF_yshaarj_nzoth_yogg_4013302323470317_IN_AM_DR,86509,5.20%,
8T,AR_SW_VF_yshaarj_yogg_cthun_1971370717478893_IN_AM_ME,86508,5.19%,
8T,AR_SP_VF_yshaarj_nzoth_yogg_4013301249736685_IN_AM_ME,86505,5.19%,
8T,AR_EC_VF_yshaarj_nzoth_yogg_4013301584748525_IN_IV_DR,86501,5.19%,
8T,AR_SW_VF_yshaarj_yogg_cthun_1971250458394605_IN_AM_DR_DS,86498,5.18%,
8T,AR_EC_VF_yshaarj_yogg_cthun_1988688092717037_IN_IV_DR,86489,5.17%,
8T,AR_SP_VF_yshaarj_yogg_cthun_1971233345634285_IN_AM_ME,86488,5.17%,
8T,AR_EC_VF_yshaarj_yogg_cthun_1973432368881645_Mis_AM_ME,86480,5.16%,
8T,AR_SW_VF_yshaarj_yogg_cthun_1971370717994989_Mis_IV_DR,86470,5.15%,
8T,AR_EC_VF_yshaarj_nzoth_yogg_4014400760840173_Mis_AM_DR,86469,5.15%,
8T,AR_EC_VF_nzoth_yogg_cthun_3169151196987373_Mis_IV_DR,86452,5.13%,
8T,AR_EC_VF_yshaarj_yogg_cthun_1988688025616365_IN_AM_DR,86436,5.11%,
8T,AR_SW_VF_yshaarj_yogg_cthun_2043251290660845_Mis_IV_DR,86436,5.11%,
8T,AR_SP_VF_yshaarj_yogg_cthun_2043251357245421_IN_AM_DR,86430,5.10%,
8T,AR_EC_VF_yshaarj_yogg_cthun_1971233346150381_Mis_IV_ME,86424,5.09%,
8T,AR_SW_VF_nzoth_yogg_cthun_3169159786921965_IN_IV_DR_DS,86422,5.09%,
8T,AR_SP_VF_yshaarj_yogg_cthun_1971250525495277_IN_IV_DR_DS,86412,5.08%,
8T,AR_SW_VF_yshaarj_yogg_cthun_1971234419367917_IN_AM_DR,86407,5.07%,
8T,AR_SP_VF_nzoth_yogg_cthun_3132875903205357_Mis_AM_DR_DS,86402,5.07%,
8T,AR_EC_VF_yshaarj_nzoth_yogg_4013447278616557_IN_IV_ME_DS,86402,5.07%,
8T,AR_EC_VF_yshaarj_nzoth_yogg_4013318496182253_IN_AM_DR_DS,86393,5.06%,
8T,AR_SW_VF_yshaarj_yogg_cthun_1971370784579565_IN_AM_DR,86393,5.05%,
8T,AR_EC_VF_nzoth_yogg_cthun_3169151196987373_Mis_IV_ME,86388,5.05%,
8T,AR_SW_VF_yshaarj_yogg_cthun_2043251290660845_Mis_IV_ME,86385,5.05%,
8T,AR_SP_VF_yshaarj_yogg_cthun_1971234352267245_IN_AM_DR,86385,5.04%,
8T,AR_SW_VF_yshaarj_nzoth_yogg_4013851005542381_Mis_IV_DR,86384,5.04%,
8T,AR_EC_VF_nzoth_yogg_cthun_3169159787438061_Mis_AM_DR_DS,86382,5.04%,
8T,AR_SW_VF_yshaarj_yogg_cthun_1971234352783341_Mis_IV_DR,86382,5.04%,
8T,AR_SW_VF_yshaarj_yogg_cthun_2043259880595437_IN_IV_ME_DS,86382,5.04%,
8T,AR_EC_VF_yshaarj_nzoth_yogg_4013310913404909_IN_AM_DR_DS,86377,5.03%,
8T,AR_EC_VF_yshaarj_yogg_cthun_1973432368881645_Mis_IV_DR,86372,5.03%,
8T,AR_EC_VF_yshaarj_yogg_cthun_1973432301780973_Mis_AM_DR,86370,5.03%,
8T,AR_SW_VF_yshaarj_nzoth_yogg_4013318429597677_IN_IV_ME_DS,86365,5.02%,
8T,AR_EC_VF_yshaarj_yogg_cthun_1971250458910701_Mis_AM_DR_DS,86361,5.02%,
8T,AR_SP_VF_yshaarj_yogg_cthun_2043251290660845_Mis_IV_DR,86350,5.00%,
8T,AR_SP_VF_yshaarj_nzoth_yogg_4013302323470317_IN_AM_DR,86347,5.00%,
8T,AR_EC_VF_yshaarj_yogg_cthun_1971233279049709_Mis_AM_ME,86345,5.00%,
8T,AR_SP_VF_yshaarj_nzoth_yogg_4013438688165869_IN_IV_ME,86337,4.99%,
8T,AR_SW_VF_yshaarj_yogg_cthun_1973432368881645_Mis_IV_DR,86334,4.98%,
8T,AR_SP_VF_yshaarj_nzoth_yogg_4013301584748525_IN_IV_ME,86332,4.98%,
8T,AR_EC_VF_yshaarj_yogg_cthun_2043259947180013_IN_AM_ME_DS,86326,4.97%,
8T,AR_SW_VF_yshaarj_nzoth_yogg_4014400760840173_Mis_IV_ME,86320,4.97%,
8T,AR_SP_VF_yshaarj_nzoth_yogg_4013302390054893_IN_IV_ME,86316,4.96%,
8T,AR_EC_VF_yshaarj_nzoth_yogg_4013584784154605_IN_IV_DR_DS,86316,4.96%,
8T,AR_SW_VF_yshaarj_yogg_cthun_1971250458394605_IN_IV_DR_DS,86304,4.95%,
8T,AR_EC_VF_yshaarj_nzoth_yogg_4013310913404909_IN_IV_ME_DS,86301,4.94%,
8T,AR_EC_VF_yshaarj_nzoth_yogg_4013584784154605_IN_AM_DR_DS,86299,4.94%,
8T,AR_SP_VF_yshaarj_yogg_cthun_2043259880595437_IN_AM_ME_DS,86287,4.93%,
8T,AR_EC_VF_yshaarj_yogg_cthun_1988688025616365_IN_AM_ME,86285,4.92%,
8T,AR_SP_VF_yshaarj_yogg_cthun_1971233614061549_IN_AM_ME,86284,4.92%,
8T,AR_EC_VF_yshaarj_nzoth_yogg_4013301584748525_IN_AM_DR,86284,4.92%,
8T,AR_SP_VF_yshaarj_nzoth_yogg_4014409351290861_Mis_IV_DR_DS,86282,4.92%,
8T,AR_EC_VF_yshaarj_yogg_cthun_1971233279049709_Mis_AM_DR,86280,4.92%,
8T,AR_SW_VF_yshaarj_nzoth_yogg_4013438688681965_IN_IV_DR,86280,4.92%,
8T,AR_SP_VF_yshaarj_nzoth_yogg_4013851005542381_Mis_IV_DR,86274,4.91%,
8T,AR_SP_VF_nzoth_yogg_cthun_3169151197503469_Mis_AM_DR,86274,4.91%,
8T,AR_EC_VF_yshaarj_nzoth_yogg_4013584784154605_IN_IV_ME_DS,86271,4.91%,
8T,AR_SW_VF_yshaarj_yogg_cthun_1973432301780973_Mis_IV_ME,86263,4.90%,
8T,AR_EC_VF_yshaarj_nzoth_yogg_4013310913404909_IN_AM_ME_DS,86247,4.88%,
8T,AR_EC_VF_yshaarj_yogg_cthun_1988688025616365_IN_IV_DR,86238,4.87%,
8T,AR_EC_VF_yshaarj_yogg_cthun_1988688025616365_IN_IV_ME,86234,4.86%,
8T,AR_SW_VF_yshaarj_nzoth_yogg_4013584717570029_IN_AM_DR_DS,86218,4.84%,
8T,AR_EC_VF_yshaarj_yogg_cthun_2043259947180013_IN_AM_DR_DS,86218,4.84%,
8T,AR_EC_VF_yshaarj_nzoth_yogg_4013576194220013_Mis_IV_ME,86215,4.84%,
8T,AR_SW_VF_yshaarj_nzoth_yogg_4013438755266541_IN_AM_ME,86212,4.84%,
8T,AR_SP_VF_yshaarj_yogg_cthun_1971234352267245_IN_AM_ME,86212,4.83%,
8T,AR_SW_VF_yshaarj_nzoth_yogg_4014409351290861_Mis_AM_ME_DS,86205,4.83%,
8T,AR_SP_VF_yshaarj_nzoth_yogg_4013302322954221_IN_IV_ME,86195,4.81%,
8T,AR_SW_VF_yshaarj_yogg_cthun_1971234352783341_Mis_IV_ME,86195,4.81%,
8T,AR_SW_VF_yshaarj_nzoth_yogg_4013576127635437_Mis_IV_ME,86192,4.81%,
8T,AR_SP_VF_nzoth_yogg_cthun_3169159786921965_IN_AM_ME_DS,86190,4.81%,
8T,AR_SP_VF_nzoth_yogg_cthun_3169159786921965_IN_AM_DR_DS,86181,4.80%,
8T,AR_SW_VF_yshaarj_nzoth_yogg_4013301249736685_IN_AM_DR,86179,4.80%,
8T,AR_SW_VF_yshaarj_yogg_cthun_1971233279049709_Mis_IV_DR,86170,4.78%,
8T,AR_SW_VF_yshaarj_yogg_cthun_1971233614061549_IN_AM_DR,86166,4.78%,
8T,AR_SP_VF_yshaarj_nzoth_yogg_4014400760840173_Mis_IV_DR,86146,4.75%,
8T,AR_SP_VF_yshaarj_yogg_cthun_1988688026132461_IN_IV_DR,86142,4.75%,
8T,AR_SP_VF_nzoth_yogg_cthun_3169159787438061_Mis_IV_ME_DS,86139,4.75%,
8T,AR_SW_VF_nzoth_yogg_cthun_3169159854022637_IN_IV_DR_DS,86116,4.72%,
8T,AR_EC_VF_yshaarj_nzoth_yogg_4013576194220013_Mis_AM_DR,86113,4.71%,
8T,AR_EC_VF_yshaarj_yogg_cthun_1971370784579565_Mis_IV_DR,86109,4.71%,
8T,AR_SP_VF_yshaarj_nzoth_yogg_4013318496182253_IN_IV_ME_DS,86102,4.70%,
8T,AR_SW_VF_nzoth_yogg_cthun_3169159787438061_Mis_IV_DR_DS,86101,4.70%,
8T,AR_EC_VF_yshaarj_nzoth_yogg_4013447278616557_IN_IV_DR_DS,86097,4.70%,
8T,AR_SW_VF_yshaarj_nzoth_yogg_4014400760840173_Mis_AM_ME,86091,4.69%,
8T,AR_SP_VF_yshaarj_nzoth_yogg_4013318429597677_IN_IV_DR_DS,86080,4.67%,
8T,AR_SW_VF_yshaarj_yogg_cthun_1988688026132461_IN_AM_ME,86079,4.67%,
8T,AR_EC_VF_yshaarj_nzoth_yogg_4013318496182253_IN_IV_ME_DS,86061,4.65%,
8T,AR_SP_VF_yshaarj_nzoth_yogg_4013318429597677_IN_AM_DR_DS,86054,4.64%,
8T,AR_SW_VF_yshaarj_yogg_cthun_1973432301780973_Mis_IV_DR,86037,4.62%,
8T,AR_EC_VF_yshaarj_yogg_cthun_1971370717478893_Mis_IV_ME,86035,4.62%,
8T,AR_SP_VF_yshaarj_yogg_cthun_1971234352783341_Mis_IV_DR,86011,4.59%,
8T,AR_EC_VF_yshaarj_yogg_cthun_1971233346150381_Mis_AM_ME,86003,4.58%,
8T,AR_EC_VF_yshaarj_yogg_cthun_2043259947180013_IN_IV_ME_DS,85995,4.57%,
8T,AR_EC_VF_yshaarj_yogg_cthun_1971250458910701_Mis_AM_ME_DS,85993,4.57%,
8T,AR_SP_VF_yshaarj_yogg_cthun_1971250458394605_IN_AM_DR_DS,85985,4.56%,
8T,AR_SW_VF_yshaarj_nzoth_yogg_4013438688681965_IN_AM_DR,85971,4.54%,
8T,AR_SP_VF_yshaarj_nzoth_yogg_4013584717053933_IN_IV_DR_DS,85971,4.54%,
8T,AR_SP_VF_yshaarj_nzoth_yogg_4013301584748525_IN_IV_DR,85964,4.53%,
8T,AR_SP_VF_yshaarj_nzoth_yogg_4013584717570029_IN_AM_DR_DS,85960,4.53%,
8T,AR_SP_VF_yshaarj_yogg_cthun_2043259880079341_IN_IV_ME_DS,85957,4.52%,
8T,AR_SW_VF_yshaarj_yogg_cthun_1971234352783341_Mis_AM_ME,85954,4.52%,
8T,AR_SP_VF_yshaarj_yogg_cthun_1973432302297069_Mis_AM_ME,85948,4.51%,
8T,AR_SP_VF_nzoth_yogg_cthun_3169151264088045_Mis_IV_ME,85946,4.51%,
8T,AR_SP_VF_nzoth_yogg_cthun_3150313470427117_Mis_AM_DR,85936,4.50%,
8T,AR_SP_VF_yshaarj_yogg_cthun_1971250458394605_IN_AM_ME_DS,85932,4.49%,
8T,AR_EC_VF_yshaarj_yogg_cthun_2043251357245421_Mis_IV_DR,85923,4.48%,
8T,AR_EC_VF_yshaarj_yogg_cthun_1971370784579565_Mis_AM_DR,85916,4.47%,
8T,AR_EC_VF_yshaarj_yogg_cthun_2043251290144749_Mis_IV_DR,85913,4.47%,
8T,AR_EC_VF_nzoth_yogg_cthun_3169159854022637_Mis_IV_ME_DS,85903,4.46%,
8T,AR_EC_VF_yshaarj_yogg_cthun_1971233614061549_Mis_IV_DR,85899,4.45%,
8T,AR_EC_VF_yshaarj_nzoth_yogg_4013851072126957_Mis_IV_DR,85894,4.45%,
8T,AR_SW_VF_yshaarj_nzoth_yogg_4013576127635437_Mis_IV_DR,85891,4.44%,
8T,AR_SW_VF_yshaarj_nzoth_yogg_4013301316837357_IN_AM_DR,85885,4.44%,
8T,AR_SW_VF_yshaarj_yogg_cthun_2043251290660845_Mis_AM_ME,85873,4.42%,
8T,AR_EC_VF_yshaarj_yogg_cthun_2043259880079341_IN_AM_DR_DS,85867,4.42%,
8T,AR_SW_VF_yshaarj_yogg_cthun_1971250458394605_IN_AM_ME_DS,85867,4.42%,
8T,AR_EC_VF_yshaarj_yogg_cthun_2043259880079341_IN_IV_DR_DS,85865,4.41%,
8T,AR_EC_VF_yshaarj_yogg_cthun_2043251357245421_Mis_IV_ME,85860,4.41%,
8T,AR_SP_VF_yshaarj_yogg_cthun_1971250525495277_IN_AM_ME_DS,85859,4.41%,
8T,AR_SP_VF_yshaarj_yogg_cthun_1971370784579565_IN_AM_DR,85846,4.39%,
8T,AR_SW_VF_yshaarj_yogg_cthun_2043259880595437_IN_AM_DR_DS,85841,4.38%,
8T,AR_EC_VF_yshaarj_nzoth_yogg_4013318496182253_IN_IV_DR_DS,85821,4.36%,
8T,AR_SW_VF_yshaarj_nzoth_yogg_4013576127635437_Mis_AM_DR,85805,4.34%,
8T,AR_SW_VF_nzoth_yogg_cthun_3169151264088045_Mis_AM_ME,85800,4.33%,
8T,AR_SP_VF_yshaarj_yogg_cthun_1973432302297069_Mis_AM_DR,85799,4.33%,
8T,AR_SP_VF_yshaarj_yogg_cthun_1971234352783341_Mis_IV_ME,85796,4.33%,
8T,AR_EC_VF_yshaarj_yogg_cthun_2043251357245421_Mis_AM_ME,85792,4.32%,
8T,AR_EC_VF_yshaarj_nzoth_yogg_4014409351290861_Mis_AM_DR_DS,85778,4.31%,
8T,AR_EC_VF_yshaarj_nzoth_yogg_4013309839671277_IN_IV_ME_DS,85766,4.29%,
8T,AR_SP_VF_yshaarj_nzoth_yogg_4013438755266541_IN_IV_DR,85766,4.29%,
8T,AR_EC_VF_yshaarj_yogg_cthun_1988688092717037_IN_AM_DR,85764,4.29%,
8T,AR_EC_VF_yshaarj_nzoth_yogg_4013309906771949_IN_IV_DR_DS,85763,4.29%,
8T,AR_EC_VF_yshaarj_nzoth_yogg_4013309906771949_IN_AM_ME_DS,85760,4.29%,
8T,AR_SP_VF_yshaarj_yogg_cthun_1971250525495277_IN_AM_DR_DS,85759,4.28%,
8T,AR_EC_VF_yshaarj_yogg_cthun_1973432301780973_Mis_AM_ME,85753,4.28%,
8T,AR_SW_VF_nzoth_yogg_cthun_3169159854022637_IN_AM_DR_DS,85751,4.27%,
8T,AR_SW_VF_yshaarj_nzoth_yogg_4013302390054893_IN_AM_ME,85745,4.27%,
8T,AR_SP_VF_yshaarj_nzoth_yogg_4013301316837357_IN_AM_DR,85740,4.26%,
8T,AR_SP_VF_yshaarj_yogg_cthun_1971233614061549_IN_AM_DR,85736,4.26%,
8T,AR_EC_VF_yshaarj_nzoth_yogg_4013318429081581_IN_IV_DR_DS,85722,4.24%,
8T,AR_SP_VF_yshaarj_nzoth_yogg_4013318429081581_IN_IV_ME_DS,85717,4.23%,
8T,AR_SW_VF_yshaarj_nzoth_yogg_4013584717053933_IN_AM_ME_DS,85708,4.22%,
8T,AR_SW_VF_yshaarj_nzoth_yogg_4013302322954221_IN_IV_ME,85699,4.21%,
8T,AR_EC_VF_yshaarj_nzoth_yogg_4013576194220013_Mis_IV_DR,85696,4.21%,
8T,AR_EC_VF_yshaarj_yogg_cthun_2043259947180013_IN_IV_DR_DS,85693,4.20%,
8T,AR_EC_VF_nzoth_yogg_cthun_3169151196987373_Mis_AM_DR,85689,4.20%,
8T,AR_EC_VF_nzoth_yogg_cthun_3169151264088045_Mis_AM_DR,85677,4.18%,
8T,AR_EC_VF_yshaarj_yogg_cthun_2043251290144749_Mis_AM_ME,85676,4.18%,
8T,AR_SP_VF_yshaarj_yogg_cthun_1971370717994989_Mis_IV_DR,85662,4.17%,
8T,AR_EC_VF_yshaarj_nzoth_yogg_4013851005026285_Mis_IV_DR,85657,4.16%,
8T,AR_SW_VF_yshaarj_yogg_cthun_1971370717994989_Mis_AM_DR,85656,4.16%,
8T,AR_EC_VF_yshaarj_nzoth_yogg_4013310913404909_IN_IV_DR_DS,85655,4.16%,
8T,AR_EC_VF_yshaarj_nzoth_yogg_4013576127119341_Mis_AM_ME,85650,4.15%,
8T,AR_SW_VF_nzoth_yogg_cthun_3169151264088045_Mis_IV_DR,85649,4.15%,
8T,AR_SP_VF_yshaarj_nzoth_yogg_4013302322954221_IN_IV_DR,85648,4.15%,
8T,AR_SW_VF_yshaarj_nzoth_yogg_4013318429597677_IN_AM_DR_DS,85648,4.15%,
8T,AR_SW_VF_yshaarj_nzoth_yogg_4013318429597677_IN_IV_DR_DS,85640,4.14%,
8T,AR_SW_VF_yshaarj_nzoth_yogg_4014409351290861_Mis_IV_DR_DS,85633,4.13%,
8T,AR_SP_VF_yshaarj_nzoth_yogg_4013584784154605_IN_IV_DR_DS,85622,4.12%,
8T,AR_SP_VF_yshaarj_nzoth_yogg_4014400827940845_Mis_AM_DR,85621,4.12%,
8T,AR_SW_VF_nzoth_yogg_cthun_3169159787438061_Mis_AM_ME_DS,85615,4.11%,
8T,AR_EC_VF_yshaarj_nzoth_yogg_4013576127119341_Mis_IV_ME,85614,4.11%,
8T,AR_SP_VF_yshaarj_yogg_cthun_1971370717994989_Mis_IV_ME,85614,4.11%,
8T,AR_EC_VF_yshaarj_yogg_cthun_2043259880079341_IN_AM_ME_DS,85607,4.10%,
8T,AR_SW_VF_yshaarj_nzoth_yogg_4013851005542381_Mis_IV_ME,85601,4.09%,
8T,AR_EC_VF_yshaarj_yogg_cthun_2043259880595437_Mis_IV_DR_DS,85600,4.09%,
8T,AR_SW_VF_yshaarj_nzoth_yogg_4013851005542381_Mis_AM_DR,85597,4.09%,
8T,AR_SP_VF_yshaarj_nzoth_yogg_4013309906771949_IN_IV_ME_DS,85578,4.06%,
8T,AR_SW_VF_yshaarj_nzoth_yogg_4013584784154605_IN_AM_ME_DS,85575,4.06%,
8T,AR_EC_VF_yshaarj_nzoth_yogg_4013851072126957_Mis_AM_ME,85574,4.06%,
8T,AR_SP_VF_yshaarj_nzoth_yogg_4013438688165869_IN_IV_DR,85571,4.06%,
8T,AR_SW_VF_yshaarj_yogg_cthun_1988688092717037_IN_IV_ME,85549,4.03%,
8T,AR_SW_VF_yshaarj_yogg_cthun_1971370717994989_Mis_AM_ME,85546,4.02%,
8T,AR_SP_VF_yshaarj_yogg_cthun_2043259947180013_IN_IV_ME_DS,85542,4.02%,
8T,AR_SP_VF_yshaarj_yogg_cthun_2043259947180013_IN_IV_DR_DS,85539,4.02%,
8T,AR_SW_VF_yshaarj_nzoth_yogg_4013301316321261_IN_IV_ME,85537,4.01%,
8T,AR_SP_VF_yshaarj_nzoth_yogg_4013301316321261_IN_IV_DR,85534,4.01%,
8T,AR_SP_VF_yshaarj_nzoth_yogg_4013302390054893_IN_IV_DR,85528,4.00%,
8T,AR_SW_VF_yshaarj_yogg_cthun_1973432368881645_Mis_IV_ME,85525,4.00%,
8T,AR_SP_VF_yshaarj_yogg_cthun_1971233346150381_Mis_IV_DR,85521,3.99%,
8T,AR_SW_VF_yshaarj_yogg_cthun_1971233346150381_Mis_IV_ME,85519,3.99%,
8T,AR_EC_VF_yshaarj_nzoth_yogg_4014409417875437_Mis_AM_ME_DS,85518,3.99%,
8T,AR_EC_VF_yshaarj_yogg_cthun_1971370784579565_Mis_IV_ME,85515,3.99%,
8T,AR_SW_VF_yshaarj_yogg_cthun_1971250458910701_Mis_IV_DR_DS,85510,3.98%,
8T,AR_SP_VF_yshaarj_yogg_cthun_2043259880595437_IN_AM_DR_DS,85507,3.98%,
8T,AR_SP_VF_yshaarj_nzoth_yogg_4013318429081581_IN_IV_DR_DS,85499,3.97%,
8T,AR_SP_VF_yshaarj_yogg_cthun_2043259880079341_IN_IV_DR_DS,85490,3.96%,
8T,AR_SW_VF_yshaarj_nzoth_yogg_4013301584748525_IN_IV_ME,85479,3.94%,
8T,AR_EC_VF_yshaarj_yogg_cthun_1971234419367917_Mis_AM_DR,85467,3.93%,
8T,AR_SP_VF_yshaarj_yogg_cthun_1988688026132461_IN_AM_ME,85465,3.93%,
8T,AR_SP_VF_yshaarj_yogg_cthun_1973432368881645_Mis_IV_DR,85462,3.92%,
8T,AR_SW_VF_yshaarj_yogg_cthun_2043251357245421_Mis_IV_DR,85458,3.92%,
8T,AR_SW_VF_yshaarj_nzoth_yogg_4013301584748525_IN_AM_ME,85450,3.91%,
8T,AR_SW_VF_yshaarj_nzoth_yogg_4013584717053933_IN_IV_ME_DS,85448,3.91%,
8T,AR_SP_VF_yshaarj_nzoth_yogg_4014400827940845_Mis_AM_ME,85448,3.91%,
8T,AR_EC_VF_yshaarj_nzoth_yogg_4013309839671277_IN_AM_ME_DS,85445,3.90%,
8T,AR_EC_VF_yshaarj_yogg_cthun_1971233345634285_Mis_IV_ME,85442,3.90%,
8T,AR_EC_VF_yshaarj_nzoth_yogg_4013851072126957_Mis_AM_DR,85429,3.88%,
8T,AR_EC_VF_yshaarj_yogg_cthun_1988688026132461_Mis_AM_DR,85422,3.87%,
8T,AR_SW_VF_yshaarj_yogg_cthun_1971233346150381_Mis_AM_ME,85418,3.87%,
8T,AR_EC_VF_yshaarj_yogg_cthun_1971370717478893_Mis_IV_DR,85418,3.87%,
8T,AR_SP_VF_yshaarj_yogg_cthun_1988688025616365_IN_IV_ME,85415,3.87%,
8T,AR_EC_VF_yshaarj_nzoth_yogg_4013438688681965_Mis_IV_DR,85413,3.86%,
8T,AR_SW_VF_yshaarj_nzoth_yogg_4014400827940845_Mis_AM_DR,85400,3.85%,
8T,AR_SP_VF_yshaarj_yogg_cthun_1988688092717037_IN_IV_ME,85399,3.85%,
8T,AR_SP_VF_yshaarj_nzoth_yogg_4013584717053933_IN_AM_ME_DS,85385,3.83%,
8T,AR_SP_VF_yshaarj_yogg_cthun_1973432301780973_Mis_IV_ME,85384,3.83%,
8T,AR_SW_VF_yshaarj_yogg_cthun_1988688026132461_IN_AM_DR,85382,3.82%,
8T,AR_EC_VF_yshaarj_nzoth_yogg_4013576127119341_Mis_IV_DR,85379,3.82%,
8T,AR_SP_VF_yshaarj_nzoth_yogg_4013584784154605_IN_AM_ME_DS,85357,3.80%,
8T,AR_EC_VF_yshaarj_nzoth_yogg_4013309906771949_IN_IV_ME_DS,85350,3.79%,
8T,AR_EC_VF_yshaarj_yogg_cthun_1988688026132461_Mis_IV_ME,85346,3.78%,
8T,AR_EC_VF_yshaarj_nzoth_yogg_4013584717570029_Mis_IV_ME_DS,85344,3.78%,
8T,AR_SW_VF_yshaarj_nzoth_yogg_4013302390054893_IN_IV_ME,85340,3.77%,
8T,AR_SP_VF_yshaarj_nzoth_yogg_4013576127635437_Mis_AM_DR,85337,3.77%,
8T,AR_SP_VF_yshaarj_yogg_cthun_2043251290660845_Mis_AM_DR,85336,3.77%,
8T,AR_SP_VF_yshaarj_nzoth_yogg_4013438755266541_IN_AM_ME,85329,3.76%,
8T,AR_SW_VF_yshaarj_yogg_cthun_1971250458910701_Mis_AM_DR_DS,85326,3.76%,
8T,AR_SP_VF_yshaarj_nzoth_yogg_4013309906771949_IN_IV_DR_DS,85323,3.75%,
8T,AR_SW_VF_yshaarj_yogg_cthun_1971250525495277_IN_AM_DR_DS,85297,3.72%,
8T,AR_SP_VF_yshaarj_nzoth_yogg_4013851005542381_Mis_IV_ME,85280,3.70%,
8T,AR_SW_VF_yshaarj_yogg_cthun_1971233279049709_Mis_AM_ME,85278,3.70%,
8T,AR_SW_VF_yshaarj_yogg_cthun_1971370717994989_Mis_IV_ME,85273,3.69%,
8T,AR_SW_VF_yshaarj_yogg_cthun_1973432368881645_Mis_AM_DR,85270,3.69%,
8T,AR_EC_VF_yshaarj_nzoth_yogg_4013301316837357_Mis_IV_ME,85269,3.69%,
8T,AR_SW_VF_nzoth_yogg_cthun_3169151196987373_Mis_IV_DR,85261,3.68%,
8T,AR_EC_VF_yshaarj_nzoth_yogg_4014409350774765_Mis_IV_ME_DS,85255,3.67%,
8T,AR_EC_VF_yshaarj_yogg_cthun_1971233345634285_Mis_IV_DR,85241,3.65%,
8T,AR_EC_VF_yshaarj_nzoth_yogg_4013301316837357_Mis_AM_DR,85240,3.65%,
8T,AR_EC_VF_yshaarj_yogg_cthun_1971233614061549_Mis_AM_DR,85234,3.65%,
8T,AR_EC_VF_yshaarj_yogg_cthun_2043259880595437_Mis_AM_ME_DS,85231,3.64%,
8T,AR_SP_VF_yshaarj_nzoth_yogg_4014400760840173_Mis_AM_ME,85229,3.64%,
8T,AR_SP_VF_yshaarj_nzoth_yogg_4013302322954221_IN_AM_ME,85223,3.63%,
8T,AR_SW_VF_yshaarj_nzoth_yogg_4013438755266541_IN_IV_ME,85222,3.63%,
8T,AR_SW_VF_yshaarj_yogg_cthun_2043251290144749_Mis_IV_DR,85193,3.60%,
8T,AR_SW_VF_yshaarj_yogg_cthun_1971250458910701_Mis_IV_ME_DS,85193,3.60%,
8T,AR_SW_VF_yshaarj_yogg_cthun_1971234352267245_Mis_IV_ME,85193,3.60%,
8T,AR_EC_VF_yshaarj_yogg_cthun_1971370717478893_Mis_AM_ME,85181,3.58%,
8T,AR_SP_VF_yshaarj_nzoth_yogg_4013447278616557_IN_IV_ME_DS,85176,3.58%,
8T,AR_EC_VF_nzoth_yogg_cthun_3169159854022637_Mis_AM_ME_DS,85174,3.57%,
8T,AR_SP_VF_yshaarj_yogg_cthun_1971233279049709_Mis_IV_DR,85163,3.56%,
8T,AR_EC_VF_yshaarj_nzoth_yogg_4013310979989485_IN_IV_ME_DS,85161,3.56%,
8T,AR_SP_VF_nzoth_yogg_cthun_3169159854022637_IN_AM_DR_DS,85148,3.54%,
8T,AR_SP_VF_yshaarj_yogg_cthun_1973432368881645_Mis_IV_ME,85145,3.54%,
8T,AR_SP_VF_yshaarj_nzoth_yogg_4013310913404909_IN_IV_ME_DS,85143,3.54%,
8T,AR_EC_VF_yshaarj_nzoth_yogg_4013309839671277_IN_IV_DR_DS,85138,3.53%,
8T,AR_SP_VF_yshaarj_yogg_cthun_1971234419367917_IN_AM_DR,85136,3.53%,
8T,AR_EC_VF_yshaarj_nzoth_yogg_4013438688681965_Mis_AM_ME,85127,3.52%,
8T,AR_SW_VF_yshaarj_nzoth_yogg_4013310913404909_IN_AM_ME_DS,85122,3.51%,
8T,AR_SP_VF_nzoth_yogg_cthun_3169159787438061_Mis_IV_DR_DS,85121,3.51%,
8T,AR_SP_VF_yshaarj_nzoth_yogg_4013301584748525_IN_AM_ME,85121,3.51%,
8T,AR_EC_VF_yshaarj_yogg_cthun_2043251290144749_Mis_IV_ME,85118,3.50%,
8T,AR_SP_VF_yshaarj_yogg_cthun_1971233346150381_Mis_IV_ME,85116,3.50%,
8T,AR_EC_VF_yshaarj_yogg_cthun_1971234419367917_Mis_AM_ME,85112,3.50%,
8T,AR_EC_VF_yshaarj_nzoth_yogg_4013584717570029_Mis_IV_DR_DS,85103,3.49%,
8T,AR_SP_VF_yshaarj_nzoth_yogg_4013584784154605_IN_IV_ME_DS,85100,3.48%,
8T,AR_EC_VF_yshaarj_nzoth_yogg_4013302323470317_Mis_AM_DR,85092,3.47%,
8T,AR_SW_VF_yshaarj_nzoth_yogg_4013438688165869_IN_IV_ME,85091,3.47%,
8T,AR_SW_VF_nzoth_yogg_cthun_3169159787438061_Mis_AM_DR_DS,85085,3.46%,
8T,AR_EC_VF_yshaarj_yogg_cthun_1971234352267245_Mis_IV_ME,85075,3.45%,
8T,AR_SW_VF_yshaarj_yogg_cthun_2043259880079341_IN_AM_ME_DS,85073,3.45%,
8T,AR_SP_VF_yshaarj_nzoth_yogg_4013851005542381_Mis_AM_DR,85063,3.44%,
8T,AR_SP_VF_yshaarj_yogg_cthun_1988688026132461_IN_AM_DR,85048,3.42%,
8T,AR_SW_VF_yshaarj_yogg_cthun_1971233346150381_Mis_AM_DR,85046,3.42%,
8T,AR_SW_VF_yshaarj_nzoth_yogg_4013302322954221_IN_IV_DR,85038,3.41%,
8T,AR_SW_VF_yshaarj_nzoth_yogg_4013438688165869_IN_IV_DR,85034,3.40%,
8T,AR_EC_VF_yshaarj_yogg_cthun_1971234352267245_Mis_IV_DR,85031,3.40%,
8T,AR_SP_VF_yshaarj_nzoth_yogg_4014409351290861_Mis_AM_ME_DS,85022,3.39%,
8T,AR_SW_VF_yshaarj_nzoth_yogg_4013576194220013_Mis_AM_ME,85010,3.37%,
8T,AR_EC_VF_nzoth_yogg_cthun_3169159786921965_Mis_AM_ME_DS,85009,3.37%,
8T,AR_SW_VF_yshaarj_nzoth_yogg_4013851005542381_Mis_AM_ME,85003,3.36%,
8T,AR_SP_VF_yshaarj_nzoth_yogg_4013318496182253_IN_AM_ME_DS,85001,3.36%,
8T,AR_EC_VF_yshaarj_yogg_cthun_1971370784579565_Mis_AM_ME,84997,3.36%,
8T,AR_SP_VF_yshaarj_nzoth_yogg_4013447278616557_IN_IV_DR_DS,84992,3.35%,
8T,AR_SP_VF_yshaarj_yogg_cthun_1971233279049709_Mis_IV_ME,84964,3.32%,
8T,AR_EC_VF_yshaarj_yogg_cthun_1971233614061549_Mis_IV_ME,84958,3.31%,
8T,AR_EC_VF_yshaarj_nzoth_yogg_4013576194220013_Mis_AM_ME,84953,3.30%,
8T,AR_SP_VF_yshaarj_yogg_cthun_1973432301780973_Mis_IV_DR,84941,3.29%,
8T,AR_EC_VF_nzoth_yogg_cthun_3169159854022637_Mis_AM_DR_DS,84939,3.29%,
8T,AR_EC_VF_yshaarj_nzoth_yogg_4013302323470317_Mis_IV_DR,84932,3.28%,
8T,AR_SP_VF_nzoth_yogg_cthun_3169151264088045_Mis_IV_DR,84929,3.27%,
8T,AR_SW_VF_nzoth_yogg_cthun_3169151196987373_Mis_IV_ME,84924,3.27%,
8T,AR_SW_VF_yshaarj_yogg_cthun_2043259947180013_IN_IV_DR_DS,84923,3.27%,
8T,AR_SW_VF_yshaarj_nzoth_yogg_4013584784154605_IN_IV_DR_DS,84921,3.27%,
8T,AR_EC_VF_yshaarj_yogg_cthun_1971250458394605_Mis_IV_ME_DS,84914,3.26%,
8T,AR_EC_VF_yshaarj_nzoth_yogg_4013447278616557_IN_AM_DR_DS,84901,3.24%,
8T,AR_EC_VF_nzoth_yogg_cthun_3169159854022637_Mis_IV_DR_DS,84900,3.24%,
8T,AR_SP_VF_nzoth_yogg_cthun_3169151196987373_Mis_IV_ME,84894,3.23%,
8T,AR_SP_VF_yshaarj_nzoth_yogg_4014409417875437_Mis_IV_ME_DS,84890,3.23%,
8T,AR_SW_VF_yshaarj_nzoth_yogg_4013584717053933_IN_IV_DR_DS,84877,3.21%,
8T,AR_EC_VF_yshaarj_yogg_cthun_1971250525495277_Mis_IV_ME_DS,84869,3.20%,
8T,AR_SP_VF_yshaarj_nzoth_yogg_4013318496182253_IN_IV_DR_DS,84865,3.20%,
8T,AR_SW_VF_yshaarj_yogg_cthun_1988688025616365_IN_IV_ME,84861,3.19%,
8T,AR_SP_VF_yshaarj_nzoth_yogg_4013438688165869_IN_AM_ME,84854,3.18%,
8T,AR_SW_VF_yshaarj_nzoth_yogg_4013301316321261_IN_AM_DR,84843,3.17%,
8T,AR_SP_VF_yshaarj_yogg_cthun_2043251357245421_Mis_IV_DR,84841,3.17%,
8T,AR_SW_VF_yshaarj_yogg_cthun_1971233614061549_Mis_IV_DR,84836,3.16%,
8T,AR_SP_VF_yshaarj_nzoth_yogg_4013302390054893_IN_AM_ME,84829,3.15%,
8T,AR_SW_VF_yshaarj_nzoth_yogg_4013301316321261_IN_AM_ME,84823,3.15%,
8T,AR_SP_VF_yshaarj_yogg_cthun_1971370717994989_Mis_AM_ME,84820,3.14%,
8T,AR_SP_VF_yshaarj_nzoth_yogg_4013309839671277_IN_IV_ME_DS,84813,3.13%,
8T,AR_EC_VF_yshaarj_yogg_cthun_1988688026132461_Mis_IV_DR,84807,3.13%,
8T,AR_SW_VF_yshaarj_yogg_cthun_1971370784579565_Mis_IV_DR,84804,3.12%,
8T,AR_SW_VF_yshaarj_yogg_cthun_1971233345634285_Mis_IV_ME,84794,3.11%,
8T,AR_SW_VF_yshaarj_yogg_cthun_1973432301780973_Mis_AM_ME,84787,3.10%,
8T,AR_EC_VF_yshaarj_nzoth_yogg_4014409417875437_Mis_IV_DR_DS,84784,3.10%,
8T,AR_EC_VF_yshaarj_nzoth_yogg_4013301316837357_Mis_AM_ME,84783,3.10%,
8T,AR_SP_VF_yshaarj_yogg_cthun_1971250458910701_Mis_IV_DR_DS,84783,3.10%,
8T,AR_SW_VF_yshaarj_yogg_cthun_2043259947180013_IN_AM_ME_DS,84779,3.09%,
8T,AR_EC_VF_yshaarj_nzoth_yogg_4013851005026285_Mis_IV_ME,84776,3.09%,
8T,AR_SP_VF_yshaarj_nzoth_yogg_4013576127635437_Mis_AM_ME,84775,3.09%,
8T,AR_SW_VF_yshaarj_yogg_cthun_2043259947180013_IN_IV_ME_DS,84773,3.09%,
8T,AR_EC_VF_yshaarj_nzoth_yogg_4013301249736685_Mis_IV_ME,84772,3.08%,
8T,AR_SW_VF_yshaarj_nzoth_yogg_4013318496182253_IN_AM_ME_DS,84762,3.07%,
8T,AR_EC_VF_yshaarj_nzoth_yogg_4013301249736685_Mis_AM_ME,84753,3.06%,
8T,AR_EC_VF_yshaarj_nzoth_yogg_4013438688681965_Mis_AM_DR,84749,3.06%,
8T,AR_EC_VF_yshaarj_nzoth_yogg_4013851005026285_Mis_AM_DR,84743,3.05%,
8T,AR_SP_VF_yshaarj_nzoth_yogg_4013309839671277_IN_IV_DR_DS,84739,3.04%,
8T,AR_SW_VF_nzoth_yogg_cthun_3169151264088045_Mis_IV_ME,84739,3.04%,
8T,AR_SW_VF_nzoth_yogg_cthun_3169151196987373_Mis_AM_ME,84737,3.04%,
8T,AR_EC_VF_yshaarj_nzoth_yogg_4013309906771949_IN_AM_DR_DS,84728,3.03%,
8T,AR_SP_VF_yshaarj_yogg_cthun_2043259947180013_IN_AM_ME_DS,84728,3.03%,
8T,AR_SW_VF_yshaarj_yogg_cthun_1973432368881645_Mis_AM_ME,84727,3.03%,
8T,AR_SP_VF_yshaarj_yogg_cthun_1971234352783341_Mis_AM_DR,84725,3.03%,
8T,AR_SP_VF_nzoth_yogg_cthun_3169151264088045_Mis_AM_ME,84721,3.02%,
8T,AR_SW_VF_yshaarj_nzoth_yogg_4013584784154605_IN_IV_ME_DS,84716,3.02%,
8T,AR_SW_VF_yshaarj_nzoth_yogg_4014409351290861_Mis_AM_DR_DS,84716,3.02%,
8T,AR_EC_VF_yshaarj_nzoth_yogg_4013309839671277_IN_AM_DR_DS,84714,3.01%,
8T,AR_EC_VF_yshaarj_yogg_cthun_2043259880595437_Mis_IV_ME_DS,84699,3.00%,
8T,AR_SW_VF_yshaarj_nzoth_yogg_4013302322954221_IN_AM_ME,84699,2.99%,
8T,AR_SW_VF_yshaarj_nzoth_yogg_4013302390054893_IN_IV_DR,84682,2.97%,
8T,AR_SW_VF_yshaarj_yogg_cthun_2043251357245421_Mis_AM_ME,84677,2.97%,
8T,AR_SW_VF_nzoth_yogg_cthun_3169151264088045_Mis_AM_DR,84673,2.96%,
8T,AR_EC_VF_yshaarj_nzoth_yogg_4013310912888813_IN_IV_ME_DS,84668,2.96%,
8T,AR_SW_VF_yshaarj_nzoth_yogg_4013576194220013_Mis_IV_ME,84667,2.96%,
8T,AR_SW_VF_yshaarj_nzoth_yogg_4013301584748525_IN_IV_DR,84666,2.96%,
8T,AR_SW_VF_yshaarj_nzoth_yogg_4013438755266541_IN_IV_DR,84666,2.96%,
8T,AR_SP_VF_nzoth_yogg_cthun_3169151196987373_Mis_IV_DR,84666,2.95%,
8T,AR_EC_VF_yshaarj_nzoth_yogg_4014409350774765_Mis_AM_ME_DS,84663,2.95%,
8T,AR_SP_VF_yshaarj_nzoth_yogg_4014409351290861_Mis_AM_DR_DS,84660,2.95%,
8T,AR_SP_VF_yshaarj_nzoth_yogg_4013301316321261_IN_AM_ME,84654,2.94%,
8T,AR_SW_VF_yshaarj_nzoth_yogg_4013309906771949_IN_IV_DR_DS,84638,2.92%,
8T,AR_EC_VF_yshaarj_yogg_cthun_1971234352267245_Mis_AM_DR,84638,2.92%,
8T,AR_EC_VF_yshaarj_nzoth_yogg_4013301316837357_Mis_IV_DR,84636,2.92%,
8T,AR_EC_VF_yshaarj_nzoth_yogg_4013576127119341_Mis_AM_DR,84632,2.91%,
8T,AR_EC_VF_nzoth_yogg_cthun_3169159786921965_Mis_IV_DR_DS,84621,2.90%,
8T,AR_SW_VF_yshaarj_nzoth_yogg_4013318496182253_IN_IV_ME_DS,84614,2.89%,
8T,AR_SP_VF_yshaarj_yogg_cthun_1988688025616365_IN_AM_DR,84611,2.89%,
8T,AR_EC_VF_yshaarj_nzoth_yogg_4013584717570029_Mis_AM_ME_DS,84606,2.88%,
8T,AR_EC_VF_yshaarj_nzoth_yogg_4013302323470317_Mis_AM_ME,84603,2.88%,
8T,AR_SP_VF_yshaarj_nzoth_yogg_4013576194220013_Mis_IV_ME,84601,2.88%,
8T,AR_EC_VF_yshaarj_yogg_cthun_1971233614061549_Mis_AM_ME,84600,2.87%,
8T,AR_SP_VF_yshaarj_nzoth_yogg_4013438688165869_IN_AM_DR,84589,2.86%,
8T,AR_SP_VF_yshaarj_nzoth_yogg_4013310913404909_IN_IV_DR_DS,84588,2.86%,
8T,AR_SP_VF_yshaarj_nzoth_yogg_4013438688681965_Mis_IV_DR,84588,2.86%,
8T,AR_SW_VF_yshaarj_nzoth_yogg_4013309839671277_IN_AM_ME_DS,84586,2.86%,
8T,AR_SW_VF_yshaarj_yogg_cthun_1971370784579565_Mis_IV_ME,84577,2.85%,
8T,AR_SP_VF_yshaarj_yogg_cthun_2043251357245421_Mis_IV_ME,84564,2.83%,
8T,AR_SW_VF_yshaarj_nzoth_yogg_4013302322954221_IN_AM_DR,84562,2.83%,
8T,AR_SW_VF_yshaarj_yogg_cthun_1971250458910701_Mis_AM_ME_DS,84561,2.83%,
8T,AR_EC_VF_yshaarj_nzoth_yogg_4013438688681965_Mis_IV_ME,84561,2.83%,
8T,AR_EC_VF_yshaarj_nzoth_yogg_4013851005026285_Mis_AM_ME,84553,2.82%,
8T,AR_SW_VF_yshaarj_nzoth_yogg_4013438688165869_IN_AM_ME,84550,2.81%,
8T,AR_EC_VF_yshaarj_nzoth_yogg_4013301249736685_Mis_IV_DR,84550,2.81%,
8T,AR_SW_VF_yshaarj_nzoth_yogg_4013447278616557_IN_IV_ME_DS,84550,2.81%,
8T,AR_SP_VF_yshaarj_yogg_cthun_1988688092717037_IN_IV_DR,84544,2.81%,
8T,AR_EC_VF_yshaarj_nzoth_yogg_4013851072126957_Mis_IV_ME,84543,2.81%,
8T,AR_SP_VF_yshaarj_nzoth_yogg_4013584717053933_IN_AM_DR_DS,84536,2.80%,
8T,AR_SW_VF_yshaarj_nzoth_yogg_4013576127119341_Mis_IV_DR,84536,2.80%,
8T,AR_EC_VF_nzoth_yogg_cthun_3169159786921965_Mis_IV_ME_DS,84522,2.78%,
8T,AR_SW_VF_nzoth_yogg_cthun_3169151196987373_Mis_AM_DR,84521,2.78%,
8T,AR_EC_VF_yshaarj_nzoth_yogg_4013447278100461_IN_IV_DR_DS,84515,2.77%,
8T,AR_SW_VF_yshaarj_yogg_cthun_1973432301780973_Mis_AM_DR,84515,2.77%,
8T,AR_EC_VF_yshaarj_yogg_cthun_1971234419367917_Mis_IV_ME,84499,2.75%,
8T,AR_SW_VF_yshaarj_yogg_cthun_1971233614061549_Mis_IV_ME,84491,2.74%,
8T,AR_SP_VF_yshaarj_nzoth_yogg_4013301316321261_IN_AM_DR,84487,2.74%,
8T,AR_SW_VF_yshaarj_yogg_cthun_1971234352267245_Mis_IV_DR,84479,2.73%,
8T,AR_EC_VF_yshaarj_yogg_cthun_1971250458394605_Mis_IV_DR_DS,84475,2.72%,
8T,AR_SW_VF_yshaarj_nzoth_yogg_4013309906771949_IN_AM_ME_DS,84469,2.72%,
8T,AR_SP_VF_yshaarj_yogg_cthun_1971250458910701_Mis_IV_ME_DS,84469,2.72%,
8T,AR_SW_VF_yshaarj_yogg_cthun_1971370717478893_Mis_IV_DR,84467,2.71%,
8T,AR_SP_VF_yshaarj_nzoth_yogg_4013447278616557_IN_AM_ME_DS,84467,2.71%,
8T,AR_SP_VF_nzoth_yogg_cthun_3169159787438061_Mis_AM_ME_DS,84463,2.71%,
8T,AR_SP_VF_yshaarj_nzoth_yogg_4014409350774765_Mis_IV_ME_DS,84446,2.69%,
8T,AR_EC_VF_yshaarj_yogg_cthun_1971250525495277_Mis_IV_DR_DS,84442,2.68%,
8T,AR_SW_VF_yshaarj_yogg_cthun_1971370784579565_Mis_AM_DR,84421,2.66%,
8T,AR_SW_VF_yshaarj_nzoth_yogg_4013438688165869_IN_AM_DR,84415,2.65%,
8T,AR_SP_VF_yshaarj_nzoth_yogg_4013318429081581_IN_AM_ME_DS,84409,2.64%,
8T,AR_EC_VF_yshaarj_nzoth_yogg_4013447345201133_IN_AM_ME_DS,84404,2.64%,
8T,AR_SW_VF_yshaarj_nzoth_yogg_4013318429081581_IN_IV_ME_DS,84394,2.62%,
8T,AR_EC_VF_yshaarj_yogg_cthun_1971233345634285_Mis_AM_ME,84389,2.62%,
8T,AR_SP_VF_yshaarj_yogg_cthun_1971370717994989_Mis_AM_DR,84388,2.62%,
8T,AR_SW_VF_yshaarj_nzoth_yogg_4013584784154605_IN_AM_DR_DS,84381,2.61%,
8T,AR_SP_VF_yshaarj_nzoth_yogg_4013302390054893_IN_AM_DR,84367,2.59%,
8T,AR_SW_VF_yshaarj_yogg_cthun_1988688026132461_Mis_IV_DR,84366,2.59%,
8T,AR_SW_VF_yshaarj_yogg_cthun_1971234419367917_Mis_AM_DR,84365,2.59%,
8T,AR_SW_VF_yshaarj_yogg_cthun_1971370717478893_Mis_IV_ME,84364,2.59%,
8T,AR_EC_VF_yshaarj_yogg_cthun_2043259880595437_Mis_AM_DR_DS,84364,2.59%,
8T,AR_EC_VF_yshaarj_yogg_cthun_1988688026132461_Mis_AM_ME,84361,2.58%,
8T,AR_SP_VF_nzoth_yogg_cthun_3169159854022637_Mis_IV_ME_DS,84356,2.58%,
8T,AR_EC_VF_yshaarj_yogg_cthun_1971234419367917_Mis_IV_DR,84349,2.57%,
8T,AR_EC_VF_yshaarj_yogg_cthun_2043251290144749_Mis_AM_DR,84348,2.57%,
8T,AR_SW_VF_yshaarj_nzoth_yogg_4014400760840173_Mis_AM_DR,84340,2.56%,
8T,AR_EC_VF_yshaarj_yogg_cthun_1971250525495277_Mis_AM_DR_DS,84335,2.55%,
8T,AR_SW_VF_yshaarj_nzoth_yogg_4013447278616557_IN_AM_ME_DS,84334,2.55%,
8T,AR_SP_VF_nzoth_yogg_cthun_3169151264088045_Mis_AM_DR,84332,2.55%,
8T,AR_SW_VF_yshaarj_nzoth_yogg_4013309839671277_IN_IV_ME_DS,84332,2.55%,
8T,AR_SW_VF_yshaarj_yogg_cthun_1988688025616365_IN_IV_DR,84331,2.55%,
8T,AR_SW_VF_yshaarj_nzoth_yogg_4013301316321261_IN_IV_DR,84319,2.53%,
8T,AR_EC_VF_yshaarj_nzoth_yogg_4014409417875437_Mis_AM_DR_DS,84318,2.53%,
8T,AR_SW_VF_yshaarj_nzoth_yogg_4013584717053933_IN_AM_DR_DS,84317,2.53%,
8T,AR_SW_VF_yshaarj_nzoth_yogg_4013318429081581_IN_IV_DR_DS,84313,2.53%,
8T,AR_SP_VF_yshaarj_nzoth_yogg_4013301584748525_IN_AM_DR,84310,2.52%,
8T,AR_SW_VF_yshaarj_yogg_cthun_1988688092717037_IN_IV_DR,84303,2.51%,
8T,AR_SW_VF_yshaarj_yogg_cthun_2043259880079341_IN_IV_DR_DS,84302,2.51%,
8T,AR_SW_VF_yshaarj_nzoth_yogg_4013318429081581_IN_AM_ME_DS,84300,2.51%,
8T,AR_SP_VF_yshaarj_yogg_cthun_1971233346150381_Mis_AM_ME,84298,2.51%,
8T,AR_EC_VF_yshaarj_nzoth_yogg_4013310912888813_IN_AM_ME_DS,84291,2.50%,
8T,AR_SP_VF_yshaarj_yogg_cthun_1988688025616365_IN_IV_DR,84286,2.49%,
8T,AR_EC_VF_yshaarj_yogg_cthun_1971234352267245_Mis_AM_ME,84282,2.49%,
8T,AR_SP_VF_yshaarj_yogg_cthun_1988688025616365_IN_AM_ME,84270,2.47%,
8T,AR_SP_VF_yshaarj_yogg_cthun_2043259880079341_IN_AM_DR_DS,84269,2.47%,
8T,AR_SP_VF_yshaarj_yogg_cthun_1971233346150381_Mis_AM_DR,84258,2.46%,
8T,AR_SP_VF_yshaarj_nzoth_yogg_4013310913404909_IN_AM_ME_DS,84258,2.46%,
8T,AR_EC_VF_yshaarj_nzoth_yogg_4013309906255853_IN_IV_ME_DS,84256,2.46%,
8T,AR_SW_VF_yshaarj_yogg_cthun_2043259947180013_IN_AM_DR_DS,84254,2.45%,
8T,AR_SP_VF_yshaarj_nzoth_yogg_4013438755266541_IN_AM_DR,84243,2.44%,
8T,AR_SW_VF_yshaarj_yogg_cthun_2043251290144749_Mis_AM_ME,84243,2.44%,
8T,AR_SP_VF_yshaarj_nzoth_yogg_4013309906771949_IN_AM_ME_DS,84242,2.44%,
8T,AR_EC_VF_yshaarj_nzoth_yogg_4013310979989485_IN_AM_ME_DS,84238,2.43%,
8T,AR_SW_VF_yshaarj_nzoth_yogg_4013851005026285_Mis_IV_DR,84235,2.43%,
8T,AR_SW_VF_yshaarj_yogg_cthun_1971233279049709_Mis_AM_DR,84234,2.43%,
8T,AR_SP_VF_yshaarj_nzoth_yogg_4013309839671277_IN_AM_DR_DS,84230,2.42%,
8T,AR_EC_VF_yshaarj_nzoth_yogg_4013447345201133_IN_IV_DR_DS,84221,2.41%,
8T,AR_EC_VF_yshaarj_nzoth_yogg_4013447278100461_IN_IV_ME_DS,84220,2.41%,
8T,AR_EC_VF_yshaarj_yogg_cthun_1971250525495277_Mis_AM_ME_DS,84218,2.41%,
8T,AR_SP_VF_yshaarj_yogg_cthun_1971370784579565_Mis_IV_DR,84206,2.40%,
8T,AR_EC_VF_yshaarj_nzoth_yogg_4013310174683117_IN_AM_ME_DS,84204,2.39%,
8T,AR_SW_VF_yshaarj_nzoth_yogg_4013851072126957_Mis_IV_DR,84203,2.39%,
8T,AR_SP_VF_yshaarj_nzoth_yogg_4013438688681965_Mis_IV_ME,84200,2.39%,
8T,AR_SW_VF_yshaarj_nzoth_yogg_4013310913404909_IN_IV_DR_DS,84198,2.39%,
8T,AR_SP_VF_yshaarj_nzoth_yogg_4013302322954221_IN_AM_DR,84195,2.38%,
8T,AR_SW_VF_yshaarj_yogg_cthun_2043251357245421_Mis_IV_ME,84193,2.38%,
8T,AR_SW_VF_yshaarj_yogg_cthun_1971234419367917_Mis_IV_DR,84187,2.37%,
8T,AR_EC_VF_yshaarj_yogg_cthun_1971370717478893_Mis_AM_DR,84181,2.37%,
8T,AR_EC_VF_yshaarj_nzoth_yogg_4013318429597677_Mis_AM_ME_DS,84175,2.36%,
8T,AR_SW_VF_yshaarj_yogg_cthun_2043259880079341_IN_AM_DR_DS,84166,2.35%,
8T,AR_SP_VF_yshaarj_yogg_cthun_1988688092717037_IN_AM_ME,84163,2.34%,
8T,AR_SW_VF_yshaarj_yogg_cthun_2043251357245421_Mis_AM_DR,84144,2.32%,
8T,AR_SW_VF_yshaarj_nzoth_yogg_4013302390054893_IN_AM_DR,84144,2.32%,
8T,AR_SP_VF_yshaarj_nzoth_yogg_4013576127119341_Mis_IV_DR,84137,2.31%,
8T,AR_SP_VF_yshaarj_nzoth_yogg_4013576194220013_Mis_IV_DR,84134,2.31%,
8T,AR_EC_VF_yshaarj_nzoth_yogg_4013302323470317_Mis_IV_ME,84127,2.30%,
8T,AR_SP_VF_yshaarj_nzoth_yogg_4013318496182253_IN_AM_DR_DS,84125,2.30%,
8T,AR_SW_VF_yshaarj_yogg_cthun_1971233614061549_Mis_AM_ME,84125,2.30%,
8T,AR_SW_VF_yshaarj_yogg_cthun_1971250458394605_Mis_IV_DR_DS,84123,2.29%,
8T,AR_SW_VF_yshaarj_yogg_cthun_1971233345634285_Mis_IV_DR,84122,2.29%,
8T,AR_EC_VF_yshaarj_nzoth_yogg_4013318429597677_Mis_AM_DR_DS,84117,2.29%,
8T,AR_EC_VF_yshaarj_nzoth_yogg_4013584717570029_Mis_AM_DR_DS,84115,2.28%,
8T,AR_SP_VF_nzoth_yogg_cthun_3169159786921965_Mis_IV_ME_DS,84105,2.27%,
8T,AR_SW_VF_yshaarj_nzoth_yogg_4013447278616557_IN_IV_DR_DS,84097,2.26%,
8T,AR_SP_VF_yshaarj_yogg_cthun_2043251290660845_Mis_AM_ME,84092,2.26%,
8T,AR_SP_VF_yshaarj_yogg_cthun_1971370784579565_Mis_IV_ME,84091,2.26%,
8T,AR_SW_VF_yshaarj_nzoth_yogg_4013309906771949_IN_IV_ME_DS,84084,2.25%,
8T,AR_EC_VF_yshaarj_nzoth_yogg_4013310912888813_IN_AM_DR_DS,84080,2.24%,
8T,AR_SW_VF_yshaarj_nzoth_yogg_4014409417875437_Mis_IV_ME_DS,84068,2.23%,
8T,AR_SW_VF_yshaarj_nzoth_yogg_4013576127119341_Mis_AM_ME,84067,2.23%,
8T,AR_SP_VF_nzoth_yogg_cthun_3169151196987373_Mis_AM_ME,84051,2.21%,
8T,AR_SP_VF_yshaarj_nzoth_yogg_4013851072126957_Mis_IV_DR,84048,2.20%,
8T,AR_EC_VF_yshaarj_nzoth_yogg_4013310174683117_IN_IV_DR_DS,84041,2.19%,
8T,AR_EC_VF_yshaarj_nzoth_yogg_4013310174683117_IN_IV_ME_DS,84034,2.19%,
8T,AR_SP_VF_yshaarj_nzoth_yogg_4013851005026285_Mis_IV_ME,84028,2.18%,
8T,AR_SP_VF_yshaarj_yogg_cthun_1973432301780973_Mis_AM_ME,84005,2.15%,
8T,AR_SP_VF_yshaarj_nzoth_yogg_4013301316837357_Mis_IV_ME,84004,2.15%,
8T,AR_SW_VF_yshaarj_yogg_cthun_1971250525495277_Mis_IV_ME_DS,83998,2.14%,
8T,AR_SW_VF_yshaarj_nzoth_yogg_4013438755266541_IN_AM_DR,83996,2.14%,
8T,AR_SP_VF_yshaarj_yogg_cthun_2043259947180013_IN_AM_DR_DS,83994,2.14%,
8T,AR_SP_VF_yshaarj_yogg_cthun_1973432368881645_Mis_AM_ME,83978,2.12%,
8T,AR_EC_VF_yshaarj_nzoth_yogg_4013309906255853_IN_IV_DR_DS,83977,2.12%,
8T,AR_SP_VF_yshaarj_nzoth_yogg_4013576127119341_Mis_IV_ME,83966,2.10%,
8T,AR_SW_VF_yshaarj_nzoth_yogg_4013310913404909_IN_AM_DR_DS,83964,2.10%,
8T,AR_SP_VF_yshaarj_yogg_cthun_1971233614061549_Mis_IV_DR,83954,2.09%,
8T,AR_SW_VF_yshaarj_yogg_cthun_2043251290144749_Mis_IV_ME,83951,2.09%,
8T,AR_EC_VF_nzoth_yogg_cthun_3169159786921965_Mis_AM_DR_DS,83941,2.07%,
8T,AR_EC_VF_yshaarj_yogg_cthun_1971233345634285_Mis_AM_DR,83940,2.07%,
8T,AR_SW_VF_yshaarj_yogg_cthun_2043259880595437_Mis_IV_ME_DS,83939,2.07%,
8T,AR_SW_VF_yshaarj_nzoth_yogg_4013576194220013_Mis_IV_DR,83925,2.05%,
8T,AR_SW_VF_yshaarj_nzoth_yogg_4013301584748525_IN_AM_DR,83910,2.04%,
8T,AR_SW_VF_yshaarj_nzoth_yogg_4014409350774765_Mis_IV_ME_DS,83908,2.03%,
8T,AR_SW_VF_yshaarj_yogg_cthun_2043259880079341_IN_IV_ME_DS,83900,2.02%,
8T,AR_SW_VF_yshaarj_nzoth_yogg_4013309839671277_IN_IV_DR_DS,83890,2.01%,
8T,AR_SW_VF_yshaarj_yogg_cthun_1988688092717037_IN_AM_ME,83878,2.00%,
8T,AR_SW_VF_yshaarj_nzoth_yogg_4013438688681965_Mis_IV_DR,83871,1.99%,
8T,AR_SP_VF_yshaarj_nzoth_yogg_4013851005542381_Mis_AM_ME,83862,1.98%,
8T,AR_SP_VF_yshaarj_yogg_cthun_1971234352783341_Mis_AM_ME,83858,1.97%,
8T,AR_SW_VF_nzoth_yogg_cthun_3169159854022637_Mis_AM_ME_DS,83855,1.97%,
8T,AR_SP_VF_yshaarj_yogg_cthun_1971250458910701_Mis_AM_DR_DS,83852,1.97%,
8T,AR_SP_VF_yshaarj_yogg_cthun_1971234419367917_Mis_IV_DR,83845,1.96%,
8T,AR_SW_VF_yshaarj_nzoth_yogg_4013851005026285_Mis_IV_ME,83829,1.94%,
8T,AR_SW_VF_yshaarj_yogg_cthun_1988688025616365_IN_AM_DR,83828,1.94%,
8T,AR_EC_VF_yshaarj_nzoth_yogg_4013318429597677_Mis_IV_ME_DS,83824,1.93%,
8T,AR_EC_VF_yshaarj_yogg_cthun_1988688092717037_Mis_IV_DR,83820,1.93%,
8T,AR_SW_VF_yshaarj_yogg_cthun_2043259880595437_Mis_AM_ME_DS,83816,1.92%,
8T,AR_SW_VF_yshaarj_yogg_cthun_1971233614061549_Mis_AM_DR,83813,1.92%,
8T,AR_SW_VF_nzoth_yogg_cthun_3169159786921965_Mis_IV_ME_DS,83812,1.92%,
8T,AR_SW_VF_yshaarj_yogg_cthun_1971234419367917_Mis_IV_ME,83812,1.92%,
8T,AR_SW_VF_yshaarj_yogg_cthun_2043259880595437_Mis_IV_DR_DS,83809,1.91%,
8T,AR_EC_VF_yshaarj_nzoth_yogg_4013301249736685_Mis_AM_DR,83805,1.91%,
8T,AR_EC_VF_yshaarj_yogg_cthun_2043259947180013_Mis_IV_ME_DS,83798,1.90%,
8T,AR_SP_VF_yshaarj_yogg_cthun_2043259880595437_Mis_IV_ME_DS,83788,1.89%,
8T,AR_EC_VF_yshaarj_nzoth_yogg_4013309906255853_IN_AM_ME_DS,83785,1.88%,
8T,AR_SW_VF_nzoth_yogg_cthun_3169159786921965_Mis_AM_ME_DS,83781,1.88%,
8T,AR_SP_VF_yshaarj_nzoth_yogg_4013584717570029_Mis_IV_ME_DS,83761,1.85%,
8T,AR_SP_VF_yshaarj_yogg_cthun_1971233614061549_Mis_IV_ME,83759,1.85%,
8T,AR_SP_VF_nzoth_yogg_cthun_3169159787438061_Mis_AM_DR_DS,83758,1.85%,
8T,AR_SW_VF_yshaarj_nzoth_yogg_4013301249736685_Mis_IV_DR,83746,1.84%,
8T,AR_SP_VF_yshaarj_yogg_cthun_1973432368881645_Mis_AM_DR,83744,1.83%,
8T,AR_SW_VF_yshaarj_nzoth_yogg_4013318496182253_IN_IV_DR_DS,83744,1.83%,
8T,AR_SW_VF_nzoth_yogg_cthun_3169159854022637_Mis_IV_ME_DS,83743,1.83%,
8T,AR_SP_VF_yshaarj_yogg_cthun_2043259880079341_IN_AM_ME_DS,83740,1.83%,
8T,AR_EC_VF_yshaarj_nzoth_yogg_4013438755266541_Mis_AM_DR,83731,1.82%,
8T,AR_SW_VF_yshaarj_nzoth_yogg_4013576127119341_Mis_IV_ME,83709,1.79%,
8T,AR_SW_VF_yshaarj_nzoth_yogg_4013309839671277_IN_AM_DR_DS,83708,1.79%,
8T,AR_SW_VF_yshaarj_yogg_cthun_1971250458394605_Mis_IV_ME_DS,83708,1.79%,
8T,AR_SP_VF_yshaarj_yogg_cthun_2043251290144749_Mis_IV_DR,83707,1.79%,
8T,AR_EC_VF_yshaarj_yogg_cthun_2043259947180013_Mis_AM_ME_DS,83706,1.79%,
8T,AR_SP_VF_yshaarj_nzoth_yogg_4014400760840173_Mis_AM_DR,83705,1.79%,
8T,AR_SW_VF_yshaarj_yogg_cthun_1971370784579565_Mis_AM_ME,83704,1.78%,
8T,AR_SW_VF_yshaarj_yogg_cthun_1988688026132461_Mis_IV_ME,83702,1.78%,
8T,AR_EC_VF_yshaarj_nzoth_yogg_4013447345201133_IN_IV_ME_DS,83701,1.78%,
8T,AR_EC_VF_yshaarj_yogg_cthun_1971250458394605_Mis_AM_DR_DS,83697,1.78%,
8T,AR_EC_VF_yshaarj_nzoth_yogg_4013310979989485_IN_AM_DR_DS,83697,1.78%,
8T,AR_EC_VF_yshaarj_nzoth_yogg_4013310912888813_IN_IV_DR_DS,83693,1.77%,
8T,AR_SW_VF_yshaarj_nzoth_yogg_4013584717570029_Mis_IV_ME_DS,83684,1.76%,
8T,AR_SW_VF_yshaarj_nzoth_yogg_4013576194220013_Mis_AM_DR,83672,1.75%,
8T,AR_SP_VF_yshaarj_nzoth_yogg_4013302323470317_Mis_IV_ME,83669,1.74%,
8T,AR_EC_VF_yshaarj_nzoth_yogg_4014409350774765_Mis_IV_DR_DS,83662,1.73%,
8T,AR_SW_VF_nzoth_yogg_cthun_3169159786921965_Mis_IV_DR_DS,83658,1.73%,
8T,AR_EC_VF_yshaarj_yogg_cthun_1988688092717037_Mis_AM_DR,83657,1.73%,
8T,AR_EC_VF_yshaarj_yogg_cthun_1971250458394605_Mis_AM_ME_DS,83655,1.73%,
8T,AR_SW_VF_yshaarj_nzoth_yogg_4013851072126957_Mis_AM_DR,83648,1.72%,
8T,AR_EC_VF_yshaarj_nzoth_yogg_4013302390054893_Mis_AM_DR,83648,1.72%,
8T,AR_EC_VF_yshaarj_yogg_cthun_2043259947180013_Mis_IV_DR_DS,83647,1.72%,
8T,AR_SP_VF_yshaarj_nzoth_yogg_4014409350774765_Mis_IV_DR_DS,83643,1.71%,
8T,AR_EC_VF_yshaarj_nzoth_yogg_4013447278100461_IN_AM_ME_DS,83627,1.69%,
8T,AR_SP_VF_yshaarj_nzoth_yogg_4013309906255853_IN_IV_ME_DS,83624,1.69%,
8T,AR_SP_VF_yshaarj_nzoth_yogg_4013584784154605_IN_AM_DR_DS,83619,1.68%,
8T,AR_SP_VF_yshaarj_nzoth_yogg_4013301249736685_Mis_IV_ME,83601,1.66%,
8T,AR_SP_VF_yshaarj_yogg_cthun_1971370717478893_Mis_IV_DR,83590,1.65%,
8T,AR_SP_VF_yshaarj_nzoth_yogg_4013310912888813_IN_IV_ME_DS,83576,1.63%,
8T,AR_SP_VF_yshaarj_yogg_cthun_2043259880595437_Mis_IV_DR_DS,83563,1.61%,
8T,AR_SW_VF_nzoth_yogg_cthun_3169159854022637_Mis_AM_DR_DS,83545,1.59%,
8T,AR_EC_VF_yshaarj_nzoth_yogg_4013310979989485_IN_IV_DR_DS,83541,1.59%,
8T,AR_SW_VF_yshaarj_nzoth_yogg_4013438688681965_Mis_AM_DR,83537,1.58%,
8T,AR_SW_VF_yshaarj_nzoth_yogg_4013302323470317_Mis_IV_DR,83532,1.58%,
8T,AR_SW_VF_yshaarj_nzoth_yogg_4013438688681965_Mis_AM_ME,83527,1.57%,
8T,AR_SP_VF_yshaarj_yogg_cthun_1971370717478893_Mis_IV_ME,83513,1.55%,
8T,AR_SP_VF_yshaarj_nzoth_yogg_4014409417875437_Mis_AM_ME_DS,83508,1.55%,
8T,AR_EC_VF_yshaarj_nzoth_yogg_4013310174683117_IN_AM_DR_DS,83506,1.54%,
8T,AR_EC_VF_yshaarj_nzoth_yogg_4013301584748525_Mis_AM_ME,83503,1.54%,
8T,AR_SW_VF_yshaarj_nzoth_yogg_4013301316837357_Mis_IV_ME,83502,1.54%,
8T,AR_SW_VF_yshaarj_nzoth_yogg_4013851072126957_Mis_AM_ME,83500,1.54%,
8T,AR_SW_VF_yshaarj_yogg_cthun_1988688092717037_IN_AM_DR,83496,1.53%,
8T,AR_SW_VF_yshaarj_yogg_cthun_1971234419367917_Mis_AM_ME,83494,1.53%,
8T,AR_SP_VF_yshaarj_yogg_cthun_1971234352267245_Mis_IV_DR,83492,1.53%,
8T,AR_SW_VF_yshaarj_yogg_cthun_1988688025616365_IN_AM_ME,83481,1.51%,
8T,AR_SP_VF_yshaarj_nzoth_yogg_4013447345201133_IN_IV_ME_DS,83454,1.48%,
8T,AR_EC_VF_yshaarj_nzoth_yogg_4013584784154605_Mis_AM_ME_DS,83454,1.48%,
8T,AR_SW_VF_yshaarj_yogg_cthun_1971250525495277_Mis_AM_DR_DS,83451,1.48%,
8T,AR_SP_VF_yshaarj_yogg_cthun_1971233279049709_Mis_AM_DR,83448,1.47%,
8T,AR_SW_VF_yshaarj_nzoth_yogg_4013302323470317_Mis_AM_DR,83424,1.45%,
8T,AR_EC_VF_yshaarj_yogg_cthun_2043259880079341_Mis_AM_ME_DS,83414,1.43%,
8T,AR_SP_VF_yshaarj_yogg_cthun_1971250458910701_Mis_AM_ME_DS,83411,1.43%,
8T,AR_SP_VF_yshaarj_nzoth_yogg_4013302323470317_Mis_IV_DR,83396,1.41%,
8T,AR_EC_VF_yshaarj_yogg_cthun_2043259880079341_Mis_IV_ME_DS,83387,1.40%,
8T,AR_SW_VF_nzoth_yogg_cthun_3169159854022637_Mis_IV_DR_DS,83384,1.40%,
8T,AR_SW_VF_yshaarj_nzoth_yogg_4013310913404909_IN_IV_ME_DS,83384,1.40%,
8T,AR_SP_VF_yshaarj_yogg_cthun_1971233279049709_Mis_AM_ME,83383,1.39%,
8T,AR_SP_VF_nzoth_yogg_cthun_3169159854022637_Mis_IV_DR_DS,83369,1.38%,
8T,AR_SP_VF_yshaarj_yogg_cthun_2043251290144749_Mis_IV_ME,83367,1.38%,
8T,AR_SP_VF_yshaarj_nzoth_yogg_4013309906771949_IN_AM_DR_DS,83367,1.37%,
8T,AR_SP_VF_yshaarj_nzoth_yogg_4013310979989485_IN_IV_ME_DS,83356,1.36%,
8T,AR_EC_VF_yshaarj_nzoth_yogg_4013447345201133_IN_AM_DR_DS,83356,1.36%,
8T,AR_EC_VF_yshaarj_nzoth_yogg_4013301584748525_Mis_IV_DR,83354,1.36%,
8T,AR_EC_VF_yshaarj_nzoth_yogg_4013584784154605_Mis_IV_ME_DS,83347,1.35%,
8T,AR_SW_VF_yshaarj_nzoth_yogg_4013318496182253_IN_AM_DR_DS,83338,1.34%,
8T,AR_SP_VF_yshaarj_yogg_cthun_1971233345634285_Mis_IV_DR,83331,1.33%,
8T,AR_EC_VF_yshaarj_nzoth_yogg_4013301584748525_Mis_AM_DR,83325,1.32%,
8T,AR_EC_VF_yshaarj_nzoth_yogg_4013584717053933_Mis_IV_ME_DS,83314,1.31%,
8T,AR_EC_VF_yshaarj_nzoth_yogg_4013438755266541_Mis_IV_ME,83312,1.31%,
8T,AR_EC_VF_yshaarj_yogg_cthun_1988688092717037_Mis_IV_ME,83310,1.31%,
8T,AR_SW_VF_yshaarj_nzoth_yogg_4013301316837357_Mis_AM_ME,83305,1.30%,
8T,AR_SP_VF_yshaarj_nzoth_yogg_4013309839671277_IN_AM_ME_DS,83305,1.30%,
8T,AR_EC_VF_yshaarj_nzoth_yogg_4013438755266541_Mis_IV_DR,83299,1.29%,
8T,AR_SW_VF_yshaarj_yogg_cthun_2043259880595437_Mis_AM_DR_DS,83298,1.29%,
8T,AR_SP_VF_nzoth_yogg_cthun_3169159786921965_Mis_IV_DR_DS,83289,1.28%,
8T,AR_SW_VF_yshaarj_nzoth_yogg_4014409417875437_Mis_AM_ME_DS,83280,1.27%,
8T,AR_SP_VF_yshaarj_nzoth_yogg_4013318429081581_IN_AM_DR_DS,83278,1.27%,
8T,AR_SP_VF_yshaarj_nzoth_yogg_4013310174683117_IN_IV_ME_DS,83273,1.26%,
8T,AR_SP_VF_yshaarj_yogg_cthun_1988688026132461_Mis_IV_DR,83262,1.25%,
8T,AR_EC_VF_yshaarj_nzoth_yogg_4013302390054893_Mis_IV_ME,83258,1.24%,
8T,AR_SW_VF_yshaarj_nzoth_yogg_4013851005026285_Mis_AM_ME,83247,1.23%,
8T,AR_EC_VF_yshaarj_nzoth_yogg_4013301316321261_Mis_IV_DR,83229,1.21%,
8T,AR_SP_VF_yshaarj_nzoth_yogg_4013576127119341_Mis_AM_ME,83224,1.20%,
8T,AR_SP_VF_yshaarj_nzoth_yogg_4013447278100461_IN_IV_ME_DS,83218,1.19%,
8T,AR_SW_VF_yshaarj_nzoth_yogg_4013301249736685_Mis_IV_ME,83218,1.19%,
8T,AR_SP_VF_yshaarj_nzoth_yogg_4013310913404909_IN_AM_DR_DS,83213,1.19%,
8T,AR_SP_VF_yshaarj_yogg_cthun_1971234419367917_Mis_IV_ME,83213,1.19%,
8T,AR_SW_VF_yshaarj_nzoth_yogg_4013584717570029_Mis_AM_ME_DS,83210,1.18%,
8T,AR_SW_VF_yshaarj_yogg_cthun_1971250525495277_Mis_IV_DR_DS,83205,1.18%,
8T,AR_SP_VF_yshaarj_nzoth_yogg_4014409417875437_Mis_IV_DR_DS,83204,1.18%,
8T,AR_SP_VF_yshaarj_nzoth_yogg_4013584717570029_Mis_AM_ME_DS,83197,1.17%,
8T,AR_SW_VF_yshaarj_nzoth_yogg_4014409417875437_Mis_IV_DR_DS,83190,1.16%,
8T,AR_SP_VF_yshaarj_nzoth_yogg_4013447345201133_IN_AM_ME_DS,83188,1.16%,
8T,AR_SW_VF_yshaarj_nzoth_yogg_4013576127119341_Mis_AM_DR,83180,1.15%,
8T,AR_SW_VF_yshaarj_yogg_cthun_2043251290144749_Mis_AM_DR,83180,1.15%,
8T,AR_EC_VF_yshaarj_yogg_cthun_1988688025616365_Mis_IV_DR,83170,1.14%,
8T,AR_SP_VF_yshaarj_yogg_cthun_1971234352267245_Mis_IV_ME,83170,1.14%,
8T,AR_SW_VF_yshaarj_nzoth_yogg_4013302323470317_Mis_AM_ME,83169,1.13%,
8T,AR_SP_VF_yshaarj_yogg_cthun_1971250525495277_Mis_IV_DR_DS,83167,1.13%,
8T,AR_SP_VF_yshaarj_yogg_cthun_1988688092717037_IN_AM_DR,83164,1.13%,
8T,AR_EC_VF_yshaarj_nzoth_yogg_4013438688165869_Mis_AM_ME,83162,1.13%,
8T,AR_SP_VF_yshaarj_nzoth_yogg_4013576194220013_Mis_AM_ME,83159,1.12%,
8T,AR_EC_VF_yshaarj_nzoth_yogg_4013301584748525_Mis_IV_ME,83152,1.11%,
8T,AR_SP_VF_yshaarj_nzoth_yogg_4013851072126957_Mis_IV_ME,83139,1.10%,
8T,AR_EC_VF_yshaarj_nzoth_yogg_4013447278100461_IN_AM_DR_DS,83127,1.08%,
8T,AR_SP_VF_yshaarj_nzoth_yogg_4013584717570029_Mis_IV_DR_DS,83125,1.08%,
8T,AR_SW_VF_yshaarj_nzoth_yogg_4013301316837357_Mis_IV_DR,83124,1.08%,
8T,AR_SW_VF_yshaarj_nzoth_yogg_4013309906771949_IN_AM_DR_DS,83121,1.08%,
8T,AR_SW_VF_yshaarj_yogg_cthun_1971250525495277_Mis_AM_ME_DS,83104,1.06%,
8T,AR_SP_VF_yshaarj_nzoth_yogg_4013309906255853_IN_IV_DR_DS,83096,1.05%,
8T,AR_SP_VF_yshaarj_yogg_cthun_2043251357245421_Mis_AM_DR,83096,1.05%,
8T,AR_EC_VF_yshaarj_nzoth_yogg_4013309906255853_IN_AM_DR_DS,83096,1.05%,
8T,AR_SW_VF_yshaarj_nzoth_yogg_4014409350774765_Mis_IV_DR_DS,83092,1.04%,
8T,AR_EC_VF_yshaarj_nzoth_yogg_4013301316321261_Mis_IV_ME,83082,1.03%,
8T,AR_EC_VF_yshaarj_nzoth_yogg_4013302390054893_Mis_IV_DR,83074,1.02%,
8T,AR_SP_VF_yshaarj_nzoth_yogg_4013310912888813_IN_IV_DR_DS,83074,1.02%,
8T,AR_SP_VF_yshaarj_yogg_cthun_1971233345634285_Mis_IV_ME,83064,1.01%,
8T,AR_SW_VF_yshaarj_nzoth_yogg_4013438688681965_Mis_IV_ME,83061,1.00%,
8T,AR_SP_VF_yshaarj_nzoth_yogg_4013301249736685_Mis_IV_DR,83061,1.00%,
8T,AR_SW_VF_yshaarj_yogg_cthun_1971370717478893_Mis_AM_DR,83054,0.99%,
8T,AR_SW_VF_yshaarj_yogg_cthun_1971233345634285_Mis_AM_ME,83045,0.98%,
8T,AR_SW_VF_yshaarj_nzoth_yogg_4013318429597677_Mis_IV_ME_DS,83042,0.98%,
8T,AR_SP_VF_yshaarj_nzoth_yogg_4013851072126957_Mis_AM_DR,83038,0.98%,
8T,AR_SP_VF_yshaarj_nzoth_yogg_4013851005026285_Mis_IV_DR,83033,0.97%,
8T,AR_EC_VF_yshaarj_nzoth_yogg_4013438688165869_Mis_IV_DR,83033,0.97%,
8T,AR_SP_VF_yshaarj_nzoth_yogg_4013447345201133_IN_IV_DR_DS,83032,0.97%,
8T,AR_SP_VF_yshaarj_nzoth_yogg_4013310979989485_IN_IV_DR_DS,83026,0.96%,
8T,AR_SW_VF_yshaarj_yogg_cthun_1971370717478893_Mis_AM_ME,83012,0.94%,
8T,AR_SP_VF_yshaarj_yogg_cthun_1988688026132461_Mis_IV_ME,83009,0.94%,
8T,AR_SP_VF_nzoth_yogg_cthun_3169159854022637_Mis_AM_DR_DS,83007,0.94%,
8T,AR_SW_VF_yshaarj_nzoth_yogg_4013584717570029_Mis_IV_DR_DS,83007,0.94%,
8T,AR_SP_VF_yshaarj_yogg_cthun_1973432301780973_Mis_AM_DR,83001,0.93%,
8T,AR_SW_VF_yshaarj_yogg_cthun_1971250458394605_Mis_AM_ME_DS,82996,0.92%,
8T,AR_SP_VF_yshaarj_nzoth_yogg_4013576194220013_Mis_AM_DR,82992,0.92%,
8T,AR_SP_VF_yshaarj_nzoth_yogg_4013302323470317_Mis_AM_DR,82984,0.91%,
8T,AR_EC_VF_yshaarj_nzoth_yogg_4013447278616557_Mis_IV_ME_DS,82974,0.90%,
8T,AR_SW_VF_yshaarj_yogg_cthun_1971234352267245_Mis_AM_ME,82969,0.89%,
8T,AR_EC_VF_yshaarj_nzoth_yogg_4013318429597677_Mis_IV_DR_DS,82954,0.87%,
8T,AR_EC_VF_yshaarj_nzoth_yogg_4013438755266541_Mis_AM_ME,82951,0.87%,
8T,AR_EC_VF_yshaarj_nzoth_yogg_4013302322954221_Mis_IV_ME,82945,0.86%,
8T,AR_SP_VF_yshaarj_yogg_cthun_1971250458394605_Mis_IV_ME_DS,82938,0.85%,
8T,AR_EC_VF_yshaarj_yogg_cthun_1988688025616365_Mis_IV_ME,82931,0.85%,
8T,AR_SP_VF_yshaarj_nzoth_yogg_4013447278616557_IN_AM_DR_DS,82925,0.84%,
8T,AR_SW_VF_yshaarj_nzoth_yogg_4013851072126957_Mis_IV_ME,82912,0.82%,
8T,AR_SP_VF_yshaarj_yogg_cthun_2043251290144749_Mis_AM_ME,82910,0.82%,
8T,AR_SW_VF_yshaarj_nzoth_yogg_4013318429081581_IN_AM_DR_DS,82903,0.81%,
8T,AR_EC_VF_yshaarj_nzoth_yogg_4013302322954221_Mis_IV_DR,82893,0.80%,
8T,AR_SP_VF_yshaarj_yogg_cthun_2043251357245421_Mis_AM_ME,82893,0.80%,
8T,AR_EC_VF_yshaarj_nzoth_yogg_4013302390054893_Mis_AM_ME,82893,0.80%,
8T,AR_SW_VF_yshaarj_nzoth_yogg_4013584717570029_Mis_AM_DR_DS,82883,0.79%,
8T,AR_SW_VF_yshaarj_yogg_cthun_1971234352267245_Mis_AM_DR,82870,0.77%,
8T,AR_SW_VF_yshaarj_yogg_cthun_1988688026132461_Mis_AM_ME,82869,0.77%,
8T,AR_SP_VF_yshaarj_nzoth_yogg_4013438688681965_Mis_AM_DR,82867,0.77%,
8T,AR_EC_VF_yshaarj_nzoth_yogg_4013310913404909_Mis_IV_ME_DS,82866,0.77%,
8T,AR_SW_VF_yshaarj_nzoth_yogg_4013302323470317_Mis_IV_ME,82863,0.76%,
8T,AR_EC_VF_yshaarj_nzoth_yogg_4014409350774765_Mis_AM_DR_DS,82862,0.76%,
8T,AR_EC_VF_yshaarj_nzoth_yogg_4013584784154605_Mis_IV_DR_DS,82857,0.75%,
8T,AR_SW_VF_yshaarj_nzoth_yogg_4014409350774765_Mis_AM_ME_DS,82835,0.73%,
8T,AR_SW_VF_yshaarj_yogg_cthun_1988688026132461_Mis_AM_DR,82833,0.73%,
8T,AR_SP_VF_nzoth_yogg_cthun_3169151196987373_Mis_AM_DR,82816,0.70%,
8T,AR_EC_VF_yshaarj_nzoth_yogg_4013302322954221_Mis_AM_ME,82810,0.70%,
8T,AR_EC_VF_yshaarj_nzoth_yogg_4013301316321261_Mis_AM_ME,82798,0.68%,
8T,AR_EC_VF_yshaarj_nzoth_yogg_4013309906771949_Mis_IV_ME_DS,82777,0.66%,
8T,AR_EC_VF_yshaarj_nzoth_yogg_4013447278616557_Mis_AM_ME_DS,82747,0.62%,
8T,AR_EC_VF_yshaarj_yogg_cthun_1988688025616365_Mis_AM_ME,82738,0.61%,
8T,AR_SP_VF_yshaarj_yogg_cthun_1971234419367917_Mis_AM_DR,82722,0.59%,
8T,AR_SP_VF_yshaarj_nzoth_yogg_4013310174683117_IN_AM_ME_DS,82699,0.56%,
8T,AR_SP_VF_yshaarj_nzoth_yogg_4013318429597677_Mis_IV_ME_DS,82695,0.56%,
8T,AR_EC_VF_yshaarj_nzoth_yogg_4013438688165869_Mis_IV_ME,82694,0.56%,
8T,AR_SW_VF_yshaarj_nzoth_yogg_4013301316837357_Mis_AM_DR,82683,0.54%,
8T,AR_SW_VF_yshaarj_nzoth_yogg_4013310979989485_IN_IV_DR_DS,82679,0.54%,
8T,AR_SP_VF_yshaarj_nzoth_yogg_4014409350774765_Mis_AM_ME_DS,82676,0.54%,
8T,AR_EC_VF_yshaarj_nzoth_yogg_4013309839671277_Mis_AM_ME_DS,82671,0.53%,
8T,AR_SP_VF_yshaarj_nzoth_yogg_4013318429597677_Mis_IV_DR_DS,82663,0.52%,
8T,AR_SP_VF_yshaarj_nzoth_yogg_4013447278100461_IN_IV_DR_DS,82635,0.49%,
8T,AR_SW_VF_yshaarj_nzoth_yogg_4013310979989485_IN_AM_ME_DS,82634,0.48%,
8T,AR_SP_VF_nzoth_yogg_cthun_3169159854022637_Mis_AM_ME_DS,82633,0.48%,
8T,AR_EC_VF_yshaarj_nzoth_yogg_4013318429081581_Mis_IV_DR_DS,82632,0.48%,
8T,AR_EC_VF_yshaarj_nzoth_yogg_4013584784154605_Mis_AM_DR_DS,82623,0.47%,
8T,AR_EC_VF_yshaarj_nzoth_yogg_4013318496182253_Mis_AM_DR_DS,82616,0.46%,
8T,AR_SP_VF_nzoth_yogg_cthun_3169159786921965_Mis_AM_ME_DS,82610,0.45%,
8T,AR_SP_VF_yshaarj_yogg_cthun_1971233614061549_Mis_AM_ME,82594,0.44%,
8T,AR_SW_VF_yshaarj_nzoth_yogg_4013447345201133_IN_IV_DR_DS,82589,0.43%,
8T,AR_SP_VF_yshaarj_nzoth_yogg_4013302323470317_Mis_AM_ME,82560,0.39%,
8T,AR_EC_VF_yshaarj_yogg_cthun_2043259947180013_Mis_AM_DR_DS,82542,0.37%,
8T,AR_SP_VF_yshaarj_yogg_cthun_1971370784579565_Mis_AM_DR,82534,0.36%,
8T,AR_EC_VF_yshaarj_nzoth_yogg_4013584717053933_Mis_IV_DR_DS,82529,0.36%,
8T,AR_EC_VF_yshaarj_nzoth_yogg_4013447278616557_Mis_AM_DR_DS,82529,0.36%,
8T,AR_EC_VF_yshaarj_nzoth_yogg_4013310913404909_Mis_AM_ME_DS,82516,0.34%,
8T,AR_SP_VF_yshaarj_yogg_cthun_1971370784579565_Mis_AM_ME,82512,0.34%,
8T,AR_SW_VF_yshaarj_nzoth_yogg_4013318429597677_Mis_AM_DR_DS,82506,0.33%,
8T,AR_SP_VF_yshaarj_yogg_cthun_2043259880595437_Mis_AM_DR_DS,82501,0.32%,
8T,AR_SP_VF_yshaarj_yogg_cthun_1971233614061549_Mis_AM_DR,82471,0.29%,
8T,AR_SP_VF_yshaarj_nzoth_yogg_4013301316837357_Mis_AM_DR,82462,0.27%,
8T,AR_SW_VF_yshaarj_yogg_cthun_1971233345634285_Mis_AM_DR,82461,0.27%,
8T,AR_EC_VF_yshaarj_nzoth_yogg_4013584717053933_Mis_AM_ME_DS,82456,0.27%,
8T,AR_SW_VF_yshaarj_nzoth_yogg_4013447345201133_IN_AM_ME_DS,82450,0.26%,
8T,AR_SP_VF_yshaarj_yogg_cthun_1971250525495277_Mis_IV_ME_DS,82448,0.26%,
8T,AR_SP_VF_yshaarj_nzoth_yogg_4013301316837357_Mis_IV_DR,82436,0.24%,
8T,AR_SW_VF_yshaarj_nzoth_yogg_4013310912888813_IN_AM_ME_DS,82425,0.23%,
8T,AR_SP_VF_yshaarj_nzoth_yogg_4013310174683117_IN_IV_DR_DS,82411,0.21%,
8T,AR_SP_VF_yshaarj_yogg_cthun_1971250458394605_Mis_IV_DR_DS,82405,0.21%,
8T,AR_EC_VF_yshaarj_yogg_cthun_2043259880079341_Mis_IV_DR_DS,82398,0.20%,
8T,AR_SW_VF_yshaarj_yogg_cthun_1988688025616365_Mis_IV_DR,82391,0.19%,
8T,AR_SW_VF_yshaarj_nzoth_yogg_4013851005026285_Mis_AM_DR,82391,0.19%,
8T,AR_SW_VF_yshaarj_yogg_cthun_1988688092717037_Mis_IV_DR,82376,0.17%,
8T,AR_SP_VF_yshaarj_yogg_cthun_2043259880595437_Mis_AM_ME_DS,82347,0.13%,
8T,AR_SW_VF_yshaarj_nzoth_yogg_4013301249736685_Mis_AM_ME,82335,0.12%,
8T,AR_SP_VF_yshaarj_nzoth_yogg_4013310912888813_IN_AM_ME_DS,82310,0.09%,
8T,AR_EC_VF_yshaarj_yogg_cthun_1988688092717037_Mis_AM_ME,82302,0.08%,
8T,AR_SW_VF_yshaarj_nzoth_yogg_4013310912888813_IN_IV_ME_DS,82302,0.08%,
8T,AR_SP_VF_yshaarj_nzoth_yogg_4013851005026285_Mis_AM_ME,82295,0.07%,
8T,AR_EC_VF_yshaarj_nzoth_yogg_4013302322954221_Mis_AM_DR,82292,0.07%,
8T,AR_SP_VF_yshaarj_nzoth_yogg_4013438688681965_Mis_AM_ME,82291,0.07%,
8T,AR_SP_VF_yshaarj_nzoth_yogg_4013301316837357_Mis_AM_ME,82284,0.06%,
8T,AR_EC_VF_yshaarj_nzoth_yogg_4013309839671277_Mis_IV_ME_DS,82282,0.06%,
8T,AR_SW_VF_yshaarj_nzoth_yogg_4013318429597677_Mis_IV_DR_DS,82277,0.05%,
8T,AR_SW_VF_yshaarj_nzoth_yogg_4013447278616557_IN_AM_DR_DS,82275,0.05%,
8T,AR_SP_VF_yshaarj_nzoth_yogg_4013438755266541_Mis_IV_ME,82270,0.04%,
8T,AR_EC_VF_yshaarj_nzoth_yogg_4013310913404909_Mis_IV_DR_DS,82263,0.03%,
8T,AR_EC_VF_yshaarj_yogg_cthun_2043259880079341_Mis_AM_DR_DS,82261,0.03%,
8T,AR_SP_VF_yshaarj_yogg_cthun_1971234419367917_Mis_AM_ME,82249,0.02%,
8T,AR_EC_VF_yshaarj_nzoth_yogg_4013309906771949_Mis_IV_DR_DS,82242,0.01%,
8T,Base,82236,0.00%,
8T,AR_SP_VF_yshaarj_yogg_cthun_1971370717478893_Mis_AM_ME,82232,-0.01%,
8T,AR_SP_VF_nzoth_yogg_cthun_3169159786921965_Mis_AM_DR_DS,82224,-0.01%,
8T,AR_EC_VF_yshaarj_nzoth_yogg_4013447278616557_Mis_IV_DR_DS,82218,-0.02%,
8T,AR_SP_VF_yshaarj_nzoth_yogg_4013301249736685_Mis_AM_ME,82213,-0.03%,
8T,AR_SW_VF_nzoth_yogg_cthun_3169159786921965_Mis_AM_DR_DS,82213,-0.03%,
8T,AR_SP_VF_yshaarj_yogg_cthun_1971370717478893_Mis_AM_DR,82207,-0.04%,
8T,AR_EC_VF_yshaarj_nzoth_yogg_4013309906771949_Mis_AM_DR_DS,82193,-0.05%,
8T,AR_SP_VF_yshaarj_nzoth_yogg_4013851072126957_Mis_AM_ME,82191,-0.06%,
8T,AR_SP_VF_yshaarj_yogg_cthun_2043259880079341_Mis_IV_ME_DS,82187,-0.06%,
8T,AR_SP_VF_yshaarj_yogg_cthun_2043259947180013_Mis_AM_DR_DS,82172,-0.08%,
8T,AR_SP_VF_yshaarj_nzoth_yogg_4013301584748525_Mis_IV_ME,82168,-0.08%,
8T,AR_SW_VF_yshaarj_yogg_cthun_1971250458394605_Mis_AM_DR_DS,82161,-0.09%,
8T,AR_SW_VF_yshaarj_yogg_cthun_2043259947180013_Mis_AM_DR_DS,82159,-0.09%,
8T,AR_SP_VF_yshaarj_nzoth_yogg_4013584784154605_Mis_IV_ME_DS,82138,-0.12%,
8T,AR_SP_VF_yshaarj_yogg_cthun_1971250525495277_Mis_AM_DR_DS,82136,-0.12%,
8T,AR_EC_VF_yshaarj_nzoth_yogg_4013438688165869_Mis_AM_DR,82127,-0.13%,
8T,AR_EC_VF_yshaarj_nzoth_yogg_4013301316321261_Mis_AM_DR,82111,-0.15%,
8T,AR_SW_VF_yshaarj_nzoth_yogg_4013438688165869_Mis_IV_DR,82109,-0.15%,
8T,AR_EC_VF_yshaarj_yogg_cthun_1988688025616365_Mis_AM_DR,82109,-0.16%,
8T,AR_SW_VF_yshaarj_nzoth_yogg_4013301249736685_Mis_AM_DR,82107,-0.16%,
8T,AR_SP_VF_yshaarj_nzoth_yogg_4013310979989485_IN_AM_ME_DS,82102,-0.16%,
8T,AR_SP_VF_yshaarj_nzoth_yogg_4013584717570029_Mis_AM_DR_DS,82094,-0.17%,
8T,AR_SW_VF_yshaarj_yogg_cthun_1988688025616365_Mis_IV_ME,82086,-0.18%,
8T,AR_SP_VF_yshaarj_nzoth_yogg_4013438755266541_Mis_IV_DR,82086,-0.18%,
8T,AR_SW_VF_yshaarj_nzoth_yogg_4013447278100461_IN_IV_DR_DS,82056,-0.22%,
8T,AR_SW_VF_yshaarj_nzoth_yogg_4013310912888813_IN_AM_DR_DS,82055,-0.22%,
8T,AR_SW_VF_yshaarj_nzoth_yogg_4013302322954221_Mis_IV_DR,82042,-0.24%,
8T,AR_SW_VF_yshaarj_yogg_cthun_2043259947180013_Mis_IV_DR_DS,82040,-0.24%,
8T,AR_EC_VF_yshaarj_nzoth_yogg_4013310913404909_Mis_AM_DR_DS,82039,-0.24%,
8T,AR_SW_VF_yshaarj_nzoth_yogg_4013584784154605_Mis_AM_ME_DS,82036,-0.24%,
8T,AR_SW_VF_yshaarj_nzoth_yogg_4013447345201133_IN_IV_ME_DS,82023,-0.26%,
8T,AR_SP_VF_yshaarj_nzoth_yogg_4013447278100461_IN_AM_ME_DS,82022,-0.26%,
8T,AR_SP_VF_yshaarj_yogg_cthun_1988688092717037_Mis_IV_DR,82022,-0.26%,
8T,AR_SW_VF_yshaarj_nzoth_yogg_4013301316321261_Mis_IV_DR,82017,-0.27%,
8T,AR_SP_VF_yshaarj_nzoth_yogg_4013309906255853_IN_AM_ME_DS,81990,-0.30%,
8T,AR_SP_VF_yshaarj_nzoth_yogg_4013302322954221_Mis_IV_DR,81985,-0.31%,
8T,AR_SP_VF_yshaarj_nzoth_yogg_4013318429597677_Mis_AM_DR_DS,81958,-0.34%,
8T,AR_SW_VF_yshaarj_nzoth_yogg_4013310174683117_IN_IV_ME_DS,81954,-0.34%,
8T,AR_SP_VF_yshaarj_yogg_cthun_2043259947180013_Mis_IV_DR_DS,81953,-0.34%,
8T,AR_SW_VF_yshaarj_nzoth_yogg_4013310174683117_IN_AM_ME_DS,81938,-0.36%,
8T,AR_SP_VF_yshaarj_nzoth_yogg_4013438688165869_Mis_IV_ME,81934,-0.37%,
8T,AR_EC_VF_yshaarj_nzoth_yogg_4013318496182253_Mis_IV_ME_DS,81932,-0.37%,
8T,AR_SP_VF_yshaarj_yogg_cthun_2043259947180013_Mis_IV_ME_DS,81917,-0.39%,
8T,AR_SP_VF_yshaarj_yogg_cthun_1988688026132461_Mis_AM_ME,81906,-0.40%,
8T,AR_SP_VF_yshaarj_nzoth_yogg_4013438688165869_Mis_IV_DR,81901,-0.41%,
8T,AR_SP_VF_yshaarj_nzoth_yogg_4013301316321261_Mis_IV_DR,81896,-0.41%,
8T,AR_SW_VF_yshaarj_nzoth_yogg_4013318429597677_Mis_AM_ME_DS,81896,-0.41%,
8T,AR_SW_VF_yshaarj_nzoth_yogg_4013584717053933_Mis_IV_ME_DS,81867,-0.45%,
8T,AR_SP_VF_yshaarj_yogg_cthun_1971233345634285_Mis_AM_ME,81863,-0.45%,
8T,AR_SW_VF_yshaarj_nzoth_yogg_4013310174683117_IN_IV_DR_DS,81862,-0.45%,
8T,AR_SW_VF_yshaarj_nzoth_yogg_4013447278100461_IN_IV_ME_DS,81860,-0.46%,
8T,AR_SP_VF_yshaarj_yogg_cthun_1988688092717037_Mis_IV_ME,81840,-0.48%,
8T,AR_SP_VF_yshaarj_nzoth_yogg_4013310912888813_IN_AM_DR_DS,81840,-0.48%,
8T,AR_SP_VF_yshaarj_nzoth_yogg_4014409417875437_Mis_AM_DR_DS,81839,-0.48%,
8T,AR_EC_VF_yshaarj_nzoth_yogg_4013318429081581_Mis_IV_ME_DS,81832,-0.49%,
8T,AR_SW_VF_yshaarj_nzoth_yogg_4014409417875437_Mis_AM_DR_DS,81819,-0.51%,
8T,AR_EC_VF_yshaarj_nzoth_yogg_4013318429081581_Mis_AM_ME_DS,81806,-0.52%,
8T,AR_SW_VF_yshaarj_nzoth_yogg_4013309906255853_IN_AM_ME_DS,81779,-0.56%,
8T,AR_SW_VF_yshaarj_nzoth_yogg_4013584717053933_Mis_IV_DR_DS,81772,-0.56%,
8T,AR_EC_VF_yshaarj_nzoth_yogg_4013309906771949_Mis_AM_ME_DS,81759,-0.58%,
8T,AR_SP_VF_yshaarj_yogg_cthun_1988688026132461_Mis_AM_DR,81745,-0.60%,
8T,AR_EC_VF_yshaarj_nzoth_yogg_4013318496182253_Mis_IV_DR_DS,81742,-0.60%,
8T,AR_SP_VF_yshaarj_yogg_cthun_1971234352267245_Mis_AM_DR,81726,-0.62%,
8T,AR_SP_VF_yshaarj_nzoth_yogg_4013584717053933_Mis_IV_ME_DS,81722,-0.62%,
8T,AR_SW_VF_yshaarj_nzoth_yogg_4013309906255853_IN_IV_ME_DS,81721,-0.63%,
8T,AR_SP_VF_yshaarj_nzoth_yogg_4013447345201133_IN_AM_DR_DS,81703,-0.65%,
8T,AR_SP_VF_yshaarj_yogg_cthun_2043251290144749_Mis_AM_DR,81699,-0.65%,
8T,AR_SW_VF_yshaarj_yogg_cthun_2043259947180013_Mis_IV_ME_DS,81675,-0.68%,
8T,AR_SP_VF_yshaarj_nzoth_yogg_4013576127119341_Mis_AM_DR,81662,-0.70%,
8T,AR_SW_VF_yshaarj_yogg_cthun_1988688092717037_Mis_IV_ME,81661,-0.70%,
8T,AR_SW_VF_yshaarj_nzoth_yogg_4013447278616557_Mis_IV_ME_DS,81638,-0.73%,
8T,AR_SP_VF_yshaarj_nzoth_yogg_4013301584748525_Mis_IV_DR,81634,-0.73%,
8T,AR_SP_VF_yshaarj_yogg_cthun_1971250525495277_Mis_AM_ME_DS,81629,-0.74%,
8T,AR_SW_VF_yshaarj_nzoth_yogg_4013310979989485_IN_IV_ME_DS,81599,-0.78%,
8T,AR_SW_VF_yshaarj_nzoth_yogg_4013447345201133_IN_AM_DR_DS,81583,-0.79%,
8T,AR_SW_VF_yshaarj_nzoth_yogg_4013310912888813_IN_IV_DR_DS,81566,-0.81%,
8T,AR_SP_VF_yshaarj_nzoth_yogg_4013584784154605_Mis_IV_DR_DS,81566,-0.81%,
8T,AR_EC_VF_yshaarj_nzoth_yogg_4013447345201133_Mis_IV_ME_DS,81560,-0.82%,
8T,AR_SW_VF_yshaarj_yogg_cthun_2043259880079341_Mis_IV_ME_DS,81551,-0.83%,
8T,AR_SP_VF_yshaarj_nzoth_yogg_4013851005026285_Mis_AM_DR,81549,-0.84%,
8T,AR_SW_VF_yshaarj_yogg_cthun_2043259947180013_Mis_AM_ME_DS,81545,-0.84%,
8T,AR_SP_VF_yshaarj_yogg_cthun_1971234352267245_Mis_AM_ME,81541,-0.84%,
8T,AR_SW_VF_yshaarj_nzoth_yogg_4013447278100461_IN_AM_ME_DS,81536,-0.85%,
8T,AR_SW_VF_yshaarj_nzoth_yogg_4013584784154605_Mis_IV_ME_DS,81529,-0.86%,
8T,AR_SW_VF_yshaarj_nzoth_yogg_4013309906255853_IN_IV_DR_DS,81519,-0.87%,
8T,AR_EC_VF_yshaarj_nzoth_yogg_4013309839671277_Mis_IV_DR_DS,81502,-0.89%,
8T,AR_SP_VF_yshaarj_nzoth_yogg_4013584717053933_Mis_IV_DR_DS,81475,-0.92%,
8T,AR_SW_VF_yshaarj_nzoth_yogg_4013438755266541_Mis_AM_ME,81463,-0.94%,
8T,AR_SW_VF_yshaarj_yogg_cthun_2043259880079341_Mis_IV_DR_DS,81450,-0.96%,
8T,AR_SP_VF_yshaarj_nzoth_yogg_4013301316321261_Mis_IV_ME,81442,-0.97%,
8T,AR_SW_VF_yshaarj_nzoth_yogg_4013584717053933_Mis_AM_ME_DS,81436,-0.97%,
8T,AR_SW_VF_yshaarj_nzoth_yogg_4013301584748525_Mis_IV_ME,81423,-0.99%,
8T,AR_SP_VF_yshaarj_nzoth_yogg_4013310979989485_IN_AM_DR_DS,81417,-1.00%,
8T,AR_SW_VF_yshaarj_nzoth_yogg_4013302390054893_Mis_IV_ME,81413,-1.00%,
8T,AR_SP_VF_yshaarj_nzoth_yogg_4013447278616557_Mis_IV_ME_DS,81406,-1.01%,
8T,AR_SP_VF_yshaarj_nzoth_yogg_4013447278616557_Mis_IV_DR_DS,81399,-1.02%,
8T,AR_SP_VF_yshaarj_nzoth_yogg_4013309906255853_IN_AM_DR_DS,81396,-1.02%,
8T,AR_SW_VF_yshaarj_yogg_cthun_2043259880079341_Mis_AM_ME_DS,81389,-1.03%,
8T,AR_SP_VF_yshaarj_nzoth_yogg_4013302322954221_Mis_IV_ME,81370,-1.05%,
8T,AR_SP_VF_yshaarj_nzoth_yogg_4013302390054893_Mis_IV_DR,81362,-1.06%,
8T,AR_SP_VF_yshaarj_nzoth_yogg_4013310913404909_Mis_IV_ME_DS,81354,-1.07%,
8T,AR_SP_VF_yshaarj_nzoth_yogg_4013309906771949_Mis_IV_ME_DS,81351,-1.08%,
8T,AR_SW_VF_yshaarj_nzoth_yogg_4013301584748525_Mis_AM_ME,81349,-1.08%,
8T,AR_EC_VF_yshaarj_nzoth_yogg_4013447345201133_Mis_AM_ME_DS,81325,-1.11%,
8T,AR_SW_VF_yshaarj_nzoth_yogg_4013447278100461_IN_AM_DR_DS,81321,-1.11%,
8T,AR_EC_VF_yshaarj_nzoth_yogg_4013318496182253_Mis_AM_ME_DS,81320,-1.11%,
8T,AR_EC_VF_yshaarj_nzoth_yogg_4013310979989485_Mis_IV_ME_DS,81291,-1.15%,
8T,AR_SP_VF_yshaarj_nzoth_yogg_4013447278100461_IN_AM_DR_DS,81291,-1.15%,
8T,AR_SW_VF_yshaarj_nzoth_yogg_4013584784154605_Mis_IV_DR_DS,81264,-1.18%,
8T,AR_SP_VF_yshaarj_nzoth_yogg_4013302390054893_Mis_IV_ME,81258,-1.19%,
8T,AR_SW_VF_yshaarj_nzoth_yogg_4013438755266541_Mis_IV_ME,81255,-1.19%,
8T,AR_SW_VF_yshaarj_yogg_cthun_1988688092717037_Mis_AM_DR,81253,-1.20%,
8T,AR_SW_VF_yshaarj_nzoth_yogg_4013438755266541_Mis_IV_DR,81238,-1.21%,
8T,AR_SW_VF_yshaarj_yogg_cthun_1988688092717037_Mis_AM_ME,81233,-1.22%,
8T,AR_SW_VF_yshaarj_nzoth_yogg_4013301584748525_Mis_IV_DR,81232,-1.22%,
8T,AR_SP_VF_yshaarj_yogg_cthun_1988688025616365_Mis_IV_ME,81229,-1.22%,
8T,AR_EC_VF_yshaarj_nzoth_yogg_4013310174683117_Mis_IV_ME_DS,81223,-1.23%,
8T,AR_SW_VF_yshaarj_nzoth_yogg_4014409350774765_Mis_AM_DR_DS,81215,-1.24%,
8T,AR_SP_VF_yshaarj_yogg_cthun_1971250458394605_Mis_AM_ME_DS,81208,-1.25%,
8T,AR_SP_VF_yshaarj_yogg_cthun_1971233345634285_Mis_AM_DR,81186,-1.28%,
8T,AR_SP_VF_yshaarj_yogg_cthun_2043259880079341_Mis_IV_DR_DS,81165,-1.30%,
8T,AR_SP_VF_yshaarj_nzoth_yogg_4013301249736685_Mis_AM_DR,81123,-1.35%,
8T,AR_SW_VF_yshaarj_nzoth_yogg_4013309906255853_IN_AM_DR_DS,81119,-1.36%,
8T,AR_EC_VF_yshaarj_nzoth_yogg_4013447345201133_Mis_IV_DR_DS,81111,-1.37%,
8T,AR_SW_VF_yshaarj_nzoth_yogg_4013438688165869_Mis_AM_ME,81107,-1.37%,
8T,AR_SW_VF_yshaarj_nzoth_yogg_4013438688165869_Mis_IV_ME,81105,-1.38%,
8T,AR_SW_VF_yshaarj_nzoth_yogg_4013438755266541_Mis_AM_DR,81096,-1.39%,
8T,AR_SP_VF_yshaarj_yogg_cthun_2043259947180013_Mis_AM_ME_DS,81086,-1.40%,
8T,AR_SW_VF_yshaarj_nzoth_yogg_4013310174683117_IN_AM_DR_DS,81052,-1.44%,
8T,AR_SP_VF_yshaarj_yogg_cthun_1988688025616365_Mis_IV_DR,81051,-1.44%,
8T,AR_SP_VF_yshaarj_nzoth_yogg_4013438755266541_Mis_AM_ME,81046,-1.45%,
8T,AR_SP_VF_yshaarj_yogg_cthun_1971250458394605_Mis_AM_DR_DS,81028,-1.47%,
8T,AR_SP_VF_yshaarj_nzoth_yogg_4013310913404909_Mis_IV_DR_DS,81014,-1.49%,
8T,AR_SW_VF_yshaarj_nzoth_yogg_4013584784154605_Mis_AM_DR_DS,81007,-1.49%,
8T,AR_SW_VF_yshaarj_nzoth_yogg_4013309906771949_Mis_IV_ME_DS,80997,-1.51%,
8T,AR_SW_VF_yshaarj_nzoth_yogg_4013302390054893_Mis_IV_DR,80992,-1.51%,
8T,AR_SP_VF_yshaarj_nzoth_yogg_4014409350774765_Mis_AM_DR_DS,80980,-1.53%,
8T,AR_EC_VF_yshaarj_nzoth_yogg_4013584717053933_Mis_AM_DR_DS,80952,-1.56%,
8T,AR_SP_VF_yshaarj_nzoth_yogg_4013310174683117_IN_AM_DR_DS,80939,-1.58%,
8T,AR_SP_VF_yshaarj_nzoth_yogg_4013318429597677_Mis_AM_ME_DS,80930,-1.59%,
8T,AR_SP_VF_yshaarj_nzoth_yogg_4013301584748525_Mis_AM_ME,80923,-1.60%,
8T,AR_SW_VF_yshaarj_nzoth_yogg_4013310913404909_Mis_AM_ME_DS,80901,-1.62%,
8T,AR_EC_VF_yshaarj_nzoth_yogg_4013447278100461_Mis_IV_ME_DS,80893,-1.63%,
8T,AR_SW_VF_yshaarj_nzoth_yogg_4013302390054893_Mis_AM_DR,80867,-1.66%,
8T,AR_SP_VF_yshaarj_nzoth_yogg_4013584784154605_Mis_AM_ME_DS,80858,-1.68%,
8T,AR_SW_VF_yshaarj_nzoth_yogg_4013310913404909_Mis_IV_ME_DS,80858,-1.68%,
8T,AR_SW_VF_yshaarj_nzoth_yogg_4013310979989485_IN_AM_DR_DS,80844,-1.69%,
8T,AR_SW_VF_yshaarj_nzoth_yogg_4013301584748525_Mis_AM_DR,80838,-1.70%,
8T,AR_SW_VF_yshaarj_nzoth_yogg_4013302390054893_Mis_AM_ME,80822,-1.72%,
8T,AR_SW_VF_yshaarj_nzoth_yogg_4013309906771949_Mis_AM_ME_DS,80799,-1.75%,
8T,AR_SP_VF_yshaarj_yogg_cthun_1988688092717037_Mis_AM_DR,80795,-1.75%,
8T,AR_SW_VF_yshaarj_nzoth_yogg_4013302322954221_Mis_IV_ME,80795,-1.75%,
8T,AR_SW_VF_yshaarj_nzoth_yogg_4013318429081581_Mis_IV_DR_DS,80787,-1.76%,
8T,AR_EC_VF_yshaarj_nzoth_yogg_4013310174683117_Mis_AM_ME_DS,80783,-1.77%,
8T,AR_SP_VF_yshaarj_nzoth_yogg_4013318429081581_Mis_IV_ME_DS,80767,-1.79%,
8T,AR_SW_VF_yshaarj_nzoth_yogg_4013447278616557_Mis_AM_ME_DS,80758,-1.80%,
8T,AR_SW_VF_yshaarj_nzoth_yogg_4013301316321261_Mis_IV_ME,80751,-1.81%,
8T,AR_SP_VF_yshaarj_nzoth_yogg_4013438755266541_Mis_AM_DR,80743,-1.82%,
8T,AR_SP_VF_yshaarj_nzoth_yogg_4013318496182253_Mis_IV_DR_DS,80707,-1.86%,
8T,AR_EC_VF_yshaarj_nzoth_yogg_4013318429081581_Mis_AM_DR_DS,80682,-1.89%,
8T,AR_SW_VF_yshaarj_nzoth_yogg_4013301316321261_Mis_AM_ME,80671,-1.90%,
8T,AR_SW_VF_yshaarj_nzoth_yogg_4013310913404909_Mis_AM_DR_DS,80665,-1.91%,
8T,AR_SP_VF_yshaarj_nzoth_yogg_4013309839671277_Mis_IV_ME_DS,80658,-1.92%,
8T,AR_SW_VF_yshaarj_yogg_cthun_1988688025616365_Mis_AM_DR,80639,-1.94%,
8T,AR_SP_VF_yshaarj_nzoth_yogg_4013302390054893_Mis_AM_DR,80625,-1.96%,
8T,AR_EC_VF_yshaarj_nzoth_yogg_4013310912888813_Mis_IV_ME_DS,80619,-1.97%,
8T,AR_EC_VF_yshaarj_nzoth_yogg_4013447278100461_Mis_AM_ME_DS,80613,-1.97%,
8T,AR_SW_VF_yshaarj_nzoth_yogg_4013438688165869_Mis_AM_DR,80592,-2.00%,
8T,AR_SW_VF_yshaarj_yogg_cthun_1988688025616365_Mis_AM_ME,80565,-2.03%,
8T,AR_SW_VF_yshaarj_nzoth_yogg_4013310913404909_Mis_IV_DR_DS,80547,-2.05%,
8T,AR_SP_VF_yshaarj_nzoth_yogg_4013301584748525_Mis_AM_DR,80541,-2.06%,
8T,AR_EC_VF_yshaarj_nzoth_yogg_4013310979989485_Mis_AM_DR_DS,80527,-2.08%,
8T,AR_SW_VF_yshaarj_nzoth_yogg_4013447278616557_Mis_IV_DR_DS,80513,-2.10%,
8T,AR_EC_VF_yshaarj_nzoth_yogg_4013309839671277_Mis_AM_DR_DS,80506,-2.10%,
8T,AR_SW_VF_yshaarj_nzoth_yogg_4013309906771949_Mis_AM_DR_DS,80504,-2.11%,
8T,AR_SP_VF_yshaarj_nzoth_yogg_4013318496182253_Mis_IV_ME_DS,80498,-2.11%,
8T,AR_SP_VF_yshaarj_nzoth_yogg_4013309906771949_Mis_IV_DR_DS,80475,-2.14%,
8T,AR_EC_VF_yshaarj_nzoth_yogg_4013310912888813_Mis_IV_DR_DS,80475,-2.14%,
8T,AR_SW_VF_yshaarj_nzoth_yogg_4013309839671277_Mis_IV_DR_DS,80465,-2.15%,
8T,AR_SW_VF_yshaarj_nzoth_yogg_4013584717053933_Mis_AM_DR_DS,80464,-2.15%,
8T,AR_EC_VF_yshaarj_nzoth_yogg_4013447278100461_Mis_IV_DR_DS,80447,-2.18%,
8T,AR_EC_VF_yshaarj_nzoth_yogg_4013447345201133_Mis_AM_DR_DS,80441,-2.18%,
8T,AR_SW_VF_yshaarj_yogg_cthun_2043259880079341_Mis_AM_DR_DS,80434,-2.19%,
8T,AR_SW_VF_yshaarj_nzoth_yogg_4013309906771949_Mis_IV_DR_DS,80407,-2.22%,
8T,AR_SP_VF_yshaarj_nzoth_yogg_4013438688165869_Mis_AM_ME,80400,-2.23%,
8T,AR_EC_VF_yshaarj_nzoth_yogg_4013310979989485_Mis_IV_DR_DS,80378,-2.26%,
8T,AR_SP_VF_yshaarj_nzoth_yogg_4013302322954221_Mis_AM_ME,80360,-2.28%,
8T,AR_SP_VF_yshaarj_nzoth_yogg_4013318429081581_Mis_IV_DR_DS,80339,-2.31%,
8T,AR_SP_VF_yshaarj_nzoth_yogg_4013584784154605_Mis_AM_DR_DS,80338,-2.31%,
8T,AR_SW_VF_yshaarj_nzoth_yogg_4013309839671277_Mis_AM_ME_DS,80336,-2.31%,
8T,AR_EC_VF_yshaarj_nzoth_yogg_4013310912888813_Mis_AM_ME_DS,80315,-2.34%,
8T,AR_SW_VF_yshaarj_nzoth_yogg_4013302322954221_Mis_AM_DR,80300,-2.35%,
8T,AR_SP_VF_yshaarj_yogg_cthun_2043259880079341_Mis_AM_ME_DS,80293,-2.36%,
8T,AR_SW_VF_yshaarj_nzoth_yogg_4013318496182253_Mis_IV_ME_DS,80288,-2.37%,
8T,AR_SP_VF_yshaarj_nzoth_yogg_4013302390054893_Mis_AM_ME,80261,-2.40%,
8T,AR_SW_VF_yshaarj_nzoth_yogg_4013309839671277_Mis_IV_ME_DS,80246,-2.42%,
8T,AR_SP_VF_yshaarj_nzoth_yogg_4013447278616557_Mis_AM_ME_DS,80246,-2.42%,
8T,AR_SP_VF_yshaarj_nzoth_yogg_4013584717053933_Mis_AM_ME_DS,80225,-2.45%,
8T,AR_SP_VF_yshaarj_nzoth_yogg_4013309839671277_Mis_IV_DR_DS,80203,-2.47%,
8T,AR_SW_VF_yshaarj_nzoth_yogg_4013318496182253_Mis_AM_DR_DS,80107,-2.59%,
8T,AR_EC_VF_yshaarj_nzoth_yogg_4013310174683117_Mis_IV_DR_DS,80064,-2.64%,
8T,AR_SP_VF_yshaarj_nzoth_yogg_4013301316321261_Mis_AM_ME,80051,-2.66%,
8T,AR_SW_VF_yshaarj_nzoth_yogg_4013318496182253_Mis_IV_DR_DS,80044,-2.67%,
8T,AR_SW_VF_yshaarj_nzoth_yogg_4013318429081581_Mis_IV_ME_DS,80016,-2.70%,
8T,AR_EC_VF_yshaarj_nzoth_yogg_4013310979989485_Mis_AM_ME_DS,80012,-2.70%,
8T,AR_EC_VF_yshaarj_nzoth_yogg_4013309906255853_Mis_IV_ME_DS,79954,-2.77%,
8T,AR_SP_VF_yshaarj_nzoth_yogg_4013310174683117_Mis_IV_ME_DS,79918,-2.82%,
8T,AR_SW_VF_yshaarj_nzoth_yogg_4013302322954221_Mis_AM_ME,79899,-2.84%,
8T,AR_SW_VF_yshaarj_nzoth_yogg_4013318429081581_Mis_AM_ME_DS,79873,-2.87%,
8T,AR_SW_VF_yshaarj_nzoth_yogg_4013447278616557_Mis_AM_DR_DS,79861,-2.89%,
8T,AR_SP_VF_yshaarj_yogg_cthun_1988688092717037_Mis_AM_ME,79856,-2.89%,
8T,AR_SW_VF_yshaarj_nzoth_yogg_4013318496182253_Mis_AM_ME_DS,79853,-2.90%,
8T,AR_SP_VF_yshaarj_yogg_cthun_1988688025616365_Mis_AM_ME,79848,-2.90%,
8T,AR_SP_VF_yshaarj_yogg_cthun_2043259880079341_Mis_AM_DR_DS,79838,-2.92%,
8T,AR_SP_VF_yshaarj_nzoth_yogg_4013309906771949_Mis_AM_ME_DS,79826,-2.93%,
8T,AR_SP_VF_yshaarj_nzoth_yogg_4013310979989485_Mis_IV_ME_DS,79754,-3.02%,
8T,AR_EC_VF_yshaarj_nzoth_yogg_4013309906255853_Mis_IV_DR_DS,79726,-3.05%,
8T,AR_SP_VF_yshaarj_nzoth_yogg_4013309906771949_Mis_AM_DR_DS,79722,-3.06%,
8T,AR_SW_VF_yshaarj_nzoth_yogg_4013301316321261_Mis_AM_DR,79703,-3.08%,
8T,AR_SW_VF_yshaarj_nzoth_yogg_4013447345201133_Mis_IV_DR_DS,79676,-3.11%,
8T,AR_EC_VF_yshaarj_nzoth_yogg_4013310174683117_Mis_AM_DR_DS,79651,-3.14%,
8T,AR_EC_VF_yshaarj_nzoth_yogg_4013309906255853_Mis_AM_ME_DS,79640,-3.16%,
8T,AR_SP_VF_yshaarj_nzoth_yogg_4013438688165869_Mis_AM_DR,79616,-3.19%,
8T,AR_SP_VF_yshaarj_nzoth_yogg_4013309839671277_Mis_AM_ME_DS,79597,-3.21%,
8T,AR_SP_VF_yshaarj_nzoth_yogg_4013318496182253_Mis_AM_ME_DS,79492,-3.34%,
8T,AR_SW_VF_yshaarj_nzoth_yogg_4013310174683117_Mis_IV_ME_DS,79473,-3.36%,
8T,AR_SP_VF_yshaarj_yogg_cthun_1988688025616365_Mis_AM_DR,79441,-3.40%,
8T,AR_SP_VF_yshaarj_nzoth_yogg_4013447278616557_Mis_AM_DR_DS,79428,-3.41%,
8T,AR_SP_VF_yshaarj_nzoth_yogg_4013447345201133_Mis_IV_ME_DS,79426,-3.42%,
8T,AR_SP_VF_yshaarj_nzoth_yogg_4013302322954221_Mis_AM_DR,79425,-3.42%,
8T,AR_SP_VF_yshaarj_nzoth_yogg_4013318496182253_Mis_AM_DR_DS,79388,-3.46%,
8T,AR_SW_VF_yshaarj_nzoth_yogg_4013447278100461_Mis_IV_DR_DS,79384,-3.47%,
8T,AR_SP_VF_yshaarj_nzoth_yogg_4013584717053933_Mis_AM_DR_DS,79350,-3.51%,
8T,AR_SP_VF_yshaarj_nzoth_yogg_4013310913404909_Mis_AM_ME_DS,79322,-3.54%,
8T,AR_SP_VF_yshaarj_nzoth_yogg_4013309906255853_Mis_IV_ME_DS,79286,-3.59%,
8T,AR_SP_VF_yshaarj_nzoth_yogg_4013447345201133_Mis_IV_DR_DS,79269,-3.61%,
8T,AR_SP_VF_yshaarj_nzoth_yogg_4013301316321261_Mis_AM_DR,79268,-3.61%,
8T,AR_SW_VF_yshaarj_nzoth_yogg_4013447345201133_Mis_IV_ME_DS,79194,-3.70%,
8T,AR_EC_VF_yshaarj_nzoth_yogg_4013310912888813_Mis_AM_DR_DS,79145,-3.76%,
8T,AR_SW_VF_yshaarj_nzoth_yogg_4013310979989485_Mis_IV_ME_DS,79106,-3.81%,
8T,AR_SW_VF_yshaarj_nzoth_yogg_4013309839671277_Mis_AM_DR_DS,79082,-3.84%,
8T,AR_SW_VF_yshaarj_nzoth_yogg_4013447345201133_Mis_AM_ME_DS,79026,-3.90%,
8T,AR_SW_VF_yshaarj_nzoth_yogg_4013310979989485_Mis_IV_DR_DS,79000,-3.93%,
8T,AR_SP_VF_yshaarj_nzoth_yogg_4013310979989485_Mis_IV_DR_DS,78999,-3.94%,
8T,AR_EC_VF_yshaarj_nzoth_yogg_4013309906255853_Mis_AM_DR_DS,78986,-3.95%,
8T,AR_SP_VF_yshaarj_nzoth_yogg_4013310912888813_Mis_IV_ME_DS,78973,-3.97%,
8T,AR_SP_VF_yshaarj_nzoth_yogg_4013447278100461_Mis_IV_ME_DS,78928,-4.02%,
8T,AR_SP_VF_yshaarj_nzoth_yogg_4013447278100461_Mis_IV_DR_DS,78884,-4.08%,
8T,AR_SW_VF_yshaarj_nzoth_yogg_4013318429081581_Mis_AM_DR_DS,78815,-4.16%,
8T,AR_SP_VF_yshaarj_nzoth_yogg_4013310913404909_Mis_AM_DR_DS,78787,-4.19%,
8T,AR_EC_VF_yshaarj_nzoth_yogg_4013447278100461_Mis_AM_DR_DS,78744,-4.25%,
8T,AR_SP_VF_yshaarj_nzoth_yogg_4013318429081581_Mis_AM_DR_DS,78734,-4.26%,
8T,AR_SP_VF_yshaarj_nzoth_yogg_4013318429081581_Mis_AM_ME_DS,78719,-4.28%,
8T,AR_SW_VF_yshaarj_nzoth_yogg_4013309906255853_Mis_IV_ME_DS,78662,-4.35%,
8T,AR_SW_VF_yshaarj_nzoth_yogg_4013310174683117_Mis_IV_DR_DS,78656,-4.35%,
8T,AR_SW_VF_yshaarj_nzoth_yogg_4013309906255853_Mis_AM_ME_DS,78626,-4.39%,
8T,AR_SW_VF_yshaarj_nzoth_yogg_4013310174683117_Mis_AM_ME_DS,78625,-4.39%,
8T,AR_SP_VF_yshaarj_nzoth_yogg_4013447278100461_Mis_AM_ME_DS,78615,-4.40%,
8T,AR_SP_VF_yshaarj_nzoth_yogg_4013310174683117_Mis_IV_DR_DS,78609,-4.41%,
8T,AR_SW_VF_yshaarj_nzoth_yogg_4013310979989485_Mis_AM_ME_DS,78595,-4.43%,
8T,AR_SP_VF_yshaarj_nzoth_yogg_4013447345201133_Mis_AM_DR_DS,78575,-4.45%,
8T,AR_SW_VF_yshaarj_nzoth_yogg_4013447345201133_Mis_AM_DR_DS,78501,-4.54%,
8T,AR_SP_VF_yshaarj_nzoth_yogg_4013309839671277_Mis_AM_DR_DS,78447,-4.61%,
8T,AR_SW_VF_yshaarj_nzoth_yogg_4013310174683117_Mis_AM_DR_DS,78446,-4.61%,
8T,AR_SW_VF_yshaarj_nzoth_yogg_4013310912888813_Mis_IV_ME_DS,78424,-4.64%,
8T,AR_SW_VF_yshaarj_nzoth_yogg_4013310912888813_Mis_AM_ME_DS,78423,-4.64%,
8T,AR_SW_VF_yshaarj_nzoth_yogg_4013447278100461_Mis_IV_ME_DS,78399,-4.67%,
8T,AR_SW_VF_yshaarj_nzoth_yogg_4013309906255853_Mis_IV_DR_DS,78382,-4.69%,
8T,AR_SW_VF_yshaarj_nzoth_yogg_4013447278100461_Mis_AM_ME_DS,78248,-4.85%,
8T,AR_SP_VF_yshaarj_nzoth_yogg_4013447345201133_Mis_AM_ME_DS,78207,-4.90%,
8T,AR_SP_VF_yshaarj_nzoth_yogg_4013310174683117_Mis_AM_DR_DS,78140,-4.98%,
8T,AR_SP_VF_yshaarj_nzoth_yogg_4013309906255853_Mis_IV_DR_DS,78029,-5.12%,
8T,AR_SW_VF_yshaarj_nzoth_yogg_4013310912888813_Mis_IV_DR_DS,78020,-5.13%,
8T,AR_SP_VF_yshaarj_nzoth_yogg_4013310979989485_Mis_AM_ME_DS,77964,-5.20%,
8T,AR_SP_VF_yshaarj_nzoth_yogg_4013310912888813_Mis_IV_DR_DS,77897,-5.28%,
8T,AR_SP_VF_yshaarj_nzoth_yogg_4013310912888813_Mis_AM_ME_DS,77769,-5.43%,
8T,AR_SW_VF_yshaarj_nzoth_yogg_4013310979989485_Mis_AM_DR_DS,77686,-5.53%,
8T,AR_SW_VF_yshaarj_nzoth_yogg_4013447278100461_Mis_AM_DR_DS,77597,-5.64%,
8T,AR_SP_VF_yshaarj_nzoth_yogg_4013310979989485_Mis_AM_DR_DS,77547,-5.70%,
8T,AR_SW_VF_yshaarj_nzoth_yogg_4013310912888813_Mis_AM_DR_DS,77531,-5.72%,
8T,AR_SP_VF_yshaarj_nzoth_yogg_4013309906255853_Mis_AM_ME_DS,77507,-5.75%,
8T,AR_SP_VF_yshaarj_nzoth_yogg_4013310174683117_Mis_AM_ME_DS,77460,-5.81%,
8T,AR_SW_VF_yshaarj_nzoth_yogg_4013309906255853_Mis_AM_DR_DS,77272,-6.04%,
8T,AR_SP_VF_yshaarj_nzoth_yogg_4013447278100461_Mis_AM_DR_DS,77140,-6.20%,
8T,AR_SP_VF_yshaarj_nzoth_yogg_4013310912888813_Mis_AM_DR_DS,77107,-6.24%,
8T,AR_SP_VF_yshaarj_nzoth_yogg_4013309906255853_Mis_AM_DR_DS,76944,-6.44%,
