profile,actor,DPS,increase,
3T,VW_DH_VW_VF_yshaarj_nzoth_yogg_3977567263841775_IN_IV_ME,73975,123.60%,
3T,VW_DH_VW_VF_yshaarj_nzoth_yogg_3977567263841775_IN_IV_DR,73161,121.14%,
3T,VW_DH_TV_VF_nzoth_yogg_cthun_3132859939610095_IN_IV_ME,72324,118.61%,
3T,VW_DH_TV_VF_nzoth_yogg_cthun_3150313612959215_IN_IV_ME,71977,117.56%,
3T,VW_DH_VW_VF_yshaarj_nzoth_yogg_3977567263841775_IN_AM_ME,71973,117.55%,
3T,VW_DH_VW_VF_nzoth_yogg_cthun_3132859939610095_IN_IV_ME,71944,117.46%,
3T,VW_DH_TV_VF_yshaarj_nzoth_yogg_3977567263841775_IN_IV_ME,71935,117.43%,
3T,VW_DH_VW_VF_nzoth_yogg_cthun_3150313612959215_IN_IV_ME,71865,117.22%,
3T,VW_DH_TV_VF_nzoth_yogg_cthun_3150313612959215_IN_IV_DR,71678,116.65%,
3T,VW_DH_TV_VF_nzoth_yogg_cthun_3132996304821743_IN_IV_ME,71669,116.63%,
3T,VW_DH_TV_VF_nzoth_yogg_cthun_3132859939610095_IN_IV_DR,71512,116.15%,
3T,VW_DH_TV_VF_nzoth_yogg_cthun_3132858865876463_IN_IV_ME,71494,116.10%,
3T,VW_DH_TV_VF_yshaarj_nzoth_yogg_3977567263841775_IN_IV_DR,71451,115.97%,
3T,VW_DH_TV_VF_nzoth_yogg_cthun_3132858866392559_IN_IV_ME,71312,115.55%,
3T,VW_DH_VW_VF_nzoth_yogg_cthun_3150313612959215_IN_IV_DR,71300,115.51%,
3T,VW_DH_TV_VF_nzoth_yogg_cthun_3132867455802863_IN_IV_ME,71173,115.13%,
3T,VW_DH_VW_VF_yshaarj_nzoth_yogg_3977567263841775_IN_AM_DR,71085,114.86%,
3T,VW_DH_VW_VF_nzoth_yogg_cthun_3132996304821743_IN_IV_ME,70972,114.52%,
3T,VW_DH_VW_VF_nzoth_yogg_cthun_3132858865876463_IN_IV_ME,70961,114.49%,
3T,VW_DH_TV_VF_nzoth_yogg_cthun_3132858865876463_IN_IV_DR,70939,114.42%,
3T,VW_DH_TV_VF_nzoth_yogg_cthun_3132858932977135_IN_IV_ME,70909,114.33%,
3T,VW_DH_VW_VF_nzoth_yogg_cthun_3132858932977135_IN_IV_ME,70893,114.28%,
3T,VW_DH_TV_VF_nzoth_yogg_cthun_3132996304821743_IN_IV_DR,70884,114.26%,
3T,VW_DH_VW_VF_nzoth_yogg_cthun_3132858866392559_IN_IV_ME,70851,114.16%,
3T,VW_DH_VW_VF_nzoth_yogg_cthun_3132867455802863_IN_IV_ME,70819,114.06%,
3T,VW_DH_VW_VF_nzoth_yogg_cthun_3132859939610095_IN_IV_DR,70734,113.80%,
3T,VW_DH_TV_VF_nzoth_yogg_cthun_3132858865868287_IN_IV_ME,70589,113.36%,
3T,VW_DH_TV_VF_nzoth_yogg_cthun_3132858932977135_IN_IV_DR,70495,113.08%,
3T,VW_DH_TV_VF_nzoth_yogg_cthun_3132867455802863_IN_IV_DR,70416,112.84%,
3T,VW_DH_VW_VF_nzoth_yogg_cthun_3132858865876463_IN_IV_DR,70412,112.83%,
3T,VW_DH_VW_VF_nzoth_yogg_cthun_3132996304821743_IN_IV_DR,70365,112.69%,
3T,VW_DH_TV_VF_yshaarj_nzoth_yogg_3977567263841775_IN_AM_ME,70365,112.69%,
3T,VW_DH_TV_VF_nzoth_yogg_cthun_3132858866392559_IN_IV_DR,70334,112.59%,
3T,VW_DH_TV_VF_nzoth_yogg_cthun_3132876045737455_IN_IV_ME_DS,70140,112.01%,
3T,VW_DH_VW_VF_nzoth_yogg_cthun_3132858865868287_IN_IV_ME,70051,111.74%,
3T,VW_DH_VW_VF_nzoth_yogg_cthun_3132867455802863_IN_IV_DR,69994,111.56%,
3T,VW_DH_VW_VF_nzoth_yogg_cthun_3132858866392559_IN_IV_DR,69986,111.54%,
3T,VW_DH_TV_VF_nzoth_yogg_cthun_3150313612959215_IN_AM_ME,69910,111.31%,
3T,VW_DH_TV_VF_nzoth_yogg_cthun_3150313612959215_IN_AM_DR,69838,111.09%,
3T,VW_DH_TV_VF_nzoth_yogg_cthun_3132859939610095_IN_AM_ME,69831,111.07%,
3T,VW_DH_TV_VF_yshaarj_nzoth_yogg_3977567263841775_IN_AM_DR,69782,110.93%,
3T,VW_DH_TV_VF_nzoth_yogg_cthun_3132859939610095_IN_AM_DR,69744,110.81%,
3T,VW_DH_TV_VF_nzoth_yogg_cthun_3132858865868287_IN_IV_DR,69697,110.67%,
3T,VW_DH_VW_VF_nzoth_yogg_cthun_3132876045737455_IN_IV_ME_DS,69690,110.64%,
3T,VW_DH_VW_VF_nzoth_yogg_cthun_3150313612959215_IN_AM_ME,69618,110.43%,
3T,VW_DH_VW_VF_nzoth_yogg_cthun_3132858932977135_IN_IV_DR,69612,110.41%,
3T,VW_DH_TV_VF_nzoth_yogg_cthun_3132876045737455_IN_IV_DR_DS,69430,109.86%,
3T,VW_DH_VW_VF_nzoth_yogg_cthun_3150313612959215_IN_AM_DR,69403,109.78%,
3T,VW_DH_TV_VF_nzoth_yogg_cthun_3132996304821743_IN_AM_DR,69302,109.47%,
3T,VW_DH_VW_VF_nzoth_yogg_cthun_3132859939610095_IN_AM_DR,69263,109.35%,
3T,VW_DH_VW_VF_nzoth_yogg_cthun_3132859939610095_IN_AM_ME,69239,109.28%,
3T,VW_DH_VW_VF_yshaarj_nzoth_yogg_3979696493878767_IN_IV_DR,69203,109.17%,
3T,VW_DH_TV_VF_nzoth_yogg_cthun_3132996304821743_IN_AM_ME,69065,108.76%,
3T,VW_DH_TV_VF_nzoth_yogg_cthun_3132858866392559_IN_AM_ME,69054,108.72%,
3T,VW_DH_VW_VF_nzoth_yogg_cthun_3132858866392559_IN_AM_ME,69049,108.71%,
3T,VW_DH_VW_VF_yshaarj_nzoth_yogg_3979696493878767_IN_IV_ME,68981,108.50%,
3T,VW_DH_TV_VF_nzoth_yogg_cthun_3132858865876463_IN_AM_DR,68954,108.42%,
3T,VW_DH_VW_VF_nzoth_yogg_cthun_3132996304821743_IN_AM_ME,68953,108.42%,
3T,VW_DH_VW_VF_yshaarj_nzoth_yogg_4049515482242543_IN_IV_ME,68855,108.12%,
3T,VW_DH_TV_VF_nzoth_yogg_cthun_3132867455802863_IN_AM_ME,68827,108.04%,
3T,VW_DH_VW_VF_nzoth_yogg_cthun_3132858865868287_IN_IV_DR,68805,107.97%,
3T,VW_DH_VW_VF_yshaarj_nzoth_yogg_4049515482242543_IN_IV_DR,68768,107.86%,
3T,VW_DH_VW_VF_yshaarj_nzoth_yogg_3977497470631407_IN_IV_DR,68768,107.86%,
3T,VW_DH_VW_VF_nzoth_yogg_cthun_3132858865876463_IN_AM_DR,68711,107.69%,
3T,VW_DH_VW_VF_nzoth_yogg_cthun_3132996304821743_IN_AM_DR,68711,107.69%,
3T,VW_DH_VW_VF_yshaarj_nzoth_yogg_3977634909576687_IN_IV_ME,68708,107.68%,
3T,VW_DH_TV_VF_nzoth_yogg_cthun_3132858866392559_IN_AM_DR,68662,107.54%,
3T,VW_DH_TV_VF_nzoth_yogg_cthun_3132858932977135_IN_AM_ME,68626,107.43%,
3T,VW_DH_VW_VF_nzoth_yogg_cthun_3132876045737455_IN_IV_DR_DS,68605,107.37%,
3T,VW_DH_TV_VF_nzoth_yogg_cthun_3132858932977135_IN_AM_DR,68597,107.34%,
3T,VW_DH_TV_VF_nzoth_yogg_cthun_3132858865876463_IN_AM_ME,68557,107.22%,
3T,VW_DH_VW_VF_yshaarj_nzoth_yogg_3977634909576687_IN_IV_DR,68540,107.17%,
3T,VW_DH_TV_VF_nzoth_yogg_cthun_3132867455802863_IN_AM_DR,68443,106.88%,
3T,VW_DH_VW_VF_nzoth_yogg_cthun_3132867455802863_IN_AM_ME,68436,106.86%,
3T,VW_DH_VW_VF_yshaarj_nzoth_yogg_3977497470623231_IN_IV_ME,68361,106.63%,
3T,VW_DH_VW_VF_yshaarj_nzoth_cthun_3696297371819503_IN_IV_DR,68344,106.58%,
3T,VW_DH_VW_VF_yshaarj_nzoth_yogg_3977497470631407_IN_IV_ME,68323,106.51%,
3T,VW_DH_VW_VF_nzoth_yogg_cthun_3132858932977135_IN_AM_ME,68289,106.41%,
3T,VW_DH_VW_VF_nzoth_yogg_cthun_3132858932977135_IN_AM_DR,68280,106.39%,
3T,VW_DH_VW_VF_nzoth_yogg_cthun_3132858866392559_IN_AM_DR,68274,106.37%,
3T,VW_DH_VW_VF_yshaarj_nzoth_yogg_3977497537732079_IN_IV_ME,68218,106.20%,
3T,VW_DH_VW_VF_yshaarj_nzoth_yogg_3977497470623231_IN_IV_DR,68169,106.05%,
3T,VW_DH_VW_VF_nzoth_yogg_cthun_3132867455802863_IN_AM_DR,68099,105.84%,
3T,VW_DH_TV_VF_nzoth_yogg_cthun_3132876045737455_IN_AM_ME_DS,68088,105.80%,
3T,VW_DH_VW_VF_yshaarj_nzoth_yogg_3979697567620591_IN_IV_ME,68072,105.76%,
3T,VW_DH_VW_VF_yshaarj_nzoth_yogg_4049516555984367_IN_IV_ME,68067,105.74%,
3T,VW_DH_TV_VF_yshaarj_nzoth_yogg_4049515482242543_IN_IV_DR,68024,105.61%,
3T,VW_DH_VW_VF_yshaarj_nzoth_cthun_3696297371819503_IN_IV_ME,68018,105.59%,
3T,VW_DH_VW_VF_nzoth_yogg_cthun_3132858865868287_IN_AM_ME,67994,105.52%,
3T,VW_DH_VW_VF_yshaarj_nzoth_yogg_3977499618106863_IN_IV_DR,67983,105.49%,
3T,VW_DH_TV_VF_nzoth_yogg_cthun_3132858865868287_IN_AM_ME,67941,105.36%,
3T,VW_DH_VW_VF_yshaarj_nzoth_yogg_3977499618106863_IN_IV_ME,67917,105.29%,
3T,VW_DH_VW_VF_yshaarj_nzoth_yogg_3977497537732079_IN_IV_DR,67891,105.21%,
3T,VW_DH_VW_VF_nzoth_yogg_cthun_3132858865876463_IN_AM_ME,67887,105.20%,
3T,VW_DH_TV_VF_yshaarj_nzoth_yogg_4049515482242543_IN_IV_ME,67818,104.99%,
3T,VW_DH_VW_VF_yshaarj_nzoth_yogg_3977514650492399_IN_IV_ME_DS,67770,104.84%,
3T,VW_DH_VW_VF_yshaarj_nzoth_yogg_3979712600006127_IN_IV_ME_DS,67768,104.84%,
3T,VW_DH_VW_VF_yshaarj_nzoth_yogg_3977772348530159_IN_IV_ME,67734,104.73%,
3T,VW_DH_VW_VF_nzoth_yogg_cthun_3132876045737455_IN_AM_ME_DS,67722,104.70%,
3T,VW_DH_TV_VF_yshaarj_nzoth_yogg_3979696493878767_IN_IV_ME,67688,104.59%,
3T,VW_DH_TV_VF_nzoth_yogg_cthun_3132858865868287_IN_AM_DR,67666,104.53%,
3T,VW_DH_VW_VF_yshaarj_nzoth_yogg_3979697567620591_IN_IV_DR,67660,104.51%,
3T,VW_DH_VW_VF_yshaarj_nzoth_yogg_3979696493878767_IN_AM_DR,67648,104.47%,
3T,VW_DH_VW_VF_yshaarj_nzoth_yogg_4049516555984367_IN_IV_DR,67617,104.38%,
3T,VW_DH_TV_VF_nzoth_yogg_cthun_3150243819748847_IN_IV_DR,67598,104.32%,
3T,VW_DH_TV_VF_yshaarj_nzoth_yogg_3979696493878767_IN_IV_DR,67571,104.24%,
3T,VW_DH_VW_VF_yshaarj_nzoth_yogg_3977772348530159_IN_IV_DR,67553,104.19%,
3T,VW_DH_TV_VF_nzoth_yogg_cthun_3132876045737455_IN_AM_DR_DS,67549,104.18%,
3T,VW_DH_VW_VF_yshaarj_nzoth_yogg_3977497471147503_IN_IV_ME,67534,104.13%,
3T,VW_DH_VW_VF_yshaarj_nzoth_yogg_3977497471147503_IN_IV_DR,67484,103.98%,
3T,VW_DH_VW_VF_yshaarj_nzoth_yogg_3977567263841775_Mis_IV_ME,67463,103.91%,
3T,VW_DH_VW_VF_yshaarj_nzoth_yogg_4049531588369903_IN_IV_ME_DS,67462,103.91%,
3T,VW_DH_VW_VF_yshaarj_nzoth_yogg_3977635983318511_IN_IV_DR,67461,103.91%,
3T,VW_DH_VW_VF_nzoth_yogg_cthun_3132858865868287_IN_AM_DR,67370,103.63%,
3T,VW_DH_VW_VF_yshaarj_nzoth_yogg_3977514650492399_IN_IV_DR_DS,67368,103.63%,
3T,VW_DH_VW_VF_yshaarj_nzoth_yogg_3977635983318511_IN_IV_ME,67361,103.61%,
3T,VW_DH_VW_VF_yshaarj_nzoth_yogg_3979696493878767_IN_AM_ME,67352,103.58%,
3T,VW_DH_VW_VF_yshaarj_nzoth_yogg_3977651015704047_IN_IV_ME_DS,67334,103.52%,
3T,VW_DH_VW_VF_yshaarj_nzoth_yogg_3977634909576687_IN_AM_DR,67297,103.41%,
3T,VW_DH_VW_VF_yshaarj_nzoth_yogg_4049515482242543_IN_AM_DR,67277,103.35%,
3T,VW_DH_TV_VF_yshaarj_nzoth_yogg_3977497470631407_IN_IV_DR,67271,103.33%,
3T,VW_DH_VW_VF_yshaarj_nzoth_yogg_3979712600006127_IN_IV_DR_DS,67254,103.28%,
3T,VW_DH_VW_VF_yshaarj_nzoth_yogg_3977513576758767_IN_IV_DR_DS,67219,103.18%,
3T,VW_DH_TV_VF_yshaarj_nzoth_yogg_3977634909576687_IN_IV_DR,67194,103.10%,
3T,VW_DH_TV_VF_nzoth_yogg_cthun_3150243886849519_IN_IV_DR,67113,102.86%,
3T,VW_DH_VW_VF_yshaarj_nzoth_yogg_3977567263841775_Mis_IV_DR,67098,102.81%,
3T,VW_DH_TV_VF_yshaarj_nzoth_cthun_3696297371819503_IN_IV_DR,67081,102.76%,
3T,VW_DH_VW_VF_yshaarj_nzoth_cthun_3696298445561327_IN_IV_DR,67075,102.74%,
3T,VW_DH_VW_VF_yshaarj_nzoth_yogg_3977497470631407_IN_AM_DR,67059,102.69%,
3T,VW_DH_TV_VF_yshaarj_nzoth_yogg_4049516555984367_IN_IV_ME,67056,102.68%,
3T,VW_DH_VW_VF_yshaarj_nzoth_yogg_3977498544373231_IN_IV_ME,67047,102.66%,
3T,VW_DH_VW_VF_yshaarj_nzoth_yogg_3977651015704047_IN_IV_DR_DS,66986,102.47%,
3T,VW_DH_VW_VF_nzoth_yogg_cthun_3132876045737455_IN_AM_DR_DS,66971,102.43%,
3T,VW_DH_TV_VF_yshaarj_nzoth_yogg_3977634909576687_IN_IV_ME,66956,102.38%,
3T,VW_DH_VW_VF_yshaarj_nzoth_yogg_3977498544373231_IN_IV_DR,66948,102.36%,
3T,VW_DH_VW_VF_yshaarj_nzoth_cthun_3696313477946863_IN_IV_ME_DS,66944,102.35%,
3T,VW_DH_TV_VF_yshaarj_nzoth_yogg_3977497537732079_IN_IV_DR,66929,102.30%,
3T,VW_DH_VW_VF_yshaarj_nzoth_cthun_3696298445561327_IN_IV_ME,66920,102.27%,
3T,VW_DH_VW_VF_yshaarj_nzoth_yogg_3977498611473903_IN_IV_ME,66916,102.26%,
3T,VW_DH_TV_VF_nzoth_yogg_cthun_3150313612959215_Mis_IV_ME,66903,102.22%,
3T,VW_DH_VW_VF_yshaarj_nzoth_yogg_4049524072177135_IN_IV_ME_DS,66898,102.21%,
3T,VW_DH_VW_VF_yshaarj_nzoth_cthun_3696297371819503_IN_AM_ME,66877,102.14%,
3T,VW_DH_VW_VF_yshaarj_nzoth_yogg_3977498544365055_IN_IV_ME,66871,102.13%,
3T,VW_DH_TV_VF_yshaarj_nzoth_yogg_3979697567620591_IN_IV_ME,66863,102.10%,
3T,VW_DH_VW_VF_nzoth_yogg_cthun_3150243819748847_IN_IV_DR,66860,102.09%,
3T,VW_DH_TV_VF_yshaarj_nzoth_cthun_3696297371819503_IN_IV_ME,66854,102.07%,
3T,VW_DH_TV_VF_nzoth_yogg_cthun_3150313612959215_Mis_IV_DR,66835,102.02%,
3T,VW_DH_TV_VF_nzoth_yogg_cthun_3150243819748847_IN_IV_ME,66792,101.89%,
3T,VW_DH_TV_VF_yshaarj_nzoth_yogg_3977497470631407_IN_IV_ME,66776,101.84%,
3T,VW_DH_VW_VF_yshaarj_nzoth_cthun_3696297371819503_IN_AM_DR,66772,101.83%,
3T,VW_DH_VW_VF_nzoth_yogg_cthun_3150313612959215_Mis_IV_ME,66751,101.76%,
3T,VW_DH_TV_VF_nzoth_yogg_cthun_3150243886849519_IN_IV_ME,66750,101.76%,
3T,VW_DH_VW_VF_yshaarj_nzoth_yogg_3977513576758767_IN_IV_ME_DS,66746,101.75%,
3T,VW_DH_TV_VF_yshaarj_nzoth_yogg_4049531588369903_IN_IV_DR_DS,66734,101.71%,
3T,VW_DH_VW_VF_yshaarj_nzoth_yogg_4049531588369903_IN_IV_DR_DS,66731,101.70%,
3T,VW_DH_TV_VF_nzoth_yogg_cthun_3132926511611375_IN_IV_DR,66720,101.67%,
3T,VW_DH_VW_VF_yshaarj_nzoth_yogg_4049524072177135_IN_IV_DR_DS,66709,101.64%,
3T,VW_DH_VW_VF_yshaarj_nzoth_yogg_3977773422271983_IN_IV_ME,66684,101.56%,
3T,VW_DH_TV_VF_yshaarj_nzoth_yogg_3977772348530159_IN_IV_DR,66670,101.52%,
3T,VW_DH_VW_VF_yshaarj_nzoth_yogg_3977513576750591_IN_IV_ME_DS,66669,101.51%,
3T,VW_DH_VW_VF_yshaarj_nzoth_yogg_3977497537732079_IN_AM_DR,66664,101.50%,
3T,VW_DH_TV_VF_nzoth_yogg_cthun_3150252409675247_IN_IV_DR,66642,101.43%,
3T,VW_DH_VW_VF_yshaarj_nzoth_yogg_3977513643859439_IN_IV_ME_DS,66599,101.30%,
3T,VW_DH_VW_VF_nzoth_yogg_cthun_3150313612959215_Mis_IV_DR,66587,101.27%,
3T,VW_DH_VW_VF_yshaarj_nzoth_yogg_4049515482242543_IN_AM_ME,66585,101.26%,
3T,VW_DH_VW_VF_yshaarj_nzoth_yogg_3977498611473903_IN_IV_DR,66577,101.24%,
3T,VW_DH_TV_VF_nzoth_yogg_cthun_3150518697647599_IN_IV_DR,66557,101.18%,
3T,VW_DH_TV_VF_yshaarj_nzoth_yogg_4049531588369903_IN_IV_ME_DS,66522,101.07%,
3T,VW_DH_VW_VF_yshaarj_nzoth_yogg_3977634909576687_IN_AM_ME,66519,101.06%,
3T,VW_DH_TV_VF_yshaarj_nzoth_yogg_3977497537732079_IN_IV_ME,66505,101.02%,
3T,VW_DH_TV_VF_nzoth_yogg_cthun_3150245967224303_IN_IV_DR,66503,101.01%,
3T,VW_DH_TV_VF_nzoth_yogg_cthun_3150252409675247_IN_IV_ME,66499,101.00%,
3T,VW_DH_VW_VF_yshaarj_nzoth_yogg_3977497470623231_IN_AM_DR,66493,100.98%,
3T,VW_DH_TV_VF_yshaarj_nzoth_yogg_3977497470623231_IN_IV_DR,66488,100.97%,
3T,VW_DH_VW_VF_yshaarj_nzoth_yogg_3977498544889327_IN_IV_ME,66482,100.95%,
3T,VW_DH_VW_VF_yshaarj_nzoth_yogg_3977788454657519_IN_IV_ME_DS,66468,100.91%,
3T,VW_DH_VW_VF_yshaarj_nzoth_yogg_3977513643859439_IN_IV_DR_DS,66465,100.90%,
3T,VW_DH_TV_VF_yshaarj_nzoth_yogg_3977497470623231_IN_IV_ME,66460,100.88%,
3T,VW_DH_TV_VF_nzoth_yogg_cthun_3150243819740671_IN_IV_DR,66451,100.86%,
3T,VW_DH_VW_VF_yshaarj_nzoth_cthun_3696313477946863_IN_IV_DR_DS,66450,100.85%,
3T,VW_DH_VW_VF_yshaarj_nzoth_yogg_4049660437388783_IN_IV_DR_DS,66448,100.85%,
3T,VW_DH_TV_VF_yshaarj_nzoth_yogg_4049516555984367_IN_IV_DR,66435,100.81%,
3T,VW_DH_VW_VF_yshaarj_nzoth_yogg_3977772348530159_IN_AM_DR,66429,100.79%,
3T,VW_DH_VW_VF_yshaarj_nzoth_yogg_3979697567620591_IN_AM_ME,66426,100.78%,
3T,VW_DH_VW_VF_yshaarj_nzoth_yogg_3977513576750591_IN_IV_DR_DS,66424,100.78%,
3T,VW_DH_VW_VF_yshaarj_nzoth_yogg_3977515724234223_IN_IV_ME_DS,66421,100.76%,
3T,VW_DH_VW_VF_yshaarj_nzoth_yogg_4049660437388783_IN_IV_ME_DS,66414,100.74%,
3T,VW_DH_VW_VF_nzoth_yogg_cthun_3150252409675247_IN_IV_DR,66412,100.74%,
3T,VW_DH_TV_VF_nzoth_yogg_cthun_3134996685839855_IN_IV_ME,66407,100.72%,
3T,VW_DH_TV_VF_nzoth_yogg_cthun_3150245967224303_IN_IV_ME,66404,100.71%,
3T,VW_DH_TV_VF_nzoth_yogg_cthun_3150243820264943_IN_IV_DR,66385,100.66%,
3T,VW_DH_TV_VF_yshaarj_nzoth_yogg_4049515482242543_IN_AM_DR,66376,100.63%,
3T,VW_DH_TV_VF_nzoth_yogg_cthun_3132926578712047_IN_IV_DR,66332,100.50%,
3T,VW_DH_TV_VF_nzoth_yogg_cthun_3150260999609839_IN_IV_DR_DS,66327,100.48%,
3T,VW_DH_VW_VF_yshaarj_nzoth_cthun_3768322899631599_IN_IV_DR_DS,66324,100.47%,
3T,VW_DH_TV_VF_yshaarj_nzoth_yogg_3977772348530159_IN_IV_ME,66323,100.47%,
3T,VW_DH_VW_VF_yshaarj_nzoth_yogg_3977497470623231_IN_AM_ME,66304,100.41%,
3T,VW_DH_VW_VF_yshaarj_nzoth_yogg_3977499618106863_IN_AM_DR,66301,100.40%,
3T,VW_DH_VW_VF_yshaarj_nzoth_yogg_3977513577274863_IN_IV_ME_DS,66280,100.34%,
3T,VW_DH_TV_VF_yshaarj_nzoth_yogg_3977499618106863_IN_IV_ME,66269,100.30%,
3T,VW_DH_TV_VF_yshaarj_nzoth_yogg_3977635983318511_IN_IV_ME,66268,100.30%,
3T,VW_DH_VW_VF_nzoth_yogg_cthun_3150243886849519_IN_IV_DR,66262,100.29%,
3T,VW_DH_VW_VF_yshaarj_nzoth_yogg_3977515724234223_IN_IV_DR_DS,66254,100.26%,
3T,VW_DH_TV_VF_yshaarj_nzoth_yogg_3979712600006127_IN_IV_ME_DS,66239,100.22%,
3T,VW_DH_VW_VF_nzoth_yogg_cthun_3150243819748847_IN_IV_ME,66238,100.21%,
3T,VW_DH_VW_VF_nzoth_yogg_cthun_3150245967224303_IN_IV_ME,66205,100.11%,
3T,VW_DH_VW_VF_yshaarj_nzoth_yogg_3977498544889327_IN_IV_DR,66200,100.10%,
3T,VW_DH_VW_VF_nzoth_yogg_cthun_3150243819740671_IN_IV_DR,66195,100.08%,
3T,VW_DH_VW_VF_yshaarj_nzoth_yogg_3977498544365055_IN_IV_DR,66191,100.07%,
3T,VW_DH_VW_VF_nzoth_yogg_cthun_3150518697647599_IN_IV_DR,66185,100.05%,
3T,VW_DH_TV_VF_yshaarj_nzoth_yogg_4049515482242543_IN_AM_ME,66182,100.04%,
3T,VW_DH_TV_VF_nzoth_yogg_cthun_3134996685839855_IN_IV_DR,66171,100.01%,
3T,VW_DH_TV_VF_nzoth_yogg_cthun_3150518697647599_IN_IV_ME,66166,99.99%,
3T,VW_DH_VW_VF_nzoth_yogg_cthun_3150243886849519_IN_IV_ME,66165,99.99%,
3T,VW_DH_TV_VF_yshaarj_nzoth_yogg_3977497471147503_IN_IV_ME,66165,99.99%,
3T,VW_DH_VW_VF_yshaarj_nzoth_yogg_3979697567620591_IN_AM_DR,66158,99.97%,
3T,VW_DH_VW_VF_yshaarj_nzoth_yogg_4049522998443503_IN_IV_ME_DS,66150,99.95%,
3T,VW_DH_VW_VF_yshaarj_nzoth_yogg_3977788454657519_IN_IV_DR_DS,66150,99.95%,
3T,VW_DH_TV_VF_yshaarj_nzoth_yogg_3979712600006127_IN_IV_DR_DS,66148,99.94%,
3T,VW_DH_VW_VF_yshaarj_nzoth_yogg_3977497537732079_IN_AM_ME,66144,99.93%,
3T,VW_DH_VW_VF_yshaarj_nzoth_yogg_4049516555984367_IN_AM_DR,66140,99.92%,
3T,VW_DH_VW_VF_yshaarj_nzoth_yogg_4049522998443503_IN_IV_DR_DS,66135,99.90%,
3T,VW_DH_TV_VF_yshaarj_nzoth_yogg_3977514650492399_IN_IV_DR_DS,66126,99.87%,
3T,VW_DH_VW_VF_yshaarj_nzoth_yogg_3977772348530159_IN_AM_ME,66118,99.85%,
3T,VW_DH_VW_VF_yshaarj_nzoth_cthun_3768322899631599_IN_IV_ME_DS,66104,99.81%,
3T,VW_DH_TV_VF_nzoth_yogg_cthun_3132926578712047_IN_IV_ME,66091,99.77%,
3T,VW_DH_TV_VF_nzoth_yogg_cthun_3150243820264943_IN_IV_ME,66079,99.73%,
3T,VW_DH_TV_VF_nzoth_yogg_cthun_3132928659086831_IN_IV_ME,66062,99.68%,
3T,VW_DH_TV_VF_nzoth_yogg_cthun_3152458949123567_IN_IV_DR_DS,66058,99.67%,
3T,VW_DH_TV_VF_nzoth_yogg_cthun_3150243819740671_IN_IV_ME,66054,99.66%,
3T,VW_DH_TV_VF_nzoth_yogg_cthun_3150244893490671_IN_IV_DR,66040,99.61%,
3T,VW_DH_VW_VF_yshaarj_nzoth_yogg_4049516555984367_IN_AM_ME,66035,99.60%,
3T,VW_DH_TV_VF_nzoth_yogg_cthun_3150244960591343_IN_IV_DR,66033,99.59%,
3T,VW_DH_TV_VF_nzoth_yogg_cthun_3132859939610095_Mis_IV_ME,66020,99.55%,
3T,VW_DH_VW_VF_yshaarj_nzoth_yogg_3977499618106863_IN_AM_ME,66011,99.53%,
3T,VW_DH_TV_VF_yshaarj_nzoth_cthun_3696298445561327_IN_IV_DR,66000,99.49%,
3T,VW_DH_VW_VF_nzoth_yogg_cthun_3134996685839855_IN_IV_ME,65998,99.49%,
3T,VW_DH_TV_VF_yshaarj_nzoth_yogg_3979697567620591_IN_IV_DR,65992,99.47%,
3T,VW_DH_VW_VF_nzoth_yogg_cthun_3132926511611375_IN_IV_DR,65989,99.46%,
3T,VW_DH_TV_VF_nzoth_yogg_cthun_3132996304821743_Mis_IV_ME,65980,99.43%,
3T,VW_DH_TV_VF_nzoth_yogg_cthun_3132926511611375_IN_IV_ME,65975,99.42%,
3T,VW_DH_TV_VF_yshaarj_nzoth_yogg_4049524072177135_IN_IV_DR_DS,65968,99.40%,
3T,VW_DH_VW_VF_yshaarj_nzoth_yogg_3977773422271983_IN_IV_DR,65962,99.38%,
3T,VW_DH_TV_VF_nzoth_yogg_cthun_3150260999609839_IN_IV_ME_DS,65962,99.38%,
3T,VW_DH_TV_VF_nzoth_yogg_cthun_3132928659086831_IN_IV_DR,65954,99.35%,
3T,VW_DH_TV_VF_yshaarj_nzoth_yogg_3977499618106863_IN_IV_DR,65954,99.35%,
3T,VW_DH_TV_VF_yshaarj_nzoth_yogg_3977567263841775_Mis_IV_ME,65945,99.33%,
3T,VW_DH_VW_VF_nzoth_yogg_cthun_3150245967224303_IN_IV_DR,65945,99.33%,
3T,VW_DH_VW_VF_yshaarj_nzoth_yogg_3977497471147503_IN_AM_ME,65929,99.28%,
3T,VW_DH_VW_VF_nzoth_yogg_cthun_3134996685839855_IN_IV_DR,65925,99.27%,
3T,VW_DH_TV_VF_nzoth_yogg_cthun_3132797662592495_IN_IV_ME,65925,99.26%,
3T,VW_DH_TV_VF_yshaarj_nzoth_yogg_4049524072177135_IN_IV_ME_DS,65923,99.26%,
3T,VW_DH_TV_VF_nzoth_yogg_cthun_3132935101537775_IN_IV_DR,65921,99.25%,
3T,VW_DH_TV_VF_nzoth_yogg_cthun_3132797662592495_IN_IV_DR,65919,99.25%,
3T,VW_DH_VW_VF_yshaarj_nzoth_yogg_3977513577274863_IN_IV_DR_DS,65914,99.23%,
3T,VW_DH_TV_VF_nzoth_yogg_cthun_3150244893490671_IN_IV_ME,65901,99.19%,
3T,VW_DH_TV_VF_yshaarj_nzoth_yogg_3977514650492399_IN_IV_ME_DS,65900,99.19%,
3T,VW_DH_VW_VF_yshaarj_nzoth_yogg_4049523065544175_IN_IV_DR_DS,65886,99.15%,
3T,VW_DH_VW_VF_nzoth_yogg_cthun_3150260999609839_IN_IV_DR_DS,65877,99.12%,
3T,VW_DH_TV_VF_nzoth_yogg_cthun_3132996304821743_Mis_IV_DR,65869,99.10%,
3T,VW_DH_VW_VF_nzoth_yogg_cthun_3150243820264943_IN_IV_DR,65855,99.06%,
3T,VW_DH_TV_VF_nzoth_yogg_cthun_3132926511603199_IN_IV_DR,65853,99.05%,
3T,VW_DH_VW_VF_nzoth_yogg_cthun_3132996304821743_Mis_IV_ME,65841,99.01%,
3T,VW_DH_VW_VF_yshaarj_nzoth_yogg_3979712600006127_IN_AM_ME_DS,65840,99.01%,
3T,VW_DH_VW_VF_yshaarj_nzoth_yogg_3977514650492399_IN_AM_DR_DS,65837,99.00%,
3T,VW_DH_VW_VF_yshaarj_nzoth_yogg_3977497470631407_IN_AM_ME,65822,98.95%,
3T,VW_DH_TV_VF_yshaarj_nzoth_yogg_3979696493878767_IN_AM_DR,65809,98.91%,
3T,VW_DH_VW_VF_yshaarj_nzoth_yogg_3977514650492399_IN_AM_ME_DS,65803,98.90%,
3T,VW_DH_VW_VF_yshaarj_nzoth_yogg_4049525145918959_IN_IV_ME_DS,65795,98.87%,
3T,VW_DH_VW_VF_yshaarj_nzoth_yogg_3979712600006127_IN_AM_DR_DS,65787,98.85%,
3T,VW_DH_TV_VF_yshaarj_nzoth_yogg_3977635983318511_IN_IV_DR,65776,98.82%,
3T,VW_DH_VW_VF_nzoth_yogg_cthun_3150518697647599_IN_IV_ME,65775,98.81%,
3T,VW_DH_TV_VF_yshaarj_nzoth_yogg_3979696493878767_IN_AM_ME,65758,98.76%,
3T,VW_DH_TV_VF_yshaarj_nzoth_yogg_3977497471147503_IN_IV_DR,65753,98.75%,
3T,VW_DH_VW_VF_nzoth_yogg_cthun_3150252409675247_IN_IV_ME,65751,98.74%,
3T,VW_DH_TV_VF_nzoth_yogg_cthun_3150253483417071_IN_IV_DR,65742,98.71%,
3T,VW_DH_VW_VF_nzoth_yogg_cthun_3132926578712047_IN_IV_ME,65740,98.71%,
3T,VW_DH_VW_VF_nzoth_yogg_cthun_3132926578712047_IN_IV_DR,65738,98.70%,
3T,VW_DH_VW_VF_yshaarj_nzoth_yogg_3977497471147503_IN_AM_DR,65735,98.69%,
3T,VW_DH_TV_VF_nzoth_yogg_cthun_3150244960591343_IN_IV_ME,65727,98.67%,
3T,VW_DH_TV_VF_yshaarj_nzoth_yogg_3977651015704047_IN_IV_ME_DS,65725,98.66%,
3T,VW_DH_VW_VF_nzoth_yogg_cthun_3132859939610095_Mis_IV_ME,65689,98.55%,
3T,VW_DH_VW_VF_nzoth_yogg_cthun_3150244893490671_IN_IV_DR,65686,98.54%,
3T,VW_DH_TV_VF_nzoth_yogg_cthun_3132859939610095_Mis_IV_DR,65685,98.54%,
3T,VW_DH_VW_VF_yshaarj_nzoth_yogg_4049797876342255_IN_IV_ME_DS,65685,98.54%,
3T,VW_DH_TV_VF_nzoth_yogg_cthun_3132791220141551_IN_IV_DR,65684,98.54%,
3T,VW_DH_TV_VF_nzoth_yogg_cthun_3135005275774447_IN_IV_DR_DS,65683,98.54%,
3T,VW_DH_VW_VF_yshaarj_nzoth_yogg_4049523065544175_IN_IV_ME_DS,65679,98.52%,
3T,VW_DH_VW_VF_yshaarj_nzoth_yogg_3977635983318511_IN_AM_ME,65678,98.52%,
3T,VW_DH_TV_VF_yshaarj_nzoth_yogg_3977498611473903_IN_IV_ME,65677,98.52%,
3T,VW_DH_TV_VF_yshaarj_nzoth_yogg_3977498544373231_IN_IV_DR,65671,98.50%,
3T,VW_DH_TV_VF_nzoth_yogg_cthun_3150259925876207_IN_IV_DR_DS,65667,98.49%,
3T,VW_DH_VW_VF_yshaarj_nzoth_yogg_4049524072177135_IN_AM_DR_DS,65632,98.38%,
3T,VW_DH_TV_VF_yshaarj_nzoth_yogg_4049660437388783_IN_IV_ME_DS,65628,98.37%,
3T,VW_DH_TV_VF_nzoth_yogg_cthun_3152458949123567_IN_IV_ME_DS,65627,98.36%,
3T,VW_DH_TV_VF_yshaarj_nzoth_yogg_3977651015704047_IN_IV_DR_DS,65623,98.35%,
3T,VW_DH_TV_VF_nzoth_yogg_cthun_3132926511603199_IN_IV_ME,65607,98.31%,
3T,VW_DH_TV_VF_nzoth_yogg_cthun_3132797729693167_IN_IV_ME,65605,98.30%,
3T,VW_DH_VW_VF_nzoth_yogg_cthun_3150244960591343_IN_IV_DR,65602,98.29%,
3T,VW_DH_VW_VF_yshaarj_nzoth_yogg_4049531588369903_IN_AM_DR_DS,65589,98.25%,
3T,VW_DH_VW_VF_nzoth_yogg_cthun_3132926511611375_IN_IV_ME,65586,98.24%,
3T,VW_DH_VW_VF_yshaarj_nzoth_cthun_3696313477946863_IN_AM_ME_DS,65583,98.23%,
3T,VW_DH_TV_VF_yshaarj_nzoth_cthun_3696298445561327_IN_IV_ME,65578,98.22%,
3T,VW_DH_TV_VF_nzoth_yogg_cthun_3150253483417071_IN_IV_ME,65574,98.20%,
3T,VW_DH_VW_VF_nzoth_yogg_cthun_3150244960591343_IN_IV_ME,65568,98.19%,
3T,VW_DH_VW_VF_yshaarj_nzoth_cthun_3696298445561327_IN_AM_DR,65565,98.18%,
3T,VW_DH_VW_VF_nzoth_yogg_cthun_3150243820264943_IN_IV_ME,65563,98.17%,
3T,VW_DH_TV_VF_yshaarj_nzoth_cthun_3768322899631599_IN_IV_DR_DS,65563,98.17%,
3T,VW_DH_TV_VF_nzoth_yogg_cthun_3132791220141551_IN_IV_ME,65558,98.16%,
3T,VW_DH_VW_VF_nzoth_yogg_cthun_3150244893490671_IN_IV_ME,65557,98.15%,
3T,VW_DH_VW_VF_nzoth_yogg_cthun_3152458949123567_IN_IV_ME_DS,65551,98.14%,
3T,VW_DH_VW_VF_nzoth_yogg_cthun_3132926511603199_IN_IV_DR,65544,98.11%,
3T,VW_DH_TV_VF_nzoth_yogg_cthun_3150243886849519_IN_AM_DR,65541,98.10%,
3T,VW_DH_TV_VF_nzoth_yogg_cthun_3132926512127471_IN_IV_DR,65539,98.10%,
3T,VW_DH_VW_VF_nzoth_yogg_cthun_3152458949123567_IN_IV_DR_DS,65535,98.09%,
3T,VW_DH_TV_VF_nzoth_yogg_cthun_3132858865876463_Mis_IV_DR,65528,98.07%,
3T,VW_DH_TV_VF_nzoth_yogg_cthun_3150243819748847_IN_AM_DR,65527,98.06%,
3T,VW_DH_VW_VF_yshaarj_nzoth_cthun_3696298445561327_IN_AM_ME,65521,98.05%,
3T,VW_DH_TV_VF_nzoth_yogg_cthun_3132935101537775_IN_IV_ME,65513,98.02%,
3T,VW_DH_VW_VF_yshaarj_nzoth_yogg_4049797876342255_IN_IV_DR_DS,65512,98.02%,
3T,VW_DH_VW_VF_nzoth_yogg_cthun_3150243819740671_IN_IV_ME,65503,97.99%,
3T,VW_DH_TV_VF_yshaarj_nzoth_yogg_3977634909576687_IN_AM_DR,65500,97.98%,
3T,VW_DH_TV_VF_nzoth_yogg_cthun_3133347418398191_IN_IV_ME,65498,97.98%,
3T,VW_DH_VW_VF_nzoth_yogg_cthun_3132928659086831_IN_IV_DR,65493,97.96%,
3T,VW_DH_VW_VF_yshaarj_nzoth_yogg_4049525145918959_IN_IV_DR_DS,65487,97.94%,
3T,VW_DH_VW_VF_yshaarj_nzoth_yogg_3977635983318511_IN_AM_DR,65485,97.94%,
3T,VW_DH_TV_VF_nzoth_yogg_cthun_3150313612959215_Mis_AM_ME,65484,97.93%,
3T,VW_DH_TV_VF_yshaarj_nzoth_yogg_4049660437388783_IN_IV_DR_DS,65470,97.89%,
3T,VW_DH_TV_VF_nzoth_yogg_cthun_3133347418398191_IN_IV_DR,65462,97.87%,
3T,VW_DH_VW_VF_nzoth_yogg_cthun_3132859939610095_Mis_IV_DR,65462,97.87%,
3T,VW_DH_TV_VF_yshaarj_nzoth_yogg_4049522998443503_IN_IV_DR_DS,65461,97.86%,
3T,VW_DH_TV_VF_nzoth_yogg_cthun_3132858865876463_Mis_IV_ME,65457,97.85%,
3T,VW_DH_TV_VF_nzoth_yogg_cthun_3150519771389423_IN_IV_ME,65449,97.83%,
3T,VW_DH_VW_VF_yshaarj_nzoth_yogg_3977498611473903_IN_AM_ME,65434,97.78%,
3T,VW_DH_TV_VF_yshaarj_nzoth_yogg_3977498544889327_IN_IV_ME,65432,97.78%,
3T,VW_DH_VW_VF_nzoth_yogg_cthun_3132996304821743_Mis_IV_DR,65422,97.75%,
3T,VW_DH_VW_VF_yshaarj_nzoth_yogg_3977498544373231_IN_AM_ME,65421,97.74%,
3T,VW_DH_VW_VF_nzoth_yogg_cthun_3132928659086831_IN_IV_ME,65421,97.74%,
3T,VW_DH_VW_VF_yshaarj_nzoth_yogg_4049522998959599_IN_IV_ME_DS,65421,97.74%,
3T,VW_DH_TV_VF_nzoth_yogg_cthun_3150518697647599_IN_AM_DR,65421,97.74%,
3T,VW_DH_TV_VF_yshaarj_nzoth_yogg_4049523065544175_IN_IV_ME_DS,65417,97.73%,
3T,VW_DH_TV_VF_yshaarj_nzoth_yogg_3977498544373231_IN_IV_ME,65407,97.70%,
3T,VW_DH_TV_VF_nzoth_yogg_cthun_3205372946210287_IN_IV_ME_DS,65400,97.68%,
3T,VW_DH_TV_VF_nzoth_yogg_cthun_3150244894006767_IN_IV_DR,65399,97.68%,
3T,VW_DH_TV_VF_yshaarj_nzoth_yogg_3977513576758767_IN_IV_DR_DS,65389,97.64%,
3T,VW_DH_VW_VF_yshaarj_nzoth_yogg_3977651015704047_IN_AM_DR_DS,65386,97.64%,
3T,VW_DH_VW_VF_yshaarj_nzoth_yogg_4049522998435327_IN_IV_DR_DS,65381,97.62%,
3T,VW_DH_VW_VF_nzoth_yogg_cthun_3132797662592495_IN_IV_DR,65373,97.60%,
3T,VW_DH_TV_VF_yshaarj_nzoth_cthun_3696313477946863_IN_IV_DR_DS,65370,97.59%,
3T,VW_DH_TV_VF_nzoth_yogg_cthun_3132806252527087_IN_IV_DR_DS,65368,97.58%,
3T,VW_DH_TV_VF_yshaarj_nzoth_yogg_3977498544365055_IN_IV_ME,65367,97.58%,
3T,VW_DH_TV_VF_nzoth_yogg_cthun_3132927585353199_IN_IV_ME,65366,97.58%,
3T,VW_DH_VW_VF_yshaarj_nzoth_yogg_3977567263841775_Mis_AM_ME,65364,97.57%,
3T,VW_DH_TV_VF_nzoth_yogg_cthun_3150245967224303_IN_AM_DR,65363,97.57%,
3T,VW_DH_TV_VF_nzoth_yogg_cthun_3150244893482495_IN_IV_DR,65363,97.57%,
3T,VW_DH_TV_VF_yshaarj_nzoth_yogg_3977513643859439_IN_IV_ME_DS,65360,97.56%,
3T,VW_DH_TV_VF_nzoth_yogg_cthun_3135005275774447_IN_IV_ME_DS,65360,97.56%,
3T,VW_DH_VW_VF_nzoth_yogg_cthun_3132935101537775_IN_IV_DR,65358,97.55%,
3T,VW_DH_TV_VF_nzoth_yogg_cthun_3205372946210287_IN_IV_DR_DS,65345,97.51%,
3T,VW_DH_TV_VF_nzoth_yogg_cthun_3132927585353199_IN_IV_DR,65337,97.49%,
3T,VW_DH_TV_VF_yshaarj_nzoth_yogg_3977567263841775_Mis_IV_DR,65333,97.48%,
3T,VW_DH_VW_VF_nzoth_yogg_cthun_3132791287242223_IN_IV_ME,65332,97.47%,
3T,VW_DH_TV_VF_nzoth_yogg_cthun_3132858866392559_Mis_IV_ME,65328,97.46%,
3T,VW_DH_TV_VF_nzoth_yogg_cthun_3132943691472367_IN_IV_DR_DS,65324,97.45%,
3T,VW_DH_VW_VF_nzoth_yogg_cthun_3150253483417071_IN_IV_ME,65319,97.43%,
3T,VW_DH_TV_VF_nzoth_yogg_cthun_3132791287242223_IN_IV_ME,65316,97.42%,
3T,VW_DH_TV_VF_yshaarj_nzoth_yogg_3977513576758767_IN_IV_ME_DS,65310,97.41%,
3T,VW_DH_VW_VF_nzoth_yogg_cthun_3132935101537775_IN_IV_ME,65306,97.39%,
3T,VW_DH_TV_VF_nzoth_yogg_cthun_3132791287242223_IN_IV_DR,65306,97.39%,
3T,VW_DH_VW_VF_yshaarj_nzoth_yogg_3977567263841775_Mis_AM_DR,65300,97.38%,
3T,VW_DH_TV_VF_yshaarj_nzoth_cthun_3768322899631599_IN_IV_ME_DS,65294,97.36%,
3T,VW_DH_VW_VF_yshaarj_nzoth_yogg_3977498544373231_IN_AM_DR,65293,97.36%,
3T,VW_DH_TV_VF_yshaarj_nzoth_cthun_3696313477946863_IN_IV_ME_DS,65286,97.34%,
3T,VW_DH_VW_VF_nzoth_yogg_cthun_3132791220141551_IN_IV_ME,65286,97.33%,
3T,VW_DH_TV_VF_nzoth_yogg_cthun_3134997759581679_IN_IV_ME,65285,97.33%,
3T,VW_DH_TV_VF_nzoth_yogg_cthun_3150313612959215_Mis_AM_DR,65279,97.31%,
3T,VW_DH_VW_VF_yshaarj_nzoth_yogg_4049660437388783_IN_AM_DR_DS,65275,97.30%,
3T,VW_DH_TV_VF_yshaarj_nzoth_yogg_3977773422271983_IN_IV_ME,65274,97.30%,
3T,VW_DH_VW_VF_yshaarj_nzoth_yogg_3977513576758767_IN_AM_DR_DS,65268,97.28%,
3T,VW_DH_VW_VF_nzoth_yogg_cthun_3132791220141551_IN_IV_DR,65267,97.28%,
3T,VW_DH_TV_VF_nzoth_yogg_cthun_3132858932977135_Mis_IV_ME,65261,97.26%,
3T,VW_DH_TV_VF_yshaarj_nzoth_cthun_3696297371819503_IN_AM_DR,65259,97.25%,
3T,VW_DH_TV_VF_nzoth_yogg_cthun_3132926512127471_IN_IV_ME,65258,97.25%,
3T,VW_DH_TV_VF_yshaarj_nzoth_yogg_3977634909576687_IN_AM_ME,65238,97.19%,
3T,VW_DH_TV_VF_nzoth_yogg_cthun_3132791220133375_IN_IV_ME,65216,97.12%,
3T,VW_DH_TV_VF_nzoth_yogg_cthun_3132799810067951_IN_IV_ME,65216,97.12%,
3T,VW_DH_VW_VF_nzoth_yogg_cthun_3150243819748847_IN_AM_DR,65213,97.11%,
3T,VW_DH_VW_VF_nzoth_yogg_cthun_3205372946210287_IN_IV_DR_DS,65207,97.10%,
3T,VW_DH_TV_VF_yshaarj_nzoth_yogg_4049523065544175_IN_IV_DR_DS,65205,97.09%,
3T,VW_DH_VW_VF_nzoth_yogg_cthun_3132797662592495_IN_IV_ME,65198,97.07%,
3T,VW_DH_VW_VF_nzoth_yogg_cthun_3132926512127471_IN_IV_DR,65191,97.05%,
3T,VW_DH_TV_VF_yshaarj_nzoth_yogg_3977513643859439_IN_IV_DR_DS,65189,97.04%,
3T,VW_DH_TV_VF_nzoth_yogg_cthun_3150519771389423_IN_IV_DR,65189,97.04%,
3T,VW_DH_VW_VF_nzoth_yogg_cthun_3150253483417071_IN_IV_DR,65183,97.02%,
3T,VW_DH_VW_VF_yshaarj_nzoth_yogg_3977651015704047_IN_AM_ME_DS,65181,97.02%,
3T,VW_DH_TV_VF_nzoth_yogg_cthun_3132797663108591_IN_IV_ME,65180,97.02%,
3T,VW_DH_VW_VF_nzoth_yogg_cthun_3133347418398191_IN_IV_ME,65178,97.01%,
3T,VW_DH_VW_VF_yshaarj_nzoth_yogg_3977773422271983_IN_AM_ME,65177,97.01%,
3T,VW_DH_TV_VF_yshaarj_nzoth_yogg_4049522998443503_IN_IV_ME_DS,65171,96.99%,
3T,VW_DH_TV_VF_nzoth_yogg_cthun_3135004202040815_IN_IV_DR_DS,65166,96.97%,
3T,VW_DH_VW_VF_nzoth_yogg_cthun_3132858865876463_Mis_IV_DR,65159,96.95%,
3T,VW_DH_VW_VF_nzoth_yogg_cthun_3150519771389423_IN_IV_DR,65157,96.94%,
3T,VW_DH_TV_VF_nzoth_yogg_cthun_3134997759581679_IN_IV_DR,65143,96.90%,
3T,VW_DH_TV_VF_nzoth_yogg_cthun_3132797662584319_IN_IV_DR,65118,96.83%,
3T,VW_DH_VW_VF_yshaarj_nzoth_yogg_4049531588369903_IN_AM_ME_DS,65112,96.81%,
3T,VW_DH_TV_VF_nzoth_yogg_cthun_3150259992976879_IN_IV_ME_DS,65112,96.81%,
3T,VW_DH_TV_VF_yshaarj_nzoth_yogg_3977498611473903_IN_IV_DR,65111,96.81%,
3T,VW_DH_VW_VF_yshaarj_nzoth_yogg_3977498611473903_IN_AM_DR,65107,96.79%,
3T,VW_DH_TV_VF_nzoth_yogg_cthun_3150259992976879_IN_IV_DR_DS,65104,96.78%,
3T,VW_DH_VW_VF_yshaarj_nzoth_yogg_4049522998959599_IN_IV_DR_DS,65103,96.78%,
3T,VW_DH_TV_VF_yshaarj_nzoth_yogg_3977498544365055_IN_IV_DR,65102,96.78%,
3T,VW_DH_VW_VF_yshaarj_nzoth_yogg_4049524072177135_IN_AM_ME_DS,65094,96.76%,
3T,VW_DH_VW_VF_nzoth_yogg_cthun_3134997759581679_IN_IV_DR,65085,96.73%,
3T,VW_DH_VW_VF_nzoth_yogg_cthun_3205372946210287_IN_IV_ME_DS,65073,96.69%,
3T,VW_DH_TV_VF_nzoth_yogg_cthun_3132791220657647_IN_IV_DR,65065,96.67%,
3T,VW_DH_TV_VF_nzoth_yogg_cthun_3150252409675247_IN_AM_DR,65064,96.66%,
3T,VW_DH_VW_VF_nzoth_yogg_cthun_3132797729693167_IN_IV_DR,65063,96.66%,
3T,VW_DH_TV_VF_nzoth_yogg_cthun_3150244894006767_IN_IV_ME,65057,96.64%,
3T,VW_DH_TV_VF_nzoth_yogg_cthun_3132797729693167_IN_IV_DR,65054,96.63%,
3T,VW_DH_VW_VF_yshaarj_nzoth_cthun_3696313477946863_IN_AM_DR_DS,65050,96.62%,
3T,VW_DH_VW_VF_nzoth_yogg_cthun_3133347418398191_IN_IV_DR,65046,96.61%,
3T,VW_DH_VW_VF_nzoth_yogg_cthun_3132943691472367_IN_IV_DR_DS,65041,96.59%,
3T,VW_DH_VW_VF_nzoth_yogg_cthun_3135005275774447_IN_IV_DR_DS,65041,96.59%,
3T,VW_DH_TV_VF_yshaarj_nzoth_yogg_3977515724234223_IN_IV_ME_DS,65037,96.58%,
3T,VW_DH_TV_VF_nzoth_yogg_cthun_3150259925876207_IN_IV_ME_DS,65028,96.55%,
3T,VW_DH_VW_VF_nzoth_yogg_cthun_3135005275774447_IN_IV_ME_DS,65025,96.55%,
3T,VW_DH_TV_VF_yshaarj_nzoth_yogg_4049525145918959_IN_IV_DR_DS,65024,96.54%,
3T,VW_DH_TV_VF_nzoth_yogg_cthun_3150244893482495_IN_IV_ME,65023,96.54%,
3T,VW_DH_TV_VF_nzoth_yogg_cthun_3150243819740671_IN_AM_DR,65018,96.52%,
3T,VW_DH_VW_VF_yshaarj_nzoth_yogg_3977513643859439_IN_AM_DR_DS,65006,96.49%,
3T,VW_DH_TV_VF_nzoth_yogg_cthun_3132943691472367_IN_IV_ME_DS,65004,96.48%,
3T,VW_DH_TV_VF_nzoth_yogg_cthun_3132791220657647_IN_IV_ME,65004,96.48%,
3T,VW_DH_VW_VF_nzoth_yogg_cthun_3132926512127471_IN_IV_ME,65003,96.48%,
3T,VW_DH_TV_VF_yshaarj_nzoth_yogg_4049797876342255_IN_IV_DR_DS,65003,96.48%,
3T,VW_DH_TV_VF_yshaarj_nzoth_yogg_3977773422271983_IN_IV_DR,65002,96.47%,
3T,VW_DH_VW_VF_nzoth_yogg_cthun_3150519771389423_IN_IV_ME,65002,96.47%,
3T,VW_DH_VW_VF_nzoth_yogg_cthun_3132926511603199_IN_IV_ME,64998,96.46%,
3T,VW_DH_TV_VF_nzoth_yogg_cthun_3132867455802863_Mis_IV_ME,64991,96.44%,
3T,VW_DH_TV_VF_nzoth_yogg_cthun_3132797662584319_IN_IV_ME,64991,96.44%,
3T,VW_DH_VW_VF_yshaarj_nzoth_yogg_3977498544365055_IN_AM_DR,64983,96.42%,
3T,VW_DH_TV_VF_nzoth_yogg_cthun_3132791220133375_IN_IV_DR,64981,96.41%,
3T,VW_DH_TV_VF_nzoth_yogg_cthun_3132936175279599_IN_IV_DR,64978,96.40%,
3T,VW_DH_VW_VF_nzoth_yogg_cthun_3150244894006767_IN_IV_DR,64977,96.40%,
3T,VW_DH_TV_VF_nzoth_yogg_cthun_3132926511611375_IN_AM_DR,64968,96.37%,
3T,VW_DH_VW_VF_yshaarj_nzoth_yogg_3977498544889327_IN_AM_ME,64967,96.37%,
3T,VW_DH_TV_VF_nzoth_yogg_cthun_3150268515802607_IN_IV_ME_DS,64958,96.34%,
3T,VW_DH_TV_VF_nzoth_yogg_cthun_3150268515802607_IN_IV_DR_DS,64958,96.34%,
3T,VW_DH_VW_VF_nzoth_yogg_cthun_3132797729693167_IN_IV_ME,64952,96.33%,
3T,VW_DH_TV_VF_yshaarj_nzoth_yogg_3977497470631407_IN_AM_DR,64949,96.31%,
3T,VW_DH_VW_VF_yshaarj_nzoth_yogg_3977513576758767_IN_AM_ME_DS,64948,96.31%,
3T,VW_DH_TV_VF_yshaarj_nzoth_yogg_3977788454657519_IN_IV_ME_DS,64944,96.30%,
3T,VW_DH_TV_VF_nzoth_yogg_cthun_3135004202040815_IN_IV_ME_DS,64944,96.30%,
3T,VW_DH_TV_VF_nzoth_yogg_cthun_3134996685839855_IN_AM_DR,64943,96.30%,
3T,VW_DH_TV_VF_nzoth_yogg_cthun_3132927652453871_IN_IV_ME,64939,96.29%,
3T,VW_DH_TV_VF_yshaarj_nzoth_yogg_4049525145918959_IN_IV_ME_DS,64938,96.28%,
3T,VW_DH_VW_VF_nzoth_yogg_cthun_3132858866392559_Mis_IV_ME,64936,96.28%,
3T,VW_DH_TV_VF_nzoth_yogg_cthun_3132798736334319_IN_IV_DR,64935,96.27%,
3T,VW_DH_TV_VF_nzoth_yogg_cthun_3132927652453871_IN_IV_DR,64934,96.27%,
3T,VW_DH_TV_VF_nzoth_yogg_cthun_3132797663108591_IN_IV_DR,64933,96.27%,
3T,VW_DH_VW_VF_nzoth_yogg_cthun_3132799810067951_IN_IV_ME,64930,96.26%,
3T,VW_DH_TV_VF_yshaarj_nzoth_cthun_3696297371819503_IN_AM_ME,64925,96.24%,
3T,VW_DH_TV_VF_yshaarj_nzoth_yogg_3977772348530159_IN_AM_DR,64921,96.23%,
3T,VW_DH_TV_VF_nzoth_yogg_cthun_3150243886849519_IN_AM_ME,64915,96.21%,
3T,VW_DH_VW_VF_nzoth_yogg_cthun_3150252409675247_IN_AM_DR,64914,96.21%,
3T,VW_DH_TV_VF_nzoth_yogg_cthun_3132799810067951_IN_IV_DR,64904,96.18%,
3T,VW_DH_VW_VF_yshaarj_nzoth_yogg_3979696493878767_Mis_IV_ME,64899,96.16%,
3T,VW_DH_VW_VF_yshaarj_nzoth_yogg_3977515724234223_IN_AM_ME_DS,64899,96.16%,
3T,VW_DH_TV_VF_nzoth_yogg_cthun_3132858932977135_Mis_IV_DR,64898,96.16%,
3T,VW_DH_VW_VF_nzoth_yogg_cthun_3132858865876463_Mis_IV_ME,64894,96.15%,
3T,VW_DH_TV_VF_yshaarj_nzoth_yogg_4049516555984367_IN_AM_ME,64890,96.14%,
3T,VW_DH_TV_VF_yshaarj_nzoth_yogg_3977497470623231_IN_AM_DR,64889,96.13%,
3T,VW_DH_TV_VF_nzoth_yogg_cthun_3132936175279599_IN_IV_ME,64876,96.10%,
3T,VW_DH_VW_VF_nzoth_yogg_cthun_3132858932977135_Mis_IV_ME,64871,96.08%,
3T,VW_DH_TV_VF_yshaarj_nzoth_yogg_3977788454657519_IN_IV_DR_DS,64860,96.05%,
3T,VW_DH_TV_VF_yshaarj_nzoth_yogg_4049516555984367_IN_AM_DR,64855,96.03%,
3T,VW_DH_VW_VF_nzoth_yogg_cthun_3150259925876207_IN_IV_DR_DS,64847,96.01%,
3T,VW_DH_TV_VF_yshaarj_nzoth_yogg_4049531588369903_IN_AM_DR_DS,64845,96.00%,
3T,VW_DH_VW_VF_yshaarj_nzoth_yogg_3979696493878767_Mis_IV_DR,64844,96.00%,
3T,VW_DH_TV_VF_nzoth_yogg_cthun_3132806252527087_IN_IV_ME_DS,64843,96.00%,
3T,VW_DH_TV_VF_nzoth_yogg_cthun_3132858866392559_Mis_IV_DR,64841,95.99%,
3T,VW_DH_VW_VF_yshaarj_nzoth_yogg_3977788454657519_IN_AM_DR_DS,64834,95.97%,
3T,VW_DH_VW_VF_yshaarj_nzoth_yogg_3977634909576687_Mis_IV_DR,64833,95.97%,
3T,VW_DH_TV_VF_nzoth_yogg_cthun_3132926578712047_IN_AM_DR,64819,95.92%,
3T,VW_DH_VW_VF_nzoth_yogg_cthun_3150260999609839_IN_IV_ME_DS,64811,95.90%,
3T,VW_DH_VW_VF_nzoth_yogg_cthun_3150243886849519_IN_AM_DR,64805,95.88%,
3T,VW_DH_TV_VF_nzoth_yogg_cthun_3150534803774959_IN_IV_DR_DS,64799,95.86%,
3T,VW_DH_VW_VF_yshaarj_nzoth_yogg_3977497470631407_Mis_IV_DR,64789,95.83%,
3T,VW_DH_TV_VF_nzoth_yogg_cthun_3135004269141487_IN_IV_ME_DS,64783,95.81%,
3T,VW_DH_TV_VF_nzoth_yogg_cthun_3135012791967215_IN_IV_ME_DS,64774,95.79%,
3T,VW_DH_VW_VF_nzoth_yogg_cthun_3132927652453871_IN_IV_DR,64772,95.78%,
3T,VW_DH_TV_VF_nzoth_yogg_cthun_3150262073351663_IN_IV_ME_DS,64760,95.74%,
3T,VW_DH_VW_VF_yshaarj_nzoth_yogg_3977498544365055_IN_AM_ME,64759,95.74%,
3T,VW_DH_TV_VF_yshaarj_nzoth_yogg_4049797876342255_IN_IV_ME_DS,64753,95.72%,
3T,VW_DH_TV_VF_yshaarj_nzoth_yogg_3977497537732079_IN_AM_DR,64747,95.71%,
3T,VW_DH_VW_VF_nzoth_yogg_cthun_3132791220133375_IN_IV_ME,64743,95.69%,
3T,VW_DH_VW_VF_nzoth_yogg_cthun_3132927585353199_IN_IV_DR,64735,95.67%,
3T,VW_DH_VW_VF_nzoth_yogg_cthun_3150313612959215_Mis_AM_DR,64734,95.66%,
3T,VW_DH_VW_VF_yshaarj_nzoth_cthun_3768322899631599_IN_AM_DR_DS,64732,95.66%,
3T,VW_DH_TV_VF_nzoth_yogg_cthun_3150243819748847_Mis_IV_DR,64722,95.63%,
3T,VW_DH_VW_VF_nzoth_yogg_cthun_3134997759581679_IN_IV_ME,64716,95.61%,
3T,VW_DH_TV_VF_yshaarj_nzoth_yogg_4049524072177135_IN_AM_DR_DS,64713,95.60%,
3T,VW_DH_TV_VF_nzoth_yogg_cthun_3150243820264943_IN_AM_DR,64712,95.60%,
3T,VW_DH_TV_VF_nzoth_yogg_cthun_3132942684839407_IN_IV_DR_DS,64709,95.59%,
3T,VW_DH_TV_VF_nzoth_yogg_cthun_3132814842453487_IN_IV_DR_DS,64705,95.58%,
3T,VW_DH_TV_VF_nzoth_yogg_cthun_3150245967224303_IN_AM_ME,64704,95.58%,
3T,VW_DH_VW_VF_nzoth_yogg_cthun_3150262073351663_IN_IV_ME_DS,64701,95.56%,
3T,VW_DH_TV_VF_nzoth_yogg_cthun_3150252409675247_IN_AM_ME,64692,95.54%,
3T,VW_DH_TV_VF_nzoth_yogg_cthun_3150260999609839_IN_AM_DR_DS,64690,95.53%,
3T,VW_DH_VW_VF_yshaarj_nzoth_yogg_3977634909576687_Mis_IV_ME,64688,95.53%,
3T,VW_DH_VW_VF_nzoth_yogg_cthun_3132791220133375_IN_IV_DR,64688,95.53%,
3T,VW_DH_TV_VF_yshaarj_nzoth_yogg_3977513576750591_IN_IV_DR_DS,64682,95.51%,
3T,VW_DH_TV_VF_nzoth_yogg_cthun_3150259926392303_IN_IV_DR_DS,64681,95.51%,
3T,VW_DH_VW_VF_nzoth_yogg_cthun_3150313612959215_Mis_AM_ME,64644,95.39%,
3T,VW_DH_TV_VF_yshaarj_nzoth_yogg_3977497471147503_IN_AM_DR,64643,95.39%,
3T,VW_DH_TV_VF_nzoth_yogg_cthun_3132942617738735_IN_IV_DR_DS,64639,95.38%,
3T,VW_DH_TV_VF_yshaarj_nzoth_yogg_4049522998959599_IN_IV_ME_DS,64639,95.38%,
3T,VW_DH_TV_VF_nzoth_yogg_cthun_3135006349516271_IN_IV_ME_DS,64631,95.36%,
3T,VW_DH_TV_VF_yshaarj_nzoth_yogg_3977499618106863_IN_AM_ME,64630,95.35%,
3T,VW_DH_VW_VF_nzoth_yogg_cthun_3134996685839855_IN_AM_DR,64628,95.35%,
3T,VW_DH_VW_VF_yshaarj_nzoth_yogg_3977498544889327_IN_AM_DR,64628,95.34%,
3T,VW_DH_VW_VF_nzoth_yogg_cthun_3132943691472367_IN_IV_ME_DS,64627,95.34%,
3T,VW_DH_VW_VF_yshaarj_nzoth_yogg_3977515724234223_IN_AM_DR_DS,64627,95.34%,
3T,VW_DH_VW_VF_nzoth_yogg_cthun_3150259992976879_IN_IV_DR_DS,64625,95.34%,
3T,VW_DH_TV_VF_yshaarj_nzoth_yogg_3979697567620591_IN_AM_ME,64623,95.33%,
3T,VW_DH_TV_VF_yshaarj_nzoth_yogg_3977499618106863_IN_AM_DR,64621,95.32%,
3T,VW_DH_TV_VF_nzoth_yogg_cthun_3150534803774959_IN_IV_ME_DS,64617,95.31%,
3T,VW_DH_VW_VF_nzoth_yogg_cthun_3150259992976879_IN_IV_ME_DS,64611,95.29%,
3T,VW_DH_TV_VF_yshaarj_nzoth_yogg_3977515724234223_IN_IV_DR_DS,64600,95.26%,
3T,VW_DH_VW_VF_nzoth_yogg_cthun_3150534803774959_IN_IV_DR_DS,64593,95.24%,
3T,VW_DH_TV_VF_nzoth_yogg_cthun_3150518697647599_IN_AM_ME,64587,95.22%,
3T,VW_DH_TV_VF_yshaarj_nzoth_yogg_3977513577274863_IN_IV_ME_DS,64587,95.22%,
3T,VW_DH_TV_VF_nzoth_yogg_cthun_3132858865868287_Mis_IV_ME,64585,95.21%,
3T,VW_DH_TV_VF_yshaarj_nzoth_yogg_3977513577274863_IN_IV_DR_DS,64578,95.20%,
3T,VW_DH_VW_VF_nzoth_yogg_cthun_3132858932977135_Mis_IV_DR,64578,95.19%,
3T,VW_DH_VW_VF_nzoth_yogg_cthun_3132799810067951_IN_IV_DR,64578,95.19%,
3T,VW_DH_TV_VF_yshaarj_nzoth_yogg_3977497470623231_IN_AM_ME,64576,95.19%,
3T,VW_DH_TV_VF_nzoth_yogg_cthun_3135004269141487_IN_IV_DR_DS,64575,95.19%,
3T,VW_DH_VW_VF_nzoth_yogg_cthun_3150518697647599_IN_AM_DR,64566,95.16%,
3T,VW_DH_VW_VF_yshaarj_nzoth_yogg_3977513643859439_IN_AM_ME_DS,64562,95.15%,
3T,VW_DH_VW_VF_yshaarj_nzoth_yogg_3977497470631407_Mis_IV_ME,64558,95.13%,
3T,VW_DH_VW_VF_nzoth_yogg_cthun_3150244894006767_IN_IV_ME,64546,95.10%,
3T,VW_DH_TV_VF_nzoth_yogg_cthun_3132935101537775_IN_AM_DR,64545,95.09%,
3T,VW_DH_TV_VF_yshaarj_nzoth_yogg_3977513576750591_IN_IV_ME_DS,64542,95.09%,
3T,VW_DH_VW_VF_nzoth_yogg_cthun_3132791287242223_IN_IV_DR,64541,95.08%,
3T,VW_DH_VW_VF_yshaarj_nzoth_cthun_3696297371819503_Mis_IV_ME,64540,95.08%,
3T,VW_DH_TV_VF_yshaarj_nzoth_yogg_4049522998435327_IN_IV_DR_DS,64538,95.07%,
3T,VW_DH_VW_VF_yshaarj_nzoth_yogg_3977513576750591_IN_AM_DR_DS,64537,95.07%,
3T,VW_DH_TV_VF_nzoth_yogg_cthun_3134996685839855_IN_AM_ME,64528,95.04%,
3T,VW_DH_VW_VF_nzoth_yogg_cthun_3132858865868287_Mis_IV_ME,64526,95.04%,
3T,VW_DH_VW_VF_nzoth_yogg_cthun_3132927652453871_IN_IV_ME,64524,95.03%,
3T,VW_DH_TV_VF_nzoth_yogg_cthun_3132806319627759_IN_IV_ME_DS,64524,95.03%,
3T,VW_DH_VW_VF_yshaarj_nzoth_yogg_3977513576750591_IN_AM_ME_DS,64520,95.02%,
3T,VW_DH_VW_VF_yshaarj_nzoth_yogg_4049515482242543_Mis_IV_ME,64519,95.02%,
3T,VW_DH_VW_VF_yshaarj_nzoth_yogg_3977773422271983_IN_AM_DR,64513,95.00%,
3T,VW_DH_VW_VF_yshaarj_nzoth_yogg_4049522998435327_IN_IV_ME_DS,64507,94.98%,
3T,VW_DH_VW_VF_nzoth_yogg_cthun_3135004269141487_IN_IV_ME_DS,64505,94.97%,
3T,VW_DH_VW_VF_nzoth_yogg_cthun_3150243819748847_Mis_IV_DR,64504,94.97%,
3T,VW_DH_VW_VF_nzoth_yogg_cthun_3132927585353199_IN_IV_ME,64502,94.96%,
3T,VW_DH_VW_VF_nzoth_yogg_cthun_3132797662584319_IN_IV_ME,64501,94.96%,
3T,VW_DH_VW_VF_nzoth_yogg_cthun_3132926578712047_IN_AM_DR,64497,94.95%,
3T,VW_DH_TV_VF_nzoth_yogg_cthun_3150243819748847_IN_AM_ME,64494,94.94%,
3T,VW_DH_VW_VF_nzoth_yogg_cthun_3135004202040815_IN_IV_DR_DS,64486,94.92%,
3T,VW_DH_TV_VF_nzoth_yogg_cthun_3150262073351663_IN_IV_DR_DS,64486,94.92%,
3T,VW_DH_TV_VF_nzoth_yogg_cthun_3132798803434991_IN_IV_DR,64484,94.91%,
3T,VW_DH_VW_VF_nzoth_yogg_cthun_3132858866392559_Mis_IV_DR,64483,94.91%,
3T,VW_DH_TV_VF_yshaarj_nzoth_yogg_4049522998959599_IN_IV_DR_DS,64479,94.90%,
3T,VW_DH_VW_VF_nzoth_yogg_cthun_3132791220657647_IN_IV_ME,64479,94.90%,
3T,VW_DH_VW_VF_nzoth_yogg_cthun_3135006349516271_IN_IV_ME_DS,64478,94.89%,
3T,VW_DH_TV_VF_yshaarj_nzoth_yogg_3977497537732079_IN_AM_ME,64476,94.89%,
3T,VW_DH_VW_VF_nzoth_yogg_cthun_3150245967224303_IN_AM_DR,64476,94.89%,
3T,VW_DH_VW_VF_nzoth_yogg_cthun_3150259925876207_IN_IV_ME_DS,64471,94.87%,
3T,VW_DH_VW_VF_nzoth_yogg_cthun_3132936175279599_IN_IV_DR,64470,94.87%,
3T,VW_DH_TV_VF_nzoth_yogg_cthun_3132859939610095_Mis_AM_ME,64469,94.86%,
3T,VW_DH_VW_VF_nzoth_yogg_cthun_3132797663108591_IN_IV_DR,64466,94.86%,
3T,VW_DH_TV_VF_nzoth_yogg_cthun_3132814842453487_IN_IV_ME_DS,64461,94.84%,
3T,VW_DH_VW_VF_yshaarj_nzoth_yogg_4049522998443503_IN_AM_DR_DS,64455,94.82%,
3T,VW_DH_VW_VF_nzoth_yogg_cthun_3132867455802863_Mis_IV_ME,64453,94.82%,
3T,VW_DH_TV_VF_nzoth_yogg_cthun_3135006349516271_IN_IV_DR_DS,64452,94.81%,
3T,VW_DH_TV_VF_nzoth_yogg_cthun_3132806319627759_IN_IV_DR_DS,64450,94.81%,
3T,VW_DH_TV_VF_nzoth_yogg_cthun_3135012791967215_IN_IV_DR_DS,64448,94.80%,
3T,VW_DH_VW_VF_nzoth_yogg_cthun_3150244893482495_IN_IV_ME,64446,94.79%,
3T,VW_DH_TV_VF_nzoth_yogg_cthun_3132927585869295_IN_IV_ME,64437,94.77%,
3T,VW_DH_VW_VF_nzoth_yogg_cthun_3150262073351663_IN_IV_DR_DS,64432,94.75%,
3T,VW_DH_TV_VF_yshaarj_nzoth_cthun_3696298445561327_IN_AM_ME,64431,94.75%,
3T,VW_DH_TV_VF_nzoth_yogg_cthun_3132798736334319_IN_IV_ME,64428,94.74%,
3T,VW_DH_TV_VF_nzoth_yogg_cthun_3150259926392303_IN_IV_ME_DS,64421,94.72%,
3T,VW_DH_TV_VF_nzoth_yogg_cthun_3132806253043183_IN_IV_ME_DS,64410,94.69%,
3T,VW_DH_TV_VF_yshaarj_nzoth_yogg_3977497470631407_IN_AM_ME,64408,94.68%,
3T,VW_DH_TV_VF_nzoth_yogg_cthun_3132808400002543_IN_IV_ME_DS,64407,94.68%,
3T,VW_DH_TV_VF_nzoth_yogg_cthun_3132867455802863_Mis_IV_DR,64401,94.66%,
3T,VW_DH_TV_VF_nzoth_yogg_cthun_3132927585869295_IN_IV_DR,64400,94.66%,
3T,VW_DH_VW_VF_nzoth_yogg_cthun_3150268515802607_IN_IV_ME_DS,64399,94.65%,
3T,VW_DH_TV_VF_yshaarj_nzoth_yogg_3979697567620591_IN_AM_DR,64397,94.65%,
3T,VW_DH_TV_VF_nzoth_yogg_cthun_3132806252518911_IN_IV_DR_DS,64395,94.64%,
3T,VW_DH_VW_VF_nzoth_yogg_cthun_3135004269141487_IN_IV_DR_DS,64393,94.64%,
3T,VW_DH_TV_VF_yshaarj_nzoth_yogg_3979712600006127_IN_AM_DR_DS,64388,94.62%,
3T,VW_DH_VW_VF_nzoth_yogg_cthun_3150244893482495_IN_IV_DR,64378,94.59%,
3T,VW_DH_VW_VF_nzoth_yogg_cthun_3150243886849519_IN_AM_ME,64375,94.58%,
3T,VW_DH_VW_VF_nzoth_yogg_cthun_3150243819740671_IN_AM_DR,64372,94.57%,
3T,VW_DH_VW_VF_nzoth_yogg_cthun_3132806252527087_IN_IV_DR_DS,64371,94.57%,
3T,VW_DH_VW_VF_nzoth_yogg_cthun_3132797663108591_IN_IV_ME,64365,94.55%,
3T,VW_DH_VW_VF_nzoth_yogg_cthun_3132935101537775_IN_AM_DR,64355,94.52%,
3T,VW_DH_VW_VF_yshaarj_nzoth_yogg_3977513577274863_IN_AM_DR_DS,64351,94.51%,
3T,VW_DH_VW_VF_nzoth_yogg_cthun_3150243820264943_IN_AM_DR,64350,94.51%,
3T,VW_DH_TV_VF_yshaarj_nzoth_yogg_3977567263841775_Mis_AM_ME,64346,94.49%,
3T,VW_DH_TV_VF_yshaarj_nzoth_yogg_3977498544889327_IN_IV_DR,64345,94.49%,
3T,VW_DH_VW_VF_nzoth_yogg_cthun_3132798736334319_IN_IV_DR,64339,94.47%,
3T,VW_DH_VW_VF_yshaarj_nzoth_yogg_4049523065544175_IN_AM_DR_DS,64334,94.46%,
3T,VW_DH_VW_VF_nzoth_yogg_cthun_3135004202040815_IN_IV_ME_DS,64332,94.45%,
3T,VW_DH_TV_VF_nzoth_yogg_cthun_3132876045737455_Mis_IV_ME_DS,64329,94.44%,
3T,VW_DH_TV_VF_nzoth_yogg_cthun_3132942684839407_IN_IV_ME_DS,64326,94.43%,
3T,VW_DH_TV_VF_nzoth_yogg_cthun_3152458949123567_IN_AM_DR_DS,64326,94.43%,
3T,VW_DH_TV_VF_nzoth_yogg_cthun_3150259925868031_IN_IV_DR_DS,64318,94.41%,
3T,VW_DH_VW_VF_nzoth_yogg_cthun_3132942617738735_IN_IV_DR_DS,64318,94.41%,
3T,VW_DH_VW_VF_yshaarj_nzoth_yogg_3977497470623231_Mis_IV_ME,64317,94.40%,
3T,VW_DH_VW_VF_nzoth_yogg_cthun_3132927585869295_IN_IV_ME,64307,94.38%,
3T,VW_DH_TV_VF_nzoth_yogg_cthun_3132806253043183_IN_IV_DR_DS,64300,94.35%,
3T,VW_DH_VW_VF_yshaarj_nzoth_yogg_4049515482242543_Mis_IV_DR,64300,94.35%,
3T,VW_DH_TV_VF_nzoth_yogg_cthun_3132806252518911_IN_IV_ME_DS,64295,94.34%,
3T,VW_DH_TV_VF_nzoth_yogg_cthun_3132808400002543_IN_IV_DR_DS,64281,94.30%,
3T,VW_DH_TV_VF_nzoth_yogg_cthun_3150259925868031_IN_IV_ME_DS,64278,94.29%,
3T,VW_DH_VW_VF_nzoth_yogg_cthun_3132808400002543_IN_IV_ME_DS,64278,94.29%,
3T,VW_DH_TV_VF_nzoth_yogg_cthun_3150244893490671_IN_AM_DR,64277,94.28%,
3T,VW_DH_TV_VF_yshaarj_nzoth_yogg_3977635983318511_IN_AM_DR,64276,94.28%,
3T,VW_DH_VW_VF_nzoth_yogg_cthun_3132927585869295_IN_IV_DR,64272,94.27%,
3T,VW_DH_TV_VF_nzoth_yogg_cthun_3132996304821743_Mis_AM_ME,64264,94.25%,
3T,VW_DH_VW_VF_nzoth_yogg_cthun_3132867455802863_Mis_IV_DR,64261,94.24%,
3T,VW_DH_VW_VF_nzoth_yogg_cthun_3133348492140015_IN_IV_ME,64255,94.22%,
3T,VW_DH_TV_VF_nzoth_yogg_cthun_3132944765214191_IN_IV_ME_DS,64253,94.21%,
3T,VW_DH_VW_VF_nzoth_yogg_cthun_3150259926392303_IN_IV_DR_DS,64250,94.20%,
3T,VW_DH_VW_VF_yshaarj_nzoth_yogg_4049660437388783_IN_AM_ME_DS,64249,94.20%,
3T,VW_DH_VW_VF_nzoth_yogg_cthun_3150268515802607_IN_IV_DR_DS,64246,94.19%,
3T,VW_DH_TV_VF_yshaarj_nzoth_yogg_4049531588369903_IN_AM_ME_DS,64241,94.18%,
3T,VW_DH_VW_VF_nzoth_yogg_cthun_3132936175279599_IN_IV_ME,64240,94.17%,
3T,VW_DH_TV_VF_nzoth_yogg_cthun_3132927585345023_IN_IV_DR,64238,94.17%,
3T,VW_DH_VW_VF_yshaarj_nzoth_yogg_3977513577274863_IN_AM_ME_DS,64236,94.16%,
3T,VW_DH_TV_VF_yshaarj_nzoth_yogg_4049522998435327_IN_IV_ME_DS,64233,94.15%,
3T,VW_DH_TV_VF_yshaarj_nzoth_yogg_3977772348530159_IN_AM_ME,64229,94.14%,
3T,VW_DH_TV_VF_nzoth_yogg_cthun_3132926511603199_IN_AM_DR,64228,94.14%,
3T,VW_DH_TV_VF_nzoth_yogg_cthun_3132928659086831_IN_AM_DR,64222,94.12%,
3T,VW_DH_TV_VF_nzoth_yogg_cthun_3150243886849519_Mis_IV_DR,64217,94.10%,
3T,VW_DH_TV_VF_nzoth_yogg_cthun_3132798803434991_IN_IV_ME,64217,94.10%,
3T,VW_DH_TV_VF_yshaarj_nzoth_yogg_4049660437388783_IN_AM_DR_DS,64214,94.09%,
3T,VW_DH_VW_VF_nzoth_yogg_cthun_3132791220657647_IN_IV_DR,64213,94.09%,
3T,VW_DH_TV_VF_nzoth_yogg_cthun_3132951207665135_IN_IV_ME_DS,64207,94.07%,
3T,VW_DH_VW_VF_nzoth_yogg_cthun_3132942684839407_IN_IV_DR_DS,64204,94.06%,
3T,VW_DH_TV_VF_yshaarj_nzoth_yogg_3977514650492399_IN_AM_DR_DS,64199,94.05%,
3T,VW_DH_VW_VF_yshaarj_nzoth_yogg_3977497537732079_Mis_IV_DR,64193,94.03%,
3T,VW_DH_VW_VF_yshaarj_nzoth_yogg_4049525145918959_IN_AM_DR_DS,64193,94.03%,
3T,VW_DH_TV_VF_nzoth_yogg_cthun_3132927585345023_IN_IV_ME,64192,94.03%,
3T,VW_DH_TV_VF_yshaarj_nzoth_yogg_3977514650492399_IN_AM_ME_DS,64190,94.02%,
3T,VW_DH_VW_VF_nzoth_yogg_cthun_3132926511611375_IN_AM_DR,64189,94.02%,
3T,VW_DH_TV_VF_nzoth_yogg_cthun_3133348492140015_IN_IV_DR,64188,94.02%,
3T,VW_DH_VW_VF_nzoth_yogg_cthun_3150259925868031_IN_IV_DR_DS,64182,94.00%,
3T,VW_DH_TV_VF_nzoth_yogg_cthun_3150244960591343_IN_AM_DR,64172,93.97%,
3T,VW_DH_TV_VF_nzoth_yogg_cthun_3150243819740671_IN_AM_ME,64162,93.94%,
3T,VW_DH_VW_VF_nzoth_yogg_cthun_3150259926392303_IN_IV_ME_DS,64162,93.94%,
3T,VW_DH_VW_VF_yshaarj_nzoth_yogg_3977497537732079_Mis_IV_ME,64162,93.94%,
3T,VW_DH_TV_VF_nzoth_yogg_cthun_3150243820264943_IN_AM_ME,64154,93.91%,
3T,VW_DH_VW_VF_yshaarj_nzoth_cthun_3768322899631599_IN_AM_ME_DS,64147,93.89%,
3T,VW_DH_TV_VF_nzoth_yogg_cthun_3135004202556911_IN_IV_ME_DS,64139,93.87%,
3T,VW_DH_VW_VF_nzoth_yogg_cthun_3132806252527087_IN_IV_ME_DS,64138,93.86%,
3T,VW_DH_TV_VF_nzoth_yogg_cthun_3150243886849519_Mis_IV_ME,64134,93.85%,
3T,VW_DH_TV_VF_nzoth_yogg_cthun_3132942617738735_IN_IV_ME_DS,64133,93.85%,
3T,VW_DH_VW_VF_nzoth_yogg_cthun_3134996685839855_IN_AM_ME,64131,93.84%,
3T,VW_DH_VW_VF_nzoth_yogg_cthun_3150245967224303_IN_AM_ME,64129,93.84%,
3T,VW_DH_VW_VF_nzoth_yogg_cthun_3152458949123567_IN_AM_DR_DS,64126,93.83%,
3T,VW_DH_VW_VF_nzoth_yogg_cthun_3132798736334319_IN_IV_ME,64126,93.83%,
3T,VW_DH_TV_VF_nzoth_yogg_cthun_3205372946210287_IN_AM_DR_DS,64121,93.81%,
3T,VW_DH_TV_VF_nzoth_yogg_cthun_3132926512127471_IN_AM_DR,64108,93.77%,
3T,VW_DH_VW_VF_nzoth_yogg_cthun_3132797662584319_IN_IV_DR,64108,93.77%,
3T,VW_DH_TV_VF_nzoth_yogg_cthun_3132951207665135_IN_IV_DR_DS,64104,93.76%,
3T,VW_DH_VW_VF_yshaarj_nzoth_yogg_3977497470623231_Mis_IV_DR,64103,93.76%,
3T,VW_DH_VW_VF_nzoth_yogg_cthun_3132814842453487_IN_IV_ME_DS,64096,93.74%,
3T,VW_DH_TV_VF_nzoth_yogg_cthun_3133348492140015_IN_IV_ME,64092,93.73%,
3T,VW_DH_VW_VF_yshaarj_nzoth_yogg_3977788454657519_IN_AM_ME_DS,64091,93.72%,
3T,VW_DH_VW_VF_yshaarj_nzoth_yogg_3979697567620591_Mis_IV_ME,64090,93.72%,
3T,VW_DH_VW_VF_nzoth_yogg_cthun_3132859939610095_Mis_AM_ME,64089,93.72%,
3T,VW_DH_VW_VF_nzoth_yogg_cthun_3132876045737455_Mis_IV_ME_DS,64087,93.71%,
3T,VW_DH_VW_VF_yshaarj_nzoth_yogg_4049523065544175_IN_AM_ME_DS,64087,93.71%,
3T,VW_DH_VW_VF_yshaarj_nzoth_cthun_3696297371819503_Mis_IV_DR,64086,93.71%,
3T,VW_DH_VW_VF_nzoth_yogg_cthun_3132814842453487_IN_IV_DR_DS,64082,93.70%,
3T,VW_DH_TV_VF_yshaarj_nzoth_cthun_3696313477946863_IN_AM_ME_DS,64066,93.65%,
3T,VW_DH_VW_VF_nzoth_yogg_cthun_3132806319627759_IN_IV_ME_DS,64057,93.62%,
3T,VW_DH_VW_VF_nzoth_yogg_cthun_3135012791967215_IN_IV_ME_DS,64054,93.61%,
3T,VW_DH_TV_VF_nzoth_yogg_cthun_3135004202556911_IN_IV_DR_DS,64046,93.59%,
3T,VW_DH_VW_VF_nzoth_yogg_cthun_3135006349516271_IN_IV_DR_DS,64042,93.58%,
3T,VW_DH_TV_VF_nzoth_yogg_cthun_3132858865868287_Mis_IV_DR,64034,93.55%,
3T,VW_DH_TV_VF_yshaarj_nzoth_yogg_3977635983318511_IN_AM_ME,64034,93.55%,
3T,VW_DH_TV_VF_nzoth_yogg_cthun_3132942618254831_IN_IV_DR_DS,64033,93.55%,
3T,VW_DH_VW_VF_nzoth_yogg_cthun_3135012791967215_IN_IV_DR_DS,64031,93.54%,
3T,VW_DH_TV_VF_nzoth_yogg_cthun_3132996304821743_Mis_AM_DR,64030,93.54%,
3T,VW_DH_TV_VF_nzoth_yogg_cthun_3135005275774447_IN_AM_DR_DS,64023,93.52%,
3T,VW_DH_VW_VF_yshaarj_nzoth_yogg_4049797876342255_IN_AM_DR_DS,64022,93.51%,
3T,VW_DH_TV_VF_nzoth_yogg_cthun_3132797662592495_IN_AM_DR,64018,93.50%,
3T,VW_DH_TV_VF_nzoth_yogg_cthun_3132813768719855_IN_IV_ME_DS,64015,93.49%,
3T,VW_DH_VW_VF_nzoth_yogg_cthun_3150518697647599_IN_AM_ME,64011,93.48%,
3T,VW_DH_VW_VF_nzoth_yogg_cthun_3132806252518911_IN_IV_ME_DS,64005,93.46%,
3T,VW_DH_TV_VF_yshaarj_nzoth_yogg_3977497471147503_IN_AM_ME,63993,93.43%,
3T,VW_DH_TV_VF_yshaarj_nzoth_cthun_3696298445561327_IN_AM_DR,63990,93.42%,
3T,VW_DH_TV_VF_yshaarj_nzoth_yogg_3977567263841775_Mis_AM_DR,63985,93.40%,
3T,VW_DH_VW_VF_nzoth_yogg_cthun_3132808400002543_IN_IV_DR_DS,63985,93.40%,
3T,VW_DH_TV_VF_nzoth_yogg_cthun_3132791220141551_IN_AM_DR,63984,93.40%,
3T,VW_DH_VW_VF_nzoth_yogg_cthun_3132951207665135_IN_IV_ME_DS,63979,93.38%,
3T,VW_DH_TV_VF_nzoth_yogg_cthun_3150259992976879_IN_AM_DR_DS,63978,93.38%,
3T,VW_DH_TV_VF_nzoth_yogg_cthun_3150244960591343_IN_AM_ME,63958,93.32%,
3T,VW_DH_VW_VF_nzoth_yogg_cthun_3150534803774959_IN_IV_ME_DS,63956,93.31%,
3T,VW_DH_VW_VF_nzoth_yogg_cthun_3132858865868287_Mis_IV_DR,63948,93.29%,
3T,VW_DH_VW_VF_nzoth_yogg_cthun_3135004202556911_IN_IV_ME_DS,63946,93.28%,
3T,VW_DH_TV_VF_nzoth_yogg_cthun_3132859939610095_Mis_AM_DR,63939,93.26%,
3T,VW_DH_VW_VF_nzoth_yogg_cthun_3132806319627759_IN_IV_DR_DS,63934,93.25%,
3T,VW_DH_VW_VF_yshaarj_nzoth_yogg_3979697567620591_Mis_IV_DR,63929,93.23%,
3T,VW_DH_TV_VF_nzoth_yogg_cthun_3150260999609839_IN_AM_ME_DS,63926,93.22%,
3T,VW_DH_VW_VF_nzoth_yogg_cthun_3132798803434991_IN_IV_DR,63926,93.22%,
3T,VW_DH_TV_VF_nzoth_yogg_cthun_3150243819740671_Mis_IV_DR,63908,93.17%,
3T,VW_DH_VW_VF_nzoth_yogg_cthun_3132942684839407_IN_IV_ME_DS,63906,93.16%,
3T,VW_DH_VW_VF_nzoth_yogg_cthun_3132927585345023_IN_IV_ME,63896,93.13%,
3T,VW_DH_VW_VF_nzoth_yogg_cthun_3133348492140015_IN_IV_DR,63893,93.12%,
3T,VW_DH_VW_VF_nzoth_yogg_cthun_3150252409675247_IN_AM_ME,63892,93.12%,
3T,VW_DH_VW_VF_nzoth_yogg_cthun_3132942617738735_IN_IV_ME_DS,63883,93.09%,
3T,VW_DH_TV_VF_yshaarj_nzoth_yogg_3979712600006127_IN_AM_ME_DS,63879,93.08%,
3T,VW_DH_TV_VF_nzoth_yogg_cthun_3132944765214191_IN_IV_DR_DS,63878,93.08%,
3T,VW_DH_TV_VF_nzoth_yogg_cthun_3150253483417071_IN_AM_DR,63876,93.07%,
3T,VW_DH_TV_VF_nzoth_yogg_cthun_3132807326268911_IN_IV_ME_DS,63874,93.07%,
3T,VW_DH_VW_VF_nzoth_yogg_cthun_3150260999609839_IN_AM_DR_DS,63871,93.06%,
3T,VW_DH_VW_VF_nzoth_yogg_cthun_3132926578712047_IN_AM_ME,63864,93.04%,
3T,VW_DH_VW_VF_nzoth_yogg_cthun_3150243819748847_IN_AM_ME,63857,93.02%,
3T,VW_DH_TV_VF_nzoth_yogg_cthun_3132798736850415_IN_IV_ME,63855,93.01%,
3T,VW_DH_VW_VF_nzoth_yogg_cthun_3132944765214191_IN_IV_ME_DS,63855,93.01%,
3T,VW_DH_TV_VF_nzoth_yogg_cthun_3132813768719855_IN_IV_DR_DS,63851,93.00%,
3T,VW_DH_VW_VF_yshaarj_nzoth_yogg_3977635983318511_Mis_IV_DR,63847,92.98%,
3T,VW_DH_TV_VF_nzoth_yogg_cthun_3135004202032639_IN_IV_ME_DS,63833,92.94%,
3T,VW_DH_TV_VF_nzoth_yogg_cthun_3134997759581679_IN_AM_DR,63818,92.90%,
3T,VW_DH_TV_VF_nzoth_yogg_cthun_3132942618254831_IN_IV_ME_DS,63812,92.88%,
3T,VW_DH_VW_VF_nzoth_yogg_cthun_3132951207665135_IN_IV_DR_DS,63811,92.88%,
3T,VW_DH_TV_VF_nzoth_yogg_cthun_3132926578712047_IN_AM_ME,63806,92.86%,
3T,VW_DH_TV_VF_yshaarj_nzoth_yogg_3977651015704047_IN_AM_DR_DS,63806,92.86%,
3T,VW_DH_TV_VF_yshaarj_nzoth_yogg_4049524072177135_IN_AM_ME_DS,63803,92.85%,
3T,VW_DH_VW_VF_nzoth_yogg_cthun_3205372946210287_IN_AM_DR_DS,63801,92.85%,
3T,VW_DH_VW_VF_nzoth_yogg_cthun_3132926511603199_IN_AM_DR,63797,92.83%,
3T,VW_DH_VW_VF_yshaarj_nzoth_yogg_3977497471147503_Mis_IV_ME,63793,92.82%,
3T,VW_DH_TV_VF_nzoth_yogg_cthun_3133347418398191_IN_AM_DR,63792,92.82%,
3T,VW_DH_VW_VF_nzoth_yogg_cthun_3132996304821743_Mis_AM_ME,63788,92.81%,
3T,VW_DH_VW_VF_nzoth_yogg_cthun_3135004202556911_IN_IV_DR_DS,63776,92.77%,
3T,VW_DH_VW_VF_yshaarj_nzoth_yogg_4049797876342255_IN_AM_ME_DS,63754,92.70%,
3T,VW_DH_TV_VF_nzoth_yogg_cthun_3135004202032639_IN_IV_DR_DS,63752,92.70%,
3T,VW_DH_TV_VF_nzoth_yogg_cthun_3132797729693167_IN_AM_ME,63747,92.68%,
3T,VW_DH_TV_VF_nzoth_yogg_cthun_3132798736326143_IN_IV_ME,63745,92.68%,
3T,VW_DH_TV_VF_nzoth_yogg_cthun_3132799810067951_IN_AM_ME,63741,92.66%,
3T,VW_DH_TV_VF_nzoth_yogg_cthun_3135005275774447_IN_AM_ME_DS,63739,92.66%,
3T,VW_DH_TV_VF_nzoth_yogg_cthun_3152458949123567_IN_AM_ME_DS,63739,92.66%,
3T,VW_DH_VW_VF_nzoth_yogg_cthun_3150244893490671_IN_AM_DR,63738,92.66%,
3T,VW_DH_VW_VF_nzoth_yogg_cthun_3132806252518911_IN_IV_DR_DS,63737,92.65%,
3T,VW_DH_TV_VF_nzoth_yogg_cthun_3132935101537775_IN_AM_ME,63735,92.65%,
3T,VW_DH_VW_VF_nzoth_yogg_cthun_3132813768719855_IN_IV_DR_DS,63729,92.63%,
3T,VW_DH_TV_VF_nzoth_yogg_cthun_3132791287242223_IN_AM_DR,63727,92.62%,
3T,VW_DH_VW_VF_nzoth_yogg_cthun_3135005275774447_IN_AM_DR_DS,63719,92.60%,
3T,VW_DH_VW_VF_yshaarj_nzoth_yogg_3977498544373231_Mis_IV_ME,63717,92.59%,
3T,VW_DH_TV_VF_yshaarj_nzoth_cthun_3696313477946863_IN_AM_DR_DS,63717,92.59%,
3T,VW_DH_VW_VF_yshaarj_nzoth_yogg_3977635983318511_Mis_IV_ME,63716,92.59%,
3T,VW_DH_VW_VF_nzoth_yogg_cthun_3150243819748847_Mis_IV_ME,63714,92.58%,
3T,VW_DH_VW_VF_yshaarj_nzoth_yogg_3977499618106863_Mis_IV_DR,63709,92.57%,
3T,VW_DH_TV_VF_yshaarj_nzoth_yogg_3977498544373231_IN_AM_DR,63706,92.56%,
3T,VW_DH_TV_VF_yshaarj_nzoth_yogg_4049515482242543_Mis_IV_DR,63706,92.56%,
3T,VW_DH_VW_VF_nzoth_yogg_cthun_3132798803434991_IN_IV_ME,63701,92.54%,
3T,VW_DH_TV_VF_nzoth_yogg_cthun_3132858865876463_Mis_AM_DR,63700,92.54%,
3T,VW_DH_TV_VF_nzoth_yogg_cthun_3132926511611375_IN_AM_ME,63699,92.54%,
3T,VW_DH_VW_VF_nzoth_yogg_cthun_3150243819740671_IN_AM_ME,63698,92.53%,
3T,VW_DH_TV_VF_yshaarj_nzoth_yogg_4049660437388783_IN_AM_ME_DS,63696,92.53%,
3T,VW_DH_VW_VF_nzoth_yogg_cthun_3132927585345023_IN_IV_DR,63692,92.52%,
3T,VW_DH_VW_VF_yshaarj_nzoth_yogg_4049522998435327_IN_AM_DR_DS,63690,92.51%,
3T,VW_DH_TV_VF_yshaarj_nzoth_cthun_3768322899631599_IN_AM_DR_DS,63682,92.49%,
3T,VW_DH_VW_VF_nzoth_yogg_cthun_3132926512127471_IN_AM_DR,63682,92.49%,
3T,VW_DH_VW_VF_nzoth_yogg_cthun_3150244960591343_IN_AM_DR,63679,92.48%,
3T,VW_DH_VW_VF_nzoth_yogg_cthun_3150243886849519_Mis_IV_DR,63674,92.46%,
3T,VW_DH_TV_VF_nzoth_yogg_cthun_3132876045737455_Mis_IV_DR_DS,63672,92.46%,
3T,VW_DH_TV_VF_nzoth_yogg_cthun_3132943691472367_IN_AM_DR_DS,63667,92.44%,
3T,AR_EC_VF_nzoth_yogg_cthun_3150313537527279_IN_IV_DR,63667,92.44%,
3T,VW_DH_TV_VF_yshaarj_nzoth_yogg_4049515482242543_Mis_IV_ME,63661,92.42%,
3T,VW_DH_VW_VF_yshaarj_nzoth_yogg_3977772348530159_Mis_IV_DR,63660,92.42%,
3T,VW_DH_TV_VF_nzoth_yogg_cthun_3132926512127471_IN_AM_ME,63656,92.41%,
3T,VW_DH_TV_VF_nzoth_yogg_cthun_3132942617730559_IN_IV_DR_DS,63648,92.38%,
3T,VW_DH_TV_VF_nzoth_yogg_cthun_3132797729693167_IN_AM_DR,63643,92.37%,
3T,VW_DH_TV_VF_yshaarj_nzoth_yogg_4049522998443503_IN_AM_DR_DS,63642,92.37%,
3T,VW_DH_VW_VF_nzoth_yogg_cthun_3150243820264943_IN_AM_ME,63642,92.37%,
3T,VW_DH_TV_VF_nzoth_yogg_cthun_3150244893482495_IN_AM_DR,63634,92.34%,
3T,VW_DH_VW_VF_nzoth_yogg_cthun_3132791220141551_IN_AM_DR,63633,92.34%,
3T,VW_DH_VW_VF_nzoth_yogg_cthun_3150243886849519_Mis_IV_ME,63628,92.32%,
3T,VW_DH_TV_VF_nzoth_yogg_cthun_3150259925876207_IN_AM_DR_DS,63628,92.32%,
3T,VW_DH_VW_VF_nzoth_yogg_cthun_3132928659086831_IN_AM_DR,63627,92.32%,
3T,VW_DH_TV_VF_nzoth_yogg_cthun_3132798736850415_IN_IV_DR,63621,92.30%,
3T,VW_DH_TV_VF_nzoth_yogg_cthun_3150244894006767_IN_AM_DR,63620,92.30%,
3T,VW_DH_TV_VF_nzoth_yogg_cthun_3205372946210287_IN_AM_ME_DS,63618,92.29%,
3T,VW_DH_TV_VF_nzoth_yogg_cthun_3132807393369583_IN_IV_ME_DS,63615,92.28%,
3T,VW_DH_VW_VF_yshaarj_nzoth_yogg_4049522998959599_IN_AM_DR_DS,63615,92.28%,
3T,VW_DH_TV_VF_nzoth_yogg_cthun_3132799810067951_IN_AM_DR,63613,92.28%,
3T,VW_DH_TV_VF_nzoth_yogg_cthun_3150243819748847_Mis_IV_ME,63613,92.28%,
3T,VW_DH_TV_VF_yshaarj_nzoth_yogg_3977513576758767_IN_AM_DR_DS,63613,92.28%,
3T,VW_DH_VW_VF_nzoth_yogg_cthun_3132806253043183_IN_IV_ME_DS,63608,92.26%,
3T,VW_DH_VW_VF_yshaarj_nzoth_yogg_3977498544373231_Mis_IV_DR,63606,92.26%,
3T,VW_DH_TV_VF_nzoth_yogg_cthun_3132797662584319_IN_AM_DR,63604,92.25%,
3T,VW_DH_TV_VF_nzoth_yogg_cthun_3150253483417071_IN_AM_ME,63603,92.25%,
3T,VW_DH_VW_VF_nzoth_yogg_cthun_3150519771389423_IN_AM_DR,63602,92.25%,
3T,VW_DH_TV_VF_nzoth_yogg_cthun_3132858932977135_Mis_AM_ME,63598,92.23%,
3T,VW_DH_TV_VF_nzoth_yogg_cthun_3134997759581679_IN_AM_ME,63598,92.23%,
3T,VW_DH_VW_VF_yshaarj_nzoth_yogg_4049522998443503_IN_AM_ME_DS,63596,92.23%,
3T,VW_DH_VW_VF_nzoth_yogg_cthun_3150253483417071_IN_AM_DR,63591,92.21%,
3T,VW_DH_VW_VF_yshaarj_nzoth_yogg_3977499618106863_Mis_IV_ME,63586,92.20%,
3T,VW_DH_TV_VF_nzoth_yogg_cthun_3150245967224303_Mis_IV_DR,63583,92.19%,
3T,VW_DH_TV_VF_nzoth_yogg_cthun_3132928659086831_IN_AM_ME,63579,92.17%,
3T,VW_DH_TV_VF_nzoth_yogg_cthun_3132942617730559_IN_IV_ME_DS,63577,92.17%,
3T,VW_DH_TV_VF_yshaarj_nzoth_yogg_3977773422271983_IN_AM_ME,63573,92.16%,
3T,VW_DH_TV_VF_nzoth_yogg_cthun_3150252409675247_Mis_IV_DR,63566,92.14%,
3T,VW_DH_TV_VF_nzoth_yogg_cthun_3150519771389423_IN_AM_DR,63566,92.14%,
3T,VW_DH_VW_VF_nzoth_yogg_cthun_3132926511611375_IN_AM_ME,63563,92.13%,
3T,VW_DH_VW_VF_yshaarj_nzoth_yogg_3979712600006127_Mis_IV_ME_DS,63555,92.10%,
3T,VW_DH_VW_VF_nzoth_yogg_cthun_3133347418398191_IN_AM_DR,63555,92.10%,
3T,VW_DH_VW_VF_nzoth_yogg_cthun_3132928659086831_IN_AM_ME,63554,92.10%,
3T,VW_DH_VW_VF_yshaarj_nzoth_cthun_3696298445561327_Mis_IV_ME,63553,92.10%,
3T,VW_DH_VW_VF_yshaarj_nzoth_yogg_3977514650492399_Mis_IV_ME_DS,63548,92.08%,
3T,VW_DH_VW_VF_nzoth_yogg_cthun_3132798736850415_IN_IV_ME,63547,92.08%,
3T,VW_DH_TV_VF_nzoth_yogg_cthun_3132815916195311_IN_IV_DR_DS,63541,92.06%,
3T,VW_DH_VW_VF_nzoth_yogg_cthun_3132806253043183_IN_IV_DR_DS,63537,92.05%,
3T,VW_DH_TV_VF_nzoth_yogg_cthun_3132815916195311_IN_IV_ME_DS,63536,92.04%,
3T,VW_DH_VW_VF_nzoth_yogg_cthun_3132996304821743_Mis_AM_DR,63532,92.03%,
3T,VW_DH_VW_VF_nzoth_yogg_cthun_3132807393369583_IN_IV_ME_DS,63523,92.00%,
3T,VW_DH_VW_VF_nzoth_yogg_cthun_3132815916195311_IN_IV_ME_DS,63523,92.00%,
3T,VW_DH_VW_VF_nzoth_yogg_cthun_3132942618254831_IN_IV_DR_DS,63523,92.00%,
3T,VW_DH_VW_VF_yshaarj_nzoth_yogg_3977772348530159_Mis_IV_ME,63521,92.00%,
3T,VW_DH_TV_VF_nzoth_yogg_cthun_3150518697647599_Mis_IV_ME,63516,91.98%,
3T,VW_DH_TV_VF_nzoth_yogg_cthun_3132926511611375_Mis_IV_DR,63515,91.98%,
3T,VW_DH_TV_VF_nzoth_yogg_cthun_3150244893490671_Mis_IV_DR,63515,91.98%,
3T,VW_DH_VW_VF_nzoth_yogg_cthun_3132876045737455_Mis_IV_DR_DS,63514,91.98%,
3T,VW_DH_TV_VF_nzoth_yogg_cthun_3150244893490671_IN_AM_ME,63509,91.96%,
3T,VW_DH_VW_VF_nzoth_yogg_cthun_3132935101537775_IN_AM_ME,63508,91.96%,
3T,VW_DH_VW_VF_nzoth_yogg_cthun_3150259925868031_IN_IV_ME_DS,63503,91.95%,
3T,VW_DH_TV_VF_nzoth_yogg_cthun_3132926511603199_IN_AM_ME,63501,91.94%,
3T,VW_DH_TV_VF_yshaarj_nzoth_yogg_3977513643859439_IN_AM_DR_DS,63500,91.94%,
3T,VW_DH_VW_VF_yshaarj_nzoth_yogg_3979712600006127_Mis_IV_DR_DS,63500,91.94%,
3T,VW_DH_TV_VF_yshaarj_nzoth_yogg_3977498611473903_IN_AM_ME,63498,91.93%,
3T,VW_DH_VW_VF_nzoth_yogg_cthun_3132813768719855_IN_IV_ME_DS,63496,91.92%,
3T,VW_DH_TV_VF_nzoth_yogg_cthun_3132813835820527_IN_IV_ME_DS,63495,91.92%,
3T,VW_DH_TV_VF_yshaarj_nzoth_yogg_3977773422271983_IN_AM_DR,63488,91.90%,
3T,VW_DH_TV_VF_nzoth_yogg_cthun_3132797662592495_IN_AM_ME,63478,91.87%,
3T,VW_DH_TV_VF_nzoth_yogg_cthun_3150519771389423_IN_AM_ME,63478,91.87%,
3T,VW_DH_VW_VF_nzoth_yogg_cthun_3132797729693167_IN_AM_DR,63474,91.86%,
3T,VW_DH_VW_VF_nzoth_yogg_cthun_3132944765214191_IN_IV_DR_DS,63474,91.86%,
3T,VW_DH_TV_VF_nzoth_yogg_cthun_3135004202040815_IN_AM_DR_DS,63470,91.84%,
3T,VW_DH_VW_VF_nzoth_yogg_cthun_3152458949123567_IN_AM_ME_DS,63463,91.83%,
3T,VW_DH_TV_VF_nzoth_yogg_cthun_3132927585353199_IN_AM_DR,63457,91.81%,
3T,VW_DH_TV_VF_nzoth_yogg_cthun_3132858932977135_Mis_AM_DR,63457,91.81%,
3T,VW_DH_VW_VF_nzoth_yogg_cthun_3150253483417071_IN_AM_ME,63457,91.81%,
3T,VW_DH_VW_VF_nzoth_yogg_cthun_3132942618254831_IN_IV_ME_DS,63456,91.80%,
3T,VW_DH_VW_VF_yshaarj_nzoth_yogg_4049522998959599_IN_AM_ME_DS,63456,91.80%,
3T,VW_DH_VW_VF_nzoth_yogg_cthun_3132798736326143_IN_IV_ME,63450,91.78%,
3T,VW_DH_VW_VF_yshaarj_nzoth_yogg_3977651015704047_Mis_IV_ME_DS,63449,91.78%,
3T,VW_DH_VW_VF_nzoth_yogg_cthun_3150259925876207_IN_AM_DR_DS,63448,91.78%,
3T,VW_DH_TV_VF_nzoth_yogg_cthun_3150518697647599_Mis_IV_DR,63447,91.78%,
3T,VW_DH_TV_VF_yshaarj_nzoth_yogg_3977498611473903_IN_AM_DR,63445,91.77%,
3T,VW_DH_VW_VF_nzoth_yogg_cthun_3132807326268911_IN_IV_DR_DS,63445,91.77%,
3T,VW_DH_VW_VF_nzoth_yogg_cthun_3150259992976879_IN_AM_DR_DS,63440,91.75%,
3T,VW_DH_VW_VF_nzoth_yogg_cthun_3150260999609839_IN_AM_ME_DS,63437,91.74%,
3T,VW_DH_TV_VF_nzoth_yogg_cthun_3132858866392559_Mis_AM_ME,63436,91.74%,
3T,VW_DH_VW_VF_nzoth_yogg_cthun_3132858866392559_Mis_AM_ME,63431,91.73%,
3T,VW_DH_TV_VF_nzoth_yogg_cthun_3132813835820527_IN_IV_DR_DS,63430,91.72%,
3T,VW_DH_VW_VF_nzoth_yogg_cthun_3135004202032639_IN_IV_DR_DS,63425,91.71%,
3T,VW_DH_VW_VF_nzoth_yogg_cthun_3132807326268911_IN_IV_ME_DS,63419,91.69%,
3T,VW_DH_TV_VF_yshaarj_nzoth_yogg_4049523065544175_IN_AM_DR_DS,63416,91.68%,
3T,VW_DH_VW_VF_nzoth_yogg_cthun_3132797662592495_IN_AM_DR,63415,91.68%,
3T,VW_DH_VW_VF_yshaarj_nzoth_yogg_4049516555984367_Mis_IV_ME,63413,91.67%,
3T,VW_DH_VW_VF_nzoth_yogg_cthun_3132926511611375_Mis_IV_DR,63412,91.67%,
3T,VW_DH_VW_VF_nzoth_yogg_cthun_3133363524525551_IN_IV_ME_DS,63411,91.67%,
3T,VW_DH_VW_VF_yshaarj_nzoth_yogg_3979696493878767_Mis_AM_ME,63407,91.66%,
3T,VW_DH_TV_VF_nzoth_yogg_cthun_3150268515802607_IN_AM_DR_DS,63404,91.65%,
3T,VW_DH_TV_VF_nzoth_yogg_cthun_3132807326268911_IN_IV_DR_DS,63404,91.65%,
3T,VW_DH_TV_VF_nzoth_yogg_cthun_3132791287242223_IN_AM_ME,63398,91.63%,
3T,VW_DH_VW_VF_yshaarj_nzoth_yogg_3977634909576687_Mis_AM_ME,63396,91.62%,
3T,VW_DH_TV_VF_nzoth_yogg_cthun_3132927652453871_IN_AM_DR,63395,91.62%,
3T,VW_DH_VW_VF_nzoth_yogg_cthun_3132813835820527_IN_IV_ME_DS,63387,91.60%,
3T,VW_DH_VW_VF_nzoth_yogg_cthun_3133363524525551_IN_IV_DR_DS,63386,91.59%,
3T,VW_DH_TV_VF_nzoth_yogg_cthun_3150245967224303_Mis_IV_ME,63385,91.59%,
3T,VW_DH_TV_VF_nzoth_yogg_cthun_3132867455802863_Mis_AM_ME,63380,91.57%,
3T,VW_DH_TV_VF_yshaarj_nzoth_cthun_3768322899631599_IN_AM_ME_DS,63378,91.57%,
3T,VW_DH_TV_VF_yshaarj_nzoth_yogg_3977513576750591_IN_AM_DR_DS,63368,91.54%,
3T,VW_DH_TV_VF_nzoth_yogg_cthun_3132806252527087_IN_AM_DR_DS,63366,91.53%,
3T,VW_DH_VW_VF_nzoth_yogg_cthun_3150244893490671_Mis_IV_DR,63366,91.53%,
3T,VW_DH_VW_VF_yshaarj_nzoth_yogg_4049525145918959_IN_AM_ME_DS,63364,91.52%,
3T,VW_DH_VW_VF_yshaarj_nzoth_yogg_3977514650492399_Mis_IV_DR_DS,63360,91.51%,
3T,VW_DH_VW_VF_yshaarj_nzoth_yogg_3977498611473903_Mis_IV_ME,63353,91.49%,
3T,VW_DH_VW_VF_nzoth_yogg_cthun_3132799810067951_IN_AM_ME,63346,91.47%,
3T,VW_DH_TV_VF_nzoth_yogg_cthun_3132858865876463_Mis_AM_ME,63345,91.47%,
3T,VW_DH_VW_VF_nzoth_yogg_cthun_3133347418398191_IN_AM_ME,63341,91.46%,
3T,VW_DH_TV_VF_nzoth_yogg_cthun_3150243819740671_Mis_IV_ME,63338,91.45%,
3T,VW_DH_VW_VF_yshaarj_nzoth_yogg_3977513576758767_Mis_IV_DR_DS,63330,91.42%,
3T,VW_DH_TV_VF_nzoth_yogg_cthun_3132791220657647_IN_AM_DR,63330,91.42%,
3T,VW_DH_TV_VF_nzoth_yogg_cthun_3133363524525551_IN_IV_ME_DS,63329,91.42%,
3T,VW_DH_TV_VF_yshaarj_nzoth_yogg_3977634909576687_Mis_IV_DR,63325,91.41%,
3T,VW_DH_VW_VF_yshaarj_nzoth_yogg_4049516555984367_Mis_IV_DR,63322,91.40%,
3T,VW_DH_TV_VF_nzoth_yogg_cthun_3132791220141551_IN_AM_ME,63321,91.40%,
3T,VW_DH_VW_VF_nzoth_yogg_cthun_3132943691472367_IN_AM_DR_DS,63315,91.38%,
3T,AR_EC_VF_nzoth_yogg_cthun_3150313537527279_IN_IV_ME,63309,91.36%,
3T,VW_DH_VW_VF_nzoth_yogg_cthun_3135004202032639_IN_IV_ME_DS,63303,91.34%,
3T,VW_DH_TV_VF_nzoth_yogg_cthun_3132797663108591_IN_AM_DR,63300,91.33%,
3T,VW_DH_VW_VF_nzoth_yogg_cthun_3132859939610095_Mis_AM_DR,63300,91.33%,
3T,VW_DH_TV_VF_yshaarj_nzoth_yogg_3977498544365055_IN_AM_DR,63298,91.33%,
3T,VW_DH_VW_VF_yshaarj_nzoth_yogg_3977651015704047_Mis_IV_DR_DS,63294,91.31%,
3T,AR_SP_VF_nzoth_yogg_cthun_3150313537527279_IN_IV_DR,63290,91.30%,
3T,VW_DH_TV_VF_nzoth_yogg_cthun_3150262073351663_IN_AM_DR_DS,63284,91.28%,
3T,VW_DH_TV_VF_yshaarj_nzoth_yogg_3977497470631407_Mis_IV_DR,63281,91.27%,
3T,VW_DH_TV_VF_yshaarj_nzoth_yogg_4049523065544175_IN_AM_ME_DS,63280,91.27%,
3T,VW_DH_TV_VF_nzoth_yogg_cthun_3132798736326143_IN_IV_DR,63278,91.26%,
3T,VW_DH_VW_VF_yshaarj_nzoth_yogg_3977497471147503_Mis_IV_DR,63271,91.24%,
3T,VW_DH_VW_VF_yshaarj_nzoth_yogg_3979696493878767_Mis_AM_DR,63271,91.24%,
3T,VW_DH_TV_VF_yshaarj_nzoth_yogg_3977498544373231_IN_AM_ME,63268,91.24%,
3T,VW_DH_VW_VF_nzoth_yogg_cthun_3132791287242223_IN_AM_DR,63261,91.21%,
3T,VW_DH_TV_VF_nzoth_yogg_cthun_3150252409675247_Mis_IV_ME,63259,91.21%,
3T,VW_DH_TV_VF_yshaarj_nzoth_yogg_3977651015704047_IN_AM_ME_DS,63256,91.20%,
3T,VW_DH_VW_VF_nzoth_yogg_cthun_3132798736850415_IN_IV_DR,63248,91.17%,
3T,VW_DH_VW_VF_nzoth_yogg_cthun_3132942617730559_IN_IV_DR_DS,63247,91.17%,
3T,VW_DH_TV_VF_nzoth_yogg_cthun_3132943691472367_IN_AM_ME_DS,63245,91.16%,
3T,VW_DH_VW_VF_nzoth_yogg_cthun_3134997759581679_IN_AM_ME,63234,91.13%,
3T,VW_DH_TV_VF_yshaarj_nzoth_yogg_3977513643859439_IN_AM_ME_DS,63233,91.13%,
3T,VW_DH_TV_VF_nzoth_yogg_cthun_3132813769235951_IN_IV_ME_DS,63232,91.13%,
3T,VW_DH_TV_VF_nzoth_yogg_cthun_3132858866392559_Mis_AM_DR,63227,91.11%,
3T,VW_DH_TV_VF_nzoth_yogg_cthun_3150534803774959_IN_AM_DR_DS,63227,91.11%,
3T,VW_DH_VW_VF_nzoth_yogg_cthun_3150244960591343_IN_AM_ME,63226,91.11%,
3T,VW_DH_TV_VF_yshaarj_nzoth_yogg_3977498544365055_IN_AM_ME,63203,91.04%,
3T,VW_DH_TV_VF_nzoth_yogg_cthun_3133363524525551_IN_IV_DR_DS,63193,91.01%,
3T,VW_DH_VW_VF_nzoth_yogg_cthun_3150243819740671_Mis_IV_DR,63193,91.01%,
3T,VW_DH_TV_VF_nzoth_yogg_cthun_3132926578712047_Mis_IV_DR,63190,91.00%,
3T,VW_DH_TV_VF_nzoth_yogg_cthun_3132936175279599_IN_AM_DR,63190,91.00%,
3T,VW_DH_VW_VF_yshaarj_nzoth_yogg_3977634909576687_Mis_AM_DR,63188,90.99%,
3T,VW_DH_VW_VF_nzoth_yogg_cthun_3150268515802607_IN_AM_DR_DS,63180,90.97%,
3T,VW_DH_VW_VF_nzoth_yogg_cthun_3132927652453871_IN_AM_DR,63178,90.96%,
3T,VW_DH_TV_VF_nzoth_yogg_cthun_3152458949123567_Mis_IV_ME_DS,63177,90.96%,
3T,VW_DH_VW_VF_nzoth_yogg_cthun_3150244894006767_IN_AM_DR,63176,90.96%,
3T,VW_DH_TV_VF_nzoth_yogg_cthun_3150259992976879_IN_AM_ME_DS,63173,90.95%,
3T,VW_DH_TV_VF_yshaarj_nzoth_yogg_3979696493878767_Mis_IV_DR,63172,90.95%,
3T,VW_DH_TV_VF_nzoth_yogg_cthun_3133347418398191_IN_AM_ME,63172,90.95%,
3T,VW_DH_VW_VF_yshaarj_nzoth_cthun_3696313477946863_Mis_IV_ME_DS,63165,90.92%,
3T,VW_DH_TV_VF_yshaarj_nzoth_yogg_3977788454657519_IN_AM_DR_DS,63164,90.92%,
3T,VW_DH_TV_VF_nzoth_yogg_cthun_3150244893490671_Mis_IV_ME,63157,90.90%,
3T,VW_DH_TV_VF_nzoth_yogg_cthun_3132791220133375_IN_AM_ME,63154,90.89%,
3T,VW_DH_VW_VF_nzoth_yogg_cthun_3132813835820527_IN_IV_DR_DS,63150,90.88%,
3T,VW_DH_VW_VF_nzoth_yogg_cthun_3135005275774447_IN_AM_ME_DS,63150,90.88%,
3T,VW_DH_VW_VF_nzoth_yogg_cthun_3132813769235951_IN_IV_ME_DS,63143,90.86%,
3T,VW_DH_TV_VF_nzoth_yogg_cthun_3150244960591343_Mis_IV_ME,63141,90.85%,
3T,VW_DH_TV_VF_nzoth_yogg_cthun_3132807326785007_IN_IV_ME_DS,63141,90.85%,
3T,VW_DH_VW_VF_nzoth_yogg_cthun_3132927585353199_IN_AM_DR,63136,90.84%,
3T,VW_DH_TV_VF_nzoth_yogg_cthun_3150260999609839_Mis_IV_DR_DS,63136,90.84%,
3T,VW_DH_TV_VF_yshaarj_nzoth_yogg_4049522998443503_IN_AM_ME_DS,63135,90.83%,
3T,VW_DH_TV_VF_nzoth_yogg_cthun_3132797662584319_IN_AM_ME,63133,90.83%,
3T,VW_DH_TV_VF_yshaarj_nzoth_yogg_4049525145918959_IN_AM_DR_DS,63128,90.81%,
3T,VW_DH_VW_VF_nzoth_yogg_cthun_3150252409675247_Mis_IV_DR,63127,90.81%,
3T,VW_DH_TV_VF_yshaarj_nzoth_yogg_3977498544889327_IN_AM_ME,63119,90.78%,
3T,VW_DH_VW_VF_nzoth_yogg_cthun_3132858865876463_Mis_AM_DR,63117,90.78%,
3T,VW_DH_TV_VF_nzoth_yogg_cthun_3150243820264943_Mis_IV_DR,63114,90.77%,
3T,VW_DH_VW_VF_yshaarj_nzoth_yogg_4049531588369903_Mis_IV_ME_DS,63113,90.77%,
3T,VW_DH_VW_VF_nzoth_yogg_cthun_3134997759581679_IN_AM_DR,63110,90.76%,
3T,VW_DH_VW_VF_nzoth_yogg_cthun_3150245967224303_Mis_IV_DR,63109,90.75%,
3T,VW_DH_VW_VF_nzoth_yogg_cthun_3132807326785007_IN_IV_ME_DS,63108,90.75%,
3T,VW_DH_TV_VF_yshaarj_nzoth_yogg_3977513577274863_IN_AM_DR_DS,63108,90.75%,
3T,VW_DH_TV_VF_yshaarj_nzoth_yogg_3979696493878767_Mis_IV_ME,63102,90.73%,
3T,VW_DH_VW_VF_yshaarj_nzoth_yogg_3977513576758767_Mis_IV_ME_DS,63098,90.72%,
3T,VW_DH_TV_VF_nzoth_yogg_cthun_3132797663108591_IN_AM_ME,63090,90.70%,
3T,VW_DH_TV_VF_nzoth_yogg_cthun_3132936175279599_IN_AM_ME,63089,90.69%,
3T,VW_DH_TV_VF_nzoth_yogg_cthun_3132927652453871_IN_AM_ME,63088,90.69%,
3T,VW_DH_VW_VF_yshaarj_nzoth_yogg_4049522998435327_IN_AM_ME_DS,63085,90.68%,
3T,VW_DH_TV_VF_nzoth_yogg_cthun_3135004269141487_IN_AM_DR_DS,63082,90.67%,
3T,VW_DH_VW_VF_nzoth_yogg_cthun_3132797662592495_IN_AM_ME,63079,90.66%,
3T,VW_DH_TV_VF_nzoth_yogg_cthun_3150244960591343_Mis_IV_DR,63077,90.66%,
3T,VW_DH_TV_VF_yshaarj_nzoth_yogg_4049525145918959_IN_AM_ME_DS,63074,90.65%,
3T,VW_DH_TV_VF_nzoth_yogg_cthun_3150259926392303_IN_AM_DR_DS,63067,90.63%,
3T,VW_DH_TV_VF_nzoth_yogg_cthun_3132926578712047_Mis_IV_ME,63067,90.63%,
3T,VW_DH_VW_VF_yshaarj_nzoth_yogg_3977497470631407_Mis_AM_DR,63063,90.61%,
3T,VW_DH_TV_VF_nzoth_yogg_cthun_3132927585869295_IN_AM_DR,63059,90.60%,
3T,VW_DH_VW_VF_yshaarj_nzoth_yogg_3977498544365055_Mis_IV_ME,63058,90.60%,
3T,VW_DH_VW_VF_nzoth_yogg_cthun_3205372946210287_IN_AM_ME_DS,63055,90.59%,
3T,VW_DH_VW_VF_nzoth_yogg_cthun_3132797662584319_IN_AM_DR,63053,90.58%,
3T,VW_DH_VW_VF_yshaarj_nzoth_yogg_3977498611473903_Mis_IV_DR,63053,90.58%,
3T,VW_DH_TV_VF_nzoth_yogg_cthun_3132942617738735_IN_AM_DR_DS,63053,90.58%,
3T,VW_DH_TV_VF_yshaarj_nzoth_yogg_3977498544889327_IN_AM_DR,63052,90.58%,
3T,VW_DH_VW_VF_nzoth_yogg_cthun_3132942617730559_IN_IV_ME_DS,63050,90.58%,
3T,VW_DH_VW_VF_nzoth_yogg_cthun_3132867455802863_Mis_AM_ME,63036,90.53%,
3T,VW_DH_TV_VF_nzoth_yogg_cthun_3132807393369583_IN_IV_DR_DS,63033,90.52%,
3T,AR_EC_VF_nzoth_yogg_cthun_3150313470942703_IN_IV_DR,63032,90.52%,
3T,VW_DH_VW_VF_nzoth_yogg_cthun_3132798736326143_IN_IV_DR,63032,90.52%,
3T,VW_DH_VW_VF_nzoth_yogg_cthun_3132926511603199_IN_AM_ME,63020,90.49%,
3T,VW_DH_TV_VF_nzoth_yogg_cthun_3152458949123567_Mis_IV_DR_DS,63014,90.47%,
3T,VW_DH_VW_VF_nzoth_yogg_cthun_3132807393369583_IN_IV_DR_DS,63013,90.46%,
3T,VW_DH_VW_VF_nzoth_yogg_cthun_3132791220133375_IN_AM_DR,62987,90.38%,
3T,VW_DH_VW_VF_nzoth_yogg_cthun_3132797729693167_IN_AM_ME,62985,90.38%,
3T,VW_DH_TV_VF_nzoth_yogg_cthun_3150243819748847_Mis_AM_DR,62981,90.37%,
3T,VW_DH_TV_VF_nzoth_yogg_cthun_3150260999609839_Mis_IV_ME_DS,62980,90.36%,
3T,AR_EC_VF_nzoth_yogg_cthun_3150313537527279_Mis_IV_DR,62980,90.36%,
3T,VW_DH_VW_VF_nzoth_yogg_cthun_3150518697647599_Mis_IV_ME,62971,90.34%,
3T,VW_DH_VW_VF_nzoth_yogg_cthun_3150244893482495_IN_AM_DR,62969,90.33%,
3T,VW_DH_TV_VF_nzoth_yogg_cthun_3132807326260735_IN_IV_ME_DS,62964,90.32%,
3T,VW_DH_TV_VF_yshaarj_nzoth_yogg_3977634909576687_Mis_IV_ME,62957,90.29%,
3T,VW_DH_TV_VF_nzoth_yogg_cthun_3150244893482495_IN_AM_ME,62955,90.29%,
3T,VW_DH_VW_VF_nzoth_yogg_cthun_3132797662584319_IN_AM_ME,62954,90.29%,
3T,VW_DH_TV_VF_nzoth_yogg_cthun_3132867455802863_Mis_AM_DR,62948,90.27%,
3T,VW_DH_TV_VF_nzoth_yogg_cthun_3132791220657647_IN_AM_ME,62947,90.26%,
3T,VW_DH_VW_VF_yshaarj_nzoth_cthun_3696298445561327_Mis_IV_DR,62944,90.26%,
3T,VW_DH_TV_VF_yshaarj_nzoth_yogg_4049516555984367_Mis_IV_ME,62944,90.26%,
3T,VW_DH_VW_VF_nzoth_yogg_cthun_3132858932977135_Mis_AM_ME,62940,90.24%,
3T,VW_DH_TV_VF_yshaarj_nzoth_yogg_3977513576750591_IN_AM_ME_DS,62940,90.24%,
3T,VW_DH_TV_VF_yshaarj_nzoth_yogg_3977515724234223_IN_AM_ME_DS,62940,90.24%,
3T,VW_DH_TV_VF_yshaarj_nzoth_yogg_4049797876342255_IN_AM_DR_DS,62936,90.23%,
3T,AR_SP_VF_nzoth_yogg_cthun_3150313537527279_IN_IV_ME,62934,90.22%,
3T,VW_DH_TV_VF_yshaarj_nzoth_yogg_4049522998959599_IN_AM_DR_DS,62933,90.22%,
3T,VW_DH_VW_VF_nzoth_yogg_cthun_3150245967224303_Mis_IV_ME,62932,90.22%,
3T,VW_DH_TV_VF_nzoth_yogg_cthun_3150244894006767_IN_AM_ME,62932,90.22%,
3T,VW_DH_VW_VF_nzoth_yogg_cthun_3132799810067951_IN_AM_DR,62931,90.22%,
3T,VW_DH_VW_VF_nzoth_yogg_cthun_3150252409675247_Mis_IV_ME,62928,90.21%,
3T,VW_DH_TV_VF_nzoth_yogg_cthun_3132813769235951_IN_IV_DR_DS,62922,90.19%,
3T,VW_DH_TV_VF_nzoth_yogg_cthun_3150243820264943_Mis_IV_ME,62919,90.18%,
3T,VW_DH_TV_VF_yshaarj_nzoth_yogg_3977515724234223_IN_AM_DR_DS,62916,90.17%,
3T,VW_DH_VW_VF_nzoth_yogg_cthun_3150519771389423_IN_AM_ME,62914,90.16%,
3T,VW_DH_TV_VF_nzoth_yogg_cthun_3135012791967215_IN_AM_DR_DS,62913,90.16%,
3T,VW_DH_VW_VF_nzoth_yogg_cthun_3135004202040815_IN_AM_DR_DS,62903,90.13%,
3T,VW_DH_VW_VF_yshaarj_nzoth_yogg_3977773422271983_Mis_IV_ME,62901,90.13%,
3T,VW_DH_TV_VF_nzoth_yogg_cthun_3132806319627759_IN_AM_DR_DS,62900,90.12%,
3T,VW_DH_TV_VF_yshaarj_nzoth_yogg_4049797876342255_IN_AM_ME_DS,62896,90.11%,
3T,VW_DH_VW_VF_nzoth_yogg_cthun_3132936175279599_IN_AM_ME,62895,90.11%,
3T,VW_DH_TV_VF_nzoth_yogg_cthun_3132808400002543_IN_AM_DR_DS,62892,90.10%,
3T,VW_DH_TV_VF_nzoth_yogg_cthun_3132813768711679_IN_IV_ME_DS,62892,90.10%,
3T,VW_DH_TV_VF_nzoth_yogg_cthun_3132813768711679_IN_IV_DR_DS,62891,90.10%,
3T,VW_DH_VW_VF_nzoth_yogg_cthun_3132797663108591_IN_AM_DR,62887,90.08%,
3T,VW_DH_TV_VF_yshaarj_nzoth_yogg_3977497470631407_Mis_IV_ME,62884,90.08%,
3T,VW_DH_VW_VF_yshaarj_nzoth_cthun_3696313477946863_Mis_IV_DR_DS,62884,90.08%,
3T,VW_DH_TV_VF_nzoth_yogg_cthun_3132791220133375_IN_AM_DR,62879,90.06%,
3T,VW_DH_TV_VF_yshaarj_nzoth_cthun_3696297371819503_Mis_IV_DR,62878,90.05%,
3T,VW_DH_TV_VF_nzoth_yogg_cthun_3132814842453487_IN_AM_DR_DS,62874,90.04%,
3T,VW_DH_TV_VF_nzoth_yogg_cthun_3132806252518911_IN_AM_DR_DS,62874,90.04%,
3T,VW_DH_TV_VF_nzoth_yogg_cthun_3132858865868287_Mis_AM_ME,62871,90.04%,
3T,VW_DH_VW_VF_nzoth_yogg_cthun_3132791220141551_IN_AM_ME,62865,90.02%,
3T,VW_DH_TV_VF_nzoth_yogg_cthun_3132807326785007_IN_IV_DR_DS,62863,90.01%,
3T,VW_DH_VW_VF_yshaarj_nzoth_yogg_3977497470623231_Mis_AM_DR,62852,89.98%,
3T,VW_DH_TV_VF_nzoth_yogg_cthun_3132808400002543_IN_AM_ME_DS,62851,89.97%,
3T,VW_DH_VW_VF_nzoth_yogg_cthun_3132791287242223_IN_AM_ME,62849,89.97%,
3T,VW_DH_VW_VF_yshaarj_nzoth_yogg_4049515482242543_Mis_AM_ME,62849,89.97%,
3T,VW_DH_VW_VF_nzoth_yogg_cthun_3132791220657647_IN_AM_DR,62847,89.96%,
3T,VW_DH_VW_VF_nzoth_yogg_cthun_3132858865876463_Mis_AM_ME,62841,89.95%,
3T,VW_DH_VW_VF_yshaarj_nzoth_yogg_3977497470623231_Mis_AM_ME,62841,89.94%,
3T,VW_DH_VW_VF_nzoth_yogg_cthun_3132926512127471_IN_AM_ME,62832,89.92%,
3T,VW_DH_VW_VF_yshaarj_nzoth_cthun_3696297371819503_Mis_AM_ME,62830,89.91%,
3T,AR_EC_VF_nzoth_yogg_cthun_3150313470942703_IN_IV_ME,62829,89.91%,
3T,VW_DH_VW_VF_nzoth_yogg_cthun_3150518697647599_Mis_IV_DR,62828,89.90%,
3T,VW_DH_TV_VF_nzoth_yogg_cthun_3132927585353199_IN_AM_ME,62828,89.90%,
3T,VW_DH_TV_VF_nzoth_yogg_cthun_3135012791967215_IN_AM_ME_DS,62821,89.88%,
3T,VW_DH_VW_VF_nzoth_yogg_cthun_3150243819740671_Mis_IV_ME,62813,89.86%,
3T,VW_DH_VW_VF_yshaarj_nzoth_yogg_3977513576750591_Mis_IV_ME_DS,62812,89.86%,
3T,VW_DH_VW_VF_yshaarj_nzoth_yogg_4049660437388783_Mis_IV_ME_DS,62810,89.85%,
3T,VW_DH_TV_VF_nzoth_yogg_cthun_3132927585869295_IN_AM_ME,62807,89.84%,
3T,VW_DH_VW_VF_yshaarj_nzoth_cthun_3696297371819503_Mis_AM_DR,62800,89.82%,
3T,VW_DH_TV_VF_nzoth_yogg_cthun_3132798736334319_IN_AM_DR,62796,89.81%,
3T,VW_DH_TV_VF_nzoth_yogg_cthun_3150259925868031_IN_AM_DR_DS,62795,89.81%,
3T,VW_DH_VW_VF_yshaarj_nzoth_yogg_4049524072177135_Mis_IV_DR_DS,62794,89.80%,
3T,VW_DH_VW_VF_yshaarj_nzoth_yogg_4049515482242543_Mis_AM_DR,62794,89.80%,
3T,VW_DH_TV_VF_nzoth_yogg_cthun_3150243886849519_Mis_AM_DR,62786,89.78%,
3T,VW_DH_VW_VF_nzoth_yogg_cthun_3150534803774959_IN_AM_DR_DS,62784,89.77%,
3T,VW_DH_TV_VF_yshaarj_nzoth_yogg_3977513576758767_IN_AM_ME_DS,62781,89.76%,
3T,VW_DH_TV_VF_nzoth_yogg_cthun_3150259925876207_Mis_IV_DR_DS,62781,89.76%,
3T,VW_DH_TV_VF_yshaarj_nzoth_yogg_3977788454657519_IN_AM_ME_DS,62780,89.76%,
3T,VW_DH_VW_VF_nzoth_yogg_cthun_3132806252527087_IN_AM_DR_DS,62777,89.75%,
3T,VW_DH_VW_VF_nzoth_yogg_cthun_3132858932977135_Mis_AM_DR,62774,89.74%,
3T,VW_DH_VW_VF_nzoth_yogg_cthun_3132927652453871_IN_AM_ME,62764,89.71%,
3T,AR_EC_VF_nzoth_yogg_cthun_3150313537527279_Mis_IV_ME,62760,89.70%,
3T,VW_DH_TV_VF_yshaarj_nzoth_yogg_4049522998435327_IN_AM_DR_DS,62758,89.69%,
3T,VW_DH_VW_VF_nzoth_yogg_cthun_3150244893490671_IN_AM_ME,62757,89.69%,
3T,VW_DH_TV_VF_nzoth_yogg_cthun_3150268515802607_IN_AM_ME_DS,62757,89.69%,
3T,VW_DH_TV_VF_nzoth_yogg_cthun_3150259925876207_IN_AM_ME_DS,62757,89.69%,
3T,VW_DH_VW_VF_nzoth_yogg_cthun_3150243820264943_Mis_IV_DR,62757,89.69%,
3T,VW_DH_VW_VF_nzoth_yogg_cthun_3132936175279599_IN_AM_DR,62749,89.67%,
3T,VW_DH_VW_VF_yshaarj_nzoth_yogg_3977773422271983_Mis_IV_DR,62747,89.66%,
3T,VW_DH_VW_VF_nzoth_yogg_cthun_3132943691472367_IN_AM_ME_DS,62744,89.65%,
3T,VW_DH_VW_VF_nzoth_yogg_cthun_3150259926392303_IN_AM_DR_DS,62741,89.64%,
3T,VW_DH_TV_VF_yshaarj_nzoth_yogg_3977497470623231_Mis_IV_DR,62740,89.64%,
3T,VW_DH_TV_VF_yshaarj_nzoth_yogg_4049522998959599_IN_AM_ME_DS,62736,89.63%,
3T,VW_DH_VW_VF_nzoth_yogg_cthun_3132815916195311_IN_IV_DR_DS,62735,89.62%,
3T,VW_DH_TV_VF_nzoth_yogg_cthun_3132926511611375_Mis_IV_ME,62734,89.62%,
3T,VW_DH_TV_VF_nzoth_yogg_cthun_3132807326260735_IN_IV_DR_DS,62732,89.62%,
3T,VW_DH_VW_VF_yshaarj_nzoth_yogg_3977497470631407_Mis_AM_ME,62732,89.61%,
3T,VW_DH_VW_VF_nzoth_yogg_cthun_3150262073351663_IN_AM_DR_DS,62724,89.59%,
3T,VW_DH_TV_VF_yshaarj_nzoth_cthun_3696297371819503_Mis_IV_ME,62713,89.56%,
3T,VW_DH_TV_VF_nzoth_yogg_cthun_3132951207665135_IN_AM_DR_DS,62709,89.54%,
3T,VW_DH_VW_VF_yshaarj_nzoth_yogg_3977515724234223_Mis_IV_ME_DS,62709,89.54%,
3T,VW_DH_TV_VF_yshaarj_nzoth_yogg_3977513577274863_IN_AM_ME_DS,62707,89.54%,
3T,VW_DH_TV_VF_nzoth_yogg_cthun_3150262073351663_IN_AM_ME_DS,62701,89.52%,
3T,VW_DH_TV_VF_nzoth_yogg_cthun_3135006349516271_IN_AM_DR_DS,62694,89.50%,
3T,VW_DH_VW_VF_yshaarj_nzoth_yogg_3977498544889327_Mis_IV_ME,62689,89.49%,
3T,VW_DH_VW_VF_nzoth_yogg_cthun_3132806319627759_IN_AM_DR_DS,62686,89.48%,
3T,VW_DH_TV_VF_nzoth_yogg_cthun_3132806253043183_IN_AM_DR_DS,62681,89.46%,
3T,VW_DH_TV_VF_nzoth_yogg_cthun_3132942684839407_IN_AM_ME_DS,62679,89.45%,
3T,VW_DH_VW_VF_nzoth_yogg_cthun_3150244960591343_Mis_IV_DR,62676,89.44%,
3T,AR_EC_VF_nzoth_yogg_cthun_3132996229389807_IN_IV_DR,62671,89.43%,
3T,VW_DH_VW_VF_nzoth_yogg_cthun_3135004269141487_IN_AM_DR_DS,62668,89.42%,
3T,VW_DH_TV_VF_nzoth_yogg_cthun_3132806252527087_IN_AM_ME_DS,62667,89.42%,
3T,VW_DH_VW_VF_yshaarj_nzoth_yogg_4049522998443503_Mis_IV_DR_DS,62667,89.42%,
3T,VW_DH_VW_VF_yshaarj_nzoth_yogg_3977513643859439_Mis_IV_DR_DS,62664,89.41%,
3T,VW_DH_VW_VF_nzoth_yogg_cthun_3132813769235951_IN_IV_DR_DS,62659,89.39%,
3T,VW_DH_VW_VF_yshaarj_nzoth_yogg_4049524072177135_Mis_IV_ME_DS,62653,89.38%,
3T,VW_DH_VW_VF_nzoth_yogg_cthun_3132814842453487_IN_AM_DR_DS,62652,89.37%,
3T,VW_DH_VW_VF_nzoth_yogg_cthun_3132858866392559_Mis_AM_DR,62651,89.37%,
3T,VW_DH_VW_VF_nzoth_yogg_cthun_3132797663108591_IN_AM_ME,62644,89.35%,
3T,VW_DH_VW_VF_nzoth_yogg_cthun_3150259925868031_IN_AM_DR_DS,62644,89.35%,
3T,VW_DH_TV_VF_nzoth_yogg_cthun_3132927585345023_IN_AM_DR,62637,89.33%,
3T,VW_DH_TV_VF_nzoth_yogg_cthun_3132798803434991_IN_AM_DR,62629,89.30%,
3T,VW_DH_TV_VF_nzoth_yogg_cthun_3132806319627759_IN_AM_ME_DS,62625,89.29%,
3T,VW_DH_TV_VF_nzoth_yogg_cthun_3132927585353199_Mis_IV_DR,62618,89.27%,
3T,VW_DH_VW_VF_nzoth_yogg_cthun_3150244894006767_IN_AM_ME,62618,89.27%,
3T,VW_DH_TV_VF_nzoth_yogg_cthun_3150253483417071_Mis_IV_DR,62613,89.25%,
3T,VW_DH_VW_VF_nzoth_yogg_cthun_3132867455802863_Mis_AM_DR,62605,89.23%,
3T,VW_DH_VW_VF_yshaarj_nzoth_yogg_4049531588369903_Mis_IV_DR_DS,62604,89.23%,
3T,AR_SP_VF_nzoth_yogg_cthun_3150313537527279_Mis_IV_DR,62593,89.20%,
3T,VW_DH_TV_VF_nzoth_yogg_cthun_3133348492140015_IN_AM_DR,62584,89.17%,
3T,VW_DH_VW_VF_nzoth_yogg_cthun_3150244960591343_Mis_IV_ME,62582,89.16%,
3T,VW_DH_TV_VF_nzoth_yogg_cthun_3132942684839407_IN_AM_DR_DS,62580,89.16%,
3T,VW_DH_TV_VF_nzoth_yogg_cthun_3135004269141487_IN_AM_ME_DS,62580,89.15%,
3T,VW_DH_VW_VF_nzoth_yogg_cthun_3150243820264943_Mis_IV_ME,62577,89.14%,
3T,VW_DH_VW_VF_nzoth_yogg_cthun_3152458949123567_Mis_IV_DR_DS,62571,89.13%,
3T,VW_DH_TV_VF_yshaarj_nzoth_yogg_3977635983318511_Mis_IV_ME,62570,89.13%,
3T,VW_DH_VW_VF_nzoth_yogg_cthun_3132798736334319_IN_AM_DR,62569,89.12%,
3T,VW_DH_TV_VF_nzoth_yogg_cthun_3135004202040815_IN_AM_ME_DS,62568,89.12%,
3T,VW_DH_VW_VF_yshaarj_nzoth_yogg_3977497537732079_Mis_AM_DR,62566,89.11%,
3T,VW_DH_VW_VF_nzoth_yogg_cthun_3132858865868287_Mis_AM_ME,62564,89.11%,
3T,VW_DH_TV_VF_nzoth_yogg_cthun_3150259992976879_Mis_IV_DR_DS,62563,89.10%,
3T,VW_DH_TV_VF_nzoth_yogg_cthun_3150519771389423_Mis_IV_ME,62558,89.09%,
3T,VW_DH_VW_VF_nzoth_yogg_cthun_3132927585869295_IN_AM_DR,62550,89.07%,
3T,VW_DH_VW_VF_yshaarj_nzoth_yogg_3977513643859439_Mis_IV_ME_DS,62549,89.06%,
3T,VW_DH_VW_VF_nzoth_yogg_cthun_3132926511611375_Mis_IV_ME,62548,89.06%,
3T,VW_DH_TV_VF_yshaarj_nzoth_yogg_4049516555984367_Mis_IV_DR,62547,89.06%,
3T,VW_DH_TV_VF_nzoth_yogg_cthun_3132926511603199_Mis_IV_DR,62542,89.04%,
3T,VW_DH_TV_VF_nzoth_yogg_cthun_3132858865868287_Mis_AM_DR,62540,89.04%,
3T,VW_DH_TV_VF_nzoth_yogg_cthun_3135004202556911_IN_AM_DR_DS,62538,89.03%,
3T,VW_DH_VW_VF_nzoth_yogg_cthun_3132807326785007_IN_IV_DR_DS,62535,89.02%,
3T,VW_DH_VW_VF_nzoth_yogg_cthun_3132813768711679_IN_IV_ME_DS,62535,89.02%,
3T,VW_DH_TV_VF_yshaarj_nzoth_yogg_3979697567620591_Mis_IV_ME,62528,89.00%,
3T,VW_DH_VW_VF_nzoth_yogg_cthun_3150244893490671_Mis_IV_ME,62528,89.00%,
3T,VW_DH_TV_VF_nzoth_yogg_cthun_3150534803774959_IN_AM_ME_DS,62522,88.98%,
3T,VW_DH_TV_VF_nzoth_yogg_cthun_3132935101537775_Mis_IV_DR,62519,88.97%,
3T,VW_DH_TV_VF_nzoth_yogg_cthun_3133348492140015_IN_AM_ME,62516,88.96%,
3T,VW_DH_VW_VF_nzoth_yogg_cthun_3135012791967215_IN_AM_DR_DS,62510,88.94%,
3T,VW_DH_VW_VF_nzoth_yogg_cthun_3150259925876207_Mis_IV_DR_DS,62508,88.94%,
3T,VW_DH_VW_VF_nzoth_yogg_cthun_3150259992976879_IN_AM_ME_DS,62507,88.94%,
3T,VW_DH_TV_VF_yshaarj_nzoth_yogg_3977497537732079_Mis_IV_DR,62498,88.91%,
3T,VW_DH_VW_VF_yshaarj_nzoth_yogg_4049660437388783_Mis_IV_DR_DS,62494,88.90%,
3T,VW_DH_VW_VF_nzoth_yogg_cthun_3150260999609839_Mis_IV_DR_DS,62480,88.85%,
3T,VW_DH_TV_VF_nzoth_yogg_cthun_3150252409675247_Mis_AM_DR,62473,88.83%,
3T,VW_DH_TV_VF_nzoth_yogg_cthun_3132814842453487_IN_AM_ME_DS,62466,88.81%,
3T,VW_DH_TV_VF_nzoth_yogg_cthun_3150259925868031_IN_AM_ME_DS,62463,88.80%,
3T,VW_DH_TV_VF_yshaarj_nzoth_yogg_3977497470623231_Mis_IV_ME,62461,88.79%,
3T,VW_DH_TV_VF_yshaarj_nzoth_yogg_3977772348530159_Mis_IV_ME,62457,88.78%,
3T,VW_DH_VW_VF_nzoth_yogg_cthun_3152458949123567_Mis_IV_ME_DS,62449,88.76%,
3T,AR_SW_VF_nzoth_yogg_cthun_3150313537527279_IN_IV_ME,62449,88.76%,
3T,VW_DH_TV_VF_nzoth_yogg_cthun_3135004202032639_IN_AM_DR_DS,62445,88.75%,
3T,VW_DH_VW_VF_yshaarj_nzoth_yogg_3977772348530159_Mis_AM_ME,62443,88.74%,
3T,VW_DH_VW_VF_nzoth_yogg_cthun_3132807326260735_IN_IV_DR_DS,62442,88.74%,
3T,VW_DH_TV_VF_nzoth_yogg_cthun_3150244894006767_Mis_IV_DR,62435,88.72%,
3T,VW_DH_TV_VF_nzoth_yogg_cthun_3150253483417071_Mis_IV_ME,62424,88.68%,
3T,VW_DH_VW_VF_nzoth_yogg_cthun_3133348492140015_IN_AM_DR,62423,88.68%,
3T,VW_DH_VW_VF_nzoth_yogg_cthun_3135006349516271_IN_AM_DR_DS,62422,88.68%,
3T,VW_DH_TV_VF_nzoth_yogg_cthun_3132928659086831_Mis_IV_DR,62421,88.68%,
3T,VW_DH_TV_VF_nzoth_yogg_cthun_3132926511603199_Mis_IV_ME,62420,88.67%,
3T,VW_DH_TV_VF_nzoth_yogg_cthun_3132791220141551_Mis_IV_DR,62419,88.67%,
3T,VW_DH_TV_VF_nzoth_yogg_cthun_3132944765214191_IN_AM_DR_DS,62417,88.66%,
3T,VW_DH_VW_VF_nzoth_yogg_cthun_3132927585353199_IN_AM_ME,62414,88.65%,
3T,VW_DH_TV_VF_nzoth_yogg_cthun_3150259925876207_Mis_IV_ME_DS,62412,88.65%,
3T,AR_SP_VF_nzoth_yogg_cthun_3150313470942703_IN_IV_ME,62411,88.64%,
3T,VW_DH_VW_VF_nzoth_yogg_cthun_3132927585345023_IN_AM_DR,62408,88.64%,
3T,VW_DH_VW_VF_nzoth_yogg_cthun_3132942617738735_IN_AM_DR_DS,62399,88.61%,
3T,VW_DH_VW_VF_nzoth_yogg_cthun_3150244893482495_IN_AM_ME,62396,88.60%,
3T,VW_DH_VW_VF_yshaarj_nzoth_yogg_3977498544365055_Mis_IV_DR,62394,88.59%,
3T,VW_DH_VW_VF_nzoth_yogg_cthun_3150259925876207_IN_AM_ME_DS,62393,88.59%,
3T,AR_SW_VF_nzoth_yogg_cthun_3150313537527279_IN_IV_DR,62390,88.58%,
3T,VW_DH_VW_VF_nzoth_yogg_cthun_3150268515802607_IN_AM_ME_DS,62388,88.58%,
3T,VW_DH_TV_VF_nzoth_yogg_cthun_3132927585345023_IN_AM_ME,62375,88.54%,
3T,VW_DH_TV_VF_yshaarj_nzoth_yogg_3977497537732079_Mis_IV_ME,62372,88.53%,
3T,VW_DH_TV_VF_nzoth_yogg_cthun_3150243819740671_Mis_AM_DR,62366,88.51%,
3T,VW_DH_TV_VF_nzoth_yogg_cthun_3132951207665135_IN_AM_ME_DS,62365,88.51%,
3T,VW_DH_TV_VF_nzoth_yogg_cthun_3135006349516271_IN_AM_ME_DS,62363,88.50%,
3T,VW_DH_TV_VF_nzoth_yogg_cthun_3134996685839855_Mis_IV_DR,62355,88.47%,
3T,VW_DH_VW_VF_nzoth_yogg_cthun_3132807326260735_IN_IV_ME_DS,62355,88.47%,
3T,VW_DH_VW_VF_nzoth_yogg_cthun_3150253483417071_Mis_IV_DR,62349,88.46%,
3T,VW_DH_TV_VF_nzoth_yogg_cthun_3132935101537775_Mis_IV_ME,62348,88.45%,
3T,VW_DH_VW_VF_nzoth_yogg_cthun_3150253483417071_Mis_IV_ME,62346,88.45%,
3T,VW_DH_TV_VF_nzoth_yogg_cthun_3134996685839855_Mis_IV_ME,62345,88.44%,
3T,AR_EC_VF_nzoth_yogg_cthun_3150313470426607_IN_IV_ME,62344,88.44%,
3T,VW_DH_VW_VF_nzoth_yogg_cthun_3132926578712047_Mis_IV_ME,62338,88.42%,
3T,VW_DH_VW_VF_yshaarj_nzoth_yogg_3979697567620591_Mis_AM_DR,62336,88.42%,
3T,VW_DH_VW_VF_nzoth_yogg_cthun_3132926511603199_Mis_IV_DR,62324,88.38%,
3T,VW_DH_TV_VF_nzoth_yogg_cthun_3150519771389423_Mis_IV_DR,62323,88.38%,
3T,VW_DH_TV_VF_nzoth_yogg_cthun_3132806252518911_IN_AM_ME_DS,62317,88.36%,
3T,VW_DH_VW_VF_yshaarj_nzoth_yogg_3977497537732079_Mis_AM_ME,62315,88.35%,
3T,VW_DH_VW_VF_nzoth_yogg_cthun_3132806252518911_IN_AM_DR_DS,62313,88.35%,
3T,VW_DH_TV_VF_nzoth_yogg_cthun_3132928659086831_Mis_IV_ME,62311,88.34%,
3T,AR_EC_VF_nzoth_yogg_cthun_3150313470426607_IN_IV_DR,62309,88.33%,
3T,VW_DH_VW_VF_nzoth_yogg_cthun_3132798803434991_IN_AM_ME,62305,88.32%,
3T,VW_DH_TV_VF_nzoth_yogg_cthun_3132942618254831_IN_AM_DR_DS,62303,88.32%,
3T,VW_DH_VW_VF_nzoth_yogg_cthun_3132942684839407_IN_AM_DR_DS,62303,88.32%,
3T,VW_DH_VW_VF_nzoth_yogg_cthun_3150243819748847_Mis_AM_DR,62298,88.30%,
3T,VW_DH_VW_VF_nzoth_yogg_cthun_3132926578712047_Mis_IV_DR,62297,88.30%,
3T,VW_DH_VW_VF_nzoth_yogg_cthun_3135004269141487_IN_AM_ME_DS,62294,88.29%,
3T,VW_DH_TV_VF_nzoth_yogg_cthun_3132876045737455_Mis_AM_ME_DS,62293,88.29%,
3T,VW_DH_VW_VF_nzoth_yogg_cthun_3150260999609839_Mis_IV_ME_DS,62292,88.28%,
3T,VW_DH_TV_VF_nzoth_yogg_cthun_3150243886849519_Mis_AM_ME,62289,88.28%,
3T,VW_DH_TV_VF_nzoth_yogg_cthun_3132797662592495_Mis_IV_DR,62287,88.27%,
3T,VW_DH_VW_VF_nzoth_yogg_cthun_3132791220657647_IN_AM_ME,62286,88.27%,
3T,VW_DH_TV_VF_nzoth_yogg_cthun_3132927585353199_Mis_IV_ME,62282,88.26%,
3T,VW_DH_VW_VF_nzoth_yogg_cthun_3132806252527087_IN_AM_ME_DS,62280,88.25%,
3T,VW_DH_VW_VF_yshaarj_nzoth_yogg_3979697567620591_Mis_AM_ME,62277,88.24%,
3T,VW_DH_VW_VF_nzoth_yogg_cthun_3132808400002543_IN_AM_ME_DS,62276,88.24%,
3T,VW_DH_VW_VF_yshaarj_nzoth_yogg_3977513576750591_Mis_IV_DR_DS,62276,88.24%,
3T,VW_DH_TV_VF_nzoth_yogg_cthun_3132798803434991_IN_AM_ME,62272,88.23%,
3T,VW_DH_TV_VF_nzoth_yogg_cthun_3132798736326143_IN_AM_DR,62269,88.21%,
3T,VW_DH_VW_VF_nzoth_yogg_cthun_3132791220133375_IN_AM_ME,62258,88.18%,
3T,VW_DH_VW_VF_nzoth_yogg_cthun_3132808400002543_IN_AM_DR_DS,62256,88.18%,
3T,VW_DH_VW_VF_nzoth_yogg_cthun_3132951207665135_IN_AM_DR_DS,62255,88.17%,
3T,VW_DH_VW_VF_yshaarj_nzoth_yogg_3977513577274863_Mis_IV_ME_DS,62252,88.16%,
3T,VW_DH_VW_VF_nzoth_yogg_cthun_3132944765214191_IN_AM_DR_DS,62251,88.16%,
3T,VW_DH_VW_VF_nzoth_yogg_cthun_3150534803774959_IN_AM_ME_DS,62248,88.15%,
3T,AR_SP_VF_nzoth_yogg_cthun_3150313470942703_IN_IV_DR,62244,88.14%,
3T,AR_EC_VF_nzoth_yogg_cthun_3132859864178159_IN_IV_DR,62244,88.14%,
3T,VW_DH_TV_VF_nzoth_yogg_cthun_3150259926392303_IN_AM_ME_DS,62240,88.13%,
3T,AR_EC_VF_nzoth_yogg_cthun_3150313470418431_IN_IV_DR,62237,88.12%,
3T,VW_DH_VW_VF_nzoth_yogg_cthun_3132927585869295_IN_AM_ME,62231,88.10%,
3T,VW_DH_VW_VF_yshaarj_nzoth_yogg_3977515724234223_Mis_IV_DR_DS,62230,88.10%,
3T,VW_DH_VW_VF_yshaarj_nzoth_yogg_3977498544889327_Mis_IV_DR,62229,88.09%,
3T,VW_DH_VW_VF_yshaarj_nzoth_yogg_3977772348530159_Mis_AM_DR,62222,88.07%,
3T,VW_DH_TV_VF_nzoth_yogg_cthun_3135004202556911_IN_AM_ME_DS,62217,88.06%,
3T,AR_EC_VF_yshaarj_nzoth_yogg_3977567188409839_IN_IV_DR,62213,88.05%,
3T,VW_DH_TV_VF_yshaarj_nzoth_yogg_3977772348530159_Mis_IV_DR,62213,88.04%,
3T,VW_DH_TV_VF_nzoth_yogg_cthun_3132798736334319_IN_AM_ME,62212,88.04%,
3T,VW_DH_VW_VF_nzoth_yogg_cthun_3132798736334319_IN_AM_ME,62211,88.04%,
3T,VW_DH_VW_VF_nzoth_yogg_cthun_3150262073351663_IN_AM_ME_DS,62209,88.03%,
3T,AR_EC_VF_nzoth_yogg_cthun_3150313537527279_IN_AM_DR,62207,88.03%,
3T,VW_DH_TV_VF_yshaarj_nzoth_yogg_3977499618106863_Mis_IV_ME,62201,88.01%,
3T,VW_DH_TV_VF_nzoth_yogg_cthun_3132813835820527_IN_AM_DR_DS,62196,88.00%,
3T,VW_DH_VW_VF_nzoth_yogg_cthun_3132814842453487_IN_AM_ME_DS,62193,87.98%,
3T,VW_DH_VW_VF_yshaarj_nzoth_yogg_3977635983318511_Mis_AM_ME,62189,87.97%,
3T,VW_DH_VW_VF_yshaarj_nzoth_yogg_3977499618106863_Mis_AM_ME,62186,87.96%,
3T,AR_SW_VF_nzoth_yogg_cthun_3150313537527279_Mis_IV_DR,62184,87.96%,
3T,VW_DH_VW_VF_nzoth_yogg_cthun_3135012791967215_IN_AM_ME_DS,62183,87.96%,
3T,VW_DH_TV_VF_nzoth_yogg_cthun_3132926512127471_Mis_IV_DR,62181,87.95%,
3T,VW_DH_VW_VF_nzoth_yogg_cthun_3132813768711679_IN_IV_DR_DS,62180,87.95%,
3T,VW_DH_TV_VF_yshaarj_nzoth_yogg_4049522998435327_IN_AM_ME_DS,62178,87.94%,
3T,VW_DH_VW_VF_nzoth_yogg_cthun_3132798803434991_IN_AM_DR,62177,87.94%,
3T,VW_DH_VW_VF_nzoth_yogg_cthun_3132928659086831_Mis_IV_ME,62175,87.93%,
3T,VW_DH_VW_VF_yshaarj_nzoth_yogg_4049522998443503_Mis_IV_ME_DS,62175,87.93%,
3T,VW_DH_TV_VF_yshaarj_nzoth_yogg_4049515482242543_Mis_AM_DR,62170,87.92%,
3T,VW_DH_TV_VF_nzoth_yogg_cthun_3150244893482495_Mis_IV_ME,62166,87.90%,
3T,VW_DH_TV_VF_nzoth_yogg_cthun_3132798736850415_IN_AM_DR,62164,87.90%,
3T,VW_DH_VW_VF_nzoth_yogg_cthun_3132806253043183_IN_AM_DR_DS,62162,87.89%,
3T,VW_DH_TV_VF_yshaarj_nzoth_yogg_3977499618106863_Mis_IV_DR,62161,87.89%,
3T,AR_SP_VF_nzoth_yogg_cthun_3150313470426607_IN_IV_DR,62161,87.89%,
3T,VW_DH_VW_VF_nzoth_yogg_cthun_3133348492140015_IN_AM_ME,62156,87.87%,
3T,VW_DH_TV_VF_nzoth_yogg_cthun_3132876045737455_Mis_AM_DR_DS,62148,87.85%,
3T,VW_DH_VW_VF_yshaarj_nzoth_yogg_3977788454657519_Mis_IV_DR_DS,62137,87.82%,
3T,VW_DH_TV_VF_yshaarj_nzoth_yogg_3979712600006127_Mis_IV_ME_DS,62127,87.79%,
3T,VW_DH_VW_VF_yshaarj_nzoth_yogg_3977788454657519_Mis_IV_ME_DS,62125,87.78%,
3T,AR_SP_VF_nzoth_yogg_cthun_3150313470426607_IN_IV_ME,62124,87.78%,
3T,VW_DH_VW_VF_nzoth_yogg_cthun_3135004202040815_IN_AM_ME_DS,62122,87.77%,
3T,VW_DH_TV_VF_yshaarj_nzoth_yogg_4049531588369903_Mis_IV_ME_DS,62122,87.77%,
3T,AR_EC_VF_nzoth_yogg_cthun_3150313470942703_Mis_IV_DR,62121,87.77%,
3T,VW_DH_VW_VF_yshaarj_nzoth_cthun_3696298445561327_Mis_AM_ME,62115,87.75%,
3T,VW_DH_VW_VF_nzoth_yogg_cthun_3132876045737455_Mis_AM_ME_DS,62115,87.75%,
3T,VW_DH_VW_VF_yshaarj_nzoth_yogg_3977635983318511_Mis_AM_DR,62113,87.74%,
3T,VW_DH_VW_VF_nzoth_yogg_cthun_3135006349516271_IN_AM_ME_DS,62113,87.74%,
3T,VW_DH_VW_VF_nzoth_yogg_cthun_3150243886849519_Mis_AM_DR,62104,87.72%,
3T,AR_EC_VF_nzoth_yogg_cthun_3132996229389807_IN_IV_ME,62102,87.71%,
3T,VW_DH_TV_VF_nzoth_yogg_cthun_3132813768719855_IN_AM_DR_DS,62098,87.70%,
3T,VW_DH_VW_VF_yshaarj_nzoth_yogg_3977499618106863_Mis_AM_DR,62096,87.69%,
3T,VW_DH_TV_VF_nzoth_yogg_cthun_3150244893482495_Mis_IV_DR,62092,87.68%,
3T,VW_DH_VW_VF_nzoth_yogg_cthun_3132791220141551_Mis_IV_DR,62090,87.67%,
3T,VW_DH_TV_VF_nzoth_yogg_cthun_3150245967224303_Mis_AM_DR,62085,87.66%,
3T,VW_DH_TV_VF_nzoth_yogg_cthun_3150244894006767_Mis_IV_ME,62084,87.66%,
3T,VW_DH_VW_VF_nzoth_yogg_cthun_3132927585353199_Mis_IV_DR,62084,87.66%,
3T,VW_DH_TV_VF_yshaarj_nzoth_yogg_4049660437388783_Mis_IV_DR_DS,62083,87.65%,
3T,VW_DH_TV_VF_nzoth_yogg_cthun_3150518697647599_Mis_AM_DR,62082,87.65%,
3T,VW_DH_VW_VF_nzoth_yogg_cthun_3150519771389423_Mis_IV_ME,62073,87.62%,
3T,VW_DH_VW_VF_nzoth_yogg_cthun_3134996685839855_Mis_IV_DR,62072,87.62%,
3T,VW_DH_VW_VF_nzoth_yogg_cthun_3132806319627759_IN_AM_ME_DS,62070,87.61%,
3T,AR_SP_VF_nzoth_yogg_cthun_3150313537527279_Mis_IV_ME,62069,87.61%,
3T,VW_DH_TV_VF_nzoth_yogg_cthun_3132791220141551_Mis_IV_ME,62067,87.60%,
3T,VW_DH_VW_VF_yshaarj_nzoth_cthun_3768322899631599_Mis_IV_DR_DS,62065,87.60%,
3T,AR_EC_VF_nzoth_yogg_cthun_3150313537527279_IN_AM_ME,62062,87.59%,
3T,VW_DH_TV_VF_nzoth_yogg_cthun_3132807326268911_IN_AM_DR_DS,62060,87.58%,
3T,VW_DH_TV_VF_nzoth_yogg_cthun_3132806253043183_IN_AM_ME_DS,62057,87.58%,
3T,VW_DH_TV_VF_yshaarj_nzoth_yogg_4049531588369903_Mis_IV_DR_DS,62056,87.57%,
3T,VW_DH_TV_VF_nzoth_yogg_cthun_3132927652453871_Mis_IV_ME,62052,87.56%,
3T,VW_DH_TV_VF_nzoth_yogg_cthun_3150245967224303_Mis_AM_ME,62050,87.55%,
3T,VW_DH_TV_VF_nzoth_yogg_cthun_3150259992976879_Mis_IV_ME_DS,62048,87.55%,
3T,VW_DH_VW_VF_yshaarj_nzoth_yogg_3977497471147503_Mis_AM_ME,62041,87.53%,
3T,VW_DH_TV_VF_yshaarj_nzoth_yogg_4049515482242543_Mis_AM_ME,62040,87.52%,
3T,AR_SP_VF_nzoth_yogg_cthun_3132996229389807_IN_IV_DR,62039,87.52%,
3T,VW_DH_TV_VF_yshaarj_nzoth_yogg_3977514650492399_Mis_IV_DR_DS,62036,87.51%,
3T,AR_SW_VF_nzoth_yogg_cthun_3150313470942703_IN_IV_ME,62029,87.49%,
3T,VW_DH_VW_VF_nzoth_yogg_cthun_3150259992976879_Mis_IV_ME_DS,62028,87.49%,
3T,VW_DH_VW_VF_nzoth_yogg_cthun_3133363524525551_IN_AM_DR_DS,62025,87.48%,
3T,VW_DH_TV_VF_nzoth_yogg_cthun_3150252409675247_Mis_AM_ME,62024,87.48%,
3T,VW_DH_TV_VF_nzoth_yogg_cthun_3132944765214191_IN_AM_ME_DS,62014,87.44%,
3T,VW_DH_VW_VF_nzoth_yogg_cthun_3150259992976879_Mis_IV_DR_DS,62008,87.43%,
3T,VW_DH_TV_VF_nzoth_yogg_cthun_3132927652453871_Mis_IV_DR,62007,87.42%,
3T,VW_DH_VW_VF_yshaarj_nzoth_yogg_3979712600006127_Mis_AM_ME_DS,62002,87.41%,
3T,VW_DH_VW_VF_nzoth_yogg_cthun_3150244893482495_Mis_IV_ME,61995,87.39%,
3T,VW_DH_TV_VF_yshaarj_nzoth_yogg_3979697567620591_Mis_IV_DR,61991,87.38%,
3T,VW_DH_VW_VF_nzoth_yogg_cthun_3132926511603199_Mis_IV_ME,61983,87.35%,
3T,VW_DH_VW_VF_nzoth_yogg_cthun_3132942684839407_IN_AM_ME_DS,61982,87.35%,
3T,VW_DH_VW_VF_nzoth_yogg_cthun_3135004202556911_IN_AM_DR_DS,61973,87.32%,
3T,VW_DH_TV_VF_yshaarj_nzoth_yogg_4049660437388783_Mis_IV_ME_DS,61972,87.32%,
3T,VW_DH_VW_VF_yshaarj_nzoth_yogg_4049523065544175_Mis_IV_ME_DS,61969,87.31%,
3T,AR_EC_VF_nzoth_yogg_cthun_3132859864178159_IN_IV_ME,61967,87.30%,
3T,AR_EC_VF_nzoth_yogg_cthun_3132859797593583_IN_IV_DR,61966,87.30%,
3T,VW_DH_TV_VF_nzoth_yogg_cthun_3150243820264943_Mis_AM_DR,61966,87.30%,
3T,VW_DH_TV_VF_yshaarj_nzoth_yogg_3977634909576687_Mis_AM_ME,61964,87.29%,
3T,VW_DH_VW_VF_nzoth_yogg_cthun_3134996685839855_Mis_IV_ME,61964,87.29%,
3T,VW_DH_VW_VF_nzoth_yogg_cthun_3133363524525551_IN_AM_ME_DS,61963,87.29%,
3T,VW_DH_TV_VF_yshaarj_nzoth_cthun_3696298445561327_Mis_IV_DR,61958,87.27%,
3T,VW_DH_VW_VF_yshaarj_nzoth_cthun_3768322899631599_Mis_IV_ME_DS,61956,87.27%,
3T,VW_DH_TV_VF_nzoth_yogg_cthun_3132942617738735_IN_AM_ME_DS,61955,87.27%,
3T,VW_DH_VW_VF_nzoth_yogg_cthun_3132858865868287_Mis_AM_DR,61954,87.26%,
3T,VW_DH_VW_VF_nzoth_yogg_cthun_3150244894006767_Mis_IV_ME,61954,87.26%,
3T,VW_DH_TV_VF_yshaarj_nzoth_yogg_3977498544373231_Mis_IV_ME,61953,87.26%,
3T,VW_DH_TV_VF_nzoth_yogg_cthun_3135004202032639_IN_AM_ME_DS,61951,87.25%,
3T,VW_DH_VW_VF_nzoth_yogg_cthun_3150259926392303_IN_AM_ME_DS,61947,87.24%,
3T,VW_DH_TV_VF_yshaarj_nzoth_cthun_3696298445561327_Mis_IV_ME,61944,87.23%,
3T,AR_EC_VF_nzoth_yogg_cthun_3132996162805231_IN_IV_DR,61943,87.23%,
3T,VW_DH_VW_VF_yshaarj_nzoth_yogg_3977651015704047_Mis_AM_DR_DS,61941,87.22%,
3T,VW_DH_TV_VF_yshaarj_nzoth_yogg_4049524072177135_Mis_IV_ME_DS,61933,87.20%,
3T,AR_EC_VF_yshaarj_nzoth_yogg_4013438755266031_Mis_IV_DR,61921,87.16%,
3T,VW_DH_TV_VF_nzoth_yogg_cthun_3132798736850415_IN_AM_ME,61915,87.15%,
3T,AR_SP_VF_nzoth_yogg_cthun_3132859864178159_IN_IV_DR,61912,87.14%,
3T,VW_DH_TV_VF_nzoth_yogg_cthun_3132942617730559_IN_AM_DR_DS,61909,87.13%,
3T,AR_EC_VF_yshaarj_nzoth_yogg_4014400827940335_IN_IV_DR,61900,87.10%,
3T,VW_DH_TV_VF_yshaarj_nzoth_yogg_3977635983318511_Mis_IV_DR,61897,87.09%,
3T,VW_DH_TV_VF_yshaarj_nzoth_yogg_3977514650492399_Mis_IV_ME_DS,61895,87.09%,
3T,VW_DH_VW_VF_nzoth_yogg_cthun_3135004202032639_IN_AM_DR_DS,61893,87.08%,
3T,AR_SW_VF_nzoth_yogg_cthun_3150313470942703_IN_IV_DR,61892,87.07%,
3T,AR_EC_VF_yshaarj_nzoth_yogg_3977567121825263_IN_IV_DR,61890,87.07%,
3T,VW_DH_VW_VF_nzoth_yogg_cthun_3150243886849519_Mis_AM_ME,61887,87.06%,
3T,VW_DH_TV_VF_nzoth_yogg_cthun_3150243819748847_Mis_AM_ME,61886,87.06%,
3T,AR_EC_VF_yshaarj_nzoth_yogg_3977567188409839_IN_IV_ME,61885,87.05%,
3T,VW_DH_TV_VF_nzoth_yogg_cthun_3132815916195311_IN_AM_DR_DS,61880,87.04%,
3T,VW_DH_VW_VF_nzoth_yogg_cthun_3150244894006767_Mis_IV_DR,61870,87.01%,
3T,VW_DH_TV_VF_nzoth_yogg_cthun_3132807393369583_IN_AM_DR_DS,61862,86.99%,
3T,VW_DH_VW_VF_nzoth_yogg_cthun_3132798736850415_IN_AM_DR,61862,86.99%,
3T,VW_DH_VW_VF_nzoth_yogg_cthun_3132928659086831_Mis_IV_DR,61858,86.97%,
3T,VW_DH_TV_VF_yshaarj_nzoth_yogg_3977651015704047_Mis_IV_ME_DS,61857,86.97%,
3T,VW_DH_TV_VF_nzoth_yogg_cthun_3150244893490671_Mis_AM_DR,61854,86.96%,
3T,VW_DH_VW_VF_nzoth_yogg_cthun_3150519771389423_Mis_IV_DR,61853,86.96%,
3T,VW_DH_TV_VF_nzoth_yogg_cthun_3132797662592495_Mis_IV_ME,61848,86.94%,
3T,AR_EC_VF_nzoth_yogg_cthun_3132859058871791_IN_IV_ME,61847,86.94%,
3T,VW_DH_VW_VF_nzoth_yogg_cthun_3132797662592495_Mis_IV_DR,61845,86.93%,
3T,VW_DH_TV_VF_yshaarj_nzoth_yogg_3979712600006127_Mis_IV_DR_DS,61840,86.92%,
3T,VW_DH_VW_VF_nzoth_yogg_cthun_3132951207665135_IN_AM_ME_DS,61840,86.92%,
3T,VW_DH_TV_VF_yshaarj_nzoth_yogg_3979696493878767_Mis_AM_ME,61837,86.91%,
3T,VW_DH_VW_VF_yshaarj_nzoth_yogg_3977513577274863_Mis_IV_DR_DS,61837,86.91%,
3T,VW_DH_TV_VF_nzoth_yogg_cthun_3132942618254831_IN_AM_ME_DS,61837,86.91%,
3T,AR_SP_VF_nzoth_yogg_cthun_3150313470942703_Mis_IV_DR,61836,86.91%,
3T,VW_DH_TV_VF_yshaarj_nzoth_yogg_3977651015704047_Mis_IV_DR_DS,61835,86.90%,
3T,VW_DH_VW_VF_nzoth_yogg_cthun_3132927585353199_Mis_IV_ME,61835,86.90%,
3T,VW_DH_TV_VF_yshaarj_nzoth_yogg_3977498611473903_Mis_IV_ME,61834,86.90%,
3T,VW_DH_TV_VF_nzoth_yogg_cthun_3150259926392303_Mis_IV_DR_DS,61830,86.89%,
3T,VW_DH_TV_VF_yshaarj_nzoth_yogg_4049522998443503_Mis_IV_DR_DS,61829,86.88%,
3T,VW_DH_TV_VF_yshaarj_nzoth_yogg_4049524072177135_Mis_IV_DR_DS,61827,86.88%,
3T,VW_DH_TV_VF_nzoth_yogg_cthun_3132798736326143_IN_AM_ME,61825,86.87%,
3T,AR_EC_VF_nzoth_yogg_cthun_3132859058871791_IN_IV_DR,61822,86.86%,
3T,AR_EC_VF_nzoth_yogg_cthun_3132858790960623_IN_IV_ME,61821,86.86%,
3T,VW_DH_VW_VF_yshaarj_nzoth_yogg_3977651015704047_Mis_AM_ME_DS,61819,86.85%,
3T,AR_SW_VF_nzoth_yogg_cthun_3150313537527279_Mis_IV_ME,61819,86.85%,
3T,VW_DH_VW_VF_nzoth_yogg_cthun_3150259925868031_IN_AM_ME_DS,61817,86.85%,
3T,VW_DH_VW_VF_yshaarj_nzoth_yogg_3977514650492399_Mis_AM_ME_DS,61816,86.85%,
3T,AR_SP_VF_nzoth_yogg_cthun_3132859058871791_IN_IV_DR,61816,86.84%,
3T,VW_DH_TV_VF_nzoth_yogg_cthun_3132926511611375_Mis_AM_DR,61812,86.83%,
3T,VW_DH_VW_VF_nzoth_yogg_cthun_3132798736850415_IN_AM_ME,61806,86.82%,
3T,VW_DH_VW_VF_nzoth_yogg_cthun_3132806253043183_IN_AM_ME_DS,61802,86.80%,
3T,VW_DH_TV_VF_nzoth_yogg_cthun_3132943691472367_Mis_IV_DR_DS,61799,86.80%,
3T,VW_DH_VW_VF_nzoth_yogg_cthun_3132927585345023_IN_AM_ME,61794,86.78%,
3T,VW_DH_TV_VF_nzoth_yogg_cthun_3132806252527087_Mis_IV_DR_DS,61790,86.77%,
3T,VW_DH_TV_VF_nzoth_yogg_cthun_3150534803774959_Mis_IV_ME_DS,61788,86.76%,
3T,VW_DH_VW_VF_nzoth_yogg_cthun_3132935101537775_Mis_IV_ME,61787,86.76%,
3T,AR_EC_VF_nzoth_yogg_cthun_3132996162289135_IN_IV_DR,61785,86.75%,
3T,VW_DH_TV_VF_nzoth_yogg_cthun_3150259925868031_Mis_IV_DR_DS,61775,86.72%,
3T,VW_DH_VW_VF_nzoth_yogg_cthun_3150244893482495_Mis_IV_DR,61774,86.72%,
3T,VW_DH_TV_VF_nzoth_yogg_cthun_3132815916195311_IN_AM_ME_DS,61773,86.72%,
3T,AR_SP_VF_nzoth_yogg_cthun_3132996162805231_IN_IV_DR,61771,86.71%,
3T,AR_EC_VF_nzoth_yogg_cthun_3150313470418431_IN_IV_ME,61766,86.69%,
3T,VW_DH_VW_VF_yshaarj_nzoth_yogg_3979712600006127_Mis_AM_DR_DS,61766,86.69%,
3T,VW_DH_VW_VF_nzoth_yogg_cthun_3132944765214191_IN_AM_ME_DS,61763,86.69%,
3T,VW_DH_TV_VF_yshaarj_nzoth_yogg_3977497471147503_Mis_IV_ME,61760,86.68%,
3T,VW_DH_TV_VF_yshaarj_nzoth_yogg_3979696493878767_Mis_AM_DR,61758,86.67%,
3T,VW_DH_TV_VF_nzoth_yogg_cthun_3150262073351663_Mis_IV_DR_DS,61756,86.66%,
3T,VW_DH_VW_VF_nzoth_yogg_cthun_3132935101537775_Mis_IV_DR,61754,86.66%,
3T,VW_DH_TV_VF_yshaarj_nzoth_yogg_3977497471147503_Mis_IV_DR,61754,86.66%,
3T,AR_EC_VF_nzoth_yogg_cthun_3132996162805231_IN_IV_ME,61750,86.65%,
3T,VW_DH_TV_VF_nzoth_yogg_cthun_3133363524525551_IN_AM_DR_DS,61747,86.64%,
3T,VW_DH_VW_VF_nzoth_yogg_cthun_3150252409675247_Mis_AM_DR,61721,86.56%,
3T,VW_DH_VW_VF_nzoth_yogg_cthun_3132813768719855_IN_AM_DR_DS,61715,86.54%,
3T,VW_DH_TV_VF_nzoth_yogg_cthun_3132942617738735_Mis_IV_DR_DS,61715,86.54%,
3T,AR_SP_VF_yshaarj_nzoth_yogg_3977567188409839_IN_IV_DR,61715,86.54%,
3T,VW_DH_VW_VF_yshaarj_nzoth_yogg_3977514650492399_Mis_AM_DR_DS,61711,86.53%,
3T,AR_SP_VF_yshaarj_nzoth_yogg_4013438755266031_Mis_IV_DR,61707,86.52%,
3T,VW_DH_TV_VF_yshaarj_nzoth_yogg_3977634909576687_Mis_AM_DR,61706,86.51%,
3T,VW_DH_VW_VF_nzoth_yogg_cthun_3132942618254831_IN_AM_DR_DS,61703,86.51%,
3T,VW_DH_VW_VF_yshaarj_nzoth_yogg_3977497471147503_Mis_AM_DR,61701,86.50%,
3T,VW_DH_TV_VF_nzoth_yogg_cthun_3132813835820527_IN_AM_ME_DS,61699,86.49%,
3T,VW_DH_TV_VF_nzoth_yogg_cthun_3132926512127471_Mis_IV_ME,61697,86.49%,
3T,AR_EC_VF_nzoth_yogg_cthun_3132996162289135_IN_IV_ME,61696,86.48%,
3T,AR_EC_VF_nzoth_yogg_cthun_3132859797077487_IN_IV_DR,61695,86.48%,
3T,AR_SP_VF_nzoth_yogg_cthun_3132996162805231_IN_IV_ME,61694,86.48%,
3T,VW_DH_TV_VF_nzoth_yogg_cthun_3150243819740671_Mis_AM_ME,61689,86.46%,
3T,AR_SW_VF_nzoth_yogg_cthun_3150313470426607_IN_IV_DR,61686,86.45%,
3T,VW_DH_VW_VF_nzoth_yogg_cthun_3150245967224303_Mis_AM_DR,61686,86.45%,
3T,VW_DH_VW_VF_nzoth_yogg_cthun_3132926512127471_Mis_IV_DR,61681,86.44%,
3T,VW_DH_VW_VF_nzoth_yogg_cthun_3150259925876207_Mis_IV_ME_DS,61680,86.43%,
3T,VW_DH_VW_VF_nzoth_yogg_cthun_3132806252518911_IN_AM_ME_DS,61679,86.43%,
3T,VW_DH_TV_VF_nzoth_yogg_cthun_3135005275774447_Mis_IV_DR_DS,61679,86.43%,
3T,VW_DH_VW_VF_yshaarj_nzoth_cthun_3696313477946863_Mis_AM_ME_DS,61677,86.43%,
3T,VW_DH_TV_VF_nzoth_yogg_cthun_3150534803774959_Mis_IV_DR_DS,61677,86.43%,
3T,VW_DH_VW_VF_nzoth_yogg_cthun_3132876045737455_Mis_AM_DR_DS,61669,86.40%,
3T,AR_EC_VF_nzoth_yogg_cthun_3150313470942703_Mis_IV_ME,61664,86.39%,
3T,VW_DH_VW_VF_nzoth_yogg_cthun_3132926512127471_Mis_IV_ME,61659,86.37%,
3T,AR_SP_VF_nzoth_yogg_cthun_3150313470418431_IN_IV_DR,61659,86.37%,
3T,VW_DH_VW_VF_yshaarj_nzoth_yogg_3977498611473903_Mis_AM_ME,61655,86.36%,
3T,VW_DH_TV_VF_nzoth_yogg_cthun_3132936175279599_Mis_IV_DR,61655,86.36%,
3T,VW_DH_VW_VF_nzoth_yogg_cthun_3150243819748847_Mis_AM_ME,61655,86.36%,
3T,VW_DH_TV_VF_nzoth_yogg_cthun_3205372946210287_Mis_IV_ME_DS,61654,86.35%,
3T,VW_DH_TV_VF_nzoth_yogg_cthun_3150518697647599_Mis_AM_ME,61651,86.35%,
3T,VW_DH_VW_VF_yshaarj_nzoth_yogg_4049516555984367_Mis_AM_DR,61650,86.35%,
3T,AR_SP_VF_nzoth_yogg_cthun_3132996229389807_IN_IV_ME,61650,86.34%,
3T,VW_DH_TV_VF_nzoth_yogg_cthun_3205372946210287_Mis_IV_DR_DS,61645,86.33%,
3T,VW_DH_VW_VF_nzoth_yogg_cthun_3132942617738735_IN_AM_ME_DS,61639,86.31%,
3T,AR_SP_VF_nzoth_yogg_cthun_3132859797593583_IN_IV_DR,61638,86.31%,
3T,VW_DH_VW_VF_yshaarj_nzoth_yogg_4049516555984367_Mis_AM_ME,61636,86.30%,
3T,AR_EC_VF_nzoth_yogg_cthun_3132859797593583_IN_IV_ME,61627,86.28%,
3T,VW_DH_TV_VF_nzoth_yogg_cthun_3132813768719855_IN_AM_ME_DS,61627,86.27%,
3T,VW_DH_TV_VF_nzoth_yogg_cthun_3132791287242223_Mis_IV_ME,61626,86.27%,
3T,VW_DH_TV_VF_nzoth_yogg_cthun_3132813769235951_IN_AM_DR_DS,61626,86.27%,
3T,VW_DH_VW_VF_nzoth_yogg_cthun_3132791220141551_Mis_IV_ME,61622,86.26%,
3T,VW_DH_VW_VF_nzoth_yogg_cthun_3132927652453871_Mis_IV_ME,61619,86.25%,
3T,AR_SW_VF_nzoth_yogg_cthun_3132996229389807_IN_IV_DR,61611,86.23%,
3T,VW_DH_VW_VF_yshaarj_nzoth_yogg_3977567263842285_IN_IV_ME,61608,86.22%,
3T,AR_EC_VF_nzoth_yogg_cthun_3150313470426607_Mis_IV_DR,61590,86.16%,
3T,VW_DH_TV_VF_nzoth_yogg_cthun_3150268515802607_Mis_IV_ME_DS,61590,86.16%,
3T,VW_DH_VW_VF_nzoth_yogg_cthun_3132813835820527_IN_AM_DR_DS,61588,86.16%,
3T,VW_DH_VW_VF_nzoth_yogg_cthun_3135004202556911_IN_AM_ME_DS,61588,86.16%,
3T,AR_EC_VF_yshaarj_nzoth_yogg_4014400827940335_IN_IV_ME,61587,86.15%,
3T,VW_DH_TV_VF_nzoth_yogg_cthun_3132797729693167_Mis_IV_ME,61585,86.15%,
3T,VW_DH_VW_VF_yshaarj_nzoth_cthun_3696313477946863_Mis_AM_DR_DS,61573,86.11%,
3T,VW_DH_VW_VF_nzoth_yogg_cthun_3132942617730559_IN_AM_DR_DS,61573,86.11%,
3T,VW_DH_TV_VF_nzoth_yogg_cthun_3135005275774447_Mis_IV_ME_DS,61568,86.10%,
3T,AR_EC_VF_nzoth_yogg_cthun_3150313470942703_IN_AM_DR,61566,86.09%,
3T,VW_DH_TV_VF_nzoth_yogg_cthun_3150244960591343_Mis_AM_DR,61559,86.07%,
3T,VW_DH_TV_VF_yshaarj_nzoth_yogg_3977498544373231_Mis_IV_DR,61552,86.05%,
3T,AR_EC_VF_yshaarj_nzoth_yogg_4014400761355759_IN_IV_DR,61552,86.05%,
3T,VW_DH_TV_VF_nzoth_yogg_cthun_3133363524525551_IN_AM_ME_DS,61551,86.04%,
3T,VW_DH_VW_VF_nzoth_yogg_cthun_3132942617738735_Mis_IV_DR_DS,61549,86.04%,
3T,VW_DH_VW_VF_nzoth_yogg_cthun_3132807326268911_IN_AM_DR_DS,61548,86.04%,
3T,VW_DH_TV_VF_nzoth_yogg_cthun_3132807393369583_IN_AM_ME_DS,61547,86.03%,
3T,VW_DH_TV_VF_yshaarj_nzoth_cthun_3768322899631599_Mis_IV_ME_DS,61545,86.03%,
3T,VW_DH_TV_VF_nzoth_yogg_cthun_3132797729693167_Mis_IV_DR,61536,86.00%,
3T,VW_DH_TV_VF_yshaarj_nzoth_yogg_3977498611473903_Mis_IV_DR,61534,85.99%,
3T,VW_DH_VW_VF_yshaarj_nzoth_yogg_4049523065544175_Mis_IV_DR_DS,61533,85.99%,
3T,AR_SP_VF_nzoth_yogg_cthun_3132858790960623_IN_IV_ME,61533,85.99%,
3T,VW_DH_VW_VF_yshaarj_nzoth_yogg_4049797876342255_Mis_IV_ME_DS,61531,85.98%,
3T,VW_DH_VW_VF_yshaarj_nzoth_cthun_3696298445561327_Mis_AM_DR,61529,85.98%,
3T,VW_DH_VW_VF_nzoth_yogg_cthun_3150245967224303_Mis_AM_ME,61528,85.98%,
3T,VW_DH_VW_VF_yshaarj_nzoth_yogg_3977498544373231_Mis_AM_DR,61523,85.96%,
3T,VW_DH_TV_VF_nzoth_yogg_cthun_3150260999609839_Mis_AM_DR_DS,61522,85.96%,
3T,AR_EC_VF_yshaarj_nzoth_yogg_4013438755266031_IN_IV_DR,61521,85.95%,
3T,AR_SP_VF_nzoth_yogg_cthun_3132996162289135_IN_IV_DR,61515,85.93%,
3T,AR_SP_VF_nzoth_yogg_cthun_3150313537527279_IN_AM_DR,61514,85.93%,
3T,VW_DH_VW_VF_nzoth_yogg_cthun_3132807393369583_IN_AM_DR_DS,61512,85.93%,
3T,AR_SP_VF_yshaarj_nzoth_yogg_4014400827940335_IN_IV_DR,61511,85.93%,
3T,AR_SP_VF_nzoth_yogg_cthun_3150313537527279_IN_AM_ME,61511,85.92%,
3T,VW_DH_TV_VF_nzoth_yogg_cthun_3150268515802607_Mis_IV_DR_DS,61511,85.92%,
3T,AR_SP_VF_nzoth_yogg_cthun_3132858790960623_IN_IV_DR,61510,85.92%,
3T,AR_EC_VF_nzoth_yogg_cthun_3150313470426607_Mis_IV_ME,61509,85.92%,
3T,VW_DH_TV_VF_nzoth_yogg_cthun_3132942617730559_IN_AM_ME_DS,61507,85.91%,
3T,VW_DH_VW_VF_yshaarj_nzoth_yogg_3977513576758767_Mis_AM_DR_DS,61504,85.90%,
3T,VW_DH_TV_VF_yshaarj_nzoth_yogg_3977513576758767_Mis_IV_DR_DS,61501,85.89%,
3T,VW_DH_VW_VF_nzoth_yogg_cthun_3150268515802607_Mis_IV_ME_DS,61500,85.89%,
3T,VW_DH_TV_VF_nzoth_yogg_cthun_3134997759581679_Mis_IV_ME,61497,85.88%,
3T,VW_DH_VW_VF_nzoth_yogg_cthun_3132806252527087_Mis_IV_DR_DS,61491,85.86%,
3T,VW_DH_TV_VF_yshaarj_nzoth_cthun_3768322899631599_Mis_IV_DR_DS,61487,85.85%,
3T,VW_DH_TV_VF_yshaarj_nzoth_yogg_3977497470631407_Mis_AM_DR,61484,85.84%,
3T,VW_DH_TV_VF_yshaarj_nzoth_yogg_3977513576758767_Mis_IV_ME_DS,61482,85.84%,
3T,VW_DH_TV_VF_nzoth_yogg_cthun_3132791220133375_Mis_IV_ME,61481,85.83%,
3T,VW_DH_TV_VF_nzoth_yogg_cthun_3135004202040815_Mis_IV_DR_DS,61480,85.83%,
3T,AR_SW_VF_nzoth_yogg_cthun_3150313470942703_Mis_IV_DR,61477,85.82%,
3T,VW_DH_TV_VF_nzoth_yogg_cthun_3150259926392303_Mis_IV_ME_DS,61475,85.82%,
3T,VW_DH_TV_VF_nzoth_yogg_cthun_3152458949123567_Mis_AM_DR_DS,61474,85.81%,
3T,AR_SW_VF_nzoth_yogg_cthun_3132859058871791_IN_IV_DR,61473,85.81%,
3T,VW_DH_TV_VF_nzoth_yogg_cthun_3132799810067951_Mis_IV_ME,61473,85.81%,
3T,VW_DH_VW_VF_yshaarj_nzoth_yogg_4049525145918959_Mis_IV_ME_DS,61469,85.80%,
3T,AR_SP_VF_nzoth_yogg_cthun_3132859864178159_IN_IV_ME,61467,85.79%,
3T,VW_DH_VW_VF_nzoth_yogg_cthun_3150534803774959_Mis_IV_ME_DS,61465,85.78%,
3T,AR_EC_VF_yshaarj_nzoth_yogg_3977567121825263_IN_IV_ME,61463,85.78%,
3T,VW_DH_TV_VF_nzoth_yogg_cthun_3132926578712047_Mis_AM_DR,61459,85.77%,
3T,VW_DH_TV_VF_nzoth_yogg_cthun_3132943691472367_Mis_IV_ME_DS,61458,85.76%,
3T,VW_DH_TV_VF_nzoth_yogg_cthun_3150262073351663_Mis_IV_ME_DS,61456,85.76%,
3T,VW_DH_TV_VF_nzoth_yogg_cthun_3150259925868031_Mis_IV_ME_DS,61456,85.76%,
3T,VW_DH_VW_VF_nzoth_yogg_cthun_3150243820264943_Mis_AM_DR,61437,85.70%,
3T,VW_DH_TV_VF_nzoth_yogg_cthun_3132936175279599_Mis_IV_ME,61434,85.69%,
3T,AR_EC_VF_yshaarj_nzoth_yogg_4014400760839663_IN_IV_DR,61431,85.68%,
3T,VW_DH_VW_VF_nzoth_yogg_cthun_3150268515802607_Mis_IV_DR_DS,61430,85.68%,
3T,VW_DH_TV_VF_nzoth_yogg_cthun_3132942684839407_Mis_IV_DR_DS,61424,85.66%,
3T,AR_EC_VF_nzoth_yogg_cthun_3150313537527279_Mis_AM_DR,61420,85.65%,
3T,AR_SP_VF_yshaarj_nzoth_yogg_3977567121825263_IN_IV_ME,61419,85.65%,
3T,VW_DH_VW_VF_nzoth_yogg_cthun_3150534803774959_Mis_IV_DR_DS,61419,85.65%,
3T,VW_DH_VW_VF_nzoth_yogg_cthun_3132797662592495_Mis_IV_ME,61418,85.64%,
3T,VW_DH_TV_VF_nzoth_yogg_cthun_3132813769235951_IN_AM_ME_DS,61413,85.63%,
3T,VW_DH_TV_VF_yshaarj_nzoth_yogg_3977498544365055_Mis_IV_ME,61410,85.62%,
3T,AR_SW_VF_nzoth_yogg_cthun_3150313470426607_IN_IV_ME,61407,85.61%,
3T,VW_DH_VW_VF_nzoth_yogg_cthun_3132942618254831_IN_AM_ME_DS,61404,85.60%,
3T,VW_DH_VW_VF_yshaarj_nzoth_yogg_3977773422271983_Mis_AM_ME,61398,85.58%,
3T,VW_DH_VW_VF_nzoth_yogg_cthun_3132815916195311_IN_AM_DR_DS,61396,85.58%,
3T,VW_DH_TV_VF_nzoth_yogg_cthun_3132927585345023_Mis_IV_DR,61392,85.56%,
3T,AR_EC_VF_nzoth_yogg_cthun_3150313470418431_Mis_IV_DR,61391,85.56%,
3T,VW_DH_VW_VF_nzoth_yogg_cthun_3133347418398191_Mis_IV_ME,61389,85.56%,
3T,AR_EC_VF_nzoth_yogg_cthun_3132858790960623_IN_IV_DR,61385,85.54%,
3T,AR_SP_VF_nzoth_yogg_cthun_3132996162289135_IN_IV_ME,61384,85.54%,
3T,AR_SW_VF_nzoth_yogg_cthun_3132996229389807_IN_IV_ME,61383,85.54%,
3T,VW_DH_TV_VF_nzoth_yogg_cthun_3132942617738735_Mis_IV_ME_DS,61381,85.53%,
3T,VW_DH_TV_VF_nzoth_yogg_cthun_3132807326785007_IN_AM_DR_DS,61379,85.52%,
3T,VW_DH_TV_VF_nzoth_yogg_cthun_3132807326785007_IN_AM_ME_DS,61377,85.52%,
3T,VW_DH_VW_VF_nzoth_yogg_cthun_3135005275774447_Mis_IV_ME_DS,61376,85.52%,
3T,AR_EC_VF_yshaarj_nzoth_yogg_4013438755266031_Mis_IV_ME,61376,85.52%,
3T,VW_DH_TV_VF_yshaarj_nzoth_yogg_3977773422271983_Mis_IV_ME,61374,85.51%,
3T,VW_DH_VW_VF_nzoth_yogg_cthun_3132791287242223_Mis_IV_ME,61369,85.49%,
3T,AR_SP_VF_nzoth_yogg_cthun_3150313470418431_IN_IV_ME,61363,85.48%,
3T,VW_DH_TV_VF_yshaarj_nzoth_cthun_3696313477946863_Mis_IV_ME_DS,61363,85.48%,
3T,VW_DH_VW_VF_nzoth_yogg_cthun_3132798736326143_IN_AM_DR,61361,85.47%,
3T,VW_DH_VW_VF_nzoth_yogg_cthun_3132797729693167_Mis_IV_ME,61361,85.47%,
3T,VW_DH_TV_VF_yshaarj_nzoth_cthun_3696297371819503_Mis_AM_ME,61359,85.47%,
3T,VW_DH_VW_VF_nzoth_yogg_cthun_3150243819740671_Mis_AM_ME,61358,85.46%,
3T,VW_DH_VW_VF_nzoth_yogg_cthun_3135005275774447_Mis_IV_DR_DS,61351,85.44%,
3T,VW_DH_VW_VF_nzoth_yogg_cthun_3150243819740671_Mis_AM_DR,61350,85.44%,
3T,VW_DH_VW_VF_nzoth_yogg_cthun_3132813768719855_IN_AM_ME_DS,61348,85.43%,
3T,VW_DH_VW_VF_nzoth_yogg_cthun_3132926511611375_Mis_AM_DR,61348,85.43%,
3T,VW_DH_VW_VF_nzoth_yogg_cthun_3134997759581679_Mis_IV_ME,61345,85.42%,
3T,VW_DH_VW_VF_yshaarj_nzoth_yogg_3977513643859439_Mis_AM_DR_DS,61343,85.41%,
3T,AR_SP_VF_nzoth_yogg_cthun_3132859058871791_IN_IV_ME,61337,85.40%,
3T,VW_DH_VW_VF_nzoth_yogg_cthun_3150262073351663_Mis_IV_DR_DS,61333,85.39%,
3T,VW_DH_VW_VF_nzoth_yogg_cthun_3132813769235951_IN_AM_DR_DS,61331,85.38%,
3T,VW_DH_VW_VF_nzoth_yogg_cthun_3133347418398191_Mis_IV_DR,61331,85.38%,
3T,AR_SW_VF_nzoth_yogg_cthun_3132996162805231_IN_IV_DR,61329,85.37%,
3T,VW_DH_TV_VF_nzoth_yogg_cthun_3150243820264943_Mis_AM_ME,61328,85.37%,
3T,VW_DH_TV_VF_nzoth_yogg_cthun_3150259992976879_Mis_AM_DR_DS,61320,85.35%,
3T,VW_DH_VW_VF_nzoth_yogg_cthun_3132943691472367_Mis_IV_DR_DS,61319,85.34%,
3T,VW_DH_VW_VF_nzoth_yogg_cthun_3150262073351663_Mis_IV_ME_DS,61319,85.34%,
3T,VW_DH_TV_VF_nzoth_yogg_cthun_3132926578712047_Mis_AM_ME,61318,85.34%,
3T,VW_DH_VW_VF_nzoth_yogg_cthun_3134997759581679_Mis_IV_DR,61318,85.34%,
3T,AR_EC_VF_yshaarj_nzoth_yogg_3977567121309167_IN_IV_DR,61314,85.33%,
3T,VW_DH_VW_VF_nzoth_yogg_cthun_3132936175279599_Mis_IV_ME,61311,85.32%,
3T,VW_DH_VW_VF_nzoth_yogg_cthun_3150252409675247_Mis_AM_ME,61307,85.31%,
3T,VW_DH_TV_VF_yshaarj_nzoth_yogg_4049522998443503_Mis_IV_ME_DS,61305,85.30%,
3T,AR_SP_VF_yshaarj_nzoth_yogg_3977567121825263_IN_IV_DR,61302,85.29%,
3T,AR_EC_VF_nzoth_yogg_cthun_3150313470418431_Mis_IV_ME,61300,85.28%,
3T,VW_DH_TV_VF_nzoth_yogg_cthun_3132791287242223_Mis_IV_DR,61298,85.28%,
3T,AR_EC_VF_nzoth_yogg_cthun_3132996229389807_Mis_IV_DR,61293,85.26%,
3T,VW_DH_VW_VF_nzoth_yogg_cthun_3150244893490671_Mis_AM_DR,61290,85.26%,
3T,AR_EC_VF_nzoth_yogg_cthun_3132867380370927_IN_IV_DR,61287,85.25%,
3T,VW_DH_VW_VF_nzoth_yogg_cthun_3132791287242223_Mis_IV_DR,61286,85.25%,
3T,VW_DH_VW_VF_yshaarj_nzoth_yogg_4049660437388783_Mis_AM_DR_DS,61282,85.23%,
3T,VW_DH_TV_VF_nzoth_yogg_cthun_3133347418398191_Mis_IV_ME,61281,85.23%,
3T,VW_DH_VW_VF_nzoth_yogg_cthun_3132815916195311_IN_AM_ME_DS,61276,85.21%,
3T,VW_DH_TV_VF_nzoth_yogg_cthun_3132807326260735_IN_AM_DR_DS,61276,85.21%,
3T,VW_DH_TV_VF_yshaarj_nzoth_yogg_4049523065544175_Mis_IV_ME_DS,61273,85.21%,
3T,AR_SP_VF_nzoth_yogg_cthun_3150313470426607_Mis_IV_DR,61272,85.20%,
3T,VW_DH_TV_VF_nzoth_yogg_cthun_3132791220133375_Mis_IV_DR,61272,85.20%,
3T,VW_DH_TV_VF_yshaarj_nzoth_yogg_4049523065544175_Mis_IV_DR_DS,61271,85.20%,
3T,VW_DH_TV_VF_yshaarj_nzoth_cthun_3696313477946863_Mis_IV_DR_DS,61271,85.20%,
3T,VW_DH_TV_VF_yshaarj_nzoth_yogg_3977513643859439_Mis_IV_DR_DS,61271,85.20%,
3T,VW_DH_VW_VF_yshaarj_nzoth_yogg_4049531588369903_Mis_AM_ME_DS,61267,85.19%,
3T,VW_DH_TV_VF_nzoth_yogg_cthun_3132813768711679_IN_AM_DR_DS,61264,85.18%,
3T,AR_EC_VF_yshaarj_nzoth_yogg_3977567121300991_IN_IV_DR,61260,85.17%,
3T,VW_DH_VW_VF_yshaarj_nzoth_yogg_3977498611473903_Mis_AM_DR,61260,85.17%,
3T,AR_SW_VF_nzoth_yogg_cthun_3150313470942703_Mis_IV_ME,61255,85.15%,
3T,AR_EC_VF_nzoth_yogg_cthun_3132996229389807_IN_AM_ME,61255,85.15%,
3T,AR_EC_VF_nzoth_yogg_cthun_3132858790444527_IN_IV_DR,61254,85.15%,
3T,VW_DH_VW_VF_nzoth_yogg_cthun_3135004202032639_IN_AM_ME_DS,61242,85.11%,
3T,AR_SW_VF_nzoth_yogg_cthun_3150313470426607_Mis_IV_DR,61241,85.11%,
3T,VW_DH_VW_VF_nzoth_yogg_cthun_3150518697647599_Mis_AM_ME,61238,85.10%,
3T,AR_SP_VF_yshaarj_nzoth_yogg_3977567188409839_IN_IV_ME,61236,85.09%,
3T,VW_DH_VW_VF_nzoth_yogg_cthun_3205372946210287_Mis_IV_DR_DS,61234,85.09%,
3T,VW_DH_VW_VF_nzoth_yogg_cthun_3132927652453871_Mis_IV_DR,61233,85.08%,
3T,AR_SP_VF_nzoth_yogg_cthun_3150313470942703_Mis_IV_ME,61230,85.07%,
3T,VW_DH_TV_VF_nzoth_yogg_cthun_3133347418398191_Mis_IV_DR,61223,85.05%,
3T,VW_DH_VW_VF_nzoth_yogg_cthun_3150259925868031_Mis_IV_DR_DS,61222,85.05%,
3T,VW_DH_VW_VF_nzoth_yogg_cthun_3135004202040815_Mis_IV_DR_DS,61218,85.04%,
3T,AR_EC_VF_yshaarj_nzoth_yogg_4013301584748015_Mis_IV_DR,61213,85.02%,
3T,AR_EC_VF_yshaarj_nzoth_yogg_3977567121300991_IN_IV_ME,61212,85.02%,
3T,VW_DH_TV_VF_nzoth_yogg_cthun_3132807326268911_IN_AM_ME_DS,61208,85.01%,
3T,VW_DH_TV_VF_nzoth_yogg_cthun_3132927585345023_Mis_IV_ME,61206,85.00%,
3T,VW_DH_VW_VF_nzoth_yogg_cthun_3132797729693167_Mis_IV_DR,61202,84.99%,
3T,VW_DH_TV_VF_nzoth_yogg_cthun_3134997759581679_Mis_IV_DR,61199,84.98%,
3T,AR_EC_VF_yshaarj_nzoth_yogg_3977567121309167_IN_IV_ME,61194,84.97%,
3T,AR_SW_VF_nzoth_yogg_cthun_3132859864178159_IN_IV_DR,61190,84.95%,
3T,VW_DH_TV_VF_nzoth_yogg_cthun_3132798736334319_Mis_IV_DR,61183,84.93%,
3T,AR_EC_VF_nzoth_yogg_cthun_3132858723859951_IN_IV_DR,61182,84.93%,
3T,VW_DH_VW_VF_nzoth_yogg_cthun_3152458949123567_Mis_AM_DR_DS,61180,84.92%,
3T,VW_DH_VW_VF_nzoth_yogg_cthun_3132798736326143_IN_AM_ME,61179,84.92%,
3T,VW_DH_VW_VF_nzoth_yogg_cthun_3132943691472367_Mis_IV_ME_DS,61175,84.91%,
3T,VW_DH_TV_VF_yshaarj_nzoth_cthun_3696297371819503_Mis_AM_DR,61173,84.90%,
3T,VW_DH_VW_VF_nzoth_yogg_cthun_3132807393369583_IN_AM_ME_DS,61172,84.90%,
3T,VW_DH_VW_VF_yshaarj_nzoth_yogg_3977498544365055_Mis_AM_ME,61170,84.89%,
3T,VW_DH_VW_VF_yshaarj_nzoth_yogg_3977513643859439_Mis_AM_ME_DS,61168,84.89%,
3T,VW_DH_TV_VF_nzoth_yogg_cthun_3132791220657647_Mis_IV_DR,61166,84.88%,
3T,AR_EC_VF_nzoth_yogg_cthun_3132859797077487_IN_IV_ME,61166,84.88%,
3T,VW_DH_VW_VF_yshaarj_nzoth_yogg_4049797876342255_Mis_IV_DR_DS,61164,84.88%,
3T,VW_DH_VW_VF_yshaarj_nzoth_yogg_4049522998435327_Mis_IV_ME_DS,61164,84.88%,
3T,VW_DH_VW_VF_nzoth_yogg_cthun_3150518697647599_Mis_AM_DR,61163,84.87%,
3T,VW_DH_VW_VF_nzoth_yogg_cthun_3132927585345023_Mis_IV_ME,61163,84.87%,
3T,VW_DH_VW_VF_nzoth_yogg_cthun_3150243820264943_Mis_AM_ME,61163,84.87%,
3T,AR_EC_VF_nzoth_yogg_cthun_3132858723859951_IN_IV_ME,61162,84.87%,
3T,VW_DH_VW_VF_nzoth_yogg_cthun_3150260999609839_Mis_AM_DR_DS,61160,84.86%,
3T,VW_DH_VW_VF_yshaarj_nzoth_yogg_4049522998959599_Mis_IV_ME_DS,61156,84.85%,
3T,VW_DH_TV_VF_nzoth_yogg_cthun_3132791220657647_Mis_IV_ME,61147,84.82%,
3T,AR_SW_VF_yshaarj_nzoth_yogg_4014400827940335_IN_IV_DR,61140,84.80%,
3T,VW_DH_TV_VF_yshaarj_nzoth_yogg_3977497537732079_Mis_AM_DR,61136,84.79%,
3T,VW_DH_VW_VF_nzoth_yogg_cthun_3132942617730559_IN_AM_ME_DS,61135,84.79%,
3T,AR_SW_VF_nzoth_yogg_cthun_3132996162805231_IN_IV_ME,61134,84.79%,
3T,VW_DH_VW_VF_yshaarj_nzoth_yogg_4049525145918959_Mis_IV_DR_DS,61134,84.79%,
3T,VW_DH_VW_VF_yshaarj_nzoth_yogg_4049531588369903_Mis_AM_DR_DS,61133,84.78%,
3T,VW_DH_VW_VF_nzoth_yogg_cthun_3132807326785007_IN_AM_ME_DS,61131,84.77%,
3T,AR_EC_VF_nzoth_yogg_cthun_3150313470942703_IN_AM_ME,61129,84.77%,
3T,AR_SP_VF_nzoth_yogg_cthun_3132859797593583_IN_IV_ME,61126,84.76%,
3T,VW_DH_TV_VF_nzoth_yogg_cthun_3132927585869295_Mis_IV_ME,61125,84.76%,
3T,VW_DH_TV_VF_yshaarj_nzoth_yogg_3977498544889327_Mis_IV_ME,61124,84.75%,
3T,VW_DH_TV_VF_nzoth_yogg_cthun_3150244960591343_Mis_AM_ME,61121,84.75%,
3T,VW_DH_VW_VF_nzoth_yogg_cthun_3150259925868031_Mis_IV_ME_DS,61121,84.74%,
3T,AR_EC_VF_nzoth_yogg_cthun_3132996162280959_IN_IV_DR,61118,84.74%,
3T,VW_DH_VW_VF_yshaarj_nzoth_yogg_3977498544373231_Mis_AM_ME,61115,84.73%,
3T,AR_SP_VF_nzoth_yogg_cthun_3132867380370927_IN_IV_DR,61114,84.73%,
3T,VW_DH_VW_VF_yshaarj_nzoth_yogg_4049522998959599_Mis_IV_DR_DS,61113,84.72%,
3T,AR_SP_VF_yshaarj_nzoth_yogg_4014400760839663_IN_IV_DR,61110,84.71%,
3T,VW_DH_VW_VF_nzoth_yogg_cthun_3205372946210287_Mis_IV_ME_DS,61108,84.71%,
3T,AR_EC_VF_nzoth_yogg_cthun_3150313537527279_Mis_AM_ME,61108,84.70%,
3T,VW_DH_VW_VF_yshaarj_nzoth_yogg_4049522998435327_Mis_IV_DR_DS,61104,84.69%,
3T,AR_EC_VF_yshaarj_nzoth_yogg_4014400827940335_Mis_IV_DR,61101,84.69%,
3T,VW_DH_TV_VF_nzoth_yogg_cthun_3150253483417071_Mis_AM_DR,61099,84.68%,
3T,AR_EC_VF_nzoth_yogg_cthun_3132858790444527_IN_IV_ME,61094,84.66%,
3T,AR_SW_VF_nzoth_yogg_cthun_3132859797593583_IN_IV_DR,61092,84.66%,
3T,AR_SP_VF_nzoth_yogg_cthun_3132996229389807_Mis_IV_DR,61092,84.66%,
3T,VW_DH_VW_VF_yshaarj_nzoth_yogg_3977513576750591_Mis_AM_ME_DS,61088,84.64%,
3T,AR_EC_VF_yshaarj_nzoth_yogg_4013438688681455_Mis_IV_DR,61078,84.62%,
3T,VW_DH_TV_VF_nzoth_yogg_cthun_3132926511611375_Mis_AM_ME,61076,84.61%,
3T,AR_EC_VF_nzoth_yogg_cthun_3132859797069311_IN_IV_DR,61075,84.61%,
3T,VW_DH_TV_VF_nzoth_yogg_cthun_3132927585869295_Mis_IV_DR,61072,84.60%,
3T,VW_DH_TV_VF_yshaarj_nzoth_yogg_3977513576750591_Mis_IV_ME_DS,61066,84.58%,
3T,VW_DH_TV_VF_nzoth_yogg_cthun_3150259925876207_Mis_AM_DR_DS,61063,84.57%,
3T,VW_DH_TV_VF_yshaarj_nzoth_yogg_3977513643859439_Mis_IV_ME_DS,61059,84.56%,
3T,VW_DH_VW_VF_nzoth_yogg_cthun_3132807326268911_IN_AM_ME_DS,61059,84.56%,
3T,VW_DH_TV_VF_nzoth_yogg_cthun_3132797663108591_Mis_IV_ME,61057,84.55%,
3T,VW_DH_VW_VF_yshaarj_nzoth_yogg_3977515724234223_Mis_AM_ME_DS,61055,84.55%,
3T,AR_SW_VF_nzoth_yogg_cthun_3150313470418431_IN_IV_ME,61052,84.54%,
3T,VW_DH_TV_VF_nzoth_yogg_cthun_3132942684839407_Mis_IV_ME_DS,61049,84.53%,
3T,AR_SP_VF_yshaarj_nzoth_yogg_4013301584748015_Mis_IV_DR,61049,84.53%,
3T,AR_SW_VF_nzoth_yogg_cthun_3132858790960623_IN_IV_DR,61048,84.53%,
3T,AR_SP_VF_yshaarj_nzoth_yogg_3977567121309167_IN_IV_DR,61044,84.51%,
3T,VW_DH_VW_VF_nzoth_yogg_cthun_3132813835820527_IN_AM_ME_DS,61044,84.51%,
3T,AR_EC_VF_nzoth_yogg_cthun_3132867380370927_IN_IV_ME,61043,84.51%,
3T,VW_DH_TV_VF_nzoth_yogg_cthun_3132813768711679_IN_AM_ME_DS,61038,84.49%,
3T,VW_DH_TV_VF_nzoth_yogg_cthun_3135006349516271_Mis_IV_ME_DS,61032,84.48%,
3T,VW_DH_TV_VF_nzoth_yogg_cthun_3132806252527087_Mis_IV_ME_DS,61032,84.48%,
3T,AR_SP_VF_yshaarj_nzoth_yogg_4013438755266031_IN_IV_DR,61031,84.47%,
3T,AR_SW_VF_nzoth_yogg_cthun_3132859797593583_IN_IV_ME,61027,84.46%,
3T,VW_DH_VW_VF_yshaarj_nzoth_yogg_4049524072177135_Mis_AM_DR_DS,61026,84.46%,
3T,AR_EC_VF_yshaarj_nzoth_yogg_4014400760839663_IN_IV_ME,61021,84.44%,
3T,AR_SW_VF_nzoth_yogg_cthun_3150313470418431_IN_IV_DR,61017,84.43%,
3T,AR_SP_VF_nzoth_yogg_cthun_3132859797077487_IN_IV_DR,61016,84.43%,
3T,AR_SW_VF_nzoth_yogg_cthun_3132859058871791_IN_IV_ME,61016,84.43%,
3T,VW_DH_VW_VF_nzoth_yogg_cthun_3150244960591343_Mis_AM_DR,61015,84.42%,
3T,AR_EC_VF_nzoth_yogg_cthun_3150313470426607_IN_AM_DR,61014,84.42%,
3T,VW_DH_TV_VF_yshaarj_nzoth_yogg_4049516555984367_Mis_AM_ME,61013,84.42%,
3T,VW_DH_VW_VF_nzoth_yogg_cthun_3132799810067951_Mis_IV_DR,61012,84.42%,
3T,VW_DH_TV_VF_nzoth_yogg_cthun_3132797662584319_Mis_IV_ME,61012,84.42%,
3T,VW_DH_VW_VF_yshaarj_nzoth_yogg_3977498544365055_Mis_AM_DR,61008,84.40%,
3T,AR_EC_VF_nzoth_yogg_cthun_3132996229389807_IN_AM_DR,61008,84.40%,
3T,AR_SW_VF_nzoth_yogg_cthun_3132859864178159_IN_IV_ME,61000,84.38%,
3T,VW_DH_TV_VF_nzoth_yogg_cthun_3132797662584319_Mis_IV_DR,60997,84.37%,
3T,VW_DH_VW_VF_nzoth_yogg_cthun_3132791220133375_Mis_IV_ME,60990,84.35%,
3T,AR_SW_VF_nzoth_yogg_cthun_3132858790960623_IN_IV_ME,60989,84.34%,
3T,AR_SW_VF_yshaarj_nzoth_yogg_4013438755266031_Mis_IV_DR,60988,84.34%,
3T,AR_EC_VF_yshaarj_nzoth_yogg_4013301584748015_IN_IV_DR,60986,84.34%,
3T,AR_EC_VF_nzoth_yogg_cthun_3150313470418431_IN_AM_DR,60984,84.33%,
3T,VW_DH_VW_VF_nzoth_yogg_cthun_3150244960591343_Mis_AM_ME,60979,84.32%,
3T,VW_DH_VW_VF_nzoth_yogg_cthun_3152458949123567_Mis_AM_ME_DS,60978,84.31%,
3T,VW_DH_VW_VF_yshaarj_nzoth_yogg_3977498544889327_Mis_AM_ME,60978,84.31%,
3T,VW_DH_TV_VF_nzoth_yogg_cthun_3135004202040815_Mis_IV_ME_DS,60974,84.30%,
3T,AR_SW_VF_nzoth_yogg_cthun_3150313537527279_IN_AM_DR,60974,84.30%,
3T,AR_SP_VF_nzoth_yogg_cthun_3132859797077487_IN_IV_ME,60968,84.28%,
3T,VW_DH_VW_VF_nzoth_yogg_cthun_3132798736334319_Mis_IV_DR,60965,84.27%,
3T,AR_SW_VF_yshaarj_nzoth_yogg_3977567188409839_IN_IV_DR,60962,84.26%,
3T,VW_DH_VW_VF_nzoth_yogg_cthun_3132813769235951_IN_AM_ME_DS,60961,84.26%,
3T,AR_SP_VF_yshaarj_nzoth_yogg_4014400761355759_IN_IV_DR,60957,84.25%,
3T,VW_DH_VW_VF_yshaarj_nzoth_yogg_3977773422271983_Mis_AM_DR,60955,84.24%,
3T,VW_DH_VW_VF_nzoth_yogg_cthun_3132799810067951_Mis_IV_ME,60953,84.24%,
3T,VW_DH_TV_VF_yshaarj_nzoth_yogg_3977515724234223_Mis_IV_ME_DS,60952,84.24%,
3T,VW_DH_TV_VF_nzoth_yogg_cthun_3132806319627759_Mis_IV_DR_DS,60952,84.23%,
3T,VW_DH_TV_VF_yshaarj_nzoth_yogg_3977498544365055_Mis_IV_DR,60950,84.23%,
3T,AR_SP_VF_yshaarj_nzoth_yogg_3977567121300991_IN_IV_DR,60946,84.22%,
3T,VW_DH_TV_VF_nzoth_yogg_cthun_3152458949123567_Mis_AM_ME_DS,60944,84.21%,
3T,VW_DH_TV_VF_nzoth_yogg_cthun_3135004269141487_Mis_IV_DR_DS,60942,84.20%,
3T,VW_DH_TV_VF_nzoth_yogg_cthun_3135012791967215_Mis_IV_ME_DS,60941,84.20%,
3T,VW_DH_TV_VF_nzoth_yogg_cthun_3150253483417071_Mis_AM_ME,60938,84.19%,
3T,VW_DH_TV_VF_nzoth_yogg_cthun_3132797663108591_Mis_IV_DR,60935,84.18%,
3T,AR_EC_VF_yshaarj_nzoth_yogg_4013438688165359_Mis_IV_DR,60931,84.17%,
3T,VW_DH_TV_VF_yshaarj_nzoth_yogg_3977497470623231_Mis_AM_ME,60931,84.17%,
3T,VW_DH_VW_VF_nzoth_yogg_cthun_3132806252527087_Mis_IV_ME_DS,60930,84.17%,
3T,VW_DH_VW_VF_nzoth_yogg_cthun_3132936175279599_Mis_IV_DR,60929,84.16%,
3T,VW_DH_TV_VF_yshaarj_nzoth_yogg_3977497470623231_Mis_AM_DR,60926,84.16%,
3T,VW_DH_VW_VF_nzoth_yogg_cthun_3132942684839407_Mis_IV_ME_DS,60925,84.15%,
3T,VW_DH_VW_VF_nzoth_yogg_cthun_3132791220133375_Mis_IV_DR,60923,84.15%,
3T,AR_EC_VF_nzoth_yogg_cthun_3132996162280959_IN_IV_ME,60921,84.14%,
3T,VW_DH_VW_VF_nzoth_yogg_cthun_3150259926392303_Mis_IV_DR_DS,60914,84.12%,
3T,AR_SP_VF_yshaarj_nzoth_yogg_4014400827940335_IN_IV_ME,60913,84.12%,
3T,VW_DH_TV_VF_yshaarj_nzoth_yogg_3977497537732079_Mis_AM_ME,60900,84.08%,
3T,VW_DH_VW_VF_yshaarj_nzoth_yogg_4049660437388783_Mis_AM_ME_DS,60896,84.07%,
3T,AR_SP_VF_yshaarj_nzoth_yogg_3977567121309167_IN_IV_ME,60895,84.06%,
3T,VW_DH_TV_VF_nzoth_yogg_cthun_3150260999609839_Mis_AM_ME_DS,60894,84.06%,
3T,AR_EC_VF_yshaarj_nzoth_yogg_4014400761355759_IN_IV_ME,60893,84.05%,
3T,AR_SW_VF_nzoth_yogg_cthun_3132859797077487_IN_IV_DR,60890,84.05%,
3T,VW_DH_TV_VF_yshaarj_nzoth_yogg_3977497470631407_Mis_AM_ME,60888,84.04%,
3T,AR_SP_VF_nzoth_yogg_cthun_3132996229389807_Mis_IV_ME,60887,84.04%,
3T,VW_DH_VW_VF_nzoth_yogg_cthun_3132926578712047_Mis_AM_ME,60886,84.03%,
3T,VW_DH_TV_VF_nzoth_yogg_cthun_3135004269141487_Mis_IV_ME_DS,60886,84.03%,
3T,AR_SW_VF_yshaarj_nzoth_yogg_3977567121825263_IN_IV_DR,60885,84.03%,
3T,AR_SP_VF_nzoth_yogg_cthun_3150313470426607_Mis_IV_ME,60884,84.03%,
3T,VW_DH_TV_VF_nzoth_yogg_cthun_3132928659086831_Mis_AM_ME,60884,84.03%,
3T,AR_EC_VF_nzoth_yogg_cthun_3132859058871791_IN_AM_DR,60883,84.03%,
3T,VW_DH_VW_VF_nzoth_yogg_cthun_3132797663108591_Mis_IV_ME,60883,84.03%,
3T,VW_DH_VW_VF_nzoth_yogg_cthun_3132813768711679_IN_AM_DR_DS,60880,84.02%,
3T,AR_SP_VF_nzoth_yogg_cthun_3150313470418431_Mis_IV_DR,60876,84.01%,
3T,VW_DH_VW_VF_nzoth_yogg_cthun_3132798736334319_Mis_IV_ME,60875,84.00%,
3T,VW_DH_TV_VF_nzoth_yogg_cthun_3132799810067951_Mis_IV_DR,60874,84.00%,
3T,VW_DH_VW_VF_nzoth_yogg_cthun_3132942617738735_Mis_IV_ME_DS,60873,83.99%,
3T,VW_DH_TV_VF_yshaarj_nzoth_yogg_4049797876342255_Mis_IV_DR_DS,60870,83.99%,
3T,VW_DH_VW_VF_nzoth_yogg_cthun_3132942684839407_Mis_IV_DR_DS,60869,83.98%,
3T,VW_DH_VW_VF_nzoth_yogg_cthun_3150259926392303_Mis_IV_ME_DS,60868,83.98%,
3T,VW_DH_TV_VF_nzoth_yogg_cthun_3150244893482495_Mis_AM_DR,60867,83.98%,
3T,VW_DH_VW_VF_yshaarj_nzoth_yogg_4049524072177135_Mis_AM_ME_DS,60866,83.97%,
3T,AR_SW_VF_nzoth_yogg_cthun_3132996162289135_IN_IV_ME,60866,83.97%,
3T,VW_DH_TV_VF_yshaarj_nzoth_yogg_4049797876342255_Mis_IV_ME_DS,60865,83.97%,
3T,VW_DH_TV_VF_yshaarj_nzoth_yogg_3977773422271983_Mis_IV_DR,60864,83.97%,
3T,AR_SP_VF_nzoth_yogg_cthun_3132859797069311_IN_IV_DR,60863,83.97%,
3T,AR_SP_VF_nzoth_yogg_cthun_3150313470942703_IN_AM_ME,60863,83.97%,
3T,VW_DH_TV_VF_nzoth_yogg_cthun_3150259992976879_Mis_AM_ME_DS,60862,83.96%,
3T,VW_DH_TV_VF_nzoth_yogg_cthun_3132926511603199_Mis_AM_DR,60858,83.95%,
3T,AR_SW_VF_nzoth_yogg_cthun_3132996229389807_Mis_IV_DR,60858,83.95%,
3T,AR_EC_VF_nzoth_yogg_cthun_3132996229389807_Mis_IV_ME,60854,83.94%,
3T,AR_SW_VF_yshaarj_nzoth_yogg_3977567188409839_IN_IV_ME,60853,83.94%,
3T,VW_DH_VW_VF_nzoth_yogg_cthun_3132927585869295_Mis_IV_ME,60850,83.92%,
3T,VW_DH_VW_VF_nzoth_yogg_cthun_3132797662584319_Mis_IV_DR,60847,83.92%,
3T,VW_DH_TV_VF_nzoth_yogg_cthun_3132944765214191_Mis_IV_ME_DS,60847,83.92%,
3T,VW_DH_TV_VF_nzoth_yogg_cthun_3150244893490671_Mis_AM_ME,60844,83.91%,
3T,AR_SP_VF_yshaarj_nzoth_yogg_4014400760839663_IN_IV_ME,60844,83.91%,
3T,VW_DH_TV_VF_nzoth_yogg_cthun_3132951207665135_Mis_IV_ME_DS,60842,83.90%,
3T,AR_SP_VF_nzoth_yogg_cthun_3132858790444527_IN_IV_DR,60841,83.90%,
3T,VW_DH_TV_VF_nzoth_yogg_cthun_3132935101537775_Mis_AM_DR,60840,83.89%,
3T,VW_DH_VW_VF_nzoth_yogg_cthun_3132926578712047_Mis_AM_DR,60837,83.89%,
3T,AR_SP_VF_nzoth_yogg_cthun_3132858790444527_IN_IV_ME,60833,83.87%,
3T,AR_EC_VF_nzoth_yogg_cthun_3132859797069311_IN_IV_ME,60833,83.87%,
3T,VW_DH_TV_VF_nzoth_yogg_cthun_3134996685839855_Mis_AM_DR,60829,83.86%,
3T,VW_DH_VW_VF_nzoth_yogg_cthun_3132927585869295_Mis_IV_DR,60817,83.83%,
3T,AR_SP_VF_nzoth_yogg_cthun_3132858723859951_IN_IV_ME,60814,83.82%,
3T,VW_DH_TV_VF_nzoth_yogg_cthun_3134996685839855_Mis_AM_ME,60808,83.80%,
3T,VW_DH_VW_VF_nzoth_yogg_cthun_3132797662584319_Mis_IV_ME,60804,83.79%,
3T,AR_SP_VF_nzoth_yogg_cthun_3150313470426607_IN_AM_DR,60801,83.78%,
3T,AR_SW_VF_yshaarj_nzoth_yogg_3977567121825263_IN_IV_ME,60797,83.76%,
3T,VW_DH_VW_VF_nzoth_yogg_cthun_3135004202040815_Mis_IV_ME_DS,60796,83.76%,
3T,AR_SP_VF_nzoth_yogg_cthun_3150313470942703_IN_AM_DR,60791,83.75%,
3T,VW_DH_TV_VF_yshaarj_nzoth_yogg_4049525145918959_Mis_IV_DR_DS,60782,83.72%,
3T,VW_DH_VW_VF_nzoth_yogg_cthun_3150260999609839_Mis_AM_ME_DS,60781,83.72%,
3T,VW_DH_TV_VF_nzoth_yogg_cthun_3150519771389423_Mis_AM_DR,60781,83.72%,
3T,VW_DH_TV_VF_yshaarj_nzoth_yogg_4049525145918959_Mis_IV_ME_DS,60779,83.71%,
3T,AR_EC_VF_nzoth_yogg_cthun_3132867313786351_IN_IV_ME,60778,83.71%,
3T,AR_EC_VF_nzoth_yogg_cthun_3132996162805231_Mis_IV_DR,60777,83.71%,
3T,AR_SW_VF_yshaarj_nzoth_yogg_3977567121309167_IN_IV_ME,60773,83.69%,
3T,VW_DH_TV_VF_nzoth_yogg_cthun_3132807326260735_IN_AM_ME_DS,60773,83.69%,
3T,VW_DH_VW_VF_yshaarj_nzoth_yogg_3977513576758767_Mis_AM_ME_DS,60770,83.68%,
3T,VW_DH_VW_VF_yshaarj_nzoth_yogg_3977788454657519_Mis_AM_ME_DS,60762,83.66%,
3T,VW_DH_VW_VF_nzoth_yogg_cthun_3132791220657647_Mis_IV_ME,60761,83.66%,
3T,VW_DH_TV_VF_nzoth_yogg_cthun_3132798736334319_Mis_IV_ME,60754,83.63%,
3T,AR_EC_VF_yshaarj_nzoth_yogg_4013301316320751_IN_IV_DR,60751,83.63%,
3T,VW_DH_TV_VF_nzoth_yogg_cthun_3150244894006767_Mis_AM_DR,60746,83.61%,
3T,VW_DH_VW_VF_nzoth_yogg_cthun_3132935101537775_Mis_AM_DR,60746,83.61%,
3T,AR_EC_VF_nzoth_yogg_cthun_3132867313786351_IN_IV_DR,60744,83.60%,
3T,VW_DH_VW_VF_yshaarj_nzoth_yogg_3977513576750591_Mis_AM_DR_DS,60736,83.58%,
3T,VW_DH_TV_VF_yshaarj_nzoth_yogg_3977788454657519_Mis_IV_ME_DS,60733,83.57%,
3T,AR_SW_VF_nzoth_yogg_cthun_3132996162289135_IN_IV_DR,60733,83.57%,
3T,AR_SW_VF_nzoth_yogg_cthun_3150313470426607_Mis_IV_ME,60733,83.57%,
3T,AR_SW_VF_nzoth_yogg_cthun_3150313537527279_IN_AM_ME,60733,83.57%,
3T,VW_DH_VW_VF_nzoth_yogg_cthun_3132926511603199_Mis_AM_DR,60729,83.56%,
3T,VW_DH_TV_VF_nzoth_yogg_cthun_3132806319627759_Mis_IV_ME_DS,60727,83.55%,
3T,AR_EC_VF_nzoth_yogg_cthun_3150313470942703_Mis_AM_DR,60720,83.53%,
3T,VW_DH_VW_VF_yshaarj_nzoth_yogg_3977788454657519_Mis_AM_DR_DS,60719,83.53%,
3T,VW_DH_TV_VF_nzoth_yogg_cthun_3132814842453487_Mis_IV_DR_DS,60717,83.52%,
3T,AR_SP_VF_yshaarj_nzoth_yogg_4014400761355759_IN_IV_ME,60702,83.48%,
3T,AR_EC_VF_yshaarj_nzoth_yogg_3977567188409839_IN_AM_ME,60702,83.48%,
3T,AR_EC_VF_nzoth_yogg_cthun_3132859058871791_Mis_IV_DR,60698,83.47%,
3T,VW_DH_VW_VF_nzoth_yogg_cthun_3132807326785007_IN_AM_DR_DS,60695,83.46%,
3T,AR_EC_VF_nzoth_yogg_cthun_3150313470418431_IN_AM_ME,60691,83.44%,
3T,AR_SP_VF_nzoth_yogg_cthun_3132996162280959_IN_IV_DR,60689,83.44%,
3T,VW_DH_VW_VF_nzoth_yogg_cthun_3133348492140015_Mis_IV_ME,60687,83.43%,
3T,AR_SP_VF_yshaarj_nzoth_yogg_4013438755266031_Mis_IV_ME,60686,83.43%,
3T,VW_DH_VW_VF_nzoth_yogg_cthun_3132928659086831_Mis_AM_DR,60686,83.43%,
3T,VW_DH_TV_VF_nzoth_yogg_cthun_3132942617730559_Mis_IV_DR_DS,60676,83.40%,
3T,VW_DH_TV_VF_yshaarj_nzoth_yogg_3977772348530159_Mis_AM_ME,60670,83.38%,
3T,AR_EC_VF_nzoth_yogg_cthun_3132858790436351_IN_IV_DR,60670,83.38%,
3T,VW_DH_TV_VF_nzoth_yogg_cthun_3132806252518911_Mis_IV_DR_DS,60666,83.37%,
3T,VW_DH_TV_VF_nzoth_yogg_cthun_3132798803434991_Mis_IV_ME,60666,83.37%,
3T,AR_EC_VF_yshaarj_nzoth_yogg_4014400760831487_IN_IV_DR,60665,83.37%,
3T,VW_DH_TV_VF_nzoth_yogg_cthun_3132928659086831_Mis_AM_DR,60665,83.37%,
3T,AR_SW_VF_yshaarj_nzoth_yogg_4014400761355759_IN_IV_DR,60664,83.36%,
3T,AR_EC_VF_yshaarj_nzoth_yogg_4013438688681455_IN_IV_DR,60661,83.35%,
3T,VW_DH_VW_VF_yshaarj_nzoth_yogg_3977567263842285_IN_IV_DR,60656,83.34%,
3T,VW_DH_TV_VF_nzoth_yogg_cthun_3132951207665135_Mis_IV_DR_DS,60654,83.33%,
3T,VW_DH_TV_VF_yshaarj_nzoth_yogg_3977499618106863_Mis_AM_ME,60654,83.33%,
3T,AR_SP_VF_nzoth_yogg_cthun_3132867380370927_IN_IV_ME,60651,83.32%,
3T,VW_DH_TV_VF_nzoth_yogg_cthun_3132942618254831_Mis_IV_DR_DS,60642,83.30%,
3T,AR_SP_VF_nzoth_yogg_cthun_3132859797069311_IN_IV_ME,60637,83.28%,
3T,AR_SP_VF_yshaarj_nzoth_yogg_4014400827940335_Mis_IV_DR,60629,83.26%,
3T,VW_DH_TV_VF_nzoth_yogg_cthun_3132935101537775_Mis_AM_ME,60628,83.25%,
3T,AR_EC_VF_yshaarj_nzoth_yogg_4014400827940335_Mis_IV_ME,60623,83.24%,
3T,AR_EC_VF_yshaarj_nzoth_yogg_4013851072126447_IN_IV_DR,60621,83.23%,
3T,AR_SP_VF_yshaarj_nzoth_yogg_3977567121300991_IN_IV_ME,60619,83.23%,
3T,VW_DH_TV_VF_nzoth_yogg_cthun_3132926511603199_Mis_AM_ME,60614,83.21%,
3T,VW_DH_VW_VF_nzoth_yogg_cthun_3150259992976879_Mis_AM_DR_DS,60609,83.20%,
3T,AR_EC_VF_yshaarj_nzoth_yogg_4013302390054383_IN_IV_DR,60607,83.19%,
3T,VW_DH_TV_VF_nzoth_yogg_cthun_3132944765214191_Mis_IV_DR_DS,60605,83.18%,
3T,VW_DH_TV_VF_nzoth_yogg_cthun_3132797662592495_Mis_AM_DR,60604,83.18%,
3T,AR_EC_VF_yshaarj_nzoth_yogg_4013301316836847_IN_IV_DR,60602,83.18%,
3T,AR_SW_VF_nzoth_yogg_cthun_3150313470942703_IN_AM_DR,60602,83.18%,
3T,VW_DH_TV_VF_yshaarj_nzoth_yogg_4049660437388783_Mis_AM_DR_DS,60599,83.17%,
3T,VW_DH_VW_VF_nzoth_yogg_cthun_3132797662592495_Mis_AM_DR,60598,83.16%,
3T,AR_SP_VF_yshaarj_nzoth_yogg_4013438688681455_Mis_IV_DR,60596,83.16%,
3T,AR_EC_VF_nzoth_yogg_cthun_3132867313270255_IN_IV_DR,60591,83.14%,
3T,VW_DH_TV_VF_yshaarj_nzoth_yogg_3977772348530159_Mis_AM_DR,60590,83.14%,
3T,AR_SP_VF_nzoth_yogg_cthun_3150313537527279_Mis_AM_DR,60590,83.14%,
3T,VW_DH_TV_VF_yshaarj_nzoth_yogg_3977513577274863_Mis_IV_DR_DS,60589,83.14%,
3T,AR_SP_VF_nzoth_yogg_cthun_3150313470418431_Mis_IV_ME,60588,83.13%,
3T,VW_DH_TV_VF_yshaarj_nzoth_yogg_3977498544889327_Mis_IV_DR,60587,83.13%,
3T,VW_DH_TV_VF_nzoth_yogg_cthun_3132926512127471_Mis_AM_DR,60584,83.12%,
3T,AR_SP_VF_nzoth_yogg_cthun_3132859058871791_Mis_IV_DR,60578,83.10%,
3T,VW_DH_VW_VF_nzoth_yogg_cthun_3150253483417071_Mis_AM_DR,60571,83.08%,
3T,AR_SP_VF_nzoth_yogg_cthun_3132858790436351_IN_IV_DR,60571,83.08%,
3T,VW_DH_VW_VF_nzoth_yogg_cthun_3132813768711679_IN_AM_ME_DS,60570,83.08%,
3T,AR_SW_VF_nzoth_yogg_cthun_3150313537527279_Mis_AM_DR,60570,83.08%,
3T,AR_SP_VF_nzoth_yogg_cthun_3132996162280959_IN_IV_ME,60565,83.06%,
3T,VW_DH_TV_VF_nzoth_yogg_cthun_3132942618254831_Mis_IV_ME_DS,60564,83.06%,
3T,VW_DH_TV_VF_nzoth_yogg_cthun_3132808400002543_Mis_IV_ME_DS,60564,83.06%,
3T,AR_EC_VF_yshaarj_nzoth_yogg_4014409417874927_IN_IV_DR_DS,60563,83.06%,
3T,VW_DH_TV_VF_nzoth_yogg_cthun_3133348492140015_Mis_IV_ME,60563,83.06%,
3T,VW_DH_VW_VF_yshaarj_nzoth_cthun_3768322899631599_Mis_AM_DR_DS,60557,83.04%,
3T,VW_DH_TV_VF_yshaarj_nzoth_yogg_3977788454657519_Mis_IV_DR_DS,60554,83.03%,
3T,VW_DH_TV_VF_nzoth_yogg_cthun_3132798803434991_Mis_IV_DR,60548,83.01%,
3T,VW_DH_VW_VF_nzoth_yogg_cthun_3135004269141487_Mis_IV_ME_DS,60547,83.01%,
3T,AR_EC_VF_nzoth_yogg_cthun_3132859058871791_Mis_IV_ME,60545,83.00%,
3T,AR_EC_VF_yshaarj_nzoth_yogg_4014400761355759_Mis_IV_DR,60545,83.00%,
3T,VW_DH_TV_VF_nzoth_yogg_cthun_3132926512127471_Mis_AM_ME,60540,82.99%,
3T,VW_DH_VW_VF_nzoth_yogg_cthun_3150259925876207_Mis_AM_DR_DS,60532,82.97%,
3T,AR_EC_VF_yshaarj_nzoth_yogg_4013302390054383_Mis_IV_DR,60529,82.96%,
3T,VW_DH_TV_VF_yshaarj_nzoth_yogg_3977515724234223_Mis_IV_DR_DS,60529,82.96%,
3T,VW_DH_TV_VF_nzoth_yogg_cthun_3132942617730559_Mis_IV_ME_DS,60528,82.95%,
3T,AR_SW_VF_nzoth_yogg_cthun_3132996229389807_Mis_IV_ME,60528,82.95%,
3T,VW_DH_TV_VF_yshaarj_nzoth_yogg_3977635983318511_Mis_AM_ME,60527,82.95%,
3T,VW_DH_TV_VF_yshaarj_nzoth_yogg_3977513577274863_Mis_IV_ME_DS,60526,82.95%,
3T,VW_DH_VW_VF_nzoth_yogg_cthun_3132807326260735_IN_AM_DR_DS,60526,82.95%,
3T,AR_EC_VF_nzoth_yogg_cthun_3132867313270255_IN_IV_ME,60524,82.94%,
3T,AR_EC_VF_nzoth_yogg_cthun_3132859864178159_IN_AM_ME,60521,82.93%,
3T,VW_DH_TV_VF_yshaarj_nzoth_yogg_4049516555984367_Mis_AM_DR,60518,82.92%,
3T,AR_SP_VF_nzoth_yogg_cthun_3132867313270255_IN_IV_DR,60517,82.92%,
3T,AR_SP_VF_yshaarj_nzoth_yogg_4013438688165359_Mis_IV_DR,60507,82.89%,
3T,VW_DH_TV_VF_yshaarj_nzoth_yogg_4049522998959599_Mis_IV_ME_DS,60504,82.88%,
3T,VW_DH_TV_VF_yshaarj_nzoth_yogg_4049522998959599_Mis_IV_DR_DS,60501,82.87%,
3T,AR_EC_VF_yshaarj_nzoth_yogg_4013438755266031_Mis_AM_DR,60500,82.87%,
3T,VW_DH_VW_VF_yshaarj_nzoth_yogg_3977513577274863_Mis_AM_ME_DS,60497,82.86%,
3T,VW_DH_VW_VF_nzoth_yogg_cthun_3132926511611375_Mis_AM_ME,60496,82.86%,
3T,VW_DH_TV_VF_nzoth_yogg_cthun_3150519771389423_Mis_AM_ME,60496,82.86%,
3T,VW_DH_VW_VF_nzoth_yogg_cthun_3132928659086831_Mis_AM_ME,60493,82.85%,
3T,AR_SW_VF_yshaarj_nzoth_yogg_4013438755266031_IN_IV_DR,60492,82.84%,
3T,VW_DH_TV_VF_nzoth_yogg_cthun_3135012791967215_Mis_IV_DR_DS,60489,82.84%,
3T,VW_DH_TV_VF_nzoth_yogg_cthun_3150244894006767_Mis_AM_ME,60489,82.83%,
3T,AR_SW_VF_nzoth_yogg_cthun_3132867380370927_IN_IV_DR,60489,82.83%,
3T,AR_EC_VF_yshaarj_nzoth_yogg_4013438688165359_IN_IV_DR,60486,82.83%,
3T,AR_EC_VF_nzoth_yogg_cthun_3132859797593583_IN_AM_DR,60485,82.82%,
3T,AR_EC_VF_yshaarj_nzoth_yogg_4013301584748015_Mis_IV_ME,60483,82.82%,
3T,VW_DH_VW_VF_yshaarj_nzoth_yogg_4049523065544175_Mis_AM_DR_DS,60480,82.81%,
3T,AR_EC_VF_nzoth_yogg_cthun_3150313470426607_IN_AM_ME,60480,82.81%,
3T,VW_DH_TV_VF_nzoth_yogg_cthun_3150244893482495_Mis_AM_ME,60478,82.80%,
3T,VW_DH_VW_VF_nzoth_yogg_cthun_3132951207665135_Mis_IV_DR_DS,60474,82.79%,
3T,AR_EC_VF_nzoth_yogg_cthun_3132996162805231_IN_AM_DR,60473,82.79%,
3T,AR_SP_VF_nzoth_yogg_cthun_3132867313786351_IN_IV_DR,60469,82.77%,
3T,AR_SP_VF_nzoth_yogg_cthun_3132858723859951_IN_IV_DR,60462,82.75%,
3T,AR_SP_VF_yshaarj_nzoth_yogg_4013301584748015_IN_IV_DR,60462,82.75%,
3T,VW_DH_TV_VF_yshaarj_nzoth_yogg_4049522998435327_Mis_IV_DR_DS,60460,82.75%,
3T,AR_EC_VF_nzoth_yogg_cthun_3132996162805231_IN_AM_ME,60460,82.75%,
3T,VW_DH_VW_VF_yshaarj_nzoth_yogg_4049522998443503_Mis_AM_DR_DS,60458,82.74%,
3T,VW_DH_TV_VF_nzoth_yogg_cthun_3132927585353199_Mis_AM_DR,60458,82.74%,
3T,VW_DH_VW_VF_nzoth_yogg_cthun_3134996685839855_Mis_AM_ME,60456,82.74%,
3T,VW_DH_TV_VF_yshaarj_nzoth_yogg_3977513576750591_Mis_IV_DR_DS,60455,82.73%,
3T,VW_DH_TV_VF_yshaarj_nzoth_yogg_4049522998435327_Mis_IV_ME_DS,60455,82.73%,
3T,VW_DH_TV_VF_yshaarj_nzoth_yogg_3977499618106863_Mis_AM_DR,60455,82.73%,
3T,VW_DH_VW_VF_nzoth_yogg_cthun_3132791220657647_Mis_IV_DR,60454,82.73%,
3T,VW_DH_VW_VF_yshaarj_nzoth_yogg_3977515724234223_Mis_AM_DR_DS,60452,82.72%,
3T,VW_DH_VW_VF_nzoth_yogg_cthun_3132927585345023_Mis_IV_DR,60450,82.72%,
3T,VW_DH_VW_VF_yshaarj_nzoth_yogg_3977498544889327_Mis_AM_DR,60443,82.70%,
3T,AR_SW_VF_nzoth_yogg_cthun_3150313470418431_Mis_IV_DR,60443,82.70%,
3T,VW_DH_VW_VF_nzoth_yogg_cthun_3132806252518911_Mis_IV_ME_DS,60442,82.69%,
3T,VW_DH_VW_VF_nzoth_yogg_cthun_3132806319627759_Mis_IV_DR_DS,60441,82.69%,
3T,VW_DH_VW_VF_nzoth_yogg_cthun_3150253483417071_Mis_AM_ME,60439,82.68%,
3T,AR_EC_VF_yshaarj_nzoth_yogg_4013438755266031_IN_IV_ME,60438,82.68%,
3T,AR_SW_VF_nzoth_yogg_cthun_3132859797077487_IN_IV_ME,60437,82.68%,
3T,VW_DH_VW_VF_nzoth_yogg_cthun_3150259992976879_Mis_AM_ME_DS,60433,82.67%,
3T,AR_EC_VF_yshaarj_nzoth_yogg_4013447345200623_Mis_IV_DR_DS,60432,82.66%,
3T,VW_DH_TV_VF_nzoth_yogg_cthun_3132806252518911_Mis_IV_ME_DS,60430,82.66%,
3T,AR_EC_VF_nzoth_yogg_cthun_3132859864178159_IN_AM_DR,60428,82.65%,
3T,VW_DH_TV_VF_yshaarj_nzoth_cthun_3696298445561327_Mis_AM_ME,60426,82.65%,
3T,AR_SW_VF_nzoth_yogg_cthun_3132858790444527_IN_IV_DR,60423,82.64%,
3T,AR_SW_VF_yshaarj_nzoth_yogg_4014400827940335_IN_IV_ME,60423,82.64%,
3T,AR_SP_VF_nzoth_yogg_cthun_3132867313786351_IN_IV_ME,60421,82.63%,
3T,VW_DH_TV_VF_yshaarj_nzoth_yogg_4049531588369903_Mis_AM_DR_DS,60421,82.63%,
3T,VW_DH_VW_VF_nzoth_yogg_cthun_3134996685839855_Mis_AM_DR,60420,82.63%,
3T,VW_DH_TV_VF_yshaarj_nzoth_yogg_4049524072177135_Mis_AM_ME_DS,60419,82.62%,
3T,AR_SW_VF_nzoth_yogg_cthun_3132996229389807_IN_AM_DR,60419,82.62%,
3T,VW_DH_VW_VF_yshaarj_nzoth_cthun_3768322899631599_Mis_AM_ME_DS,60417,82.62%,
3T,VW_DH_VW_VF_nzoth_yogg_cthun_3132951207665135_Mis_IV_ME_DS,60417,82.62%,
3T,VW_DH_TV_VF_yshaarj_nzoth_yogg_3977651015704047_Mis_AM_DR_DS,60416,82.61%,
3T,VW_DH_TV_VF_yshaarj_nzoth_yogg_3977497471147503_Mis_AM_ME,60415,82.61%,
3T,AR_EC_VF_nzoth_yogg_cthun_3132996162805231_Mis_IV_ME,60415,82.61%,
3T,AR_EC_VF_yshaarj_nzoth_yogg_4013302323469807_IN_IV_DR,60413,82.60%,
3T,AR_EC_VF_yshaarj_nzoth_yogg_4014400760839663_Mis_IV_DR,60410,82.60%,
3T,AR_SP_VF_nzoth_yogg_cthun_3132996229389807_IN_AM_DR,60410,82.60%,
3T,AR_SW_VF_nzoth_yogg_cthun_3132867313786351_IN_IV_ME,60410,82.59%,
3T,VW_DH_TV_VF_nzoth_yogg_cthun_3132808400002543_Mis_IV_DR_DS,60407,82.59%,
3T,VW_DH_TV_VF_nzoth_yogg_cthun_3132806253043183_Mis_IV_ME_DS,60405,82.58%,
3T,VW_DH_TV_VF_yshaarj_nzoth_yogg_3979712600006127_Mis_AM_ME_DS,60405,82.58%,
3T,VW_DH_TV_VF_nzoth_yogg_cthun_3132814842453487_Mis_IV_ME_DS,60405,82.58%,
3T,AR_SP_VF_yshaarj_nzoth_yogg_4014400760831487_IN_IV_DR,60395,82.55%,
3T,VW_DH_TV_VF_nzoth_yogg_cthun_3135004202032639_Mis_IV_DR_DS,60394,82.55%,
3T,VW_DH_TV_VF_nzoth_yogg_cthun_3135006349516271_Mis_IV_DR_DS,60391,82.54%,
3T,AR_EC_VF_yshaarj_nzoth_yogg_4013851072126447_Mis_IV_DR,60390,82.54%,
3T,VW_DH_VW_VF_nzoth_yogg_cthun_3132944765214191_Mis_IV_ME_DS,60390,82.54%,
3T,AR_SP_VF_nzoth_yogg_cthun_3132996162805231_Mis_IV_DR,60388,82.53%,
3T,AR_SW_VF_yshaarj_nzoth_yogg_3977567121300991_IN_IV_DR,60388,82.53%,
3T,AR_SW_VF_nzoth_yogg_cthun_3150313537527279_Mis_AM_ME,60387,82.53%,
3T,VW_DH_TV_VF_nzoth_yogg_cthun_3135004202556911_Mis_IV_ME_DS,60387,82.53%,
3T,AR_EC_VF_yshaarj_nzoth_yogg_4014400827940335_IN_AM_DR,60387,82.53%,
3T,VW_DH_TV_VF_yshaarj_nzoth_yogg_3977635983318511_Mis_AM_DR,60386,82.52%,
3T,VW_DH_TV_VF_nzoth_yogg_cthun_3132806253043183_Mis_IV_DR_DS,60386,82.52%,
3T,AR_EC_VF_yshaarj_nzoth_yogg_3977567121825263_IN_AM_DR,60383,82.51%,
3T,VW_DH_TV_VF_nzoth_yogg_cthun_3150268515802607_Mis_AM_DR_DS,60375,82.49%,
3T,VW_DH_VW_VF_nzoth_yogg_cthun_3132808400002543_Mis_IV_DR_DS,60374,82.49%,
3T,VW_DH_VW_VF_nzoth_yogg_cthun_3150519771389423_Mis_AM_ME,60373,82.48%,
3T,AR_EC_VF_yshaarj_nzoth_yogg_4013438688165359_Mis_IV_ME,60372,82.48%,
3T,AR_EC_VF_nzoth_yogg_cthun_3132859864178159_Mis_IV_DR,60369,82.47%,
3T,VW_DH_VW_VF_nzoth_yogg_cthun_3135004269141487_Mis_IV_DR_DS,60367,82.47%,
3T,VW_DH_VW_VF_nzoth_yogg_cthun_3132798803434991_Mis_IV_ME,60366,82.46%,
3T,AR_SW_VF_yshaarj_nzoth_yogg_4014400761355759_IN_IV_ME,60362,82.45%,
3T,AR_SP_VF_nzoth_yogg_cthun_3150313537527279_Mis_AM_ME,60360,82.44%,
3T,AR_SP_VF_nzoth_yogg_cthun_3132875970305519_IN_IV_DR_DS,60357,82.44%,
3T,VW_DH_VW_VF_nzoth_yogg_cthun_3132814842453487_Mis_IV_DR_DS,60354,82.43%,
3T,AR_EC_VF_yshaarj_nzoth_yogg_4013438688681455_Mis_IV_ME,60352,82.42%,
3T,VW_DH_VW_VF_nzoth_yogg_cthun_3132814842453487_Mis_IV_ME_DS,60352,82.42%,
3T,VW_DH_TV_VF_nzoth_yogg_cthun_3132798736850415_Mis_IV_ME,60351,82.42%,
3T,AR_SP_VF_yshaarj_nzoth_yogg_4014400827940335_Mis_IV_ME,60351,82.42%,
3T,VW_DH_VW_VF_nzoth_yogg_cthun_3132806252518911_Mis_IV_DR_DS,60351,82.42%,
3T,VW_DH_VW_VF_nzoth_yogg_cthun_3150244894006767_Mis_AM_ME,60349,82.41%,
3T,AR_SP_VF_nzoth_yogg_cthun_3132867313270255_IN_IV_ME,60349,82.41%,
3T,VW_DH_TV_VF_yshaarj_nzoth_yogg_4049531588369903_Mis_AM_ME_DS,60348,82.41%,
3T,VW_DH_VW_VF_nzoth_yogg_cthun_3132935101537775_Mis_AM_ME,60346,82.40%,
3T,VW_DH_VW_VF_nzoth_yogg_cthun_3150244893490671_Mis_AM_ME,60345,82.40%,
3T,AR_EC_VF_nzoth_yogg_cthun_3132875970305519_IN_IV_ME_DS,60343,82.39%,
3T,AR_EC_VF_yshaarj_nzoth_yogg_4013301316836847_Mis_IV_DR,60339,82.38%,
3T,AR_EC_VF_nzoth_yogg_cthun_3132859058871791_IN_AM_ME,60339,82.38%,
3T,AR_SW_VF_yshaarj_nzoth_yogg_3977567121309167_IN_IV_DR,60336,82.37%,
3T,AR_SW_VF_yshaarj_nzoth_yogg_4014400760839663_IN_IV_DR,60335,82.37%,
3T,VW_DH_TV_VF_yshaarj_nzoth_yogg_3979697567620591_Mis_AM_ME,60333,82.36%,
3T,VW_DH_VW_VF_nzoth_yogg_cthun_3132807326260735_IN_AM_ME_DS,60329,82.35%,
3T,VW_DH_TV_VF_nzoth_yogg_cthun_3132807326268911_Mis_IV_DR_DS,60326,82.34%,
3T,VW_DH_TV_VF_nzoth_yogg_cthun_3135004202556911_Mis_IV_DR_DS,60324,82.34%,
3T,VW_DH_VW_VF_nzoth_yogg_cthun_3132806319627759_Mis_IV_ME_DS,60321,82.33%,
3T,VW_DH_TV_VF_yshaarj_nzoth_yogg_3979697567620591_Mis_AM_DR,60320,82.32%,
3T,AR_EC_VF_yshaarj_nzoth_yogg_4013438688157183_IN_IV_DR,60317,82.32%,
3T,AR_EC_VF_nzoth_yogg_cthun_3132996162289135_IN_AM_DR,60314,82.30%,
3T,VW_DH_VW_VF_nzoth_yogg_cthun_3132927585353199_Mis_AM_DR,60310,82.29%,
3T,VW_DH_VW_VF_nzoth_yogg_cthun_3132797663108591_Mis_IV_DR,60309,82.29%,
3T,AR_SW_VF_yshaarj_nzoth_yogg_4013301584748015_Mis_IV_DR,60308,82.29%,
3T,AR_EC_VF_yshaarj_nzoth_yogg_4014400760831487_IN_IV_ME,60300,82.26%,
3T,AR_SW_VF_yshaarj_nzoth_yogg_4013438688681455_Mis_IV_DR,60300,82.26%,
3T,AR_SW_VF_nzoth_yogg_cthun_3132996162280959_IN_IV_DR,60297,82.26%,
3T,AR_EC_VF_nzoth_yogg_cthun_3132858790436351_IN_IV_ME,60297,82.26%,
3T,AR_EC_VF_nzoth_yogg_cthun_3132875903720943_IN_IV_DR_DS,60296,82.25%,
3T,AR_EC_VF_yshaarj_nzoth_yogg_4013301316320751_Mis_IV_DR,60289,82.23%,
3T,AR_SW_VF_nzoth_yogg_cthun_3132867313786351_IN_IV_DR,60288,82.23%,
3T,AR_EC_VF_yshaarj_nzoth_yogg_4013438688157183_Mis_IV_DR,60287,82.22%,
3T,VW_DH_VW_VF_nzoth_yogg_cthun_3135012791967215_Mis_IV_ME_DS,60285,82.22%,
3T,VW_DH_TV_VF_nzoth_yogg_cthun_3150534803774959_Mis_AM_DR_DS,60284,82.22%,
3T,AR_SP_VF_nzoth_yogg_cthun_3132875970305519_IN_IV_ME_DS,60280,82.20%,
3T,AR_SP_VF_nzoth_yogg_cthun_3132858723851775_IN_IV_DR,60279,82.20%,
3T,VW_DH_TV_VF_nzoth_yogg_cthun_3132813768719855_Mis_IV_DR_DS,60279,82.20%,
3T,VW_DH_VW_VF_nzoth_yogg_cthun_3132926511603199_Mis_AM_ME,60274,82.18%,
3T,VW_DH_TV_VF_yshaarj_nzoth_yogg_3977497471147503_Mis_AM_DR,60268,82.17%,
3T,AR_EC_VF_yshaarj_nzoth_yogg_4013438688165359_IN_IV_ME,60267,82.16%,
3T,VW_DH_TV_VF_nzoth_yogg_cthun_3132791220141551_Mis_AM_DR,60265,82.16%,
3T,VW_DH_TV_VF_nzoth_yogg_cthun_3133348492140015_Mis_IV_DR,60265,82.16%,
3T,AR_EC_VF_yshaarj_nzoth_yogg_4013576194219503_Mis_IV_DR,60263,82.15%,
3T,AR_SW_VF_yshaarj_nzoth_yogg_4013438755266031_Mis_IV_ME,60263,82.15%,
3T,AR_SW_VF_nzoth_yogg_cthun_3132858790444527_IN_IV_ME,60262,82.15%,
3T,AR_SW_VF_nzoth_yogg_cthun_3132858723859951_IN_IV_ME,60257,82.13%,
3T,AR_SP_VF_yshaarj_nzoth_yogg_4013438688681455_IN_IV_DR,60256,82.13%,
3T,VW_DH_TV_VF_nzoth_yogg_cthun_3132797729693167_Mis_AM_ME,60252,82.12%,
3T,AR_SP_VF_yshaarj_nzoth_yogg_4013438755266031_IN_IV_ME,60247,82.10%,
3T,AR_SW_VF_nzoth_yogg_cthun_3132858723859951_IN_IV_DR,60241,82.09%,
3T,VW_DH_VW_VF_nzoth_yogg_cthun_3135006349516271_Mis_IV_ME_DS,60239,82.08%,
3T,VW_DH_TV_VF_nzoth_yogg_cthun_3132813835820527_Mis_IV_ME_DS,60236,82.07%,
3T,AR_SW_VF_nzoth_yogg_cthun_3132996162280959_IN_IV_ME,60236,82.07%,
3T,AR_SP_VF_nzoth_yogg_cthun_3132996229389807_IN_AM_ME,60231,82.05%,
3T,VW_DH_TV_VF_yshaarj_nzoth_yogg_4049524072177135_Mis_AM_DR_DS,60230,82.05%,
3T,AR_EC_VF_yshaarj_nzoth_yogg_4014400827940335_Mis_AM_DR,60229,82.05%,
3T,VW_DH_VW_VF_nzoth_yogg_cthun_3132813768719855_Mis_IV_DR_DS,60225,82.04%,
3T,VW_DH_VW_VF_nzoth_yogg_cthun_3132808400002543_Mis_IV_ME_DS,60225,82.04%,
3T,VW_DH_VW_VF_yshaarj_nzoth_yogg_3977513577274863_Mis_AM_DR_DS,60223,82.03%,
3T,AR_EC_VF_yshaarj_nzoth_yogg_4014400761355759_IN_AM_DR,60220,82.02%,
3T,VW_DH_TV_VF_nzoth_yogg_cthun_3132813768719855_Mis_IV_ME_DS,60217,82.01%,
3T,VW_DH_VW_VF_nzoth_yogg_cthun_3150244893482495_Mis_AM_ME,60216,82.01%,
3T,AR_EC_VF_nzoth_yogg_cthun_3132875970305519_IN_IV_DR_DS,60215,82.01%,
3T,AR_EC_VF_yshaarj_nzoth_yogg_4013302322953711_IN_IV_DR,60214,82.00%,
3T,AR_SP_VF_nzoth_yogg_cthun_3132859864178159_IN_AM_DR,60214,82.00%,
3T,AR_EC_VF_nzoth_yogg_cthun_3132859797593583_IN_AM_ME,60214,82.00%,
3T,AR_SW_VF_nzoth_yogg_cthun_3132867380370927_IN_IV_ME,60211,82.00%,
3T,AR_SP_VF_yshaarj_nzoth_yogg_4014400761355759_Mis_IV_DR,60210,81.99%,
3T,VW_DH_TV_VF_nzoth_yogg_cthun_3135005275774447_Mis_AM_DR_DS,60209,81.99%,
3T,AR_EC_VF_yshaarj_nzoth_yogg_3977567188409839_Mis_IV_DR,60208,81.99%,
3T,AR_SP_VF_nzoth_yogg_cthun_3150313470418431_IN_AM_DR,60207,81.98%,
3T,AR_EC_VF_nzoth_yogg_cthun_3132858723335679_IN_IV_DR,60205,81.98%,
3T,VW_DH_VW_VF_nzoth_yogg_cthun_3133363524525551_Mis_IV_ME_DS,60200,81.96%,
3T,VW_DH_TV_VF_yshaarj_nzoth_yogg_4049660437388783_Mis_AM_ME_DS,60200,81.96%,
3T,AR_SP_VF_nzoth_yogg_cthun_3132859058871791_Mis_IV_ME,60200,81.96%,
3T,VW_DH_TV_VF_yshaarj_nzoth_yogg_3977514650492399_Mis_AM_ME_DS,60198,81.95%,
3T,AR_EC_VF_nzoth_yogg_cthun_3150313470942703_Mis_AM_ME,60197,81.95%,
3T,VW_DH_TV_VF_nzoth_yogg_cthun_3132927652453871_Mis_AM_DR,60191,81.93%,
3T,AR_EC_VF_nzoth_yogg_cthun_3132858790960623_IN_AM_DR,60190,81.93%,
3T,AR_EC_VF_nzoth_yogg_cthun_3132996162289135_Mis_IV_DR,60186,81.92%,
3T,AR_SW_VF_nzoth_yogg_cthun_3150313470418431_Mis_IV_ME,60186,81.92%,
3T,VW_DH_TV_VF_nzoth_yogg_cthun_3135004202032639_Mis_IV_ME_DS,60186,81.92%,
3T,AR_EC_VF_yshaarj_nzoth_yogg_3977567188409839_IN_AM_DR,60184,81.91%,
3T,AR_SW_VF_nzoth_yogg_cthun_3132996162805231_Mis_IV_ME,60182,81.91%,
3T,AR_SP_VF_nzoth_yogg_cthun_3132996162805231_Mis_IV_ME,60182,81.91%,
3T,VW_DH_TV_VF_yshaarj_nzoth_yogg_3977651015704047_Mis_AM_ME_DS,60175,81.89%,
3T,AR_EC_VF_yshaarj_nzoth_yogg_4014400761355759_Mis_IV_ME,60174,81.88%,
3T,AR_EC_VF_yshaarj_nzoth_yogg_4013301584748015_Mis_AM_DR,60173,81.88%,
3T,AR_EC_VF_nzoth_yogg_cthun_3132875903720943_IN_IV_ME_DS,60166,81.86%,
3T,VW_DH_TV_VF_nzoth_yogg_cthun_3132799810067951_Mis_AM_DR,60165,81.85%,
3T,VW_DH_TV_VF_nzoth_yogg_cthun_3205372946210287_Mis_AM_DR_DS,60164,81.85%,
3T,AR_SW_VF_yshaarj_nzoth_yogg_4014400760839663_IN_IV_ME,60162,81.85%,
3T,VW_DH_VW_VF_nzoth_yogg_cthun_3132926512127471_Mis_AM_DR,60160,81.84%,
3T,AR_SW_VF_nzoth_yogg_cthun_3132859058871791_Mis_IV_DR,60155,81.82%,
3T,AR_EC_VF_nzoth_yogg_cthun_3132858723851775_IN_IV_ME,60154,81.82%,
3T,AR_EC_VF_nzoth_yogg_cthun_3132996162289135_Mis_IV_ME,60154,81.82%,
3T,AR_SP_VF_yshaarj_nzoth_yogg_4013301584748015_Mis_IV_ME,60153,81.82%,
3T,VW_DH_VW_VF_nzoth_yogg_cthun_3132807326268911_Mis_IV_ME_DS,60150,81.81%,
3T,AR_EC_VF_nzoth_yogg_cthun_3132858790960623_Mis_IV_DR,60149,81.81%,
3T,AR_EC_VF_yshaarj_nzoth_yogg_4014400827940335_IN_AM_ME,60149,81.81%,
3T,VW_DH_TV_VF_yshaarj_nzoth_yogg_3979712600006127_Mis_AM_DR_DS,60149,81.81%,
3T,AR_EC_VF_nzoth_yogg_cthun_3150313470426607_Mis_AM_DR,60148,81.80%,
3T,AR_EC_VF_nzoth_yogg_cthun_3132858723851775_IN_IV_DR,60147,81.80%,
3T,AR_EC_VF_nzoth_yogg_cthun_3132867313262079_IN_IV_DR,60147,81.80%,
3T,AR_EC_VF_nzoth_yogg_cthun_3132867313262079_IN_IV_ME,60146,81.80%,
3T,VW_DH_TV_VF_yshaarj_nzoth_cthun_3696298445561327_Mis_AM_DR,60145,81.80%,
3T,AR_EC_VF_nzoth_yogg_cthun_3169151264087535_IN_IV_DR,60143,81.79%,
3T,VW_DH_TV_VF_nzoth_yogg_cthun_3150259925868031_Mis_AM_DR_DS,60143,81.79%,
3T,VW_DH_VW_VF_nzoth_yogg_cthun_3132944765214191_Mis_IV_DR_DS,60135,81.76%,
3T,VW_DH_TV_VF_nzoth_yogg_cthun_3132797729693167_Mis_AM_DR,60132,81.76%,
3T,VW_DH_TV_VF_nzoth_yogg_cthun_3132798736326143_Mis_IV_ME,60128,81.74%,
3T,AR_SP_VF_yshaarj_nzoth_yogg_4013438688681455_Mis_IV_ME,60124,81.73%,
3T,VW_DH_TV_VF_nzoth_yogg_cthun_3132943691472367_Mis_AM_DR_DS,60123,81.73%,
3T,VW_DH_TV_VF_nzoth_yogg_cthun_3150262073351663_Mis_AM_DR_DS,60119,81.72%,
3T,AR_EC_VF_yshaarj_nzoth_yogg_4013301584748015_IN_IV_ME,60116,81.71%,
3T,VW_DH_VW_VF_nzoth_yogg_cthun_3150268515802607_Mis_AM_DR_DS,60113,81.70%,
3T,AR_SP_VF_yshaarj_nzoth_yogg_4013302390054383_IN_IV_DR,60109,81.69%,
3T,AR_SW_VF_nzoth_yogg_cthun_3132996162805231_Mis_IV_DR,60106,81.68%,
3T,VW_DH_TV_VF_nzoth_yogg_cthun_3132859939610605_IN_IV_ME,60105,81.68%,
3T,AR_EC_VF_yshaarj_nzoth_yogg_3977567121825263_IN_AM_ME,60103,81.67%,
3T,VW_DH_VW_VF_nzoth_yogg_cthun_3132927652453871_Mis_AM_ME,60102,81.67%,
3T,VW_DH_VW_VF_nzoth_yogg_cthun_3132807326268911_Mis_IV_DR_DS,60101,81.66%,
3T,VW_DH_TV_VF_yshaarj_nzoth_cthun_3768322899631599_Mis_AM_DR_DS,60095,81.64%,
3T,VW_DH_TV_VF_yshaarj_nzoth_yogg_3977514650492399_Mis_AM_DR_DS,60090,81.63%,
3T,VW_DH_TV_VF_nzoth_yogg_cthun_3132791287242223_Mis_AM_ME,60089,81.63%,
3T,VW_DH_VW_VF_nzoth_yogg_cthun_3132926512127471_Mis_AM_ME,60088,81.62%,
3T,VW_DH_VW_VF_nzoth_yogg_cthun_3150244894006767_Mis_AM_DR,60088,81.62%,
3T,AR_EC_VF_yshaarj_nzoth_yogg_4013447345200623_IN_IV_DR_DS,60087,81.62%,
3T,AR_EC_VF_nzoth_yogg_cthun_3132858723335679_IN_IV_ME,60085,81.61%,
3T,VW_DH_VW_VF_nzoth_yogg_cthun_3133347418398191_Mis_AM_ME,60081,81.60%,
3T,AR_EC_VF_yshaarj_nzoth_yogg_4013851005541871_IN_IV_DR,60077,81.59%,
3T,VW_DH_TV_VF_nzoth_yogg_cthun_3150259926392303_Mis_AM_DR_DS,60073,81.58%,
3T,VW_DH_TV_VF_nzoth_yogg_cthun_3150262073351663_Mis_AM_ME_DS,60073,81.58%,
3T,AR_EC_VF_nzoth_yogg_cthun_3150313470426607_Mis_AM_ME,60071,81.57%,
3T,VW_DH_TV_VF_nzoth_yogg_cthun_3132927652453871_Mis_AM_ME,60067,81.56%,
3T,AR_SP_VF_nzoth_yogg_cthun_3132859864178159_Mis_IV_DR,60066,81.56%,
3T,AR_SP_VF_yshaarj_nzoth_yogg_4013447345200623_Mis_IV_DR_DS,60066,81.56%,
3T,VW_DH_TV_VF_nzoth_yogg_cthun_3132798736850415_Mis_IV_DR,60065,81.55%,
3T,AR_EC_VF_nzoth_yogg_cthun_3132859797593583_Mis_IV_DR,60065,81.55%,
3T,AR_SW_VF_nzoth_yogg_cthun_3132859797069311_IN_IV_ME,60061,81.54%,
3T,VW_DH_TV_VF_nzoth_yogg_cthun_3150259925876207_Mis_AM_ME_DS,60060,81.54%,
3T,AR_SP_VF_yshaarj_nzoth_yogg_4013301316836847_IN_IV_DR,60059,81.54%,
3T,VW_DH_TV_VF_nzoth_yogg_cthun_3133347418398191_Mis_AM_DR,60052,81.51%,
3T,VW_DH_VW_VF_nzoth_yogg_cthun_3132798803434991_Mis_IV_DR,60052,81.51%,
3T,VW_DH_VW_VF_nzoth_yogg_cthun_3133348492140015_Mis_IV_DR,60049,81.51%,
3T,AR_SW_VF_nzoth_yogg_cthun_3132859797593583_IN_AM_DR,60042,81.48%,
3T,AR_EC_VF_nzoth_yogg_cthun_3132858790444527_IN_AM_DR,60040,81.48%,
3T,AR_SP_VF_yshaarj_nzoth_yogg_3977567188409839_Mis_IV_DR,60039,81.47%,
3T,AR_SW_VF_yshaarj_nzoth_yogg_3977567121300991_IN_IV_ME,60038,81.47%,
3T,AR_EC_VF_yshaarj_nzoth_yogg_3977567121309167_IN_AM_DR,60038,81.47%,
3T,AR_EC_VF_yshaarj_nzoth_yogg_3977567121825263_Mis_IV_DR,60036,81.47%,
3T,AR_EC_VF_yshaarj_nzoth_yogg_4013310174682607_Mis_IV_DR_DS,60036,81.46%,
3T,AR_SW_VF_yshaarj_nzoth_yogg_4014400827940335_Mis_IV_ME,60036,81.46%,
3T,VW_DH_VW_VF_nzoth_yogg_cthun_3132942617730559_Mis_IV_DR_DS,60035,81.46%,
3T,VW_DH_VW_VF_nzoth_yogg_cthun_3150244893482495_Mis_AM_DR,60034,81.46%,
3T,AR_EC_VF_yshaarj_nzoth_yogg_4013438688681455_IN_IV_ME,60029,81.44%,
3T,VW_DH_VW_VF_nzoth_yogg_cthun_3132806253043183_Mis_IV_DR_DS,60028,81.44%,
3T,AR_SP_VF_nzoth_yogg_cthun_3132996162289135_Mis_IV_DR,60027,81.44%,
3T,VW_DH_VW_VF_nzoth_yogg_cthun_3150519771389423_Mis_AM_DR,60027,81.44%,
3T,AR_SW_VF_nzoth_yogg_cthun_3132859864178159_IN_AM_DR,60026,81.44%,
3T,AR_SP_VF_nzoth_yogg_cthun_3150313470426607_IN_AM_ME,60023,81.43%,
3T,VW_DH_TV_VF_yshaarj_nzoth_yogg_3977498544373231_Mis_AM_DR,60019,81.41%,
3T,VW_DH_VW_VF_nzoth_yogg_cthun_3133347418398191_Mis_AM_DR,60018,81.41%,
3T,AR_SP_VF_nzoth_yogg_cthun_3150313470942703_Mis_AM_DR,60018,81.41%,
3T,AR_EC_VF_nzoth_yogg_cthun_3132996162289135_IN_AM_ME,60018,81.41%,
3T,AR_SW_VF_nzoth_yogg_cthun_3132858790436351_IN_IV_ME,60015,81.40%,
3T,VW_DH_TV_VF_nzoth_yogg_cthun_3132807326268911_Mis_IV_ME_DS,60014,81.40%,
3T,VW_DH_VW_VF_nzoth_yogg_cthun_3132942617730559_Mis_IV_ME_DS,60014,81.40%,
3T,AR_EC_VF_nzoth_yogg_cthun_3132859864178159_Mis_IV_ME,60008,81.38%,
3T,VW_DH_TV_VF_nzoth_yogg_cthun_3132791220141551_Mis_AM_ME,60004,81.37%,
3T,AR_SP_VF_nzoth_yogg_cthun_3132858790436351_IN_IV_ME,60004,81.37%,
3T,VW_DH_VW_VF_nzoth_yogg_cthun_3135012791967215_Mis_IV_DR_DS,60003,81.37%,
3T,VW_DH_TV_VF_nzoth_yogg_cthun_3132942617738735_Mis_AM_DR_DS,60001,81.36%,
3T,AR_EC_VF_yshaarj_nzoth_yogg_4013438688157183_Mis_IV_ME,59995,81.34%,
3T,AR_SP_VF_yshaarj_nzoth_yogg_4013438755266031_Mis_AM_DR,59993,81.34%,
3T,AR_SP_VF_nzoth_yogg_cthun_3132875903720943_IN_IV_ME_DS,59992,81.33%,
3T,AR_EC_VF_yshaarj_nzoth_yogg_4013438755266031_Mis_AM_ME,59988,81.32%,
3T,VW_DH_TV_VF_yshaarj_nzoth_yogg_4049522998443503_Mis_AM_DR_DS,59988,81.32%,
3T,AR_SW_VF_nzoth_yogg_cthun_3132859797069311_IN_IV_DR,59988,81.32%,
3T,AR_SP_VF_yshaarj_nzoth_yogg_4013302390054383_Mis_IV_DR,59984,81.31%,
3T,AR_SP_VF_yshaarj_nzoth_yogg_4013851072126447_Mis_IV_DR,59979,81.29%,
3T,AR_SP_VF_nzoth_yogg_cthun_3132875903720943_IN_IV_DR_DS,59977,81.29%,
3T,AR_SP_VF_nzoth_yogg_cthun_3132867313262079_IN_IV_ME,59976,81.28%,
3T,VW_DH_TV_VF_nzoth_yogg_cthun_3150268515802607_Mis_AM_ME_DS,59975,81.28%,
3T,AR_EC_VF_nzoth_yogg_cthun_3132858790960623_IN_AM_ME,59974,81.28%,
3T,AR_SW_VF_yshaarj_nzoth_yogg_4013438688165359_Mis_IV_DR,59973,81.27%,
3T,VW_DH_TV_VF_nzoth_yogg_cthun_3132791287242223_Mis_AM_DR,59971,81.27%,
3T,VW_DH_VW_VF_yshaarj_nzoth_yogg_4049523065544175_Mis_AM_ME_DS,59971,81.27%,
3T,AR_SW_VF_nzoth_yogg_cthun_3132996162805231_IN_AM_DR,59969,81.26%,
3T,AR_EC_VF_yshaarj_nzoth_yogg_4013576194219503_IN_IV_DR,59969,81.26%,
3T,AR_SW_VF_nzoth_yogg_cthun_3150313470942703_IN_AM_ME,59967,81.26%,
3T,VW_DH_VW_VF_nzoth_yogg_cthun_3135004202556911_Mis_IV_DR_DS,59965,81.25%,
3T,VW_DH_TV_VF_yshaarj_nzoth_cthun_3696313477946863_Mis_AM_DR_DS,59963,81.25%,
3T,AR_EC_VF_yshaarj_nzoth_yogg_4014400760839663_Mis_IV_ME,59962,81.24%,
3T,VW_DH_TV_VF_nzoth_yogg_cthun_3132797662592495_Mis_AM_ME,59961,81.24%,
3T,AR_SP_VF_nzoth_yogg_cthun_3132996162805231_IN_AM_DR,59959,81.23%,
3T,AR_EC_VF_nzoth_yogg_cthun_3169151264087535_Mis_IV_DR,59955,81.22%,
3T,AR_EC_VF_nzoth_yogg_cthun_3132858790960623_Mis_IV_ME,59953,81.21%,
3T,AR_SW_VF_yshaarj_nzoth_yogg_4014400827940335_Mis_IV_DR,59953,81.21%,
3T,AR_SW_VF_nzoth_yogg_cthun_3132858723851775_IN_IV_DR,59951,81.21%,
3T,VW_DH_VW_VF_nzoth_yogg_cthun_3132942618254831_Mis_IV_ME_DS,59950,81.21%,
3T,AR_SP_VF_yshaarj_nzoth_yogg_4014400760839663_Mis_IV_DR,59945,81.19%,
3T,AR_SW_VF_yshaarj_nzoth_yogg_4013438688681455_IN_IV_DR,59943,81.18%,
3T,AR_EC_VF_nzoth_yogg_cthun_3132859797077487_IN_AM_DR,59943,81.18%,
3T,AR_SW_VF_nzoth_yogg_cthun_3132996229389807_IN_AM_ME,59942,81.18%,
3T,VW_DH_VW_VF_nzoth_yogg_cthun_3132797729693167_Mis_AM_DR,59937,81.17%,
3T,AR_SW_VF_yshaarj_nzoth_yogg_4013301584748015_IN_IV_DR,59936,81.16%,
3T,AR_EC_VF_nzoth_yogg_cthun_3132875903204847_IN_IV_ME_DS,59934,81.16%,
3T,VW_DH_TV_VF_nzoth_yogg_cthun_3133363524525551_Mis_IV_ME_DS,59932,81.15%,
3T,VW_DH_TV_VF_nzoth_yogg_cthun_3135005275774447_Mis_AM_ME_DS,59929,81.14%,
3T,AR_EC_VF_nzoth_yogg_cthun_3132858790444527_Mis_IV_DR,59929,81.14%,
3T,AR_SW_VF_yshaarj_nzoth_yogg_4014400760831487_IN_IV_DR,59928,81.14%,
3T,VW_DH_VW_VF_nzoth_yogg_cthun_3135004202032639_Mis_IV_ME_DS,59926,81.13%,
3T,VW_DH_VW_VF_nzoth_yogg_cthun_3132927652453871_Mis_AM_DR,59923,81.12%,
3T,VW_DH_VW_VF_nzoth_yogg_cthun_3150534803774959_Mis_AM_DR_DS,59923,81.12%,
3T,AR_SP_VF_yshaarj_nzoth_yogg_4013851072126447_IN_IV_DR,59915,81.10%,
3T,AR_EC_VF_nzoth_yogg_cthun_3132867380370927_IN_AM_ME,59912,81.09%,
3T,AR_EC_VF_yshaarj_nzoth_yogg_4014409350774255_IN_IV_DR_DS,59912,81.09%,
3T,VW_DH_TV_VF_yshaarj_nzoth_cthun_3696313477946863_Mis_AM_ME_DS,59910,81.08%,
3T,AR_EC_VF_yshaarj_nzoth_yogg_4013302323469807_Mis_IV_DR,59909,81.08%,
3T,AR_EC_VF_yshaarj_nzoth_yogg_3977567121825263_Mis_IV_ME,59907,81.08%,
3T,VW_DH_VW_VF_nzoth_yogg_cthun_3132806253043183_Mis_IV_ME_DS,59904,81.07%,
3T,AR_SP_VF_nzoth_yogg_cthun_3132996162805231_IN_AM_ME,59903,81.06%,
3T,VW_DH_VW_VF_nzoth_yogg_cthun_3150268515802607_Mis_AM_ME_DS,59902,81.06%,
3T,AR_SW_VF_nzoth_yogg_cthun_3132858790436351_IN_IV_DR,59902,81.06%,
3T,VW_DH_TV_VF_nzoth_yogg_cthun_3132807393369583_Mis_IV_ME_DS,59899,81.05%,
3T,AR_SP_VF_yshaarj_nzoth_yogg_4014400760831487_IN_IV_ME,59896,81.04%,
3T,AR_SP_VF_nzoth_yogg_cthun_3132859864178159_IN_AM_ME,59895,81.04%,
3T,VW_DH_TV_VF_nzoth_yogg_cthun_3132943691472367_Mis_AM_ME_DS,59895,81.04%,
3T,AR_SP_VF_nzoth_yogg_cthun_3132859058871791_IN_AM_DR,59894,81.04%,
3T,AR_SP_VF_nzoth_yogg_cthun_3132859864178159_Mis_IV_ME,59893,81.03%,
3T,VW_DH_VW_VF_nzoth_yogg_cthun_3132813768719855_Mis_IV_ME_DS,59886,81.01%,
3T,AR_SW_VF_nzoth_yogg_cthun_3150313470426607_IN_AM_DR,59885,81.01%,
3T,VW_DH_VW_VF_yshaarj_nzoth_yogg_3977567263842285_IN_AM_ME,59879,80.99%,
3T,VW_DH_TV_VF_nzoth_yogg_cthun_3132936175279599_Mis_AM_DR,59875,80.98%,
3T,VW_DH_VW_VF_nzoth_yogg_cthun_3132798736326143_Mis_IV_ME,59873,80.97%,
3T,AR_SP_VF_yshaarj_nzoth_yogg_4013301584748015_IN_IV_ME,59872,80.97%,
3T,VW_DH_VW_VF_nzoth_yogg_cthun_3132813835820527_Mis_IV_ME_DS,59868,80.96%,
3T,VW_DH_VW_VF_nzoth_yogg_cthun_3150262073351663_Mis_AM_ME_DS,59861,80.94%,
3T,VW_DH_VW_VF_nzoth_yogg_cthun_3132798736850415_Mis_IV_ME,59857,80.92%,
3T,VW_DH_TV_VF_nzoth_yogg_cthun_3132942684839407_Mis_AM_DR_DS,59857,80.92%,
3T,AR_SP_VF_yshaarj_nzoth_yogg_4013438688165359_IN_IV_DR,59852,80.91%,
3T,VW_DH_VW_VF_nzoth_yogg_cthun_3135005275774447_Mis_AM_DR_DS,59851,80.91%,
3T,VW_DH_TV_VF_nzoth_yogg_cthun_3150534803774959_Mis_AM_ME_DS,59850,80.90%,
3T,AR_SW_VF_nzoth_yogg_cthun_3132996162289135_Mis_IV_DR,59849,80.90%,
3T,VW_DH_VW_VF_nzoth_yogg_cthun_3133363524525551_Mis_IV_DR_DS,59848,80.90%,
3T,VW_DH_TV_VF_nzoth_yogg_cthun_3132798736326143_Mis_IV_DR,59845,80.89%,
3T,AR_SP_VF_yshaarj_nzoth_yogg_4013851005541871_IN_IV_DR,59845,80.89%,
3T,AR_SP_VF_yshaarj_nzoth_yogg_4014409417874927_IN_IV_DR_DS,59845,80.89%,
3T,AR_SP_VF_yshaarj_nzoth_yogg_3977567188409839_Mis_IV_ME,59843,80.88%,
3T,AR_SP_VF_nzoth_yogg_cthun_3169151264087535_Mis_IV_DR,59840,80.87%,
3T,AR_SP_VF_nzoth_yogg_cthun_3150313470942703_Mis_AM_ME,59840,80.87%,
3T,AR_SP_VF_yshaarj_nzoth_yogg_3977567188409839_IN_AM_DR,59839,80.87%,
3T,AR_EC_VF_nzoth_yogg_cthun_3150313470418431_Mis_AM_DR,59836,80.86%,
3T,AR_EC_VF_nzoth_yogg_cthun_3132867380370927_IN_AM_DR,59829,80.84%,
3T,AR_SW_VF_nzoth_yogg_cthun_3132867313270255_IN_IV_DR,59826,80.83%,
3T,AR_EC_VF_yshaarj_nzoth_yogg_4014400760839663_IN_AM_DR,59825,80.83%,
3T,VW_DH_VW_VF_nzoth_yogg_cthun_3135005275774447_Mis_AM_ME_DS,59822,80.82%,
3T,AR_SW_VF_nzoth_yogg_cthun_3132875903720943_IN_IV_DR_DS,59821,80.82%,
3T,AR_EC_VF_yshaarj_nzoth_yogg_4013302390054383_IN_IV_ME,59820,80.81%,
3T,AR_EC_VF_nzoth_yogg_cthun_3132867313786351_IN_AM_ME,59820,80.81%,
3T,VW_DH_VW_VF_nzoth_yogg_cthun_3132859939610605_IN_IV_ME,59818,80.81%,
3T,AR_EC_VF_yshaarj_nzoth_yogg_4014409351290351_IN_IV_DR_DS,59817,80.80%,
3T,VW_DH_TV_VF_nzoth_yogg_cthun_3132791220133375_Mis_AM_ME,59816,80.80%,
3T,VW_DH_VW_VF_nzoth_yogg_cthun_3132943691472367_Mis_AM_DR_DS,59816,80.80%,
3T,AR_SP_VF_yshaarj_nzoth_yogg_4014400761355759_Mis_IV_ME,59815,80.80%,
3T,VW_DH_VW_VF_nzoth_yogg_cthun_3135006349516271_Mis_IV_DR_DS,59814,80.79%,
3T,AR_SP_VF_nzoth_yogg_cthun_3132996162289135_Mis_IV_ME,59811,80.79%,
3T,AR_SW_VF_yshaarj_nzoth_yogg_4013438755266031_Mis_AM_DR,59811,80.78%,
3T,VW_DH_TV_VF_nzoth_yogg_cthun_3132797663108591_Mis_AM_DR,59809,80.78%,
3T,AR_EC_VF_yshaarj_nzoth_yogg_4013302390054383_Mis_IV_ME,59808,80.78%,
3T,AR_EC_VF_nzoth_yogg_cthun_3132996229389807_Mis_AM_DR,59807,80.77%,
3T,VW_DH_TV_VF_nzoth_yogg_cthun_3132813835820527_Mis_IV_DR_DS,59807,80.77%,
3T,VW_DH_TV_VF_nzoth_yogg_cthun_3134997759581679_Mis_AM_ME,59805,80.77%,
3T,AR_SW_VF_nzoth_yogg_cthun_3132859058871791_IN_AM_DR,59804,80.76%,
3T,AR_SW_VF_nzoth_yogg_cthun_3150313470942703_Mis_AM_DR,59802,80.76%,
3T,AR_EC_VF_nzoth_yogg_cthun_3132996162280959_Mis_IV_DR,59801,80.76%,
3T,VW_DH_TV_VF_yshaarj_nzoth_yogg_3977498611473903_Mis_AM_ME,59798,80.75%,
3T,VW_DH_VW_VF_yshaarj_nzoth_yogg_4049525145918959_Mis_AM_DR_DS,59794,80.73%,
3T,AR_SP_VF_nzoth_yogg_cthun_3132859797593583_IN_AM_DR,59792,80.73%,
3T,VW_DH_VW_VF_nzoth_yogg_cthun_3132942618254831_Mis_IV_DR_DS,59791,80.73%,
3T,VW_DH_VW_VF_yshaarj_nzoth_yogg_4049522998443503_Mis_AM_ME_DS,59790,80.72%,
3T,AR_SW_VF_yshaarj_nzoth_yogg_4013301584748015_Mis_IV_ME,59789,80.72%,
3T,VW_DH_VW_VF_nzoth_yogg_cthun_3135004202556911_Mis_IV_ME_DS,59789,80.72%,
3T,AR_EC_VF_yshaarj_nzoth_yogg_3977567121300991_IN_AM_ME,59786,80.71%,
3T,AR_SP_VF_nzoth_yogg_cthun_3132858790960623_IN_AM_DR,59785,80.71%,
3T,VW_DH_VW_VF_nzoth_yogg_cthun_3150259925868031_Mis_AM_DR_DS,59780,80.69%,
3T,AR_SP_VF_yshaarj_nzoth_yogg_4014409417874927_IN_IV_ME_DS,59777,80.68%,
3T,AR_SP_VF_yshaarj_nzoth_yogg_4013301316836847_Mis_IV_DR,59775,80.68%,
3T,AR_EC_VF_yshaarj_nzoth_yogg_4013302322953711_Mis_IV_DR,59767,80.65%,
3T,AR_SW_VF_nzoth_yogg_cthun_3132867313270255_IN_IV_ME,59767,80.65%,
3T,VW_DH_VW_VF_nzoth_yogg_cthun_3132791220141551_Mis_AM_DR,59766,80.65%,
3T,AR_EC_VF_yshaarj_nzoth_yogg_4013301316836847_Mis_IV_ME,59765,80.65%,
3T,AR_EC_VF_yshaarj_nzoth_yogg_4014409417874927_IN_IV_ME_DS,59757,80.62%,
3T,AR_EC_VF_yshaarj_nzoth_yogg_4013851072126447_Mis_IV_ME,59755,80.62%,
3T,AR_EC_VF_yshaarj_nzoth_yogg_4014400760831487_Mis_IV_DR,59755,80.62%,
3T,VW_DH_TV_VF_nzoth_yogg_cthun_3132797662584319_Mis_AM_DR,59753,80.61%,
3T,VW_DH_VW_VF_nzoth_yogg_cthun_3135004202032639_Mis_IV_DR_DS,59747,80.59%,
3T,VW_DH_TV_VF_nzoth_yogg_cthun_3132936175279599_Mis_AM_ME,59746,80.59%,
3T,AR_SW_VF_nzoth_yogg_cthun_3132859058871791_Mis_IV_ME,59746,80.59%,
3T,VW_DH_VW_VF_yshaarj_nzoth_yogg_4049797876342255_Mis_AM_DR_DS,59743,80.58%,
3T,AR_EC_VF_yshaarj_nzoth_yogg_4013447345200623_Mis_IV_ME_DS,59738,80.57%,
3T,VW_DH_VW_VF_nzoth_yogg_cthun_3150262073351663_Mis_AM_DR_DS,59738,80.57%,
3T,AR_SP_VF_nzoth_yogg_cthun_3132859058871791_IN_AM_ME,59736,80.56%,
3T,AR_SW_VF_yshaarj_nzoth_yogg_3977567188409839_IN_AM_DR,59736,80.56%,
3T,AR_SW_VF_nzoth_yogg_cthun_3132859058871791_IN_AM_ME,59735,80.56%,
3T,AR_SP_VF_nzoth_yogg_cthun_3150313470418431_IN_AM_ME,59734,80.55%,
3T,AR_EC_VF_nzoth_yogg_cthun_3132859797069311_IN_AM_DR,59733,80.55%,
3T,VW_DH_TV_VF_nzoth_yogg_cthun_3132799810067951_Mis_AM_ME,59733,80.55%,
3T,VW_DH_TV_VF_yshaarj_nzoth_yogg_3977513576758767_Mis_AM_DR_DS,59724,80.52%,
3T,AR_EC_VF_yshaarj_nzoth_yogg_4013438755266031_IN_AM_DR,59724,80.52%,
3T,VW_DH_VW_VF_nzoth_yogg_cthun_3205372946210287_Mis_AM_ME_DS,59721,80.51%,
3T,VW_DH_TV_VF_nzoth_yogg_cthun_3132927585345023_Mis_AM_DR,59721,80.51%,
3T,AR_EC_VF_yshaarj_nzoth_yogg_4013851005017599_IN_IV_DR,59720,80.51%,
3T,AR_SP_VF_nzoth_yogg_cthun_3132858790960623_Mis_IV_ME,59718,80.51%,
3T,AR_EC_VF_yshaarj_nzoth_yogg_3977567121309167_Mis_IV_DR,59718,80.50%,
3T,AR_EC_VF_yshaarj_nzoth_yogg_4013301316320751_IN_IV_ME,59717,80.50%,
3T,VW_DH_TV_VF_nzoth_yogg_cthun_3132927585353199_Mis_AM_ME,59714,80.49%,
3T,AR_EC_VF_yshaarj_nzoth_yogg_4013851005541871_Mis_IV_DR,59710,80.48%,
3T,AR_EC_VF_yshaarj_nzoth_yogg_3977567188409839_Mis_IV_ME,59709,80.48%,
3T,VW_DH_TV_VF_nzoth_yogg_cthun_3133363524525551_Mis_IV_DR_DS,59708,80.48%,
3T,AR_EC_VF_yshaarj_nzoth_yogg_4013318496181743_IN_IV_DR_DS,59705,80.46%,
3T,AR_SW_VF_nzoth_yogg_cthun_3132859797593583_Mis_IV_DR,59702,80.46%,
3T,AR_SP_VF_nzoth_yogg_cthun_3132859797593583_IN_AM_ME,59702,80.46%,
3T,AR_EC_VF_yshaarj_nzoth_yogg_4013310174682607_IN_IV_DR_DS,59699,80.45%,
3T,AR_SW_VF_nzoth_yogg_cthun_3132859864178159_Mis_IV_DR,59697,80.44%,
3T,AR_SP_VF_yshaarj_nzoth_yogg_4013851072126447_IN_IV_ME,59692,80.43%,
3T,AR_EC_VF_nzoth_yogg_cthun_3132996162280959_IN_AM_DR,59692,80.43%,
3T,AR_EC_VF_nzoth_yogg_cthun_3132858723859951_Mis_IV_ME,59690,80.42%,
3T,AR_SP_VF_nzoth_yogg_cthun_3150313470426607_Mis_AM_DR,59688,80.41%,
3T,AR_SP_VF_yshaarj_nzoth_yogg_4014400827940335_IN_AM_DR,59687,80.41%,
3T,AR_SW_VF_nzoth_yogg_cthun_3132858723851775_IN_IV_ME,59684,80.40%,
3T,VW_DH_VW_VF_nzoth_yogg_cthun_3132807393369583_Mis_IV_ME_DS,59683,80.40%,
3T,AR_SP_VF_nzoth_yogg_cthun_3132875903204847_IN_IV_ME_DS,59682,80.40%,
3T,VW_DH_TV_VF_nzoth_yogg_cthun_3132806252527087_Mis_AM_DR_DS,59681,80.39%,
3T,AR_EC_VF_yshaarj_nzoth_yogg_4013301584748015_IN_AM_DR,59679,80.39%,
3T,AR_SP_VF_nzoth_yogg_cthun_3132858723851775_IN_IV_ME,59674,80.37%,
3T,VW_DH_TV_VF_nzoth_yogg_cthun_3205372946210287_Mis_AM_ME_DS,59673,80.37%,
3T,VW_DH_VW_VF_nzoth_yogg_cthun_3132943691472367_Mis_AM_ME_DS,59671,80.36%,
3T,AR_EC_VF_yshaarj_nzoth_yogg_3977567121309167_IN_AM_ME,59671,80.36%,
3T,VW_DH_TV_VF_nzoth_yogg_cthun_3134997759581679_Mis_AM_DR,59669,80.36%,
3T,AR_SW_VF_nzoth_yogg_cthun_3132859864178159_IN_AM_ME,59669,80.36%,
3T,VW_DH_VW_VF_nzoth_yogg_cthun_3132936175279599_Mis_AM_ME,59667,80.35%,
3T,AR_SP_VF_nzoth_yogg_cthun_3132859797593583_Mis_IV_DR,59667,80.35%,
3T,AR_EC_VF_yshaarj_nzoth_yogg_4013318496181743_Mis_IV_DR_DS,59664,80.34%,
3T,AR_SP_VF_yshaarj_nzoth_yogg_4013438688157183_Mis_IV_DR,59664,80.34%,
3T,AR_EC_VF_nzoth_yogg_cthun_3132858790444527_Mis_IV_ME,59663,80.34%,
3T,AR_EC_VF_yshaarj_nzoth_yogg_4013301249736175_IN_IV_DR,59662,80.33%,
3T,AR_SP_VF_nzoth_yogg_cthun_3132858723335679_IN_IV_ME,59661,80.33%,
3T,AR_EC_VF_nzoth_yogg_cthun_3150313470418431_Mis_AM_ME,59661,80.33%,
3T,AR_SW_VF_nzoth_yogg_cthun_3132859797593583_IN_AM_ME,59661,80.33%,
3T,AR_SP_VF_yshaarj_nzoth_yogg_3977567188409839_IN_AM_ME,59660,80.33%,
3T,VW_DH_VW_VF_nzoth_yogg_cthun_3132797662584319_Mis_AM_DR,59658,80.32%,
3T,VW_DH_TV_VF_nzoth_yogg_cthun_3133347418398191_Mis_AM_ME,59657,80.32%,
3T,AR_EC_VF_yshaarj_nzoth_yogg_4014400761355759_IN_AM_ME,59655,80.31%,
3T,AR_EC_VF_nzoth_yogg_cthun_3132867380370927_Mis_IV_DR,59653,80.31%,
3T,AR_EC_VF_nzoth_yogg_cthun_3132996229389807_Mis_AM_ME,59653,80.31%,
3T,AR_SP_VF_yshaarj_nzoth_yogg_4013302323469807_IN_IV_DR,59653,80.31%,
3T,VW_DH_TV_VF_nzoth_yogg_cthun_3150259926392303_Mis_AM_ME_DS,59652,80.30%,
3T,VW_DH_VW_VF_yshaarj_nzoth_yogg_4049522998435327_Mis_AM_DR_DS,59651,80.30%,
3T,AR_EC_VF_yshaarj_nzoth_yogg_4014409417874927_Mis_IV_DR_DS,59650,80.30%,
3T,AR_SP_VF_nzoth_yogg_cthun_3132858790960623_Mis_IV_DR,59649,80.30%,
3T,AR_SW_VF_yshaarj_nzoth_yogg_3977567188409839_IN_AM_ME,59649,80.30%,
3T,VW_DH_TV_VF_nzoth_yogg_cthun_3135004202040815_Mis_AM_DR_DS,59649,80.30%,
3T,AR_EC_VF_yshaarj_nzoth_yogg_4013576194219503_Mis_IV_ME,59647,80.29%,
3T,AR_EC_VF_yshaarj_nzoth_yogg_4013301316320751_Mis_IV_ME,59644,80.28%,
3T,AR_EC_VF_yshaarj_nzoth_yogg_4013302322945535_IN_IV_DR,59642,80.27%,
3T,VW_DH_TV_VF_yshaarj_nzoth_cthun_3768322899631599_Mis_AM_ME_DS,59640,80.27%,
3T,AR_SP_VF_yshaarj_nzoth_yogg_4013438688165359_IN_IV_ME,59639,80.27%,
3T,AR_SW_VF_yshaarj_nzoth_yogg_4013302390054383_Mis_IV_DR,59638,80.26%,
3T,AR_SW_VF_yshaarj_nzoth_yogg_4014409417874927_IN_IV_DR_DS,59637,80.26%,
3T,AR_EC_VF_yshaarj_nzoth_yogg_4013301316312575_Mis_IV_DR,59633,80.25%,
3T,VW_DH_TV_VF_nzoth_yogg_cthun_3132807393369583_Mis_IV_DR_DS,59632,80.24%,
3T,VW_DH_VW_VF_nzoth_yogg_cthun_3205372946210287_Mis_AM_DR_DS,59627,80.23%,
3T,VW_DH_TV_VF_yshaarj_nzoth_yogg_3977567263842285_IN_IV_ME,59625,80.22%,
3T,AR_SW_VF_yshaarj_nzoth_yogg_4013301316836847_IN_IV_DR,59624,80.22%,
3T,AR_EC_VF_yshaarj_nzoth_yogg_4013576127634927_IN_IV_DR,59623,80.22%,
3T,VW_DH_TV_VF_nzoth_yogg_cthun_3132797662584319_Mis_AM_ME,59622,80.21%,
3T,VW_DH_TV_VF_yshaarj_nzoth_yogg_4049523065544175_Mis_AM_DR_DS,59619,80.21%,
3T,VW_DH_VW_VF_nzoth_yogg_cthun_3135004202040815_Mis_AM_DR_DS,59619,80.21%,
3T,VW_DH_VW_VF_nzoth_yogg_cthun_3134997759581679_Mis_AM_ME,59617,80.20%,
3T,VW_DH_VW_VF_nzoth_yogg_cthun_3132936175279599_Mis_AM_DR,59617,80.20%,
3T,AR_EC_VF_yshaarj_nzoth_yogg_4013851072126447_IN_IV_ME,59616,80.19%,
3T,VW_DH_VW_VF_nzoth_yogg_cthun_3132791287242223_Mis_AM_ME,59615,80.19%,
3T,VW_DH_TV_VF_nzoth_yogg_cthun_3132791220133375_Mis_AM_DR,59614,80.19%,
3T,AR_SP_VF_yshaarj_nzoth_yogg_3977567121825263_IN_AM_ME,59613,80.19%,
3T,AR_SW_VF_nzoth_yogg_cthun_3132875970305519_IN_IV_ME_DS,59613,80.19%,
3T,AR_SP_VF_yshaarj_nzoth_yogg_4013576194219503_Mis_IV_DR,59611,80.18%,
3T,VW_DH_TV_VF_nzoth_yogg_cthun_3132858866393069_IN_IV_ME,59609,80.18%,
3T,AR_SW_VF_nzoth_yogg_cthun_3150313470418431_IN_AM_DR,59609,80.17%,
3T,VW_DH_VW_VF_nzoth_yogg_cthun_3132806252527087_Mis_AM_DR_DS,59609,80.17%,
3T,VW_DH_TV_VF_yshaarj_nzoth_yogg_3977513643859439_Mis_AM_DR_DS,59608,80.17%,
3T,AR_EC_VF_yshaarj_nzoth_yogg_4013851005025775_IN_IV_DR,59607,80.17%,
3T,VW_DH_VW_VF_nzoth_yogg_cthun_3132797662592495_Mis_AM_ME,59606,80.17%,
3T,AR_SW_VF_yshaarj_nzoth_yogg_4014400761355759_Mis_IV_DR,59604,80.16%,
3T,AR_EC_VF_nzoth_yogg_cthun_3132875903204847_IN_IV_DR_DS,59603,80.16%,
3T,AR_SW_VF_yshaarj_nzoth_yogg_4013447345200623_Mis_IV_DR_DS,59602,80.15%,
3T,AR_EC_VF_nzoth_yogg_cthun_3132867313270255_IN_AM_ME,59597,80.14%,
3T,VW_DH_VW_VF_yshaarj_nzoth_yogg_4049797876342255_Mis_AM_ME_DS,59596,80.14%,
3T,AR_EC_VF_yshaarj_nzoth_yogg_3977567121300991_Mis_IV_DR,59594,80.13%,
3T,AR_SP_VF_yshaarj_nzoth_yogg_4014400760839663_Mis_IV_ME,59593,80.13%,
3T,AR_EC_VF_yshaarj_nzoth_yogg_4013438688165359_Mis_AM_DR,59592,80.12%,
3T,AR_EC_VF_yshaarj_nzoth_yogg_4013438688681455_Mis_AM_DR,59592,80.12%,
3T,AR_EC_VF_yshaarj_nzoth_yogg_4013318429597167_IN_IV_DR_DS,59591,80.12%,
3T,AR_SP_VF_yshaarj_nzoth_yogg_4013438688681455_IN_IV_ME,59590,80.12%,
3T,VW_DH_TV_VF_yshaarj_nzoth_yogg_3977773422271983_Mis_AM_DR,59590,80.12%,
3T,AR_SW_VF_yshaarj_nzoth_yogg_4013302390054383_IN_IV_DR,59581,80.09%,
3T,AR_EC_VF_yshaarj_nzoth_yogg_4013447278616047_IN_IV_DR_DS,59581,80.09%,
3T,AR_SW_VF_nzoth_yogg_cthun_3150313470426607_IN_AM_ME,59581,80.09%,
3T,AR_SP_VF_yshaarj_nzoth_yogg_4013310174682607_Mis_IV_DR_DS,59580,80.09%,
3T,VW_DH_VW_VF_yshaarj_nzoth_yogg_4049522998959599_Mis_AM_DR_DS,59578,80.08%,
3T,AR_SW_VF_nzoth_yogg_cthun_3132875970305519_IN_IV_DR_DS,59576,80.07%,
3T,VW_DH_VW_VF_nzoth_yogg_cthun_3132791287242223_Mis_AM_DR,59571,80.06%,
3T,AR_SW_VF_yshaarj_nzoth_yogg_4013438755266031_IN_IV_ME,59570,80.06%,
3T,AR_EC_VF_yshaarj_nzoth_yogg_4013576194219503_IN_IV_ME,59569,80.05%,
3T,AR_EC_VF_nzoth_yogg_cthun_3169151197502959_IN_IV_DR,59566,80.05%,
3T,VW_DH_VW_VF_nzoth_yogg_cthun_3150259926392303_Mis_AM_DR_DS,59565,80.04%,
3T,VW_DH_TV_VF_nzoth_yogg_cthun_3132815916195311_Mis_IV_ME_DS,59564,80.04%,
3T,AR_EC_VF_yshaarj_nzoth_yogg_4013301316836847_IN_IV_ME,59559,80.02%,
3T,AR_EC_VF_yshaarj_nzoth_yogg_4013438755266031_IN_AM_ME,59557,80.02%,
3T,VW_DH_TV_VF_nzoth_yogg_cthun_3132806319627759_Mis_AM_DR_DS,59556,80.01%,
3T,VW_DH_TV_VF_yshaarj_nzoth_yogg_3977498544373231_Mis_AM_ME,59555,80.01%,
3T,VW_DH_VW_VF_nzoth_yogg_cthun_3150259925876207_Mis_AM_ME_DS,59554,80.01%,
3T,AR_SP_VF_nzoth_yogg_cthun_3132875903204847_IN_IV_DR_DS,59549,79.99%,
3T,VW_DH_VW_VF_yshaarj_nzoth_yogg_4049525145918959_Mis_AM_ME_DS,59548,79.99%,
3T,AR_EC_VF_yshaarj_nzoth_yogg_3977567121300991_IN_AM_DR,59548,79.99%,
3T,AR_SP_VF_nzoth_yogg_cthun_3169151264087535_IN_IV_DR,59547,79.99%,
3T,VW_DH_TV_VF_nzoth_yogg_cthun_3132867455803373_IN_IV_ME,59547,79.99%,
3T,AR_SP_VF_yshaarj_nzoth_yogg_4014409351290351_IN_IV_DR_DS,59545,79.98%,
3T,AR_SP_VF_yshaarj_nzoth_yogg_4013301316320751_Mis_IV_DR,59539,79.96%,
3T,VW_DH_TV_VF_nzoth_yogg_cthun_3150259925868031_Mis_AM_ME_DS,59538,79.96%,
3T,AR_EC_VF_yshaarj_nzoth_yogg_4014409350774255_IN_IV_ME_DS,59537,79.96%,
3T,AR_EC_VF_nzoth_yogg_cthun_3132859797077487_IN_AM_ME,59536,79.95%,
3T,AR_EC_VF_nzoth_yogg_cthun_3132996162805231_Mis_AM_DR,59535,79.95%,
3T,VW_DH_TV_VF_nzoth_yogg_cthun_3135004269141487_Mis_AM_DR_DS,59530,79.94%,
3T,AR_SW_VF_yshaarj_nzoth_yogg_4013851072126447_Mis_IV_DR,59524,79.92%,
3T,VW_DH_TV_VF_yshaarj_nzoth_yogg_4049523065544175_Mis_AM_ME_DS,59519,79.90%,
3T,AR_SP_VF_yshaarj_nzoth_yogg_4013447345200623_IN_IV_DR_DS,59515,79.89%,
3T,VW_DH_VW_VF_nzoth_yogg_cthun_3132799810067951_Mis_AM_ME,59514,79.89%,
3T,AR_SW_VF_yshaarj_nzoth_yogg_4013301316836847_Mis_IV_DR,59513,79.88%,
3T,VW_DH_TV_VF_nzoth_yogg_cthun_3132927585869295_Mis_AM_ME,59512,79.88%,
3T,AR_EC_VF_yshaarj_nzoth_yogg_4013302323469807_IN_IV_ME,59512,79.88%,
3T,VW_DH_VW_VF_nzoth_yogg_cthun_3150534803774959_Mis_AM_ME_DS,59509,79.87%,
3T,AR_EC_VF_yshaarj_nzoth_yogg_4013576127118831_IN_IV_DR,59508,79.87%,
3T,AR_SP_VF_nzoth_yogg_cthun_3132996162289135_IN_AM_DR,59508,79.87%,
3T,AR_SP_VF_yshaarj_nzoth_yogg_4013438688165359_Mis_IV_ME,59507,79.87%,
3T,AR_SP_VF_yshaarj_nzoth_yogg_4013851005025775_IN_IV_DR,59507,79.87%,
3T,AR_SW_VF_yshaarj_nzoth_yogg_4013438688165359_IN_IV_DR,59504,79.86%,
3T,VW_DH_VW_VF_nzoth_yogg_cthun_3132942617738735_Mis_AM_DR_DS,59501,79.85%,
3T,VW_DH_TV_VF_nzoth_yogg_cthun_3132859939610605_IN_IV_DR,59501,79.85%,
3T,AR_SP_VF_nzoth_yogg_cthun_3132858723335679_IN_IV_DR,59500,79.85%,
3T,AR_SW_VF_yshaarj_nzoth_yogg_3977567121825263_IN_AM_DR,59499,79.84%,
3T,AR_EC_VF_yshaarj_nzoth_yogg_4013301584748015_IN_AM_ME,59498,79.84%,
3T,AR_SW_VF_nzoth_yogg_cthun_3150313470942703_Mis_AM_ME,59498,79.84%,
3T,AR_EC_VF_yshaarj_nzoth_yogg_4013301249736175_Mis_IV_DR,59497,79.84%,
3T,VW_DH_VW_VF_nzoth_yogg_cthun_3132813835820527_Mis_IV_DR_DS,59496,79.83%,
3T,AR_EC_VF_yshaarj_nzoth_yogg_4013447278616047_Mis_IV_DR_DS,59492,79.82%,
3T,AR_EC_VF_nzoth_yogg_cthun_3169151264087535_IN_IV_ME,59492,79.82%,
3T,AR_SW_VF_yshaarj_nzoth_yogg_4013301316320751_IN_IV_DR,59491,79.82%,
3T,AR_SW_VF_nzoth_yogg_cthun_3132996162805231_IN_AM_ME,59491,79.82%,
3T,AR_SP_VF_nzoth_yogg_cthun_3132996229389807_Mis_AM_DR,59491,79.82%,
3T,AR_EC_VF_nzoth_yogg_cthun_3169159854022127_Mis_IV_DR_DS,59489,79.81%,
3T,AR_SP_VF_yshaarj_nzoth_yogg_4013447345200623_Mis_IV_ME_DS,59487,79.81%,
3T,AR_EC_VF_yshaarj_nzoth_yogg_4014400760839663_IN_AM_ME,59485,79.80%,
3T,AR_EC_VF_yshaarj_nzoth_yogg_4013851072126447_Mis_AM_DR,59485,79.80%,
3T,AR_SP_VF_yshaarj_nzoth_yogg_3977567121825263_IN_AM_DR,59483,79.79%,
3T,AR_EC_VF_nzoth_yogg_cthun_3132996162280959_Mis_IV_ME,59479,79.78%,
3T,VW_DH_VW_VF_nzoth_yogg_cthun_3132791220141551_Mis_AM_ME,59479,79.78%,
3T,AR_SW_VF_nzoth_yogg_cthun_3132858790960623_Mis_IV_ME,59479,79.78%,
3T,AR_EC_VF_yshaarj_nzoth_yogg_4014400760831487_Mis_IV_ME,59475,79.77%,
3T,AR_SW_VF_nzoth_yogg_cthun_3132859797593583_Mis_IV_ME,59474,79.77%,
3T,VW_DH_VW_VF_nzoth_yogg_cthun_3132798736850415_Mis_IV_DR,59474,79.77%,
3T,AR_SW_VF_nzoth_yogg_cthun_3132858790960623_IN_AM_DR,59473,79.76%,
3T,AR_EC_VF_yshaarj_nzoth_yogg_4013851005025775_Mis_IV_DR,59472,79.76%,
3T,AR_EC_VF_nzoth_yogg_cthun_3132858723859951_IN_AM_ME,59469,79.75%,
3T,VW_DH_VW_VF_nzoth_yogg_cthun_3132798736326143_Mis_IV_DR,59467,79.75%,
3T,AR_SP_VF_yshaarj_nzoth_yogg_4013576194219503_IN_IV_DR,59466,79.74%,
3T,AR_EC_VF_nzoth_yogg_cthun_3132859797593583_Mis_IV_ME,59466,79.74%,
3T,AR_SP_VF_nzoth_yogg_cthun_3132859797077487_IN_AM_DR,59463,79.73%,
3T,VW_DH_TV_VF_yshaarj_nzoth_yogg_3977773422271983_Mis_AM_ME,59462,79.73%,
3T,AR_SW_VF_nzoth_yogg_cthun_3132859864178159_Mis_IV_ME,59462,79.73%,
3T,AR_SP_VF_nzoth_yogg_cthun_3132858790444527_Mis_IV_DR,59461,79.73%,
3T,AR_EC_VF_yshaarj_nzoth_yogg_4013301316312575_IN_IV_DR,59459,79.72%,
3T,AR_EC_VF_yshaarj_nzoth_yogg_4014409417874927_Mis_IV_ME_DS,59453,79.70%,
3T,AR_SW_VF_nzoth_yogg_cthun_3132858790960623_Mis_IV_DR,59453,79.70%,
3T,VW_DH_TV_VF_nzoth_yogg_cthun_3132942684839407_Mis_AM_ME_DS,59449,79.69%,
3T,VW_DH_TV_VF_yshaarj_nzoth_yogg_3977498611473903_Mis_AM_DR,59447,79.69%,
3T,AR_EC_VF_nzoth_yogg_cthun_3169151197502959_Mis_IV_DR,59447,79.68%,
3T,AR_SW_VF_nzoth_yogg_cthun_3150313470418431_IN_AM_ME,59436,79.65%,
3T,AR_EC_VF_yshaarj_nzoth_yogg_4013310979988975_Mis_IV_DR_DS,59434,79.65%,
3T,AR_EC_VF_yshaarj_nzoth_yogg_4013851005017599_Mis_IV_DR,59434,79.65%,
3T,AR_SP_VF_nzoth_yogg_cthun_3132867313262079_IN_IV_DR,59434,79.65%,
3T,VW_DH_TV_VF_nzoth_yogg_cthun_3132927585345023_Mis_AM_ME,59433,79.64%,
3T,AR_EC_VF_yshaarj_nzoth_yogg_3977567121309167_Mis_IV_ME,59432,79.64%,
3T,AR_EC_VF_yshaarj_nzoth_yogg_4014400827940335_Mis_AM_ME,59430,79.63%,
3T,AR_EC_VF_nzoth_yogg_cthun_3132858790444527_IN_AM_ME,59429,79.63%,
3T,AR_SW_VF_yshaarj_nzoth_yogg_4013851072126447_IN_IV_DR,59429,79.63%,
3T,AR_EC_VF_nzoth_yogg_cthun_3169159854022127_IN_IV_DR_DS,59428,79.63%,
3T,VW_DH_VW_VF_nzoth_yogg_cthun_3132797729693167_Mis_AM_ME,59428,79.63%,
3T,VW_DH_TV_VF_nzoth_yogg_cthun_3135004269141487_Mis_AM_ME_DS,59427,79.62%,
3T,VW_DH_TV_VF_yshaarj_nzoth_yogg_3977513643859439_Mis_AM_ME_DS,59427,79.62%,
3T,AR_SP_VF_yshaarj_nzoth_yogg_4013301316836847_Mis_IV_ME,59426,79.62%,
3T,VW_DH_VW_VF_nzoth_yogg_cthun_3132815916195311_Mis_IV_ME_DS,59426,79.62%,
3T,AR_SP_VF_yshaarj_nzoth_yogg_4013438688157183_IN_IV_DR,59425,79.62%,
3T,VW_DH_TV_VF_nzoth_yogg_cthun_3132798803434991_Mis_AM_ME,59423,79.61%,
3T,AR_SW_VF_nzoth_yogg_cthun_3132996162289135_Mis_IV_ME,59422,79.61%,
3T,AR_SP_VF_yshaarj_nzoth_yogg_4013438755266031_IN_AM_DR,59419,79.60%,
3T,AR_EC_VF_yshaarj_nzoth_yogg_4013302390054383_Mis_AM_DR,59417,79.60%,
3T,AR_EC_VF_nzoth_yogg_cthun_3132996162280959_IN_AM_ME,59417,79.60%,
3T,AR_EC_VF_yshaarj_nzoth_yogg_4013301249736175_IN_IV_ME,59416,79.59%,
3T,AR_EC_VF_nzoth_yogg_cthun_3132859797077487_Mis_IV_ME,59416,79.59%,
3T,VW_DH_VW_VF_nzoth_yogg_cthun_3132858866393069_IN_IV_ME,59416,79.59%,
3T,VW_DH_TV_VF_yshaarj_nzoth_yogg_3977498544365055_Mis_AM_ME,59416,79.59%,
3T,AR_SW_VF_nzoth_yogg_cthun_3132996162289135_IN_AM_DR,59414,79.59%,
3T,VW_DH_VW_VF_nzoth_yogg_cthun_3150259925868031_Mis_AM_ME_DS,59414,79.58%,
3T,VW_DH_TV_VF_nzoth_yogg_cthun_3132806319627759_Mis_AM_ME_DS,59411,79.58%,
3T,VW_DH_TV_VF_nzoth_yogg_cthun_3132798736334319_Mis_AM_DR,59408,79.57%,
3T,AR_SW_VF_nzoth_yogg_cthun_3132859797077487_Mis_IV_DR,59408,79.57%,
3T,AR_SP_VF_nzoth_yogg_cthun_3150313470426607_Mis_AM_ME,59407,79.56%,
3T,AR_EC_VF_yshaarj_nzoth_yogg_3977567121300991_Mis_IV_ME,59405,79.56%,
3T,VW_DH_VW_VF_nzoth_yogg_cthun_3132799810067951_Mis_AM_DR,59403,79.55%,
3T,AR_EC_VF_nzoth_yogg_cthun_3132858790436351_IN_AM_DR,59402,79.55%,
3T,VW_DH_VW_VF_nzoth_yogg_cthun_3134997759581679_Mis_AM_DR,59399,79.54%,
3T,AR_EC_VF_yshaarj_nzoth_yogg_4013576127634927_Mis_IV_DR,59398,79.54%,
3T,AR_SW_VF_yshaarj_nzoth_yogg_4014400827940335_IN_AM_DR,59398,79.54%,
3T,AR_EC_VF_yshaarj_nzoth_yogg_4013302322953711_Mis_IV_ME,59397,79.53%,
3T,AR_SP_VF_nzoth_yogg_cthun_3132996162280959_Mis_IV_DR,59396,79.53%,
3T,VW_DH_TV_VF_nzoth_yogg_cthun_3132813768711679_Mis_IV_ME_DS,59396,79.53%,
3T,AR_EC_VF_nzoth_yogg_cthun_3132859797069311_IN_AM_ME,59395,79.53%,
3T,VW_DH_TV_VF_nzoth_yogg_cthun_3132813769235951_Mis_IV_ME_DS,59393,79.52%,
3T,AR_SP_VF_yshaarj_nzoth_yogg_4013438755266031_Mis_AM_ME,59393,79.52%,
3T,AR_SW_VF_nzoth_yogg_cthun_3132858790444527_Mis_IV_DR,59392,79.52%,
3T,AR_SP_VF_nzoth_yogg_cthun_3169151197502959_IN_IV_DR,59390,79.51%,
3T,AR_SP_VF_yshaarj_nzoth_yogg_4014400760831487_Mis_IV_DR,59388,79.51%,
3T,VW_DH_TV_VF_nzoth_yogg_cthun_3132797663108591_Mis_AM_ME,59387,79.50%,
3T,AR_EC_VF_nzoth_yogg_cthun_3132858723859951_IN_AM_DR,59384,79.49%,
3T,AR_SW_VF_yshaarj_nzoth_yogg_4013438688681455_Mis_IV_ME,59382,79.49%,
3T,VW_DH_TV_VF_nzoth_yogg_cthun_3132791220657647_Mis_AM_ME,59375,79.47%,
3T,VW_DH_VW_VF_nzoth_yogg_cthun_3132927585353199_Mis_AM_ME,59374,79.47%,
3T,AR_EC_VF_yshaarj_nzoth_yogg_4013438688165359_IN_AM_DR,59372,79.46%,
3T,VW_DH_TV_VF_yshaarj_nzoth_yogg_4049522998443503_Mis_AM_ME_DS,59367,79.44%,
3T,AR_EC_VF_nzoth_yogg_cthun_3132859797077487_Mis_IV_DR,59366,79.44%,
3T,AR_EC_VF_nzoth_yogg_cthun_3132867313786351_IN_AM_DR,59366,79.44%,
3T,AR_EC_VF_yshaarj_nzoth_yogg_4014400760831487_IN_AM_DR,59365,79.44%,
3T,AR_EC_VF_nzoth_yogg_cthun_3132859797069311_Mis_IV_ME,59364,79.43%,
3T,VW_DH_TV_VF_nzoth_yogg_cthun_3132807326785007_Mis_IV_ME_DS,59364,79.43%,
3T,AR_SW_VF_yshaarj_nzoth_yogg_4014409351290351_IN_IV_DR_DS,59364,79.43%,
3T,AR_EC_VF_nzoth_yogg_cthun_3132858723859951_Mis_IV_DR,59362,79.43%,
3T,VW_DH_TV_VF_nzoth_yogg_cthun_3132807326260735_Mis_IV_ME_DS,59359,79.42%,
3T,VW_DH_TV_VF_nzoth_yogg_cthun_3132927585869295_Mis_AM_DR,59356,79.41%,
3T,AR_SW_VF_nzoth_yogg_cthun_3132858723335679_IN_IV_DR,59351,79.40%,
3T,VW_DH_VW_VF_yshaarj_nzoth_yogg_4049522998959599_Mis_AM_ME_DS,59350,79.39%,
3T,AR_SP_VF_yshaarj_nzoth_yogg_3977567121825263_Mis_IV_ME,59350,79.39%,
3T,AR_SP_VF_yshaarj_nzoth_yogg_4013851005541871_Mis_IV_DR,59347,79.38%,
3T,AR_SP_VF_nzoth_yogg_cthun_3132867380370927_Mis_IV_DR,59346,79.38%,
3T,AR_SP_VF_yshaarj_nzoth_yogg_4013301316320751_IN_IV_DR,59344,79.37%,
3T,AR_SP_VF_nzoth_yogg_cthun_3132859797077487_Mis_IV_DR,59344,79.37%,
3T,VW_DH_VW_VF_nzoth_yogg_cthun_3132797663108591_Mis_AM_ME,59344,79.37%,
3T,AR_SP_VF_yshaarj_nzoth_yogg_4013447278616047_Mis_IV_DR_DS,59343,79.37%,
3T,AR_SW_VF_yshaarj_nzoth_yogg_3977567188409839_Mis_IV_DR,59342,79.37%,
3T,AR_EC_VF_yshaarj_nzoth_yogg_4013438688157183_IN_IV_ME,59340,79.36%,
3T,AR_SP_VF_nzoth_yogg_cthun_3132996162280959_Mis_IV_ME,59340,79.36%,
3T,AR_EC_VF_yshaarj_nzoth_yogg_4013851005025775_IN_IV_ME,59339,79.36%,
3T,AR_EC_VF_nzoth_yogg_cthun_3169151196986863_IN_IV_DR,59338,79.36%,
3T,AR_SP_VF_yshaarj_nzoth_yogg_4014400827940335_IN_AM_ME,59333,79.34%,
3T,VW_DH_TV_VF_nzoth_yogg_cthun_3132806252518911_Mis_AM_DR_DS,59332,79.34%,
3T,AR_EC_VF_yshaarj_nzoth_yogg_4013576127118831_Mis_IV_DR,59330,79.33%,
3T,AR_SP_VF_yshaarj_nzoth_yogg_4013302322953711_IN_IV_DR,59322,79.31%,
3T,AR_EC_VF_yshaarj_nzoth_yogg_4013301316312575_Mis_IV_ME,59320,79.30%,
3T,AR_SP_VF_yshaarj_nzoth_yogg_4014409350774255_IN_IV_DR_DS,59315,79.29%,
3T,AR_SW_VF_yshaarj_nzoth_yogg_4014400827940335_IN_AM_ME,59311,79.27%,
3T,AR_EC_VF_nzoth_yogg_cthun_3169151264087535_Mis_IV_ME,59311,79.27%,
3T,AR_SP_VF_nzoth_yogg_cthun_3150313470418431_Mis_AM_DR,59310,79.27%,
3T,AR_SP_VF_yshaarj_nzoth_yogg_4014409417874927_Mis_IV_DR_DS,59310,79.27%,
3T,VW_DH_TV_VF_nzoth_yogg_cthun_3132815916195311_Mis_IV_DR_DS,59309,79.27%,
3T,AR_SW_VF_nzoth_yogg_cthun_3169151264087535_Mis_IV_DR,59303,79.25%,
3T,VW_DH_TV_VF_nzoth_yogg_cthun_3132814842453487_Mis_AM_DR_DS,59300,79.24%,
3T,AR_SP_VF_nzoth_yogg_cthun_3132859797069311_IN_AM_DR,59298,79.24%,
3T,AR_SP_VF_yshaarj_nzoth_yogg_3977567121825263_Mis_IV_DR,59298,79.23%,
3T,AR_SW_VF_nzoth_yogg_cthun_3132875903720943_IN_IV_ME_DS,59297,79.23%,
3T,AR_EC_VF_nzoth_yogg_cthun_3132875903196671_IN_IV_DR_DS,59297,79.23%,
3T,AR_SW_VF_yshaarj_nzoth_yogg_4013576194219503_Mis_IV_DR,59296,79.23%,
3T,VW_DH_TV_VF_nzoth_yogg_cthun_3132791220657647_Mis_AM_DR,59294,79.22%,
3T,AR_EC_VF_nzoth_yogg_cthun_3132867380370927_Mis_IV_ME,59293,79.22%,
3T,AR_SW_VF_yshaarj_nzoth_yogg_4013301584748015_Mis_AM_DR,59292,79.22%,
3T,AR_SW_VF_yshaarj_nzoth_yogg_4014400761355759_IN_AM_DR,59292,79.22%,
3T,AR_SP_VF_yshaarj_nzoth_yogg_4013302323469807_Mis_IV_DR,59291,79.21%,
3T,VW_DH_TV_VF_nzoth_yogg_cthun_3133348492140015_Mis_AM_ME,59289,79.21%,
3T,AR_SP_VF_nzoth_yogg_cthun_3132996162289135_IN_AM_ME,59280,79.18%,
3T,AR_SW_VF_yshaarj_nzoth_yogg_4013302390054383_IN_IV_ME,59277,79.17%,
3T,AR_SW_VF_nzoth_yogg_cthun_3132996229389807_Mis_AM_DR,59275,79.17%,
3T,AR_EC_VF_yshaarj_nzoth_yogg_4013438688681455_IN_AM_DR,59275,79.17%,
3T,AR_SP_VF_yshaarj_nzoth_yogg_4013302322953711_Mis_IV_DR,59275,79.16%,
3T,VW_DH_VW_VF_nzoth_yogg_cthun_3132798736334319_Mis_AM_DR,59275,79.16%,
3T,AR_SP_VF_yshaarj_nzoth_yogg_4013301316320751_IN_IV_ME,59272,79.16%,
3T,AR_EC_VF_yshaarj_nzoth_yogg_4013301584748015_Mis_AM_ME,59271,79.15%,
3T,AR_SP_VF_nzoth_yogg_cthun_3132859797593583_Mis_IV_ME,59270,79.15%,
3T,AR_SP_VF_yshaarj_nzoth_yogg_4013301249736175_IN_IV_DR,59268,79.15%,
3T,VW_DH_VW_VF_nzoth_yogg_cthun_3132806319627759_Mis_AM_ME_DS,59268,79.15%,
3T,VW_DH_VW_VF_nzoth_yogg_cthun_3132858865876973_IN_IV_ME,59267,79.14%,
3T,AR_SW_VF_nzoth_yogg_cthun_3169151264087535_IN_IV_DR,59266,79.14%,
3T,VW_DH_TV_VF_yshaarj_nzoth_yogg_3977513576758767_Mis_AM_ME_DS,59266,79.14%,
3T,VW_DH_VW_VF_nzoth_yogg_cthun_3132942684839407_Mis_AM_DR_DS,59264,79.13%,
3T,VW_DH_VW_VF_nzoth_yogg_cthun_3132867455803373_IN_IV_ME,59262,79.12%,
3T,AR_SP_VF_yshaarj_nzoth_yogg_4013318496181743_IN_IV_DR_DS,59254,79.10%,
3T,VW_DH_VW_VF_nzoth_yogg_cthun_3132791220133375_Mis_AM_ME,59254,79.10%,
3T,VW_DH_VW_VF_nzoth_yogg_cthun_3150259926392303_Mis_AM_ME_DS,59252,79.09%,
3T,AR_SP_VF_yshaarj_nzoth_yogg_4014400827940335_Mis_AM_DR,59251,79.09%,
3T,AR_EC_VF_yshaarj_nzoth_yogg_4013318429081071_IN_IV_DR_DS,59249,79.09%,
3T,AR_EC_VF_yshaarj_nzoth_yogg_4014409351290351_IN_IV_ME_DS,59249,79.09%,
3T,AR_SW_VF_yshaarj_nzoth_yogg_4013438688165359_Mis_IV_ME,59243,79.07%,
3T,AR_EC_VF_yshaarj_nzoth_yogg_4013310174682607_Mis_IV_ME_DS,59241,79.06%,
3T,AR_SW_VF_nzoth_yogg_cthun_3132867313786351_IN_AM_DR,59240,79.06%,
3T,AR_EC_VF_yshaarj_nzoth_yogg_4013302322945535_Mis_IV_DR,59237,79.05%,
3T,AR_SW_VF_yshaarj_nzoth_yogg_4013301316320751_Mis_IV_DR,59235,79.04%,
3T,AR_SP_VF_nzoth_yogg_cthun_3132858790444527_IN_AM_DR,59230,79.03%,
3T,AR_SP_VF_yshaarj_nzoth_yogg_3977567121300991_IN_AM_ME,59230,79.03%,
3T,AR_SP_VF_nzoth_yogg_cthun_3132867380370927_Mis_IV_ME,59229,79.03%,
3T,VW_DH_TV_VF_nzoth_yogg_cthun_3132808400002543_Mis_AM_ME_DS,59229,79.03%,
3T,AR_EC_VF_nzoth_yogg_cthun_3169151196986863_Mis_IV_DR,59229,79.03%,
3T,AR_SW_VF_nzoth_yogg_cthun_3132875903204847_IN_IV_ME_DS,59226,79.02%,
3T,AR_EC_VF_nzoth_yogg_cthun_3132859058871791_Mis_AM_ME,59225,79.02%,
3T,AR_SW_VF_yshaarj_nzoth_yogg_3977567121825263_IN_AM_ME,59224,79.01%,
3T,AR_EC_VF_nzoth_yogg_cthun_3132858790436351_Mis_IV_ME,59222,79.01%,
3T,VW_DH_TV_VF_nzoth_yogg_cthun_3132808400002543_Mis_AM_DR_DS,59222,79.00%,
3T,VW_DH_TV_VF_nzoth_yogg_cthun_3132858865876973_IN_IV_ME,59215,78.98%,
3T,VW_DH_VW_VF_nzoth_yogg_cthun_3132942684839407_Mis_AM_ME_DS,59212,78.98%,
3T,VW_DH_VW_VF_nzoth_yogg_cthun_3132807393369583_Mis_IV_DR_DS,59208,78.96%,
3T,AR_SW_VF_yshaarj_nzoth_yogg_4013310174682607_Mis_IV_DR_DS,59208,78.96%,
3T,VW_DH_VW_VF_yshaarj_nzoth_yogg_4049522998435327_Mis_AM_ME_DS,59208,78.96%,
3T,AR_EC_VF_nzoth_yogg_cthun_3132859058871791_Mis_AM_DR,59206,78.96%,
3T,AR_EC_VF_yshaarj_nzoth_yogg_4013447278099951_Mis_IV_DR_DS,59205,78.95%,
3T,AR_SP_VF_nzoth_yogg_cthun_3132858790444527_Mis_IV_ME,59204,78.95%,
3T,AR_SW_VF_nzoth_yogg_cthun_3132858723335679_IN_IV_ME,59203,78.95%,
3T,AR_SP_VF_nzoth_yogg_cthun_3132859797069311_Mis_IV_DR,59203,78.95%,
3T,AR_EC_VF_yshaarj_nzoth_yogg_4013302322953711_IN_IV_ME,59203,78.95%,
3T,AR_SW_VF_yshaarj_nzoth_yogg_4013301584748015_IN_IV_ME,59199,78.94%,
3T,AR_EC_VF_nzoth_yogg_cthun_3132867313786351_Mis_IV_DR,59198,78.93%,
3T,VW_DH_TV_VF_yshaarj_nzoth_yogg_3977788454657519_Mis_AM_ME_DS,59198,78.93%,
3T,AR_SW_VF_yshaarj_nzoth_yogg_4014400761355759_Mis_IV_ME,59196,78.93%,
3T,AR_SW_VF_yshaarj_nzoth_yogg_4013301316836847_Mis_IV_ME,59191,78.91%,
3T,AR_SP_VF_yshaarj_nzoth_yogg_4013301316312575_Mis_IV_DR,59190,78.91%,
3T,AR_EC_VF_yshaarj_nzoth_yogg_4013309906771439_Mis_IV_DR_DS,59190,78.91%,
3T,AR_SW_VF_yshaarj_nzoth_yogg_4013438688157183_Mis_IV_DR,59188,78.90%,
3T,AR_SW_VF_nzoth_yogg_cthun_3132996162289135_IN_AM_ME,59186,78.90%,
3T,AR_SP_VF_yshaarj_nzoth_yogg_4013310174682607_IN_IV_DR_DS,59183,78.89%,
3T,VW_DH_TV_VF_nzoth_yogg_cthun_3132806252527087_Mis_AM_ME_DS,59179,78.88%,
3T,AR_SP_VF_yshaarj_nzoth_yogg_4013851072126447_Mis_IV_ME,59179,78.87%,
3T,AR_SW_VF_nzoth_yogg_cthun_3132858790444527_Mis_IV_ME,59177,78.87%,
3T,VW_DH_TV_VF_nzoth_yogg_cthun_3132814842453487_Mis_AM_ME_DS,59176,78.87%,
3T,VW_DH_TV_VF_yshaarj_nzoth_yogg_4049525145918959_Mis_AM_DR_DS,59173,78.86%,
3T,AR_SP_VF_yshaarj_nzoth_yogg_4013301584748015_Mis_AM_DR,59171,78.85%,
3T,VW_DH_TV_VF_nzoth_yogg_cthun_3132996304822253_IN_IV_ME,59170,78.85%,
3T,AR_SW_VF_yshaarj_nzoth_yogg_4014400760831487_IN_IV_ME,59170,78.85%,
3T,AR_EC_VF_yshaarj_nzoth_yogg_4013310979988975_IN_IV_DR_DS,59168,78.84%,
3T,VW_DH_TV_VF_yshaarj_nzoth_yogg_3977513576750591_Mis_AM_DR_DS,59168,78.84%,
3T,AR_EC_VF_yshaarj_yogg_cthun_1988688092716527_Mis_IV_DR,59167,78.84%,
3T,VW_DH_VW_VF_yshaarj_nzoth_yogg_3977567263842285_IN_AM_DR,59167,78.84%,
3T,AR_SW_VF_nzoth_yogg_cthun_3132858790960623_IN_AM_ME,59164,78.83%,
3T,AR_SW_VF_yshaarj_nzoth_yogg_4014400827940335_Mis_AM_DR,59163,78.83%,
3T,AR_SP_VF_nzoth_yogg_cthun_3132858790436351_Mis_IV_DR,59162,78.82%,
3T,AR_EC_VF_yshaarj_nzoth_yogg_4013318496181743_IN_IV_ME_DS,59159,78.82%,
3T,VW_DH_TV_VF_nzoth_yogg_cthun_3135004202040815_Mis_AM_ME_DS,59158,78.81%,
3T,AR_SW_VF_yshaarj_nzoth_yogg_4013576127634927_IN_IV_DR,59157,78.81%,
3T,AR_EC_VF_nzoth_yogg_cthun_3132859797069311_Mis_IV_DR,59155,78.80%,
3T,AR_EC_VF_yshaarj_nzoth_yogg_4013851005541871_Mis_IV_ME,59151,78.79%,
3T,AR_SP_VF_nzoth_yogg_cthun_3132858790960623_IN_AM_ME,59151,78.79%,
3T,VW_DH_TV_VF_yshaarj_nzoth_yogg_3977498544889327_Mis_AM_ME,59148,78.78%,
3T,VW_DH_VW_VF_nzoth_yogg_cthun_3132797663108591_Mis_AM_DR,59145,78.77%,
3T,VW_DH_VW_VF_nzoth_yogg_cthun_3132791220657647_Mis_AM_DR,59141,78.76%,
3T,AR_SW_VF_yshaarj_nzoth_yogg_4013851005541871_Mis_IV_DR,59140,78.76%,
3T,VW_DH_VW_VF_nzoth_yogg_cthun_3132927585869295_Mis_AM_ME,59136,78.75%,
3T,AR_EC_VF_nzoth_yogg_cthun_3132867313270255_IN_AM_DR,59135,78.74%,
3T,AR_EC_VF_yshaarj_nzoth_yogg_4013851005025775_Mis_IV_ME,59135,78.74%,
3T,AR_EC_VF_yshaarj_nzoth_yogg_4013302323469807_Mis_IV_ME,59134,78.74%,
3T,AR_SP_VF_yshaarj_nzoth_yogg_4014400761355759_IN_AM_ME,59132,78.73%,
3T,VW_DH_TV_VF_yshaarj_nzoth_yogg_3977498544889327_Mis_AM_DR,59128,78.72%,
3T,AR_EC_VF_nzoth_yogg_cthun_3132859864178159_Mis_AM_DR,59127,78.72%,
3T,AR_EC_VF_yshaarj_nzoth_yogg_4014400761355759_Mis_AM_DR,59126,78.72%,
3T,VW_DH_TV_VF_yshaarj_nzoth_yogg_3977498544365055_Mis_AM_DR,59126,78.71%,
3T,AR_SW_VF_yshaarj_nzoth_yogg_4013576194219503_IN_IV_DR,59124,78.71%,
3T,AR_EC_VF_yshaarj_nzoth_yogg_4013301316836847_IN_AM_DR,59122,78.70%,
3T,VW_DH_VW_VF_nzoth_yogg_cthun_3132813769235951_Mis_IV_ME_DS,59122,78.70%,
3T,AR_SP_VF_nzoth_yogg_cthun_3169151264087535_Mis_IV_ME,59122,78.70%,
3T,AR_EC_VF_nzoth_yogg_cthun_3169151197502959_Mis_IV_ME,59122,78.70%,
3T,AR_SW_VF_nzoth_yogg_cthun_3132859797077487_IN_AM_ME,59121,78.70%,
3T,AR_EC_VF_yshaarj_nzoth_yogg_4013447278099951_IN_IV_DR_DS,59118,78.69%,
3T,AR_EC_VF_yshaarj_nzoth_yogg_4013447278091775_Mis_IV_DR_DS,59116,78.69%,
3T,AR_EC_VF_yshaarj_nzoth_yogg_4013447345200623_Mis_AM_DR_DS,59115,78.68%,
3T,AR_SP_VF_nzoth_yogg_cthun_3169159854022127_Mis_IV_DR_DS,59114,78.68%,
3T,AR_SW_VF_yshaarj_nzoth_yogg_4013302323469807_IN_IV_DR,59113,78.68%,
3T,VW_DH_TV_VF_nzoth_yogg_cthun_3132951207665135_Mis_AM_DR_DS,59113,78.68%,
3T,AR_EC_VF_yshaarj_nzoth_yogg_4013438688165359_Mis_AM_ME,59109,78.66%,
3T,AR_SP_VF_nzoth_yogg_cthun_3132858723859951_IN_AM_DR,59105,78.65%,
3T,AR_EC_VF_yshaarj_nzoth_yogg_4013301249727999_Mis_IV_DR,59104,78.65%,
3T,AR_EC_VF_nzoth_yogg_cthun_3132867313786351_Mis_IV_ME,59103,78.65%,
3T,AR_EC_VF_yshaarj_nzoth_yogg_4013301316320751_Mis_AM_DR,59102,78.64%,
3T,AR_SW_VF_nzoth_yogg_cthun_3132867313262079_IN_IV_DR,59102,78.64%,
3T,AR_SW_VF_nzoth_yogg_cthun_3150313470426607_Mis_AM_DR,59099,78.63%,
3T,AR_SP_VF_yshaarj_nzoth_yogg_4013851005025775_Mis_IV_DR,59098,78.63%,
3T,AR_EC_VF_yshaarj_nzoth_yogg_4013851072126447_IN_AM_DR,59098,78.63%,
3T,AR_SP_VF_yshaarj_nzoth_yogg_4013301316312575_IN_IV_DR,59097,78.63%,
3T,VW_DH_TV_VF_yshaarj_nzoth_yogg_3977513576750591_Mis_AM_ME_DS,59092,78.61%,
3T,AR_SP_VF_yshaarj_nzoth_yogg_4013438688157183_Mis_IV_ME,59091,78.61%,
3T,AR_SP_VF_yshaarj_nzoth_yogg_4013576127118831_IN_IV_DR,59085,78.59%,
3T,AR_SP_VF_yshaarj_nzoth_yogg_3977567121309167_IN_AM_ME,59085,78.59%,
3T,AR_SP_VF_nzoth_yogg_cthun_3169159854022127_IN_IV_DR_DS,59083,78.58%,
3T,AR_SP_VF_yshaarj_nzoth_yogg_4013318496181743_Mis_IV_DR_DS,59082,78.58%,
3T,AR_SP_VF_yshaarj_nzoth_yogg_4013447278616047_IN_IV_DR_DS,59081,78.58%,
3T,VW_DH_TV_VF_nzoth_yogg_cthun_3132813768711679_Mis_IV_DR_DS,59080,78.58%,
3T,AR_EC_VF_yshaarj_nzoth_yogg_4013318496181743_Mis_IV_ME_DS,59080,78.57%,
3T,AR_SP_VF_yshaarj_nzoth_yogg_4014400760839663_IN_AM_DR,59079,78.57%,
3T,AR_SW_VF_yshaarj_nzoth_yogg_4013438688157183_IN_IV_DR,59077,78.57%,
3T,VW_DH_VW_VF_nzoth_yogg_cthun_3132951207665135_Mis_AM_DR_DS,59075,78.56%,
3T,AR_SW_VF_yshaarj_nzoth_yogg_4014400760839663_Mis_IV_DR,59075,78.56%,
3T,AR_SP_VF_yshaarj_nzoth_yogg_3977567121300991_IN_AM_DR,59072,78.55%,
3T,AR_SW_VF_yshaarj_nzoth_yogg_4013447278616047_Mis_IV_DR_DS,59070,78.54%,
3T,AR_EC_VF_nzoth_yogg_cthun_3169159787437551_Mis_IV_DR_DS,59069,78.54%,
3T,AR_SW_VF_nzoth_yogg_cthun_3132867380370927_IN_AM_DR,59069,78.54%,
3T,AR_SP_VF_yshaarj_nzoth_yogg_4013576127634927_IN_IV_DR,59067,78.54%,
3T,VW_DH_TV_VF_nzoth_yogg_cthun_3132807326785007_Mis_IV_DR_DS,59067,78.54%,
3T,AR_EC_VF_yshaarj_nzoth_yogg_4014409417874927_IN_AM_DR_DS,59066,78.53%,
3T,VW_DH_TV_VF_yshaarj_nzoth_yogg_4049797876342255_Mis_AM_ME_DS,59065,78.53%,
3T,VW_DH_VW_VF_nzoth_yogg_cthun_3132996304822253_IN_IV_ME,59064,78.53%,
3T,AR_SW_VF_nzoth_yogg_cthun_3150313470426607_Mis_AM_ME,59063,78.53%,
3T,AR_SP_VF_yshaarj_nzoth_yogg_4013302390054383_Mis_IV_ME,59063,78.53%,
3T,VW_DH_TV_VF_yshaarj_nzoth_yogg_3977788454657519_Mis_AM_DR_DS,59063,78.52%,
3T,AR_SP_VF_yshaarj_nzoth_yogg_4013576194219503_Mis_IV_ME,59061,78.52%,
3T,VW_DH_TV_VF_nzoth_yogg_cthun_3132807326260735_Mis_IV_DR_DS,59060,78.52%,
3T,VW_DH_TV_VF_yshaarj_nzoth_yogg_3977515724234223_Mis_AM_ME_DS,59060,78.51%,
3T,VW_DH_VW_VF_nzoth_yogg_cthun_3132815916195311_Mis_IV_DR_DS,59056,78.50%,
3T,AR_SW_VF_nzoth_yogg_cthun_3132867380370927_Mis_IV_DR,59052,78.49%,
3T,AR_SP_VF_nzoth_yogg_cthun_3132867380370927_IN_AM_ME,59049,78.48%,
3T,VW_DH_VW_VF_nzoth_yogg_cthun_3132797662584319_Mis_AM_ME,59048,78.48%,
3T,AR_EC_VF_yshaarj_nzoth_yogg_4013301249727999_IN_IV_DR,59048,78.48%,
3T,AR_EC_VF_yshaarj_nzoth_yogg_4013302322945535_IN_IV_ME,59046,78.47%,
3T,VW_DH_TV_VF_nzoth_yogg_cthun_3132942617738735_Mis_AM_ME_DS,59045,78.47%,
3T,AR_SP_VF_yshaarj_nzoth_yogg_3977567121309167_IN_AM_DR,59041,78.46%,
3T,VW_DH_VW_VF_nzoth_yogg_cthun_3132807326260735_Mis_IV_ME_DS,59041,78.46%,
3T,AR_SW_VF_nzoth_yogg_cthun_3132996229389807_Mis_AM_ME,59041,78.46%,
3T,AR_EC_VF_nzoth_yogg_cthun_3132858723851775_Mis_IV_ME,59038,78.45%,
3T,AR_SW_VF_nzoth_yogg_cthun_3150313470418431_Mis_AM_DR,59037,78.45%,
3T,AR_SW_VF_nzoth_yogg_cthun_3169151197502959_Mis_IV_DR,59037,78.45%,
3T,VW_DH_VW_VF_nzoth_yogg_cthun_3132791220133375_Mis_AM_DR,59035,78.44%,
3T,AR_EC_VF_nzoth_yogg_cthun_3132875970305519_IN_AM_DR_DS,59035,78.44%,
3T,AR_SW_VF_yshaarj_nzoth_yogg_4013576194219503_Mis_IV_ME,59032,78.43%,
3T,AR_EC_VF_nzoth_yogg_cthun_3169151264087535_Mis_AM_DR,59031,78.43%,
3T,AR_SP_VF_nzoth_yogg_cthun_3132858723859951_Mis_IV_ME,59031,78.43%,
3T,AR_SP_VF_yshaarj_nzoth_yogg_4014400761355759_IN_AM_DR,59031,78.43%,
3T,VW_DH_TV_VF_yshaarj_nzoth_yogg_3977515724234223_Mis_AM_DR_DS,59031,78.43%,
3T,VW_DH_VW_VF_nzoth_yogg_cthun_3132791220657647_Mis_AM_ME,59025,78.41%,
3T,AR_EC_VF_yshaarj_nzoth_yogg_4014400760831487_IN_AM_ME,59023,78.40%,
3T,AR_SP_VF_nzoth_yogg_cthun_3132996162280959_IN_AM_DR,59023,78.40%,
3T,AR_SP_VF_yshaarj_nzoth_yogg_4013301249736175_Mis_IV_DR,59020,78.40%,
3T,AR_EC_VF_yshaarj_nzoth_yogg_4013318429597167_Mis_IV_DR_DS,59020,78.40%,
3T,AR_EC_VF_yshaarj_nzoth_yogg_4013576194219503_Mis_AM_DR,59020,78.39%,
3T,AR_EC_VF_nzoth_yogg_cthun_3132858790436351_IN_AM_ME,59018,78.39%,
3T,AR_SP_VF_yshaarj_nzoth_yogg_4013302322945535_IN_IV_DR,59017,78.39%,
3T,VW_DH_TV_VF_nzoth_yogg_cthun_3135006349516271_Mis_AM_DR_DS,59016,78.38%,
3T,VW_DH_TV_VF_nzoth_yogg_cthun_3132858865876973_IN_IV_DR,59014,78.38%,
3T,VW_DH_VW_VF_nzoth_yogg_cthun_3132807326785007_Mis_IV_ME_DS,59014,78.38%,
3T,AR_EC_VF_yshaarj_nzoth_yogg_4014409350766079_IN_IV_DR_DS,59011,78.37%,
3T,AR_SW_VF_nzoth_yogg_cthun_3132859797077487_Mis_IV_ME,59010,78.36%,
3T,VW_DH_TV_VF_yshaarj_nzoth_yogg_4049522998435327_Mis_AM_DR_DS,59010,78.36%,
3T,AR_EC_VF_nzoth_yogg_cthun_3132858790436351_Mis_IV_DR,59010,78.36%,
3T,AR_EC_VF_yshaarj_nzoth_yogg_4013851005541871_IN_IV_ME,59009,78.36%,
3T,AR_EC_VF_nzoth_yogg_cthun_3132858723851775_IN_AM_DR,59009,78.36%,
3T,AR_EC_VF_nzoth_yogg_cthun_3132875970305519_IN_AM_ME_DS,59007,78.36%,
3T,VW_DH_TV_VF_nzoth_yogg_cthun_3132944765214191_Mis_AM_ME_DS,59006,78.35%,
3T,AR_EC_VF_nzoth_yogg_cthun_3169151196978687_IN_IV_DR,59002,78.34%,
3T,AR_EC_VF_nzoth_yogg_cthun_3132996162289135_Mis_AM_ME,59002,78.34%,
3T,AR_SP_VF_nzoth_yogg_cthun_3132859797069311_IN_AM_ME,59000,78.33%,
3T,AR_SW_VF_yshaarj_nzoth_yogg_4013447345200623_IN_IV_DR_DS,59000,78.33%,
3T,AR_EC_VF_yshaarj_nzoth_yogg_4013447345200623_IN_IV_ME_DS,58998,78.33%,
3T,AR_EC_VF_yshaarj_nzoth_yogg_4013301316836847_Mis_AM_DR,58998,78.33%,
3T,AR_SW_VF_nzoth_yogg_cthun_3132996162280959_Mis_IV_DR,58998,78.33%,
3T,AR_EC_VF_yshaarj_nzoth_yogg_4013301249211903_IN_IV_DR,58997,78.32%,
3T,AR_SP_VF_nzoth_yogg_cthun_3132867380370927_IN_AM_DR,58996,78.32%,
3T,AR_SW_VF_nzoth_yogg_cthun_3132996162280959_Mis_IV_ME,58996,78.32%,
3T,AR_EC_VF_yshaarj_nzoth_yogg_4013438688681455_Mis_AM_ME,58996,78.32%,
3T,VW_DH_TV_VF_nzoth_yogg_cthun_3135012791967215_Mis_AM_DR_DS,58996,78.32%,
3T,AR_SW_VF_yshaarj_nzoth_yogg_3977567121309167_Mis_IV_DR,58995,78.32%,
3T,VW_DH_TV_VF_nzoth_yogg_cthun_3132806252518911_Mis_AM_ME_DS,58994,78.32%,
3T,AR_EC_VF_yshaarj_nzoth_yogg_4013438688681455_IN_AM_ME,58994,78.31%,
3T,AR_SP_VF_yshaarj_nzoth_yogg_4013309906771439_IN_IV_DR_DS,58993,78.31%,
3T,AR_SW_VF_nzoth_yogg_cthun_3132859797069311_IN_AM_DR,58993,78.31%,
3T,AR_EC_VF_yshaarj_nzoth_yogg_4013576127634927_Mis_IV_ME,58990,78.31%,
3T,AR_SW_VF_nzoth_yogg_cthun_3132859797077487_IN_AM_DR,58988,78.30%,
3T,AR_SW_VF_yshaarj_nzoth_yogg_4013302390054383_Mis_IV_ME,58986,78.29%,
3T,AR_SP_VF_yshaarj_nzoth_yogg_4013438688681455_Mis_AM_DR,58984,78.29%,
3T,AR_SP_VF_yshaarj_nzoth_yogg_4013301316320751_Mis_IV_ME,58983,78.28%,
3T,AR_EC_VF_yshaarj_nzoth_yogg_4013438688157183_IN_AM_DR,58983,78.28%,
3T,AR_SW_VF_yshaarj_nzoth_yogg_4013851005541871_IN_IV_DR,58980,78.27%,
3T,AR_EC_VF_nzoth_yogg_cthun_3132875903196671_IN_IV_ME_DS,58979,78.27%,
3T,AR_EC_VF_nzoth_yogg_cthun_3132867313270255_Mis_IV_ME,58978,78.27%,
3T,VW_DH_TV_VF_nzoth_yogg_cthun_3132798803434991_Mis_AM_DR,58975,78.26%,
3T,AR_EC_VF_yshaarj_nzoth_yogg_4014409351290351_Mis_IV_DR_DS,58970,78.24%,
3T,AR_SW_VF_nzoth_yogg_cthun_3132867380370927_IN_AM_ME,58970,78.24%,
3T,VW_DH_VW_VF_nzoth_yogg_cthun_3132927585869295_Mis_AM_DR,58970,78.24%,
3T,AR_SP_VF_nzoth_yogg_cthun_3132859797077487_Mis_IV_ME,58969,78.24%,
3T,AR_SP_VF_yshaarj_nzoth_yogg_4014409351290351_IN_IV_ME_DS,58969,78.24%,
3T,AR_SW_VF_yshaarj_nzoth_yogg_4014400760839663_IN_AM_DR,58968,78.24%,
3T,AR_EC_VF_yshaarj_nzoth_yogg_4013851005017599_Mis_IV_ME,58968,78.24%,
3T,VW_DH_TV_VF_yshaarj_nzoth_yogg_4049797876342255_Mis_AM_DR_DS,58967,78.24%,
3T,AR_SP_VF_yshaarj_nzoth_yogg_4014409350774255_IN_IV_ME_DS,58965,78.23%,
3T,VW_DH_TV_VF_nzoth_yogg_cthun_3132858866393069_IN_IV_DR,58964,78.23%,
3T,AR_SP_VF_yshaarj_nzoth_yogg_4013301316836847_IN_IV_ME,58962,78.22%,
3T,VW_DH_VW_VF_nzoth_yogg_cthun_3132927585345023_Mis_AM_DR,58961,78.22%,
3T,AR_SW_VF_yshaarj_nzoth_yogg_4013576127634927_Mis_IV_DR,58957,78.20%,
3T,VW_DH_TV_VF_yshaarj_nzoth_yogg_3977567263842285_IN_IV_DR,58955,78.20%,
3T,VW_DH_TV_VF_nzoth_yogg_cthun_3132951207665135_Mis_AM_ME_DS,58951,78.19%,
3T,AR_EC_VF_yshaarj_nzoth_yogg_4013851005017599_IN_IV_ME,58949,78.18%,
3T,AR_SW_VF_yshaarj_nzoth_yogg_4013438755266031_Mis_AM_ME,58949,78.18%,
3T,AR_SW_VF_yshaarj_nzoth_yogg_4013447345200623_Mis_IV_ME_DS,58947,78.17%,
3T,VW_DH_VW_VF_nzoth_yogg_cthun_3132813768711679_Mis_IV_ME_DS,58946,78.17%,
3T,AR_EC_VF_yshaarj_nzoth_yogg_4013318429081071_Mis_IV_DR_DS,58945,78.17%,
3T,VW_DH_TV_VF_nzoth_yogg_cthun_3132942618254831_Mis_AM_DR_DS,58944,78.16%,
3T,AR_EC_VF_yshaarj_nzoth_yogg_3977567188409839_Mis_AM_ME,58943,78.16%,
3T,AR_SW_VF_yshaarj_nzoth_yogg_4013438755266031_IN_AM_DR,58941,78.16%,
3T,AR_SW_VF_nzoth_yogg_cthun_3169159854022127_Mis_IV_DR_DS,58940,78.15%,
3T,AR_SW_VF_nzoth_yogg_cthun_3132996162280959_IN_AM_DR,58939,78.15%,
3T,VW_DH_VW_VF_nzoth_yogg_cthun_3135004269141487_Mis_AM_DR_DS,58939,78.15%,
3T,VW_DH_TV_VF_nzoth_yogg_cthun_3135004202032639_Mis_AM_DR_DS,58937,78.14%,
3T,AR_SW_VF_yshaarj_nzoth_yogg_4014409350774255_IN_IV_DR_DS,58935,78.14%,
3T,AR_SP_VF_nzoth_yogg_cthun_3132875903196671_IN_IV_ME_DS,58934,78.14%,
3T,AR_SP_VF_nzoth_yogg_cthun_3132867313786351_IN_AM_ME,58934,78.13%,
3T,AR_SP_VF_yshaarj_nzoth_yogg_4013447278099951_IN_IV_DR_DS,58934,78.13%,
3T,AR_SP_VF_nzoth_yogg_cthun_3132875903196671_IN_IV_DR_DS,58933,78.13%,
3T,VW_DH_VW_VF_nzoth_yogg_cthun_3132798803434991_Mis_AM_DR,58931,78.13%,
3T,AR_EC_VF_yshaarj_nzoth_yogg_4013301249211903_Mis_IV_DR,58930,78.12%,
3T,AR_EC_VF_yshaarj_nzoth_yogg_3977567188409839_Mis_AM_DR,58929,78.12%,
3T,AR_SP_VF_nzoth_yogg_cthun_3132875970305519_Mis_IV_DR_DS,58928,78.12%,
3T,AR_SP_VF_yshaarj_nzoth_yogg_4013576127634927_Mis_IV_DR,58928,78.12%,
3T,AR_SW_VF_yshaarj_nzoth_yogg_4013851005025775_IN_IV_DR,58927,78.11%,
3T,AR_EC_VF_nzoth_yogg_cthun_3132875903720943_IN_AM_DR_DS,58927,78.11%,
3T,VW_DH_VW_VF_nzoth_yogg_cthun_3133348492140015_Mis_AM_ME,58926,78.11%,
3T,AR_EC_VF_nzoth_yogg_cthun_3169159786921455_IN_IV_DR_DS,58926,78.11%,
3T,AR_EC_VF_nzoth_yogg_cthun_3169151196986863_Mis_IV_ME,58925,78.11%,
3T,AR_EC_VF_nzoth_yogg_cthun_3132875970305519_Mis_IV_DR_DS,58924,78.11%,
3T,AR_SW_VF_yshaarj_nzoth_yogg_3977567188409839_Mis_IV_ME,58922,78.10%,
3T,AR_SW_VF_yshaarj_nzoth_yogg_4013302323469807_Mis_IV_DR,58920,78.09%,
3T,AR_EC_VF_yshaarj_nzoth_yogg_4014409350774255_Mis_IV_DR_DS,58917,78.08%,
3T,AR_SP_VF_yshaarj_nzoth_yogg_4014400760831487_Mis_IV_ME,58917,78.08%,
3T,VW_DH_TV_VF_yshaarj_nzoth_yogg_4049525145918959_Mis_AM_ME_DS,58915,78.08%,
3T,AR_SP_VF_yshaarj_nzoth_yogg_4013438755266031_IN_AM_ME,58914,78.07%,
3T,AR_SP_VF_nzoth_yogg_cthun_3132858723859951_Mis_IV_DR,58911,78.07%,
3T,AR_EC_VF_yshaarj_nzoth_yogg_4013310174682607_IN_IV_ME_DS,58910,78.06%,
3T,AR_SW_VF_yshaarj_nzoth_yogg_4013438688165359_IN_IV_ME,58910,78.06%,
3T,AR_SW_VF_nzoth_yogg_cthun_3132867380370927_Mis_IV_ME,58909,78.06%,
3T,AR_EC_VF_yshaarj_nzoth_yogg_4013576127118831_IN_IV_ME,58907,78.05%,
3T,AR_SP_VF_yshaarj_nzoth_yogg_4013447278099951_Mis_IV_DR_DS,58905,78.05%,
3T,AR_EC_VF_yshaarj_nzoth_yogg_4013851072126447_Mis_AM_ME,58904,78.04%,
3T,AR_SP_VF_yshaarj_nzoth_yogg_4013310979988975_IN_IV_DR_DS,58904,78.04%,
3T,VW_DH_VW_VF_nzoth_yogg_cthun_3135004202040815_Mis_AM_ME_DS,58903,78.04%,
3T,VW_DH_VW_VF_nzoth_yogg_cthun_3132859939610605_IN_IV_DR,58903,78.04%,
3T,AR_SP_VF_yshaarj_nzoth_yogg_4013447345200623_IN_IV_ME_DS,58902,78.04%,
3T,AR_SW_VF_yshaarj_nzoth_yogg_4013438688157183_Mis_IV_ME,58901,78.03%,
3T,AR_SP_VF_nzoth_yogg_cthun_3150313470418431_Mis_AM_ME,58898,78.03%,
3T,AR_SW_VF_yshaarj_nzoth_yogg_4014409417874927_Mis_IV_DR_DS,58897,78.02%,
3T,AR_SP_VF_nzoth_yogg_cthun_3132858790436351_Mis_IV_ME,58897,78.02%,
3T,AR_SW_VF_yshaarj_nzoth_yogg_4013301316312575_IN_IV_DR,58892,78.01%,
3T,AR_EC_VF_yshaarj_nzoth_yogg_4013576127110655_Mis_IV_DR,58892,78.01%,
3T,AR_SP_VF_nzoth_yogg_cthun_3132996229389807_Mis_AM_ME,58892,78.01%,
3T,AR_SP_VF_yshaarj_nzoth_yogg_4013302323469807_IN_IV_ME,58892,78.01%,
3T,AR_SW_VF_yshaarj_nzoth_yogg_4013301316312575_Mis_IV_DR,58886,77.99%,
3T,AR_SP_VF_yshaarj_nzoth_yogg_3977567121300991_Mis_IV_DR,58882,77.98%,
3T,AR_EC_VF_nzoth_yogg_cthun_3132996162805231_Mis_AM_ME,58882,77.98%,
3T,AR_EC_VF_yshaarj_nzoth_yogg_4013302390054383_IN_AM_DR,58878,77.97%,
3T,AR_SP_VF_nzoth_yogg_cthun_3132867313786351_IN_AM_DR,58878,77.96%,
3T,AR_SW_VF_nzoth_yogg_cthun_3132875903204847_IN_IV_DR_DS,58877,77.96%,
3T,AR_SP_VF_nzoth_yogg_cthun_3169151264087535_IN_IV_ME,58874,77.95%,
3T,AR_EC_VF_yshaarj_nzoth_yogg_4013576127110655_IN_IV_DR,58872,77.95%,
3T,VW_DH_VW_VF_nzoth_yogg_cthun_3135012791967215_Mis_AM_DR_DS,58871,77.94%,
3T,AR_EC_VF_yshaarj_nzoth_yogg_4013438688157183_Mis_AM_DR,58870,77.94%,
3T,AR_SW_VF_yshaarj_nzoth_yogg_4013302322953711_IN_IV_DR,58869,77.94%,
3T,AR_SP_VF_yshaarj_nzoth_yogg_4013851005541871_IN_IV_ME,58868,77.94%,
3T,AR_EC_VF_yshaarj_nzoth_yogg_4013309906771439_IN_IV_DR_DS,58868,77.93%,
3T,AR_SW_VF_yshaarj_nzoth_yogg_4013438688681455_IN_IV_ME,58868,77.93%,
3T,VW_DH_VW_VF_nzoth_yogg_cthun_3132927585345023_Mis_AM_ME,58865,77.92%,
3T,AR_SW_VF_nzoth_yogg_cthun_3132858790444527_IN_AM_DR,58863,77.92%,
3T,AR_SW_VF_nzoth_yogg_cthun_3132858723859951_Mis_IV_DR,58862,77.92%,
3T,AR_SP_VF_yshaarj_nzoth_yogg_4013301316312575_Mis_IV_ME,58861,77.91%,
3T,AR_EC_VF_yshaarj_nzoth_yogg_4013301316320751_IN_AM_DR,58860,77.91%,
3T,AR_EC_VF_yshaarj_nzoth_yogg_4013309906255343_IN_IV_DR_DS,58859,77.91%,
3T,AR_SW_VF_nzoth_yogg_cthun_3169151196986863_IN_IV_DR,58857,77.90%,
3T,AR_SW_VF_nzoth_yogg_cthun_3132858723859951_Mis_IV_ME,58857,77.90%,
3T,AR_SP_VF_nzoth_yogg_cthun_3132858723859951_IN_AM_ME,58857,77.90%,
3T,VW_DH_TV_VF_nzoth_yogg_cthun_3132813769235951_Mis_IV_DR_DS,58856,77.90%,
3T,AR_EC_VF_yshaarj_nzoth_yogg_4013576127634927_IN_IV_ME,58855,77.90%,
3T,AR_SP_VF_yshaarj_nzoth_yogg_4014409351290351_Mis_IV_DR_DS,58853,77.89%,
3T,AR_SP_VF_nzoth_yogg_cthun_3169151197502959_Mis_IV_ME,58850,77.88%,
3T,VW_DH_TV_VF_nzoth_yogg_cthun_3135012791967215_Mis_AM_ME_DS,58849,77.88%,
3T,AR_EC_VF_yshaarj_nzoth_yogg_4014400760839663_Mis_AM_DR,58848,77.88%,
3T,VW_DH_TV_VF_nzoth_yogg_cthun_3132798736334319_Mis_AM_ME,58847,77.87%,
3T,AR_SW_VF_nzoth_yogg_cthun_3132867313262079_IN_IV_ME,58846,77.87%,
3T,AR_EC_VF_yshaarj_nzoth_yogg_4013851005541871_IN_AM_DR,58845,77.87%,
3T,AR_SP_VF_yshaarj_nzoth_yogg_4013851005541871_Mis_IV_ME,58845,77.87%,
3T,AR_EC_VF_nzoth_yogg_cthun_3132859797593583_Mis_AM_DR,58845,77.86%,
3T,VW_DH_VW_VF_nzoth_yogg_cthun_3132806252527087_Mis_AM_ME_DS,58843,77.86%,
3T,VW_DH_TV_VF_nzoth_yogg_cthun_3135006349516271_Mis_AM_ME_DS,58841,77.85%,
3T,AR_SP_VF_nzoth_yogg_cthun_3132859797077487_IN_AM_ME,58841,77.85%,
3T,VW_DH_TV_VF_nzoth_yogg_cthun_3132858932977645_IN_IV_ME,58840,77.85%,
3T,AR_EC_VF_yshaarj_nzoth_yogg_4013301249736175_Mis_IV_ME,58839,77.85%,
3T,AR_SW_VF_nzoth_yogg_cthun_3132858723859951_IN_AM_DR,58839,77.85%,
3T,AR_SP_VF_yshaarj_nzoth_yogg_4014409350766079_IN_IV_DR_DS,58839,77.85%,
3T,AR_SP_VF_yshaarj_nzoth_yogg_4013310979988975_Mis_IV_DR_DS,58836,77.84%,
3T,AR_SP_VF_yshaarj_nzoth_yogg_4013302323469807_Mis_IV_ME,58835,77.83%,
3T,AR_SW_VF_yshaarj_nzoth_yogg_4013438688681455_Mis_AM_DR,58833,77.83%,
3T,AR_SP_VF_yshaarj_nzoth_yogg_4013302322945535_Mis_IV_DR,58832,77.83%,
3T,AR_EC_VF_nzoth_yogg_cthun_3132859864178159_Mis_AM_ME,58831,77.82%,
3T,VW_DH_VW_VF_nzoth_yogg_cthun_3132806252518911_Mis_AM_DR_DS,58829,77.82%,
3T,AR_SW_VF_yshaarj_nzoth_yogg_4013301249736175_IN_IV_DR,58829,77.82%,
3T,VW_DH_VW_VF_nzoth_yogg_cthun_3132806319627759_Mis_AM_DR_DS,58827,77.81%,
3T,AR_SP_VF_nzoth_yogg_cthun_3132996162280959_IN_AM_ME,58825,77.81%,
3T,AR_SP_VF_yshaarj_nzoth_yogg_4013851005017599_IN_IV_DR,58824,77.80%,
3T,AR_SP_VF_nzoth_yogg_cthun_3169151196986863_IN_IV_DR,58823,77.80%,
3T,AR_EC_VF_yshaarj_nzoth_yogg_4013584784154095_IN_IV_DR_DS,58815,77.77%,
3T,AR_SP_VF_yshaarj_nzoth_yogg_4013302390054383_IN_IV_ME,58813,77.77%,
3T,AR_EC_VF_yshaarj_nzoth_yogg_4013301316312575_IN_IV_ME,58811,77.76%,
3T,AR_SW_VF_nzoth_yogg_cthun_3132859797069311_Mis_IV_DR,58810,77.76%,
3T,AR_EC_VF_nzoth_yogg_cthun_3169151197502959_IN_IV_ME,58808,77.75%,
3T,AR_SP_VF_yshaarj_nzoth_yogg_4013851005017599_Mis_IV_DR,58808,77.75%,
3T,VW_DH_TV_VF_yshaarj_nzoth_yogg_3977513577274863_Mis_AM_DR_DS,58807,77.75%,
3T,AR_SP_VF_yshaarj_nzoth_yogg_4013576127118831_Mis_IV_DR,58806,77.75%,
3T,AR_SP_VF_nzoth_yogg_cthun_3169151196986863_Mis_IV_DR,58803,77.74%,
3T,VW_DH_TV_VF_nzoth_yogg_cthun_3132944765214191_Mis_AM_DR_DS,58801,77.73%,
3T,AR_SP_VF_yshaarj_nzoth_yogg_4014400760839663_IN_AM_ME,58799,77.73%,
3T,AR_SP_VF_yshaarj_nzoth_yogg_4014409417874927_Mis_IV_ME_DS,58799,77.73%,
3T,VW_DH_VW_VF_nzoth_yogg_cthun_3135004269141487_Mis_AM_ME_DS,58797,77.72%,
3T,AR_SW_VF_yshaarj_nzoth_yogg_4013318496181743_Mis_IV_DR_DS,58796,77.72%,
3T,AR_SP_VF_yshaarj_nzoth_yogg_4014409417874927_IN_AM_DR_DS,58795,77.71%,
3T,VW_DH_VW_VF_nzoth_yogg_cthun_3132798803434991_Mis_AM_ME,58795,77.71%,
3T,AR_SP_VF_yshaarj_nzoth_yogg_3977567121309167_Mis_IV_ME,58790,77.70%,
3T,AR_SW_VF_yshaarj_nzoth_yogg_4013851005025775_Mis_IV_DR,58789,77.70%,
3T,AR_SP_VF_yshaarj_nzoth_yogg_3977567121309167_Mis_IV_DR,58788,77.69%,
3T,AR_EC_VF_yshaarj_nzoth_yogg_4013302323469807_IN_AM_DR,58787,77.69%,
3T,AR_EC_VF_nzoth_yogg_cthun_3132875970305519_Mis_IV_ME_DS,58785,77.68%,
3T,VW_DH_TV_VF_nzoth_yogg_cthun_3132813768719855_Mis_AM_DR_DS,58785,77.68%,
3T,AR_SW_VF_yshaarj_nzoth_yogg_4013302322953711_Mis_IV_DR,58785,77.68%,
3T,AR_EC_VF_yshaarj_nzoth_yogg_4013447278616047_Mis_IV_ME_DS,58781,77.67%,
3T,AR_SW_VF_nzoth_yogg_cthun_3169151264087535_Mis_IV_ME,58781,77.67%,
3T,AR_EC_VF_yshaarj_nzoth_yogg_4013310913404399_IN_IV_DR_DS,58777,77.66%,
3T,AR_SP_VF_nzoth_yogg_cthun_3169151197502959_Mis_IV_DR,58774,77.65%,
3T,VW_DH_TV_VF_nzoth_yogg_cthun_3135004202556911_Mis_AM_DR_DS,58774,77.65%,
3T,AR_SP_VF_yshaarj_nzoth_yogg_4014400760831487_IN_AM_DR,58771,77.64%,
3T,AR_SW_VF_yshaarj_nzoth_yogg_4013851072126447_Mis_IV_ME,58771,77.64%,
3T,VW_DH_TV_VF_nzoth_yogg_cthun_3132942617730559_Mis_AM_DR_DS,58766,77.63%,
3T,AR_EC_VF_nzoth_yogg_cthun_3169159854022127_Mis_IV_ME_DS,58766,77.63%,
3T,AR_SP_VF_nzoth_yogg_cthun_3132858790436351_IN_AM_DR,58766,77.63%,
3T,VW_DH_VW_VF_nzoth_yogg_cthun_3132858932977645_IN_IV_ME,58762,77.61%,
3T,AR_SW_VF_yshaarj_nzoth_yogg_3977567121825263_Mis_IV_ME,58759,77.61%,
3T,AR_EC_VF_nzoth_yogg_cthun_3169151196978687_Mis_IV_DR,58754,77.59%,
3T,AR_EC_VF_nzoth_yogg_cthun_3132867313270255_Mis_IV_DR,58752,77.58%,
3T,AR_EC_VF_yshaarj_nzoth_yogg_4013310174682607_IN_AM_DR_DS,58752,77.58%,
3T,VW_DH_VW_VF_nzoth_yogg_cthun_3132813769235951_Mis_IV_DR_DS,58751,77.58%,
3T,VW_DH_VW_VF_nzoth_yogg_cthun_3132951207665135_Mis_AM_ME_DS,58750,77.58%,
3T,AR_EC_VF_yshaarj_nzoth_yogg_4013447278099951_Mis_IV_ME_DS,58750,77.58%,
3T,AR_SW_VF_yshaarj_nzoth_yogg_4014400760839663_Mis_IV_ME,58749,77.58%,
3T,VW_DH_TV_VF_nzoth_yogg_cthun_3150313612959725_IN_IV_ME,58747,77.57%,
3T,AR_EC_VF_yshaarj_nzoth_yogg_4013851072126447_IN_AM_ME,58746,77.57%,
3T,AR_EC_VF_nzoth_yogg_cthun_3132996162289135_Mis_AM_DR,58743,77.56%,
3T,AR_EC_VF_yshaarj_nzoth_yogg_4014400761355759_Mis_AM_ME,58743,77.56%,
3T,AR_EC_VF_nzoth_yogg_cthun_3132859797593583_Mis_AM_ME,58739,77.55%,
3T,AR_SW_VF_yshaarj_nzoth_yogg_4014409417874927_IN_IV_ME_DS,58739,77.55%,
3T,VW_DH_VW_VF_nzoth_yogg_cthun_3132942617738735_Mis_AM_ME_DS,58739,77.55%,
3T,AR_EC_VF_yshaarj_nzoth_yogg_4013310912888303_IN_IV_DR_DS,58737,77.54%,
3T,AR_SP_VF_nzoth_yogg_cthun_3132996162805231_Mis_AM_DR,58737,77.54%,
3T,AR_SW_VF_nzoth_yogg_cthun_3132867313786351_Mis_IV_ME,58736,77.54%,
3T,AR_SP_VF_nzoth_yogg_cthun_3132859058871791_Mis_AM_DR,58735,77.53%,
3T,VW_DH_VW_VF_nzoth_yogg_cthun_3132806252518911_Mis_AM_ME_DS,58733,77.53%,
3T,AR_EC_VF_yshaarj_nzoth_yogg_4013309906255343_Mis_IV_DR_DS,58731,77.52%,
3T,VW_DH_VW_VF_nzoth_yogg_cthun_3135012791967215_Mis_AM_ME_DS,58731,77.52%,
3T,AR_SP_VF_yshaarj_nzoth_yogg_3977567121300991_Mis_IV_ME,58730,77.52%,
3T,AR_SP_VF_nzoth_yogg_cthun_3132867313786351_Mis_IV_ME,58729,77.52%,
3T,AR_EC_VF_nzoth_yogg_cthun_3132858723851775_Mis_IV_DR,58729,77.52%,
3T,AR_SP_VF_yshaarj_nzoth_yogg_4013309906771439_Mis_IV_DR_DS,58729,77.51%,
3T,AR_EC_VF_nzoth_yogg_cthun_3132867313262079_IN_AM_ME,58727,77.51%,
3T,AR_SP_VF_yshaarj_nzoth_yogg_4013301584748015_IN_AM_DR,58726,77.51%,
3T,AR_EC_VF_yshaarj_nzoth_yogg_4013584784154095_Mis_IV_DR_DS,58725,77.50%,
3T,AR_EC_VF_yshaarj_nzoth_yogg_4013447345200623_Mis_AM_ME_DS,58725,77.50%,
3T,AR_SW_VF_nzoth_yogg_cthun_3132858723859951_IN_AM_ME,58723,77.50%,
3T,AR_SW_VF_yshaarj_nzoth_yogg_4013301249736175_Mis_IV_DR,58722,77.49%,
3T,AR_SP_VF_yshaarj_nzoth_yogg_4013318429081071_IN_IV_DR_DS,58722,77.49%,
3T,AR_SP_VF_yshaarj_nzoth_yogg_4013301249727999_IN_IV_DR,58719,77.49%,
3T,AR_EC_VF_nzoth_yogg_cthun_3169151264087535_IN_AM_DR,58718,77.48%,
3T,VW_DH_TV_VF_yshaarj_nzoth_yogg_3977513577274863_Mis_AM_ME_DS,58717,77.48%,
3T,VW_DH_TV_VF_nzoth_yogg_cthun_3132942618254831_Mis_AM_ME_DS,58717,77.48%,
3T,AR_SW_VF_yshaarj_nzoth_yogg_4013301316320751_Mis_IV_ME,58716,77.48%,
3T,AR_SW_VF_nzoth_yogg_cthun_3132867313786351_IN_AM_ME,58715,77.47%,
3T,AR_EC_VF_nzoth_yogg_cthun_3169159787437551_IN_IV_DR_DS,58715,77.47%,
3T,VW_DH_VW_VF_nzoth_yogg_cthun_3132807326260735_Mis_IV_DR_DS,58714,77.47%,
3T,AR_SP_VF_yshaarj_nzoth_yogg_4013576194219503_IN_IV_ME,58713,77.47%,
3T,AR_SP_VF_yshaarj_nzoth_yogg_4013438688157183_IN_IV_ME,58712,77.46%,
3T,AR_SW_VF_yshaarj_nzoth_yogg_4013576127118831_IN_IV_DR,58711,77.46%,
3T,AR_EC_VF_yshaarj_nzoth_yogg_4013447278616047_IN_IV_ME_DS,58710,77.46%,
3T,AR_SP_VF_yshaarj_nzoth_yogg_4013318429597167_IN_IV_DR_DS,58706,77.44%,
3T,AR_SP_VF_nzoth_yogg_cthun_3132858790444527_IN_AM_ME,58702,77.43%,
3T,VW_DH_VW_VF_nzoth_yogg_cthun_3132798736334319_Mis_AM_ME,58701,77.43%,
3T,VW_DH_VW_VF_nzoth_yogg_cthun_3132814842453487_Mis_AM_DR_DS,58700,77.43%,
3T,VW_DH_VW_VF_nzoth_yogg_cthun_3132808400002543_Mis_AM_ME_DS,58700,77.43%,
3T,VW_DH_TV_VF_nzoth_yogg_cthun_3132798736850415_Mis_AM_ME,58699,77.42%,
3T,AR_SW_VF_yshaarj_nzoth_yogg_3977567121309167_IN_AM_DR,58697,77.42%,
3T,VW_DH_TV_VF_nzoth_yogg_cthun_3132942617730559_Mis_AM_ME_DS,58695,77.41%,
3T,AR_EC_VF_yshaarj_nzoth_yogg_4014409417874927_IN_AM_ME_DS,58692,77.40%,
3T,VW_DH_TV_VF_nzoth_yogg_cthun_3132859939610605_IN_AM_ME,58689,77.39%,
3T,AR_EC_VF_nzoth_yogg_cthun_3132996162280959_Mis_AM_DR,58688,77.39%,
3T,AR_EC_VF_nzoth_yogg_cthun_3132875903720943_IN_AM_ME_DS,58684,77.38%,
3T,VW_DH_TV_VF_yshaarj_nzoth_yogg_4049522998959599_Mis_AM_DR_DS,58684,77.38%,
3T,AR_EC_VF_nzoth_yogg_cthun_3132858723851775_IN_AM_ME,58677,77.36%,
3T,AR_SW_VF_yshaarj_nzoth_yogg_4013301316836847_IN_IV_ME,58676,77.36%,
3T,AR_EC_VF_yshaarj_nzoth_yogg_4013302390054383_Mis_AM_ME,58675,77.35%,
3T,VW_DH_VW_VF_nzoth_yogg_cthun_3133348492140015_Mis_AM_DR,58675,77.35%,
3T,AR_SW_VF_yshaarj_nzoth_yogg_3977567121825263_Mis_IV_DR,58674,77.35%,
3T,AR_EC_VF_yshaarj_nzoth_yogg_4013851005541871_Mis_AM_DR,58674,77.35%,
3T,AR_EC_VF_nzoth_yogg_cthun_3132858723335679_IN_AM_DR,58673,77.35%,
3T,VW_DH_TV_VF_nzoth_yogg_cthun_3133348492140015_Mis_AM_DR,58669,77.33%,
3T,AR_SW_VF_yshaarj_nzoth_yogg_4013301584748015_IN_AM_DR,58667,77.33%,
3T,AR_SW_VF_nzoth_yogg_cthun_3132858790436351_IN_AM_DR,58666,77.32%,
3T,AR_EC_VF_nzoth_yogg_cthun_3169151196986863_IN_IV_ME,58666,77.32%,
3T,AR_EC_VF_nzoth_yogg_cthun_3132875903720943_Mis_IV_ME_DS,58661,77.31%,
3T,VW_DH_VW_VF_nzoth_yogg_cthun_3132807326785007_Mis_IV_DR_DS,58658,77.30%,
3T,AR_SP_VF_nzoth_yogg_cthun_3132867313270255_IN_AM_ME,58658,77.30%,
3T,AR_SP_VF_yshaarj_nzoth_yogg_4013302322953711_IN_IV_ME,58655,77.29%,
3T,AR_SW_VF_nzoth_yogg_cthun_3132875903196671_IN_IV_ME_DS,58653,77.29%,
3T,AR_SP_VF_nzoth_yogg_cthun_3132867313786351_Mis_IV_DR,58653,77.29%,
3T,VW_DH_VW_VF_nzoth_yogg_cthun_3132858865876973_IN_IV_DR,58651,77.28%,
3T,AR_EC_VF_yshaarj_nzoth_yogg_4013301316312575_Mis_AM_DR,58648,77.27%,
3T,AR_EC_VF_yshaarj_nzoth_yogg_4013310979988975_Mis_IV_ME_DS,58643,77.26%,
3T,AR_EC_VF_yshaarj_nzoth_yogg_4013302322953711_IN_AM_DR,58643,77.25%,
3T,AR_SP_VF_yshaarj_nzoth_yogg_4013301249736175_IN_IV_ME,58638,77.24%,
3T,VW_DH_TV_VF_nzoth_yogg_cthun_3132806253043183_Mis_AM_DR_DS,58637,77.24%,
3T,AR_EC_VF_nzoth_yogg_cthun_3132858723335679_Mis_IV_DR,58636,77.23%,
3T,VW_DH_VW_VF_nzoth_yogg_cthun_3132813768711679_Mis_IV_DR_DS,58636,77.23%,
3T,AR_SP_VF_yshaarj_nzoth_yogg_4013447278091775_Mis_IV_DR_DS,58635,77.23%,
3T,AR_SP_VF_nzoth_yogg_cthun_3169151197502959_IN_IV_ME,58634,77.23%,
3T,AR_EC_VF_yshaarj_nzoth_yogg_3977567121825263_Mis_AM_DR,58634,77.23%,
3T,AR_EC_VF_yshaarj_nzoth_yogg_4013302322945535_Mis_IV_ME,58632,77.22%,
3T,AR_EC_VF_yshaarj_nzoth_yogg_4013576127118831_Mis_IV_ME,58632,77.22%,
3T,AR_SP_VF_yshaarj_nzoth_yogg_4013851005025775_IN_IV_ME,58629,77.21%,
3T,AR_EC_VF_yshaarj_nzoth_yogg_4013576194219503_IN_AM_DR,58628,77.21%,
3T,AR_EC_VF_nzoth_yogg_cthun_3132875903720943_Mis_IV_DR_DS,58627,77.21%,
3T,AR_EC_VF_yshaarj_nzoth_yogg_4013302323469807_Mis_AM_DR,58626,77.20%,
3T,AR_EC_VF_yshaarj_nzoth_yogg_4014409351290351_Mis_IV_ME_DS,58624,77.20%,
3T,VW_DH_TV_VF_nzoth_yogg_cthun_3132807326268911_Mis_AM_DR_DS,58624,77.20%,
3T,AR_SP_VF_yshaarj_nzoth_yogg_4013438688165359_Mis_AM_DR,58618,77.18%,
3T,AR_SW_VF_yshaarj_nzoth_yogg_4014400760839663_IN_AM_ME,58614,77.17%,
3T,AR_EC_VF_yshaarj_nzoth_yogg_4013851005025775_IN_AM_DR,58614,77.17%,
3T,AR_SW_VF_yshaarj_nzoth_yogg_3977567121300991_IN_AM_ME,58613,77.16%,
3T,VW_DH_TV_VF_nzoth_yogg_cthun_3132867455803373_IN_IV_DR,58612,77.16%,
3T,AR_EC_VF_yshaarj_nzoth_yogg_4014409350766079_IN_IV_ME_DS,58611,77.16%,
3T,AR_SP_VF_yshaarj_nzoth_yogg_4014400761355759_Mis_AM_DR,58608,77.15%,
3T,AR_SP_VF_nzoth_yogg_cthun_3132859058871791_Mis_AM_ME,58607,77.15%,
3T,VW_DH_TV_VF_nzoth_yogg_cthun_3132996304822253_IN_IV_DR,58605,77.14%,
3T,AR_EC_VF_yshaarj_nzoth_yogg_4013301316836847_Mis_AM_ME,58604,77.14%,
3T,AR_SW_VF_yshaarj_nzoth_yogg_4013302322945535_Mis_IV_DR,58604,77.14%,
3T,VW_DH_TV_VF_nzoth_yogg_cthun_3135004202032639_Mis_AM_ME_DS,58599,77.12%,
3T,AR_SP_VF_yshaarj_nzoth_yogg_4013302322953711_Mis_IV_ME,58599,77.12%,
3T,VW_DH_VW_VF_nzoth_yogg_cthun_3132942618254831_Mis_AM_DR_DS,58598,77.12%,
3T,AR_SP_VF_yshaarj_nzoth_yogg_4013576127634927_IN_IV_ME,58597,77.11%,
3T,AR_SP_VF_yshaarj_yogg_cthun_1988688092716527_Mis_IV_DR,58595,77.11%,
3T,VW_DH_VW_VF_nzoth_yogg_cthun_3150313612959725_IN_IV_ME,58595,77.11%,
3T,AR_SP_VF_yshaarj_nzoth_yogg_4013302390054383_Mis_AM_DR,58594,77.11%,
3T,AR_EC_VF_yshaarj_nzoth_yogg_4013302390054383_IN_AM_ME,58592,77.10%,
3T,AR_EC_VF_yshaarj_nzoth_yogg_4013318429597167_IN_IV_ME_DS,58591,77.10%,
3T,AR_EC_VF_yshaarj_nzoth_yogg_4013301316320751_Mis_AM_ME,58590,77.09%,
3T,AR_SW_VF_nzoth_yogg_cthun_3132858790444527_IN_AM_ME,58588,77.09%,
3T,VW_DH_VW_VF_nzoth_yogg_cthun_3132942617730559_Mis_AM_DR_DS,58587,77.09%,
3T,AR_SW_VF_yshaarj_nzoth_yogg_4013851072126447_IN_IV_ME,58587,77.09%,
3T,VW_DH_VW_VF_nzoth_yogg_cthun_3135006349516271_Mis_AM_ME_DS,58583,77.07%,
3T,VW_DH_TV_VF_yshaarj_nzoth_yogg_4049522998959599_Mis_AM_ME_DS,58580,77.06%,
3T,AR_EC_VF_nzoth_yogg_cthun_3169151264087535_Mis_AM_ME,58578,77.06%,
3T,AR_EC_VF_nzoth_yogg_cthun_3132875903204847_IN_AM_DR_DS,58578,77.06%,
3T,AR_SP_VF_nzoth_yogg_cthun_3132867313270255_Mis_IV_DR,58577,77.06%,
3T,AR_EC_VF_yshaarj_nzoth_yogg_4013318429597167_Mis_IV_ME_DS,58576,77.05%,
3T,AR_SP_VF_yshaarj_nzoth_yogg_4013438688681455_IN_AM_DR,58576,77.05%,
3T,VW_DH_VW_VF_nzoth_yogg_cthun_3132813768719855_Mis_AM_DR_DS,58576,77.05%,
3T,AR_SP_VF_nzoth_yogg_cthun_3132875970305519_Mis_IV_ME_DS,58573,77.04%,
3T,AR_SW_VF_yshaarj_nzoth_yogg_3977567121309167_IN_AM_ME,58572,77.04%,
3T,AR_SP_VF_yshaarj_nzoth_yogg_4013447278099951_Mis_IV_ME_DS,58572,77.04%,
3T,AR_SP_VF_nzoth_yogg_cthun_3132867313270255_Mis_IV_ME,58570,77.03%,
3T,AR_SW_VF_yshaarj_nzoth_yogg_4013576127118831_Mis_IV_DR,58569,77.03%,
3T,AR_EC_VF_yshaarj_nzoth_yogg_4013584717053423_IN_IV_DR_DS,58568,77.03%,
3T,AR_EC_VF_yshaarj_nzoth_yogg_4013851005025775_Mis_AM_DR,58567,77.03%,
3T,AR_EC_VF_yshaarj_nzoth_yogg_4014400760839663_Mis_AM_ME,58566,77.02%,
3T,AR_SW_VF_yshaarj_nzoth_yogg_4013318496181743_IN_IV_DR_DS,58564,77.02%,
3T,AR_EC_VF_nzoth_yogg_cthun_3132858790960623_Mis_AM_ME,58561,77.01%,
3T,AR_EC_VF_yshaarj_nzoth_yogg_4014409350774255_Mis_IV_ME_DS,58561,77.01%,
3T,VW_DH_VW_VF_nzoth_yogg_cthun_3132814842453487_Mis_AM_ME_DS,58559,77.00%,
3T,AR_SP_VF_nzoth_yogg_cthun_3132859797069311_Mis_IV_ME,58558,77.00%,
3T,AR_EC_VF_nzoth_yogg_cthun_3169159854022127_IN_IV_ME_DS,58558,77.00%,
3T,AR_SW_VF_nzoth_yogg_cthun_3132996162805231_Mis_AM_ME,58558,77.00%,
3T,AR_SP_VF_yshaarj_nzoth_yogg_4013318429597167_Mis_IV_DR_DS,58557,77.00%,
3T,AR_SW_VF_yshaarj_nzoth_yogg_4014400760831487_Mis_IV_DR,58557,77.00%,
3T,AR_EC_VF_yshaarj_nzoth_yogg_4013309839670767_IN_IV_DR_DS,58548,76.97%,
3T,AR_SP_VF_yshaarj_nzoth_yogg_4013301249211903_IN_IV_DR,58547,76.97%,
3T,VW_DH_TV_VF_nzoth_yogg_cthun_3135004202556911_Mis_AM_ME_DS,58547,76.96%,
3T,AR_SP_VF_yshaarj_nzoth_yogg_4013851072126447_IN_AM_DR,58542,76.95%,
3T,VW_DH_VW_VF_nzoth_yogg_cthun_3132944765214191_Mis_AM_DR_DS,58542,76.95%,
3T,AR_SW_VF_yshaarj_nzoth_yogg_4014400827940335_Mis_AM_ME,58542,76.95%,
3T,VW_DH_VW_VF_nzoth_yogg_cthun_3132944765214191_Mis_AM_ME_DS,58537,76.94%,
3T,AR_SW_VF_nzoth_yogg_cthun_3132996162805231_Mis_AM_DR,58537,76.93%,
3T,AR_SW_VF_yshaarj_nzoth_yogg_4013438688681455_IN_AM_DR,58537,76.93%,
3T,AR_SW_VF_nzoth_yogg_cthun_3169159854022127_IN_IV_DR_DS,58535,76.93%,
3T,AR_SP_VF_nzoth_yogg_cthun_3132858790436351_IN_AM_ME,58534,76.93%,
3T,AR_SP_VF_nzoth_yogg_cthun_3169151196986863_IN_IV_ME,58533,76.92%,
3T,VW_DH_VW_VF_nzoth_yogg_cthun_3133363524525551_Mis_AM_ME_DS,58532,76.92%,
3T,AR_SW_VF_yshaarj_nzoth_yogg_4013851005017599_IN_IV_DR,58531,76.92%,
3T,AR_SW_VF_yshaarj_nzoth_yogg_4014400760831487_Mis_IV_ME,58529,76.91%,
3T,AR_SW_VF_nzoth_yogg_cthun_3132867313786351_Mis_IV_DR,58529,76.91%,
3T,AR_EC_VF_yshaarj_nzoth_yogg_4013318429072895_IN_IV_DR_DS,58526,76.90%,
3T,AR_SP_VF_yshaarj_nzoth_yogg_4013447345200623_Mis_AM_DR_DS,58525,76.90%,
3T,AR_EC_VF_yshaarj_yogg_cthun_1988688092716527_Mis_IV_ME,58525,76.90%,
3T,AR_EC_VF_nzoth_yogg_cthun_3169159786921455_Mis_IV_DR_DS,58523,76.89%,
3T,AR_EC_VF_yshaarj_nzoth_yogg_4013310912888303_Mis_IV_DR_DS,58522,76.89%,
3T,AR_SP_VF_yshaarj_nzoth_yogg_4013851005025775_Mis_IV_ME,58522,76.89%,
3T,AR_SP_VF_yshaarj_nzoth_yogg_4013310912888303_IN_IV_DR_DS,58522,76.89%,
3T,AR_SW_VF_yshaarj_nzoth_yogg_4014409351290351_IN_IV_ME_DS,58520,76.88%,
3T,AR_SW_VF_yshaarj_nzoth_yogg_4013310174682607_IN_IV_DR_DS,58517,76.87%,
3T,AR_SP_VF_yshaarj_nzoth_yogg_4013851005017599_Mis_IV_ME,58513,76.86%,
3T,AR_EC_VF_yshaarj_nzoth_yogg_4013851005017599_Mis_AM_DR,58512,76.86%,
3T,AR_EC_VF_yshaarj_nzoth_yogg_4013447345200623_IN_AM_DR_DS,58511,76.86%,
3T,AR_SW_VF_yshaarj_nzoth_yogg_4014409350774255_IN_IV_ME_DS,58510,76.85%,
3T,AR_SP_VF_yshaarj_nzoth_yogg_4013309906255343_IN_IV_DR_DS,58510,76.85%,
3T,AR_SW_VF_nzoth_yogg_cthun_3132875970305519_Mis_IV_DR_DS,58509,76.85%,
3T,AR_EC_VF_yshaarj_yogg_cthun_1988688026131951_Mis_IV_DR,58506,76.84%,
3T,AR_SW_VF_yshaarj_nzoth_yogg_4014400761355759_Mis_AM_DR,58505,76.84%,
3T,AR_SW_VF_yshaarj_nzoth_yogg_3977567121300991_IN_AM_DR,58504,76.84%,
3T,AR_SW_VF_nzoth_yogg_cthun_3169151197502959_IN_IV_DR,58501,76.83%,
3T,AR_SW_VF_yshaarj_nzoth_yogg_4014409351290351_Mis_IV_DR_DS,58501,76.83%,
3T,AR_SW_VF_nzoth_yogg_cthun_3132859797069311_IN_AM_ME,58500,76.82%,
3T,AR_SW_VF_yshaarj_nzoth_yogg_4013851072126447_Mis_AM_DR,58499,76.82%,
3T,AR_SW_VF_yshaarj_nzoth_yogg_4013302322945535_IN_IV_DR,58498,76.82%,
3T,AR_EC_VF_yshaarj_nzoth_yogg_4013851005017599_IN_AM_DR,58498,76.82%,
3T,AR_SP_VF_yshaarj_nzoth_yogg_4013301316312575_IN_IV_ME,58497,76.81%,
3T,AR_EC_VF_yshaarj_nzoth_yogg_4013310174682607_Mis_AM_DR_DS,58497,76.81%,
3T,AR_SP_VF_yshaarj_nzoth_yogg_4014400760831487_IN_AM_ME,58496,76.81%,
3T,AR_SW_VF_yshaarj_nzoth_yogg_4014400761355759_IN_AM_ME,58493,76.80%,
3T,AR_SP_VF_nzoth_yogg_cthun_3132875970305519_IN_AM_DR_DS,58493,76.80%,
3T,AR_EC_VF_yshaarj_nzoth_yogg_4013302322953711_Mis_AM_DR,58491,76.80%,
3T,AR_EC_VF_nzoth_yogg_cthun_3132858723335679_IN_AM_ME,58491,76.79%,
3T,VW_DH_TV_VF_nzoth_yogg_cthun_3132813835820527_Mis_AM_ME_DS,58489,76.79%,
3T,AR_EC_VF_nzoth_yogg_cthun_3132875903204847_Mis_IV_DR_DS,58488,76.79%,
3T,AR_EC_VF_yshaarj_nzoth_yogg_4013447278091775_IN_IV_DR_DS,58487,76.78%,
3T,VW_DH_VW_VF_nzoth_yogg_cthun_3132806253043183_Mis_AM_ME_DS,58486,76.78%,
3T,AR_SW_VF_yshaarj_nzoth_yogg_4013851005017599_Mis_IV_DR,58486,76.78%,
3T,VW_DH_TV_VF_nzoth_yogg_cthun_3132876045737965_IN_IV_ME_DS,58482,76.77%,
3T,AR_SP_VF_nzoth_yogg_cthun_3132859864178159_Mis_AM_DR,58480,76.76%,
3T,AR_SP_VF_nzoth_yogg_cthun_3169151196978687_IN_IV_DR,58476,76.75%,
3T,AR_SP_VF_yshaarj_nzoth_yogg_4013310174682607_Mis_IV_ME_DS,58476,76.75%,
3T,AR_SP_VF_nzoth_yogg_cthun_3169159854022127_Mis_IV_ME_DS,58469,76.73%,
3T,AR_SP_VF_nzoth_yogg_cthun_3132858723851775_IN_AM_DR,58468,76.73%,
3T,AR_SP_VF_yshaarj_nzoth_yogg_4013851072126447_Mis_AM_DR,58464,76.71%,
3T,AR_SW_VF_yshaarj_nzoth_yogg_4013576194219503_IN_IV_ME,58463,76.71%,
3T,VW_DH_TV_VF_yshaarj_nzoth_yogg_4049522998435327_Mis_AM_ME_DS,58463,76.71%,
3T,AR_EC_VF_yshaarj_nzoth_yogg_4014409351290351_IN_AM_DR_DS,58461,76.71%,
3T,AR_SW_VF_yshaarj_nzoth_yogg_4013447278099951_Mis_IV_DR_DS,58461,76.71%,
3T,AR_SP_VF_yshaarj_nzoth_yogg_4013301249736175_Mis_IV_ME,58461,76.70%,
3T,AR_SP_VF_yshaarj_nzoth_yogg_4014400827940335_Mis_AM_ME,58461,76.70%,
3T,VW_DH_VW_VF_nzoth_yogg_cthun_3132813835820527_Mis_AM_DR_DS,58460,76.70%,
3T,AR_SW_VF_yshaarj_nzoth_yogg_4013302323469807_Mis_IV_ME,58460,76.70%,
3T,AR_SW_VF_yshaarj_nzoth_yogg_4013438688165359_Mis_AM_DR,58459,76.70%,
3T,AR_EC_VF_yshaarj_nzoth_yogg_4013447278099951_IN_IV_ME_DS,58459,76.70%,
3T,AR_EC_VF_yshaarj_nzoth_yogg_4013301249727999_IN_IV_ME,58457,76.69%,
3T,AR_EC_VF_yshaarj_nzoth_yogg_4013302322945535_Mis_AM_DR,58457,76.69%,
3T,AR_SW_VF_nzoth_yogg_cthun_3132858790436351_Mis_IV_ME,58457,76.69%,
3T,AR_SW_VF_yshaarj_nzoth_yogg_4013576127634927_IN_IV_ME,58454,76.69%,
3T,AR_SP_VF_yshaarj_nzoth_yogg_4013318496181743_IN_IV_ME_DS,58453,76.68%,
3T,VW_DH_VW_VF_nzoth_yogg_cthun_3132808400002543_Mis_AM_DR_DS,58451,76.68%,
3T,AR_SW_VF_nzoth_yogg_cthun_3132858790436351_Mis_IV_DR,58448,76.66%,
3T,AR_SW_VF_nzoth_yogg_cthun_3150313470418431_Mis_AM_ME,58447,76.66%,
3T,AR_EC_VF_yshaarj_nzoth_yogg_4013310913404399_Mis_IV_DR_DS,58445,76.66%,
3T,AR_EC_VF_yshaarj_nzoth_yogg_4013584717569519_IN_IV_DR_DS,58445,76.66%,
3T,AR_SW_VF_yshaarj_nzoth_yogg_4014400760831487_IN_AM_DR,58440,76.64%,
3T,AR_SP_VF_yshaarj_nzoth_yogg_4013447278616047_Mis_IV_ME_DS,58437,76.63%,
3T,AR_EC_VF_nzoth_yogg_cthun_3132858790960623_Mis_AM_DR,58436,76.63%,
3T,AR_SW_VF_nzoth_yogg_cthun_3132875970305519_IN_AM_DR_DS,58433,76.62%,
3T,AR_SW_VF_yshaarj_nzoth_yogg_4013301316320751_IN_IV_ME,58431,76.61%,
3T,AR_SP_VF_yshaarj_nzoth_yogg_4013301584748015_IN_AM_ME,58428,76.61%,
3T,AR_SP_VF_nzoth_yogg_cthun_3132996162805231_Mis_AM_ME,58427,76.60%,
3T,AR_EC_VF_yshaarj_nzoth_yogg_4013438688165359_IN_AM_ME,58427,76.60%,
3T,VW_DH_TV_VF_nzoth_yogg_cthun_3132798736326143_Mis_AM_DR,58426,76.60%,
3T,AR_SW_VF_yshaarj_nzoth_yogg_4013301249736175_Mis_IV_ME,58425,76.60%,
3T,AR_EC_VF_yshaarj_nzoth_yogg_4013309906247167_Mis_IV_DR_DS,58419,76.58%,
3T,AR_EC_VF_nzoth_yogg_cthun_3169151264087535_IN_AM_ME,58419,76.58%,
3T,VW_DH_VW_VF_nzoth_yogg_cthun_3135006349516271_Mis_AM_DR_DS,58418,76.58%,
3T,AR_EC_VF_nzoth_yogg_cthun_3132859797077487_Mis_AM_DR,58418,76.57%,
3T,AR_SW_VF_nzoth_yogg_cthun_3132996162280959_IN_AM_ME,58415,76.57%,
3T,AR_EC_VF_yshaarj_nzoth_yogg_4013310979988975_IN_IV_ME_DS,58414,76.56%,
3T,AR_SP_VF_nzoth_yogg_cthun_3169159787437551_IN_IV_DR_DS,58413,76.56%,
3T,AR_SP_VF_nzoth_yogg_cthun_3169159787437551_Mis_IV_DR_DS,58413,76.56%,
3T,AR_EC_VF_nzoth_yogg_cthun_3169151197502959_IN_AM_DR,58411,76.56%,
3T,AR_SP_VF_yshaarj_nzoth_yogg_4013301584748015_Mis_AM_ME,58407,76.54%,
3T,AR_SP_VF_yshaarj_nzoth_yogg_4014409351290351_Mis_IV_ME_DS,58406,76.54%,
3T,AR_SW_VF_yshaarj_nzoth_yogg_4014409417874927_Mis_IV_ME_DS,58405,76.54%,
3T,AR_EC_VF_yshaarj_nzoth_yogg_4013301249211903_IN_IV_ME,58403,76.53%,
3T,AR_SW_VF_yshaarj_nzoth_yogg_3977567121300991_Mis_IV_DR,58401,76.52%,
3T,VW_DH_TV_VF_nzoth_yogg_cthun_3132806253043183_Mis_AM_ME_DS,58399,76.52%,
3T,AR_SW_VF_nzoth_yogg_cthun_3169151196986863_Mis_IV_DR,58397,76.51%,
3T,AR_SP_VF_yshaarj_nzoth_yogg_4013576127118831_IN_IV_ME,58397,76.51%,
3T,AR_SP_VF_yshaarj_nzoth_yogg_4013301249211903_Mis_IV_DR,58397,76.51%,
3T,AR_EC_VF_yshaarj_nzoth_yogg_4013301316320751_IN_AM_ME,58397,76.51%,
3T,AR_EC_VF_yshaarj_nzoth_yogg_4013584784154095_Mis_IV_ME_DS,58395,76.51%,
3T,VW_DH_VW_VF_nzoth_yogg_cthun_3135004202032639_Mis_AM_ME_DS,58395,76.51%,
3T,AR_SP_VF_nzoth_yogg_cthun_3169159786921455_IN_IV_DR_DS,58393,76.50%,
3T,VW_DH_TV_VF_nzoth_yogg_cthun_3132798736850415_Mis_AM_DR,58387,76.48%,
3T,AR_SP_VF_yshaarj_nzoth_yogg_4013318496181743_Mis_IV_ME_DS,58387,76.48%,
3T,AR_SW_VF_nzoth_yogg_cthun_3132875970305519_Mis_IV_ME_DS,58386,76.48%,
3T,VW_DH_TV_VF_nzoth_yogg_cthun_3132813835820527_Mis_AM_DR_DS,58385,76.48%,
3T,VW_DH_VW_VF_nzoth_yogg_cthun_3135004202032639_Mis_AM_DR_DS,58384,76.47%,
3T,AR_SW_VF_nzoth_yogg_cthun_3132858790436351_IN_AM_ME,58382,76.47%,
3T,AR_EC_VF_nzoth_yogg_cthun_3169151197502959_Mis_AM_DR,58382,76.47%,
3T,AR_SW_VF_yshaarj_nzoth_yogg_4014409350766079_IN_IV_DR_DS,58382,76.47%,
3T,AR_EC_VF_yshaarj_nzoth_yogg_4014409351290351_IN_AM_ME_DS,58380,76.46%,
3T,AR_EC_VF_yshaarj_nzoth_yogg_4013309906255343_Mis_IV_ME_DS,58377,76.45%,
3T,AR_SP_VF_yshaarj_nzoth_yogg_4013301249727999_Mis_IV_DR,58377,76.45%,
3T,AR_EC_VF_yshaarj_nzoth_yogg_4013318496181743_IN_AM_DR_DS,58376,76.45%,
3T,AR_SP_VF_yshaarj_nzoth_yogg_4013309906255343_Mis_IV_DR_DS,58376,76.45%,
3T,AR_SW_VF_yshaarj_yogg_cthun_1988688092716527_Mis_IV_DR,58376,76.45%,
3T,AR_SP_VF_nzoth_yogg_cthun_3132867313270255_IN_AM_DR,58375,76.44%,
3T,VW_DH_VW_VF_nzoth_yogg_cthun_3132858866393069_IN_IV_DR,58374,76.44%,
3T,AR_SP_VF_yshaarj_nzoth_yogg_4014409350774255_Mis_IV_DR_DS,58371,76.43%,
3T,AR_SP_VF_yshaarj_nzoth_yogg_4013438688157183_Mis_AM_DR,58369,76.43%,
3T,AR_EC_VF_yshaarj_nzoth_yogg_4013309906771439_IN_IV_ME_DS,58369,76.43%,
3T,AR_EC_VF_nzoth_yogg_cthun_3169159854022127_Mis_AM_DR_DS,58366,76.42%,
3T,AR_SW_VF_yshaarj_nzoth_yogg_4013851005541871_Mis_IV_ME,58365,76.42%,
3T,AR_SW_VF_yshaarj_nzoth_yogg_4013301249736175_IN_IV_ME,58361,76.40%,
3T,AR_SW_VF_nzoth_yogg_cthun_3169151197502959_Mis_IV_ME,58359,76.40%,
3T,AR_SW_VF_yshaarj_nzoth_yogg_4013447345200623_IN_IV_ME_DS,58358,76.39%,
3T,AR_SP_VF_nzoth_yogg_cthun_3132875903720943_IN_AM_ME_DS,58357,76.39%,
3T,VW_DH_VW_VF_nzoth_yogg_cthun_3132876045737965_IN_IV_ME_DS,58351,76.37%,
3T,AR_EC_VF_yshaarj_nzoth_yogg_4013309906247167_IN_IV_DR_DS,58350,76.37%,
3T,AR_SW_VF_yshaarj_nzoth_yogg_4013302390054383_IN_AM_DR,58342,76.34%,
3T,AR_SW_VF_nzoth_yogg_cthun_3132867313270255_IN_AM_ME,58340,76.34%,
3T,AR_EC_VF_yshaarj_nzoth_yogg_3977567121825263_Mis_AM_ME,58340,76.34%,
3T,AR_SP_VF_yshaarj_nzoth_yogg_4013302390054383_IN_AM_DR,58340,76.34%,
3T,AR_EC_VF_nzoth_yogg_cthun_3132858723335679_Mis_IV_ME,58333,76.32%,
3T,AR_SW_VF_yshaarj_nzoth_yogg_4013851005025775_IN_IV_ME,58331,76.31%,
3T,AR_EC_VF_yshaarj_nzoth_yogg_4014409350774255_IN_AM_DR_DS,58331,76.31%,
3T,AR_SP_VF_nzoth_yogg_cthun_3169151196978687_Mis_IV_DR,58329,76.31%,
3T,AR_SP_VF_yshaarj_nzoth_yogg_4013576127110655_IN_IV_DR,58326,76.30%,
3T,AR_SP_VF_yshaarj_nzoth_yogg_4013851005017599_IN_IV_ME,58324,76.29%,
3T,AR_SW_VF_nzoth_yogg_cthun_3132858723851775_Mis_IV_DR,58319,76.27%,
3T,AR_SW_VF_nzoth_yogg_cthun_3169159854022127_Mis_IV_ME_DS,58317,76.27%,
3T,AR_SW_VF_yshaarj_nzoth_yogg_4013310174682607_Mis_IV_ME_DS,58317,76.27%,
3T,AR_EC_VF_yshaarj_nzoth_yogg_4013309906771439_Mis_IV_ME_DS,58314,76.26%,
3T,AR_SW_VF_yshaarj_nzoth_yogg_4013310174682607_IN_IV_ME_DS,58313,76.26%,
3T,VW_DH_VW_VF_nzoth_yogg_cthun_3132859939610605_IN_AM_ME,58310,76.25%,
3T,AR_SW_VF_yshaarj_nzoth_yogg_4013447278616047_IN_IV_DR_DS,58310,76.25%,
3T,AR_SW_VF_nzoth_yogg_cthun_3169151264087535_IN_AM_DR,58306,76.24%,
3T,VW_DH_VW_VF_nzoth_yogg_cthun_3133363524525551_Mis_AM_DR_DS,58306,76.24%,
3T,AR_SW_VF_nzoth_yogg_cthun_3132859797069311_Mis_IV_ME,58305,76.23%,
3T,VW_DH_VW_VF_nzoth_yogg_cthun_3135004202556911_Mis_AM_ME_DS,58302,76.22%,
3T,AR_SW_VF_nzoth_yogg_cthun_3132875903196671_IN_IV_DR_DS,58300,76.22%,
3T,AR_SW_VF_yshaarj_nzoth_yogg_4013318429597167_IN_IV_DR_DS,58299,76.22%,
3T,AR_SP_VF_yshaarj_nzoth_yogg_4014400760839663_Mis_AM_DR,58297,76.21%,
3T,AR_EC_VF_yshaarj_nzoth_yogg_4013318496181743_Mis_AM_DR_DS,58295,76.20%,
3T,AR_SP_VF_yshaarj_nzoth_yogg_4014409351290351_IN_AM_DR_DS,58295,76.20%,
3T,AR_SP_VF_nzoth_yogg_cthun_3132858723851775_Mis_IV_DR,58295,76.20%,
3T,AR_SP_VF_nzoth_yogg_cthun_3169151264087535_IN_AM_DR,58294,76.20%,
3T,AR_EC_VF_yshaarj_nzoth_yogg_4014400760831487_Mis_AM_DR,58294,76.20%,
3T,AR_SW_VF_nzoth_yogg_cthun_3132867313270255_Mis_IV_DR,58293,76.20%,
3T,AR_SP_VF_yshaarj_nzoth_yogg_4013576127110655_Mis_IV_DR,58292,76.19%,
3T,AR_SP_VF_yshaarj_nzoth_yogg_4013301316836847_Mis_AM_DR,58290,76.19%,
3T,AR_SP_VF_yshaarj_nzoth_yogg_3977567188409839_Mis_AM_DR,58285,76.17%,
3T,AR_SP_VF_nzoth_yogg_cthun_3169151196986863_Mis_IV_ME,58284,76.17%,
3T,AR_EC_VF_yshaarj_nzoth_yogg_4013309839670767_Mis_IV_DR_DS,58283,76.17%,
3T,AR_SP_VF_yshaarj_nzoth_yogg_4013438688681455_Mis_AM_ME,58282,76.16%,
3T,VW_DH_TV_VF_nzoth_yogg_cthun_3132859939610605_IN_AM_DR,58281,76.16%,
3T,AR_SW_VF_yshaarj_nzoth_yogg_4013851005541871_IN_IV_ME,58281,76.16%,
3T,VW_DH_VW_VF_nzoth_yogg_cthun_3132867455803373_IN_IV_DR,58280,76.16%,
3T,AR_EC_VF_yshaarj_nzoth_yogg_4013301249727999_Mis_IV_ME,58280,76.16%,
3T,AR_SW_VF_yshaarj_nzoth_yogg_4013576127634927_Mis_IV_ME,58279,76.15%,
3T,VW_DH_TV_VF_yshaarj_nzoth_yogg_3977567263842285_IN_AM_ME,58278,76.15%,
3T,AR_SW_VF_yshaarj_nzoth_yogg_4013302323469807_IN_IV_ME,58275,76.14%,
3T,AR_EC_VF_yshaarj_nzoth_yogg_4013576127634927_Mis_AM_DR,58274,76.14%,
3T,AR_SP_VF_yshaarj_nzoth_yogg_4013576127634927_Mis_IV_ME,58273,76.14%,
3T,AR_EC_VF_nzoth_yogg_cthun_3169159787437551_Mis_IV_ME_DS,58268,76.12%,
3T,AR_SW_VF_yshaarj_nzoth_yogg_4013438688157183_IN_IV_ME,58268,76.12%,
3T,AR_SP_VF_yshaarj_nzoth_yogg_4013310174682607_IN_IV_ME_DS,58268,76.12%,
3T,VW_DH_TV_VF_nzoth_yogg_cthun_3132807393369583_Mis_AM_ME_DS,58267,76.12%,
3T,AR_EC_VF_yshaarj_nzoth_yogg_4013318429081071_IN_IV_ME_DS,58267,76.12%,
3T,AR_EC_VF_yshaarj_nzoth_yogg_4013301249736175_IN_AM_DR,58262,76.10%,
3T,AR_EC_VF_yshaarj_nzoth_yogg_4013318429081071_Mis_IV_ME_DS,58256,76.09%,
3T,AR_SW_VF_yshaarj_nzoth_yogg_4013447278091775_Mis_IV_DR_DS,58256,76.09%,
3T,AR_EC_VF_yshaarj_yogg_cthun_1988688092716527_IN_IV_DR,58253,76.08%,
3T,AR_SP_VF_nzoth_yogg_cthun_3132996162289135_Mis_AM_DR,58252,76.07%,
3T,AR_EC_VF_yshaarj_nzoth_yogg_4013576127118831_Mis_AM_DR,58251,76.07%,
3T,AR_EC_VF_nzoth_yogg_cthun_3132867380370927_Mis_AM_DR,58250,76.07%,
3T,VW_DH_VW_VF_nzoth_yogg_cthun_3132806253043183_Mis_AM_DR_DS,58250,76.07%,
3T,AR_EC_VF_yshaarj_nzoth_yogg_4013318429072895_Mis_IV_DR_DS,58249,76.06%,
3T,VW_DH_TV_VF_nzoth_yogg_cthun_3132798736326143_Mis_AM_ME,58247,76.06%,
3T,AR_SW_VF_nzoth_yogg_cthun_3132859058871791_Mis_AM_DR,58246,76.06%,
3T,AR_SW_VF_yshaarj_nzoth_yogg_3977567121309167_Mis_IV_ME,58246,76.06%,
3T,AR_SP_VF_yshaarj_nzoth_yogg_4013576127118831_Mis_IV_ME,58242,76.04%,
3T,AR_SW_VF_yshaarj_nzoth_yogg_4013318496181743_Mis_IV_ME_DS,58241,76.04%,
3T,AR_EC_VF_yshaarj_nzoth_yogg_4013301316312575_IN_AM_DR,58240,76.04%,
3T,AR_SW_VF_yshaarj_nzoth_yogg_4013302390054383_Mis_AM_DR,58240,76.04%,
3T,AR_SW_VF_nzoth_yogg_cthun_3169151196978687_IN_IV_DR,58239,76.03%,
3T,AR_EC_VF_yshaarj_nzoth_yogg_4013447278616047_IN_AM_DR_DS,58239,76.03%,
3T,AR_SP_VF_yshaarj_nzoth_yogg_4013576194219503_Mis_AM_DR,58237,76.03%,
3T,AR_EC_VF_nzoth_yogg_cthun_3132867313262079_Mis_IV_DR,58236,76.03%,
3T,AR_SW_VF_nzoth_yogg_cthun_3169151264087535_IN_IV_ME,58234,76.02%,
3T,AR_SP_VF_yshaarj_nzoth_yogg_4013310913404399_IN_IV_DR_DS,58234,76.02%,
3T,VW_DH_VW_VF_nzoth_yogg_cthun_3132807326268911_Mis_AM_DR_DS,58234,76.02%,
3T,AR_SW_VF_nzoth_yogg_cthun_3132859864178159_Mis_AM_DR,58232,76.01%,
3T,VW_DH_TV_VF_nzoth_yogg_cthun_3132858932977645_IN_IV_DR,58230,76.01%,
3T,AR_SP_VF_nzoth_yogg_cthun_3169151264087535_Mis_AM_DR,58230,76.01%,
3T,AR_EC_VF_nzoth_yogg_cthun_3169159787437551_IN_IV_ME_DS,58228,76.00%,
3T,AR_SP_VF_yshaarj_nzoth_yogg_4013318429081071_Mis_IV_DR_DS,58228,76.00%,
3T,AR_SW_VF_yshaarj_nzoth_yogg_4013447278616047_Mis_IV_ME_DS,58227,76.00%,
3T,AR_SW_VF_yshaarj_nzoth_yogg_4013438755266031_IN_AM_ME,58225,75.99%,
3T,AR_EC_VF_nzoth_yogg_cthun_3132875903204847_IN_AM_ME_DS,58225,75.99%,
3T,AR_SP_VF_yshaarj_nzoth_yogg_4013302322945535_Mis_IV_ME,58223,75.99%,
3T,AR_EC_VF_yshaarj_nzoth_yogg_4013302322945535_IN_AM_DR,58223,75.99%,
3T,AR_EC_VF_yshaarj_nzoth_yogg_4013310912880127_IN_IV_DR_DS,58223,75.98%,
3T,AR_EC_VF_yshaarj_nzoth_yogg_4013301316836847_IN_AM_ME,58221,75.98%,
3T,AR_SP_VF_yshaarj_nzoth_yogg_4013584784154095_IN_IV_DR_DS,58220,75.98%,
3T,AR_SW_VF_yshaarj_nzoth_yogg_4013301316312575_Mis_IV_ME,58216,75.97%,
3T,AR_EC_VF_yshaarj_nzoth_yogg_3977567121309167_Mis_AM_DR,58216,75.96%,
3T,AR_SP_VF_nzoth_yogg_cthun_3169159786921455_Mis_IV_DR_DS,58215,75.96%,
3T,AR_EC_VF_yshaarj_nzoth_yogg_4013576127634927_IN_AM_DR,58215,75.96%,
3T,AR_EC_VF_yshaarj_nzoth_yogg_4013576194219503_Mis_AM_ME,58211,75.95%,
3T,AR_SW_VF_yshaarj_nzoth_yogg_3977567188409839_Mis_AM_DR,58211,75.95%,
3T,AR_EC_VF_nzoth_yogg_cthun_3132875903204847_Mis_IV_ME_DS,58207,75.94%,
3T,AR_SW_VF_yshaarj_nzoth_yogg_4013438688165359_IN_AM_DR,58205,75.93%,
3T,AR_SW_VF_yshaarj_nzoth_yogg_4013447345200623_Mis_AM_DR_DS,58204,75.93%,
3T,AR_SW_VF_yshaarj_nzoth_yogg_4013309906771439_Mis_IV_DR_DS,58200,75.92%,
3T,AR_EC_VF_nzoth_yogg_cthun_3169159854022127_IN_AM_DR_DS,58200,75.92%,
3T,AR_EC_VF_nzoth_yogg_cthun_3132867380370927_Mis_AM_ME,58199,75.91%,
3T,AR_SP_VF_yshaarj_nzoth_yogg_4013438688165359_IN_AM_DR,58197,75.91%,
3T,AR_SP_VF_yshaarj_nzoth_yogg_4013438688165359_Mis_AM_ME,58197,75.91%,
3T,AR_EC_VF_yshaarj_yogg_cthun_1988688025615855_Mis_IV_DR,58196,75.90%,
3T,AR_EC_VF_yshaarj_nzoth_yogg_4013576127118831_IN_AM_DR,58194,75.90%,
3T,AR_EC_VF_nzoth_yogg_cthun_3132867313262079_IN_AM_DR,58192,75.89%,
3T,AR_SW_VF_nzoth_yogg_cthun_3132858723851775_Mis_IV_ME,58192,75.89%,
3T,AR_EC_VF_nzoth_yogg_cthun_3132996162280959_Mis_AM_ME,58190,75.89%,
3T,AR_SW_VF_yshaarj_nzoth_yogg_4013438688681455_Mis_AM_ME,58190,75.89%,
3T,AR_EC_VF_nzoth_yogg_cthun_3169159786921455_Mis_IV_ME_DS,58190,75.89%,
3T,VW_DH_VW_VF_nzoth_yogg_cthun_3132942617730559_Mis_AM_ME_DS,58187,75.88%,
3T,AR_EC_VF_yshaarj_nzoth_yogg_4013447278091775_Mis_IV_ME_DS,58185,75.87%,
3T,AR_EC_VF_nzoth_yogg_cthun_3169159786921455_IN_IV_ME_DS,58179,75.85%,
3T,AR_SW_VF_nzoth_yogg_cthun_3169151197502959_IN_IV_ME,58178,75.85%,
3T,AR_SW_VF_yshaarj_nzoth_yogg_4013309906771439_IN_IV_DR_DS,58176,75.84%,
3T,AR_EC_VF_nzoth_yogg_cthun_3132858790444527_Mis_AM_ME,58175,75.84%,
3T,AR_SP_VF_nzoth_yogg_cthun_3132859864178159_Mis_AM_ME,58173,75.84%,
3T,AR_EC_VF_yshaarj_nzoth_yogg_4013584717569519_Mis_IV_DR_DS,58172,75.83%,
3T,VW_DH_VW_VF_nzoth_yogg_cthun_3132942618254831_Mis_AM_ME_DS,58170,75.82%,
3T,AR_SW_VF_nzoth_yogg_cthun_3132867313270255_IN_AM_DR,58169,75.82%,
3T,AR_EC_VF_yshaarj_nzoth_yogg_4013302323469807_IN_AM_ME,58168,75.82%,
3T,AR_SW_VF_nzoth_yogg_cthun_3169159787437551_IN_IV_DR_DS,58166,75.81%,
3T,AR_EC_VF_nzoth_yogg_cthun_3169151196978687_Mis_IV_ME,58165,75.81%,
3T,AR_SW_VF_yshaarj_nzoth_yogg_4013576127118831_IN_IV_ME,58164,75.81%,
3T,AR_SW_VF_yshaarj_nzoth_yogg_4013310979988975_IN_IV_DR_DS,58161,75.80%,
3T,VW_DH_TV_VF_nzoth_yogg_cthun_3132858866393069_IN_AM_ME,58154,75.78%,
3T,AR_EC_VF_yshaarj_nzoth_yogg_4013576194219503_IN_AM_ME,58153,75.77%,
3T,AR_SP_VF_yshaarj_nzoth_yogg_4013310979988975_Mis_IV_ME_DS,58147,75.76%,
3T,AR_SP_VF_nzoth_yogg_cthun_3132858723851775_Mis_IV_ME,58145,75.75%,
3T,AR_SP_VF_yshaarj_nzoth_yogg_4013576194219503_IN_AM_DR,58145,75.75%,
3T,AR_SW_VF_yshaarj_nzoth_yogg_4013302322953711_IN_IV_ME,58143,75.74%,
3T,AR_SP_VF_nzoth_yogg_cthun_3132875903720943_IN_AM_DR_DS,58142,75.74%,
3T,AR_SP_VF_yshaarj_nzoth_yogg_4014409350766079_IN_IV_ME_DS,58139,75.73%,
3T,AR_SP_VF_nzoth_yogg_cthun_3169159854022127_IN_IV_ME_DS,58131,75.71%,
3T,AR_SP_VF_nzoth_yogg_cthun_3132858723335679_Mis_IV_DR,58130,75.71%,
3T,AR_SW_VF_yshaarj_nzoth_yogg_4013318429597167_Mis_IV_DR_DS,58130,75.70%,
3T,AR_EC_VF_yshaarj_nzoth_yogg_4013301249736175_Mis_AM_DR,58124,75.69%,
3T,AR_SP_VF_yshaarj_nzoth_yogg_4014409417874927_IN_AM_ME_DS,58123,75.68%,
3T,AR_EC_VF_nzoth_yogg_cthun_3132858790444527_Mis_AM_DR,58120,75.67%,
3T,AR_SW_VF_nzoth_yogg_cthun_3132859058871791_Mis_AM_ME,58120,75.67%,
3T,AR_EC_VF_nzoth_yogg_cthun_3169159786913279_Mis_IV_DR_DS,58120,75.67%,
3T,AR_SW_VF_yshaarj_nzoth_yogg_4013301249727999_IN_IV_DR,58119,75.67%,
3T,AR_SW_VF_nzoth_yogg_cthun_3132858723851775_IN_AM_DR,58113,75.65%,
3T,AR_SP_VF_yshaarj_nzoth_yogg_4013302322945535_IN_IV_ME,58113,75.65%,
3T,AR_SP_VF_nzoth_yogg_cthun_3132858723851775_IN_AM_ME,58113,75.65%,
3T,AR_EC_VF_yshaarj_nzoth_yogg_4014409417874927_Mis_AM_DR_DS,58112,75.65%,
3T,AR_SP_VF_yshaarj_nzoth_yogg_4013447345200623_IN_AM_DR_DS,58110,75.64%,
3T,AR_SW_VF_nzoth_yogg_cthun_3132875970305519_IN_AM_ME_DS,58109,75.64%,
3T,AR_SP_VF_yshaarj_nzoth_yogg_4013438688681455_IN_AM_ME,58107,75.64%,
3T,AR_SP_VF_yshaarj_nzoth_yogg_4013301316836847_IN_AM_DR,58106,75.63%,
3T,AR_SP_VF_nzoth_yogg_cthun_3132875903720943_Mis_IV_DR_DS,58106,75.63%,
3T,AR_EC_VF_yshaarj_nzoth_yogg_4013302322953711_IN_AM_ME,58106,75.63%,
3T,AR_EC_VF_yshaarj_nzoth_yogg_4013301316312575_Mis_AM_ME,58105,75.63%,
3T,AR_SP_VF_yshaarj_nzoth_yogg_4013309906255343_Mis_IV_ME_DS,58104,75.63%,
3T,AR_SP_VF_yshaarj_nzoth_yogg_4013309839670767_IN_IV_DR_DS,58103,75.62%,
3T,AR_EC_VF_nzoth_yogg_cthun_3132867313262079_Mis_IV_ME,58102,75.62%,
3T,AR_SW_VF_nzoth_yogg_cthun_3132858723851775_IN_AM_ME,58098,75.61%,
3T,AR_SW_VF_yshaarj_nzoth_yogg_4013301316836847_Mis_AM_DR,58098,75.61%,
3T,VW_DH_TV_VF_nzoth_yogg_cthun_3150313612959725_IN_IV_DR,58097,75.60%,
3T,AR_SW_VF_yshaarj_nzoth_yogg_4013301584748015_Mis_AM_ME,58095,75.60%,
3T,AR_EC_VF_yshaarj_nzoth_yogg_4013447278616047_Mis_AM_DR_DS,58095,75.60%,
3T,AR_SP_VF_yshaarj_nzoth_yogg_4013447278616047_IN_IV_ME_DS,58094,75.60%,
3T,AR_SW_VF_yshaarj_nzoth_yogg_4013310979988975_Mis_IV_DR_DS,58093,75.59%,
3T,AR_SW_VF_yshaarj_nzoth_yogg_4013447278099951_Mis_IV_ME_DS,58092,75.59%,
3T,AR_SW_VF_yshaarj_nzoth_yogg_4013301316836847_IN_AM_DR,58092,75.59%,
3T,AR_SP_VF_yshaarj_nzoth_yogg_4013301316320751_Mis_AM_DR,58089,75.58%,
3T,AR_SW_VF_nzoth_yogg_cthun_3169159786921455_Mis_IV_DR_DS,58088,75.58%,
3T,VW_DH_VW_VF_nzoth_yogg_cthun_3132996304822253_IN_IV_DR,58087,75.58%,
3T,AR_EC_VF_nzoth_yogg_cthun_3169151196986863_IN_AM_DR,58086,75.57%,
3T,AR_SP_VF_yshaarj_nzoth_yogg_4013447278091775_IN_IV_DR_DS,58084,75.57%,
3T,AR_SP_VF_yshaarj_nzoth_yogg_4013301316320751_IN_AM_DR,58083,75.56%,
3T,AR_SW_VF_nzoth_yogg_cthun_3132996162289135_Mis_AM_DR,58083,75.56%,
3T,AR_SW_VF_nzoth_yogg_cthun_3132875903720943_Mis_IV_DR_DS,58083,75.56%,
3T,AR_SW_VF_nzoth_yogg_cthun_3132858790960623_Mis_AM_DR,58082,75.56%,
3T,AR_SW_VF_yshaarj_nzoth_yogg_4013309906255343_Mis_IV_DR_DS,58079,75.55%,
3T,AR_EC_VF_yshaarj_nzoth_yogg_4013301249211903_Mis_IV_ME,58078,75.55%,
3T,AR_EC_VF_yshaarj_nzoth_yogg_4014409350766079_Mis_IV_DR_DS,58077,75.54%,
3T,VW_DH_VW_VF_nzoth_yogg_cthun_3132798736850415_Mis_AM_ME,58076,75.54%,
3T,AR_EC_VF_yshaarj_nzoth_yogg_4013576127110655_Mis_IV_ME,58074,75.54%,
3T,AR_SP_VF_nzoth_yogg_cthun_3132875903720943_Mis_IV_ME_DS,58074,75.53%,
3T,VW_DH_VW_VF_nzoth_yogg_cthun_3132798736326143_Mis_AM_ME,58073,75.53%,
3T,AR_EC_VF_yshaarj_nzoth_yogg_4013309839662591_IN_IV_DR_DS,58071,75.53%,
3T,AR_EC_VF_nzoth_yogg_cthun_3169151196978687_IN_IV_ME,58069,75.52%,
3T,AR_EC_VF_yshaarj_yogg_cthun_1988688025607679_Mis_IV_DR,58069,75.52%,
3T,VW_DH_VW_VF_nzoth_yogg_cthun_3132807393369583_Mis_AM_ME_DS,58069,75.52%,
3T,AR_SW_VF_yshaarj_nzoth_yogg_4013447278099951_IN_IV_DR_DS,58068,75.52%,
3T,AR_SW_VF_yshaarj_nzoth_yogg_4013438688681455_IN_AM_ME,58064,75.51%,
3T,AR_EC_VF_yshaarj_nzoth_yogg_4014400760831487_Mis_AM_ME,58064,75.51%,
3T,AR_SP_VF_yshaarj_nzoth_yogg_4013309906771439_Mis_IV_ME_DS,58063,75.50%,
3T,AR_SW_VF_nzoth_yogg_cthun_3132875903720943_IN_AM_DR_DS,58063,75.50%,
3T,AR_SW_VF_nzoth_yogg_cthun_3169151196986863_Mis_IV_ME,58063,75.50%,
3T,AR_EC_VF_yshaarj_yogg_cthun_2043251357244911_IN_IV_DR,58062,75.50%,
3T,AR_SP_VF_nzoth_yogg_cthun_3132859797593583_Mis_AM_DR,58062,75.50%,
3T,AR_SW_VF_yshaarj_nzoth_yogg_4013576194219503_IN_AM_DR,58062,75.50%,
3T,VW_DH_TV_VF_nzoth_yogg_cthun_3132867455803373_IN_AM_ME,58061,75.50%,
3T,AR_SW_VF_yshaarj_nzoth_yogg_4014409351290351_Mis_IV_ME_DS,58057,75.48%,
3T,AR_SW_VF_yshaarj_nzoth_yogg_4013584784154095_Mis_IV_DR_DS,58056,75.48%,
3T,AR_EC_VF_yshaarj_nzoth_yogg_4013310174682607_Mis_AM_ME_DS,58054,75.48%,
3T,AR_EC_VF_nzoth_yogg_cthun_3132859797069311_Mis_AM_DR,58054,75.47%,
3T,AR_SW_VF_yshaarj_nzoth_yogg_4013851005025775_Mis_IV_ME,58053,75.47%,
3T,AR_SP_VF_nzoth_yogg_cthun_3132867313262079_IN_AM_ME,58051,75.47%,
3T,AR_SP_VF_yshaarj_nzoth_yogg_4013584784154095_Mis_IV_DR_DS,58051,75.47%,
3T,AR_EC_VF_yshaarj_nzoth_yogg_4013310979988975_IN_AM_DR_DS,58046,75.45%,
3T,AR_SW_VF_yshaarj_nzoth_yogg_4013301249727999_Mis_IV_DR,58045,75.45%,
3T,AR_SP_VF_yshaarj_nzoth_yogg_4013310174682607_IN_AM_DR_DS,58045,75.45%,
3T,AR_SP_VF_nzoth_yogg_cthun_3132875970305519_IN_AM_ME_DS,58043,75.44%,
3T,AR_SP_VF_nzoth_yogg_cthun_3132858723335679_Mis_IV_ME,58042,75.44%,
3T,AR_SW_VF_yshaarj_nzoth_yogg_4014409350774255_Mis_IV_DR_DS,58042,75.44%,
3T,VW_DH_TV_VF_nzoth_yogg_cthun_3132815916195311_Mis_AM_DR_DS,58039,75.43%,
3T,AR_EC_VF_yshaarj_nzoth_yogg_4013447345200623_IN_AM_ME_DS,58037,75.42%,
3T,AR_SP_VF_nzoth_yogg_cthun_3132867313262079_Mis_IV_DR,58036,75.42%,
3T,VW_DH_VW_VF_nzoth_yogg_cthun_3135004202556911_Mis_AM_DR_DS,58035,75.42%,
3T,AR_SP_VF_yshaarj_nzoth_yogg_4013447278099951_IN_IV_ME_DS,58032,75.41%,
3T,AR_EC_VF_yshaarj_nzoth_yogg_4013438688157183_Mis_AM_ME,58029,75.40%,
3T,VW_DH_TV_VF_nzoth_yogg_cthun_3132807393369583_Mis_AM_DR_DS,58028,75.40%,
3T,AR_SP_VF_yshaarj_nzoth_yogg_3977567188409839_Mis_AM_ME,58023,75.38%,
3T,AR_SP_VF_yshaarj_nzoth_yogg_4013318429081071_IN_IV_ME_DS,58022,75.38%,
3T,AR_SW_VF_nzoth_yogg_cthun_3132875903720943_IN_AM_ME_DS,58021,75.38%,
3T,AR_SW_VF_yshaarj_nzoth_yogg_4014400760839663_Mis_AM_DR,58020,75.37%,
3T,AR_SW_VF_yshaarj_nzoth_yogg_4013576194219503_Mis_AM_DR,58018,75.36%,
3T,AR_SW_VF_yshaarj_nzoth_yogg_4013301584748015_IN_AM_ME,58017,75.36%,
3T,AR_SP_VF_nzoth_yogg_cthun_3132858790960623_Mis_AM_ME,58011,75.35%,
3T,AR_SP_VF_yshaarj_nzoth_yogg_4013851072126447_IN_AM_ME,58004,75.32%,
3T,AR_SP_VF_yshaarj_nzoth_yogg_4014400761355759_Mis_AM_ME,58003,75.32%,
3T,VW_DH_VW_VF_nzoth_yogg_cthun_3132798736850415_Mis_AM_DR,58003,75.32%,
3T,AR_SW_VF_nzoth_yogg_cthun_3132859864178159_Mis_AM_ME,58002,75.32%,
3T,AR_SP_VF_yshaarj_nzoth_yogg_4013309906247167_Mis_IV_DR_DS,58001,75.31%,
3T,AR_SW_VF_yshaarj_nzoth_yogg_4014409417874927_IN_AM_DR_DS,57994,75.29%,
3T,AR_EC_VF_yshaarj_nzoth_yogg_3977567121309167_Mis_AM_ME,57990,75.28%,
3T,AR_SP_VF_yshaarj_nzoth_yogg_4013584717569519_Mis_IV_DR_DS,57987,75.27%,
3T,AR_SW_VF_yshaarj_nzoth_yogg_4014400761355759_Mis_AM_ME,57985,75.27%,
3T,AR_EC_VF_yshaarj_nzoth_yogg_4014409417874927_Mis_AM_ME_DS,57983,75.26%,
3T,AR_SW_VF_nzoth_yogg_cthun_3132867313262079_Mis_IV_DR,57981,75.25%,
3T,AR_EC_VF_yshaarj_nzoth_yogg_3977567121300991_Mis_AM_DR,57980,75.25%,
3T,AR_EC_VF_yshaarj_yogg_cthun_1988688092716527_Mis_AM_DR,57980,75.25%,
3T,AR_SP_VF_nzoth_yogg_cthun_3132858790960623_Mis_AM_DR,57978,75.25%,
3T,AR_SP_VF_yshaarj_nzoth_yogg_4013438688157183_IN_AM_DR,57977,75.24%,
3T,VW_DH_TV_VF_nzoth_yogg_cthun_3133363524525551_Mis_AM_DR_DS,57975,75.24%,
3T,AR_SW_VF_yshaarj_nzoth_yogg_4013851005017599_Mis_IV_ME,57974,75.23%,
3T,AR_EC_VF_yshaarj_nzoth_yogg_4013318429072895_IN_IV_ME_DS,57972,75.23%,
3T,AR_EC_VF_nzoth_yogg_cthun_3169159786913279_IN_IV_DR_DS,57972,75.23%,
3T,AR_SP_VF_yshaarj_nzoth_yogg_4013851005541871_Mis_AM_DR,57971,75.22%,
3T,AR_EC_VF_yshaarj_nzoth_yogg_4013584717053423_Mis_IV_DR_DS,57969,75.22%,
3T,AR_SW_VF_yshaarj_nzoth_yogg_4013576127118831_Mis_IV_ME,57967,75.21%,
3T,VW_DH_TV_VF_nzoth_yogg_cthun_3132807326268911_Mis_AM_ME_DS,57966,75.21%,
3T,AR_EC_VF_nzoth_yogg_cthun_3132858723859951_Mis_AM_ME,57965,75.21%,
3T,AR_SW_VF_nzoth_yogg_cthun_3169159786921455_IN_IV_DR_DS,57960,75.19%,
3T,VW_DH_TV_VF_nzoth_yogg_cthun_3133363524525551_Mis_AM_ME_DS,57959,75.19%,
3T,AR_EC_VF_yshaarj_nzoth_yogg_4013318496181743_IN_AM_ME_DS,57956,75.18%,
3T,AR_SP_VF_yshaarj_nzoth_yogg_4013447345200623_Mis_AM_ME_DS,57955,75.18%,
3T,AR_SW_VF_nzoth_yogg_cthun_3132867313270255_Mis_IV_ME,57955,75.18%,
3T,AR_EC_VF_yshaarj_nzoth_yogg_4013310912888303_Mis_IV_ME_DS,57955,75.17%,
3T,AR_SW_VF_yshaarj_nzoth_yogg_4013447345200623_IN_AM_DR_DS,57952,75.17%,
3T,AR_EC_VF_nzoth_yogg_cthun_3132867313786351_Mis_AM_DR,57951,75.16%,
3T,AR_SW_VF_nzoth_yogg_cthun_3169151196978687_Mis_IV_DR,57951,75.16%,
3T,AR_SP_VF_nzoth_yogg_cthun_3132996162280959_Mis_AM_DR,57949,75.16%,
3T,AR_SW_VF_nzoth_yogg_cthun_3132996162289135_Mis_AM_ME,57948,75.15%,
3T,AR_SP_VF_nzoth_yogg_cthun_3132858723335679_IN_AM_ME,57947,75.15%,
3T,AR_EC_VF_yshaarj_nzoth_yogg_4013576127634927_IN_AM_ME,57944,75.14%,
3T,AR_SW_VF_yshaarj_nzoth_yogg_4013302322953711_Mis_IV_ME,57941,75.13%,
3T,AR_SW_VF_yshaarj_nzoth_yogg_3977567188409839_Mis_AM_ME,57938,75.12%,
3T,VW_DH_TV_VF_nzoth_yogg_cthun_3132815916195311_Mis_AM_ME_DS,57937,75.12%,
3T,AR_EC_VF_yshaarj_nzoth_yogg_4013309906255343_IN_IV_ME_DS,57937,75.12%,
3T,AR_EC_VF_yshaarj_nzoth_yogg_3977567121300991_Mis_AM_ME,57935,75.11%,
3T,AR_SP_VF_yshaarj_nzoth_yogg_4013318429072895_IN_IV_DR_DS,57934,75.11%,
3T,AR_EC_VF_yshaarj_nzoth_yogg_4013310912880127_Mis_IV_DR_DS,57934,75.11%,
3T,AR_EC_VF_yshaarj_nzoth_yogg_4013301249736175_IN_AM_ME,57928,75.09%,
3T,AR_SP_VF_yshaarj_nzoth_yogg_4014409350766079_Mis_IV_DR_DS,57928,75.09%,
3T,AR_SP_VF_nzoth_yogg_cthun_3132875903204847_Mis_IV_DR_DS,57926,75.09%,
3T,AR_SW_VF_nzoth_yogg_cthun_3132875903720943_Mis_IV_ME_DS,57925,75.09%,
3T,AR_SW_VF_yshaarj_nzoth_yogg_4013301249211903_IN_IV_DR,57919,75.07%,
3T,VW_DH_TV_VF_nzoth_yogg_cthun_3132813768719855_Mis_AM_ME_DS,57919,75.07%,
3T,VW_DH_VW_VF_nzoth_yogg_cthun_3132859939610605_IN_AM_DR,57918,75.06%,
3T,AR_SP_VF_nzoth_yogg_cthun_3169159786921455_Mis_IV_ME_DS,57916,75.06%,
3T,VW_DH_VW_VF_nzoth_yogg_cthun_3132798736326143_Mis_AM_DR,57914,75.05%,
3T,VW_DH_TV_VF_nzoth_yogg_cthun_3132876045737965_IN_IV_DR_DS,57914,75.05%,
3T,AR_SW_VF_nzoth_yogg_cthun_3132858723335679_Mis_IV_DR,57913,75.05%,
3T,AR_EC_VF_yshaarj_nzoth_yogg_4013309906771439_Mis_AM_DR_DS,57911,75.04%,
3T,AR_SP_VF_yshaarj_nzoth_yogg_4013302322953711_IN_AM_DR,57908,75.03%,
3T,AR_SW_VF_yshaarj_nzoth_yogg_4013318429081071_IN_IV_DR_DS,57906,75.03%,
3T,VW_DH_TV_VF_nzoth_yogg_cthun_3132813769235951_Mis_AM_ME_DS,57906,75.03%,
3T,AR_SP_VF_yshaarj_nzoth_yogg_3977567121825263_Mis_AM_ME,57904,75.02%,
3T,AR_EC_VF_yshaarj_nzoth_yogg_4013301249211903_IN_AM_DR,57904,75.02%,
3T,AR_EC_VF_yshaarj_nzoth_yogg_4013851005017599_IN_AM_ME,57904,75.02%,
3T,AR_SP_VF_yshaarj_nzoth_yogg_4013851072126447_Mis_AM_ME,57899,75.01%,
3T,AR_SW_VF_yshaarj_nzoth_yogg_4013851005541871_IN_AM_DR,57899,75.01%,
3T,AR_SW_VF_yshaarj_nzoth_yogg_4013576127110655_Mis_IV_DR,57899,75.01%,
3T,AR_SW_VF_yshaarj_nzoth_yogg_4013851072126447_IN_AM_DR,57898,75.00%,
3T,AR_SP_VF_yshaarj_nzoth_yogg_4013310913404399_Mis_IV_DR_DS,57896,75.00%,
3T,AR_SW_VF_yshaarj_nzoth_yogg_4013301316312575_IN_IV_ME,57894,74.99%,
3T,AR_SP_VF_yshaarj_nzoth_yogg_4013310174682607_Mis_AM_DR_DS,57892,74.99%,
3T,AR_SP_VF_nzoth_yogg_cthun_3169151196978687_Mis_IV_ME,57891,74.98%,
3T,AR_SW_VF_yshaarj_nzoth_yogg_4013438688165359_Mis_AM_ME,57888,74.97%,
3T,AR_EC_VF_nzoth_yogg_cthun_3132858790436351_Mis_AM_DR,57888,74.97%,
3T,AR_SW_VF_yshaarj_nzoth_yogg_4013310913404399_IN_IV_DR_DS,57887,74.97%,
3T,AR_SP_VF_nzoth_yogg_cthun_3169159786913279_IN_IV_DR_DS,57882,74.96%,
3T,AR_SW_VF_nzoth_yogg_cthun_3169159787437551_Mis_IV_DR_DS,57882,74.96%,
3T,AR_EC_VF_nzoth_yogg_cthun_3169151197502959_IN_AM_ME,57882,74.96%,
3T,AR_SW_VF_yshaarj_nzoth_yogg_3977567121300991_Mis_IV_ME,57880,74.95%,
3T,AR_SP_VF_yshaarj_nzoth_yogg_4013310912888303_Mis_IV_DR_DS,57878,74.94%,
3T,AR_SP_VF_yshaarj_nzoth_yogg_4013302322945535_IN_AM_DR,57874,74.93%,
3T,AR_EC_VF_yshaarj_nzoth_yogg_4013447278616047_Mis_AM_ME_DS,57872,74.93%,
3T,AR_SP_VF_yshaarj_nzoth_yogg_4013301316836847_Mis_AM_ME,57872,74.92%,
3T,AR_EC_VF_yshaarj_nzoth_yogg_4014409350774255_IN_AM_ME_DS,57872,74.92%,
3T,AR_SW_VF_yshaarj_nzoth_yogg_4014400760831487_IN_AM_ME,57869,74.92%,
3T,AR_SP_VF_nzoth_yogg_cthun_3132996162289135_Mis_AM_ME,57867,74.91%,
3T,AR_SW_VF_yshaarj_nzoth_yogg_4013584784154095_IN_IV_DR_DS,57867,74.91%,
3T,AR_SW_VF_yshaarj_nzoth_yogg_4013302322945535_IN_IV_ME,57866,74.91%,
3T,AR_SP_VF_yshaarj_nzoth_yogg_4013851005017599_IN_AM_DR,57865,74.90%,
3T,AR_SW_VF_yshaarj_nzoth_yogg_4013301316320751_IN_AM_DR,57864,74.90%,
3T,AR_EC_VF_yshaarj_nzoth_yogg_4014409350766079_IN_AM_DR_DS,57863,74.90%,
3T,AR_EC_VF_yshaarj_nzoth_yogg_4013310913404399_IN_IV_ME_DS,57863,74.90%,
3T,VW_DH_TV_VF_nzoth_yogg_cthun_3132996304822253_IN_AM_ME,57859,74.89%,
3T,AR_EC_VF_yshaarj_nzoth_yogg_4013576127110655_IN_IV_ME,57858,74.88%,
3T,AR_SP_VF_yshaarj_nzoth_yogg_4013309906771439_IN_IV_ME_DS,57858,74.88%,
3T,AR_SP_VF_yshaarj_nzoth_yogg_4013310912880127_IN_IV_DR_DS,57855,74.87%,
3T,AR_SP_VF_yshaarj_nzoth_yogg_4013318429597167_Mis_IV_ME_DS,57853,74.87%,
3T,AR_EC_VF_nzoth_yogg_cthun_3132875903196671_IN_AM_DR_DS,57846,74.85%,
3T,AR_EC_VF_yshaarj_yogg_cthun_2043251357244911_Mis_IV_DR,57846,74.85%,
3T,AR_SP_VF_yshaarj_nzoth_yogg_4013301249211903_Mis_IV_ME,57843,74.84%,
3T,AR_SP_VF_yshaarj_nzoth_yogg_4013576127110655_Mis_IV_ME,57840,74.83%,
3T,AR_SW_VF_yshaarj_nzoth_yogg_4013301316836847_IN_AM_ME,57836,74.82%,
3T,AR_SW_VF_nzoth_yogg_cthun_3169151264087535_Mis_AM_DR,57833,74.81%,
3T,AR_SP_VF_yshaarj_nzoth_yogg_4013301249727999_Mis_IV_ME,57831,74.80%,
3T,AR_SW_VF_yshaarj_nzoth_yogg_4014409350774255_Mis_IV_ME_DS,57829,74.79%,
3T,AR_SW_VF_nzoth_yogg_cthun_3132867313262079_IN_AM_DR,57827,74.79%,
3T,AR_EC_VF_yshaarj_nzoth_yogg_4013851005541871_IN_AM_ME,57824,74.78%,
3T,AR_SP_VF_yshaarj_nzoth_yogg_4013318429081071_Mis_IV_ME_DS,57824,74.78%,
3T,AR_EC_VF_yshaarj_nzoth_yogg_4013301249727999_Mis_AM_DR,57822,74.77%,
3T,AR_SW_VF_nzoth_yogg_cthun_3132859797593583_Mis_AM_DR,57822,74.77%,
3T,AR_SP_VF_nzoth_yogg_cthun_3132875903204847_IN_AM_DR_DS,57821,74.77%,
3T,AR_SW_VF_yshaarj_nzoth_yogg_4013309906771439_Mis_IV_ME_DS,57820,74.77%,
3T,VW_DH_TV_VF_nzoth_yogg_cthun_3132813768711679_Mis_AM_DR_DS,57817,74.76%,
3T,AR_SP_VF_yshaarj_nzoth_yogg_4013851005025775_IN_AM_DR,57817,74.76%,
3T,AR_SP_VF_nzoth_yogg_cthun_3132859797593583_Mis_AM_ME,57816,74.76%,
3T,AR_SP_VF_yshaarj_nzoth_yogg_4013302323469807_Mis_AM_DR,57815,74.75%,
3T,AR_SP_VF_yshaarj_nzoth_yogg_4013302390054383_IN_AM_ME,57814,74.75%,
3T,AR_SW_VF_yshaarj_nzoth_yogg_4013302323469807_IN_AM_DR,57813,74.75%,
3T,AR_EC_VF_yshaarj_nzoth_yogg_4013310979988975_Mis_AM_DR_DS,57811,74.74%,
3T,AR_EC_VF_yshaarj_nzoth_yogg_4013301249736175_Mis_AM_ME,57807,74.73%,
3T,AR_SW_VF_yshaarj_nzoth_yogg_4013318496181743_IN_IV_ME_DS,57806,74.73%,
3T,AR_SP_VF_nzoth_yogg_cthun_3132875903204847_Mis_IV_ME_DS,57806,74.73%,
3T,AR_SW_VF_yshaarj_nzoth_yogg_4013310913404399_Mis_IV_DR_DS,57806,74.72%,
3T,AR_SW_VF_yshaarj_nzoth_yogg_4014409351290351_IN_AM_DR_DS,57805,74.72%,
3T,AR_SP_VF_yshaarj_nzoth_yogg_4013318429597167_IN_IV_ME_DS,57805,74.72%,
3T,AR_SP_VF_yshaarj_nzoth_yogg_4014400760831487_Mis_AM_DR,57803,74.72%,
3T,AR_EC_VF_yshaarj_nzoth_yogg_4013851005025775_IN_AM_ME,57800,74.71%,
3T,AR_SP_VF_nzoth_yogg_cthun_3169151264087535_Mis_AM_ME,57796,74.69%,
3T,AR_SW_VF_yshaarj_nzoth_yogg_4013302322945535_Mis_IV_ME,57795,74.69%,
3T,VW_DH_VW_VF_nzoth_yogg_cthun_3132813835820527_Mis_AM_ME_DS,57793,74.69%,
3T,AR_SW_VF_nzoth_yogg_cthun_3169151196986863_IN_IV_ME,57788,74.67%,
3T,AR_SW_VF_yshaarj_nzoth_yogg_4013301249727999_Mis_IV_ME,57787,74.67%,
3T,AR_SW_VF_yshaarj_nzoth_yogg_4013576194219503_IN_AM_ME,57786,74.66%,
3T,AR_EC_VF_nzoth_yogg_cthun_3132859797077487_Mis_AM_ME,57785,74.66%,
3T,AR_SP_VF_yshaarj_yogg_cthun_1988688092716527_IN_IV_DR,57784,74.66%,
3T,AR_SP_VF_nzoth_yogg_cthun_3169151196978687_IN_IV_ME,57783,74.66%,
3T,VW_DH_VW_VF_nzoth_yogg_cthun_3132858932977645_IN_IV_DR,57781,74.65%,
3T,AR_SP_VF_yshaarj_nzoth_yogg_4014400760839663_Mis_AM_ME,57777,74.64%,
3T,AR_SP_VF_yshaarj_nzoth_yogg_4013584784154095_IN_IV_ME_DS,57776,74.64%,
3T,AR_EC_VF_nzoth_yogg_cthun_3132859797069311_Mis_AM_ME,57776,74.63%,
3T,AR_SP_VF_yshaarj_nzoth_yogg_4013309906247167_IN_IV_DR_DS,57775,74.63%,
3T,AR_SW_VF_yshaarj_nzoth_yogg_4013576127634927_IN_AM_DR,57774,74.63%,
3T,AR_SW_VF_yshaarj_nzoth_yogg_4013318429081071_Mis_IV_DR_DS,57773,74.63%,
3T,AR_SW_VF_nzoth_yogg_cthun_3169159787437551_Mis_IV_ME_DS,57773,74.63%,
3T,AR_EC_VF_yshaarj_yogg_cthun_1972332857253359_IN_IV_DR,57772,74.62%,
3T,AR_EC_VF_yshaarj_nzoth_yogg_4013301316312575_IN_AM_ME,57772,74.62%,
3T,AR_SP_VF_yshaarj_nzoth_yogg_4013302390054383_Mis_AM_ME,57770,74.62%,
3T,AR_SP_VF_yshaarj_nzoth_yogg_4014409350774255_Mis_IV_ME_DS,57769,74.61%,
3T,AR_SW_VF_yshaarj_nzoth_yogg_4013576127110655_IN_IV_DR,57769,74.61%,
3T,AR_SP_VF_yshaarj_nzoth_yogg_4013318496181743_Mis_AM_DR_DS,57768,74.61%,
3T,AR_SW_VF_yshaarj_nzoth_yogg_4013438688157183_Mis_AM_DR,57767,74.61%,
3T,AR_EC_VF_yshaarj_nzoth_yogg_4013576127110655_IN_AM_DR,57766,74.60%,
3T,AR_SP_VF_yshaarj_nzoth_yogg_4013310912880127_Mis_IV_DR_DS,57765,74.60%,
3T,AR_SW_VF_yshaarj_nzoth_yogg_4013301316320751_Mis_AM_DR,57764,74.60%,
3T,AR_SW_VF_yshaarj_nzoth_yogg_4013302323469807_Mis_AM_DR,57764,74.60%,
3T,VW_DH_VW_VF_nzoth_yogg_cthun_3132815916195311_Mis_AM_ME_DS,57764,74.60%,
3T,AR_SW_VF_yshaarj_nzoth_yogg_4013310912888303_IN_IV_DR_DS,57763,74.60%,
3T,AR_EC_VF_yshaarj_nzoth_yogg_4013309906255343_IN_AM_DR_DS,57762,74.59%,
3T,AR_EC_VF_yshaarj_nzoth_yogg_4013318496181743_Mis_AM_ME_DS,57762,74.59%,
3T,AR_EC_VF_yshaarj_yogg_cthun_1971370784579055_Mis_IV_DR,57761,74.59%,
3T,AR_SW_VF_yshaarj_nzoth_yogg_4013438688157183_IN_AM_DR,57760,74.59%,
3T,AR_SW_VF_yshaarj_nzoth_yogg_4013301316836847_Mis_AM_ME,57757,74.58%,
3T,AR_SP_VF_nzoth_yogg_cthun_3132867313262079_IN_AM_DR,57757,74.58%,
3T,AR_SP_VF_nzoth_yogg_cthun_3132867313262079_Mis_IV_ME,57753,74.56%,
3T,AR_SW_VF_yshaarj_nzoth_yogg_4013301249211903_Mis_IV_DR,57751,74.56%,
3T,AR_EC_VF_yshaarj_nzoth_yogg_4013584784154095_IN_IV_ME_DS,57748,74.55%,
3T,AR_EC_VF_yshaarj_nzoth_yogg_4013576127118831_IN_AM_ME,57748,74.55%,
3T,AR_EC_VF_yshaarj_nzoth_yogg_4013438688157183_IN_AM_ME,57744,74.54%,
3T,AR_EC_VF_nzoth_yogg_cthun_3132875903196671_Mis_IV_DR_DS,57743,74.54%,
3T,AR_SP_VF_nzoth_yogg_cthun_3169159787437551_Mis_IV_ME_DS,57738,74.52%,
3T,AR_SP_VF_yshaarj_nzoth_yogg_4013301249727999_IN_IV_ME,57736,74.51%,
3T,AR_SW_VF_yshaarj_nzoth_yogg_4013851005017599_IN_IV_ME,57735,74.51%,
3T,AR_EC_VF_nzoth_yogg_cthun_3169151197502959_Mis_AM_ME,57735,74.51%,
3T,VW_DH_TV_VF_nzoth_yogg_cthun_3132813769235951_Mis_AM_DR_DS,57733,74.50%,
3T,AR_SP_VF_yshaarj_nzoth_yogg_4013301316312575_Mis_AM_DR,57733,74.50%,
3T,AR_SP_VF_yshaarj_nzoth_yogg_4013302323469807_IN_AM_DR,57731,74.50%,
3T,AR_SP_VF_yshaarj_nzoth_yogg_4013438688165359_IN_AM_ME,57726,74.48%,
3T,AR_EC_VF_yshaarj_nzoth_yogg_4013302323469807_Mis_AM_ME,57724,74.48%,
3T,AR_SP_VF_yshaarj_nzoth_yogg_4013310979988975_IN_IV_ME_DS,57722,74.47%,
3T,AR_SP_VF_nzoth_yogg_cthun_3132859797077487_Mis_AM_DR,57717,74.46%,
3T,AR_SP_VF_nzoth_yogg_cthun_3132867380370927_Mis_AM_DR,57717,74.46%,
3T,AR_SP_VF_yshaarj_nzoth_yogg_4013318429072895_Mis_IV_DR_DS,57717,74.45%,
3T,AR_EC_VF_yshaarj_nzoth_yogg_4013302322945535_IN_AM_ME,57715,74.45%,
3T,AR_SW_VF_nzoth_yogg_cthun_3132875903204847_Mis_IV_ME_DS,57714,74.45%,
3T,AR_SP_VF_yshaarj_nzoth_yogg_4014409351290351_IN_AM_ME_DS,57713,74.44%,
3T,AR_SP_VF_yshaarj_nzoth_yogg_4013584717053423_IN_IV_DR_DS,57713,74.44%,
3T,AR_SP_VF_yshaarj_nzoth_yogg_4013584717569519_IN_IV_DR_DS,57712,74.44%,
3T,AR_SP_VF_nzoth_yogg_cthun_3169151197502959_IN_AM_DR,57711,74.44%,
3T,AR_SW_VF_nzoth_yogg_cthun_3132996162280959_Mis_AM_DR,57711,74.44%,
3T,AR_EC_VF_nzoth_yogg_cthun_3132858723859951_Mis_AM_DR,57708,74.43%,
3T,AR_EC_VF_yshaarj_nzoth_yogg_4013851005025775_Mis_AM_ME,57707,74.43%,
3T,AR_SW_VF_nzoth_yogg_cthun_3132875903204847_IN_AM_DR_DS,57707,74.43%,
3T,AR_SP_VF_yshaarj_nzoth_yogg_4013576194219503_Mis_AM_ME,57704,74.42%,
3T,AR_EC_VF_yshaarj_nzoth_yogg_4013318429597167_IN_AM_DR_DS,57697,74.40%,
3T,AR_SP_VF_nzoth_yogg_cthun_3132858723335679_IN_AM_DR,57696,74.39%,
3T,AR_SW_VF_yshaarj_nzoth_yogg_4013301249727999_IN_IV_ME,57696,74.39%,
3T,AR_EC_VF_yshaarj_nzoth_yogg_4013447278099951_Mis_AM_DR_DS,57693,74.38%,
3T,AR_SW_VF_nzoth_yogg_cthun_3169151197502959_Mis_AM_DR,57690,74.37%,
3T,VW_DH_VW_VF_nzoth_yogg_cthun_3132815916195311_Mis_AM_DR_DS,57686,74.36%,
3T,AR_SW_VF_yshaarj_nzoth_yogg_4013302322953711_IN_AM_DR,57685,74.36%,
3T,AR_EC_VF_yshaarj_nzoth_yogg_4013309906247167_Mis_IV_ME_DS,57685,74.36%,
3T,AR_EC_VF_yshaarj_nzoth_yogg_4013447278091775_IN_IV_ME_DS,57684,74.36%,
3T,AR_SP_VF_yshaarj_nzoth_yogg_4013438688157183_Mis_AM_ME,57683,74.35%,
3T,AR_SP_VF_yshaarj_nzoth_yogg_4013309906255343_IN_IV_ME_DS,57683,74.35%,
3T,AR_SW_VF_yshaarj_nzoth_yogg_4013851005541871_Mis_AM_DR,57682,74.35%,
3T,VW_DH_VW_VF_nzoth_yogg_cthun_3132858866393069_IN_AM_ME,57681,74.35%,
3T,AR_EC_VF_nzoth_yogg_cthun_3132858790436351_Mis_AM_ME,57679,74.34%,
3T,AR_SW_VF_yshaarj_nzoth_yogg_4013447278091775_IN_IV_DR_DS,57678,74.34%,
3T,AR_EC_VF_yshaarj_nzoth_yogg_4013309839670767_IN_IV_ME_DS,57673,74.32%,
3T,AR_SP_VF_yshaarj_nzoth_yogg_4013851005541871_IN_AM_DR,57673,74.32%,
3T,AR_EC_VF_yshaarj_nzoth_yogg_4013309839662591_Mis_IV_DR_DS,57670,74.31%,
3T,VW_DH_VW_VF_nzoth_yogg_cthun_3132807393369583_Mis_AM_DR_DS,57670,74.31%,
3T,AR_SP_VF_nzoth_yogg_cthun_3169151264087535_IN_AM_ME,57669,74.31%,
3T,VW_DH_TV_VF_nzoth_yogg_cthun_3132807326785007_Mis_AM_ME_DS,57669,74.31%,
3T,AR_EC_VF_yshaarj_nzoth_yogg_4013310913404399_Mis_IV_ME_DS,57664,74.30%,
3T,AR_EC_VF_yshaarj_nzoth_yogg_4013310174682607_IN_AM_ME_DS,57664,74.30%,
3T,AR_EC_VF_yshaarj_nzoth_yogg_4013301249727999_IN_AM_DR,57662,74.29%,
3T,AR_SW_VF_nzoth_yogg_cthun_3132867313262079_IN_AM_ME,57660,74.28%,
3T,AR_SP_VF_nzoth_yogg_cthun_3169151196986863_IN_AM_DR,57659,74.28%,
3T,AR_SW_VF_nzoth_yogg_cthun_3132858790960623_Mis_AM_ME,57654,74.27%,
3T,VW_DH_VW_VF_nzoth_yogg_cthun_3132996304822253_IN_AM_ME,57650,74.25%,
3T,AR_EC_VF_yshaarj_nzoth_yogg_4013310912888303_IN_IV_ME_DS,57649,74.25%,
3T,AR_EC_VF_yshaarj_nzoth_yogg_4013302322945535_Mis_AM_ME,57648,74.25%,
3T,AR_SW_VF_nzoth_yogg_cthun_3169151197502959_IN_AM_DR,57648,74.25%,
3T,AR_SP_VF_nzoth_yogg_cthun_3169151197502959_Mis_AM_DR,57638,74.22%,
3T,VW_DH_VW_VF_nzoth_yogg_cthun_3150313612959725_IN_IV_DR,57636,74.21%,
3T,AR_SW_VF_yshaarj_nzoth_yogg_4013301316312575_Mis_AM_DR,57635,74.21%,
3T,AR_SW_VF_yshaarj_nzoth_yogg_4013310912888303_Mis_IV_DR_DS,57635,74.21%,
3T,AR_EC_VF_yshaarj_nzoth_yogg_4013447278091775_IN_AM_DR_DS,57633,74.20%,
3T,AR_SP_VF_nzoth_yogg_cthun_3132875903204847_IN_AM_ME_DS,57630,74.19%,
3T,AR_SP_VF_yshaarj_nzoth_yogg_4013851005025775_Mis_AM_DR,57629,74.19%,
3T,VW_DH_VW_VF_nzoth_yogg_cthun_3132867455803373_IN_AM_ME,57628,74.19%,
3T,AR_SP_VF_nzoth_yogg_cthun_3169159786921455_IN_IV_ME_DS,57627,74.18%,
3T,AR_EC_VF_yshaarj_nzoth_yogg_4014409350766079_Mis_IV_ME_DS,57627,74.18%,
3T,AR_SP_VF_yshaarj_nzoth_yogg_4014409417874927_Mis_AM_DR_DS,57627,74.18%,
3T,AR_EC_VF_yshaarj_nzoth_yogg_4013447278099951_IN_AM_DR_DS,57626,74.18%,
3T,AR_EC_VF_nzoth_yogg_cthun_3169159787437551_IN_AM_DR_DS,57625,74.18%,
3T,AR_SW_VF_yshaarj_nzoth_yogg_4013310174682607_IN_AM_DR_DS,57625,74.18%,
3T,AR_EC_VF_yshaarj_nzoth_yogg_4013447278099951_Mis_AM_ME_DS,57623,74.17%,
3T,AR_SP_VF_yshaarj_yogg_cthun_1988688025607679_Mis_IV_DR,57621,74.17%,
3T,AR_EC_VF_nzoth_yogg_cthun_3132875903196671_IN_AM_ME_DS,57621,74.17%,
3T,AR_EC_VF_yshaarj_nzoth_yogg_4013851005541871_Mis_AM_ME,57621,74.17%,
3T,AR_SW_VF_nzoth_yogg_cthun_3132858723335679_IN_AM_DR,57621,74.17%,
3T,AR_SP_VF_yshaarj_nzoth_yogg_4013302323469807_IN_AM_ME,57621,74.17%,
3T,AR_EC_VF_yshaarj_nzoth_yogg_4013309906771439_IN_AM_DR_DS,57620,74.16%,
3T,AR_SW_VF_yshaarj_nzoth_yogg_4014409350766079_IN_IV_ME_DS,57619,74.16%,
3T,AR_SW_VF_yshaarj_nzoth_yogg_4013584717569519_Mis_IV_DR_DS,57619,74.16%,
3T,AR_EC_VF_nzoth_yogg_cthun_3169151196986863_Mis_AM_DR,57615,74.15%,
3T,AR_SP_VF_yshaarj_nzoth_yogg_4013301316312575_IN_AM_DR,57612,74.14%,
3T,AR_SW_VF_yshaarj_nzoth_yogg_4013318429597167_IN_IV_ME_DS,57611,74.13%,
3T,AR_EC_VF_yshaarj_nzoth_yogg_4013309839146495_IN_IV_DR_DS,57609,74.13%,
3T,AR_EC_VF_yshaarj_nzoth_yogg_4013584717053423_Mis_IV_ME_DS,57606,74.12%,
3T,AR_SP_VF_yshaarj_nzoth_yogg_4013301249736175_Mis_AM_DR,57599,74.10%,
3T,AR_SP_VF_nzoth_yogg_cthun_3169159786913279_Mis_IV_DR_DS,57599,74.10%,
3T,AR_SP_VF_yshaarj_nzoth_yogg_3977567121825263_Mis_AM_DR,57597,74.09%,
3T,AR_EC_VF_yshaarj_nzoth_yogg_4013309839670767_Mis_IV_ME_DS,57594,74.08%,
3T,AR_EC_VF_yshaarj_nzoth_yogg_4013576127118831_Mis_AM_ME,57593,74.08%,
3T,AR_SW_VF_nzoth_yogg_cthun_3132859797593583_Mis_AM_ME,57590,74.07%,
3T,AR_SW_VF_yshaarj_nzoth_yogg_4014400760839663_Mis_AM_ME,57585,74.06%,
3T,AR_SW_VF_yshaarj_nzoth_yogg_4013447345200623_Mis_AM_ME_DS,57585,74.06%,
3T,AR_EC_VF_yshaarj_nzoth_yogg_4013318429072895_Mis_IV_ME_DS,57584,74.05%,
3T,AR_SW_VF_nzoth_yogg_cthun_3169151196986863_IN_AM_DR,57580,74.04%,
3T,AR_EC_VF_yshaarj_nzoth_yogg_4013584784154095_IN_AM_DR_DS,57574,74.02%,
3T,AR_SP_VF_yshaarj_nzoth_yogg_4013447278616047_Mis_AM_DR_DS,57571,74.01%,
3T,AR_SW_VF_yshaarj_nzoth_yogg_4013576127634927_Mis_AM_DR,57569,74.01%,
3T,AR_SW_VF_yshaarj_nzoth_yogg_4013438688165359_IN_AM_ME,57568,74.01%,
3T,AR_SP_VF_yshaarj_nzoth_yogg_4013584784154095_Mis_IV_ME_DS,57568,74.01%,
3T,AR_SW_VF_yshaarj_nzoth_yogg_4013318429597167_Mis_IV_ME_DS,57567,74.00%,
3T,AR_EC_VF_yshaarj_yogg_cthun_1988688026131951_IN_IV_DR,57567,74.00%,
3T,AR_SP_VF_nzoth_yogg_cthun_3132859797069311_Mis_AM_DR,57566,74.00%,
3T,AR_SP_VF_yshaarj_yogg_cthun_2043251357244911_Mis_IV_DR,57565,74.00%,
3T,AR_SP_VF_yshaarj_nzoth_yogg_4014409350774255_IN_AM_DR_DS,57565,74.00%,
3T,AR_SW_VF_nzoth_yogg_cthun_3132858790444527_Mis_AM_DR,57564,73.99%,
3T,AR_SW_VF_nzoth_yogg_cthun_3132858723335679_Mis_IV_ME,57563,73.99%,
3T,AR_SW_VF_yshaarj_nzoth_yogg_4013309906255343_IN_IV_DR_DS,57560,73.98%,
3T,VW_DH_TV_VF_nzoth_yogg_cthun_3132807326260735_Mis_AM_ME_DS,57560,73.98%,
3T,VW_DH_VW_VF_nzoth_yogg_cthun_3132813769235951_Mis_AM_DR_DS,57559,73.98%,
3T,AR_SW_VF_yshaarj_nzoth_yogg_4013447278099951_IN_IV_ME_DS,57558,73.97%,
3T,AR_SW_VF_nzoth_yogg_cthun_3169151196978687_Mis_IV_ME,57558,73.97%,
3T,AR_EC_VF_nzoth_yogg_cthun_3169159854022127_Mis_AM_ME_DS,57555,73.97%,
3T,AR_SW_VF_nzoth_yogg_cthun_3132875903204847_Mis_IV_DR_DS,57555,73.97%,
3T,AR_SW_VF_nzoth_yogg_cthun_3169159786921455_Mis_IV_ME_DS,57554,73.96%,
3T,AR_SW_VF_yshaarj_nzoth_yogg_4013301316312575_IN_AM_DR,57553,73.96%,
3T,AR_EC_VF_yshaarj_yogg_cthun_1988688025615855_IN_IV_DR,57551,73.95%,
3T,VW_DH_TV_VF_nzoth_yogg_cthun_3132858932977645_IN_AM_ME,57551,73.95%,
3T,AR_SP_VF_yshaarj_nzoth_yogg_4013447278091775_Mis_IV_ME_DS,57551,73.95%,
3T,VW_DH_TV_VF_nzoth_yogg_cthun_3132813768711679_Mis_AM_ME_DS,57548,73.95%,
3T,AR_SP_VF_yshaarj_nzoth_yogg_4013576127110655_IN_IV_ME,57548,73.94%,
3T,AR_SP_VF_yshaarj_yogg_cthun_1988688092716527_Mis_IV_ME,57546,73.94%,
3T,AR_SW_VF_nzoth_yogg_cthun_3132859797077487_Mis_AM_DR,57545,73.94%,
3T,AR_SW_VF_nzoth_yogg_cthun_3169159854022127_Mis_AM_DR_DS,57545,73.94%,
3T,VW_DH_TV_VF_yshaarj_nzoth_yogg_3977567263842285_IN_AM_DR,57542,73.93%,
3T,AR_SW_VF_nzoth_yogg_cthun_3169159854022127_IN_IV_ME_DS,57542,73.93%,
3T,VW_DH_TV_VF_nzoth_yogg_cthun_3132807326785007_Mis_AM_DR_DS,57541,73.92%,
3T,AR_EC_VF_nzoth_yogg_cthun_3132867313270255_Mis_AM_ME,57540,73.92%,
3T,AR_EC_VF_yshaarj_nzoth_yogg_4013318429081071_IN_AM_DR_DS,57539,73.92%,
3T,AR_EC_VF_yshaarj_nzoth_yogg_4013576127110655_Mis_AM_DR,57535,73.91%,
3T,AR_EC_VF_yshaarj_nzoth_yogg_4013302322953711_Mis_AM_ME,57535,73.91%,
3T,AR_SW_VF_yshaarj_nzoth_yogg_4013851072126447_Mis_AM_ME,57532,73.90%,
3T,AR_EC_VF_yshaarj_nzoth_yogg_4013576127634927_Mis_AM_ME,57524,73.87%,
3T,AR_SW_VF_yshaarj_nzoth_yogg_4013309839670767_Mis_IV_DR_DS,57523,73.87%,
3T,AR_SW_VF_yshaarj_nzoth_yogg_4013447278616047_IN_IV_ME_DS,57521,73.86%,
3T,VW_DH_TV_VF_nzoth_yogg_cthun_3132858865876973_IN_AM_DR,57520,73.86%,
3T,AR_EC_VF_nzoth_yogg_cthun_3132858723851775_Mis_AM_DR,57518,73.86%,
3T,AR_SW_VF_yshaarj_nzoth_yogg_4013302322945535_IN_AM_DR,57516,73.85%,
3T,AR_SW_VF_yshaarj_nzoth_yogg_4014409417874927_IN_AM_ME_DS,57511,73.83%,
3T,AR_EC_VF_nzoth_yogg_cthun_3132867313786351_Mis_AM_ME,57511,73.83%,
3T,AR_SW_VF_yshaarj_nzoth_yogg_4013301249736175_IN_AM_DR,57511,73.83%,
3T,AR_EC_VF_nzoth_yogg_cthun_3169151196986863_Mis_AM_ME,57510,73.83%,
3T,AR_SP_VF_yshaarj_nzoth_yogg_4013309839146495_IN_IV_DR_DS,57509,73.83%,
3T,AR_EC_VF_yshaarj_nzoth_yogg_4013584717045247_IN_IV_DR_DS,57509,73.83%,
3T,AR_SW_VF_yshaarj_nzoth_yogg_4013310174682607_Mis_AM_DR_DS,57506,73.82%,
3T,AR_SP_VF_yshaarj_nzoth_yogg_4013302322953711_Mis_AM_DR,57504,73.81%,
3T,AR_EC_VF_yshaarj_nzoth_yogg_4013851005017599_Mis_AM_ME,57503,73.81%,
3T,AR_EC_VF_nzoth_yogg_cthun_3132875970305519_Mis_AM_DR_DS,57502,73.81%,
3T,AR_SP_VF_yshaarj_nzoth_yogg_4013301249211903_IN_IV_ME,57502,73.81%,
3T,AR_SW_VF_yshaarj_nzoth_yogg_3977567121825263_Mis_AM_DR,57499,73.80%,
3T,AR_SP_VF_nzoth_yogg_cthun_3169159854022127_Mis_AM_DR_DS,57497,73.79%,
3T,AR_SW_VF_nzoth_yogg_cthun_3132867380370927_Mis_AM_DR,57496,73.79%,
3T,AR_EC_VF_yshaarj_nzoth_yogg_4013447278616047_IN_AM_ME_DS,57493,73.78%,
3T,VW_DH_VW_VF_nzoth_yogg_cthun_3132813768719855_Mis_AM_ME_DS,57486,73.76%,
3T,AR_SW_VF_yshaarj_nzoth_yogg_4013584784154095_Mis_IV_ME_DS,57486,73.76%,
3T,AR_SW_VF_yshaarj_nzoth_yogg_4013447278616047_Mis_AM_DR_DS,57485,73.75%,
3T,AR_EC_VF_yshaarj_nzoth_yogg_4013447278091775_Mis_AM_DR_DS,57484,73.75%,
3T,AR_EC_VF_nzoth_yogg_cthun_3169151196986863_IN_AM_ME,57483,73.75%,
3T,AR_EC_VF_yshaarj_nzoth_yogg_4013310912888303_IN_AM_DR_DS,57482,73.75%,
3T,AR_EC_VF_yshaarj_nzoth_yogg_4013318429081071_Mis_AM_DR_DS,57481,73.74%,
3T,AR_SP_VF_yshaarj_nzoth_yogg_4013309839670767_Mis_IV_DR_DS,57480,73.74%,
3T,AR_SW_VF_yshaarj_nzoth_yogg_4013851005025775_Mis_AM_DR,57477,73.73%,
3T,AR_SW_VF_yshaarj_nzoth_yogg_4013302390054383_IN_AM_ME,57477,73.73%,
3T,AR_EC_VF_yshaarj_nzoth_yogg_4013318429597167_IN_AM_ME_DS,57477,73.73%,
3T,AR_SP_VF_nzoth_yogg_cthun_3132858790444527_Mis_AM_ME,57473,73.72%,
3T,AR_SW_VF_yshaarj_nzoth_yogg_4013309906255343_Mis_IV_ME_DS,57472,73.72%,
3T,AR_EC_VF_yshaarj_nzoth_yogg_4013310913404399_IN_AM_DR_DS,57471,73.71%,
3T,AR_SW_VF_yshaarj_yogg_cthun_1988688092716527_IN_IV_DR,57470,73.71%,
3T,AR_SP_VF_nzoth_yogg_cthun_3132858790444527_Mis_AM_DR,57466,73.70%,
3T,AR_EC_VF_yshaarj_nzoth_yogg_4014409351290351_Mis_AM_DR_DS,57466,73.70%,
3T,AR_SP_VF_yshaarj_nzoth_yogg_4013318429072895_Mis_IV_ME_DS,57466,73.70%,
3T,AR_SW_VF_nzoth_yogg_cthun_3132858723335679_IN_AM_ME,57464,73.69%,
3T,VW_DH_TV_VF_nzoth_yogg_cthun_3132807326260735_Mis_AM_DR_DS,57460,73.68%,
3T,AR_SW_VF_yshaarj_nzoth_yogg_4014409350766079_Mis_IV_DR_DS,57457,73.67%,
3T,AR_SW_VF_yshaarj_nzoth_yogg_4013584717569519_IN_IV_DR_DS,57457,73.67%,
3T,AR_SP_VF_nzoth_yogg_cthun_3132996162280959_Mis_AM_ME,57456,73.67%,
3T,AR_EC_VF_nzoth_yogg_cthun_3169159786913279_Mis_IV_ME_DS,57453,73.66%,
3T,AR_SW_VF_yshaarj_nzoth_yogg_4013318496181743_IN_AM_DR_DS,57452,73.65%,
3T,AR_SW_VF_nzoth_yogg_cthun_3169159786913279_IN_IV_DR_DS,57450,73.65%,
3T,AR_SW_VF_yshaarj_nzoth_yogg_4013576127118831_IN_AM_DR,57449,73.65%,
3T,AR_SW_VF_yshaarj_nzoth_yogg_4013310979988975_Mis_IV_ME_DS,57449,73.64%,
3T,AR_EC_VF_nzoth_yogg_cthun_3169159854022127_IN_AM_ME_DS,57445,73.63%,
3T,AR_SW_VF_yshaarj_nzoth_yogg_4013851005025775_IN_AM_DR,57443,73.63%,
3T,AR_SP_VF_yshaarj_nzoth_yogg_4013301316320751_Mis_AM_ME,57443,73.63%,
3T,AR_EC_VF_yshaarj_nzoth_yogg_4013318429597167_Mis_AM_DR_DS,57441,73.62%,
3T,AR_SP_VF_yshaarj_nzoth_yogg_4013576127634927_IN_AM_DR,57439,73.62%,
3T,AR_SW_VF_yshaarj_nzoth_yogg_4013318429072895_IN_IV_DR_DS,57438,73.61%,
3T,VW_DH_VW_VF_nzoth_yogg_cthun_3132807326268911_Mis_AM_ME_DS,57437,73.61%,
3T,AR_SW_VF_yshaarj_nzoth_yogg_4013309839670767_IN_IV_DR_DS,57435,73.60%,
3T,AR_SP_VF_yshaarj_nzoth_yogg_4013576127118831_Mis_AM_DR,57435,73.60%,
3T,AR_SP_VF_yshaarj_yogg_cthun_1988688026131951_Mis_IV_DR,57434,73.60%,
3T,AR_SW_VF_yshaarj_nzoth_yogg_4013309906771439_IN_IV_ME_DS,57433,73.60%,
3T,AR_SP_VF_yshaarj_nzoth_yogg_4013851005017599_Mis_AM_DR,57432,73.60%,
3T,AR_SP_VF_yshaarj_yogg_cthun_1988688092716527_Mis_AM_DR,57428,73.58%,
3T,AR_SW_VF_yshaarj_nzoth_yogg_4014400760831487_Mis_AM_DR,57427,73.58%,
3T,AR_SW_VF_nzoth_yogg_cthun_3169159786921455_IN_IV_ME_DS,57425,73.57%,
3T,AR_SW_VF_yshaarj_nzoth_yogg_4013851005017599_IN_AM_DR,57423,73.57%,
3T,AR_EC_VF_yshaarj_nzoth_yogg_4013584717045247_Mis_IV_DR_DS,57423,73.57%,
3T,AR_SW_VF_yshaarj_nzoth_yogg_4013576127110655_IN_IV_ME,57422,73.56%,
3T,AR_SP_VF_yshaarj_nzoth_yogg_4013447278616047_IN_AM_DR_DS,57418,73.55%,
3T,AR_EC_VF_yshaarj_nzoth_yogg_4013301249211903_Mis_AM_DR,57418,73.55%,
3T,AR_SP_VF_yshaarj_nzoth_yogg_4013576127634927_Mis_AM_DR,57418,73.55%,
3T,AR_SW_VF_nzoth_yogg_cthun_3132875903204847_IN_AM_ME_DS,57417,73.55%,
3T,AR_SP_VF_yshaarj_nzoth_yogg_4013310912888303_Mis_IV_ME_DS,57413,73.54%,
3T,AR_SP_VF_yshaarj_nzoth_yogg_4013301316836847_IN_AM_ME,57410,73.53%,
3T,AR_SW_VF_yshaarj_nzoth_yogg_4013302390054383_Mis_AM_ME,57409,73.52%,
3T,AR_SW_VF_nzoth_yogg_cthun_3169151264087535_Mis_AM_ME,57408,73.52%,
3T,AR_SW_VF_nzoth_yogg_cthun_3132996162280959_Mis_AM_ME,57407,73.52%,
3T,AR_SP_VF_yshaarj_nzoth_yogg_4013309839662591_Mis_IV_DR_DS,57403,73.51%,
3T,AR_SP_VF_yshaarj_nzoth_yogg_4013438688157183_IN_AM_ME,57403,73.51%,
3T,AR_SP_VF_nzoth_yogg_cthun_3132858790436351_Mis_AM_DR,57402,73.50%,
3T,AR_SW_VF_yshaarj_nzoth_yogg_4013302323469807_IN_AM_ME,57399,73.49%,
3T,AR_SP_VF_yshaarj_yogg_cthun_1988688025615855_Mis_IV_DR,57398,73.49%,
3T,AR_SP_VF_yshaarj_nzoth_yogg_4013302322945535_Mis_AM_DR,57395,73.48%,
3T,AR_SP_VF_nzoth_yogg_cthun_3132867380370927_Mis_AM_ME,57395,73.48%,
3T,AR_SW_VF_nzoth_yogg_cthun_3169159786913279_Mis_IV_DR_DS,57391,73.47%,
3T,AR_SP_VF_nzoth_yogg_cthun_3169159854022127_IN_AM_DR_DS,57391,73.47%,
3T,AR_EC_VF_nzoth_yogg_cthun_3169159787437551_Mis_AM_ME_DS,57385,73.45%,
3T,AR_SP_VF_yshaarj_nzoth_yogg_4014409350774255_IN_AM_ME_DS,57384,73.45%,
3T,AR_SW_VF_nzoth_yogg_cthun_3169159787437551_IN_IV_ME_DS,57381,73.44%,
3T,VW_DH_VW_VF_nzoth_yogg_cthun_3132813768711679_Mis_AM_DR_DS,57379,73.43%,
3T,AR_SW_VF_yshaarj_nzoth_yogg_4013302322953711_Mis_AM_DR,57378,73.43%,
3T,AR_SP_VF_nzoth_yogg_cthun_3132859797077487_Mis_AM_ME,57377,73.43%,
3T,AR_SP_VF_nzoth_yogg_cthun_3169159787437551_IN_IV_ME_DS,57375,73.42%,
3T,AR_SW_VF_nzoth_yogg_cthun_3132859797069311_Mis_AM_DR,57373,73.42%,
3T,AR_SW_VF_yshaarj_nzoth_yogg_4013584717053423_Mis_IV_DR_DS,57371,73.41%,
3T,AR_SP_VF_yshaarj_nzoth_yogg_4013301316320751_IN_AM_ME,57370,73.41%,
3T,AR_EC_VF_nzoth_yogg_cthun_3169159787437551_Mis_AM_DR_DS,57370,73.41%,
3T,AR_SW_VF_nzoth_yogg_cthun_3132859797077487_Mis_AM_ME,57367,73.40%,
3T,VW_DH_TV_VF_nzoth_yogg_cthun_3132996304822253_IN_AM_DR,57367,73.40%,
3T,AR_EC_VF_yshaarj_nzoth_yogg_4014409350766079_IN_AM_ME_DS,57365,73.39%,
3T,AR_SP_VF_yshaarj_nzoth_yogg_4013318496181743_IN_AM_DR_DS,57364,73.39%,
3T,AR_SP_VF_yshaarj_nzoth_yogg_4013851005541871_IN_AM_ME,57362,73.38%,
3T,AR_EC_VF_nzoth_yogg_cthun_3132867313270255_Mis_AM_DR,57362,73.38%,
3T,AR_EC_VF_yshaarj_yogg_cthun_1973432368881135_Mis_IV_DR,57360,73.38%,
3T,AR_SW_VF_yshaarj_nzoth_yogg_4013318496181743_Mis_AM_DR_DS,57359,73.37%,
3T,AR_SW_VF_nzoth_yogg_cthun_3132867313262079_Mis_IV_ME,57358,73.37%,
3T,AR_SP_VF_yshaarj_nzoth_yogg_4014409350766079_Mis_IV_ME_DS,57351,73.35%,
3T,AR_EC_VF_nzoth_yogg_cthun_3169159786913279_IN_IV_ME_DS,57350,73.35%,
3T,AR_SW_VF_yshaarj_yogg_cthun_1988688092716527_Mis_IV_ME,57347,73.34%,
3T,AR_SW_VF_yshaarj_nzoth_yogg_4013447278091775_Mis_IV_ME_DS,57346,73.33%,
3T,AR_SP_VF_yshaarj_nzoth_yogg_4013576194219503_IN_AM_ME,57345,73.33%,
3T,AR_EC_VF_yshaarj_nzoth_yogg_4013309906247167_Mis_AM_DR_DS,57345,73.33%,
3T,VW_DH_TV_VF_nzoth_yogg_cthun_3132858866393069_IN_AM_DR,57344,73.33%,
3T,AR_SP_VF_yshaarj_nzoth_yogg_4013301249736175_IN_AM_DR,57342,73.32%,
3T,AR_SW_VF_yshaarj_nzoth_yogg_4013318429072895_Mis_IV_DR_DS,57342,73.32%,
3T,AR_SW_VF_yshaarj_yogg_cthun_2043251357244911_Mis_IV_DR,57342,73.32%,
3T,AR_SW_VF_nzoth_yogg_cthun_3169159854022127_IN_AM_DR_DS,57340,73.32%,
3T,AR_SP_VF_yshaarj_nzoth_yogg_4013310913404399_Mis_IV_ME_DS,57340,73.32%,
3T,AR_EC_VF_yshaarj_nzoth_yogg_4013584717569519_IN_IV_ME_DS,57335,73.30%,
3T,AR_EC_VF_yshaarj_nzoth_yogg_4013309839146495_Mis_IV_DR_DS,57334,73.30%,
3T,AR_SW_VF_yshaarj_nzoth_yogg_3977567121825263_Mis_AM_ME,57332,73.29%,
3T,AR_SW_VF_yshaarj_nzoth_yogg_4013301249211903_Mis_IV_ME,57332,73.29%,
3T,AR_EC_VF_yshaarj_yogg_cthun_1988688026131951_Mis_IV_ME,57330,73.29%,
3T,AR_SP_VF_yshaarj_nzoth_yogg_4013309839670767_IN_IV_ME_DS,57329,73.28%,
3T,AR_SW_VF_yshaarj_nzoth_yogg_4013438688157183_Mis_AM_ME,57328,73.28%,
3T,AR_SP_VF_yshaarj_nzoth_yogg_3977567121309167_Mis_AM_DR,57326,73.27%,
3T,AR_EC_VF_nzoth_yogg_cthun_3132858723851775_Mis_AM_ME,57325,73.27%,
3T,AR_SP_VF_yshaarj_nzoth_yogg_4013447345200623_IN_AM_ME_DS,57323,73.27%,
3T,AR_SW_VF_yshaarj_nzoth_yogg_4013318429081071_Mis_IV_ME_DS,57317,73.25%,
3T,AR_EC_VF_yshaarj_nzoth_yogg_4013584784154095_Mis_AM_DR_DS,57316,73.24%,
3T,AR_EC_VF_yshaarj_nzoth_yogg_4013584717053423_IN_IV_ME_DS,57316,73.24%,
3T,AR_SW_VF_nzoth_yogg_cthun_3132867380370927_Mis_AM_ME,57313,73.24%,
3T,AR_EC_VF_yshaarj_nzoth_yogg_4013309906255343_Mis_AM_ME_DS,57310,73.22%,
3T,AR_SW_VF_yshaarj_nzoth_yogg_4013584717053423_IN_IV_DR_DS,57309,73.22%,
3T,AR_SP_VF_yshaarj_nzoth_yogg_4013302322953711_IN_AM_ME,57304,73.21%,
3T,AR_EC_VF_yshaarj_nzoth_yogg_4013584717569519_IN_AM_DR_DS,57303,73.20%,
3T,AR_EC_VF_yshaarj_nzoth_yogg_4013584717569519_Mis_IV_ME_DS,57301,73.20%,
3T,AR_SP_VF_yshaarj_nzoth_yogg_4013447278099951_IN_AM_DR_DS,57300,73.20%,
3T,AR_EC_VF_nzoth_yogg_cthun_3132875970305519_Mis_AM_ME_DS,57300,73.19%,
3T,AR_SW_VF_yshaarj_nzoth_yogg_4013851072126447_IN_AM_ME,57296,73.18%,
3T,AR_SP_VF_nzoth_yogg_cthun_3169151196986863_Mis_AM_DR,57295,73.18%,
3T,AR_SP_VF_yshaarj_nzoth_yogg_4013584717053423_IN_IV_ME_DS,57292,73.17%,
3T,AR_SW_VF_nzoth_yogg_cthun_3169151196978687_IN_IV_ME,57291,73.17%,
3T,AR_EC_VF_yshaarj_nzoth_yogg_4013309906247167_IN_IV_ME_DS,57291,73.17%,
3T,AR_SP_VF_yshaarj_nzoth_yogg_4013309839662591_IN_IV_DR_DS,57290,73.17%,
3T,AR_SW_VF_nzoth_yogg_cthun_3169159787437551_IN_AM_DR_DS,57290,73.16%,
3T,VW_DH_VW_VF_nzoth_yogg_cthun_3132807326785007_Mis_AM_ME_DS,57287,73.16%,
3T,AR_EC_VF_yshaarj_yogg_cthun_1988688026131951_Mis_AM_DR,57280,73.13%,
3T,AR_SW_VF_yshaarj_nzoth_yogg_4013318429081071_IN_IV_ME_DS,57279,73.13%,
3T,AR_SW_VF_yshaarj_nzoth_yogg_4013576127110655_Mis_IV_ME,57278,73.13%,
3T,AR_EC_VF_yshaarj_nzoth_yogg_4014409350774255_Mis_AM_ME_DS,57276,73.12%,
3T,AR_SP_VF_nzoth_yogg_cthun_3132867313786351_Mis_AM_ME,57273,73.11%,
3T,AR_SW_VF_yshaarj_yogg_cthun_1988688026131951_Mis_IV_DR,57267,73.10%,
3T,AR_SW_VF_yshaarj_nzoth_yogg_4013309906247167_Mis_IV_DR_DS,57265,73.09%,
3T,AR_SP_VF_yshaarj_nzoth_yogg_4013310979988975_Mis_AM_DR_DS,57263,73.09%,
3T,AR_SP_VF_yshaarj_nzoth_yogg_4013584717053423_Mis_IV_DR_DS,57261,73.08%,
3T,AR_SP_VF_yshaarj_nzoth_yogg_4013310979988975_IN_AM_DR_DS,57260,73.08%,
3T,AR_SP_VF_yshaarj_nzoth_yogg_4014409417874927_Mis_AM_ME_DS,57260,73.07%,
3T,AR_EC_VF_yshaarj_yogg_cthun_2043251290144239_Mis_IV_DR,57259,73.07%,
3T,AR_EC_VF_yshaarj_nzoth_yogg_4013318429597167_Mis_AM_ME_DS,57258,73.07%,
3T,AR_EC_VF_yshaarj_nzoth_yogg_4013310979988975_Mis_AM_ME_DS,57252,73.05%,
3T,AR_SP_VF_yshaarj_nzoth_yogg_4013318496181743_Mis_AM_ME_DS,57251,73.05%,
3T,AR_SW_VF_yshaarj_nzoth_yogg_4013301249211903_IN_IV_ME,57249,73.04%,
3T,VW_DH_TV_VF_nzoth_yogg_cthun_3132858865876973_IN_AM_ME,57249,73.04%,
3T,AR_EC_VF_yshaarj_yogg_cthun_1971233614061039_IN_IV_DR,57248,73.04%,
3T,AR_SW_VF_yshaarj_nzoth_yogg_4013301316320751_Mis_AM_ME,57241,73.02%,
3T,AR_EC_VF_yshaarj_nzoth_yogg_4014409351290351_Mis_AM_ME_DS,57236,73.00%,
3T,AR_SW_VF_yshaarj_nzoth_yogg_4013576194219503_Mis_AM_ME,57236,73.00%,
3T,AR_SP_VF_yshaarj_nzoth_yogg_4013310912888303_IN_IV_ME_DS,57235,73.00%,
3T,AR_SP_VF_yshaarj_nzoth_yogg_4014400760831487_Mis_AM_ME,57231,72.99%,
3T,AR_SW_VF_yshaarj_nzoth_yogg_4014409350774255_IN_AM_DR_DS,57229,72.98%,
3T,AR_EC_VF_yshaarj_nzoth_yogg_4013301249727999_Mis_AM_ME,57227,72.98%,
3T,VW_DH_TV_VF_nzoth_yogg_cthun_3150313612959725_IN_AM_ME,57225,72.97%,
3T,AR_EC_VF_nzoth_yogg_cthun_3169151196978687_IN_AM_DR,57222,72.96%,
3T,AR_SW_VF_nzoth_yogg_cthun_3132858790436351_Mis_AM_DR,57221,72.96%,
3T,AR_EC_VF_nzoth_yogg_cthun_3132875903196671_Mis_IV_ME_DS,57219,72.95%,
3T,AR_SP_VF_yshaarj_nzoth_yogg_4013310174682607_Mis_AM_ME_DS,57216,72.94%,
3T,AR_SW_VF_yshaarj_nzoth_yogg_4013447278616047_IN_AM_DR_DS,57215,72.94%,
3T,AR_SW_VF_yshaarj_nzoth_yogg_4013301316320751_IN_AM_ME,57215,72.94%,
3T,AR_SP_VF_yshaarj_nzoth_yogg_4013576127634927_Mis_AM_ME,57213,72.93%,
3T,AR_EC_VF_yshaarj_nzoth_yogg_4013301249727999_IN_AM_ME,57208,72.92%,
3T,AR_SP_VF_yshaarj_nzoth_yogg_4013447278616047_Mis_AM_ME_DS,57207,72.91%,
3T,AR_SW_VF_yshaarj_nzoth_yogg_4013309906255343_IN_IV_ME_DS,57206,72.91%,
3T,AR_EC_VF_yshaarj_yogg_cthun_2043251290660335_Mis_IV_DR,57206,72.91%,
3T,VW_DH_VW_VF_nzoth_yogg_cthun_3132876045737965_IN_IV_DR_DS,57206,72.91%,
3T,AR_SW_VF_nzoth_yogg_cthun_3132858790444527_Mis_AM_ME,57204,72.91%,
3T,AR_EC_VF_yshaarj_nzoth_yogg_4013318429072895_IN_AM_DR_DS,57202,72.90%,
3T,AR_SW_VF_yshaarj_nzoth_yogg_4013851005541871_Mis_AM_ME,57201,72.90%,
3T,AR_SW_VF_yshaarj_nzoth_yogg_4013310912880127_IN_IV_DR_DS,57201,72.90%,
3T,AR_EC_VF_nzoth_yogg_cthun_3169151196978687_Mis_AM_DR,57198,72.89%,
3T,AR_SW_VF_yshaarj_yogg_cthun_1972332857253359_IN_IV_DR,57197,72.88%,
3T,AR_SW_VF_nzoth_yogg_cthun_3132875903196671_Mis_IV_ME_DS,57196,72.88%,
3T,AR_EC_VF_yshaarj_yogg_cthun_1988688025615855_Mis_IV_ME,57195,72.88%,
3T,AR_SW_VF_yshaarj_nzoth_yogg_4014409417874927_Mis_AM_DR_DS,57194,72.88%,
3T,AR_EC_VF_yshaarj_yogg_cthun_1973432368881135_IN_IV_DR,57192,72.87%,
3T,VW_DH_VW_VF_nzoth_yogg_cthun_3132858932977645_IN_AM_ME,57191,72.87%,
3T,VW_DH_VW_VF_nzoth_yogg_cthun_3132858866393069_IN_AM_DR,57191,72.87%,
3T,AR_SP_VF_nzoth_yogg_cthun_3132867313786351_Mis_AM_DR,57188,72.86%,
3T,AR_SP_VF_nzoth_yogg_cthun_3132875903196671_IN_AM_DR_DS,57188,72.86%,
3T,AR_SP_VF_yshaarj_nzoth_yogg_4013318429072895_IN_IV_ME_DS,57187,72.85%,
3T,VW_DH_VW_VF_nzoth_yogg_cthun_3132858865876973_IN_AM_ME,57185,72.85%,
3T,AR_SP_VF_yshaarj_nzoth_yogg_4013447278099951_Mis_AM_DR_DS,57182,72.84%,
3T,AR_SW_VF_yshaarj_nzoth_yogg_4013851005541871_IN_AM_ME,57180,72.83%,
3T,VW_DH_VW_VF_nzoth_yogg_cthun_3132813769235951_Mis_AM_ME_DS,57180,72.83%,
3T,AR_EC_VF_yshaarj_nzoth_yogg_4013309906771439_IN_AM_ME_DS,57179,72.83%,
3T,AR_EC_VF_yshaarj_nzoth_yogg_4013309906771439_Mis_AM_ME_DS,57178,72.83%,
3T,AR_EC_VF_yshaarj_nzoth_yogg_4013310979988975_IN_AM_ME_DS,57178,72.83%,
3T,AR_EC_VF_yshaarj_yogg_cthun_1972332857253359_Mis_IV_DR,57176,72.82%,
3T,VW_DH_VW_VF_nzoth_yogg_cthun_3132807326260735_Mis_AM_ME_DS,57176,72.82%,
3T,AR_EC_VF_yshaarj_nzoth_yogg_4013318429072895_Mis_AM_DR_DS,57175,72.82%,
3T,AR_SW_VF_yshaarj_yogg_cthun_1988688025615855_Mis_IV_DR,57175,72.82%,
3T,VW_DH_VW_VF_nzoth_yogg_cthun_3132813768711679_Mis_AM_ME_DS,57174,72.81%,
3T,AR_SP_VF_yshaarj_nzoth_yogg_4013301249736175_IN_AM_ME,57170,72.80%,
3T,VW_DH_VW_VF_nzoth_yogg_cthun_3132858865876973_IN_AM_DR,57167,72.79%,
3T,AR_SP_VF_yshaarj_nzoth_yogg_4013309839670767_Mis_IV_ME_DS,57165,72.79%,
3T,VW_DH_VW_VF_nzoth_yogg_cthun_3132807326785007_Mis_AM_DR_DS,57165,72.79%,
3T,AR_EC_VF_yshaarj_nzoth_yogg_4013310912888303_Mis_AM_DR_DS,57158,72.77%,
3T,AR_EC_VF_yshaarj_nzoth_yogg_4013310912880127_IN_AM_DR_DS,57157,72.76%,
3T,AR_SW_VF_yshaarj_nzoth_yogg_4013301249736175_Mis_AM_DR,57156,72.76%,
3T,AR_EC_VF_yshaarj_nzoth_yogg_4014409350774255_Mis_AM_DR_DS,57155,72.76%,
3T,AR_SP_VF_nzoth_yogg_cthun_3169151197502959_IN_AM_ME,57154,72.76%,
3T,VW_DH_TV_VF_nzoth_yogg_cthun_3132858932977645_IN_AM_DR,57154,72.75%,
3T,AR_SW_VF_yshaarj_nzoth_yogg_4013576127118831_Mis_AM_DR,57154,72.75%,
3T,AR_SP_VF_yshaarj_nzoth_yogg_4014409350766079_IN_AM_DR_DS,57151,72.75%,
3T,AR_SP_VF_yshaarj_nzoth_yogg_4013851005017599_IN_AM_ME,57145,72.73%,
3T,AR_SP_VF_yshaarj_nzoth_yogg_4013576127118831_IN_AM_DR,57143,72.72%,
3T,VW_DH_TV_VF_nzoth_yogg_cthun_3132876045737965_IN_AM_ME_DS,57142,72.72%,
3T,AR_SP_VF_yshaarj_nzoth_yogg_4013310913404399_IN_IV_ME_DS,57139,72.71%,
3T,AR_SP_VF_nzoth_yogg_cthun_3132875903196671_IN_AM_ME_DS,57137,72.70%,
3T,AR_SW_VF_nzoth_yogg_cthun_3132875903196671_IN_AM_DR_DS,57137,72.70%,
3T,AR_SP_VF_yshaarj_nzoth_yogg_3977567121300991_Mis_AM_ME,57136,72.70%,
3T,AR_SW_VF_yshaarj_nzoth_yogg_4014409417874927_Mis_AM_ME_DS,57134,72.69%,
3T,AR_SW_VF_nzoth_yogg_cthun_3169151197502959_IN_AM_ME,57133,72.69%,
3T,AR_EC_VF_nzoth_yogg_cthun_3169159787437551_IN_AM_ME_DS,57133,72.69%,
3T,AR_SW_VF_yshaarj_nzoth_yogg_4013584717569519_Mis_IV_ME_DS,57132,72.69%,
3T,AR_EC_VF_nzoth_yogg_cthun_3169159786921455_IN_AM_DR_DS,57130,72.68%,
3T,VW_DH_TV_VF_nzoth_yogg_cthun_3132867455803373_IN_AM_DR,57129,72.68%,
3T,AR_SP_VF_yshaarj_nzoth_yogg_4013309906771439_IN_AM_DR_DS,57127,72.67%,
3T,AR_SW_VF_nzoth_yogg_cthun_3132858723859951_Mis_AM_ME,57127,72.67%,
3T,AR_SP_VF_nzoth_yogg_cthun_3169159786913279_Mis_IV_ME_DS,57127,72.67%,
3T,AR_SW_VF_yshaarj_nzoth_yogg_4013576127634927_IN_AM_ME,57126,72.67%,
3T,AR_SW_VF_nzoth_yogg_cthun_3169151196986863_Mis_AM_DR,57126,72.67%,
3T,AR_SP_VF_yshaarj_nzoth_yogg_4013301316312575_Mis_AM_ME,57124,72.66%,
3T,AR_SP_VF_yshaarj_nzoth_yogg_4013851005541871_Mis_AM_ME,57122,72.66%,
3T,AR_SP_VF_nzoth_yogg_cthun_3169159787437551_IN_AM_DR_DS,57120,72.65%,
3T,AR_SW_VF_nzoth_yogg_cthun_3132867313786351_Mis_AM_ME,57118,72.65%,
3T,AR_SW_VF_yshaarj_nzoth_yogg_4013309906247167_IN_IV_DR_DS,57116,72.64%,
3T,AR_EC_VF_yshaarj_yogg_cthun_1988688025607679_Mis_IV_ME,57115,72.64%,
3T,AR_SP_VF_yshaarj_yogg_cthun_1971370784579055_Mis_IV_DR,57111,72.62%,
3T,AR_SW_VF_yshaarj_nzoth_yogg_4013318429597167_Mis_AM_DR_DS,57111,72.62%,
3T,AR_EC_VF_yshaarj_nzoth_yogg_4013318429081071_IN_AM_ME_DS,57110,72.62%,
3T,AR_EC_VF_nzoth_yogg_cthun_3169159786913279_IN_AM_DR_DS,57109,72.62%,
3T,AR_EC_VF_nzoth_yogg_cthun_3132875903720943_Mis_AM_ME_DS,57108,72.61%,
3T,AR_SW_VF_yshaarj_nzoth_yogg_3977567121309167_Mis_AM_DR,57107,72.61%,
3T,AR_SP_VF_nzoth_yogg_cthun_3169151196986863_IN_AM_ME,57105,72.61%,
3T,VW_DH_VW_VF_nzoth_yogg_cthun_3150313612959725_IN_AM_ME,57105,72.61%,
3T,AR_EC_VF_yshaarj_yogg_cthun_1971370784579055_Mis_IV_ME,57103,72.60%,
3T,AR_SP_VF_yshaarj_nzoth_yogg_4013301316312575_IN_AM_ME,57101,72.59%,
3T,AR_SW_VF_yshaarj_nzoth_yogg_4013310979988975_IN_IV_ME_DS,57096,72.58%,
3T,AR_SP_VF_yshaarj_nzoth_yogg_4013309839146495_Mis_IV_DR_DS,57095,72.58%,
3T,AR_SW_VF_yshaarj_nzoth_yogg_4013302323469807_Mis_AM_ME,57095,72.57%,
3T,AR_EC_VF_yshaarj_nzoth_yogg_4013309906255343_Mis_AM_DR_DS,57088,72.55%,
3T,AR_SP_VF_yshaarj_nzoth_yogg_4013851005025775_IN_AM_ME,57088,72.55%,
3T,AR_EC_VF_yshaarj_nzoth_yogg_4013447278091775_Mis_AM_ME_DS,57087,72.55%,
3T,AR_EC_VF_yshaarj_yogg_cthun_1988688092716527_IN_AM_DR,57087,72.55%,
3T,AR_SW_VF_nzoth_yogg_cthun_3132867313786351_Mis_AM_DR,57087,72.55%,
3T,AR_SP_VF_yshaarj_nzoth_yogg_3977567121300991_Mis_AM_DR,57087,72.55%,
3T,AR_SP_VF_nzoth_yogg_cthun_3169151197502959_Mis_AM_ME,57085,72.55%,
3T,AR_EC_VF_nzoth_yogg_cthun_3169151196978687_Mis_AM_ME,57083,72.54%,
3T,VW_DH_VW_VF_nzoth_yogg_cthun_3132807326260735_Mis_AM_DR_DS,57082,72.54%,
3T,AR_SW_VF_yshaarj_nzoth_yogg_4013584784154095_IN_IV_ME_DS,57080,72.53%,
3T,AR_EC_VF_yshaarj_yogg_cthun_1988688025607679_IN_IV_DR,57078,72.52%,
3T,AR_SP_VF_nzoth_yogg_cthun_3169159854022127_Mis_AM_ME_DS,57078,72.52%,
3T,AR_SP_VF_yshaarj_nzoth_yogg_4013309906247167_Mis_IV_ME_DS,57075,72.52%,
3T,AR_EC_VF_nzoth_yogg_cthun_3132875903720943_Mis_AM_DR_DS,57075,72.52%,
3T,AR_EC_VF_yshaarj_yogg_cthun_1972332790152687_IN_IV_DR,57073,72.51%,
3T,AR_EC_VF_yshaarj_yogg_cthun_1988688092716527_IN_IV_ME,57073,72.51%,
3T,AR_SP_VF_yshaarj_nzoth_yogg_4013576127110655_IN_AM_DR,57070,72.50%,
3T,AR_EC_VF_yshaarj_nzoth_yogg_4013318429081071_Mis_AM_ME_DS,57070,72.50%,
3T,AR_SP_VF_yshaarj_nzoth_yogg_4013447278091775_IN_IV_ME_DS,57067,72.49%,
3T,AR_SW_VF_yshaarj_nzoth_yogg_4013447278099951_Mis_AM_DR_DS,57067,72.49%,
3T,AR_SP_VF_nzoth_yogg_cthun_3132858723859951_Mis_AM_DR,57064,72.48%,
3T,AR_EC_VF_yshaarj_yogg_cthun_1972332790668783_IN_IV_DR,57063,72.48%,
3T,AR_EC_VF_yshaarj_yogg_cthun_1971233614061039_Mis_IV_DR,57061,72.47%,
3T,AR_EC_VF_yshaarj_nzoth_yogg_4013447278099951_IN_AM_ME_DS,57058,72.46%,
3T,AR_SP_VF_yshaarj_nzoth_yogg_4014409351290351_Mis_AM_DR_DS,57056,72.46%,
3T,AR_SP_VF_yshaarj_nzoth_yogg_4013302323469807_Mis_AM_ME,57055,72.45%,
3T,AR_EC_VF_yshaarj_nzoth_yogg_4013301249211903_IN_AM_ME,57054,72.45%,
3T,AR_SW_VF_yshaarj_nzoth_yogg_4014409351290351_IN_AM_ME_DS,57053,72.45%,
3T,AR_SP_VF_yshaarj_nzoth_yogg_4013318429597167_IN_AM_DR_DS,57050,72.44%,
3T,AR_SP_VF_yshaarj_nzoth_yogg_4013309906247167_IN_IV_ME_DS,57048,72.43%,
3T,AR_EC_VF_yshaarj_yogg_cthun_1971370784579055_IN_IV_DR,57043,72.42%,
3T,AR_SP_VF_nzoth_yogg_cthun_3132858723859951_Mis_AM_ME,57041,72.41%,
3T,AR_SW_VF_nzoth_yogg_cthun_3132858790436351_Mis_AM_ME,57040,72.41%,
3T,AR_SW_VF_nzoth_yogg_cthun_3132875903196671_IN_AM_ME_DS,57040,72.41%,
3T,AR_SP_VF_nzoth_yogg_cthun_3169159854022127_IN_AM_ME_DS,57038,72.40%,
3T,AR_SP_VF_nzoth_yogg_cthun_3132858790436351_Mis_AM_ME,57036,72.40%,
3T,AR_SP_VF_yshaarj_nzoth_yogg_4013447278091775_Mis_AM_DR_DS,57033,72.39%,
3T,AR_EC_VF_yshaarj_nzoth_yogg_4013309906247167_IN_AM_DR_DS,57033,72.39%,
3T,AR_EC_VF_nzoth_yogg_cthun_3169159786921455_Mis_AM_ME_DS,57032,72.39%,
3T,AR_EC_VF_yshaarj_yogg_cthun_1972332857253359_IN_IV_ME,57032,72.39%,
3T,AR_SW_VF_yshaarj_nzoth_yogg_4013301316312575_IN_AM_ME,57032,72.39%,
3T,AR_SW_VF_yshaarj_nzoth_yogg_4013310912888303_Mis_IV_ME_DS,57027,72.37%,
3T,AR_SW_VF_yshaarj_nzoth_yogg_4013310979988975_IN_AM_DR_DS,57026,72.37%,
3T,AR_SP_VF_yshaarj_yogg_cthun_1972332857253359_IN_IV_DR,57025,72.37%,
3T,AR_EC_VF_yshaarj_nzoth_yogg_4013584784154095_Mis_AM_ME_DS,57024,72.36%,
3T,AR_EC_VF_yshaarj_yogg_cthun_1988688092716527_Mis_AM_ME,57023,72.36%,
3T,AR_EC_VF_yshaarj_yogg_cthun_2043251290660335_IN_IV_DR,57022,72.36%,
3T,AR_SW_VF_yshaarj_nzoth_yogg_4013301249736175_Mis_AM_ME,57022,72.35%,
3T,AR_EC_VF_yshaarj_nzoth_yogg_4013309839670767_IN_AM_DR_DS,57019,72.35%,
3T,AR_SW_VF_yshaarj_nzoth_yogg_4014400760831487_Mis_AM_ME,57016,72.34%,
3T,AR_SW_VF_yshaarj_nzoth_yogg_4013310174682607_Mis_AM_ME_DS,57015,72.34%,
3T,AR_SP_VF_yshaarj_nzoth_yogg_4013576127634927_IN_AM_ME,57015,72.33%,
3T,AR_SW_VF_nzoth_yogg_cthun_3169151197502959_Mis_AM_ME,57013,72.33%,
3T,AR_SW_VF_yshaarj_nzoth_yogg_4013310913404399_IN_IV_ME_DS,57008,72.31%,
3T,AR_SP_VF_yshaarj_nzoth_yogg_4013318496181743_IN_AM_ME_DS,57008,72.31%,
3T,AR_SP_VF_nzoth_yogg_cthun_3132875903196671_Mis_IV_ME_DS,57005,72.30%,
3T,VW_DH_VW_VF_nzoth_yogg_cthun_3132876045737965_IN_AM_ME_DS,57002,72.30%,
3T,AR_SW_VF_yshaarj_nzoth_yogg_4014409350766079_Mis_IV_ME_DS,57002,72.29%,
3T,AR_SP_VF_nzoth_yogg_cthun_3132859797069311_Mis_AM_ME,57001,72.29%,
3T,AR_SP_VF_yshaarj_nzoth_yogg_4013318429081071_IN_AM_DR_DS,57001,72.29%,
3T,AR_SW_VF_nzoth_yogg_cthun_3132859797069311_Mis_AM_ME,57000,72.29%,
3T,AR_SW_VF_yshaarj_nzoth_yogg_4013851005017599_Mis_AM_DR,56999,72.28%,
3T,AR_SW_VF_nzoth_yogg_cthun_3132875903196671_Mis_IV_DR_DS,56998,72.28%,
3T,AR_EC_VF_nzoth_yogg_cthun_3169151196978687_IN_AM_ME,56998,72.28%,
3T,AR_SP_VF_yshaarj_nzoth_yogg_4013584717045247_IN_IV_DR_DS,56998,72.28%,
3T,AR_SP_VF_nzoth_yogg_cthun_3169151196978687_Mis_AM_DR,56996,72.28%,
3T,AR_EC_VF_yshaarj_nzoth_yogg_4013576127110655_IN_AM_ME,56996,72.28%,
3T,AR_SW_VF_yshaarj_nzoth_yogg_3977567121300991_Mis_AM_DR,56990,72.26%,
3T,AR_SP_VF_yshaarj_nzoth_yogg_4013584717569519_Mis_IV_ME_DS,56989,72.26%,
3T,AR_SW_VF_yshaarj_nzoth_yogg_4013310912880127_Mis_IV_DR_DS,56981,72.23%,
3T,AR_EC_VF_yshaarj_nzoth_yogg_4013310912880127_Mis_AM_DR_DS,56981,72.23%,
3T,AR_EC_VF_nzoth_yogg_cthun_3132858723335679_Mis_AM_DR,56979,72.23%,
3T,AR_SW_VF_nzoth_yogg_cthun_3132858723859951_Mis_AM_DR,56979,72.22%,
3T,AR_EC_VF_yshaarj_yogg_cthun_2043251357244911_Mis_IV_ME,56976,72.22%,
3T,AR_SP_VF_yshaarj_nzoth_yogg_4013302322945535_IN_AM_ME,56975,72.21%,
3T,AR_SW_VF_yshaarj_nzoth_yogg_4013301316312575_Mis_AM_ME,56974,72.21%,
3T,AR_SW_VF_nzoth_yogg_cthun_3132875970305519_Mis_AM_DR_DS,56973,72.21%,
3T,AR_EC_VF_yshaarj_nzoth_yogg_4013310912880127_IN_IV_ME_DS,56969,72.19%,
3T,AR_SP_VF_yshaarj_nzoth_yogg_4013310912880127_IN_IV_ME_DS,56967,72.19%,
3T,AR_EC_VF_yshaarj_nzoth_yogg_4013584717053423_IN_AM_DR_DS,56966,72.19%,
3T,AR_EC_VF_yshaarj_yogg_cthun_2043251290144239_IN_IV_DR,56960,72.17%,
3T,AR_SP_VF_yshaarj_nzoth_yogg_4013584717569519_IN_IV_ME_DS,56957,72.16%,
3T,AR_SW_VF_nzoth_yogg_cthun_3169151264087535_IN_AM_ME,56954,72.15%,
3T,AR_SW_VF_yshaarj_nzoth_yogg_4013309839670767_Mis_IV_ME_DS,56953,72.15%,
3T,AR_SP_VF_yshaarj_nzoth_yogg_4013447278616047_IN_AM_ME_DS,56950,72.14%,
3T,AR_SW_VF_nzoth_yogg_cthun_3169151196986863_IN_AM_ME,56949,72.13%,
3T,AR_EC_VF_nzoth_yogg_cthun_3169159786921455_Mis_AM_DR_DS,56948,72.13%,
3T,AR_SP_VF_nzoth_yogg_cthun_3132875903196671_Mis_IV_DR_DS,56943,72.12%,
3T,AR_SP_VF_nzoth_yogg_cthun_3169151196986863_Mis_AM_ME,56942,72.11%,
3T,AR_SW_VF_yshaarj_nzoth_yogg_4013302322953711_IN_AM_ME,56941,72.11%,
3T,AR_SP_VF_yshaarj_nzoth_yogg_4013301249736175_Mis_AM_ME,56941,72.11%,
3T,AR_SW_VF_yshaarj_nzoth_yogg_4013851005025775_IN_AM_ME,56941,72.11%,
3T,VW_DH_TV_VF_nzoth_yogg_cthun_3150313612959725_IN_AM_DR,56937,72.10%,
3T,AR_SW_VF_yshaarj_nzoth_yogg_4013302322945535_Mis_AM_DR,56937,72.10%,
3T,AR_EC_VF_yshaarj_nzoth_yogg_4013310912880127_Mis_IV_ME_DS,56936,72.09%,
3T,AR_SW_VF_yshaarj_nzoth_yogg_4013318429597167_IN_AM_DR_DS,56935,72.09%,
3T,AR_EC_VF_yshaarj_nzoth_yogg_4013309839662591_Mis_IV_ME_DS,56935,72.09%,
3T,AR_SW_VF_yshaarj_nzoth_yogg_4013301249736175_IN_AM_ME,56933,72.09%,
3T,VW_DH_VW_VF_nzoth_yogg_cthun_3132996304822253_IN_AM_DR,56931,72.08%,
3T,AR_SW_VF_yshaarj_nzoth_yogg_3977567121309167_Mis_AM_ME,56931,72.08%,
3T,AR_EC_VF_yshaarj_yogg_cthun_1971370717994479_Mis_IV_DR,56930,72.08%,
3T,AR_SP_VF_yshaarj_nzoth_yogg_4013301249727999_IN_AM_DR,56930,72.08%,
3T,AR_EC_VF_yshaarj_nzoth_yogg_4013584784154095_IN_AM_ME_DS,56930,72.08%,
3T,AR_SW_VF_yshaarj_nzoth_yogg_4013576127634927_Mis_AM_ME,56927,72.07%,
3T,AR_EC_VF_yshaarj_yogg_cthun_1971370717478383_Mis_IV_DR,56924,72.06%,
3T,AR_SW_VF_yshaarj_nzoth_yogg_4014409351290351_Mis_AM_DR_DS,56923,72.06%,
3T,AR_SW_VF_yshaarj_nzoth_yogg_4013318496181743_Mis_AM_ME_DS,56922,72.05%,
3T,AR_SP_VF_yshaarj_yogg_cthun_1973432368881135_Mis_IV_DR,56921,72.05%,
3T,AR_EC_VF_yshaarj_nzoth_yogg_4013301249211903_Mis_AM_ME,56921,72.05%,
3T,AR_SP_VF_yshaarj_yogg_cthun_1972332790668783_IN_IV_DR,56917,72.04%,
3T,AR_SP_VF_yshaarj_yogg_cthun_1988688026131951_IN_IV_DR,56916,72.04%,
3T,AR_SW_VF_yshaarj_nzoth_yogg_4013318429072895_IN_IV_ME_DS,56914,72.03%,
3T,AR_SP_VF_yshaarj_nzoth_yogg_4013301249211903_IN_AM_DR,56913,72.03%,
3T,AR_EC_VF_yshaarj_nzoth_yogg_4014409350766079_Mis_AM_DR_DS,56911,72.02%,
3T,AR_SP_VF_yshaarj_yogg_cthun_2043251357244911_IN_IV_DR,56908,72.01%,
3T,AR_SP_VF_yshaarj_nzoth_yogg_4013576127110655_Mis_AM_DR,56908,72.01%,
3T,AR_EC_VF_yshaarj_nzoth_yogg_4013310913404399_Mis_AM_DR_DS,56906,72.01%,
3T,AR_SW_VF_yshaarj_nzoth_yogg_4013302322953711_Mis_AM_ME,56905,72.00%,
3T,AR_SP_VF_yshaarj_nzoth_yogg_4013309906247167_Mis_AM_DR_DS,56904,72.00%,
3T,AR_EC_VF_yshaarj_nzoth_yogg_4013576127110655_Mis_AM_ME,56903,72.00%,
3T,AR_SP_VF_yshaarj_nzoth_yogg_3977567121309167_Mis_AM_ME,56903,72.00%,
3T,AR_SW_VF_yshaarj_nzoth_yogg_4013310913404399_Mis_IV_ME_DS,56901,71.99%,
3T,AR_EC_VF_nzoth_yogg_cthun_3132867313262079_Mis_AM_DR,56896,71.98%,
3T,AR_SP_VF_yshaarj_nzoth_yogg_4013301249727999_Mis_AM_DR,56895,71.97%,
3T,AR_SP_VF_yshaarj_nzoth_yogg_4013309906771439_Mis_AM_DR_DS,56895,71.97%,
3T,AR_SW_VF_yshaarj_nzoth_yogg_4013309906771439_Mis_AM_DR_DS,56894,71.97%,
3T,AR_SW_VF_yshaarj_nzoth_yogg_4013309839670767_IN_IV_ME_DS,56891,71.96%,
3T,AR_SP_VF_yshaarj_yogg_cthun_2043251290660335_IN_IV_DR,56889,71.95%,
3T,AR_SW_VF_yshaarj_nzoth_yogg_4013584717045247_Mis_IV_DR_DS,56887,71.95%,
3T,AR_SW_VF_yshaarj_yogg_cthun_1988688025607679_Mis_IV_DR,56887,71.95%,
3T,AR_SW_VF_yshaarj_nzoth_yogg_4013438688157183_IN_AM_ME,56887,71.95%,
3T,AR_SW_VF_yshaarj_nzoth_yogg_4013447345200623_IN_AM_ME_DS,56884,71.94%,
3T,AR_SW_VF_yshaarj_nzoth_yogg_4013310912888303_IN_IV_ME_DS,56884,71.94%,
3T,AR_SP_VF_yshaarj_nzoth_yogg_4013851005025775_Mis_AM_ME,56883,71.93%,
3T,AR_SP_VF_yshaarj_nzoth_yogg_4013584717045247_Mis_IV_DR_DS,56875,71.91%,
3T,AR_SW_VF_yshaarj_nzoth_yogg_4013576127110655_IN_AM_DR,56870,71.90%,
3T,AR_SW_VF_yshaarj_nzoth_yogg_4013301249727999_Mis_AM_DR,56870,71.89%,
3T,AR_SP_VF_yshaarj_yogg_cthun_1971233614061039_Mis_IV_DR,56868,71.89%,
3T,AR_SW_VF_yshaarj_nzoth_yogg_4013584784154095_IN_AM_DR_DS,56867,71.89%,
3T,AR_SW_VF_nzoth_yogg_cthun_3169159786913279_Mis_IV_ME_DS,56864,71.88%,
3T,AR_SP_VF_yshaarj_nzoth_yogg_4013576127118831_IN_AM_ME,56861,71.87%,
3T,AR_SP_VF_nzoth_yogg_cthun_3169159786921455_IN_AM_DR_DS,56860,71.86%,
3T,AR_SP_VF_yshaarj_nzoth_yogg_4013310174682607_IN_AM_ME_DS,56853,71.85%,
3T,AR_SW_VF_nzoth_yogg_cthun_3132858723851775_Mis_AM_DR,56851,71.84%,
3T,AR_SW_VF_yshaarj_yogg_cthun_1988688092716527_Mis_AM_DR,56851,71.84%,
3T,AR_EC_VF_nzoth_yogg_cthun_3132858723335679_Mis_AM_ME,56847,71.83%,
3T,AR_SW_VF_yshaarj_nzoth_yogg_4013576127118831_Mis_AM_ME,56845,71.82%,
3T,AR_SP_VF_yshaarj_nzoth_yogg_4013302322953711_Mis_AM_ME,56845,71.82%,
3T,AR_EC_VF_nzoth_yogg_cthun_3169159786921455_IN_AM_ME_DS,56840,71.81%,
3T,AR_SW_VF_yshaarj_nzoth_yogg_4014409350766079_IN_AM_DR_DS,56840,71.81%,
3T,AR_SP_VF_yshaarj_nzoth_yogg_4013309906255343_IN_AM_DR_DS,56840,71.80%,
3T,AR_EC_VF_yshaarj_yogg_cthun_1988688025615855_Mis_AM_DR,56837,71.80%,
3T,AR_SW_VF_yshaarj_nzoth_yogg_4013310979988975_Mis_AM_DR_DS,56836,71.79%,
3T,AR_SW_VF_yshaarj_nzoth_yogg_4013851005017599_IN_AM_ME,56833,71.78%,
3T,AR_SP_VF_nzoth_yogg_cthun_3132875970305519_Mis_AM_DR_DS,56831,71.78%,
3T,AR_SW_VF_nzoth_yogg_cthun_3132875970305519_Mis_AM_ME_DS,56828,71.77%,
3T,AR_SW_VF_yshaarj_nzoth_yogg_4013309906771439_IN_AM_DR_DS,56825,71.76%,
3T,AR_EC_VF_yshaarj_nzoth_yogg_4013447278091775_IN_AM_ME_DS,56823,71.75%,
3T,AR_SP_VF_yshaarj_nzoth_yogg_4013318429081071_Mis_AM_DR_DS,56823,71.75%,
3T,AR_SW_VF_yshaarj_nzoth_yogg_4013309839662591_IN_IV_DR_DS,56822,71.75%,
3T,AR_SW_VF_yshaarj_nzoth_yogg_4013302322945535_IN_AM_ME,56820,71.74%,
3T,AR_SP_VF_nzoth_yogg_cthun_3169159786913279_IN_IV_ME_DS,56818,71.74%,
3T,AR_SP_VF_yshaarj_nzoth_yogg_4013310912880127_Mis_IV_ME_DS,56815,71.73%,
3T,AR_SP_VF_yshaarj_nzoth_yogg_4013584784154095_Mis_AM_DR_DS,56814,71.73%,
3T,AR_EC_VF_yshaarj_nzoth_yogg_4013309906255343_IN_AM_ME_DS,56813,71.72%,
3T,AR_SP_VF_yshaarj_nzoth_yogg_4013584717053423_Mis_IV_ME_DS,56813,71.72%,
3T,AR_EC_VF_yshaarj_nzoth_yogg_4013309839146495_Mis_IV_ME_DS,56812,71.72%,
3T,AR_SP_VF_nzoth_yogg_cthun_3169151196978687_IN_AM_DR,56811,71.72%,
3T,AR_SW_VF_nzoth_yogg_cthun_3169151196978687_IN_AM_DR,56811,71.72%,
3T,AR_SW_VF_yshaarj_nzoth_yogg_4013310174682607_IN_AM_ME_DS,56810,71.72%,
3T,AR_SP_VF_nzoth_yogg_cthun_3132867313270255_Mis_AM_ME,56810,71.71%,
3T,AR_SW_VF_yshaarj_nzoth_yogg_4013301249727999_IN_AM_DR,56808,71.71%,
3T,AR_SW_VF_yshaarj_nzoth_yogg_4013301249211903_IN_AM_DR,56808,71.71%,
3T,AR_EC_VF_nzoth_yogg_cthun_3169159786913279_Mis_AM_DR_DS,56806,71.70%,
3T,AR_SW_VF_yshaarj_nzoth_yogg_4013447278091775_IN_IV_ME_DS,56804,71.70%,
3T,AR_SW_VF_yshaarj_nzoth_yogg_4013851005025775_Mis_AM_ME,56803,71.69%,
3T,AR_SW_VF_yshaarj_nzoth_yogg_4013309839662591_Mis_IV_DR_DS,56800,71.69%,
3T,AR_EC_VF_yshaarj_nzoth_yogg_4013309839146495_IN_IV_ME_DS,56799,71.68%,
3T,AR_SW_VF_nzoth_yogg_cthun_3169159787437551_Mis_AM_DR_DS,56799,71.68%,
3T,AR_SP_VF_yshaarj_yogg_cthun_1972332790152687_IN_IV_DR,56787,71.65%,
3T,AR_SW_VF_yshaarj_nzoth_yogg_4014409350774255_IN_AM_ME_DS,56782,71.63%,
3T,AR_SW_VF_yshaarj_nzoth_yogg_4013584717053423_Mis_IV_ME_DS,56780,71.62%,
3T,AR_SP_VF_yshaarj_nzoth_yogg_4013851005017599_Mis_AM_ME,56780,71.62%,
3T,AR_SP_VF_yshaarj_yogg_cthun_1972332857253359_Mis_IV_DR,56776,71.61%,
3T,AR_SW_VF_yshaarj_nzoth_yogg_4013447278099951_IN_AM_DR_DS,56775,71.61%,
3T,AR_SP_VF_yshaarj_nzoth_yogg_4013584784154095_IN_AM_DR_DS,56774,71.60%,
3T,AR_SP_VF_yshaarj_yogg_cthun_1988688025607679_IN_IV_DR,56769,71.59%,
3T,AR_EC_VF_yshaarj_nzoth_yogg_4013584717569519_Mis_AM_DR_DS,56768,71.59%,
3T,AR_EC_VF_nzoth_yogg_cthun_3132867313262079_Mis_AM_ME,56768,71.59%,
3T,AR_SP_VF_yshaarj_nzoth_yogg_4014409350766079_IN_AM_ME_DS,56760,71.56%,
3T,AR_SP_VF_yshaarj_yogg_cthun_1988688025615855_IN_IV_DR,56758,71.56%,
3T,AR_SW_VF_yshaarj_nzoth_yogg_4013576127118831_IN_AM_ME,56747,71.53%,
3T,AR_EC_VF_yshaarj_nzoth_yogg_4013310913404399_Mis_AM_ME_DS,56747,71.52%,
3T,AR_SP_VF_nzoth_yogg_cthun_3132858723851775_Mis_AM_DR,56747,71.52%,
3T,AR_SW_VF_nzoth_yogg_cthun_3169159786913279_IN_IV_ME_DS,56746,71.52%,
3T,AR_SW_VF_nzoth_yogg_cthun_3169151196978687_Mis_AM_DR,56745,71.52%,
3T,AR_EC_VF_yshaarj_yogg_cthun_2043259947179503_Mis_IV_DR_DS,56741,71.51%,
3T,AR_SW_VF_nzoth_yogg_cthun_3169159854022127_Mis_AM_ME_DS,56738,71.50%,
3T,AR_EC_VF_yshaarj_yogg_cthun_1973432302296559_Mis_IV_DR,56738,71.50%,
3T,AR_SW_VF_yshaarj_nzoth_yogg_4013318429597167_Mis_AM_ME_DS,56738,71.50%,
3T,AR_SW_VF_yshaarj_nzoth_yogg_4013309906255343_IN_AM_DR_DS,56735,71.49%,
3T,AR_SW_VF_yshaarj_nzoth_yogg_4013309839146495_IN_IV_DR_DS,56731,71.48%,
3T,AR_SP_VF_yshaarj_nzoth_yogg_4013309839146495_Mis_IV_ME_DS,56727,71.46%,
3T,AR_EC_VF_nzoth_yogg_cthun_3132875903204847_Mis_AM_DR_DS,56725,71.46%,
3T,AR_SP_VF_yshaarj_yogg_cthun_1971370784579055_IN_IV_DR,56720,71.44%,
3T,AR_SP_VF_yshaarj_nzoth_yogg_4013318429597167_Mis_AM_DR_DS,56719,71.44%,
3T,AR_SW_VF_yshaarj_nzoth_yogg_4013318429597167_IN_AM_ME_DS,56719,71.44%,
3T,AR_SP_VF_yshaarj_yogg_cthun_1988688026131951_Mis_IV_ME,56718,71.44%,
3T,AR_SW_VF_yshaarj_nzoth_yogg_3977567121300991_Mis_AM_ME,56716,71.43%,
3T,AR_SW_VF_yshaarj_nzoth_yogg_4013318429081071_IN_AM_DR_DS,56715,71.43%,
3T,AR_EC_VF_yshaarj_nzoth_yogg_4013584717045247_IN_IV_ME_DS,56713,71.42%,
3T,AR_SW_VF_yshaarj_nzoth_yogg_4013584717569519_IN_IV_ME_DS,56704,71.40%,
3T,AR_SW_VF_nzoth_yogg_cthun_3132867313270255_Mis_AM_ME,56700,71.38%,
3T,AR_EC_VF_yshaarj_nzoth_yogg_4013309839662591_IN_AM_DR_DS,56700,71.38%,
3T,AR_SP_VF_yshaarj_nzoth_yogg_4013310913404399_IN_AM_DR_DS,56695,71.37%,
3T,AR_SW_VF_yshaarj_yogg_cthun_1971370784579055_Mis_IV_DR,56693,71.36%,
3T,AR_SW_VF_yshaarj_nzoth_yogg_4013309839146495_Mis_IV_DR_DS,56691,71.36%,
3T,AR_EC_VF_yshaarj_yogg_cthun_2043251357244911_Mis_AM_DR,56687,71.34%,
3T,AR_SW_VF_yshaarj_nzoth_yogg_4013447278616047_Mis_AM_ME_DS,56681,71.33%,
3T,AR_SP_VF_yshaarj_nzoth_yogg_4013447278099951_Mis_AM_ME_DS,56681,71.33%,
3T,AR_SP_VF_yshaarj_nzoth_yogg_4013447278091775_IN_AM_DR_DS,56680,71.32%,
3T,VW_DH_VW_VF_nzoth_yogg_cthun_3132867455803373_IN_AM_DR,56680,71.32%,
3T,AR_SW_VF_yshaarj_nzoth_yogg_4013447278099951_Mis_AM_ME_DS,56679,71.32%,
3T,AR_SP_VF_yshaarj_nzoth_yogg_4013302322945535_Mis_AM_ME,56675,71.31%,
3T,AR_SP_VF_nzoth_yogg_cthun_3132875970305519_Mis_AM_ME_DS,56669,71.29%,
3T,AR_SP_VF_yshaarj_nzoth_yogg_4013301249211903_Mis_AM_DR,56661,71.26%,
3T,AR_SP_VF_yshaarj_nzoth_yogg_4013310912880127_IN_AM_DR_DS,56657,71.25%,
3T,AR_SW_VF_nzoth_yogg_cthun_3169151196986863_Mis_AM_ME,56656,71.25%,
3T,AR_SW_VF_yshaarj_nzoth_yogg_4013318429072895_Mis_IV_ME_DS,56655,71.25%,
3T,AR_SW_VF_yshaarj_nzoth_yogg_4013447278091775_IN_AM_DR_DS,56654,71.24%,
3T,AR_SP_VF_yshaarj_nzoth_yogg_4013309906255343_Mis_AM_DR_DS,56652,71.24%,
3T,AR_SP_VF_yshaarj_nzoth_yogg_4013576127118831_Mis_AM_ME,56652,71.24%,
3T,AR_SP_VF_nzoth_yogg_cthun_3169159787437551_Mis_AM_DR_DS,56644,71.21%,
3T,AR_SW_VF_yshaarj_yogg_cthun_2043251357244911_IN_IV_DR,56636,71.19%,
3T,AR_SW_VF_yshaarj_nzoth_yogg_4013310913404399_IN_AM_DR_DS,56635,71.19%,
3T,AR_SW_VF_yshaarj_yogg_cthun_1988688026131951_IN_IV_DR,56633,71.18%,
3T,AR_SW_VF_yshaarj_nzoth_yogg_4013584784154095_Mis_AM_DR_DS,56631,71.17%,
3T,AR_SP_VF_yshaarj_nzoth_yogg_4013309906247167_IN_AM_DR_DS,56631,71.17%,
3T,AR_EC_VF_yshaarj_yogg_cthun_1988688025615855_IN_IV_ME,56630,71.17%,
3T,AR_EC_VF_yshaarj_yogg_cthun_1972332790144511_IN_IV_DR,56627,71.16%,
3T,AR_EC_VF_yshaarj_yogg_cthun_1972332790668783_IN_IV_ME,56623,71.15%,
3T,AR_SW_VF_yshaarj_nzoth_yogg_4013309906247167_Mis_IV_ME_DS,56616,71.13%,
3T,AR_SW_VF_yshaarj_nzoth_yogg_4013318496181743_IN_AM_ME_DS,56615,71.13%,
3T,AR_SP_VF_yshaarj_yogg_cthun_1971370717994479_Mis_IV_DR,56613,71.12%,
3T,AR_EC_VF_yshaarj_yogg_cthun_2043251290660335_Mis_IV_ME,56609,71.11%,
3T,AR_EC_VF_yshaarj_nzoth_yogg_4013584717045247_Mis_IV_ME_DS,56609,71.11%,
3T,AR_SP_VF_yshaarj_yogg_cthun_2043251290144239_IN_IV_DR,56608,71.10%,
3T,AR_SP_VF_yshaarj_nzoth_yogg_4013310912888303_IN_AM_DR_DS,56605,71.09%,
3T,AR_EC_VF_yshaarj_yogg_cthun_1971234419367407_IN_IV_DR,56588,71.04%,
3T,AR_SW_VF_yshaarj_yogg_cthun_1972332790668783_IN_IV_DR,56584,71.03%,
3T,AR_EC_VF_yshaarj_nzoth_yogg_4013318429072895_IN_AM_ME_DS,56580,71.02%,
3T,AR_SP_VF_yshaarj_yogg_cthun_1988688025607679_Mis_IV_ME,56578,71.01%,
3T,AR_SW_VF_yshaarj_nzoth_yogg_4013447278616047_IN_AM_ME_DS,56578,71.01%,
3T,AR_EC_VF_yshaarj_nzoth_yogg_4013309839662591_IN_IV_ME_DS,56578,71.01%,
3T,AR_EC_VF_yshaarj_yogg_cthun_1988688025607679_Mis_AM_DR,56573,71.00%,
3T,AR_SP_VF_yshaarj_nzoth_yogg_4013309839146495_IN_IV_ME_DS,56571,70.99%,
3T,AR_SW_VF_yshaarj_nzoth_yogg_4013301249211903_Mis_AM_DR,56569,70.99%,
3T,AR_SP_VF_yshaarj_nzoth_yogg_4013309839662591_IN_IV_ME_DS,56567,70.98%,
3T,AR_SP_VF_yshaarj_yogg_cthun_1988688025615855_Mis_IV_ME,56565,70.97%,
3T,AR_EC_VF_yshaarj_yogg_cthun_1972332790152687_IN_IV_ME,56564,70.97%,
3T,AR_SP_VF_yshaarj_yogg_cthun_2043251290660335_Mis_IV_DR,56564,70.97%,
3T,AR_SP_VF_yshaarj_nzoth_yogg_4014409351290351_Mis_AM_ME_DS,56560,70.96%,
3T,AR_SP_VF_yshaarj_nzoth_yogg_4014409350774255_Mis_AM_ME_DS,56553,70.94%,
3T,AR_SW_VF_yshaarj_yogg_cthun_2043251290660335_IN_IV_DR,56551,70.93%,
3T,AR_EC_VF_yshaarj_nzoth_yogg_4013309839670767_Mis_AM_DR_DS,56551,70.93%,
3T,VW_DH_VW_VF_yshaarj_nzoth_yogg_3979696493879277_IN_IV_ME,56548,70.92%,
3T,AR_SP_VF_yshaarj_nzoth_yogg_4013318429597167_IN_AM_ME_DS,56548,70.92%,
3T,AR_SP_VF_nzoth_yogg_cthun_3132867313270255_Mis_AM_DR,56548,70.92%,
3T,AR_SW_VF_nzoth_yogg_cthun_3169159786921455_Mis_AM_DR_DS,56541,70.90%,
3T,AR_EC_VF_yshaarj_nzoth_yogg_4013318429072895_Mis_AM_ME_DS,56539,70.90%,
3T,AR_EC_VF_yshaarj_yogg_cthun_1971370784579055_Mis_AM_DR,56538,70.89%,
3T,AR_EC_VF_yshaarj_nzoth_yogg_4014409350766079_Mis_AM_ME_DS,56534,70.88%,
3T,AR_EC_VF_yshaarj_nzoth_yogg_4013310913404399_IN_AM_ME_DS,56534,70.88%,
3T,AR_EC_VF_nzoth_yogg_cthun_3169159786913279_Mis_AM_ME_DS,56533,70.88%,
3T,AR_SP_VF_nzoth_yogg_cthun_3169159787437551_IN_AM_ME_DS,56532,70.88%,
3T,AR_EC_VF_yshaarj_nzoth_yogg_4013310912888303_IN_AM_ME_DS,56529,70.87%,
3T,AR_SP_VF_yshaarj_nzoth_yogg_4013310913404399_Mis_AM_DR_DS,56524,70.85%,
3T,AR_EC_VF_yshaarj_yogg_cthun_1972332857253359_IN_AM_DR,56522,70.84%,
3T,AR_SP_VF_nzoth_yogg_cthun_3132875903720943_Mis_AM_DR_DS,56517,70.83%,
3T,AR_SP_VF_nzoth_yogg_cthun_3169151196978687_IN_AM_ME,56516,70.82%,
3T,AR_SP_VF_yshaarj_nzoth_yogg_4014409350774255_Mis_AM_DR_DS,56515,70.82%,
3T,AR_EC_VF_yshaarj_nzoth_yogg_4013310912888303_Mis_AM_ME_DS,56512,70.81%,
3T,AR_EC_VF_yshaarj_yogg_cthun_1973432301780463_Mis_IV_DR,56511,70.81%,
3T,AR_EC_VF_yshaarj_yogg_cthun_1973432302296559_IN_IV_DR,56505,70.79%,
3T,AR_SW_VF_nzoth_yogg_cthun_3132858723851775_Mis_AM_ME,56503,70.79%,
3T,AR_SW_VF_yshaarj_yogg_cthun_2043251290144239_Mis_IV_DR,56503,70.79%,
3T,AR_SP_VF_yshaarj_nzoth_yogg_4013301249727999_IN_AM_ME,56502,70.78%,
3T,AR_SP_VF_yshaarj_nzoth_yogg_4013584717569519_IN_AM_DR_DS,56501,70.78%,
3T,AR_EC_VF_yshaarj_yogg_cthun_1972332857253359_Mis_IV_ME,56499,70.78%,
3T,AR_EC_VF_yshaarj_yogg_cthun_1971233346149871_Mis_IV_DR,56497,70.77%,
3T,AR_SW_VF_nzoth_yogg_cthun_3169159786921455_IN_AM_DR_DS,56496,70.77%,
3T,AR_EC_VF_yshaarj_nzoth_yogg_4013584717045247_IN_AM_DR_DS,56495,70.76%,
3T,AR_EC_VF_yshaarj_yogg_cthun_2043251357244911_IN_AM_DR,56495,70.76%,
3T,AR_SW_VF_yshaarj_nzoth_yogg_4013584717053423_IN_IV_ME_DS,56492,70.75%,
3T,AR_SW_VF_yshaarj_nzoth_yogg_4014409351290351_Mis_AM_ME_DS,56491,70.75%,
3T,AR_SW_VF_yshaarj_nzoth_yogg_4013447278091775_Mis_AM_DR_DS,56486,70.73%,
3T,AR_SW_VF_yshaarj_nzoth_yogg_4013584717045247_IN_IV_DR_DS,56483,70.73%,
3T,AR_EC_VF_yshaarj_yogg_cthun_1972332790152687_Mis_IV_DR,56477,70.71%,
3T,VW_DH_VW_VF_nzoth_yogg_cthun_3132858932977645_IN_AM_DR,56476,70.71%,
3T,AR_SP_VF_yshaarj_nzoth_yogg_4013309906771439_IN_AM_ME_DS,56472,70.69%,
3T,AR_EC_VF_yshaarj_yogg_cthun_1971370717994479_IN_IV_DR,56472,70.69%,
3T,AR_EC_VF_yshaarj_yogg_cthun_1971234419367407_Mis_IV_DR,56470,70.69%,
3T,AR_SP_VF_nzoth_yogg_cthun_3132875903720943_Mis_AM_ME_DS,56469,70.69%,
3T,AR_SP_VF_yshaarj_nzoth_yogg_4013576127110655_IN_AM_ME,56469,70.68%,
3T,AR_EC_VF_nzoth_yogg_cthun_3132875903204847_Mis_AM_ME_DS,56468,70.68%,
3T,AR_EC_VF_yshaarj_yogg_cthun_1972332790668783_Mis_IV_DR,56465,70.67%,
3T,AR_SP_VF_yshaarj_nzoth_yogg_4013318429081071_Mis_AM_ME_DS,56465,70.67%,
3T,AR_EC_VF_yshaarj_yogg_cthun_1971370717470207_Mis_IV_DR,56464,70.67%,
3T,AR_SP_VF_yshaarj_yogg_cthun_2043251357244911_Mis_IV_ME,56460,70.66%,
3T,AR_EC_VF_yshaarj_nzoth_yogg_4013309839662591_Mis_AM_DR_DS,56460,70.66%,
3T,AR_SP_VF_yshaarj_yogg_cthun_1971370784579055_Mis_IV_ME,56457,70.65%,
3T,AR_EC_VF_yshaarj_nzoth_yogg_4013584717053423_Mis_AM_ME_DS,56451,70.63%,
3T,AR_SP_VF_nzoth_yogg_cthun_3132858723851775_Mis_AM_ME,56447,70.62%,
3T,AR_SW_VF_yshaarj_nzoth_yogg_4013318429081071_Mis_AM_DR_DS,56444,70.61%,
3T,AR_EC_VF_yshaarj_nzoth_yogg_4013309906247167_Mis_AM_ME_DS,56443,70.61%,
3T,AR_SP_VF_nzoth_yogg_cthun_3169159786921455_Mis_AM_DR_DS,56434,70.58%,
3T,AR_SW_VF_nzoth_yogg_cthun_3169159854022127_IN_AM_ME_DS,56433,70.58%,
3T,AR_SP_VF_nzoth_yogg_cthun_3169159787437551_Mis_AM_ME_DS,56432,70.57%,
3T,VW_DH_VW_VF_nzoth_yogg_cthun_3150313612959725_IN_AM_DR,56431,70.57%,
3T,AR_SP_VF_yshaarj_nzoth_yogg_4013309906771439_Mis_AM_ME_DS,56430,70.57%,
3T,AR_EC_VF_yshaarj_nzoth_yogg_4013584717569519_IN_AM_ME_DS,56427,70.56%,
3T,AR_SW_VF_nzoth_yogg_cthun_3132875903720943_Mis_AM_ME_DS,56427,70.56%,
3T,AR_SP_VF_yshaarj_yogg_cthun_1988688092716527_IN_IV_ME,56422,70.54%,
3T,AR_SW_VF_yshaarj_nzoth_yogg_4013309906247167_IN_IV_ME_DS,56420,70.53%,
3T,AR_SW_VF_yshaarj_nzoth_yogg_4013310913404399_Mis_AM_DR_DS,56411,70.51%,
3T,AR_SW_VF_nzoth_yogg_cthun_3132867313270255_Mis_AM_DR,56404,70.49%,
3T,AR_SW_VF_nzoth_yogg_cthun_3132875903720943_Mis_AM_DR_DS,56403,70.49%,
3T,AR_SW_VF_yshaarj_nzoth_yogg_4013310912880127_IN_IV_ME_DS,56403,70.48%,
3T,AR_SW_VF_yshaarj_nzoth_yogg_4013310912888303_IN_AM_DR_DS,56400,70.48%,
3T,AR_SW_VF_yshaarj_nzoth_yogg_4013310912880127_Mis_IV_ME_DS,56397,70.47%,
3T,AR_EC_VF_yshaarj_yogg_cthun_2043251357244911_IN_IV_ME,56397,70.47%,
3T,AR_SW_VF_yshaarj_yogg_cthun_1971370717994479_Mis_IV_DR,56397,70.47%,
3T,AR_SW_VF_yshaarj_nzoth_yogg_4013851005017599_Mis_AM_ME,56391,70.45%,
3T,AR_SP_VF_yshaarj_nzoth_yogg_4013447278099951_IN_AM_ME_DS,56387,70.44%,
3T,AR_SP_VF_yshaarj_nzoth_yogg_4013309839662591_Mis_IV_ME_DS,56385,70.43%,
3T,AR_SW_VF_yshaarj_nzoth_yogg_4014409350766079_IN_AM_ME_DS,56385,70.43%,
3T,AR_SP_VF_yshaarj_yogg_cthun_1988688092716527_IN_AM_DR,56384,70.43%,
3T,AR_EC_VF_yshaarj_nzoth_yogg_4013309839670767_IN_AM_ME_DS,56383,70.42%,
3T,AR_SP_VF_nzoth_yogg_cthun_3169159786913279_IN_AM_DR_DS,56382,70.42%,
3T,AR_EC_VF_yshaarj_yogg_cthun_1971370717478383_IN_IV_DR,56382,70.42%,
3T,AR_SP_VF_yshaarj_nzoth_yogg_4013318429072895_IN_AM_DR_DS,56378,70.41%,
3T,AR_SP_VF_yshaarj_nzoth_yogg_4014409350766079_Mis_AM_DR_DS,56377,70.41%,
3T,AR_SW_VF_yshaarj_yogg_cthun_2043251290144239_IN_IV_DR,56375,70.40%,
3T,AR_SP_VF_nzoth_yogg_cthun_3132858723335679_Mis_AM_DR,56361,70.36%,
3T,AR_SP_VF_yshaarj_nzoth_yogg_4013584717045247_Mis_IV_ME_DS,56360,70.36%,
3T,AR_EC_VF_yshaarj_yogg_cthun_1971234352782831_Mis_IV_DR,56358,70.35%,
3T,VW_DH_VW_VF_yshaarj_nzoth_cthun_3696297371820013_IN_IV_DR,56357,70.34%,
3T,AR_SP_VF_yshaarj_nzoth_yogg_4013301249211903_IN_AM_ME,56355,70.34%,
3T,AR_SP_VF_yshaarj_nzoth_yogg_4013310979988975_IN_AM_ME_DS,56355,70.34%,
3T,AR_EC_VF_yshaarj_yogg_cthun_2043251290136063_Mis_IV_DR,56351,70.33%,
3T,AR_SP_VF_yshaarj_yogg_cthun_2043251290144239_Mis_IV_DR,56344,70.31%,
3T,VW_DH_TV_VF_nzoth_yogg_cthun_3132876045737965_IN_AM_DR_DS,56342,70.30%,
3T,AR_SW_VF_yshaarj_nzoth_yogg_4013576127110655_Mis_AM_DR,56340,70.29%,
3T,AR_EC_VF_yshaarj_yogg_cthun_1973432368881135_Mis_IV_ME,56337,70.29%,
3T,AR_EC_VF_yshaarj_yogg_cthun_2043251290144239_IN_IV_ME,56333,70.27%,
3T,AR_SW_VF_nzoth_yogg_cthun_3169151196978687_Mis_AM_ME,56331,70.27%,
3T,AR_SP_VF_nzoth_yogg_cthun_3169159786921455_Mis_AM_ME_DS,56330,70.26%,
3T,AR_EC_VF_yshaarj_nzoth_yogg_4013584717569519_Mis_AM_ME_DS,56324,70.25%,
3T,AR_EC_VF_yshaarj_nzoth_yogg_4013309839670767_Mis_AM_ME_DS,56323,70.24%,
3T,AR_EC_VF_yshaarj_nzoth_yogg_4013310912880127_IN_AM_ME_DS,56323,70.24%,
3T,AR_SW_VF_yshaarj_yogg_cthun_2043251357244911_Mis_IV_ME,56318,70.23%,
3T,VW_DH_VW_VF_yshaarj_nzoth_yogg_3979696493879277_IN_IV_DR,56316,70.22%,
3T,AR_SW_VF_yshaarj_yogg_cthun_1971370784579055_IN_IV_DR,56316,70.22%,
3T,AR_SP_VF_yshaarj_nzoth_yogg_4013309906255343_Mis_AM_ME_DS,56310,70.20%,
3T,AR_SP_VF_yshaarj_nzoth_yogg_4013310979988975_Mis_AM_ME_DS,56310,70.20%,
3T,AR_SW_VF_yshaarj_nzoth_yogg_4013318429072895_IN_AM_DR_DS,56309,70.20%,
3T,AR_EC_VF_nzoth_yogg_cthun_3132875903196671_Mis_AM_ME_DS,56307,70.19%,
3T,AR_SP_VF_yshaarj_nzoth_yogg_4013301249727999_Mis_AM_ME,56307,70.19%,
3T,AR_SW_VF_nzoth_yogg_cthun_3169159787437551_IN_AM_ME_DS,56306,70.19%,
3T,AR_SP_VF_yshaarj_nzoth_yogg_4013318429081071_IN_AM_ME_DS,56303,70.18%,
3T,AR_SW_VF_yshaarj_nzoth_yogg_4013310912880127_IN_AM_DR_DS,56302,70.18%,
3T,AR_SW_VF_yshaarj_nzoth_yogg_4013302322945535_Mis_AM_ME,56302,70.18%,
3T,AR_EC_VF_yshaarj_yogg_cthun_2043259947179503_IN_IV_DR_DS,56301,70.18%,
3T,AR_SW_VF_nzoth_yogg_cthun_3169159787437551_Mis_AM_ME_DS,56301,70.17%,
3T,AR_SW_VF_yshaarj_nzoth_yogg_4014409350774255_Mis_AM_DR_DS,56297,70.16%,
3T,AR_SW_VF_yshaarj_yogg_cthun_2043251290660335_Mis_IV_DR,56295,70.16%,
3T,AR_SP_VF_yshaarj_nzoth_yogg_4013309839670767_IN_AM_DR_DS,56286,70.13%,
3T,AR_EC_VF_yshaarj_yogg_cthun_1971233614061039_Mis_IV_ME,56283,70.12%,
3T,AR_EC_VF_yshaarj_yogg_cthun_1971233346149871_IN_IV_DR,56280,70.11%,
3T,AR_SP_VF_yshaarj_yogg_cthun_1973432368881135_IN_IV_DR,56278,70.11%,
3T,AR_EC_VF_yshaarj_nzoth_yogg_4013309839146495_IN_AM_DR_DS,56278,70.11%,
3T,AR_SW_VF_yshaarj_yogg_cthun_1988688026131951_Mis_IV_ME,56270,70.08%,
3T,AR_EC_VF_yshaarj_nzoth_yogg_4013309906247167_IN_AM_ME_DS,56268,70.08%,
3T,AR_SW_VF_yshaarj_yogg_cthun_1973432368881135_IN_IV_DR,56266,70.07%,
3T,AR_SP_VF_yshaarj_yogg_cthun_1972332790152687_IN_IV_ME,56264,70.06%,
3T,VW_DH_VW_VF_yshaarj_nzoth_cthun_3696297371820013_IN_IV_ME,56263,70.06%,
3T,AR_SP_VF_yshaarj_nzoth_yogg_4013584784154095_Mis_AM_ME_DS,56261,70.06%,
3T,AR_SW_VF_yshaarj_yogg_cthun_1972332857253359_Mis_IV_DR,56256,70.04%,
3T,AR_SW_VF_yshaarj_nzoth_yogg_4013301249211903_IN_AM_ME,56255,70.04%,
3T,AR_SW_VF_yshaarj_nzoth_yogg_4013310979988975_Mis_AM_ME_DS,56250,70.02%,
3T,AR_EC_VF_yshaarj_yogg_cthun_2043251290136063_IN_IV_DR,56248,70.02%,
3T,AR_EC_VF_yshaarj_nzoth_yogg_4013584717053423_Mis_AM_DR_DS,56248,70.02%,
3T,AR_SP_VF_nzoth_yogg_cthun_3169151196978687_Mis_AM_ME,56242,70.00%,
3T,AR_SP_VF_yshaarj_yogg_cthun_1988688026131951_Mis_AM_DR,56241,70.00%,
3T,AR_SW_VF_yshaarj_yogg_cthun_1972332790152687_IN_IV_DR,56240,69.99%,
3T,AR_SW_VF_yshaarj_nzoth_yogg_4013309906771439_Mis_AM_ME_DS,56240,69.99%,
3T,AR_SW_VF_yshaarj_yogg_cthun_1988688025607679_IN_IV_DR,56235,69.98%,
3T,AR_SW_VF_yshaarj_nzoth_yogg_4013309906255343_Mis_AM_DR_DS,56234,69.97%,
3T,AR_SP_VF_yshaarj_yogg_cthun_1971370717478383_Mis_IV_DR,56234,69.97%,
3T,AR_SP_VF_yshaarj_nzoth_yogg_4013318429072895_Mis_AM_DR_DS,56231,69.96%,
3T,AR_EC_VF_yshaarj_yogg_cthun_1973432301780463_IN_IV_DR,56230,69.96%,
3T,AR_SW_VF_nzoth_yogg_cthun_3132858723335679_Mis_AM_DR,56230,69.96%,
3T,AR_EC_VF_yshaarj_nzoth_yogg_4013584717053423_IN_AM_ME_DS,56228,69.96%,
3T,AR_EC_VF_nzoth_yogg_cthun_3132875903196671_Mis_AM_DR_DS,56221,69.94%,
3T,AR_SP_VF_yshaarj_nzoth_yogg_4013301249211903_Mis_AM_ME,56216,69.92%,
3T,AR_SW_VF_yshaarj_nzoth_yogg_4013318429081071_IN_AM_ME_DS,56213,69.91%,
3T,AR_EC_VF_yshaarj_yogg_cthun_1988688026131951_IN_IV_ME,56212,69.91%,
3T,AR_SP_VF_yshaarj_yogg_cthun_1972332790668783_Mis_IV_DR,56203,69.88%,
3T,AR_SW_VF_yshaarj_nzoth_yogg_4013584717569519_IN_AM_DR_DS,56200,69.87%,
3T,AR_SP_VF_yshaarj_yogg_cthun_1972332790144511_IN_IV_DR,56200,69.87%,
3T,AR_SP_VF_yshaarj_nzoth_yogg_4013318429597167_Mis_AM_ME_DS,56196,69.86%,
3T,AR_EC_VF_yshaarj_nzoth_yogg_4013310912880127_Mis_AM_ME_DS,56183,69.82%,
3T,VW_DH_VW_VF_nzoth_yogg_cthun_3132876045737965_IN_AM_DR_DS,56180,69.81%,
3T,AR_SW_VF_yshaarj_nzoth_yogg_4013576127110655_IN_AM_ME,56176,69.80%,
3T,AR_SP_VF_yshaarj_nzoth_yogg_4013310912888303_Mis_AM_DR_DS,56176,69.80%,
3T,AR_SP_VF_yshaarj_nzoth_yogg_4013584717053423_IN_AM_DR_DS,56175,69.80%,
3T,AR_SW_VF_yshaarj_nzoth_yogg_4013309906247167_Mis_AM_DR_DS,56175,69.79%,
3T,AR_SW_VF_yshaarj_nzoth_yogg_4013309839662591_Mis_IV_ME_DS,56170,69.78%,
3T,AR_SW_VF_yshaarj_yogg_cthun_1988688026131951_Mis_AM_DR,56170,69.78%,
3T,AR_SP_VF_yshaarj_yogg_cthun_1971233614061039_IN_IV_DR,56167,69.77%,
3T,AR_EC_VF_yshaarj_yogg_cthun_1972332790668783_Mis_IV_ME,56167,69.77%,
3T,AR_SW_VF_yshaarj_yogg_cthun_1988688025615855_IN_IV_DR,56167,69.77%,
3T,AR_SW_VF_nzoth_yogg_cthun_3169159786913279_Mis_AM_DR_DS,56162,69.76%,
3T,AR_EC_VF_yshaarj_yogg_cthun_2043251290660335_IN_IV_ME,56160,69.75%,
3T,AR_EC_VF_yshaarj_yogg_cthun_1988688026131951_Mis_AM_ME,56158,69.75%,
3T,AR_SP_VF_yshaarj_yogg_cthun_1988688025615855_Mis_AM_DR,56150,69.72%,
3T,AR_EC_VF_yshaarj_yogg_cthun_1988688026131951_IN_AM_DR,56149,69.72%,
3T,AR_SW_VF_yshaarj_nzoth_yogg_4013447278091775_Mis_AM_ME_DS,56149,69.72%,
3T,AR_SW_VF_yshaarj_yogg_cthun_1988688025615855_Mis_IV_ME,56148,69.71%,
3T,AR_SP_VF_nzoth_yogg_cthun_3132875903204847_Mis_AM_ME_DS,56146,69.71%,
3T,AR_SW_VF_yshaarj_nzoth_yogg_4013301249727999_Mis_AM_ME,56145,69.71%,
3T,AR_SP_VF_yshaarj_yogg_cthun_2043259947179503_Mis_IV_DR_DS,56142,69.70%,
3T,AR_SP_VF_yshaarj_nzoth_yogg_4013584784154095_IN_AM_ME_DS,56138,69.68%,
3T,AR_SW_VF_yshaarj_nzoth_yogg_4013301249211903_Mis_AM_ME,56135,69.67%,
3T,AR_EC_VF_yshaarj_yogg_cthun_1971233345633775_IN_IV_DR,56133,69.67%,
3T,AR_SW_VF_yshaarj_nzoth_yogg_4013309906771439_IN_AM_ME_DS,56128,69.65%,
3T,AR_SW_VF_yshaarj_nzoth_yogg_4013309906247167_IN_AM_DR_DS,56128,69.65%,
3T,AR_SP_VF_yshaarj_yogg_cthun_1973432302296559_Mis_IV_DR,56127,69.65%,
3T,AR_EC_VF_nzoth_yogg_cthun_3169159786913279_IN_AM_ME_DS,56124,69.64%,
3T,AR_SW_VF_nzoth_yogg_cthun_3169159786913279_IN_AM_DR_DS,56123,69.64%,
3T,AR_SW_VF_yshaarj_nzoth_yogg_4013310912888303_Mis_AM_DR_DS,56122,69.63%,
3T,AR_EC_VF_yshaarj_yogg_cthun_1971370717994479_Mis_IV_ME,56114,69.61%,
3T,VW_DH_VW_VF_yshaarj_nzoth_yogg_3977772348530669_IN_IV_ME,56114,69.61%,
3T,AR_SW_VF_nzoth_yogg_cthun_3132867313262079_Mis_AM_DR,56112,69.61%,
3T,AR_SW_VF_yshaarj_yogg_cthun_1988688092716527_Mis_AM_ME,56098,69.56%,
3T,AR_EC_VF_yshaarj_nzoth_yogg_4013584717045247_Mis_AM_DR_DS,56097,69.56%,
3T,AR_SW_VF_yshaarj_nzoth_yogg_4013309839662591_IN_IV_ME_DS,56093,69.55%,
3T,AR_SP_VF_nzoth_yogg_cthun_3169159786913279_Mis_AM_DR_DS,56090,69.54%,
3T,AR_SW_VF_yshaarj_yogg_cthun_1973432368881135_Mis_IV_DR,56089,69.53%,
3T,AR_EC_VF_yshaarj_yogg_cthun_2043251290144239_Mis_IV_ME,56086,69.53%,
3T,AR_SP_VF_nzoth_yogg_cthun_3169159786921455_IN_AM_ME_DS,56083,69.52%,
3T,AR_SW_VF_yshaarj_nzoth_yogg_4013584717045247_Mis_IV_ME_DS,56077,69.50%,
3T,AR_SW_VF_yshaarj_nzoth_yogg_4013310979988975_IN_AM_ME_DS,56075,69.49%,
3T,AR_SP_VF_yshaarj_yogg_cthun_1972332857253359_Mis_IV_ME,56074,69.49%,
3T,AR_SP_VF_yshaarj_yogg_cthun_2043251357244911_IN_IV_ME,56069,69.47%,
3T,AR_SW_VF_yshaarj_yogg_cthun_1971370784579055_Mis_IV_ME,56067,69.47%,
3T,AR_SW_VF_yshaarj_nzoth_yogg_4013584717045247_IN_IV_ME_DS,56066,69.47%,
3T,AR_SW_VF_yshaarj_nzoth_yogg_4013309839146495_Mis_IV_ME_DS,56064,69.46%,
3T,AR_SP_VF_yshaarj_nzoth_yogg_4013584717045247_IN_IV_ME_DS,56064,69.46%,
3T,AR_SP_VF_yshaarj_nzoth_yogg_4013447278091775_IN_AM_ME_DS,56057,69.44%,
3T,AR_SP_VF_yshaarj_yogg_cthun_1988688092716527_Mis_AM_ME,56051,69.42%,
3T,AR_SP_VF_yshaarj_nzoth_yogg_4013447278091775_Mis_AM_ME_DS,56048,69.41%,
3T,AR_SW_VF_yshaarj_nzoth_yogg_4014409350774255_Mis_AM_ME_DS,56043,69.40%,
3T,AR_SP_VF_yshaarj_nzoth_yogg_4013576127110655_Mis_AM_ME,56038,69.38%,
3T,AR_EC_VF_yshaarj_yogg_cthun_1988688092716527_IN_AM_ME,56038,69.38%,
3T,AR_SW_VF_yshaarj_nzoth_yogg_4013301249727999_IN_AM_ME,56036,69.38%,
3T,AR_SW_VF_yshaarj_yogg_cthun_1971370717478383_Mis_IV_DR,56033,69.37%,
3T,AR_SP_VF_nzoth_yogg_cthun_3132867313262079_Mis_AM_ME,56033,69.37%,
3T,AR_SP_VF_yshaarj_nzoth_yogg_4013310913404399_IN_AM_ME_DS,56028,69.35%,
3T,AR_SW_VF_nzoth_yogg_cthun_3169159786921455_Mis_AM_ME_DS,56023,69.34%,
3T,AR_SW_VF_yshaarj_yogg_cthun_1972332857253359_IN_IV_ME,56023,69.34%,
3T,VW_DH_VW_VF_yshaarj_nzoth_yogg_3977497470631917_IN_IV_DR,56023,69.34%,
3T,AR_SP_VF_yshaarj_yogg_cthun_1972332790668783_IN_IV_ME,56022,69.33%,
3T,AR_SW_VF_yshaarj_nzoth_yogg_4014409350766079_Mis_AM_DR_DS,56022,69.33%,
3T,AR_SW_VF_yshaarj_yogg_cthun_1988688092716527_IN_AM_DR,56020,69.33%,
3T,AR_EC_VF_yshaarj_yogg_cthun_1972332790144511_Mis_IV_DR,56017,69.32%,
3T,AR_SW_VF_yshaarj_nzoth_yogg_4013576127110655_Mis_AM_ME,56017,69.32%,
3T,AR_EC_VF_yshaarj_yogg_cthun_2043251290660335_Mis_AM_DR,56015,69.31%,
3T,AR_EC_VF_yshaarj_nzoth_yogg_4013309839146495_Mis_AM_DR_DS,56008,69.29%,
3T,AR_SW_VF_yshaarj_yogg_cthun_1988688092716527_IN_IV_ME,56008,69.29%,
3T,AR_SP_VF_yshaarj_nzoth_yogg_4013309839662591_IN_AM_DR_DS,56006,69.29%,
3T,AR_EC_VF_yshaarj_yogg_cthun_1988688025615855_IN_AM_DR,56004,69.28%,
3T,AR_SW_VF_yshaarj_nzoth_yogg_4013447278099951_IN_AM_ME_DS,56003,69.28%,
3T,AR_EC_VF_yshaarj_yogg_cthun_1972332857253359_Mis_AM_DR,56003,69.27%,
3T,AR_SP_VF_nzoth_yogg_cthun_3132867313262079_Mis_AM_DR,56002,69.27%,
3T,AR_SP_VF_yshaarj_yogg_cthun_1972332857253359_IN_IV_ME,56002,69.27%,
3T,AR_EC_VF_yshaarj_yogg_cthun_1971233345625599_IN_IV_DR,56000,69.27%,
3T,AR_SP_VF_yshaarj_nzoth_yogg_4013310912880127_Mis_AM_DR_DS,55993,69.25%,
3T,AR_EC_VF_yshaarj_yogg_cthun_1971370717470207_IN_IV_DR,55990,69.24%,
3T,AR_SP_VF_yshaarj_yogg_cthun_2043251357244911_Mis_AM_DR,55984,69.22%,
3T,AR_EC_VF_yshaarj_yogg_cthun_1988688025607679_IN_IV_ME,55983,69.21%,
3T,AR_EC_VF_yshaarj_yogg_cthun_2043259880594927_Mis_IV_DR_DS,55982,69.21%,
3T,AR_SP_VF_yshaarj_yogg_cthun_1988688026131951_IN_IV_ME,55979,69.20%,
3T,AR_SP_VF_yshaarj_nzoth_yogg_4013584717569519_Mis_AM_DR_DS,55974,69.19%,
3T,AR_EC_VF_yshaarj_yogg_cthun_1971233345633775_Mis_IV_DR,55973,69.18%,
3T,VW_DH_VW_VF_yshaarj_nzoth_yogg_3977772348530669_IN_IV_DR,55972,69.18%,
3T,AR_SW_VF_nzoth_yogg_cthun_3132858723335679_Mis_AM_ME,55971,69.18%,
3T,AR_SP_VF_yshaarj_nzoth_yogg_4013309906255343_IN_AM_ME_DS,55970,69.18%,
3T,AR_SW_VF_yshaarj_nzoth_yogg_4013584717569519_Mis_AM_DR_DS,55962,69.15%,
3T,AR_SW_VF_yshaarj_yogg_cthun_1971233614061039_Mis_IV_DR,55961,69.15%,
3T,AR_SW_VF_nzoth_yogg_cthun_3132875903204847_Mis_AM_DR_DS,55959,69.14%,
3T,AR_SW_VF_yshaarj_yogg_cthun_1971233614061039_IN_IV_DR,55959,69.14%,
3T,AR_EC_VF_yshaarj_yogg_cthun_1972332790144511_IN_IV_ME,55957,69.14%,
3T,AR_SW_VF_nzoth_yogg_cthun_3169151196978687_IN_AM_ME,55957,69.14%,
3T,AR_SP_VF_yshaarj_yogg_cthun_1973432302296559_IN_IV_DR,55956,69.13%,
3T,VW_DH_VW_VF_yshaarj_nzoth_yogg_3977634909577197_IN_IV_ME,55954,69.13%,
3T,AR_EC_VF_yshaarj_yogg_cthun_1988688025615855_Mis_AM_ME,55954,69.13%,
3T,AR_SP_VF_yshaarj_yogg_cthun_1988688025615855_IN_IV_ME,55954,69.13%,
3T,AR_SP_VF_yshaarj_yogg_cthun_2043251290136063_IN_IV_DR,55954,69.13%,
3T,AR_SP_VF_yshaarj_yogg_cthun_2043259947179503_IN_IV_DR_DS,55945,69.10%,
3T,AR_SW_VF_yshaarj_yogg_cthun_1972332790144511_IN_IV_DR,55942,69.09%,
3T,AR_EC_VF_yshaarj_yogg_cthun_1973432301772287_IN_IV_DR,55940,69.08%,
3T,AR_EC_VF_yshaarj_yogg_cthun_1971234352266735_IN_IV_DR,55939,69.08%,
3T,AR_EC_VF_yshaarj_yogg_cthun_1973432368881135_Mis_AM_DR,55938,69.08%,
3T,AR_EC_VF_yshaarj_yogg_cthun_1972332790668783_IN_AM_DR,55935,69.07%,
3T,AR_EC_VF_yshaarj_yogg_cthun_1971370784579055_IN_AM_DR,55929,69.05%,
3T,VW_DH_VW_VF_yshaarj_nzoth_yogg_3979697567621101_IN_IV_ME,55926,69.04%,
3T,AR_SW_VF_yshaarj_yogg_cthun_1971370717994479_IN_IV_DR,55924,69.04%,
3T,AR_SP_VF_yshaarj_nzoth_yogg_4013318429072895_IN_AM_ME_DS,55923,69.03%,
3T,AR_EC_VF_yshaarj_yogg_cthun_1973432368881135_IN_IV_ME,55913,69.00%,
3T,AR_SW_VF_yshaarj_nzoth_yogg_4013584784154095_IN_AM_ME_DS,55901,68.97%,
3T,AR_SP_VF_nzoth_yogg_cthun_3132858723335679_Mis_AM_ME,55898,68.96%,
3T,AR_EC_VF_yshaarj_yogg_cthun_1972332790144511_Mis_IV_ME,55887,68.92%,
3T,AR_SP_VF_yshaarj_yogg_cthun_2043251290660335_Mis_IV_ME,55886,68.92%,
3T,AR_EC_VF_yshaarj_yogg_cthun_1972332790152687_IN_AM_DR,55885,68.92%,
3T,AR_SW_VF_yshaarj_nzoth_yogg_4013318429081071_Mis_AM_ME_DS,55882,68.91%,
3T,AR_EC_VF_yshaarj_yogg_cthun_1972332857253359_IN_AM_ME,55881,68.91%,
3T,AR_SP_VF_yshaarj_nzoth_yogg_4013310912888303_Mis_AM_ME_DS,55875,68.89%,
3T,AR_SW_VF_yshaarj_yogg_cthun_1972332857253359_Mis_IV_ME,55873,68.88%,
3T,AR_SP_VF_nzoth_yogg_cthun_3132875903204847_Mis_AM_DR_DS,55873,68.88%,
3T,AR_EC_VF_yshaarj_yogg_cthun_2043251290136063_Mis_IV_ME,55873,68.88%,
3T,AR_EC_VF_yshaarj_yogg_cthun_1971234352266735_Mis_IV_DR,55869,68.87%,
3T,AR_EC_VF_yshaarj_yogg_cthun_1971233614061039_Mis_AM_DR,55869,68.87%,
3T,AR_SP_VF_yshaarj_yogg_cthun_1971370717994479_IN_IV_DR,55868,68.87%,
3T,AR_SP_VF_yshaarj_yogg_cthun_1973432368881135_Mis_IV_ME,55867,68.87%,
3T,AR_SW_VF_yshaarj_nzoth_yogg_4013584784154095_Mis_AM_ME_DS,55867,68.86%,
3T,AR_SW_VF_yshaarj_yogg_cthun_1973432302296559_Mis_IV_DR,55864,68.85%,
3T,AR_SW_VF_yshaarj_nzoth_yogg_4013318429072895_Mis_AM_DR_DS,55858,68.84%,
3T,AR_SW_VF_yshaarj_yogg_cthun_1988688025607679_Mis_IV_ME,55858,68.84%,
3T,AR_EC_VF_yshaarj_yogg_cthun_1971233614061039_IN_IV_ME,55857,68.84%,
3T,VW_DH_VW_VF_yshaarj_nzoth_cthun_3696298445561837_IN_IV_ME,55852,68.82%,
3T,AR_EC_VF_yshaarj_yogg_cthun_1972332790152687_Mis_IV_ME,55849,68.81%,
3T,AR_EC_VF_yshaarj_yogg_cthun_1971370784579055_IN_IV_ME,55848,68.81%,
3T,AR_SW_VF_nzoth_yogg_cthun_3132867313262079_Mis_AM_ME,55844,68.79%,
3T,AR_SP_VF_yshaarj_yogg_cthun_1971370717470207_Mis_IV_DR,55839,68.78%,
3T,AR_EC_VF_yshaarj_yogg_cthun_1988688025607679_IN_AM_DR,55839,68.78%,
3T,AR_SW_VF_yshaarj_nzoth_yogg_4013584717053423_IN_AM_DR_DS,55836,68.77%,
3T,AR_SP_VF_yshaarj_nzoth_yogg_4014409350766079_Mis_AM_ME_DS,55832,68.76%,
3T,AR_SW_VF_yshaarj_yogg_cthun_1972332790152687_IN_IV_ME,55831,68.76%,
3T,AR_SP_VF_yshaarj_nzoth_yogg_4013309839662591_Mis_AM_DR_DS,55825,68.74%,
3T,AR_EC_VF_yshaarj_yogg_cthun_1971250525494767_Mis_IV_DR_DS,55819,68.72%,
3T,AR_SW_VF_yshaarj_yogg_cthun_1973432302296559_IN_IV_DR,55818,68.72%,
3T,AR_SP_VF_yshaarj_yogg_cthun_1971370717478383_IN_IV_DR,55814,68.70%,
3T,AR_EC_VF_yshaarj_yogg_cthun_1973432301772287_Mis_IV_DR,55813,68.70%,
3T,AR_SW_VF_yshaarj_yogg_cthun_2043251357244911_IN_IV_ME,55805,68.68%,
3T,AR_SW_VF_nzoth_yogg_cthun_3132875903196671_Mis_AM_DR_DS,55803,68.67%,
3T,AR_SP_VF_yshaarj_nzoth_yogg_4013309839670767_Mis_AM_ME_DS,55800,68.66%,
3T,AR_SP_VF_yshaarj_yogg_cthun_1972332790152687_Mis_IV_DR,55798,68.66%,
3T,AR_EC_VF_yshaarj_yogg_cthun_1988688025607679_Mis_AM_ME,55796,68.65%,
3T,AR_SP_VF_yshaarj_yogg_cthun_1971233346149871_Mis_IV_DR,55795,68.65%,
3T,AR_EC_VF_yshaarj_yogg_cthun_2043251290660335_IN_AM_DR,55794,68.64%,
3T,AR_SW_VF_yshaarj_yogg_cthun_2043251357244911_Mis_AM_DR,55794,68.64%,
3T,AR_SW_VF_yshaarj_nzoth_yogg_4013309839670767_Mis_AM_DR_DS,55793,68.64%,
3T,AR_SP_VF_yshaarj_nzoth_yogg_4013310913404399_Mis_AM_ME_DS,55791,68.63%,
3T,AR_SP_VF_yshaarj_nzoth_yogg_4013309839670767_Mis_AM_DR_DS,55786,68.62%,
3T,AR_EC_VF_yshaarj_yogg_cthun_2043259880078831_IN_IV_DR_DS,55773,68.58%,
3T,AR_SW_VF_yshaarj_yogg_cthun_1973432301780463_IN_IV_DR,55773,68.58%,
3T,AR_SP_VF_yshaarj_yogg_cthun_2043251357244911_IN_AM_DR,55772,68.58%,
3T,AR_SW_VF_yshaarj_yogg_cthun_1971234419367407_Mis_IV_DR,55771,68.58%,
3T,AR_SW_VF_nzoth_yogg_cthun_3132875903204847_Mis_AM_ME_DS,55771,68.57%,
3T,VW_DH_VW_VF_yshaarj_nzoth_yogg_3979696493879277_IN_AM_ME,55763,68.55%,
3T,AR_SP_VF_yshaarj_yogg_cthun_2043251290136063_Mis_IV_DR,55763,68.55%,
3T,VW_DH_VW_VF_yshaarj_nzoth_yogg_3977634909577197_IN_IV_DR,55763,68.55%,
3T,VW_DH_VW_VF_yshaarj_nzoth_yogg_4049515482243053_IN_IV_ME,55761,68.55%,
3T,AR_SP_VF_yshaarj_nzoth_yogg_4013584717569519_Mis_AM_ME_DS,55760,68.54%,
3T,AR_SP_VF_yshaarj_yogg_cthun_1973432301780463_Mis_IV_DR,55754,68.52%,
3T,AR_SP_VF_yshaarj_nzoth_yogg_4013584717053423_Mis_AM_DR_DS,55752,68.52%,
3T,AR_EC_VF_yshaarj_yogg_cthun_2043251357244911_Mis_AM_ME,55751,68.51%,
3T,AR_SW_VF_yshaarj_nzoth_yogg_4013309906255343_Mis_AM_ME_DS,55749,68.51%,
3T,AR_SP_VF_yshaarj_yogg_cthun_1971234419367407_Mis_IV_DR,55747,68.50%,
3T,AR_SP_VF_nzoth_yogg_cthun_3132875903196671_Mis_AM_DR_DS,55746,68.50%,
3T,AR_EC_VF_yshaarj_yogg_cthun_1971233346149871_Mis_IV_ME,55745,68.50%,
3T,AR_EC_VF_yshaarj_yogg_cthun_1971234352782831_IN_IV_DR,55742,68.49%,
3T,AR_EC_VF_yshaarj_yogg_cthun_1971370717478383_Mis_IV_ME,55739,68.48%,
3T,AR_SW_VF_yshaarj_nzoth_yogg_4013310912880127_Mis_AM_DR_DS,55736,68.47%,
3T,AR_SP_VF_yshaarj_nzoth_yogg_4013584717045247_IN_AM_DR_DS,55734,68.46%,
3T,AR_SW_VF_yshaarj_yogg_cthun_1971370717470207_Mis_IV_DR,55733,68.46%,
3T,AR_EC_VF_yshaarj_nzoth_yogg_4013309839146495_Mis_AM_ME_DS,55731,68.45%,
3T,AR_SW_VF_yshaarj_yogg_cthun_1972332790668783_Mis_IV_DR,55728,68.44%,
3T,AR_EC_VF_yshaarj_yogg_cthun_2043259880078831_Mis_IV_DR_DS,55727,68.44%,
3T,AR_SW_VF_yshaarj_nzoth_yogg_4013309839662591_IN_AM_DR_DS,55720,68.42%,
3T,AR_SW_VF_yshaarj_nzoth_yogg_4013309839670767_IN_AM_DR_DS,55720,68.42%,
3T,AR_SP_VF_yshaarj_nzoth_yogg_4013309906247167_Mis_AM_ME_DS,55717,68.41%,
3T,AR_SW_VF_yshaarj_nzoth_yogg_4013309839146495_IN_IV_ME_DS,55716,68.41%,
3T,AR_SP_VF_yshaarj_yogg_cthun_1971233614061039_Mis_IV_ME,55712,68.40%,
3T,AR_SP_VF_yshaarj_nzoth_yogg_4013309839670767_IN_AM_ME_DS,55712,68.40%,
3T,AR_SP_VF_yshaarj_nzoth_yogg_4013310912888303_IN_AM_ME_DS,55711,68.39%,
3T,AR_SW_VF_yshaarj_yogg_cthun_1972332790668783_IN_IV_ME,55700,68.36%,
3T,AR_EC_VF_yshaarj_yogg_cthun_1971370717994479_Mis_AM_DR,55699,68.36%,
3T,AR_EC_VF_yshaarj_yogg_cthun_1971370784579055_Mis_AM_ME,55693,68.34%,
3T,VW_DH_VW_VF_yshaarj_nzoth_cthun_3696297371820013_IN_AM_DR,55693,68.34%,
3T,AR_SP_VF_yshaarj_nzoth_yogg_4013309906247167_IN_AM_ME_DS,55690,68.33%,
3T,AR_EC_VF_yshaarj_yogg_cthun_2043251290144239_Mis_AM_DR,55690,68.33%,
3T,AR_EC_VF_yshaarj_yogg_cthun_1971370717470207_Mis_IV_ME,55688,68.32%,
3T,AR_EC_VF_yshaarj_yogg_cthun_1973432302296559_Mis_IV_ME,55687,68.32%,
3T,AR_SP_VF_nzoth_yogg_cthun_3169159786913279_IN_AM_ME_DS,55684,68.31%,
3T,AR_SW_VF_yshaarj_yogg_cthun_1971233346149871_Mis_IV_DR,55683,68.31%,
3T,AR_EC_VF_yshaarj_yogg_cthun_2043259947179503_Mis_IV_ME_DS,55677,68.29%,
3T,AR_SP_VF_nzoth_yogg_cthun_3169159786913279_Mis_AM_ME_DS,55675,68.29%,
3T,AR_SW_VF_yshaarj_nzoth_yogg_4013310913404399_Mis_AM_ME_DS,55675,68.28%,
3T,AR_SP_VF_yshaarj_yogg_cthun_1973432301780463_IN_IV_DR,55670,68.27%,
3T,AR_EC_VF_yshaarj_nzoth_yogg_4013309839662591_Mis_AM_ME_DS,55670,68.27%,
3T,AR_SP_VF_yshaarj_yogg_cthun_1988688025607679_Mis_AM_DR,55665,68.25%,
3T,AR_SW_VF_yshaarj_yogg_cthun_2043259947179503_Mis_IV_DR_DS,55665,68.25%,
3T,AR_SP_VF_yshaarj_yogg_cthun_1971233345633775_Mis_IV_DR,55664,68.25%,
3T,AR_EC_VF_yshaarj_yogg_cthun_1971370717478383_IN_IV_ME,55662,68.25%,
3T,AR_SW_VF_nzoth_yogg_cthun_3169159786921455_IN_AM_ME_DS,55660,68.24%,
3T,AR_SP_VF_yshaarj_yogg_cthun_1971233346149871_Mis_IV_ME,55659,68.23%,
3T,AR_SW_VF_yshaarj_yogg_cthun_2043251357244911_IN_AM_DR,55655,68.22%,
3T,AR_SP_VF_yshaarj_nzoth_yogg_4013318429072895_Mis_AM_ME_DS,55651,68.21%,
3T,AR_EC_VF_yshaarj_nzoth_yogg_4013309839662591_IN_AM_ME_DS,55643,68.19%,
3T,AR_SP_VF_yshaarj_yogg_cthun_2043251290144239_Mis_IV_ME,55641,68.18%,
3T,AR_SW_VF_yshaarj_nzoth_yogg_4013318429072895_IN_AM_ME_DS,55638,68.17%,
3T,AR_SW_VF_yshaarj_nzoth_yogg_4013309906255343_IN_AM_ME_DS,55637,68.17%,
3T,AR_SW_VF_yshaarj_nzoth_yogg_4013310912888303_IN_AM_ME_DS,55631,68.15%,
3T,AR_SW_VF_yshaarj_yogg_cthun_1971370717470207_IN_IV_DR,55630,68.15%,
3T,AR_SW_VF_yshaarj_yogg_cthun_1973432368881135_Mis_IV_ME,55629,68.15%,
3T,AR_EC_VF_yshaarj_yogg_cthun_1971234352258559_IN_IV_DR,55626,68.14%,
3T,AR_SP_VF_yshaarj_yogg_cthun_1971370717470207_IN_IV_DR,55622,68.12%,
3T,AR_SP_VF_yshaarj_nzoth_yogg_4013584717569519_IN_AM_ME_DS,55619,68.11%,
3T,AR_SP_VF_yshaarj_yogg_cthun_1971370784579055_Mis_AM_DR,55619,68.11%,
3T,AR_SW_VF_yshaarj_yogg_cthun_2043251290660335_Mis_IV_ME,55612,68.09%,
3T,VW_DH_VW_VF_yshaarj_nzoth_yogg_4049515482243053_IN_IV_DR,55607,68.08%,
3T,AR_EC_VF_yshaarj_yogg_cthun_1973432301780463_Mis_IV_ME,55607,68.08%,
3T,AR_EC_VF_yshaarj_yogg_cthun_1972332790668783_Mis_AM_DR,55606,68.08%,
3T,AR_EC_VF_yshaarj_nzoth_yogg_4013309839146495_IN_AM_ME_DS,55604,68.07%,
3T,AR_SW_VF_yshaarj_yogg_cthun_1988688025607679_Mis_AM_DR,55602,68.06%,
3T,AR_SW_VF_yshaarj_yogg_cthun_1988688025615855_IN_IV_ME,55597,68.05%,
3T,VW_DH_VW_VF_yshaarj_nzoth_yogg_3977499618107373_IN_IV_ME,55594,68.04%,
3T,AR_SP_VF_yshaarj_yogg_cthun_1971233346149871_IN_IV_DR,55590,68.03%,
3T,AR_EC_VF_yshaarj_yogg_cthun_1971233345625599_Mis_IV_DR,55590,68.03%,
3T,AR_SP_VF_yshaarj_yogg_cthun_1988688026131951_IN_AM_DR,55589,68.03%,
3T,AR_SP_VF_yshaarj_yogg_cthun_1988688092716527_IN_AM_ME,55589,68.03%,
3T,AR_EC_VF_yshaarj_yogg_cthun_1971234352258559_Mis_IV_DR,55587,68.02%,
3T,AR_SP_VF_yshaarj_yogg_cthun_1971234419367407_IN_IV_DR,55587,68.02%,
3T,AR_SW_VF_nzoth_yogg_cthun_3169159786913279_IN_AM_ME_DS,55584,68.01%,
3T,AR_SP_VF_yshaarj_nzoth_yogg_4013310912880127_IN_AM_ME_DS,55583,68.01%,
3T,AR_SP_VF_yshaarj_yogg_cthun_1971233345625599_Mis_IV_DR,55577,67.99%,
3T,VW_DH_VW_VF_yshaarj_nzoth_yogg_3977497537732589_IN_IV_ME,55576,67.99%,
3T,AR_EC_VF_yshaarj_yogg_cthun_1973432368881135_IN_AM_DR,55571,67.97%,
3T,AR_SW_VF_nzoth_yogg_cthun_3169159786913279_Mis_AM_ME_DS,55568,67.96%,
3T,AR_EC_VF_yshaarj_yogg_cthun_1971233279049199_Mis_IV_DR,55566,67.95%,
3T,AR_SP_VF_yshaarj_yogg_cthun_1971233345633775_IN_IV_DR,55565,67.95%,
3T,AR_SW_VF_yshaarj_yogg_cthun_1971234419367407_IN_IV_DR,55565,67.95%,
3T,AR_SW_VF_yshaarj_nzoth_yogg_4013584717053423_Mis_AM_DR_DS,55563,67.95%,
3T,AR_EC_VF_yshaarj_yogg_cthun_1971233345633775_IN_IV_ME,55561,67.94%,
3T,AR_SW_VF_yshaarj_yogg_cthun_2043259880594927_Mis_IV_DR_DS,55560,67.94%,
3T,VW_DH_VW_VF_yshaarj_nzoth_yogg_3977788454658029_IN_IV_ME_DS,55546,67.89%,
3T,AR_SP_VF_yshaarj_yogg_cthun_1988688025607679_IN_IV_ME,55542,67.88%,
3T,AR_SP_VF_yshaarj_yogg_cthun_1971234352782831_Mis_IV_DR,55539,67.87%,
3T,VW_DH_VW_VF_yshaarj_nzoth_yogg_3977497470631917_IN_IV_ME,55537,67.87%,
3T,AR_SP_VF_yshaarj_yogg_cthun_1972332790144511_Mis_IV_DR,55531,67.85%,
3T,AR_EC_VF_yshaarj_yogg_cthun_1973432302296559_IN_AM_DR,55527,67.84%,
3T,AR_SW_VF_yshaarj_yogg_cthun_2043251290660335_IN_IV_ME,55523,67.82%,
3T,VW_DH_VW_VF_yshaarj_nzoth_yogg_3977499618107373_IN_IV_DR,55523,67.82%,
3T,AR_SP_VF_yshaarj_yogg_cthun_1972332790668783_Mis_IV_ME,55522,67.82%,
3T,AR_SP_VF_yshaarj_yogg_cthun_1972332857253359_IN_AM_DR,55521,67.82%,
3T,AR_EC_VF_yshaarj_yogg_cthun_2043259880594927_IN_IV_DR_DS,55519,67.81%,
3T,AR_SW_VF_yshaarj_nzoth_yogg_4013584717045247_IN_AM_DR_DS,55518,67.81%,
3T,AR_SW_VF_yshaarj_yogg_cthun_1972332790152687_Mis_IV_DR,55511,67.79%,
3T,AR_SP_VF_yshaarj_yogg_cthun_2043251290660335_IN_IV_ME,55509,67.78%,
3T,AR_SP_VF_yshaarj_nzoth_yogg_4013309839146495_IN_AM_DR_DS,55509,67.78%,
3T,AR_SW_VF_yshaarj_yogg_cthun_1988688026131951_IN_IV_ME,55508,67.78%,
3T,VW_DH_VW_VF_yshaarj_nzoth_cthun_3696297371820013_IN_AM_ME,55506,67.77%,
3T,AR_EC_VF_yshaarj_yogg_cthun_2043251290144239_IN_AM_DR,55503,67.76%,
3T,AR_SW_VF_yshaarj_yogg_cthun_1973432301780463_Mis_IV_DR,55503,67.76%,
3T,VW_DH_VW_VF_yshaarj_nzoth_yogg_3979712600006637_IN_IV_ME_DS,55501,67.76%,
3T,VW_DH_VW_VF_yshaarj_nzoth_yogg_3977773422272493_IN_IV_ME,55499,67.75%,
3T,AR_EC_VF_yshaarj_yogg_cthun_1971370717994479_IN_AM_DR,55486,67.71%,
3T,AR_SP_VF_yshaarj_nzoth_yogg_4013584717053423_IN_AM_ME_DS,55482,67.70%,
3T,AR_EC_VF_yshaarj_yogg_cthun_1973432301780463_IN_IV_ME,55480,67.69%,
3T,AR_SW_VF_yshaarj_yogg_cthun_1971370717478383_IN_IV_DR,55479,67.69%,
3T,AR_SW_VF_yshaarj_nzoth_yogg_4013584717045247_Mis_AM_DR_DS,55477,67.69%,
3T,AR_SP_VF_yshaarj_yogg_cthun_1973432301772287_Mis_IV_DR,55477,67.68%,
3T,AR_SW_VF_yshaarj_yogg_cthun_1971370784579055_Mis_AM_DR,55475,67.68%,
3T,AR_SW_VF_yshaarj_nzoth_yogg_4013309839146495_IN_AM_DR_DS,55472,67.67%,
3T,AR_SP_VF_yshaarj_yogg_cthun_1971370784579055_IN_IV_ME,55471,67.67%,
3T,AR_SW_VF_yshaarj_yogg_cthun_1988688025615855_Mis_AM_DR,55470,67.66%,
3T,AR_SW_VF_yshaarj_nzoth_yogg_4013584717569519_IN_AM_ME_DS,55466,67.65%,
3T,AR_EC_VF_yshaarj_yogg_cthun_1972332790668783_IN_AM_ME,55465,67.65%,
3T,AR_EC_VF_yshaarj_yogg_cthun_1973432368881135_Mis_AM_ME,55465,67.65%,
3T,AR_EC_VF_yshaarj_yogg_cthun_2043251357244911_IN_AM_ME,55465,67.65%,
3T,AR_SP_VF_yshaarj_nzoth_yogg_4013309839146495_Mis_AM_DR_DS,55464,67.65%,
3T,AR_SW_VF_yshaarj_yogg_cthun_2043251290136063_IN_IV_DR,55453,67.61%,
3T,AR_SP_VF_yshaarj_nzoth_yogg_4013584717045247_Mis_AM_DR_DS,55450,67.61%,
3T,AR_SW_VF_yshaarj_yogg_cthun_2043251290144239_Mis_IV_ME,55448,67.60%,
3T,AR_SP_VF_yshaarj_nzoth_yogg_4013584717053423_Mis_AM_ME_DS,55448,67.60%,
3T,AR_SW_VF_yshaarj_nzoth_yogg_4013310912888303_Mis_AM_ME_DS,55446,67.59%,
3T,AR_EC_VF_yshaarj_yogg_cthun_1971233614061039_IN_AM_DR,55445,67.59%,
3T,AR_SW_VF_yshaarj_nzoth_yogg_4013309906247167_IN_AM_ME_DS,55438,67.57%,
3T,AR_SP_VF_yshaarj_yogg_cthun_1973432368881135_Mis_AM_DR,55437,67.57%,
3T,VW_DH_VW_VF_yshaarj_nzoth_cthun_3696298445561837_IN_IV_DR,55419,67.51%,
3T,AR_EC_VF_yshaarj_nzoth_yogg_4013584717045247_IN_AM_ME_DS,55416,67.50%,
3T,AR_SP_VF_yshaarj_yogg_cthun_1973432301772287_IN_IV_DR,55410,67.48%,
3T,AR_SP_VF_yshaarj_yogg_cthun_1972332790144511_IN_IV_ME,55408,67.48%,
3T,AR_EC_VF_yshaarj_nzoth_yogg_4013584717045247_Mis_AM_ME_DS,55406,67.47%,
3T,AR_SW_VF_yshaarj_nzoth_yogg_4013309839662591_Mis_AM_DR_DS,55398,67.45%,
3T,AR_SP_VF_yshaarj_yogg_cthun_2043259880594927_Mis_IV_DR_DS,55394,67.44%,
3T,AR_SW_VF_yshaarj_yogg_cthun_1971233346149871_IN_IV_DR,55393,67.43%,
3T,VW_DH_VW_VF_yshaarj_nzoth_yogg_3979696493879277_IN_AM_DR,55390,67.42%,
3T,AR_SP_VF_yshaarj_yogg_cthun_1971370717994479_Mis_IV_ME,55385,67.41%,
3T,AR_EC_VF_yshaarj_yogg_cthun_1971370717478383_Mis_AM_DR,55385,67.41%,
3T,AR_SW_VF_yshaarj_nzoth_yogg_4013310913404399_IN_AM_ME_DS,55384,67.41%,
3T,VW_DH_VW_VF_yshaarj_nzoth_cthun_3696313477947373_IN_IV_DR_DS,55384,67.40%,
3T,AR_SW_VF_yshaarj_yogg_cthun_2043259947179503_IN_IV_DR_DS,55383,67.40%,
3T,AR_SW_VF_yshaarj_nzoth_yogg_4013309839670767_Mis_AM_ME_DS,55381,67.39%,
3T,AR_SW_VF_yshaarj_nzoth_yogg_4013584717569519_Mis_AM_ME_DS,55376,67.38%,
3T,AR_SP_VF_yshaarj_yogg_cthun_1988688025607679_IN_AM_DR,55369,67.36%,
3T,AR_EC_VF_yshaarj_yogg_cthun_1973432302296559_IN_IV_ME,55363,67.34%,
3T,VW_DH_VW_VF_yshaarj_nzoth_yogg_3977497471148013_IN_IV_ME,55361,67.33%,
3T,AR_EC_VF_yshaarj_yogg_cthun_1973432302296559_Mis_AM_DR,55357,67.32%,
3T,VW_DH_VW_VF_yshaarj_nzoth_yogg_4049516555984877_IN_IV_ME,55356,67.32%,
3T,AR_EC_VF_yshaarj_yogg_cthun_1971233279049199_IN_IV_DR,55355,67.32%,
3T,VW_DH_VW_VF_yshaarj_nzoth_yogg_3977514650492909_IN_IV_ME_DS,55355,67.32%,
3T,AR_SW_VF_yshaarj_nzoth_yogg_4013447278091775_IN_AM_ME_DS,55342,67.28%,
3T,AR_EC_VF_yshaarj_yogg_cthun_1971234419367407_IN_AM_DR,55341,67.28%,
3T,AR_EC_VF_yshaarj_yogg_cthun_2043259947179503_Mis_AM_DR_DS,55339,67.27%,
3T,AR_SW_VF_yshaarj_yogg_cthun_1973432301772287_Mis_IV_DR,55334,67.25%,
3T,AR_SP_VF_yshaarj_yogg_cthun_2043259880078831_Mis_IV_DR_DS,55329,67.24%,
3T,VW_DH_VW_VF_yshaarj_nzoth_cthun_3696313477947373_IN_IV_ME_DS,55323,67.22%,
3T,AR_SP_VF_yshaarj_yogg_cthun_1971370784579055_IN_AM_DR,55320,67.21%,
3T,AR_EC_VF_yshaarj_yogg_cthun_1971233345625599_Mis_IV_ME,55319,67.21%,
3T,AR_SW_VF_yshaarj_yogg_cthun_1988688026131951_IN_AM_DR,55317,67.20%,
3T,AR_EC_VF_yshaarj_yogg_cthun_1971233279041023_Mis_IV_DR,55314,67.19%,
3T,AR_EC_VF_yshaarj_yogg_cthun_1972332857253359_Mis_AM_ME,55313,67.19%,
3T,AR_EC_VF_yshaarj_yogg_cthun_1971233345633775_Mis_IV_ME,55308,67.18%,
3T,VW_DH_VW_VF_yshaarj_nzoth_yogg_3979697567621101_IN_IV_DR,55307,67.17%,
3T,AR_EC_VF_yshaarj_yogg_cthun_1971370717470207_Mis_AM_DR,55307,67.17%,
3T,AR_SP_VF_yshaarj_yogg_cthun_1971370717478383_Mis_IV_ME,55304,67.16%,
3T,AR_SP_VF_yshaarj_yogg_cthun_1972332790144511_Mis_IV_ME,55299,67.15%,
3T,AR_SW_VF_yshaarj_nzoth_yogg_4014409350766079_Mis_AM_ME_DS,55299,67.15%,
3T,AR_EC_VF_yshaarj_yogg_cthun_1972332790144511_IN_AM_DR,55298,67.14%,
3T,AR_SW_VF_yshaarj_yogg_cthun_1971233614061039_Mis_IV_ME,55292,67.13%,
3T,AR_SW_VF_yshaarj_yogg_cthun_1972332857253359_IN_AM_DR,55291,67.12%,
3T,AR_SP_VF_yshaarj_yogg_cthun_2043259880078831_IN_IV_DR_DS,55287,67.11%,
3T,AR_SP_VF_yshaarj_yogg_cthun_1988688026131951_Mis_AM_ME,55287,67.11%,
3T,AR_EC_VF_yshaarj_yogg_cthun_1971233279041023_IN_IV_DR,55283,67.10%,
3T,AR_EC_VF_yshaarj_yogg_cthun_1971234419367407_Mis_IV_ME,55283,67.10%,
3T,AR_SW_VF_yshaarj_nzoth_yogg_4013584717053423_IN_AM_ME_DS,55281,67.09%,
3T,AR_EC_VF_yshaarj_yogg_cthun_1971233278524927_Mis_IV_DR,55278,67.08%,
3T,AR_EC_VF_yshaarj_yogg_cthun_1973432301772287_Mis_IV_ME,55277,67.08%,
3T,VW_DH_VW_VF_yshaarj_nzoth_yogg_3977773422272493_IN_IV_DR,55274,67.07%,
3T,AR_SP_VF_yshaarj_yogg_cthun_1971233614061039_Mis_AM_DR,55272,67.07%,
3T,AR_SW_VF_yshaarj_nzoth_yogg_4013318429072895_Mis_AM_ME_DS,55271,67.06%,
3T,AR_SW_VF_yshaarj_yogg_cthun_2043251357244911_Mis_AM_ME,55269,67.06%,
3T,AR_SP_VF_yshaarj_yogg_cthun_1971234352266735_Mis_IV_DR,55268,67.05%,
3T,AR_SW_VF_yshaarj_yogg_cthun_1972332790668783_Mis_IV_ME,55268,67.05%,
3T,AR_SP_VF_yshaarj_yogg_cthun_1971234352258559_Mis_IV_DR,55265,67.04%,
3T,AR_EC_VF_yshaarj_yogg_cthun_1988688026131951_IN_AM_ME,55259,67.03%,
3T,AR_SP_VF_nzoth_yogg_cthun_3132875903196671_Mis_AM_ME_DS,55258,67.02%,
3T,AR_SP_VF_yshaarj_yogg_cthun_1988688025607679_Mis_AM_ME,55257,67.02%,
3T,AR_SW_VF_yshaarj_yogg_cthun_1971370717478383_Mis_IV_ME,55254,67.01%,
3T,AR_SW_VF_yshaarj_yogg_cthun_2043251290136063_Mis_IV_DR,55246,66.99%,
3T,AR_SP_VF_yshaarj_yogg_cthun_2043259880594927_IN_IV_DR_DS,55239,66.97%,
3T,AR_SW_VF_yshaarj_yogg_cthun_1971233345633775_Mis_IV_DR,55238,66.96%,
3T,AR_SW_VF_yshaarj_yogg_cthun_1973432368881135_IN_IV_ME,55238,66.96%,
3T,AR_SP_VF_yshaarj_nzoth_yogg_4013310912880127_Mis_AM_ME_DS,55236,66.96%,
3T,AR_EC_VF_yshaarj_yogg_cthun_1971370717994479_IN_IV_ME,55236,66.96%,
3T,AR_SW_VF_yshaarj_yogg_cthun_1971234352782831_IN_IV_DR,55236,66.96%,
3T,AR_EC_VF_yshaarj_yogg_cthun_1971234419367407_Mis_AM_DR,55232,66.94%,
3T,AR_EC_VF_yshaarj_yogg_cthun_2043251290660335_Mis_AM_ME,55229,66.94%,
3T,AR_SP_VF_yshaarj_yogg_cthun_1972332790668783_IN_AM_DR,55227,66.93%,
3T,AR_SW_VF_yshaarj_nzoth_yogg_4013309839670767_IN_AM_ME_DS,55226,66.93%,
3T,AR_SP_VF_yshaarj_yogg_cthun_1971234352266735_IN_IV_DR,55220,66.91%,
3T,AR_SW_VF_yshaarj_yogg_cthun_1971370717994479_Mis_IV_ME,55219,66.91%,
3T,AR_SP_VF_yshaarj_yogg_cthun_1988688025615855_IN_AM_DR,55218,66.90%,
3T,AR_SW_VF_nzoth_yogg_cthun_3132875903196671_Mis_AM_ME_DS,55212,66.88%,
3T,AR_SW_VF_yshaarj_yogg_cthun_1971234352782831_Mis_IV_DR,55211,66.88%,
3T,AR_EC_VF_yshaarj_yogg_cthun_2043251290660335_IN_AM_ME,55209,66.88%,
3T,AR_SP_VF_yshaarj_yogg_cthun_1973432301780463_Mis_IV_ME,55208,66.87%,
3T,AR_SW_VF_yshaarj_nzoth_yogg_4013309906247167_Mis_AM_ME_DS,55208,66.87%,
3T,AR_SP_VF_yshaarj_yogg_cthun_1972332857253359_Mis_AM_DR,55199,66.85%,
3T,AR_SW_VF_yshaarj_yogg_cthun_2043259880594927_IN_IV_DR_DS,55197,66.84%,
3T,AR_SW_VF_yshaarj_yogg_cthun_1971233345633775_IN_IV_DR,55193,66.83%,
3T,AR_EC_VF_yshaarj_yogg_cthun_2043251290136063_Mis_AM_DR,55187,66.81%,
3T,AR_SP_VF_yshaarj_yogg_cthun_1971233279049199_IN_IV_DR,55184,66.80%,
3T,AR_SP_VF_yshaarj_yogg_cthun_2043251290660335_Mis_AM_DR,55183,66.80%,
3T,VW_DH_TV_VF_yshaarj_nzoth_yogg_3979696493879277_IN_IV_ME,55183,66.80%,
3T,AR_SW_VF_yshaarj_yogg_cthun_1971234352266735_IN_IV_DR,55182,66.79%,
3T,AR_SP_VF_yshaarj_yogg_cthun_1971233345625599_IN_IV_DR,55182,66.79%,
3T,AR_SW_VF_yshaarj_yogg_cthun_1972332790144511_Mis_IV_DR,55180,66.79%,
3T,AR_EC_VF_yshaarj_yogg_cthun_1971233278524927_IN_IV_DR,55173,66.77%,
3T,VW_DH_TV_VF_yshaarj_nzoth_cthun_3696297371820013_IN_IV_DR,55172,66.76%,
3T,AR_SP_VF_yshaarj_yogg_cthun_1973432302296559_Mis_IV_ME,55169,66.76%,
3T,AR_EC_VF_yshaarj_yogg_cthun_2043259947179503_IN_IV_ME_DS,55165,66.74%,
3T,AR_SW_VF_yshaarj_yogg_cthun_2043251290660335_IN_AM_DR,55164,66.74%,
3T,AR_SP_VF_yshaarj_yogg_cthun_1971250525494767_Mis_IV_DR_DS,55161,66.73%,
3T,AR_EC_VF_yshaarj_yogg_cthun_1971250458910191_Mis_IV_DR_DS,55153,66.71%,
3T,AR_SP_VF_yshaarj_yogg_cthun_1988688025615855_Mis_AM_ME,55153,66.71%,
3T,AR_SW_VF_yshaarj_nzoth_yogg_4013309839146495_Mis_AM_DR_DS,55151,66.70%,
3T,AR_SW_VF_yshaarj_nzoth_yogg_4013310912880127_Mis_AM_ME_DS,55151,66.70%,
3T,AR_SW_VF_yshaarj_nzoth_yogg_4013584717053423_Mis_AM_ME_DS,55147,66.69%,
3T,AR_SP_VF_yshaarj_yogg_cthun_1973432368881135_IN_AM_DR,55142,66.67%,
3T,AR_SP_VF_yshaarj_yogg_cthun_1973432301780463_IN_IV_ME,55139,66.66%,
3T,AR_EC_VF_yshaarj_yogg_cthun_1971234419367407_IN_IV_ME,55133,66.65%,
3T,AR_SP_VF_yshaarj_yogg_cthun_1971234352782831_IN_IV_DR,55133,66.65%,
3T,AR_SP_VF_yshaarj_yogg_cthun_1973432368881135_IN_IV_ME,55131,66.64%,
3T,VW_DH_TV_VF_yshaarj_nzoth_cthun_3696297371820013_IN_IV_ME,55129,66.63%,
3T,AR_EC_VF_yshaarj_yogg_cthun_1973432301780463_Mis_AM_DR,55125,66.62%,
3T,AR_SW_VF_yshaarj_yogg_cthun_1972332857253359_Mis_AM_DR,55118,66.60%,
3T,AR_EC_VF_yshaarj_yogg_cthun_1971250525494767_IN_IV_DR_DS,55116,66.59%,
3T,AR_EC_VF_yshaarj_yogg_cthun_1972332790152687_IN_AM_ME,55113,66.58%,
3T,AR_SP_VF_yshaarj_yogg_cthun_1971233614061039_IN_IV_ME,55109,66.57%,
3T,AR_SW_VF_yshaarj_yogg_cthun_2043251290144239_IN_IV_ME,55108,66.57%,
3T,VW_DH_TV_VF_yshaarj_nzoth_yogg_4049515482243053_IN_IV_ME,55106,66.56%,
3T,VW_DH_TV_VF_yshaarj_nzoth_yogg_3977772348530669_IN_IV_DR,55103,66.56%,
3T,AR_SP_VF_yshaarj_yogg_cthun_1971233279041023_IN_IV_DR,55102,66.55%,
3T,AR_SP_VF_yshaarj_yogg_cthun_2043251290144239_IN_IV_ME,55100,66.55%,
3T,AR_SP_VF_yshaarj_yogg_cthun_1971370717470207_Mis_IV_ME,55093,66.53%,
3T,AR_EC_VF_yshaarj_yogg_cthun_1971233346149871_IN_IV_ME,55092,66.52%,
3T,VW_DH_VW_VF_yshaarj_nzoth_yogg_3977635983319021_IN_IV_ME,55089,66.51%,
3T,AR_EC_VF_yshaarj_yogg_cthun_1973432368881135_IN_AM_ME,55085,66.50%,
3T,AR_SW_VF_yshaarj_yogg_cthun_2043251290660335_Mis_AM_DR,55083,66.50%,
3T,AR_EC_VF_yshaarj_yogg_cthun_1971233279049199_IN_IV_ME,55077,66.48%,
3T,AR_EC_VF_yshaarj_yogg_cthun_1971250525494767_Mis_IV_ME_DS,55077,66.48%,
3T,VW_DH_VW_VF_yshaarj_nzoth_yogg_3977772348530669_IN_AM_ME,55065,66.44%,
3T,AR_EC_VF_yshaarj_yogg_cthun_1971250458910191_IN_IV_DR_DS,55064,66.44%,
3T,AR_EC_VF_yshaarj_yogg_cthun_1971233346149871_Mis_AM_DR,55061,66.43%,
3T,VW_DH_VW_VF_yshaarj_nzoth_yogg_3979712600006637_IN_IV_DR_DS,55061,66.43%,
3T,AR_EC_VF_yshaarj_yogg_cthun_1988688025615855_IN_AM_ME,55057,66.42%,
3T,AR_SP_VF_yshaarj_yogg_cthun_1972332790152687_Mis_IV_ME,55055,66.41%,
3T,AR_SP_VF_yshaarj_yogg_cthun_1971370717994479_IN_IV_ME,55054,66.41%,
3T,AR_SW_VF_yshaarj_yogg_cthun_1971233279049199_Mis_IV_DR,55051,66.40%,
3T,AR_EC_VF_yshaarj_yogg_cthun_1973432301780463_IN_AM_DR,55043,66.37%,
3T,VW_DH_TV_VF_yshaarj_nzoth_yogg_3979696493879277_IN_IV_DR,55042,66.37%,
3T,AR_SW_VF_yshaarj_yogg_cthun_1971370784579055_IN_IV_ME,55041,66.37%,
3T,AR_SP_VF_yshaarj_yogg_cthun_1971370784579055_Mis_AM_ME,55040,66.36%,
3T,AR_EC_VF_yshaarj_yogg_cthun_1972332790144511_IN_AM_ME,55036,66.35%,
3T,AR_EC_VF_yshaarj_yogg_cthun_1971250458394095_IN_IV_DR_DS,55035,66.35%,
3T,AR_EC_VF_yshaarj_yogg_cthun_1971370717994479_Mis_AM_ME,55027,66.33%,
3T,VW_DH_VW_VF_yshaarj_nzoth_yogg_3977497537732589_IN_IV_DR,55026,66.32%,
3T,AR_EC_VF_yshaarj_yogg_cthun_2043251290144239_Mis_AM_ME,55024,66.32%,
3T,AR_SP_VF_yshaarj_yogg_cthun_2043251290660335_IN_AM_DR,55018,66.30%,
3T,AR_EC_VF_yshaarj_yogg_cthun_2043251290136063_IN_AM_DR,55015,66.29%,
3T,AR_EC_VF_yshaarj_yogg_cthun_1971234352782831_Mis_IV_ME,55014,66.29%,
3T,AR_EC_VF_yshaarj_yogg_cthun_1973432301772287_IN_IV_ME,55014,66.28%,
3T,AR_SP_VF_yshaarj_yogg_cthun_2043251290136063_Mis_IV_ME,55012,66.28%,
3T,AR_SW_VF_yshaarj_yogg_cthun_1971233614061039_Mis_AM_DR,55011,66.28%,
3T,AR_SP_VF_yshaarj_nzoth_yogg_4013309839662591_IN_AM_ME_DS,55010,66.28%,
3T,AR_EC_VF_yshaarj_yogg_cthun_2043259880070655_Mis_IV_DR_DS,55008,66.27%,
3T,AR_SW_VF_yshaarj_yogg_cthun_1971233345625599_Mis_IV_DR,55003,66.25%,
3T,AR_SW_VF_yshaarj_yogg_cthun_1973432368881135_IN_AM_DR,55003,66.25%,
3T,AR_SP_VF_yshaarj_yogg_cthun_1972332790668783_IN_AM_ME,55002,66.25%,
3T,AR_SW_VF_yshaarj_yogg_cthun_1988688026131951_Mis_AM_ME,55001,66.25%,
3T,AR_SW_VF_yshaarj_yogg_cthun_1971234352266735_Mis_IV_DR,54994,66.22%,
3T,AR_EC_VF_yshaarj_yogg_cthun_1971370717470207_IN_AM_DR,54984,66.20%,
3T,AR_SW_VF_yshaarj_yogg_cthun_1973432302296559_IN_IV_ME,54984,66.19%,
3T,AR_SW_VF_yshaarj_yogg_cthun_1973432301772287_IN_IV_DR,54978,66.18%,
3T,AR_SW_VF_yshaarj_yogg_cthun_1972332790144511_IN_IV_ME,54975,66.17%,
3T,AR_SW_VF_yshaarj_nzoth_yogg_4013310912880127_IN_AM_ME_DS,54975,66.17%,
3T,AR_SW_VF_yshaarj_yogg_cthun_2043251290144239_Mis_AM_DR,54974,66.17%,
3T,AR_SW_VF_yshaarj_yogg_cthun_1973432368881135_Mis_AM_DR,54974,66.16%,
3T,AR_SW_VF_yshaarj_yogg_cthun_2043259880078831_Mis_IV_DR_DS,54968,66.15%,
3T,AR_SP_VF_yshaarj_yogg_cthun_2043259947179503_Mis_IV_ME_DS,54967,66.14%,
3T,AR_SP_VF_yshaarj_yogg_cthun_1971233279049199_Mis_IV_DR,54966,66.14%,
3T,VW_DH_VW_VF_yshaarj_nzoth_yogg_3977497471148013_IN_IV_DR,54963,66.13%,
3T,VW_DH_VW_VF_yshaarj_nzoth_yogg_4049531588370413_IN_IV_ME_DS,54963,66.13%,
3T,AR_EC_VF_yshaarj_yogg_cthun_2043259880070655_IN_IV_DR_DS,54960,66.12%,
3T,AR_EC_VF_yshaarj_yogg_cthun_2043251290144239_IN_AM_ME,54958,66.12%,
3T,VW_DH_VW_VF_yshaarj_nzoth_yogg_3977772348530669_IN_AM_DR,54956,66.11%,
3T,AR_SP_VF_yshaarj_yogg_cthun_1972332857253359_IN_AM_ME,54953,66.10%,
3T,AR_EC_VF_yshaarj_yogg_cthun_1971370784579055_IN_AM_ME,54949,66.09%,
3T,AR_SW_VF_yshaarj_yogg_cthun_1971370784579055_IN_AM_DR,54949,66.09%,
3T,AR_EC_VF_yshaarj_yogg_cthun_1988688025607679_IN_AM_ME,54945,66.08%,
3T,AR_EC_VF_yshaarj_yogg_cthun_1971233346149871_IN_AM_DR,54937,66.05%,
3T,AR_SW_VF_yshaarj_yogg_cthun_1972332790668783_IN_AM_DR,54936,66.05%,
3T,VW_DH_VW_VF_yshaarj_nzoth_yogg_3977498544889837_IN_IV_ME,54931,66.03%,
3T,AR_SW_VF_yshaarj_yogg_cthun_2043259947179503_Mis_IV_ME_DS,54929,66.03%,
3T,AR_SP_VF_yshaarj_yogg_cthun_1971233345633775_Mis_IV_ME,54927,66.02%,
3T,AR_SW_VF_yshaarj_yogg_cthun_1971250525494767_Mis_IV_DR_DS,54926,66.02%,
3T,AR_EC_VF_yshaarj_yogg_cthun_1971233614061039_Mis_AM_ME,54925,66.02%,
3T,AR_SW_VF_yshaarj_nzoth_yogg_4013309839662591_IN_AM_ME_DS,54925,66.02%,
3T,AR_SW_VF_yshaarj_yogg_cthun_2043251290144239_IN_AM_DR,54924,66.01%,
3T,AR_SP_VF_yshaarj_yogg_cthun_1971370717478383_Mis_AM_DR,54922,66.01%,
3T,AR_EC_VF_yshaarj_yogg_cthun_1971234352782831_IN_IV_ME,54920,66.00%,
3T,VW_DH_VW_VF_yshaarj_nzoth_cthun_3696298445561837_IN_AM_ME,54919,66.00%,
3T,AR_EC_VF_yshaarj_yogg_cthun_1971250458385919_IN_IV_DR_DS,54917,65.99%,
3T,AR_SP_VF_yshaarj_yogg_cthun_1971233614061039_IN_AM_DR,54916,65.99%,
3T,AR_SW_VF_yshaarj_yogg_cthun_1988688092716527_IN_AM_ME,54916,65.99%,
3T,AR_EC_VF_yshaarj_yogg_cthun_1973432301772287_Mis_AM_DR,54916,65.99%,
3T,AR_EC_VF_yshaarj_yogg_cthun_1971233345633775_Mis_AM_DR,54909,65.97%,
3T,AR_EC_VF_yshaarj_yogg_cthun_2043259947179503_IN_AM_DR_DS,54907,65.96%,
3T,AR_SP_VF_yshaarj_yogg_cthun_2043251290144239_IN_AM_DR,54905,65.96%,
3T,AR_SW_VF_yshaarj_yogg_cthun_1971370717470207_Mis_IV_ME,54889,65.91%,
3T,AR_EC_VF_yshaarj_yogg_cthun_2043259880594927_Mis_IV_ME_DS,54888,65.91%,
3T,AR_SP_VF_yshaarj_yogg_cthun_1973432301772287_Mis_IV_ME,54888,65.90%,
3T,AR_SW_VF_yshaarj_yogg_cthun_1972332790152687_Mis_IV_ME,54882,65.89%,
3T,AR_SP_VF_yshaarj_nzoth_yogg_4013584717045247_IN_AM_ME_DS,54882,65.89%,
3T,AR_SP_VF_yshaarj_yogg_cthun_1972332790152687_IN_AM_DR,54878,65.87%,
3T,AR_EC_VF_yshaarj_yogg_cthun_1972332790668783_Mis_AM_ME,54877,65.87%,
3T,VW_DH_VW_VF_yshaarj_nzoth_yogg_3977498544373741_IN_IV_DR,54876,65.87%,
3T,AR_SP_VF_yshaarj_yogg_cthun_2043251357244911_Mis_AM_ME,54874,65.86%,
3T,AR_SW_VF_yshaarj_yogg_cthun_1973432301780463_Mis_IV_ME,54870,65.85%,
3T,VW_DH_TV_VF_yshaarj_nzoth_yogg_4049515482243053_IN_IV_DR,54867,65.84%,
3T,AR_EC_VF_yshaarj_yogg_cthun_1971250458394095_Mis_IV_DR_DS,54863,65.83%,
3T,AR_SP_VF_yshaarj_yogg_cthun_1971234419367407_Mis_IV_ME,54861,65.82%,
3T,AR_EC_VF_yshaarj_yogg_cthun_1971233279049199_Mis_IV_ME,54856,65.81%,
3T,AR_EC_VF_yshaarj_yogg_cthun_1971370717478383_IN_AM_DR,54855,65.80%,
3T,AR_SW_VF_yshaarj_yogg_cthun_1971233614061039_IN_AM_DR,54851,65.79%,
3T,AR_SP_VF_yshaarj_yogg_cthun_1971250525494767_IN_IV_DR_DS,54848,65.78%,
3T,AR_SW_VF_yshaarj_yogg_cthun_1988688025615855_IN_AM_DR,54847,65.78%,
3T,AR_SW_VF_yshaarj_yogg_cthun_1973432301772287_Mis_IV_ME,54846,65.78%,
3T,VW_DH_VW_VF_yshaarj_nzoth_yogg_3977788454658029_IN_IV_DR_DS,54843,65.77%,
3T,AR_SP_VF_yshaarj_nzoth_yogg_4013584717045247_Mis_AM_ME_DS,54843,65.77%,
3T,AR_SP_VF_yshaarj_nzoth_yogg_4013309839662591_Mis_AM_ME_DS,54842,65.77%,
3T,AR_SP_VF_yshaarj_nzoth_yogg_4013309839146495_Mis_AM_ME_DS,54839,65.76%,
3T,AR_EC_VF_yshaarj_yogg_cthun_1971234352258559_Mis_IV_ME,54837,65.75%,
3T,AR_SP_VF_yshaarj_yogg_cthun_1972332790152687_IN_AM_ME,54835,65.74%,
3T,AR_SP_VF_yshaarj_yogg_cthun_1971370717478383_IN_IV_ME,54834,65.74%,
3T,AR_SW_VF_yshaarj_yogg_cthun_1973432301780463_IN_IV_ME,54833,65.74%,
3T,AR_SW_VF_yshaarj_yogg_cthun_1971370717994479_Mis_AM_DR,54830,65.73%,
3T,AR_SP_VF_yshaarj_yogg_cthun_1971234352258559_IN_IV_DR,54825,65.71%,
3T,AR_SW_VF_yshaarj_nzoth_yogg_4013309839662591_Mis_AM_ME_DS,54825,65.71%,
3T,AR_EC_VF_yshaarj_yogg_cthun_1973432301772287_IN_AM_DR,54823,65.71%,
3T,AR_SP_VF_yshaarj_yogg_cthun_1971370717994479_Mis_AM_DR,54822,65.71%,
3T,AR_SP_VF_yshaarj_yogg_cthun_1973432302296559_IN_AM_DR,54818,65.69%,
3T,AR_SP_VF_yshaarj_yogg_cthun_1971370717994479_IN_AM_DR,54813,65.68%,
3T,AR_SP_VF_yshaarj_yogg_cthun_1973432302296559_IN_IV_ME,54811,65.67%,
3T,AR_SP_VF_yshaarj_yogg_cthun_2043251290144239_Mis_AM_DR,54810,65.67%,
3T,AR_EC_VF_yshaarj_yogg_cthun_2043251290136063_IN_IV_ME,54805,65.66%,
3T,VW_DH_VW_VF_yshaarj_nzoth_yogg_4049515482243053_IN_AM_DR,54805,65.65%,
3T,VW_DH_VW_VF_yshaarj_nzoth_yogg_3977634909577197_IN_AM_ME,54804,65.65%,
3T,VW_DH_VW_VF_yshaarj_nzoth_yogg_3977499618107373_IN_AM_ME,54803,65.65%,
3T,AR_SW_VF_yshaarj_yogg_cthun_1971233614061039_IN_IV_ME,54799,65.64%,
3T,VW_DH_TV_VF_yshaarj_nzoth_yogg_3977772348530669_IN_IV_ME,54798,65.63%,
3T,AR_SW_VF_yshaarj_yogg_cthun_1971234352258559_Mis_IV_DR,54793,65.62%,
3T,VW_DH_VW_VF_yshaarj_nzoth_yogg_3977498544373741_IN_IV_ME,54788,65.60%,
3T,AR_EC_VF_yshaarj_yogg_cthun_1971234352266735_Mis_IV_ME,54787,65.60%,
3T,AR_SW_VF_yshaarj_nzoth_yogg_4013584717045247_IN_AM_ME_DS,54785,65.59%,
3T,AR_SW_VF_yshaarj_yogg_cthun_1972332790152687_IN_AM_DR,54775,65.56%,
3T,AR_EC_VF_yshaarj_yogg_cthun_1971234352266735_IN_IV_ME,54773,65.56%,
3T,AR_EC_VF_yshaarj_yogg_cthun_2043259947179503_Mis_AM_ME_DS,54769,65.54%,
3T,AR_SP_VF_yshaarj_yogg_cthun_1971233278524927_Mis_IV_DR,54768,65.54%,
3T,AR_EC_VF_yshaarj_yogg_cthun_1971233345633775_IN_AM_DR,54765,65.53%,
3T,AR_EC_VF_yshaarj_yogg_cthun_1972332790152687_Mis_AM_DR,54756,65.50%,
3T,AR_EC_VF_yshaarj_yogg_cthun_1971370717478383_Mis_AM_ME,54752,65.49%,
3T,AR_SP_VF_yshaarj_nzoth_yogg_4013309839146495_IN_AM_ME_DS,54745,65.47%,
3T,AR_SW_VF_yshaarj_yogg_cthun_1971233345625599_IN_IV_DR,54742,65.46%,
3T,AR_SP_VF_yshaarj_yogg_cthun_1971233345633775_IN_IV_ME,54740,65.46%,
3T,AR_EC_VF_yshaarj_yogg_cthun_2043259880594927_IN_IV_ME_DS,54740,65.46%,
3T,AR_SW_VF_yshaarj_yogg_cthun_1972332790144511_Mis_IV_ME,54739,65.46%,
3T,VW_DH_VW_VF_yshaarj_nzoth_yogg_3977498611474413_IN_IV_DR,54736,65.45%,
3T,VW_DH_VW_VF_yshaarj_nzoth_yogg_3977498611474413_IN_IV_ME,54732,65.43%,
3T,AR_SW_VF_yshaarj_yogg_cthun_1971370784579055_Mis_AM_ME,54731,65.43%,
3T,AR_SW_VF_yshaarj_yogg_cthun_1971370717478383_Mis_AM_DR,54727,65.42%,
3T,AR_SW_VF_yshaarj_yogg_cthun_1973432302296559_Mis_IV_ME,54727,65.42%,
3T,VW_DH_VW_VF_yshaarj_nzoth_yogg_4049516555984877_IN_IV_DR,54723,65.41%,
3T,AR_EC_VF_yshaarj_yogg_cthun_1971370717470207_IN_IV_ME,54723,65.41%,
3T,AR_SW_VF_yshaarj_yogg_cthun_1971250525494767_IN_IV_DR_DS,54722,65.40%,
3T,AR_SW_VF_yshaarj_yogg_cthun_2043251357244911_IN_AM_ME,54720,65.40%,
3T,AR_SP_VF_yshaarj_yogg_cthun_2043259947179503_Mis_AM_DR_DS,54717,65.39%,
3T,AR_EC_VF_yshaarj_yogg_cthun_1971233614061039_IN_AM_ME,54713,65.38%,
3T,AR_SW_VF_yshaarj_yogg_cthun_2043259880078831_IN_IV_DR_DS,54713,65.38%,
3T,VW_DH_VW_VF_yshaarj_nzoth_yogg_3977514650492909_IN_IV_DR_DS,54711,65.37%,
3T,VW_DH_VW_VF_yshaarj_nzoth_cthun_3696313477947373_IN_AM_ME_DS,54707,65.36%,
3T,AR_SW_VF_yshaarj_yogg_cthun_1971233346149871_Mis_IV_ME,54704,65.35%,
3T,AR_SW_VF_yshaarj_yogg_cthun_1971233279041023_IN_IV_DR,54702,65.34%,
3T,VW_DH_TV_VF_nzoth_yogg_cthun_3134996685840365_IN_IV_ME,54700,65.34%,
3T,AR_EC_VF_yshaarj_yogg_cthun_1972332790144511_Mis_AM_DR,54697,65.33%,
3T,AR_EC_VF_yshaarj_yogg_cthun_1971234352782831_Mis_AM_DR,54695,65.32%,
3T,AR_SW_VF_yshaarj_yogg_cthun_2043251290136063_Mis_IV_ME,54692,65.31%,
3T,AR_EC_VF_yshaarj_yogg_cthun_1971250458385919_Mis_IV_DR_DS,54683,65.28%,
3T,AR_SP_VF_yshaarj_yogg_cthun_1972332790668783_Mis_AM_DR,54681,65.28%,
3T,AR_SW_VF_yshaarj_yogg_cthun_1971370717994479_IN_IV_ME,54681,65.28%,
3T,AR_SP_VF_yshaarj_yogg_cthun_2043251290136063_IN_IV_ME,54679,65.27%,
3T,AR_EC_VF_yshaarj_yogg_cthun_2043259880078831_IN_IV_ME_DS,54669,65.24%,
3T,VW_DH_VW_VF_yshaarj_nzoth_yogg_3979697567621101_IN_AM_ME,54669,65.24%,
3T,AR_SW_VF_yshaarj_yogg_cthun_1988688025615855_Mis_AM_ME,54665,65.23%,
3T,AR_SW_VF_yshaarj_yogg_cthun_1971370717470207_Mis_AM_DR,54661,65.22%,
3T,VW_DH_VW_VF_yshaarj_nzoth_yogg_3977651015704557_IN_IV_ME_DS,54660,65.21%,
3T,AR_SW_VF_yshaarj_yogg_cthun_1988688025607679_IN_AM_DR,54656,65.20%,
3T,AR_SP_VF_yshaarj_yogg_cthun_2043259880070655_Mis_IV_DR_DS,54654,65.20%,
3T,AR_SW_VF_yshaarj_nzoth_yogg_4013309839146495_Mis_AM_ME_DS,54653,65.20%,
3T,AR_SW_VF_yshaarj_yogg_cthun_1971370717478383_IN_IV_ME,54651,65.19%,
3T,VW_DH_VW_VF_yshaarj_nzoth_yogg_3977497470631917_IN_AM_ME,54646,65.17%,
3T,AR_SP_VF_yshaarj_yogg_cthun_1971234352782831_Mis_IV_ME,54644,65.17%,
3T,AR_EC_VF_yshaarj_yogg_cthun_2043259880078831_Mis_IV_ME_DS,54641,65.16%,
3T,AR_SW_VF_yshaarj_nzoth_yogg_4013584717045247_Mis_AM_ME_DS,54639,65.15%,
3T,VW_DH_VW_VF_yshaarj_nzoth_cthun_3696298445561837_IN_AM_DR,54634,65.14%,
3T,VW_DH_VW_VF_yshaarj_nzoth_yogg_3977513643859949_IN_IV_ME_DS,54634,65.14%,
3T,VW_DH_VW_VF_yshaarj_nzoth_yogg_3977651015704557_IN_IV_DR_DS,54632,65.13%,
3T,AR_SP_VF_yshaarj_yogg_cthun_1971234419367407_IN_IV_ME,54627,65.12%,
3T,AR_EC_VF_yshaarj_yogg_cthun_1973432302296559_Mis_AM_ME,54622,65.10%,
3T,AR_SW_VF_yshaarj_yogg_cthun_1972332790668783_Mis_AM_DR,54621,65.10%,
3T,AR_EC_VF_yshaarj_yogg_cthun_1971233279041023_IN_IV_ME,54617,65.09%,
3T,VW_DH_VW_VF_yshaarj_nzoth_yogg_3977773422272493_IN_AM_ME,54616,65.08%,
3T,AR_SP_VF_yshaarj_yogg_cthun_1973432302296559_Mis_AM_DR,54613,65.07%,
3T,AR_EC_VF_yshaarj_yogg_cthun_1971250525494767_IN_IV_ME_DS,54611,65.07%,
3T,AR_SP_VF_yshaarj_yogg_cthun_1973432301780463_IN_AM_DR,54610,65.06%,
3T,AR_EC_VF_yshaarj_yogg_cthun_1971233345625599_IN_AM_DR,54609,65.06%,
3T,AR_SP_VF_yshaarj_yogg_cthun_2043251357244911_IN_AM_ME,54607,65.06%,
3T,VW_DH_TV_VF_yshaarj_nzoth_yogg_3977497470631917_IN_IV_DR,54606,65.05%,
3T,AR_EC_VF_yshaarj_yogg_cthun_1973432302296559_IN_AM_ME,54602,65.04%,
3T,VW_DH_TV_VF_yshaarj_nzoth_yogg_3977773422272493_IN_IV_ME,54600,65.03%,
3T,AR_EC_VF_yshaarj_yogg_cthun_1971233345625599_IN_IV_ME,54597,65.03%,
3T,AR_SW_VF_yshaarj_yogg_cthun_1971233279049199_IN_IV_DR,54596,65.02%,
3T,AR_SW_VF_yshaarj_yogg_cthun_1988688025607679_IN_IV_ME,54596,65.02%,
3T,AR_SW_VF_yshaarj_yogg_cthun_2043259947179503_Mis_AM_DR_DS,54596,65.02%,
3T,AR_SW_VF_yshaarj_yogg_cthun_1972332790144511_IN_AM_DR,54596,65.02%,
3T,AR_SP_VF_yshaarj_yogg_cthun_2043259947179503_IN_IV_ME_DS,54593,65.01%,
3T,AR_EC_VF_yshaarj_yogg_cthun_1971233278524927_Mis_IV_ME,54589,65.00%,
3T,AR_EC_VF_yshaarj_yogg_cthun_1971234352782831_IN_AM_DR,54587,65.00%,
3T,AR_SW_VF_yshaarj_yogg_cthun_1971234352258559_IN_IV_DR,54587,64.99%,
3T,AR_EC_VF_yshaarj_yogg_cthun_1971250458910191_Mis_IV_ME_DS,54586,64.99%,
3T,AR_SP_VF_yshaarj_yogg_cthun_1971234419367407_IN_AM_DR,54585,64.99%,
3T,AR_SW_VF_yshaarj_yogg_cthun_1973432302296559_Mis_AM_DR,54581,64.98%,
3T,AR_EC_VF_yshaarj_yogg_cthun_1971234419367407_Mis_AM_ME,54579,64.97%,
3T,AR_EC_VF_yshaarj_yogg_cthun_1971233345625599_Mis_AM_DR,54578,64.97%,
3T,AR_SP_VF_yshaarj_yogg_cthun_1971234419367407_Mis_AM_DR,54573,64.95%,
3T,AR_EC_VF_yshaarj_yogg_cthun_1971234352258559_Mis_AM_DR,54571,64.95%,
3T,AR_SW_VF_yshaarj_yogg_cthun_1971233279041023_Mis_IV_DR,54571,64.95%,
3T,AR_EC_VF_yshaarj_yogg_cthun_1971234352266735_IN_AM_DR,54570,64.94%,
3T,AR_SP_VF_yshaarj_yogg_cthun_1971250458910191_IN_IV_DR_DS,54567,64.94%,
3T,VW_DH_VW_VF_nzoth_yogg_cthun_3134996685840365_IN_IV_ME,54567,64.94%,
3T,VW_DH_VW_VF_yshaarj_nzoth_yogg_3977515724234733_IN_IV_ME_DS,54566,64.93%,
3T,AR_EC_VF_yshaarj_yogg_cthun_2043259880078831_IN_AM_DR_DS,54564,64.93%,
3T,AR_SW_VF_yshaarj_yogg_cthun_1971370717994479_IN_AM_DR,54563,64.92%,
3T,AR_SW_VF_yshaarj_yogg_cthun_1973432302296559_IN_AM_DR,54553,64.89%,
3T,VW_DH_VW_VF_yshaarj_nzoth_yogg_3977513576759277_IN_IV_DR_DS,54551,64.89%,
3T,AR_SP_VF_yshaarj_yogg_cthun_1971233346149871_IN_IV_ME,54549,64.88%,
3T,AR_SW_VF_yshaarj_yogg_cthun_1971233345625599_Mis_IV_ME,54545,64.87%,
3T,AR_SP_VF_yshaarj_yogg_cthun_1971250458910191_Mis_IV_DR_DS,54545,64.87%,
3T,AR_SP_VF_yshaarj_yogg_cthun_2043259880594927_Mis_IV_ME_DS,54538,64.85%,
3T,AR_SP_VF_yshaarj_yogg_cthun_1972332790144511_IN_AM_DR,54535,64.84%,
3T,AR_EC_VF_yshaarj_yogg_cthun_1971234352258559_IN_AM_DR,54534,64.84%,
3T,AR_SW_VF_yshaarj_yogg_cthun_1988688026131951_IN_AM_ME,54529,64.82%,
3T,AR_SP_VF_yshaarj_yogg_cthun_1973432301772287_IN_IV_ME,54520,64.79%,
3T,AR_SW_VF_yshaarj_yogg_cthun_1972332790668783_IN_AM_ME,54519,64.79%,
3T,AR_EC_VF_yshaarj_yogg_cthun_1971233279041023_Mis_IV_ME,54515,64.78%,
3T,AR_SP_VF_yshaarj_yogg_cthun_1971233345625599_Mis_IV_ME,54511,64.77%,
3T,VW_DH_TV_VF_yshaarj_nzoth_yogg_3977634909577197_IN_IV_ME,54508,64.76%,
3T,AR_SW_VF_yshaarj_yogg_cthun_1971233278524927_Mis_IV_DR,54499,64.73%,
3T,VW_DH_TV_VF_yshaarj_nzoth_yogg_4049516555984877_IN_IV_ME,54496,64.72%,
3T,VW_DH_TV_VF_yshaarj_nzoth_yogg_3977499618107373_IN_IV_ME,54495,64.72%,
3T,AR_SW_VF_yshaarj_yogg_cthun_1972332857253359_IN_AM_ME,54494,64.71%,
3T,AR_EC_VF_yshaarj_yogg_cthun_1973432301780463_IN_AM_ME,54487,64.69%,
3T,AR_SP_VF_yshaarj_yogg_cthun_1971233279041023_Mis_IV_DR,54485,64.69%,
3T,VW_DH_VW_VF_yshaarj_nzoth_yogg_3977513577275373_IN_IV_ME_DS,54477,64.66%,
3T,AR_SP_VF_yshaarj_yogg_cthun_1973432368881135_Mis_AM_ME,54476,64.66%,
3T,VW_DH_VW_VF_yshaarj_nzoth_yogg_3977635983319021_IN_IV_DR,54476,64.66%,
3T,VW_DH_TV_VF_yshaarj_nzoth_yogg_4049515482243053_IN_AM_DR,54475,64.66%,
3T,VW_DH_TV_VF_nzoth_yogg_cthun_3134996685840365_IN_IV_DR,54473,64.65%,
3T,VW_DH_VW_VF_yshaarj_nzoth_cthun_3768322899632109_IN_IV_ME_DS,54471,64.64%,
3T,AR_SW_VF_yshaarj_yogg_cthun_2043251290660335_Mis_AM_ME,54467,64.63%,
3T,AR_SW_VF_yshaarj_yogg_cthun_1971233345633775_IN_IV_ME,54464,64.62%,
3T,AR_SP_VF_yshaarj_yogg_cthun_1971233279049199_Mis_IV_ME,54463,64.62%,
3T,VW_DH_TV_VF_yshaarj_nzoth_cthun_3696298445561837_IN_IV_DR,54460,64.61%,
3T,AR_SP_VF_yshaarj_yogg_cthun_2043259947179503_IN_AM_DR_DS,54457,64.60%,
3T,AR_SW_VF_yshaarj_yogg_cthun_1971250458910191_IN_IV_DR_DS,54456,64.60%,
3T,AR_SP_VF_yshaarj_yogg_cthun_1971233278524927_IN_IV_DR,54455,64.60%,
3T,AR_SW_VF_yshaarj_nzoth_yogg_4013309839146495_IN_AM_ME_DS,54453,64.59%,
3T,VW_DH_VW_VF_yshaarj_nzoth_yogg_4049515482243053_IN_AM_ME,54441,64.55%,
3T,VW_DH_VW_VF_yshaarj_nzoth_cthun_3768322899632109_IN_IV_DR_DS,54441,64.55%,
3T,VW_DH_TV_VF_yshaarj_nzoth_cthun_3696298445561837_IN_IV_ME,54441,64.55%,
3T,AR_SP_VF_yshaarj_yogg_cthun_1971233346149871_Mis_AM_DR,54438,64.54%,
3T,VW_DH_VW_VF_yshaarj_nzoth_yogg_3977513576759277_IN_IV_ME_DS,54433,64.53%,
3T,AR_EC_VF_yshaarj_yogg_cthun_1971250525494767_Mis_AM_DR_DS,54432,64.53%,
3T,VW_DH_VW_VF_yshaarj_nzoth_yogg_3977497537732589_IN_AM_ME,54430,64.52%,
3T,VW_DH_VW_VF_yshaarj_nzoth_cthun_3696313477947373_IN_AM_DR_DS,54429,64.52%,
3T,AR_EC_VF_yshaarj_yogg_cthun_1971370717478383_IN_AM_ME,54426,64.51%,
3T,VW_DH_TV_VF_yshaarj_nzoth_yogg_3977497470631917_IN_IV_ME,54426,64.51%,
3T,AR_SP_VF_yshaarj_yogg_cthun_1971370717470207_Mis_AM_DR,54426,64.51%,
3T,AR_SW_VF_yshaarj_yogg_cthun_1971233345633775_Mis_IV_ME,54425,64.51%,
3T,AR_SW_VF_yshaarj_yogg_cthun_2043259947179503_IN_IV_ME_DS,54413,64.47%,
3T,VW_DH_VW_VF_yshaarj_nzoth_yogg_3977499618107373_IN_AM_DR,54412,64.47%,
3T,AR_SP_VF_yshaarj_yogg_cthun_2043251290136063_Mis_AM_DR,54404,64.44%,
3T,VW_DH_VW_VF_yshaarj_nzoth_yogg_3977497471148013_IN_AM_DR,54400,64.43%,
3T,AR_SP_VF_yshaarj_yogg_cthun_2043259880078831_Mis_IV_ME_DS,54398,64.42%,
3T,VW_DH_VW_VF_yshaarj_nzoth_yogg_3977497537732589_IN_AM_DR,54396,64.42%,
3T,AR_EC_VF_yshaarj_yogg_cthun_1971233279049199_Mis_AM_DR,54396,64.42%,
3T,AR_SW_VF_yshaarj_yogg_cthun_1971234419367407_Mis_IV_ME,54392,64.41%,
3T,VW_DH_VW_VF_yshaarj_nzoth_yogg_3977634909577197_IN_AM_DR,54390,64.40%,
3T,VW_DH_VW_VF_yshaarj_nzoth_yogg_3977497470631917_IN_AM_DR,54388,64.39%,
3T,AR_SW_VF_yshaarj_yogg_cthun_1988688025607679_Mis_AM_ME,54387,64.39%,
3T,AR_EC_VF_yshaarj_yogg_cthun_1971370717470207_Mis_AM_ME,54385,64.39%,
3T,VW_DH_VW_VF_yshaarj_nzoth_yogg_3977567263842285_Mis_IV_ME,54376,64.36%,
3T,AR_SP_VF_yshaarj_yogg_cthun_1971234352266735_Mis_IV_ME,54376,64.36%,
3T,AR_SP_VF_yshaarj_yogg_cthun_1972332857253359_Mis_AM_ME,54375,64.36%,
3T,AR_SW_VF_yshaarj_yogg_cthun_1971233346149871_IN_IV_ME,54373,64.35%,
3T,VW_DH_VW_VF_yshaarj_nzoth_yogg_3977497471148013_IN_AM_ME,54372,64.34%,
3T,AR_EC_VF_yshaarj_yogg_cthun_1971250525494767_IN_AM_DR_DS,54371,64.34%,
3T,VW_DH_VW_VF_yshaarj_nzoth_yogg_3979712600006637_IN_AM_ME_DS,54366,64.33%,
3T,VW_DH_VW_VF_yshaarj_nzoth_yogg_3979697567621101_IN_AM_DR,54363,64.32%,
3T,VW_DH_TV_VF_yshaarj_nzoth_yogg_3979697567621101_IN_IV_ME,54362,64.32%,
3T,AR_SP_VF_yshaarj_yogg_cthun_1971250525494767_Mis_IV_ME_DS,54357,64.30%,
3T,AR_EC_VF_yshaarj_yogg_cthun_1973432301780463_Mis_AM_ME,54355,64.29%,
3T,AR_SW_VF_yshaarj_yogg_cthun_1971234419367407_IN_AM_DR,54354,64.29%,
3T,AR_EC_VF_yshaarj_yogg_cthun_2043251290136063_Mis_AM_ME,54352,64.29%,
3T,AR_SP_VF_yshaarj_yogg_cthun_1971234352258559_Mis_IV_ME,54343,64.26%,
3T,AR_SP_VF_yshaarj_yogg_cthun_1973432301780463_Mis_AM_DR,54332,64.23%,
3T,AR_EC_VF_yshaarj_yogg_cthun_1971234352266735_Mis_AM_DR,54328,64.21%,
3T,AR_SP_VF_yshaarj_yogg_cthun_2043251290144239_IN_AM_ME,54325,64.20%,
3T,AR_SP_VF_yshaarj_yogg_cthun_1971234352266735_IN_IV_ME,54323,64.20%,
3T,AR_EC_VF_yshaarj_yogg_cthun_1971233346149871_IN_AM_ME,54323,64.20%,
3T,AR_SP_VF_yshaarj_yogg_cthun_1971233346149871_IN_AM_DR,54304,64.14%,
3T,AR_SW_VF_yshaarj_yogg_cthun_1971233279049199_Mis_IV_ME,54301,64.13%,
3T,AR_EC_VF_yshaarj_yogg_cthun_1971233345625599_Mis_AM_ME,54298,64.12%,
3T,AR_SP_VF_yshaarj_yogg_cthun_2043251290136063_IN_AM_DR,54298,64.12%,
3T,AR_SW_VF_yshaarj_yogg_cthun_2043251290136063_IN_AM_DR,54285,64.08%,
3T,VW_DH_VW_VF_yshaarj_nzoth_yogg_3977514650492909_IN_AM_ME_DS,54285,64.08%,
3T,AR_EC_VF_yshaarj_yogg_cthun_2043259880594927_IN_AM_DR_DS,54282,64.07%,
3T,AR_SW_VF_yshaarj_yogg_cthun_1971234419367407_IN_IV_ME,54277,64.06%,
3T,AR_SP_VF_yshaarj_yogg_cthun_2043251290144239_Mis_AM_ME,54276,64.06%,
3T,AR_SW_VF_yshaarj_yogg_cthun_2043251290136063_IN_IV_ME,54275,64.05%,
3T,AR_SP_VF_yshaarj_yogg_cthun_1971250458385919_IN_IV_DR_DS,54270,64.04%,
3T,AR_EC_VF_yshaarj_yogg_cthun_1971233345633775_Mis_AM_ME,54269,64.04%,
3T,AR_SP_VF_yshaarj_yogg_cthun_1971233279049199_IN_IV_ME,54269,64.03%,
3T,AR_SW_VF_yshaarj_yogg_cthun_2043259880594927_Mis_IV_ME_DS,54268,64.03%,
3T,AR_EC_VF_yshaarj_yogg_cthun_1971250458394095_Mis_IV_ME_DS,54268,64.03%,
3T,AR_SP_VF_yshaarj_yogg_cthun_1971233614061039_Mis_AM_ME,54267,64.03%,
3T,VW_DH_TV_VF_yshaarj_nzoth_yogg_3977634909577197_IN_IV_DR,54264,64.02%,
3T,AR_SW_VF_yshaarj_yogg_cthun_1971233346149871_Mis_AM_DR,54264,64.02%,
3T,AR_EC_VF_yshaarj_yogg_cthun_1971233279049199_IN_AM_DR,54261,64.01%,
3T,AR_SW_VF_yshaarj_yogg_cthun_1971234419367407_Mis_AM_DR,54260,64.01%,
3T,AR_SP_VF_yshaarj_yogg_cthun_1971234352266735_Mis_AM_DR,54260,64.01%,
3T,AR_SP_VF_yshaarj_yogg_cthun_1971250458394095_Mis_IV_DR_DS,54258,64.00%,
3T,AR_EC_VF_yshaarj_yogg_cthun_1972332790144511_Mis_AM_ME,54257,64.00%,
3T,AR_EC_VF_yshaarj_yogg_cthun_1972332790152687_Mis_AM_ME,54255,63.99%,
3T,AR_SW_VF_yshaarj_yogg_cthun_1971234352782831_Mis_IV_ME,54255,63.99%,
3T,AR_EC_VF_yshaarj_yogg_cthun_1971234352258559_IN_IV_ME,54253,63.99%,
3T,VW_DH_VW_VF_yshaarj_nzoth_yogg_3977788454658029_IN_AM_ME_DS,54247,63.97%,
3T,AR_SP_VF_yshaarj_yogg_cthun_1988688025615855_IN_AM_ME,54246,63.96%,
3T,VW_DH_TV_VF_yshaarj_nzoth_cthun_3696313477947373_IN_IV_ME_DS,54244,63.96%,
3T,AR_SP_VF_yshaarj_yogg_cthun_1971233614061039_IN_AM_ME,54241,63.95%,
3T,VW_DH_VW_VF_yshaarj_nzoth_yogg_3977515724234733_IN_IV_DR_DS,54241,63.95%,
3T,AR_SP_VF_yshaarj_yogg_cthun_1971370784579055_IN_AM_ME,54240,63.95%,
3T,AR_EC_VF_yshaarj_yogg_cthun_1973432301772287_Mis_AM_ME,54238,63.94%,
3T,AR_SW_VF_yshaarj_yogg_cthun_1973432301780463_IN_AM_DR,54238,63.94%,
3T,AR_SW_VF_yshaarj_yogg_cthun_1971370717470207_IN_IV_ME,54237,63.94%,
3T,AR_EC_VF_yshaarj_yogg_cthun_1971370717470207_IN_AM_ME,54236,63.94%,
3T,AR_EC_VF_yshaarj_yogg_cthun_1971370717994479_IN_AM_ME,54236,63.94%,
3T,AR_SW_VF_yshaarj_yogg_cthun_2043251290660335_IN_AM_ME,54236,63.93%,
3T,AR_SW_VF_yshaarj_yogg_cthun_1972332857253359_Mis_AM_ME,54234,63.93%,
3T,VW_DH_TV_VF_yshaarj_nzoth_cthun_3696297371820013_IN_AM_ME,54232,63.92%,
3T,VW_DH_VW_VF_yshaarj_nzoth_yogg_4049531588370413_IN_IV_DR_DS,54232,63.92%,
3T,AR_SP_VF_yshaarj_yogg_cthun_2043251290660335_IN_AM_ME,54229,63.91%,
3T,AR_SP_VF_yshaarj_yogg_cthun_1973432368881135_IN_AM_ME,54228,63.91%,
3T,VW_DH_VW_VF_yshaarj_nzoth_yogg_3977513643859949_IN_IV_DR_DS,54228,63.91%,
3T,VW_DH_VW_VF_yshaarj_nzoth_yogg_4049524072177645_IN_IV_ME_DS,54225,63.90%,
3T,AR_EC_VF_yshaarj_yogg_cthun_2043251290136063_IN_AM_ME,54222,63.89%,
3T,AR_SW_VF_yshaarj_yogg_cthun_2043259880070655_Mis_IV_DR_DS,54218,63.88%,
3T,AR_SW_VF_yshaarj_yogg_cthun_2043259947179503_IN_AM_DR_DS,54217,63.88%,
3T,AR_SP_VF_yshaarj_yogg_cthun_2043259880070655_IN_IV_DR_DS,54213,63.86%,
3T,AR_SW_VF_yshaarj_yogg_cthun_2043259880078831_Mis_IV_ME_DS,54212,63.86%,
3T,AR_SP_VF_yshaarj_yogg_cthun_1971370717470207_IN_AM_DR,54211,63.86%,
3T,AR_SP_VF_yshaarj_yogg_cthun_2043259880078831_IN_IV_ME_DS,54207,63.85%,
3T,AR_SW_VF_yshaarj_yogg_cthun_1971250458394095_Mis_IV_DR_DS,54206,63.84%,
3T,AR_SP_VF_yshaarj_yogg_cthun_1971250458394095_IN_IV_DR_DS,54205,63.84%,
3T,VW_DH_VW_VF_yshaarj_nzoth_yogg_3977498544889837_IN_IV_DR,54204,63.84%,
3T,AR_SW_VF_yshaarj_yogg_cthun_1971233279041023_Mis_IV_ME,54203,63.84%,
3T,AR_EC_VF_yshaarj_yogg_cthun_1971233346149871_Mis_AM_ME,54200,63.82%,
3T,AR_EC_VF_yshaarj_yogg_cthun_1971233278524927_IN_IV_ME,54196,63.81%,
3T,AR_SP_VF_yshaarj_yogg_cthun_1971233345625599_Mis_AM_DR,54195,63.81%,
3T,AR_EC_VF_yshaarj_yogg_cthun_1971250458394095_IN_IV_ME_DS,54195,63.81%,
3T,AR_SP_VF_yshaarj_yogg_cthun_1971250458385919_Mis_IV_DR_DS,54191,63.80%,
3T,AR_SP_VF_yshaarj_yogg_cthun_1971233345633775_IN_AM_DR,54186,63.78%,
3T,AR_SP_VF_yshaarj_yogg_cthun_1988688025607679_IN_AM_ME,54171,63.74%,
3T,VW_DH_TV_VF_yshaarj_nzoth_yogg_3977497471148013_IN_IV_DR,54170,63.74%,
3T,VW_DH_VW_VF_yshaarj_nzoth_yogg_4049797876342765_IN_IV_ME_DS,54167,63.72%,
3T,VW_DH_VW_VF_nzoth_yogg_cthun_3133347418398701_IN_IV_ME,54166,63.72%,
3T,AR_SP_VF_yshaarj_yogg_cthun_1988688026131951_IN_AM_ME,54166,63.72%,
3T,AR_EC_VF_yshaarj_yogg_cthun_2043259880594927_Mis_AM_DR_DS,54160,63.71%,
3T,AR_SW_VF_yshaarj_yogg_cthun_2043259880070655_IN_IV_DR_DS,54160,63.70%,
3T,AR_SW_VF_yshaarj_yogg_cthun_2043251290136063_Mis_AM_DR,54158,63.70%,
3T,AR_SW_VF_yshaarj_yogg_cthun_2043251290144239_Mis_AM_ME,54158,63.70%,
3T,AR_EC_VF_yshaarj_yogg_cthun_1971250458910191_IN_IV_ME_DS,54149,63.67%,
3T,VW_DH_TV_VF_nzoth_yogg_cthun_3132926511611885_IN_IV_DR,54145,63.66%,
3T,VW_DH_TV_VF_yshaarj_nzoth_cthun_3696297371820013_IN_AM_DR,54142,63.65%,
3T,AR_SW_VF_yshaarj_yogg_cthun_1972332790152687_Mis_AM_DR,54141,63.65%,
3T,VW_DH_TV_VF_yshaarj_nzoth_yogg_3977497471148013_IN_IV_ME,54139,63.64%,
3T,AR_SP_VF_yshaarj_yogg_cthun_1971233345625599_IN_IV_ME,54137,63.64%,
3T,VW_DH_VW_VF_yshaarj_nzoth_yogg_3977498544889837_IN_AM_ME,54131,63.62%,
3T,AR_SW_VF_yshaarj_yogg_cthun_2043259880594927_IN_AM_DR_DS,54129,63.61%,
3T,AR_SP_VF_yshaarj_yogg_cthun_2043251290660335_Mis_AM_ME,54124,63.60%,
3T,VW_DH_TV_VF_yshaarj_nzoth_cthun_3696313477947373_IN_IV_DR_DS,54122,63.59%,
3T,VW_DH_TV_VF_yshaarj_nzoth_yogg_3977497537732589_IN_IV_ME,54122,63.59%,
3T,AR_SW_VF_yshaarj_yogg_cthun_1971233278524927_IN_IV_DR,54121,63.59%,
3T,AR_SP_VF_yshaarj_yogg_cthun_1971370717470207_IN_IV_ME,54121,63.59%,
3T,VW_DH_TV_VF_nzoth_yogg_cthun_3150518697648109_IN_IV_DR,54119,63.58%,
3T,AR_SW_VF_yshaarj_yogg_cthun_1971234352258559_Mis_IV_ME,54115,63.57%,
3T,AR_SW_VF_yshaarj_yogg_cthun_1971250458394095_IN_IV_DR_DS,54100,63.52%,
3T,AR_SP_VF_yshaarj_yogg_cthun_1972332790152687_Mis_AM_DR,54100,63.52%,
3T,VW_DH_VW_VF_yshaarj_nzoth_yogg_3977635983319021_IN_AM_ME,54095,63.51%,
3T,VW_DH_VW_VF_nzoth_yogg_cthun_3132935101538285_IN_IV_ME,54093,63.50%,
3T,AR_EC_VF_yshaarj_yogg_cthun_1971233279041023_IN_AM_DR,54093,63.50%,
3T,VW_DH_TV_VF_yshaarj_nzoth_yogg_4049516555984877_IN_IV_DR,54091,63.50%,
3T,AR_SP_VF_yshaarj_yogg_cthun_1973432301772287_IN_AM_DR,54091,63.49%,
3T,VW_DH_TV_VF_yshaarj_nzoth_yogg_3977773422272493_IN_IV_DR,54091,63.49%,
3T,VW_DH_VW_VF_yshaarj_nzoth_yogg_3977773422272493_IN_AM_DR,54087,63.49%,
3T,AR_SP_VF_yshaarj_yogg_cthun_1971234352782831_Mis_AM_DR,54086,63.48%,
3T,VW_DH_TV_VF_nzoth_yogg_cthun_3132799810068461_IN_IV_ME,54083,63.47%,
3T,VW_DH_TV_VF_nzoth_yogg_cthun_3205372946210797_IN_IV_ME_DS,54081,63.47%,
3T,VW_DH_TV_VF_yshaarj_nzoth_yogg_3979696493879277_IN_AM_DR,54081,63.46%,
3T,AR_SW_VF_yshaarj_yogg_cthun_1971233346149871_IN_AM_DR,54077,63.45%,
3T,AR_SP_VF_yshaarj_yogg_cthun_1971250458910191_Mis_IV_ME_DS,54075,63.45%,
3T,AR_EC_VF_yshaarj_yogg_cthun_1973432301772287_IN_AM_ME,54074,63.45%,
3T,VW_DH_VW_VF_yshaarj_nzoth_yogg_3979712600006637_IN_AM_DR_DS,54074,63.45%,
3T,AR_SP_VF_yshaarj_yogg_cthun_1971370717994479_Mis_AM_ME,54073,63.44%,
3T,AR_SW_VF_yshaarj_yogg_cthun_1971233345633775_IN_AM_DR,54073,63.44%,
3T,VW_DH_TV_VF_yshaarj_nzoth_yogg_3977499618107373_IN_IV_DR,54070,63.43%,
3T,AR_SW_VF_yshaarj_yogg_cthun_1973432368881135_IN_AM_ME,54066,63.42%,
3T,AR_EC_VF_yshaarj_yogg_cthun_2043259880078831_Mis_AM_DR_DS,54066,63.42%,
3T,VW_DH_TV_VF_nzoth_yogg_cthun_3150518697648109_IN_IV_ME,54059,63.40%,
3T,VW_DH_TV_VF_yshaarj_nzoth_yogg_3979712600006637_IN_IV_ME_DS,54050,63.37%,
3T,AR_SW_VF_yshaarj_yogg_cthun_1988688025615855_IN_AM_ME,54048,63.36%,
3T,AR_EC_VF_yshaarj_yogg_cthun_1971233279041023_Mis_AM_DR,54046,63.36%,
3T,AR_EC_VF_yshaarj_yogg_cthun_2043259880070655_Mis_IV_ME_DS,54041,63.34%,
3T,AR_SW_VF_yshaarj_yogg_cthun_1973432301772287_IN_IV_ME,54040,63.34%,
3T,AR_SW_VF_yshaarj_yogg_cthun_1971234352266735_IN_IV_ME,54036,63.33%,
3T,AR_SW_VF_yshaarj_yogg_cthun_1971234352266735_Mis_IV_ME,54031,63.31%,
3T,AR_SW_VF_yshaarj_yogg_cthun_1971250458910191_Mis_IV_ME_DS,54029,63.31%,
3T,VW_DH_VW_VF_nzoth_yogg_cthun_3134996685840365_IN_IV_DR,54026,63.30%,
3T,AR_SP_VF_yshaarj_yogg_cthun_1973432302296559_IN_AM_ME,54026,63.30%,
3T,AR_SW_VF_yshaarj_yogg_cthun_1971233614061039_IN_AM_ME,54026,63.30%,
3T,VW_DH_TV_VF_nzoth_yogg_cthun_3132926511611885_IN_IV_ME,54022,63.29%,
3T,VW_DH_VW_VF_yshaarj_nzoth_yogg_3977513577275373_IN_IV_DR_DS,54021,63.28%,
3T,AR_EC_VF_yshaarj_yogg_cthun_2043259947179503_IN_AM_ME_DS,54018,63.27%,
3T,AR_SW_VF_yshaarj_yogg_cthun_1973432368881135_Mis_AM_ME,54017,63.27%,
3T,AR_SP_VF_yshaarj_yogg_cthun_1971233278524927_IN_IV_ME,54015,63.27%,
3T,AR_SW_VF_yshaarj_yogg_cthun_1971233614061039_Mis_AM_ME,54015,63.27%,
3T,AR_SW_VF_yshaarj_yogg_cthun_1973432301780463_Mis_AM_DR,54009,63.25%,
3T,VW_DH_VW_VF_yshaarj_nzoth_yogg_3977788454658029_IN_AM_DR_DS,54008,63.25%,
3T,VW_DH_TV_VF_yshaarj_nzoth_yogg_3977772348530669_IN_AM_ME,54004,63.23%,
3T,AR_EC_VF_yshaarj_yogg_cthun_1971250458385919_Mis_IV_ME_DS,54002,63.23%,
3T,AR_EC_VF_yshaarj_yogg_cthun_1971250458910191_IN_AM_DR_DS,53996,63.21%,
3T,VW_DH_VW_VF_nzoth_yogg_cthun_3205372946210797_IN_IV_ME_DS,53994,63.20%,
3T,AR_SP_VF_yshaarj_yogg_cthun_1971233345633775_Mis_AM_DR,53992,63.20%,
3T,VW_DH_TV_VF_yshaarj_nzoth_yogg_3977514650492909_IN_IV_ME_DS,53992,63.20%,
3T,VW_DH_TV_VF_nzoth_yogg_cthun_3132935101538285_IN_IV_DR,53991,63.20%,
3T,AR_SP_VF_yshaarj_yogg_cthun_1971370717478383_IN_AM_DR,53991,63.19%,
3T,AR_SP_VF_yshaarj_yogg_cthun_1972332790144511_Mis_AM_DR,53981,63.16%,
3T,AR_SW_VF_yshaarj_yogg_cthun_1971233345633775_Mis_AM_DR,53981,63.16%,
3T,VW_DH_TV_VF_nzoth_yogg_cthun_3135005275774957_IN_IV_ME_DS,53981,63.16%,
3T,AR_SW_VF_yshaarj_yogg_cthun_1971233345625599_IN_IV_ME,53979,63.16%,
3T,AR_SP_VF_yshaarj_yogg_cthun_1971233279041023_Mis_IV_ME,53978,63.15%,
3T,VW_DH_VW_VF_yshaarj_nzoth_yogg_3977635983319021_IN_AM_DR,53972,63.14%,
3T,VW_DH_TV_VF_yshaarj_nzoth_yogg_3977497537732589_IN_IV_DR,53970,63.13%,
3T,AR_SW_VF_yshaarj_yogg_cthun_1973432301772287_IN_AM_DR,53966,63.12%,
3T,AR_SW_VF_yshaarj_yogg_cthun_1972332790152687_IN_AM_ME,53965,63.12%,
3T,AR_EC_VF_yshaarj_yogg_cthun_1971234419367407_IN_AM_ME,53963,63.11%,
3T,VW_DH_TV_VF_yshaarj_nzoth_yogg_4049531588370413_IN_IV_DR_DS,53962,63.11%,
3T,AR_EC_VF_yshaarj_yogg_cthun_1971233345633775_IN_AM_ME,53959,63.10%,
3T,AR_SP_VF_yshaarj_yogg_cthun_1971370717478383_Mis_AM_ME,53958,63.09%,
3T,VW_DH_TV_VF_nzoth_yogg_cthun_3132791220658157_IN_IV_ME,53957,63.09%,
3T,VW_DH_TV_VF_nzoth_yogg_cthun_3132797662593005_IN_IV_DR,53956,63.09%,
3T,VW_DH_VW_VF_yshaarj_nzoth_yogg_3977514650492909_IN_AM_DR_DS,53948,63.06%,
3T,AR_SP_VF_yshaarj_yogg_cthun_1971234352782831_IN_AM_DR,53948,63.06%,
3T,AR_SP_VF_yshaarj_yogg_cthun_1971234352782831_IN_IV_ME,53948,63.06%,
3T,AR_SP_VF_yshaarj_yogg_cthun_2043259880594927_IN_IV_ME_DS,53939,63.04%,
3T,VW_DH_TV_VF_nzoth_yogg_cthun_3134997759582189_IN_IV_ME,53939,63.04%,
3T,AR_SP_VF_yshaarj_yogg_cthun_1972332790668783_Mis_AM_ME,53937,63.03%,
3T,AR_SW_VF_yshaarj_yogg_cthun_1971234352258559_IN_AM_DR,53935,63.03%,
3T,AR_SW_VF_yshaarj_yogg_cthun_1971370717478383_IN_AM_DR,53934,63.02%,
3T,AR_SW_VF_yshaarj_yogg_cthun_1971250525494767_IN_IV_ME_DS,53925,63.00%,
3T,AR_SW_VF_yshaarj_yogg_cthun_1971250458910191_Mis_IV_DR_DS,53924,62.99%,
3T,VW_DH_VW_VF_nzoth_yogg_cthun_3133347418398701_IN_IV_DR,53923,62.99%,
3T,VW_DH_TV_VF_yshaarj_nzoth_yogg_4049531588370413_IN_IV_ME_DS,53922,62.98%,
3T,AR_SP_VF_yshaarj_yogg_cthun_1973432301772287_Mis_AM_DR,53919,62.98%,
3T,AR_SW_VF_yshaarj_yogg_cthun_2043259880594927_Mis_AM_DR_DS,53919,62.98%,
3T,VW_DH_TV_VF_nzoth_yogg_cthun_3133347418398701_IN_IV_ME,53919,62.98%,
3T,VW_DH_TV_VF_yshaarj_nzoth_yogg_3979697567621101_IN_IV_DR,53918,62.97%,
3T,VW_DH_TV_VF_yshaarj_nzoth_yogg_3977635983319021_IN_IV_ME,53918,62.97%,
3T,AR_SW_VF_yshaarj_yogg_cthun_1971370717994479_Mis_AM_ME,53918,62.97%,
3T,AR_SW_VF_yshaarj_yogg_cthun_1971250525494767_Mis_IV_ME_DS,53915,62.96%,
3T,AR_SW_VF_yshaarj_yogg_cthun_2043259880078831_IN_IV_ME_DS,53915,62.96%,
3T,AR_EC_VF_yshaarj_yogg_cthun_1971234352782831_Mis_AM_ME,53911,62.95%,
3T,VW_DH_VW_VF_nzoth_yogg_cthun_3134997759582189_IN_IV_ME,53910,62.95%,
3T,AR_SW_VF_yshaarj_yogg_cthun_1971234352782831_IN_IV_ME,53906,62.94%,
3T,VW_DH_TV_VF_nzoth_yogg_cthun_3132928659087341_IN_IV_ME,53903,62.93%,
3T,AR_SW_VF_yshaarj_yogg_cthun_1988688025607679_IN_AM_ME,53896,62.91%,
3T,AR_SW_VF_yshaarj_yogg_cthun_2043251290144239_IN_AM_ME,53892,62.89%,
3T,VW_DH_TV_VF_nzoth_yogg_cthun_3132791220142061_IN_IV_DR,53883,62.87%,
3T,AR_SP_VF_yshaarj_yogg_cthun_1971234352258559_IN_IV_ME,53870,62.83%,
3T,VW_DH_VW_VF_nzoth_yogg_cthun_3135005275774957_IN_IV_DR_DS,53865,62.81%,
3T,VW_DH_TV_VF_nzoth_yogg_cthun_3132935101538285_IN_IV_ME,53859,62.80%,
3T,VW_DH_TV_VF_nzoth_yogg_cthun_3132926578712557_IN_IV_DR,53855,62.78%,
3T,VW_DH_VW_VF_nzoth_yogg_cthun_3132926511611885_IN_IV_DR,53854,62.78%,
3T,AR_EC_VF_yshaarj_yogg_cthun_2043259880070655_Mis_AM_DR_DS,53847,62.76%,
3T,AR_SP_VF_yshaarj_yogg_cthun_1971250525494767_IN_IV_ME_DS,53846,62.76%,
3T,VW_DH_TV_VF_yshaarj_nzoth_yogg_4049515482243053_IN_AM_ME,53843,62.75%,
3T,VW_DH_VW_VF_yshaarj_nzoth_yogg_4049516555984877_IN_AM_ME,53841,62.74%,
3T,AR_SP_VF_yshaarj_yogg_cthun_2043259880594927_IN_AM_DR_DS,53840,62.74%,
3T,AR_SW_VF_yshaarj_yogg_cthun_1972332790144511_IN_AM_ME,53839,62.73%,
3T,VW_DH_TV_VF_yshaarj_nzoth_yogg_3979696493879277_IN_AM_ME,53839,62.73%,
3T,AR_SW_VF_yshaarj_yogg_cthun_1971233278524927_Mis_IV_ME,53838,62.73%,
3T,VW_DH_VW_VF_nzoth_yogg_cthun_3132926511611885_IN_IV_ME,53834,62.72%,
3T,AR_SP_VF_yshaarj_yogg_cthun_1971370717994479_IN_AM_ME,53832,62.71%,
3T,AR_SP_VF_yshaarj_yogg_cthun_1972332790152687_Mis_AM_ME,53831,62.71%,
3T,VW_DH_TV_VF_nzoth_yogg_cthun_3132797662593005_IN_IV_ME,53831,62.71%,
3T,VW_DH_VW_VF_nzoth_yogg_cthun_3132791220658157_IN_IV_ME,53826,62.70%,
3T,AR_EC_VF_yshaarj_yogg_cthun_2043259880070655_IN_AM_DR_DS,53825,62.69%,
3T,VW_DH_VW_VF_nzoth_yogg_cthun_3132928659087341_IN_IV_ME,53824,62.69%,
3T,VW_DH_VW_VF_yshaarj_nzoth_yogg_4049524072177645_IN_IV_DR_DS,53824,62.69%,
3T,AR_EC_VF_yshaarj_yogg_cthun_1971250458910191_Mis_AM_DR_DS,53823,62.69%,
3T,VW_DH_TV_VF_yshaarj_nzoth_cthun_3768322899632109_IN_IV_DR_DS,53823,62.69%,
3T,VW_DH_TV_VF_yshaarj_nzoth_yogg_3977788454658029_IN_IV_ME_DS,53819,62.67%,
3T,VW_DH_TV_VF_nzoth_yogg_cthun_3132791220142061_IN_IV_ME,53817,62.67%,
3T,AR_SW_VF_yshaarj_yogg_cthun_1973432301772287_Mis_AM_DR,53815,62.66%,
3T,VW_DH_TV_VF_nzoth_yogg_cthun_3205372946210797_IN_IV_DR_DS,53814,62.66%,
3T,VW_DH_VW_VF_yshaarj_nzoth_yogg_3977498544373741_IN_AM_DR,53813,62.66%,
3T,AR_SW_VF_yshaarj_yogg_cthun_1971233279049199_IN_IV_ME,53811,62.65%,
3T,AR_SW_VF_yshaarj_yogg_cthun_1972332790668783_Mis_AM_ME,53810,62.65%,
3T,AR_SP_VF_yshaarj_yogg_cthun_1971233278524927_Mis_IV_ME,53803,62.63%,
3T,AR_EC_VF_yshaarj_yogg_cthun_2043259880594927_IN_AM_ME_DS,53799,62.61%,
3T,VW_DH_VW_VF_yshaarj_nzoth_yogg_3977567263842285_Mis_IV_DR,53794,62.60%,
3T,AR_EC_VF_yshaarj_yogg_cthun_1971233278524927_IN_AM_DR,53793,62.59%,
3T,VW_DH_TV_VF_yshaarj_nzoth_yogg_3979712600006637_IN_IV_DR_DS,53792,62.59%,
3T,AR_SW_VF_yshaarj_yogg_cthun_1971234352266735_IN_AM_DR,53790,62.59%,
3T,AR_SW_VF_yshaarj_yogg_cthun_1973432302296559_Mis_AM_ME,53789,62.58%,
3T,AR_SW_VF_yshaarj_yogg_cthun_2043259880594927_IN_IV_ME_DS,53787,62.58%,
3T,AR_SW_VF_yshaarj_yogg_cthun_1971250525494767_Mis_AM_DR_DS,53786,62.57%,
3T,AR_SW_VF_yshaarj_yogg_cthun_1971233345625599_IN_AM_DR,53786,62.57%,
3T,VW_DH_TV_VF_yshaarj_nzoth_yogg_3977788454658029_IN_IV_DR_DS,53784,62.57%,
3T,VW_DH_TV_VF_nzoth_yogg_cthun_3132797663109101_IN_IV_ME,53782,62.56%,
3T,VW_DH_VW_VF_yshaarj_nzoth_yogg_4049516555984877_IN_AM_DR,53778,62.55%,
3T,AR_SW_VF_yshaarj_yogg_cthun_1971234352782831_IN_AM_DR,53773,62.53%,
3T,VW_DH_VW_VF_nzoth_yogg_cthun_3133348492140525_IN_IV_ME,53772,62.53%,
3T,AR_EC_VF_yshaarj_yogg_cthun_1971234352782831_IN_AM_ME,53771,62.53%,
3T,VW_DH_TV_VF_nzoth_yogg_cthun_3132926578712557_IN_IV_ME,53768,62.52%,
3T,VW_DH_VW_VF_yshaarj_nzoth_yogg_3977498611474413_IN_AM_ME,53768,62.52%,
3T,AR_SP_VF_yshaarj_yogg_cthun_1972332790144511_IN_AM_ME,53766,62.51%,
3T,VW_DH_VW_VF_nzoth_yogg_cthun_3132791220142061_IN_IV_ME,53760,62.50%,
3T,VW_DH_VW_VF_nzoth_yogg_cthun_3150518697648109_IN_IV_DR,53759,62.49%,
3T,VW_DH_VW_VF_yshaarj_nzoth_yogg_4049797876342765_IN_IV_DR_DS,53759,62.49%,
3T,VW_DH_VW_VF_nzoth_yogg_cthun_3135005275774957_IN_IV_ME_DS,53754,62.48%,
3T,AR_SP_VF_yshaarj_yogg_cthun_1971250525494767_IN_AM_DR_DS,53752,62.47%,
3T,AR_SW_VF_yshaarj_yogg_cthun_1971370784579055_IN_AM_ME,53750,62.47%,
3T,AR_EC_VF_yshaarj_yogg_cthun_2043259880070655_IN_IV_ME_DS,53750,62.46%,
3T,AR_EC_VF_yshaarj_yogg_cthun_1971233345625599_IN_AM_ME,53747,62.46%,
3T,VW_DH_TV_VF_nzoth_yogg_cthun_3132797729693677_IN_IV_ME,53740,62.43%,
3T,AR_SP_VF_yshaarj_yogg_cthun_2043259947179503_Mis_AM_ME_DS,53739,62.43%,
3T,AR_SW_VF_yshaarj_yogg_cthun_1971250458385919_IN_IV_DR_DS,53739,62.43%,
3T,AR_EC_VF_yshaarj_yogg_cthun_1971233278524927_Mis_AM_DR,53738,62.43%,
3T,VW_DH_VW_VF_yshaarj_nzoth_yogg_3977498544373741_IN_AM_ME,53736,62.42%,
3T,AR_SP_VF_yshaarj_yogg_cthun_1971233279049199_IN_AM_DR,53736,62.42%,
3T,AR_SP_VF_yshaarj_yogg_cthun_1971234419367407_Mis_AM_ME,53714,62.36%,
3T,AR_EC_VF_yshaarj_yogg_cthun_2043259880594927_Mis_AM_ME_DS,53712,62.35%,
3T,VW_DH_VW_VF_nzoth_yogg_cthun_3132797729693677_IN_IV_ME,53708,62.34%,
3T,AR_SW_VF_yshaarj_yogg_cthun_1971250458385919_Mis_IV_DR_DS,53705,62.33%,
3T,AR_SP_VF_yshaarj_yogg_cthun_1973432302296559_Mis_AM_ME,53697,62.31%,
3T,AR_SW_VF_yshaarj_yogg_cthun_1973432302296559_IN_AM_ME,53694,62.30%,
3T,VW_DH_TV_VF_yshaarj_nzoth_cthun_3768322899632109_IN_IV_ME_DS,53693,62.29%,
3T,AR_SP_VF_yshaarj_yogg_cthun_1971250525494767_Mis_AM_DR_DS,53692,62.29%,
3T,AR_SP_VF_yshaarj_yogg_cthun_1971250458910191_IN_IV_ME_DS,53691,62.29%,
3T,VW_DH_TV_VF_nzoth_yogg_cthun_3134997759582189_IN_IV_DR,53691,62.29%,
3T,VW_DH_TV_VF_nzoth_yogg_cthun_3132926512127981_IN_IV_ME,53685,62.27%,
3T,AR_SP_VF_yshaarj_yogg_cthun_1971233345625599_IN_AM_DR,53685,62.27%,
3T,AR_EC_VF_yshaarj_yogg_cthun_1971250525494767_Mis_AM_ME_DS,53683,62.26%,
3T,AR_SW_VF_yshaarj_yogg_cthun_1971370717470207_IN_AM_DR,53680,62.26%,
3T,AR_SP_VF_yshaarj_yogg_cthun_1971250458394095_IN_IV_ME_DS,53678,62.25%,
3T,VW_DH_VW_VF_nzoth_yogg_cthun_3132799810068461_IN_IV_ME,53676,62.24%,
3T,AR_SP_VF_yshaarj_yogg_cthun_2043259880078831_Mis_AM_DR_DS,53673,62.23%,
3T,AR_EC_VF_yshaarj_yogg_cthun_1971250458394095_Mis_AM_DR_DS,53673,62.23%,
3T,AR_EC_VF_yshaarj_yogg_cthun_1971233279049199_Mis_AM_ME,53670,62.22%,
3T,VW_DH_TV_VF_nzoth_yogg_cthun_3150243819749357_IN_IV_DR,53669,62.22%,
3T,AR_EC_VF_yshaarj_yogg_cthun_1971250458394095_IN_AM_DR_DS,53667,62.21%,
3T,AR_SW_VF_yshaarj_yogg_cthun_1972332790144511_Mis_AM_DR,53664,62.21%,
3T,VW_DH_VW_VF_yshaarj_nzoth_yogg_4049531588370413_IN_AM_DR_DS,53660,62.19%,
3T,AR_EC_VF_yshaarj_yogg_cthun_1971233279041023_Mis_AM_ME,53658,62.19%,
3T,VW_DH_VW_VF_yshaarj_nzoth_yogg_3977651015704557_IN_AM_DR_DS,53653,62.17%,
3T,VW_DH_TV_VF_nzoth_yogg_cthun_3133347418398701_IN_IV_DR,53652,62.17%,
3T,VW_DH_VW_VF_nzoth_yogg_cthun_3150518697648109_IN_IV_ME,53651,62.17%,
3T,VW_DH_TV_VF_yshaarj_nzoth_yogg_3977772348530669_IN_AM_DR,53645,62.15%,
3T,VW_DH_TV_VF_nzoth_yogg_cthun_3132791287242733_IN_IV_ME,53643,62.14%,
3T,AR_EC_VF_yshaarj_yogg_cthun_1971250458385919_IN_IV_ME_DS,53641,62.14%,
3T,AR_EC_VF_yshaarj_yogg_cthun_1971234352266735_Mis_AM_ME,53640,62.13%,
3T,AR_SW_VF_yshaarj_yogg_cthun_1971233346149871_Mis_AM_ME,53638,62.13%,
3T,AR_SP_VF_yshaarj_yogg_cthun_1971370717470207_Mis_AM_ME,53638,62.13%,
3T,VW_DH_TV_VF_yshaarj_nzoth_yogg_3977514650492909_IN_IV_DR_DS,53636,62.12%,
3T,VW_DH_TV_VF_yshaarj_nzoth_yogg_3977498544373741_IN_IV_ME,53631,62.10%,
3T,AR_SW_VF_yshaarj_yogg_cthun_2043259880078831_IN_AM_DR_DS,53623,62.08%,
3T,VW_DH_TV_VF_nzoth_yogg_cthun_3132928659087341_IN_IV_DR,53623,62.08%,
3T,VW_DH_VW_VF_nzoth_yogg_cthun_3132928659087341_IN_IV_DR,53621,62.08%,
3T,AR_SP_VF_yshaarj_yogg_cthun_1971234352258559_Mis_AM_DR,53621,62.08%,
3T,VW_DH_VW_VF_nzoth_yogg_cthun_3132797662593005_IN_IV_DR,53619,62.07%,
3T,AR_SP_VF_yshaarj_yogg_cthun_1971234352266735_IN_AM_DR,53618,62.07%,
3T,VW_DH_VW_VF_yshaarj_nzoth_yogg_4049522998444013_IN_IV_ME_DS,53616,62.06%,
3T,AR_SP_VF_yshaarj_yogg_cthun_1971233279041023_IN_IV_ME,53612,62.05%,
3T,AR_SW_VF_yshaarj_yogg_cthun_1972332790152687_Mis_AM_ME,53612,62.05%,
3T,AR_SP_VF_yshaarj_yogg_cthun_2043259880078831_IN_AM_DR_DS,53607,62.03%,
3T,AR_SP_VF_yshaarj_yogg_cthun_1973432301780463_Mis_AM_ME,53604,62.02%,
3T,VW_DH_VW_VF_yshaarj_nzoth_yogg_3977515724234733_IN_AM_ME_DS,53604,62.02%,
3T,AR_SW_VF_yshaarj_yogg_cthun_1973432301780463_Mis_AM_ME,53603,62.02%,
3T,AR_SW_VF_yshaarj_yogg_cthun_1971234352782831_Mis_AM_DR,53602,62.02%,
3T,VW_DH_TV_VF_nzoth_yogg_cthun_3150519771389933_IN_IV_ME,53600,62.01%,
3T,VW_DH_TV_VF_yshaarj_nzoth_yogg_3977515724234733_IN_IV_ME_DS,53600,62.01%,
3T,AR_SP_VF_yshaarj_yogg_cthun_1971370717478383_IN_AM_ME,53594,61.99%,
3T,VW_DH_TV_VF_nzoth_yogg_cthun_3132799810068461_IN_IV_DR,53591,61.99%,
3T,AR_SP_VF_yshaarj_yogg_cthun_1971234352258559_IN_AM_DR,53582,61.96%,
3T,AR_EC_VF_yshaarj_yogg_cthun_1971233279049199_IN_AM_ME,53580,61.95%,
3T,VW_DH_TV_VF_yshaarj_nzoth_yogg_3977498611474413_IN_IV_ME,53579,61.95%,
3T,AR_SW_VF_yshaarj_yogg_cthun_1971370717478383_Mis_AM_ME,53572,61.93%,
3T,AR_EC_VF_yshaarj_yogg_cthun_1971234352258559_Mis_AM_ME,53565,61.91%,
3T,AR_SW_VF_yshaarj_yogg_cthun_1971370717478383_IN_AM_ME,53559,61.89%,
3T,VW_DH_TV_VF_nzoth_yogg_cthun_3132943691472877_IN_IV_ME_DS,53557,61.88%,
3T,AR_EC_VF_yshaarj_yogg_cthun_2043259880078831_IN_AM_ME_DS,53549,61.86%,
3T,AR_EC_VF_yshaarj_yogg_cthun_1971234352258559_IN_AM_ME,53548,61.86%,
3T,VW_DH_TV_VF_nzoth_yogg_cthun_3135012791967725_IN_IV_ME_DS,53546,61.85%,
3T,AR_SW_VF_yshaarj_yogg_cthun_1971370717994479_IN_AM_ME,53545,61.85%,
3T,VW_DH_VW_VF_nzoth_yogg_cthun_3132935101538285_IN_IV_DR,53543,61.84%,
3T,VW_DH_VW_VF_nzoth_yogg_cthun_3132926578712557_IN_IV_ME,53540,61.83%,
3T,VW_DH_VW_VF_yshaarj_nzoth_yogg_4049531588370413_IN_AM_ME_DS,53537,61.82%,
3T,VW_DH_TV_VF_nzoth_yogg_cthun_3150252409675757_IN_IV_ME,53535,61.82%,
3T,VW_DH_TV_VF_nzoth_yogg_cthun_3135005275774957_IN_IV_DR_DS,53534,61.81%,
3T,AR_SW_VF_yshaarj_yogg_cthun_1972332790144511_Mis_AM_ME,53533,61.81%,
3T,VW_DH_VW_VF_nzoth_yogg_cthun_3132791287242733_IN_IV_ME,53531,61.80%,
3T,VW_DH_TV_VF_nzoth_yogg_cthun_3132791220658157_IN_IV_DR,53528,61.80%,
3T,AR_SW_VF_yshaarj_yogg_cthun_1971250525494767_IN_AM_DR_DS,53527,61.79%,
3T,AR_SP_VF_yshaarj_yogg_cthun_2043259880070655_Mis_IV_ME_DS,53524,61.78%,
3T,AR_SP_VF_yshaarj_yogg_cthun_1973432301772287_Mis_AM_ME,53520,61.77%,
3T,VW_DH_VW_VF_nzoth_yogg_cthun_3134997759582189_IN_IV_DR,53517,61.76%,
3T,AR_EC_VF_yshaarj_yogg_cthun_1971233278524927_IN_AM_ME,53516,61.76%,
3T,AR_SP_VF_yshaarj_yogg_cthun_1971233346149871_Mis_AM_ME,53515,61.76%,
3T,AR_EC_VF_yshaarj_yogg_cthun_1971234352266735_IN_AM_ME,53514,61.75%,
3T,VW_DH_TV_VF_nzoth_yogg_cthun_3132926512127981_IN_IV_DR,53510,61.74%,
3T,VW_DH_TV_VF_nzoth_yogg_cthun_3135004202041325_IN_IV_ME_DS,53507,61.73%,
3T,AR_SW_VF_yshaarj_yogg_cthun_2043259880070655_Mis_IV_ME_DS,53505,61.72%,
3T,VW_DH_TV_VF_yshaarj_nzoth_yogg_3977498544889837_IN_IV_ME,53502,61.72%,
3T,AR_SW_VF_yshaarj_yogg_cthun_1971234419367407_Mis_AM_ME,53496,61.70%,
3T,AR_SP_VF_yshaarj_yogg_cthun_1971233346149871_IN_AM_ME,53494,61.69%,
3T,VW_DH_VW_VF_yshaarj_nzoth_cthun_3768322899632109_IN_AM_DR_DS,53479,61.65%,
3T,AR_SP_VF_yshaarj_yogg_cthun_2043259880070655_IN_IV_ME_DS,53476,61.64%,
3T,AR_EC_VF_yshaarj_yogg_cthun_1971250458385919_Mis_AM_DR_DS,53475,61.63%,
3T,AR_SW_VF_yshaarj_yogg_cthun_1971233345625599_Mis_AM_DR,53474,61.63%,
3T,AR_SW_VF_yshaarj_yogg_cthun_1971234352266735_Mis_AM_DR,53469,61.62%,
3T,VW_DH_TV_VF_nzoth_yogg_cthun_3135004202041325_IN_IV_DR_DS,53468,61.61%,
3T,VW_DH_TV_VF_yshaarj_nzoth_yogg_3977498544373741_IN_IV_DR,53468,61.61%,
3T,VW_DH_VW_VF_nzoth_yogg_cthun_3132797663109101_IN_IV_ME,53466,61.61%,
3T,VW_DH_TV_VF_yshaarj_nzoth_cthun_3696298445561837_IN_AM_DR,53465,61.61%,
3T,VW_DH_TV_VF_nzoth_yogg_cthun_3134996685840365_IN_AM_ME,53465,61.60%,
3T,VW_DH_TV_VF_nzoth_yogg_cthun_3150243886850029_IN_IV_DR,53465,61.60%,
3T,AR_SW_VF_yshaarj_yogg_cthun_1971234419367407_IN_AM_ME,53464,61.60%,
3T,VW_DH_TV_VF_nzoth_yogg_cthun_3134996685840365_IN_AM_DR,53455,61.57%,
3T,VW_DH_TV_VF_nzoth_yogg_cthun_3132797729693677_IN_IV_DR,53453,61.57%,
3T,AR_SW_VF_yshaarj_yogg_cthun_1971234352258559_IN_IV_ME,53452,61.56%,
3T,AR_SP_VF_yshaarj_yogg_cthun_1971250458385919_Mis_IV_ME_DS,53450,61.56%,
3T,VW_DH_VW_VF_nzoth_yogg_cthun_3132926512127981_IN_IV_DR,53450,61.56%,
3T,AR_SP_VF_yshaarj_yogg_cthun_1973432301780463_IN_AM_ME,53447,61.55%,
3T,AR_SP_VF_yshaarj_yogg_cthun_1971250458394095_Mis_IV_ME_DS,53446,61.55%,
3T,AR_SP_VF_yshaarj_yogg_cthun_2043259880594927_Mis_AM_DR_DS,53445,61.54%,
3T,VW_DH_TV_VF_nzoth_yogg_cthun_3132927585353709_IN_IV_ME,53444,61.54%,
3T,AR_SW_VF_yshaarj_yogg_cthun_2043259947179503_Mis_AM_ME_DS,53440,61.53%,
3T,AR_SP_VF_yshaarj_yogg_cthun_2043251290136063_Mis_AM_ME,53437,61.52%,
3T,AR_SP_VF_yshaarj_yogg_cthun_1971233279049199_Mis_AM_DR,53431,61.50%,
3T,VW_DH_TV_VF_nzoth_yogg_cthun_3132943691472877_IN_IV_DR_DS,53424,61.48%,
3T,VW_DH_TV_VF_yshaarj_nzoth_yogg_4049524072177645_IN_IV_ME_DS,53423,61.48%,
3T,VW_DH_TV_VF_nzoth_yogg_cthun_3150243819749357_IN_IV_ME,53423,61.48%,
3T,VW_DH_VW_VF_nzoth_yogg_cthun_3132797662593005_IN_IV_ME,53421,61.47%,
3T,AR_SW_VF_yshaarj_yogg_cthun_1971370717470207_Mis_AM_ME,53414,61.45%,
3T,VW_DH_VW_VF_yshaarj_nzoth_yogg_3977651015704557_IN_AM_ME_DS,53412,61.44%,
3T,VW_DH_VW_VF_nzoth_yogg_cthun_3205372946210797_IN_IV_DR_DS,53410,61.44%,
3T,AR_EC_VF_yshaarj_yogg_cthun_2043259880078831_Mis_AM_ME_DS,53408,61.43%,
3T,VW_DH_TV_VF_yshaarj_nzoth_yogg_3977651015704557_IN_IV_DR_DS,53407,61.43%,
3T,AR_SW_VF_yshaarj_yogg_cthun_1973432301780463_IN_AM_ME,53400,61.41%,
3T,VW_DH_TV_VF_yshaarj_nzoth_cthun_3696298445561837_IN_AM_ME,53400,61.41%,
3T,AR_SW_VF_yshaarj_yogg_cthun_2043259947179503_IN_AM_ME_DS,53399,61.41%,
3T,VW_DH_VW_VF_nzoth_yogg_cthun_3132927585353709_IN_IV_ME,53396,61.40%,
3T,AR_EC_VF_yshaarj_yogg_cthun_1971250458385919_IN_AM_DR_DS,53395,61.39%,
3T,AR_SP_VF_yshaarj_yogg_cthun_1972332790144511_Mis_AM_ME,53394,61.39%,
3T,VW_DH_TV_VF_nzoth_yogg_cthun_3132808400003053_IN_IV_ME_DS,53385,61.36%,
3T,VW_DH_TV_VF_nzoth_yogg_cthun_3132797663109101_IN_IV_DR,53384,61.36%,
3T,VW_DH_VW_VF_nzoth_yogg_cthun_3132926512127981_IN_IV_ME,53383,61.36%,
3T,AR_SP_VF_yshaarj_yogg_cthun_1971250458910191_IN_AM_DR_DS,53376,61.33%,
3T,AR_SP_VF_yshaarj_yogg_cthun_2043251290136063_IN_AM_ME,53376,61.33%,
3T,VW_DH_VW_VF_yshaarj_nzoth_yogg_3977567263842285_Mis_AM_ME,53376,61.33%,
3T,VW_DH_TV_VF_nzoth_yogg_cthun_3135006349516781_IN_IV_ME_DS,53374,61.33%,
3T,AR_SP_VF_yshaarj_yogg_cthun_2043259947179503_IN_AM_ME_DS,53374,61.33%,
3T,AR_SP_VF_yshaarj_yogg_cthun_1971233345633775_Mis_AM_ME,53373,61.33%,
3T,AR_SW_VF_yshaarj_yogg_cthun_1971233278524927_IN_IV_ME,53372,61.32%,
3T,VW_DH_TV_VF_nzoth_yogg_cthun_3132927652454381_IN_IV_ME,53371,61.32%,
3T,AR_EC_VF_yshaarj_yogg_cthun_1971233278524927_Mis_AM_ME,53365,61.30%,
3T,VW_DH_VW_VF_nzoth_yogg_cthun_3150243819749357_IN_IV_DR,53365,61.30%,
3T,AR_SW_VF_yshaarj_yogg_cthun_1971250458394095_IN_IV_ME_DS,53355,61.27%,
3T,AR_SP_VF_yshaarj_yogg_cthun_1971233345633775_IN_AM_ME,53354,61.27%,
3T,VW_DH_TV_VF_nzoth_yogg_cthun_3132791287242733_IN_IV_DR,53352,61.26%,
3T,VW_DH_VW_VF_nzoth_yogg_cthun_3132799810068461_IN_IV_DR,53352,61.26%,
3T,VW_DH_TV_VF_nzoth_yogg_cthun_3150245967224813_IN_IV_ME,53347,61.25%,
3T,AR_SW_VF_yshaarj_yogg_cthun_2043251290136063_Mis_AM_ME,53346,61.24%,
3T,VW_DH_TV_VF_nzoth_yogg_cthun_3132936175280109_IN_IV_DR,53343,61.24%,
3T,VW_DH_VW_VF_nzoth_yogg_cthun_3132797663109101_IN_IV_DR,53341,61.23%,
3T,VW_DH_VW_VF_nzoth_yogg_cthun_3132814842453997_IN_IV_ME_DS,53339,61.22%,
3T,VW_DH_VW_VF_yshaarj_nzoth_yogg_3977513576759277_IN_AM_ME_DS,53334,61.21%,
3T,VW_DH_TV_VF_nzoth_yogg_cthun_3132927585353709_IN_IV_DR,53330,61.20%,
3T,AR_SW_VF_yshaarj_yogg_cthun_1971250458394095_Mis_IV_ME_DS,53330,61.20%,
3T,AR_SW_VF_yshaarj_yogg_cthun_1971233346149871_IN_AM_ME,53329,61.19%,
3T,AR_SW_VF_yshaarj_yogg_cthun_1971233279049199_IN_AM_DR,53329,61.19%,
3T,AR_SW_VF_yshaarj_yogg_cthun_1971233279041023_IN_AM_DR,53325,61.18%,
3T,VW_DH_TV_VF_nzoth_yogg_cthun_3132936175280109_IN_IV_ME,53323,61.18%,
3T,VW_DH_VW_VF_yshaarj_nzoth_cthun_3768322899632109_IN_AM_ME_DS,53320,61.17%,
3T,VW_DH_VW_VF_yshaarj_nzoth_yogg_3977513643859949_IN_AM_ME_DS,53317,61.16%,
3T,VW_DH_VW_VF_nzoth_yogg_cthun_3133347418398701_IN_AM_ME,53302,61.11%,
3T,VW_DH_TV_VF_nzoth_yogg_cthun_3132927585869805_IN_IV_ME,53302,61.11%,
3T,VW_DH_TV_VF_nzoth_yogg_cthun_3150245967224813_IN_IV_DR,53297,61.10%,
3T,AR_SP_VF_yshaarj_yogg_cthun_1971233345625599_Mis_AM_ME,53296,61.09%,
3T,VW_DH_VW_VF_nzoth_yogg_cthun_3132927652454381_IN_IV_ME,53294,61.09%,
3T,VW_DH_TV_VF_yshaarj_nzoth_yogg_3977635983319021_IN_IV_DR,53293,61.08%,
3T,AR_SP_VF_yshaarj_yogg_cthun_1971234419367407_IN_AM_ME,53292,61.08%,
3T,AR_EC_VF_yshaarj_yogg_cthun_1971250525494767_IN_AM_ME_DS,53288,61.07%,
3T,VW_DH_TV_VF_yshaarj_nzoth_yogg_3977634909577197_IN_AM_DR,53287,61.07%,
3T,VW_DH_VW_VF_nzoth_yogg_cthun_3132926578712557_IN_IV_DR,53282,61.05%,
3T,VW_DH_VW_VF_yshaarj_nzoth_yogg_4049660437389293_IN_IV_ME_DS,53275,61.03%,
3T,AR_SP_VF_yshaarj_yogg_cthun_1971233279041023_IN_AM_DR,53272,61.02%,
3T,AR_EC_VF_yshaarj_yogg_cthun_1971250458394095_IN_AM_ME_DS,53271,61.02%,
3T,AR_SW_VF_yshaarj_yogg_cthun_1971234352258559_Mis_AM_DR,53270,61.02%,
3T,VW_DH_VW_VF_nzoth_yogg_cthun_3135004202041325_IN_IV_DR_DS,53270,61.01%,
3T,VW_DH_VW_VF_yshaarj_nzoth_yogg_3977513576759277_IN_AM_DR_DS,53269,61.01%,
3T,AR_SP_VF_yshaarj_yogg_cthun_1973432301772287_IN_AM_ME,53269,61.01%,
3T,VW_DH_TV_VF_nzoth_yogg_cthun_3150243886850029_IN_IV_ME,53268,61.01%,
3T,VW_DH_VW_VF_yshaarj_nzoth_yogg_3977498611474413_IN_AM_DR,53267,61.01%,
3T,VW_DH_TV_VF_nzoth_yogg_cthun_3132806252527597_IN_IV_ME_DS,53267,61.00%,
3T,VW_DH_VW_VF_yshaarj_nzoth_yogg_3977513643859949_IN_AM_DR_DS,53266,61.00%,
3T,VW_DH_VW_VF_nzoth_yogg_cthun_3150519771389933_IN_IV_ME,53264,61.00%,
3T,VW_DH_TV_VF_yshaarj_nzoth_yogg_4049797876342765_IN_IV_DR_DS,53263,60.99%,
3T,AR_EC_VF_yshaarj_yogg_cthun_1971250458910191_Mis_AM_ME_DS,53263,60.99%,
3T,AR_SP_VF_yshaarj_yogg_cthun_1971370717470207_IN_AM_ME,53263,60.99%,
3T,AR_SW_VF_yshaarj_yogg_cthun_2043259880070655_Mis_AM_DR_DS,53261,60.99%,
3T,VW_DH_VW_VF_yshaarj_nzoth_yogg_4049525145919469_IN_IV_ME_DS,53259,60.98%,
3T,VW_DH_VW_VF_nzoth_yogg_cthun_3132791220142061_IN_IV_DR,53258,60.98%,
3T,VW_DH_TV_VF_nzoth_yogg_cthun_3132814842453997_IN_IV_ME_DS,53252,60.96%,
3T,VW_DH_VW_VF_nzoth_yogg_cthun_3150243886850029_IN_IV_DR,53251,60.96%,
3T,VW_DH_VW_VF_yshaarj_nzoth_yogg_3977515724234733_IN_AM_DR_DS,53249,60.95%,
3T,VW_DH_VW_VF_yshaarj_nzoth_yogg_3977498544889837_IN_AM_DR,53247,60.95%,
3T,VW_DH_TV_VF_yshaarj_nzoth_yogg_3977498611474413_IN_IV_DR,53246,60.94%,
3T,VW_DH_VW_VF_nzoth_yogg_cthun_3135004202041325_IN_IV_ME_DS,53245,60.94%,
3T,VW_DH_TV_VF_nzoth_yogg_cthun_3132859939610605_Mis_IV_ME,53238,60.92%,
3T,AR_SW_VF_yshaarj_yogg_cthun_1971250458910191_IN_IV_ME_DS,53237,60.92%,
3T,AR_SP_VF_yshaarj_yogg_cthun_2043259880070655_IN_AM_DR_DS,53234,60.91%,
3T,VW_DH_VW_VF_yshaarj_nzoth_yogg_4049660437389293_IN_IV_DR_DS,53233,60.90%,
3T,AR_SW_VF_yshaarj_yogg_cthun_1971250458910191_Mis_AM_DR_DS,53226,60.88%,
3T,VW_DH_TV_VF_yshaarj_nzoth_yogg_3977513576759277_IN_IV_ME_DS,53224,60.88%,
3T,VW_DH_VW_VF_nzoth_yogg_cthun_3133348492140525_IN_IV_DR,53223,60.87%,
3T,VW_DH_TV_VF_yshaarj_nzoth_yogg_3977513576759277_IN_IV_DR_DS,53219,60.86%,
3T,VW_DH_VW_VF_nzoth_yogg_cthun_3133363524526061_IN_IV_ME_DS,53219,60.86%,
3T,VW_DH_VW_VF_nzoth_yogg_cthun_3132797729693677_IN_IV_DR,53219,60.86%,
3T,AR_SW_VF_yshaarj_yogg_cthun_1971233279041023_IN_IV_ME,53215,60.85%,
3T,VW_DH_VW_VF_nzoth_yogg_cthun_3132798736334829_IN_IV_ME,53214,60.85%,
3T,AR_SW_VF_yshaarj_yogg_cthun_1971233279041023_Mis_AM_DR,53213,60.84%,
3T,VW_DH_TV_VF_yshaarj_nzoth_yogg_3977497470631917_IN_AM_DR,53210,60.83%,
3T,AR_SP_VF_yshaarj_yogg_cthun_1971233279041023_Mis_AM_DR,53205,60.82%,
3T,AR_EC_VF_yshaarj_yogg_cthun_1971250458910191_IN_AM_ME_DS,53197,60.79%,
3T,VW_DH_TV_VF_nzoth_yogg_cthun_3133348492140525_IN_IV_DR,53192,60.78%,
3T,VW_DH_TV_VF_nzoth_yogg_cthun_3150252409675757_IN_IV_DR,53188,60.77%,
3T,VW_DH_TV_VF_yshaarj_nzoth_cthun_3696313477947373_IN_AM_DR_DS,53186,60.76%,
3T,VW_DH_TV_VF_nzoth_yogg_cthun_3135005275774957_IN_AM_DR_DS,53185,60.76%,
3T,AR_SW_VF_yshaarj_yogg_cthun_2043251290136063_IN_AM_ME,53182,60.75%,
3T,VW_DH_TV_VF_yshaarj_nzoth_yogg_4049797876342765_IN_IV_ME_DS,53180,60.74%,
3T,VW_DH_VW_VF_nzoth_yogg_cthun_3150243819749357_IN_IV_ME,53177,60.73%,
3T,VW_DH_TV_VF_nzoth_yogg_cthun_3132798736334829_IN_IV_ME,53176,60.73%,
3T,VW_DH_VW_VF_nzoth_yogg_cthun_3132791287242733_IN_IV_DR,53175,60.73%,
3T,VW_DH_VW_VF_nzoth_yogg_cthun_3132791220658157_IN_IV_DR,53174,60.73%,
3T,VW_DH_VW_VF_nzoth_yogg_cthun_3150245967224813_IN_IV_ME,53173,60.72%,
3T,VW_DH_VW_VF_yshaarj_nzoth_yogg_4049522998444013_IN_IV_DR_DS,53172,60.72%,
3T,VW_DH_TV_VF_nzoth_yogg_cthun_3132814842453997_IN_IV_DR_DS,53172,60.72%,
3T,VW_DH_TV_VF_nzoth_yogg_cthun_3132798736850925_IN_IV_ME,53170,60.71%,
3T,VW_DH_TV_VF_yshaarj_nzoth_yogg_3977634909577197_IN_AM_ME,53167,60.70%,
3T,AR_SW_VF_yshaarj_yogg_cthun_1971233345633775_Mis_AM_ME,53166,60.70%,
3T,VW_DH_TV_VF_nzoth_yogg_cthun_3150243820265453_IN_IV_DR,53164,60.69%,
3T,AR_EC_VF_yshaarj_yogg_cthun_1971233279041023_IN_AM_ME,53164,60.69%,
3T,VW_DH_VW_VF_nzoth_yogg_cthun_3134996685840365_IN_AM_DR,53162,60.69%,
3T,VW_DH_TV_VF_nzoth_yogg_cthun_3150243820265453_IN_IV_ME,53155,60.67%,
3T,VW_DH_VW_VF_nzoth_yogg_cthun_3150252409675757_IN_IV_DR,53152,60.66%,
3T,VW_DH_VW_VF_nzoth_yogg_cthun_3134996685840365_IN_AM_ME,53150,60.65%,
3T,VW_DH_TV_VF_yshaarj_nzoth_yogg_3977773422272493_IN_AM_ME,53148,60.65%,
3T,VW_DH_TV_VF_yshaarj_nzoth_cthun_3696313477947373_IN_AM_ME_DS,53148,60.64%,
3T,VW_DH_TV_VF_nzoth_yogg_cthun_3132858866393069_Mis_IV_ME,53146,60.64%,
3T,VW_DH_TV_VF_nzoth_yogg_cthun_3132806252527597_IN_IV_DR_DS,53145,60.64%,
3T,VW_DH_TV_VF_nzoth_yogg_cthun_3132935101538285_IN_AM_ME,53142,60.63%,
3T,VW_DH_VW_VF_yshaarj_nzoth_yogg_4049523065544685_IN_IV_ME_DS,53142,60.63%,
3T,VW_DH_VW_VF_nzoth_yogg_cthun_3132859939610605_Mis_IV_ME,53138,60.61%,
3T,VW_DH_VW_VF_yshaarj_nzoth_yogg_3977513577275373_IN_AM_ME_DS,53137,60.61%,
3T,VW_DH_TV_VF_nzoth_yogg_cthun_3135004202557421_IN_IV_ME_DS,53133,60.60%,
3T,AR_SP_VF_yshaarj_yogg_cthun_1971250458394095_Mis_AM_DR_DS,53131,60.60%,
3T,VW_DH_TV_VF_nzoth_yogg_cthun_3132806319628269_IN_IV_ME_DS,53130,60.59%,
3T,AR_SW_VF_yshaarj_yogg_cthun_1973432301772287_Mis_AM_ME,53127,60.58%,
3T,VW_DH_VW_VF_nzoth_yogg_cthun_3132936175280109_IN_IV_ME,53121,60.56%,
3T,VW_DH_VW_VF_nzoth_yogg_cthun_3132806252527597_IN_IV_ME_DS,53120,60.56%,
3T,AR_SW_VF_yshaarj_yogg_cthun_1971234352782831_Mis_AM_ME,53116,60.55%,
3T,AR_SW_VF_yshaarj_yogg_cthun_2043259880078831_Mis_AM_DR_DS,53115,60.55%,
3T,VW_DH_TV_VF_yshaarj_nzoth_yogg_4049516555984877_IN_AM_ME,53113,60.54%,
3T,VW_DH_TV_VF_nzoth_yogg_cthun_3150519771389933_IN_IV_DR,53113,60.54%,
3T,VW_DH_TV_VF_nzoth_yogg_cthun_3132798803435501_IN_IV_ME,53108,60.52%,
3T,VW_DH_TV_VF_nzoth_yogg_cthun_3150244960591853_IN_IV_ME,53105,60.52%,
3T,AR_SW_VF_yshaarj_yogg_cthun_2043259880070655_IN_AM_DR_DS,53103,60.51%,
3T,VW_DH_VW_VF_nzoth_yogg_cthun_3132806252527597_IN_IV_DR_DS,53102,60.51%,
3T,AR_SP_VF_yshaarj_yogg_cthun_2043259880594927_Mis_AM_ME_DS,53099,60.50%,
3T,VW_DH_VW_VF_nzoth_yogg_cthun_3150245967224813_IN_IV_DR,53094,60.48%,
3T,AR_SP_VF_yshaarj_yogg_cthun_1971233278524927_IN_AM_DR,53094,60.48%,
3T,VW_DH_TV_VF_nzoth_yogg_cthun_3133348492140525_IN_IV_ME,53089,60.47%,
3T,VW_DH_TV_VF_nzoth_yogg_cthun_3132798736334829_IN_IV_DR,53086,60.46%,
3T,VW_DH_VW_VF_nzoth_yogg_cthun_3132943691472877_IN_IV_ME_DS,53084,60.45%,
3T,VW_DH_TV_VF_yshaarj_nzoth_yogg_3977773422272493_IN_AM_DR,53084,60.45%,
3T,VW_DH_VW_VF_nzoth_yogg_cthun_3150252409675757_IN_IV_ME,53084,60.45%,
3T,AR_SW_VF_yshaarj_yogg_cthun_1971233279049199_Mis_AM_DR,53084,60.45%,
3T,AR_EC_VF_yshaarj_yogg_cthun_1971250458394095_Mis_AM_ME_DS,53073,60.42%,
3T,AR_SP_VF_yshaarj_yogg_cthun_1971233278524927_Mis_AM_DR,53066,60.40%,
3T,VW_DH_VW_VF_yshaarj_nzoth_yogg_4049525145919469_IN_IV_DR_DS,53062,60.38%,
3T,AR_SP_VF_yshaarj_yogg_cthun_1971234352266735_IN_AM_ME,53059,60.38%,
3T,AR_SW_VF_yshaarj_yogg_cthun_1971233345625599_Mis_AM_ME,53056,60.37%,
3T,AR_SP_VF_yshaarj_yogg_cthun_1971250525494767_Mis_AM_ME_DS,53049,60.35%,
3T,VW_DH_TV_VF_yshaarj_nzoth_yogg_3977497537732589_IN_AM_DR,53049,60.35%,
3T,VW_DH_TV_VF_yshaarj_nzoth_yogg_3977499618107373_IN_AM_ME,53047,60.34%,
3T,VW_DH_TV_VF_yshaarj_nzoth_yogg_3977497470631917_IN_AM_ME,53045,60.33%,
3T,AR_SP_VF_yshaarj_yogg_cthun_2043259880594927_IN_AM_ME_DS,53045,60.33%,
3T,VW_DH_TV_VF_nzoth_yogg_cthun_3150518697648109_IN_AM_ME,53044,60.33%,
3T,VW_DH_TV_VF_yshaarj_nzoth_yogg_3977513643859949_IN_IV_DR_DS,53044,60.33%,
3T,AR_SW_VF_yshaarj_yogg_cthun_1971233278524927_IN_AM_DR,53035,60.31%,
3T,VW_DH_TV_VF_nzoth_yogg_cthun_3135012791967725_IN_IV_DR_DS,53032,60.29%,
3T,AR_SP_VF_yshaarj_yogg_cthun_1971234352782831_IN_AM_ME,53026,60.28%,
3T,AR_SP_VF_yshaarj_yogg_cthun_2043259880078831_Mis_AM_ME_DS,53019,60.26%,
3T,AR_SP_VF_yshaarj_yogg_cthun_1971250525494767_IN_AM_ME_DS,53016,60.25%,
3T,VW_DH_VW_VF_nzoth_yogg_cthun_3135006349516781_IN_IV_DR_DS,53016,60.25%,
3T,VW_DH_TV_VF_yshaarj_nzoth_yogg_3977513643859949_IN_IV_ME_DS,53015,60.24%,
3T,VW_DH_VW_VF_nzoth_yogg_cthun_3150243886850029_IN_IV_ME,53014,60.24%,
3T,VW_DH_TV_VF_nzoth_yogg_cthun_3135004269141997_IN_IV_ME_DS,53013,60.24%,
3T,AR_SW_VF_yshaarj_yogg_cthun_1971250458910191_IN_AM_DR_DS,53008,60.22%,
3T,AR_SW_VF_yshaarj_yogg_cthun_1973432301772287_IN_AM_ME,53008,60.22%,
3T,AR_SP_VF_yshaarj_yogg_cthun_1971250458385919_IN_IV_ME_DS,53007,60.22%,
3T,VW_DH_VW_VF_nzoth_yogg_cthun_3133347418398701_IN_AM_DR,53005,60.21%,
3T,VW_DH_TV_VF_yshaarj_nzoth_yogg_3979697567621101_IN_AM_ME,52996,60.19%,
3T,AR_SP_VF_yshaarj_yogg_cthun_1971234352258559_IN_AM_ME,52995,60.18%,
3T,VW_DH_VW_VF_nzoth_yogg_cthun_3150243820265453_IN_IV_ME,52991,60.17%,
3T,VW_DH_VW_VF_nzoth_yogg_cthun_3132927585869805_IN_IV_ME,52989,60.17%,
3T,VW_DH_VW_VF_nzoth_yogg_cthun_3132935101538285_IN_AM_DR,52984,60.15%,
3T,VW_DH_TV_VF_yshaarj_nzoth_yogg_3977651015704557_IN_IV_ME_DS,52983,60.15%,
3T,VW_DH_VW_VF_yshaarj_nzoth_yogg_3977513577275373_IN_AM_DR_DS,52981,60.14%,
3T,VW_DH_TV_VF_nzoth_yogg_cthun_3135004269141997_IN_IV_DR_DS,52981,60.14%,
3T,VW_DH_TV_VF_nzoth_yogg_cthun_3205372946210797_IN_AM_DR_DS,52981,60.14%,
3T,AR_SW_VF_yshaarj_yogg_cthun_2043259880594927_Mis_AM_ME_DS,52979,60.14%,
3T,AR_SP_VF_yshaarj_yogg_cthun_1971250458910191_Mis_AM_DR_DS,52973,60.12%,
3T,VW_DH_TV_VF_nzoth_yogg_cthun_3132927652454381_IN_IV_DR,52966,60.10%,
3T,VW_DH_VW_VF_nzoth_yogg_cthun_3132798736850925_IN_IV_ME,52966,60.10%,
3T,AR_SP_VF_yshaarj_yogg_cthun_2043259880070655_Mis_AM_DR_DS,52962,60.08%,
3T,AR_SW_VF_yshaarj_yogg_cthun_1971234352782831_IN_AM_ME,52958,60.07%,
3T,VW_DH_VW_VF_nzoth_yogg_cthun_3135012791967725_IN_IV_ME_DS,52956,60.07%,
3T,VW_DH_TV_VF_nzoth_yogg_cthun_3152458949124077_IN_IV_ME_DS,52954,60.06%,
3T,VW_DH_VW_VF_nzoth_yogg_cthun_3132858866393069_Mis_IV_ME,52947,60.04%,
3T,AR_SW_VF_yshaarj_yogg_cthun_1971234352258559_Mis_AM_ME,52941,60.02%,
3T,VW_DH_TV_VF_yshaarj_nzoth_yogg_4049516555984877_IN_AM_DR,52939,60.02%,
3T,VW_DH_TV_VF_nzoth_yogg_cthun_3152458949124077_IN_IV_DR_DS,52939,60.01%,
3T,VW_DH_VW_VF_nzoth_yogg_cthun_3150519771389933_IN_IV_DR,52937,60.01%,
3T,VW_DH_TV_VF_nzoth_yogg_cthun_3150518697648109_IN_AM_DR,52935,60.00%,
3T,VW_DH_VW_VF_yshaarj_nzoth_yogg_4049524072177645_IN_AM_DR_DS,52934,60.00%,
3T,VW_DH_TV_VF_yshaarj_nzoth_yogg_3977497471148013_IN_AM_DR,52933,59.99%,
3T,VW_DH_VW_VF_nzoth_yogg_cthun_3132806319628269_IN_IV_ME_DS,52931,59.99%,
3T,VW_DH_VW_VF_nzoth_yogg_cthun_3133363524526061_IN_IV_DR_DS,52927,59.98%,
3T,VW_DH_TV_VF_yshaarj_nzoth_yogg_3977497537732589_IN_AM_ME,52926,59.97%,
3T,AR_EC_VF_yshaarj_yogg_cthun_1971250458385919_IN_AM_ME_DS,52924,59.97%,
3T,AR_SW_VF_yshaarj_yogg_cthun_1971250458385919_Mis_IV_ME_DS,52922,59.96%,
3T,VW_DH_TV_VF_nzoth_yogg_cthun_3133347418398701_IN_AM_ME,52921,59.96%,
3T,VW_DH_TV_VF_yshaarj_nzoth_yogg_3979697567621101_IN_AM_DR,52913,59.94%,
3T,VW_DH_TV_VF_nzoth_yogg_cthun_3132798803435501_IN_IV_DR,52911,59.93%,
3T,VW_DH_VW_VF_nzoth_yogg_cthun_3135006349516781_IN_IV_ME_DS,52910,59.93%,
3T,VW_DH_TV_VF_yshaarj_nzoth_yogg_3977513577275373_IN_IV_ME_DS,52910,59.93%,
3T,VW_DH_TV_VF_nzoth_yogg_cthun_3135006349516781_IN_IV_DR_DS,52907,59.92%,
3T,AR_SW_VF_yshaarj_yogg_cthun_1971233279041023_Mis_AM_ME,52903,59.91%,
3T,VW_DH_TV_VF_nzoth_yogg_cthun_3133347418398701_IN_AM_DR,52899,59.89%,
3T,AR_SW_VF_yshaarj_yogg_cthun_1971370717470207_IN_AM_ME,52898,59.89%,
3T,VW_DH_VW_VF_nzoth_yogg_cthun_3132927585353709_IN_IV_DR,52897,59.89%,
3T,AR_SP_VF_yshaarj_yogg_cthun_1971233345625599_IN_AM_ME,52897,59.89%,
3T,VW_DH_TV_VF_nzoth_yogg_cthun_3132806253043693_IN_IV_DR_DS,52895,59.88%,
3T,VW_DH_VW_VF_nzoth_yogg_cthun_3150243820265453_IN_IV_DR,52886,59.86%,
3T,VW_DH_TV_VF_yshaarj_nzoth_yogg_3977498544889837_IN_IV_DR,52884,59.85%,
3T,VW_DH_VW_VF_nzoth_yogg_cthun_3132814842453997_IN_IV_DR_DS,52883,59.85%,
3T,VW_DH_VW_VF_nzoth_yogg_cthun_3135004269141997_IN_IV_ME_DS,52880,59.84%,
3T,VW_DH_TV_VF_yshaarj_nzoth_yogg_4049531588370413_IN_AM_DR_DS,52879,59.83%,
3T,VW_DH_TV_VF_nzoth_yogg_cthun_3150260999610349_IN_IV_DR_DS,52878,59.83%,
3T,AR_SW_VF_yshaarj_yogg_cthun_1971250458394095_Mis_AM_DR_DS,52875,59.82%,
3T,AR_SP_VF_yshaarj_yogg_cthun_1971233279049199_Mis_AM_ME,52866,59.79%,
3T,VW_DH_TV_VF_nzoth_yogg_cthun_3132926511611885_IN_AM_DR,52861,59.78%,
3T,VW_DH_VW_VF_yshaarj_nzoth_yogg_4049523065544685_IN_IV_DR_DS,52860,59.77%,
3T,VW_DH_TV_VF_nzoth_yogg_cthun_3132928659087341_IN_AM_DR,52847,59.74%,
3T,VW_DH_TV_VF_nzoth_yogg_cthun_3132927585869805_IN_IV_DR,52845,59.73%,
3T,AR_EC_VF_yshaarj_yogg_cthun_2043259880070655_IN_AM_ME_DS,52844,59.73%,
3T,VW_DH_TV_VF_nzoth_yogg_cthun_3132951207665645_IN_IV_ME_DS,52841,59.72%,
3T,AR_SW_VF_yshaarj_yogg_cthun_2043259880078831_Mis_AM_ME_DS,52839,59.71%,
3T,VW_DH_TV_VF_yshaarj_nzoth_yogg_4049660437389293_IN_IV_ME_DS,52836,59.70%,
3T,VW_DH_TV_VF_nzoth_yogg_cthun_3132942617739245_IN_IV_ME_DS,52835,59.70%,
3T,VW_DH_VW_VF_nzoth_yogg_cthun_3132806253043693_IN_IV_ME_DS,52834,59.70%,
3T,VW_DH_TV_VF_nzoth_yogg_cthun_3135004202557421_IN_IV_DR_DS,52833,59.69%,
3T,VW_DH_VW_VF_nzoth_yogg_cthun_3132798736334829_IN_IV_DR,52830,59.69%,
3T,VW_DH_TV_VF_nzoth_yogg_cthun_3150244893491181_IN_IV_DR,52828,59.68%,
3T,AR_SW_VF_yshaarj_yogg_cthun_1971250458394095_IN_AM_DR_DS,52824,59.67%,
3T,VW_DH_VW_VF_nzoth_yogg_cthun_3132943691472877_IN_IV_DR_DS,52823,59.66%,
3T,VW_DH_VW_VF_yshaarj_nzoth_yogg_4049524072177645_IN_AM_ME_DS,52822,59.66%,
3T,AR_SW_VF_yshaarj_yogg_cthun_1971233278524927_Mis_AM_DR,52819,59.65%,
3T,VW_DH_TV_VF_nzoth_yogg_cthun_3205372946210797_IN_AM_ME_DS,52817,59.65%,
3T,VW_DH_TV_VF_yshaarj_nzoth_yogg_4049524072177645_IN_IV_DR_DS,52814,59.64%,
3T,VW_DH_TV_VF_nzoth_yogg_cthun_3132935101538285_IN_AM_DR,52812,59.63%,
3T,AR_SP_VF_yshaarj_yogg_cthun_1971234352266735_Mis_AM_ME,52805,59.61%,
3T,VW_DH_VW_VF_nzoth_yogg_cthun_3150253483417581_IN_IV_ME,52803,59.60%,
3T,VW_DH_VW_VF_yshaarj_nzoth_yogg_4049522998960109_IN_IV_ME_DS,52797,59.59%,
3T,VW_DH_TV_VF_nzoth_yogg_cthun_3132808400003053_IN_IV_DR_DS,52797,59.58%,
3T,AR_SW_VF_yshaarj_yogg_cthun_1971250525494767_Mis_AM_ME_DS,52790,59.56%,
3T,VW_DH_TV_VF_yshaarj_nzoth_yogg_3977499618107373_IN_AM_DR,52790,59.56%,
3T,VW_DH_TV_VF_yshaarj_nzoth_yogg_3977514650492909_IN_AM_ME_DS,52787,59.55%,
3T,AR_SP_VF_yshaarj_yogg_cthun_1971234352258559_Mis_AM_ME,52786,59.55%,
3T,AR_SP_VF_yshaarj_yogg_cthun_1971250458394095_IN_AM_DR_DS,52786,59.55%,
3T,VW_DH_TV_VF_yshaarj_nzoth_yogg_4049522998444013_IN_IV_DR_DS,52786,59.55%,
3T,VW_DH_TV_VF_yshaarj_nzoth_cthun_3768322899632109_IN_AM_DR_DS,52782,59.54%,
3T,VW_DH_VW_VF_nzoth_yogg_cthun_3132936175280109_IN_IV_DR,52780,59.53%,
3T,VW_DH_TV_VF_nzoth_yogg_cthun_3132942617739245_IN_IV_DR_DS,52776,59.52%,
3T,VW_DH_TV_VF_yshaarj_nzoth_yogg_4049522998960109_IN_IV_ME_DS,52776,59.52%,
3T,VW_DH_VW_VF_nzoth_yogg_cthun_3135012791967725_IN_IV_DR_DS,52775,59.52%,
3T,VW_DH_TV_VF_nzoth_yogg_cthun_3132928659087341_IN_AM_ME,52775,59.52%,
3T,VW_DH_VW_VF_nzoth_yogg_cthun_3135004202557421_IN_IV_ME_DS,52774,59.52%,
3T,VW_DH_TV_VF_nzoth_yogg_cthun_3132799810068461_IN_AM_ME,52773,59.51%,
3T,AR_SW_VF_yshaarj_yogg_cthun_1971233279049199_Mis_AM_ME,52770,59.50%,
3T,VW_DH_TV_VF_nzoth_yogg_cthun_3133363524526061_IN_IV_ME_DS,52768,59.50%,
3T,VW_DH_TV_VF_yshaarj_nzoth_yogg_3979712600006637_IN_AM_DR_DS,52768,59.50%,
3T,VW_DH_TV_VF_nzoth_yogg_cthun_3132797662593005_IN_AM_DR,52767,59.49%,
3T,VW_DH_TV_VF_nzoth_yogg_cthun_3132815916195821_IN_IV_ME_DS,52766,59.49%,
3T,VW_DH_TV_VF_nzoth_yogg_cthun_3150253483417581_IN_IV_ME,52764,59.49%,
3T,AR_EC_VF_yshaarj_yogg_cthun_1971250458385919_Mis_AM_ME_DS,52761,59.48%,
3T,VW_DH_VW_VF_yshaarj_nzoth_yogg_3977567263842285_Mis_AM_DR,52758,59.47%,
3T,VW_DH_VW_VF_nzoth_yogg_cthun_3150534803775469_IN_IV_ME_DS,52752,59.45%,
3T,VW_DH_TV_VF_yshaarj_nzoth_yogg_3977513577275373_IN_IV_DR_DS,52750,59.44%,
3T,VW_DH_VW_VF_nzoth_yogg_cthun_3205372946210797_IN_AM_DR_DS,52743,59.42%,
3T,AR_SP_VF_yshaarj_yogg_cthun_1971250458385919_IN_AM_DR_DS,52743,59.42%,
3T,VW_DH_VW_VF_yshaarj_nzoth_yogg_4049522998960109_IN_IV_DR_DS,52743,59.42%,
3T,AR_SP_VF_yshaarj_yogg_cthun_1971233279041023_IN_AM_ME,52742,59.42%,
3T,VW_DH_TV_VF_yshaarj_nzoth_yogg_4049531588370413_IN_AM_ME_DS,52741,59.41%,
3T,VW_DH_TV_VF_nzoth_yogg_cthun_3132791220142061_IN_AM_DR,52739,59.41%,
3T,VW_DH_VW_VF_nzoth_yogg_cthun_3150244893491181_IN_IV_ME,52738,59.41%,
3T,VW_DH_TV_VF_nzoth_yogg_cthun_3132806253043693_IN_IV_ME_DS,52737,59.40%,
3T,VW_DH_TV_VF_nzoth_yogg_cthun_3132926512127981_IN_AM_DR,52736,59.40%,
3T,VW_DH_TV_VF_yshaarj_nzoth_yogg_3979712600006637_IN_AM_ME_DS,52733,59.39%,
3T,VW_DH_VW_VF_nzoth_yogg_cthun_3132996304822253_Mis_IV_ME,52732,59.39%,
3T,VW_DH_TV_VF_nzoth_yogg_cthun_3132798736850925_IN_IV_DR,52730,59.38%,
3T,VW_DH_TV_VF_yshaarj_nzoth_yogg_4049522998444013_IN_IV_ME_DS,52728,59.38%,
3T,VW_DH_VW_VF_nzoth_yogg_cthun_3150518697648109_IN_AM_DR,52728,59.38%,
3T,VW_DH_TV_VF_nzoth_yogg_cthun_3135005275774957_IN_AM_ME_DS,52727,59.37%,
3T,AR_SP_VF_yshaarj_yogg_cthun_1971233279049199_IN_AM_ME,52726,59.37%,
3T,VW_DH_TV_VF_nzoth_yogg_cthun_3150534803775469_IN_IV_ME_DS,52723,59.36%,
3T,VW_DH_VW_VF_nzoth_yogg_cthun_3132927652454381_IN_IV_DR,52722,59.36%,
3T,VW_DH_VW_VF_yshaarj_nzoth_yogg_4049797876342765_IN_AM_DR_DS,52720,59.35%,
3T,VW_DH_TV_VF_nzoth_yogg_cthun_3150244893491181_IN_IV_ME,52718,59.35%,
3T,VW_DH_TV_VF_nzoth_yogg_cthun_3132996304822253_Mis_IV_ME,52717,59.34%,
3T,VW_DH_TV_VF_nzoth_yogg_cthun_3134997759582189_IN_AM_ME,52716,59.34%,
3T,VW_DH_VW_VF_nzoth_yogg_cthun_3132808400003053_IN_IV_ME_DS,52714,59.33%,
3T,VW_DH_VW_VF_nzoth_yogg_cthun_3150244960591853_IN_IV_ME,52714,59.33%,
3T,AR_SW_VF_yshaarj_yogg_cthun_1971233345625599_IN_AM_ME,52713,59.33%,
3T,AR_SW_VF_yshaarj_yogg_cthun_2043259880070655_IN_IV_ME_DS,52712,59.33%,
3T,VW_DH_TV_VF_yshaarj_nzoth_yogg_3977497471148013_IN_AM_ME,52710,59.32%,
3T,VW_DH_TV_VF_yshaarj_nzoth_yogg_3977515724234733_IN_IV_DR_DS,52709,59.32%,
3T,VW_DH_TV_VF_nzoth_yogg_cthun_3150260999610349_IN_IV_ME_DS,52706,59.31%,
3T,VW_DH_VW_VF_yshaarj_nzoth_yogg_4049797876342765_IN_AM_ME_DS,52704,59.30%,
3T,VW_DH_TV_VF_nzoth_yogg_cthun_3150253483417581_IN_IV_DR,52703,59.30%,
3T,AR_EC_VF_yshaarj_yogg_cthun_2043259880070655_Mis_AM_ME_DS,52703,59.30%,
3T,AR_SW_VF_yshaarj_yogg_cthun_1971233345633775_IN_AM_ME,52701,59.29%,
3T,VW_DH_TV_VF_nzoth_yogg_cthun_3132926511611885_IN_AM_ME,52699,59.29%,
3T,VW_DH_TV_VF_nzoth_yogg_cthun_3150244894007277_IN_IV_ME,52697,59.28%,
3T,AR_SW_VF_yshaarj_yogg_cthun_2043259880594927_IN_AM_ME_DS,52696,59.28%,
3T,AR_SP_VF_yshaarj_yogg_cthun_1971234352782831_Mis_AM_ME,52691,59.27%,
3T,VW_DH_VW_VF_nzoth_yogg_cthun_3205372946210797_IN_AM_ME_DS,52689,59.26%,
3T,VW_DH_VW_VF_nzoth_yogg_cthun_3132928659087341_IN_AM_DR,52688,59.26%,
3T,AR_SW_VF_yshaarj_yogg_cthun_1971233279049199_IN_AM_ME,52688,59.25%,
3T,VW_DH_TV_VF_nzoth_yogg_cthun_3132813769236461_IN_IV_ME_DS,52688,59.25%,
3T,VW_DH_VW_VF_nzoth_yogg_cthun_3132944765214701_IN_IV_ME_DS,52685,59.25%,
3T,VW_DH_VW_VF_nzoth_yogg_cthun_3135005275774957_IN_AM_DR_DS,52683,59.24%,
3T,VW_DH_TV_VF_nzoth_yogg_cthun_3132942684839917_IN_IV_ME_DS,52683,59.24%,
3T,VW_DH_TV_VF_nzoth_yogg_cthun_3132791287242733_IN_AM_DR,52681,59.24%,
3T,AR_SP_VF_yshaarj_yogg_cthun_1971233278524927_IN_AM_ME,52681,59.23%,
3T,VW_DH_TV_VF_nzoth_yogg_cthun_3132797729693677_IN_AM_DR,52678,59.23%,
3T,VW_DH_VW_VF_nzoth_yogg_cthun_3132798803435501_IN_IV_ME,52677,59.22%,
3T,VW_DH_TV_VF_yshaarj_nzoth_yogg_4049660437389293_IN_IV_DR_DS,52667,59.19%,
3T,VW_DH_TV_VF_nzoth_yogg_cthun_3132813768720365_IN_IV_ME_DS,52665,59.18%,
3T,AR_SW_VF_yshaarj_yogg_cthun_1971234352266735_Mis_AM_ME,52664,59.18%,
3T,VW_DH_TV_VF_nzoth_yogg_cthun_3132799810068461_IN_AM_DR,52661,59.17%,
3T,VW_DH_TV_VF_nzoth_yogg_cthun_3150244960591853_IN_IV_DR,52657,59.16%,
3T,VW_DH_VW_VF_nzoth_yogg_cthun_3152458949124077_IN_IV_DR_DS,52655,59.16%,
3T,VW_DH_TV_VF_nzoth_yogg_cthun_3132942618255341_IN_IV_ME_DS,52653,59.15%,
3T,VW_DH_VW_VF_nzoth_yogg_cthun_3132942617739245_IN_IV_DR_DS,52651,59.14%,
3T,VW_DH_TV_VF_nzoth_yogg_cthun_3132858865876973_Mis_IV_ME,52649,59.14%,
3T,VW_DH_TV_VF_yshaarj_nzoth_yogg_3977788454658029_IN_AM_ME_DS,52646,59.13%,
3T,VW_DH_TV_VF_nzoth_yogg_cthun_3132942684839917_IN_IV_DR_DS,52642,59.12%,
3T,VW_DH_VW_VF_nzoth_yogg_cthun_3132926511611885_IN_AM_DR,52641,59.11%,
3T,AR_SW_VF_yshaarj_yogg_cthun_1971234352266735_IN_AM_ME,52639,59.11%,
3T,VW_DH_VW_VF_nzoth_yogg_cthun_3152458949124077_IN_IV_ME_DS,52633,59.09%,
3T,VW_DH_VW_VF_nzoth_yogg_cthun_3132867455803373_Mis_IV_ME,52631,59.08%,
3T,VW_DH_TV_VF_yshaarj_nzoth_yogg_3977788454658029_IN_AM_DR_DS,52624,59.06%,
3T,VW_DH_VW_VF_nzoth_yogg_cthun_3132806253043693_IN_IV_DR_DS,52624,59.06%,
3T,VW_DH_TV_VF_nzoth_yogg_cthun_3132797662593005_IN_AM_ME,52624,59.06%,
3T,AR_SP_VF_yshaarj_yogg_cthun_2043259880078831_IN_AM_ME_DS,52620,59.05%,
3T,AR_SP_VF_yshaarj_yogg_cthun_1971250458385919_Mis_AM_DR_DS,52620,59.05%,
3T,VW_DH_VW_VF_nzoth_yogg_cthun_3132942617739245_IN_IV_ME_DS,52616,59.04%,
3T,VW_DH_VW_VF_nzoth_yogg_cthun_3132806319628269_IN_IV_DR_DS,52614,59.03%,
3T,VW_DH_VW_VF_nzoth_yogg_cthun_3150244893491181_IN_IV_DR,52613,59.03%,
3T,VW_DH_TV_VF_yshaarj_nzoth_yogg_3977567263842285_Mis_IV_ME,52611,59.02%,
3T,VW_DH_TV_VF_nzoth_yogg_cthun_3132859939610605_Mis_IV_DR,52608,59.01%,
3T,VW_DH_TV_VF_nzoth_yogg_cthun_3132807326785517_IN_IV_ME_DS,52608,59.01%,
3T,VW_DH_TV_VF_nzoth_yogg_cthun_3132806319628269_IN_IV_DR_DS,52602,58.99%,
3T,VW_DH_TV_VF_nzoth_yogg_cthun_3150252409675757_IN_AM_DR,52601,58.99%,
3T,VW_DH_VW_VF_nzoth_yogg_cthun_3135004269141997_IN_IV_DR_DS,52598,58.98%,
3T,VW_DH_VW_VF_nzoth_yogg_cthun_3132951207665645_IN_IV_ME_DS,52593,58.97%,
3T,VW_DH_TV_VF_nzoth_yogg_cthun_3132791220142061_IN_AM_ME,52589,58.96%,
3T,VW_DH_VW_VF_nzoth_yogg_cthun_3150260999610349_IN_IV_ME_DS,52584,58.94%,
3T,AR_SW_VF_yshaarj_yogg_cthun_1971250525494767_IN_AM_ME_DS,52575,58.91%,
3T,VW_DH_TV_VF_nzoth_yogg_cthun_3132926578712557_IN_AM_ME,52568,58.89%,
3T,VW_DH_TV_VF_nzoth_yogg_cthun_3132813768720365_IN_IV_DR_DS,52567,58.89%,
3T,VW_DH_TV_VF_nzoth_yogg_cthun_3134997759582189_IN_AM_DR,52566,58.89%,
3T,AR_SP_VF_yshaarj_yogg_cthun_1971233279041023_Mis_AM_ME,52563,58.88%,
3T,AR_SW_VF_yshaarj_yogg_cthun_1971250458385919_Mis_AM_DR_DS,52557,58.86%,
3T,VW_DH_TV_VF_nzoth_yogg_cthun_3132797663109101_IN_AM_DR,52554,58.85%,
3T,VW_DH_VW_VF_nzoth_yogg_cthun_3150244894007277_IN_IV_ME,52549,58.84%,
3T,VW_DH_TV_VF_nzoth_yogg_cthun_3132858865876973_Mis_IV_DR,52548,58.83%,
3T,VW_DH_VW_VF_nzoth_yogg_cthun_3135004202557421_IN_IV_DR_DS,52548,58.83%,
3T,VW_DH_TV_VF_nzoth_yogg_cthun_3132944765214701_IN_IV_ME_DS,52547,58.83%,
3T,VW_DH_TV_VF_yshaarj_nzoth_yogg_4049523065544685_IN_IV_ME_DS,52544,58.82%,
3T,VW_DH_VW_VF_nzoth_yogg_cthun_3134997759582189_IN_AM_ME,52539,58.81%,
3T,AR_SW_VF_yshaarj_yogg_cthun_1971234352258559_IN_AM_ME,52539,58.80%,
3T,VW_DH_VW_VF_nzoth_yogg_cthun_3132798736850925_IN_IV_DR,52537,58.80%,
3T,VW_DH_TV_VF_nzoth_yogg_cthun_3133363524526061_IN_IV_DR_DS,52518,58.74%,
3T,VW_DH_TV_VF_nzoth_yogg_cthun_3132797729693677_IN_AM_ME,52518,58.74%,
3T,AR_SW_VF_yshaarj_yogg_cthun_1971250458385919_IN_IV_ME_DS,52516,58.73%,
3T,VW_DH_VW_VF_nzoth_yogg_cthun_3132797662593005_IN_AM_DR,52515,58.73%,
3T,VW_DH_VW_VF_nzoth_yogg_cthun_3132815916195821_IN_IV_ME_DS,52510,58.72%,
3T,VW_DH_TV_VF_nzoth_yogg_cthun_3150534803775469_IN_IV_DR_DS,52506,58.71%,
3T,VW_DH_VW_VF_nzoth_yogg_cthun_3132798803435501_IN_IV_DR,52506,58.71%,
3T,VW_DH_VW_VF_nzoth_yogg_cthun_3132927585869805_IN_IV_DR,52505,58.70%,
3T,VW_DH_VW_VF_nzoth_yogg_cthun_3132935101538285_IN_AM_ME,52499,58.69%,
3T,VW_DH_TV_VF_yshaarj_nzoth_yogg_4049525145919469_IN_IV_ME_DS,52498,58.68%,
3T,VW_DH_VW_VF_yshaarj_nzoth_yogg_4049660437389293_IN_AM_ME_DS,52490,58.66%,
3T,VW_DH_TV_VF_nzoth_yogg_cthun_3132942618255341_IN_IV_DR_DS,52485,58.64%,
3T,VW_DH_VW_VF_yshaarj_nzoth_yogg_4049660437389293_IN_AM_DR_DS,52481,58.63%,
3T,AR_SW_VF_yshaarj_yogg_cthun_1971250458385919_IN_AM_DR_DS,52477,58.62%,
3T,VW_DH_VW_VF_nzoth_yogg_cthun_3133348492140525_IN_AM_ME,52471,58.60%,
3T,VW_DH_VW_VF_nzoth_yogg_cthun_3132928659087341_IN_AM_ME,52468,58.59%,
3T,VW_DH_VW_VF_nzoth_yogg_cthun_3150313612959725_Mis_IV_ME,52463,58.58%,
3T,VW_DH_TV_VF_nzoth_yogg_cthun_3132867455803373_Mis_IV_ME,52461,58.57%,
3T,VW_DH_VW_VF_nzoth_yogg_cthun_3132858865876973_Mis_IV_ME,52459,58.56%,
3T,VW_DH_VW_VF_nzoth_yogg_cthun_3150518697648109_IN_AM_ME,52455,58.55%,
3T,VW_DH_VW_VF_nzoth_yogg_cthun_3135005275774957_IN_AM_ME_DS,52454,58.55%,
3T,VW_DH_VW_VF_nzoth_yogg_cthun_3132926578712557_IN_AM_ME,52453,58.54%,
3T,VW_DH_TV_VF_yshaarj_nzoth_yogg_3977635983319021_IN_AM_ME,52452,58.54%,
3T,VW_DH_TV_VF_nzoth_yogg_cthun_3150313612959725_Mis_IV_ME,52449,58.53%,
3T,VW_DH_VW_VF_nzoth_yogg_cthun_3134997759582189_IN_AM_DR,52447,58.53%,
3T,VW_DH_VW_VF_nzoth_yogg_cthun_3132799810068461_IN_AM_DR,52444,58.52%,
3T,VW_DH_VW_VF_nzoth_yogg_cthun_3132859939610605_Mis_IV_DR,52441,58.51%,
3T,VW_DH_TV_VF_nzoth_yogg_cthun_3132807393370093_IN_IV_ME_DS,52440,58.50%,
3T,VW_DH_TV_VF_nzoth_yogg_cthun_3132858866393069_Mis_IV_DR,52438,58.50%,
3T,VW_DH_VW_VF_nzoth_yogg_cthun_3150534803775469_IN_IV_DR_DS,52437,58.50%,
3T,VW_DH_VW_VF_nzoth_yogg_cthun_3132951207665645_IN_IV_DR_DS,52435,58.49%,
3T,VW_DH_TV_VF_nzoth_yogg_cthun_3132926578712557_IN_AM_DR,52433,58.49%,
3T,VW_DH_TV_VF_nzoth_yogg_cthun_3132791287242733_IN_AM_ME,52431,58.48%,
3T,VW_DH_VW_VF_nzoth_yogg_cthun_3132797729693677_IN_AM_DR,52430,58.48%,
3T,VW_DH_VW_VF_nzoth_yogg_cthun_3132807326785517_IN_IV_ME_DS,52427,58.47%,
3T,VW_DH_TV_VF_yshaarj_nzoth_yogg_3977635983319021_IN_AM_DR,52424,58.46%,
3T,VW_DH_VW_VF_nzoth_yogg_cthun_3132791220142061_IN_AM_DR,52419,58.44%,
3T,VW_DH_VW_VF_nzoth_yogg_cthun_3132807326269421_IN_IV_DR_DS,52417,58.44%,
3T,VW_DH_VW_VF_nzoth_yogg_cthun_3132926512127981_IN_AM_DR,52413,58.42%,
3T,VW_DH_VW_VF_nzoth_yogg_cthun_3132926578712557_IN_AM_DR,52412,58.42%,
3T,VW_DH_VW_VF_nzoth_yogg_cthun_3150253483417581_IN_IV_DR,52411,58.42%,
3T,VW_DH_TV_VF_yshaarj_nzoth_yogg_3977514650492909_IN_AM_DR_DS,52410,58.41%,
3T,VW_DH_VW_VF_nzoth_yogg_cthun_3132797729693677_IN_AM_ME,52403,58.39%,
3T,VW_DH_VW_VF_nzoth_yogg_cthun_3150244960591853_IN_IV_DR,52403,58.39%,
3T,AR_SP_VF_yshaarj_yogg_cthun_1971250458394095_IN_AM_ME_DS,52400,58.38%,
3T,VW_DH_TV_VF_nzoth_yogg_cthun_3150244894007277_IN_IV_DR,52399,58.38%,
3T,VW_DH_VW_VF_nzoth_yogg_cthun_3132942618255341_IN_IV_ME_DS,52395,58.37%,
3T,VW_DH_VW_VF_nzoth_yogg_cthun_3132813768720365_IN_IV_ME_DS,52385,58.34%,
3T,VW_DH_TV_VF_nzoth_yogg_cthun_3132813835821037_IN_IV_ME_DS,52383,58.33%,
3T,AR_SW_VF_yshaarj_yogg_cthun_1971250458910191_IN_AM_ME_DS,52383,58.33%,
3T,VW_DH_TV_VF_nzoth_yogg_cthun_3150259925876717_IN_IV_DR_DS,52379,58.32%,
3T,VW_DH_VW_VF_nzoth_yogg_cthun_3132808400003053_IN_IV_DR_DS,52379,58.32%,
3T,VW_DH_TV_VF_yshaarj_nzoth_yogg_4049523065544685_IN_IV_DR_DS,52378,58.32%,
3T,VW_DH_TV_VF_nzoth_yogg_cthun_3132815916195821_IN_IV_DR_DS,52373,58.30%,
3T,VW_DH_VW_VF_nzoth_yogg_cthun_3133348492140525_IN_AM_DR,52371,58.30%,
3T,AR_SW_VF_yshaarj_yogg_cthun_2043259880078831_IN_AM_ME_DS,52371,58.30%,
3T,VW_DH_TV_VF_nzoth_yogg_cthun_3132858932977645_Mis_IV_ME,52368,58.29%,
3T,VW_DH_VW_VF_nzoth_yogg_cthun_3132858865876973_Mis_IV_DR,52367,58.29%,
3T,VW_DH_TV_VF_nzoth_yogg_cthun_3132797663109101_IN_AM_ME,52367,58.29%,
3T,VW_DH_TV_VF_yshaarj_nzoth_yogg_4049525145919469_IN_IV_DR_DS,52366,58.28%,
3T,VW_DH_VW_VF_nzoth_yogg_cthun_3150243819749357_IN_AM_DR,52362,58.27%,
3T,VW_DH_TV_VF_nzoth_yogg_cthun_3132951207665645_IN_IV_DR_DS,52361,58.27%,
3T,VW_DH_TV_VF_nzoth_yogg_cthun_3150252409675757_IN_AM_ME,52350,58.23%,
3T,VW_DH_TV_VF_yshaarj_nzoth_cthun_3768322899632109_IN_AM_ME_DS,52346,58.22%,
3T,VW_DH_VW_VF_nzoth_yogg_cthun_3132791220658157_IN_AM_ME,52345,58.22%,
3T,AR_SW_VF_yshaarj_yogg_cthun_1971250458910191_Mis_AM_ME_DS,52344,58.22%,
3T,VW_DH_TV_VF_nzoth_yogg_cthun_3150243819749357_IN_AM_DR,52338,58.20%,
3T,VW_DH_TV_VF_nzoth_yogg_cthun_3132807326269421_IN_IV_DR_DS,52336,58.19%,
3T,VW_DH_VW_VF_nzoth_yogg_cthun_3132926511611885_IN_AM_ME,52335,58.19%,
3T,VW_DH_VW_VF_nzoth_yogg_cthun_3132807326269421_IN_IV_ME_DS,52335,58.19%,
3T,VW_DH_VW_VF_nzoth_yogg_cthun_3132797662593005_IN_AM_ME,52332,58.18%,
3T,VW_DH_VW_VF_nzoth_yogg_cthun_3132936175280109_IN_AM_ME,52321,58.15%,
3T,VW_DH_VW_VF_nzoth_yogg_cthun_3132942684839917_IN_IV_ME_DS,52321,58.15%,
3T,VW_DH_VW_VF_nzoth_yogg_cthun_3150260999610349_IN_IV_DR_DS,52316,58.13%,
3T,VW_DH_TV_VF_nzoth_yogg_cthun_3150243886850029_IN_AM_DR,52315,58.13%,
3T,VW_DH_VW_VF_nzoth_yogg_cthun_3132813835821037_IN_IV_DR_DS,52312,58.12%,
3T,AR_SW_VF_yshaarj_yogg_cthun_1971233278524927_Mis_AM_ME,52307,58.10%,
3T,VW_DH_TV_VF_nzoth_yogg_cthun_3132807326269421_IN_IV_ME_DS,52306,58.10%,
3T,VW_DH_TV_VF_nzoth_yogg_cthun_3132936175280109_IN_AM_ME,52305,58.10%,
3T,VW_DH_VW_VF_nzoth_yogg_cthun_3132858866393069_Mis_IV_DR,52299,58.08%,
3T,AR_SW_VF_yshaarj_yogg_cthun_1971233279041023_IN_AM_ME,52298,58.08%,
3T,VW_DH_TV_VF_nzoth_yogg_cthun_3132813835821037_IN_IV_DR_DS,52296,58.07%,
3T,VW_DH_VW_VF_nzoth_yogg_cthun_3132797663109101_IN_AM_DR,52295,58.07%,
3T,AR_SP_VF_yshaarj_yogg_cthun_1971233278524927_Mis_AM_ME,52291,58.06%,
3T,VW_DH_TV_VF_nzoth_yogg_cthun_3132944765214701_IN_IV_DR_DS,52291,58.06%,
3T,VW_DH_TV_VF_nzoth_yogg_cthun_3132926512127981_IN_AM_ME,52287,58.04%,
3T,VW_DH_TV_VF_nzoth_yogg_cthun_3150245967224813_IN_AM_DR,52284,58.03%,
3T,VW_DH_VW_VF_nzoth_yogg_cthun_3132791220142061_IN_AM_ME,52283,58.03%,
3T,VW_DH_TV_VF_nzoth_yogg_cthun_3150268515803117_IN_IV_ME_DS,52279,58.02%,
3T,VW_DH_TV_VF_nzoth_yogg_cthun_3132791220658157_IN_AM_DR,52271,57.99%,
3T,AR_SP_VF_yshaarj_yogg_cthun_1971250458394095_Mis_AM_ME_DS,52270,57.99%,
3T,VW_DH_TV_VF_yshaarj_nzoth_yogg_3977651015704557_IN_AM_DR_DS,52270,57.99%,
3T,VW_DH_VW_VF_nzoth_yogg_cthun_3132791220658157_IN_AM_DR,52266,57.98%,
3T,VW_DH_TV_VF_nzoth_yogg_cthun_3150519771389933_IN_AM_ME,52265,57.98%,
3T,VW_DH_TV_VF_nzoth_yogg_cthun_3132996304822253_Mis_IV_DR,52262,57.97%,
3T,VW_DH_VW_VF_nzoth_yogg_cthun_3132797663109101_IN_AM_ME,52256,57.95%,
3T,VW_DH_TV_VF_nzoth_yogg_cthun_3132859939610605_Mis_AM_ME,52254,57.94%,
3T,VW_DH_TV_VF_nzoth_yogg_cthun_3132798803435501_IN_AM_ME,52243,57.91%,
3T,VW_DH_VW_VF_nzoth_yogg_cthun_3150252409675757_IN_AM_DR,52241,57.90%,
3T,VW_DH_VW_VF_nzoth_yogg_cthun_3132944765214701_IN_IV_DR_DS,52238,57.90%,
3T,VW_DH_TV_VF_nzoth_yogg_cthun_3135012791967725_IN_AM_ME_DS,52237,57.89%,
3T,VW_DH_VW_VF_nzoth_yogg_cthun_3132799810068461_IN_AM_ME,52230,57.87%,
3T,VW_DH_TV_VF_nzoth_yogg_cthun_3132943691472877_IN_AM_DR_DS,52230,57.87%,
3T,AR_SW_VF_yshaarj_yogg_cthun_1971250458394095_Mis_AM_ME_DS,52229,57.87%,
3T,VW_DH_TV_VF_nzoth_yogg_cthun_3150259992977389_IN_IV_DR_DS,52227,57.86%,
3T,VW_DH_TV_VF_nzoth_yogg_cthun_3150519771389933_IN_AM_DR,52226,57.86%,
3T,VW_DH_VW_VF_nzoth_yogg_cthun_3132926512127981_IN_AM_ME,52224,57.85%,
3T,VW_DH_TV_VF_nzoth_yogg_cthun_3132807393370093_IN_IV_DR_DS,52222,57.85%,
3T,VW_DH_VW_VF_nzoth_yogg_cthun_3132807393370093_IN_IV_ME_DS,52222,57.85%,
3T,AR_SP_VF_yshaarj_yogg_cthun_1971250458910191_Mis_AM_ME_DS,52221,57.84%,
3T,VW_DH_TV_VF_nzoth_yogg_cthun_3150268515803117_IN_IV_DR_DS,52220,57.84%,
3T,VW_DH_VW_VF_nzoth_yogg_cthun_3135012791967725_IN_AM_ME_DS,52219,57.84%,
3T,AR_SP_VF_yshaarj_yogg_cthun_2043259880070655_Mis_AM_ME_DS,52214,57.82%,
3T,VW_DH_VW_VF_nzoth_yogg_cthun_3132813835821037_IN_IV_ME_DS,52210,57.81%,
3T,VW_DH_VW_VF_nzoth_yogg_cthun_3132858932977645_Mis_IV_ME,52208,57.81%,
3T,VW_DH_VW_VF_nzoth_yogg_cthun_3132813769236461_IN_IV_ME_DS,52206,57.80%,
3T,VW_DH_TV_VF_nzoth_yogg_cthun_3135012791967725_IN_AM_DR_DS,52202,57.79%,
3T,VW_DH_TV_VF_nzoth_yogg_cthun_3150313612959725_Mis_IV_DR,52200,57.78%,
3T,VW_DH_TV_VF_yshaarj_nzoth_yogg_3977498611474413_IN_AM_ME,52197,57.77%,
3T,VW_DH_VW_VF_nzoth_yogg_cthun_3150245967224813_IN_AM_DR,52195,57.77%,
3T,VW_DH_TV_VF_nzoth_yogg_cthun_3132936175280109_IN_AM_DR,52193,57.76%,
3T,VW_DH_TV_VF_nzoth_yogg_cthun_3132791220658157_IN_AM_ME,52190,57.75%,
3T,VW_DH_VW_VF_nzoth_yogg_cthun_3150244894007277_IN_IV_DR,52178,57.71%,
3T,VW_DH_TV_VF_yshaarj_nzoth_yogg_4049524072177645_IN_AM_DR_DS,52176,57.71%,
3T,VW_DH_VW_VF_nzoth_yogg_cthun_3132942618255341_IN_IV_DR_DS,52174,57.70%,
3T,VW_DH_TV_VF_nzoth_yogg_cthun_3132867455803373_Mis_IV_DR,52162,57.67%,
3T,VW_DH_TV_VF_nzoth_yogg_cthun_3150259992977389_IN_IV_ME_DS,52154,57.64%,
3T,VW_DH_VW_VF_nzoth_yogg_cthun_3132791287242733_IN_AM_ME,52151,57.63%,
3T,VW_DH_TV_VF_yshaarj_nzoth_yogg_3977498611474413_IN_AM_DR,52150,57.63%,
3T,VW_DH_VW_VF_nzoth_yogg_cthun_3132815916195821_IN_IV_DR_DS,52146,57.62%,
3T,VW_DH_VW_VF_nzoth_yogg_cthun_3132942684839917_IN_IV_DR_DS,52139,57.59%,
3T,VW_DH_VW_VF_nzoth_yogg_cthun_3150252409675757_IN_AM_ME,52134,57.58%,
3T,VW_DH_VW_VF_nzoth_yogg_cthun_3132996304822253_Mis_IV_DR,52132,57.58%,
3T,VW_DH_TV_VF_nzoth_yogg_cthun_3133348492140525_IN_AM_ME,52132,57.57%,
3T,VW_DH_TV_VF_nzoth_yogg_cthun_3150262073352173_IN_IV_ME_DS,52123,57.55%,
3T,VW_DH_TV_VF_nzoth_yogg_cthun_3132813769236461_IN_IV_DR_DS,52123,57.55%,
3T,VW_DH_TV_VF_yshaarj_nzoth_yogg_3977498544373741_IN_AM_ME,52118,57.53%,
3T,VW_DH_VW_VF_nzoth_yogg_cthun_3132813768720365_IN_IV_DR_DS,52115,57.52%,
3T,VW_DH_VW_VF_yshaarj_nzoth_yogg_4049525145919469_IN_AM_ME_DS,52108,57.50%,
3T,VW_DH_VW_VF_nzoth_yogg_cthun_3132791287242733_IN_AM_DR,52099,57.48%,
3T,VW_DH_TV_VF_yshaarj_nzoth_yogg_3977498544373741_IN_AM_DR,52093,57.46%,
3T,AR_SW_VF_yshaarj_yogg_cthun_1971233278524927_IN_AM_ME,52084,57.43%,
3T,VW_DH_TV_VF_nzoth_yogg_cthun_3132806252527597_IN_AM_ME_DS,52073,57.40%,
3T,VW_DH_TV_VF_nzoth_yogg_cthun_3152458949124077_IN_AM_DR_DS,52073,57.40%,
3T,VW_DH_TV_VF_yshaarj_nzoth_yogg_3977567263842285_Mis_IV_DR,52072,57.39%,
3T,VW_DH_TV_VF_nzoth_yogg_cthun_3132798736334829_IN_AM_DR,52072,57.39%,
3T,VW_DH_TV_VF_yshaarj_nzoth_yogg_3977498544889837_IN_AM_ME,52067,57.38%,
3T,VW_DH_TV_VF_nzoth_yogg_cthun_3150243886850029_IN_AM_ME,52065,57.37%,
3T,VW_DH_VW_VF_nzoth_yogg_cthun_3150243886850029_IN_AM_DR,52064,57.37%,
3T,VW_DH_TV_VF_yshaarj_nzoth_yogg_3977515724234733_IN_AM_ME_DS,52064,57.37%,
3T,VW_DH_VW_VF_nzoth_yogg_cthun_3133363524526061_IN_AM_ME_DS,52061,57.36%,
3T,VW_DH_TV_VF_nzoth_yogg_cthun_3150245967224813_IN_AM_ME,52059,57.35%,
3T,AR_SP_VF_yshaarj_yogg_cthun_1971250458910191_IN_AM_ME_DS,52059,57.35%,
3T,VW_DH_TV_VF_yshaarj_nzoth_yogg_4049522998960109_IN_IV_DR_DS,52059,57.35%,
3T,VW_DH_TV_VF_nzoth_yogg_cthun_3135004202041325_IN_AM_DR_DS,52053,57.34%,
3T,VW_DH_TV_VF_nzoth_yogg_cthun_3132927652454381_IN_AM_DR,52052,57.33%,
3T,VW_DH_VW_VF_nzoth_yogg_cthun_3150259992977389_IN_IV_ME_DS,52050,57.33%,
3T,VW_DH_VW_VF_nzoth_yogg_cthun_3150268515803117_IN_IV_ME_DS,52049,57.33%,
3T,VW_DH_TV_VF_nzoth_yogg_cthun_3150243820265453_IN_AM_DR,52048,57.32%,
3T,VW_DH_TV_VF_nzoth_yogg_cthun_3135004269141997_IN_AM_DR_DS,52043,57.30%,
3T,VW_DH_TV_VF_nzoth_yogg_cthun_3132806252527597_IN_AM_DR_DS,52039,57.29%,
3T,VW_DH_TV_VF_nzoth_yogg_cthun_3133348492140525_IN_AM_DR,52033,57.28%,
3T,VW_DH_VW_VF_nzoth_yogg_cthun_3132858866393069_Mis_AM_ME,52021,57.24%,
3T,VW_DH_VW_VF_yshaarj_nzoth_yogg_4049522998444013_IN_AM_DR_DS,52015,57.22%,
3T,VW_DH_TV_VF_nzoth_yogg_cthun_3132808400003053_IN_AM_DR_DS,52013,57.21%,
3T,VW_DH_VW_VF_nzoth_yogg_cthun_3135004202041325_IN_AM_DR_DS,52009,57.20%,
3T,VW_DH_TV_VF_nzoth_yogg_cthun_3132943691472877_IN_AM_ME_DS,52009,57.20%,
3T,VW_DH_TV_VF_nzoth_yogg_cthun_3132807326785517_IN_IV_DR_DS,52002,57.18%,
3T,VW_DH_VW_VF_yshaarj_nzoth_yogg_4049525145919469_IN_AM_DR_DS,51995,57.16%,
3T,VW_DH_TV_VF_nzoth_yogg_cthun_3150243819749357_IN_AM_ME,51987,57.14%,
3T,VW_DH_VW_VF_yshaarj_nzoth_yogg_4049523065544685_IN_AM_ME_DS,51986,57.13%,
3T,VW_DH_TV_VF_yshaarj_nzoth_yogg_4049524072177645_IN_AM_ME_DS,51986,57.13%,
3T,VW_DH_VW_VF_nzoth_yogg_cthun_3133363524526061_IN_AM_DR_DS,51981,57.12%,
3T,VW_DH_VW_VF_nzoth_yogg_cthun_3135012791967725_IN_AM_DR_DS,51981,57.12%,
3T,VW_DH_VW_VF_nzoth_yogg_cthun_3150245967224813_IN_AM_ME,51981,57.12%,
3T,AR_SP_VF_yshaarj_yogg_cthun_2043259880070655_IN_AM_ME_DS,51979,57.11%,
3T,VW_DH_TV_VF_nzoth_yogg_cthun_3132927585353709_IN_AM_DR,51978,57.11%,
3T,VW_DH_VW_VF_nzoth_yogg_cthun_3150262073352173_IN_IV_ME_DS,51970,57.09%,
3T,VW_DH_TV_VF_nzoth_yogg_cthun_3132806319628269_IN_AM_ME_DS,51963,57.06%,
3T,VW_DH_TV_VF_yshaarj_nzoth_yogg_3977651015704557_IN_AM_ME_DS,51962,57.06%,
3T,VW_DH_TV_VF_nzoth_yogg_cthun_3132814842453997_IN_AM_DR_DS,51960,57.05%,
3T,VW_DH_TV_VF_nzoth_yogg_cthun_3132876045737965_Mis_IV_ME_DS,51957,57.05%,
3T,VW_DH_VW_VF_nzoth_yogg_cthun_3132943691472877_IN_AM_DR_DS,51956,57.04%,
3T,VW_DH_TV_VF_nzoth_yogg_cthun_3135006349516781_IN_AM_ME_DS,51955,57.04%,
3T,VW_DH_TV_VF_yshaarj_nzoth_yogg_4049797876342765_IN_AM_ME_DS,51952,57.03%,
3T,VW_DH_TV_VF_nzoth_yogg_cthun_3135004202557421_IN_AM_ME_DS,51952,57.03%,
3T,VW_DH_TV_VF_nzoth_yogg_cthun_3132798736334829_IN_AM_ME,51951,57.03%,
3T,VW_DH_TV_VF_yshaarj_nzoth_yogg_3977567263842285_Mis_AM_ME,51940,56.99%,
3T,VW_DH_TV_VF_nzoth_yogg_cthun_3132927585869805_IN_AM_ME,51939,56.99%,
3T,AR_SP_VF_yshaarj_yogg_cthun_1971250458385919_IN_AM_ME_DS,51938,56.99%,
3T,VW_DH_TV_VF_nzoth_yogg_cthun_3132927585869805_IN_AM_DR,51937,56.99%,
3T,VW_DH_TV_VF_yshaarj_nzoth_yogg_4049797876342765_IN_AM_DR_DS,51935,56.98%,
3T,AR_SW_VF_yshaarj_yogg_cthun_2043259880070655_Mis_AM_ME_DS,51934,56.98%,
3T,VW_DH_TV_VF_nzoth_yogg_cthun_3132806319628269_IN_AM_DR_DS,51932,56.97%,
3T,VW_DH_VW_VF_nzoth_yogg_cthun_3150259925876717_IN_IV_ME_DS,51930,56.96%,
3T,VW_DH_TV_VF_nzoth_yogg_cthun_3135004202041325_IN_AM_ME_DS,51928,56.96%,
3T,VW_DH_VW_VF_nzoth_yogg_cthun_3150259925876717_IN_IV_DR_DS,51920,56.93%,
3T,VW_DH_TV_VF_yshaarj_nzoth_yogg_3977515724234733_IN_AM_DR_DS,51919,56.93%,
3T,AR_SP_VF_yshaarj_yogg_cthun_1971250458385919_Mis_AM_ME_DS,51916,56.92%,
3T,VW_DH_VW_VF_nzoth_yogg_cthun_3150262073352173_IN_IV_DR_DS,51914,56.91%,
3T,VW_DH_TV_VF_nzoth_yogg_cthun_3150262073352173_IN_IV_DR_DS,51891,56.85%,
3T,VW_DH_TV_VF_nzoth_yogg_cthun_3150260999610349_IN_AM_DR_DS,51890,56.84%,
3T,VW_DH_VW_VF_nzoth_yogg_cthun_3135004269141997_IN_AM_DR_DS,51887,56.84%,
3T,VW_DH_TV_VF_nzoth_yogg_cthun_3135006349516781_IN_AM_DR_DS,51884,56.83%,
3T,VW_DH_TV_VF_nzoth_yogg_cthun_3135004269141997_IN_AM_ME_DS,51884,56.83%,
3T,AR_SW_VF_yshaarj_yogg_cthun_1971250458394095_IN_AM_ME_DS,51883,56.82%,
3T,VW_DH_VW_VF_nzoth_yogg_cthun_3132867455803373_Mis_IV_DR,51883,56.82%,
3T,VW_DH_TV_VF_nzoth_yogg_cthun_3150243820265453_IN_AM_ME,51883,56.82%,
3T,VW_DH_TV_VF_yshaarj_nzoth_yogg_3977513576759277_IN_AM_DR_DS,51882,56.82%,
3T,VW_DH_TV_VF_nzoth_yogg_cthun_3132798736850925_IN_AM_ME,51879,56.81%,
3T,VW_DH_TV_VF_yshaarj_nzoth_yogg_3977513577275373_IN_AM_DR_DS,51879,56.81%,
3T,VW_DH_VW_VF_nzoth_yogg_cthun_3150268515803117_IN_IV_DR_DS,51879,56.81%,
3T,VW_DH_VW_VF_nzoth_yogg_cthun_3135006349516781_IN_AM_ME_DS,51876,56.80%,
3T,VW_DH_TV_VF_nzoth_yogg_cthun_3132814842453997_IN_AM_ME_DS,51872,56.79%,
3T,VW_DH_TV_VF_nzoth_yogg_cthun_3132927585353709_IN_AM_ME,51870,56.78%,
3T,VW_DH_TV_VF_nzoth_yogg_cthun_3132808400003053_IN_AM_ME_DS,51869,56.78%,
3T,VW_DH_TV_VF_nzoth_yogg_cthun_3132927652454381_IN_AM_ME,51868,56.78%,
3T,VW_DH_VW_VF_nzoth_yogg_cthun_3150243886850029_IN_AM_ME,51866,56.77%,
3T,VW_DH_TV_VF_nzoth_yogg_cthun_3132798803435501_IN_AM_DR,51866,56.77%,
3T,VW_DH_TV_VF_yshaarj_nzoth_yogg_3977513643859949_IN_AM_DR_DS,51865,56.77%,
3T,VW_DH_VW_VF_nzoth_yogg_cthun_3132813769236461_IN_IV_DR_DS,51862,56.76%,
3T,VW_DH_TV_VF_nzoth_yogg_cthun_3132858932977645_Mis_IV_DR,51861,56.76%,
3T,VW_DH_VW_VF_yshaarj_nzoth_yogg_4049523065544685_IN_AM_DR_DS,51860,56.75%,
3T,VW_DH_VW_VF_nzoth_yogg_cthun_3132858932977645_Mis_IV_DR,51856,56.74%,
3T,VW_DH_TV_VF_nzoth_yogg_cthun_3150259925876717_IN_IV_ME_DS,51855,56.74%,
3T,VW_DH_TV_VF_nzoth_yogg_cthun_3150534803775469_IN_AM_DR_DS,51850,56.72%,
3T,VW_DH_TV_VF_nzoth_yogg_cthun_3150259926392813_IN_IV_DR_DS,51850,56.72%,
3T,VW_DH_VW_VF_nzoth_yogg_cthun_3132814842453997_IN_AM_ME_DS,51849,56.72%,
3T,VW_DH_VW_VF_nzoth_yogg_cthun_3150519771389933_IN_AM_ME,51848,56.72%,
3T,VW_DH_VW_VF_nzoth_yogg_cthun_3132859939610605_Mis_AM_ME,51847,56.71%,
3T,VW_DH_VW_VF_nzoth_yogg_cthun_3132936175280109_IN_AM_DR,51846,56.71%,
3T,VW_DH_VW_VF_nzoth_yogg_cthun_3132927585353709_IN_AM_DR,51838,56.68%,
3T,VW_DH_VW_VF_nzoth_yogg_cthun_3150243820265453_IN_AM_ME,51829,56.66%,
3T,VW_DH_VW_VF_nzoth_yogg_cthun_3132808400003053_IN_AM_ME_DS,51816,56.62%,
3T,VW_DH_VW_VF_nzoth_yogg_cthun_3150243820265453_IN_AM_DR,51815,56.62%,
3T,VW_DH_VW_VF_nzoth_yogg_cthun_3135004269141997_IN_AM_ME_DS,51802,56.58%,
3T,VW_DH_VW_VF_nzoth_yogg_cthun_3135006349516781_IN_AM_DR_DS,51795,56.56%,
3T,VW_DH_VW_VF_nzoth_yogg_cthun_3150313612959725_Mis_IV_DR,51795,56.56%,
3T,VW_DH_TV_VF_nzoth_yogg_cthun_3132858866393069_Mis_AM_ME,51791,56.54%,
3T,VW_DH_VW_VF_nzoth_yogg_cthun_3150519771389933_IN_AM_DR,51791,56.54%,
3T,VW_DH_TV_VF_nzoth_yogg_cthun_3135004202557421_IN_AM_DR_DS,51781,56.51%,
3T,VW_DH_VW_VF_nzoth_yogg_cthun_3132814842453997_IN_AM_DR_DS,51770,56.48%,
3T,VW_DH_TV_VF_nzoth_yogg_cthun_3132806253043693_IN_AM_DR_DS,51768,56.48%,
3T,VW_DH_TV_VF_nzoth_yogg_cthun_3132798736850925_IN_AM_DR,51766,56.47%,
3T,VW_DH_TV_VF_nzoth_yogg_cthun_3132806253043693_IN_AM_ME_DS,51766,56.47%,
3T,VW_DH_TV_VF_nzoth_yogg_cthun_3152458949124077_IN_AM_ME_DS,51766,56.47%,
3T,VW_DH_VW_VF_nzoth_yogg_cthun_3132808400003053_IN_AM_DR_DS,51762,56.46%,
3T,VW_DH_TV_VF_nzoth_yogg_cthun_3132996304822253_Mis_AM_ME,51756,56.44%,
3T,VW_DH_VW_VF_yshaarj_nzoth_yogg_4049522998960109_IN_AM_DR_DS,51746,56.41%,
3T,VW_DH_VW_VF_yshaarj_nzoth_yogg_4049522998960109_IN_AM_ME_DS,51734,56.37%,
3T,VW_DH_TV_VF_nzoth_yogg_cthun_3132815916195821_IN_AM_ME_DS,51730,56.36%,
3T,AR_SW_VF_yshaarj_yogg_cthun_1971250458385919_Mis_AM_ME_DS,51728,56.35%,
3T,VW_DH_TV_VF_yshaarj_nzoth_yogg_3977498544889837_IN_AM_DR,51723,56.34%,
3T,VW_DH_TV_VF_yshaarj_nzoth_yogg_3977513577275373_IN_AM_ME_DS,51721,56.33%,
3T,AR_SW_VF_yshaarj_yogg_cthun_2043259880070655_IN_AM_ME_DS,51716,56.32%,
3T,VW_DH_VW_VF_yshaarj_nzoth_yogg_4049522998444013_IN_AM_ME_DS,51714,56.31%,
3T,VW_DH_VW_VF_nzoth_yogg_cthun_3132807393370093_IN_IV_DR_DS,51708,56.29%,
3T,VW_DH_TV_VF_nzoth_yogg_cthun_3150244893491181_IN_AM_DR,51706,56.29%,
3T,VW_DH_VW_VF_nzoth_yogg_cthun_3132807326785517_IN_IV_DR_DS,51704,56.28%,
3T,VW_DH_VW_VF_nzoth_yogg_cthun_3132798736334829_IN_AM_DR,51703,56.28%,
3T,VW_DH_VW_VF_nzoth_yogg_cthun_3132798803435501_IN_AM_ME,51701,56.27%,
3T,VW_DH_TV_VF_nzoth_yogg_cthun_3132942617739245_IN_AM_DR_DS,51701,56.27%,
3T,VW_DH_TV_VF_yshaarj_nzoth_yogg_3977513643859949_IN_AM_ME_DS,51700,56.27%,
3T,VW_DH_TV_VF_nzoth_yogg_cthun_3133363524526061_IN_AM_ME_DS,51700,56.27%,
3T,VW_DH_TV_VF_yshaarj_nzoth_yogg_4049660437389293_IN_AM_DR_DS,51692,56.24%,
3T,VW_DH_VW_VF_nzoth_yogg_cthun_3132798736334829_IN_AM_ME,51691,56.24%,
3T,VW_DH_TV_VF_nzoth_yogg_cthun_3150253483417581_IN_AM_DR,51682,56.22%,
3T,VW_DH_VW_VF_nzoth_yogg_cthun_3132927652454381_IN_AM_DR,51682,56.21%,
3T,VW_DH_TV_VF_nzoth_yogg_cthun_3132951207665645_IN_AM_DR_DS,51678,56.20%,
3T,VW_DH_VW_VF_nzoth_yogg_cthun_3132806252527597_IN_AM_DR_DS,51657,56.14%,
3T,VW_DH_VW_VF_nzoth_yogg_cthun_3135004202557421_IN_AM_DR_DS,51657,56.14%,
3T,VW_DH_VW_VF_nzoth_yogg_cthun_3132876045737965_Mis_IV_ME_DS,51649,56.11%,
3T,VW_DH_VW_VF_nzoth_yogg_cthun_3132798736850925_IN_AM_ME,51646,56.11%,
3T,VW_DH_VW_VF_nzoth_yogg_cthun_3150259926392813_IN_IV_DR_DS,51632,56.06%,
3T,VW_DH_TV_VF_nzoth_yogg_cthun_3150259926392813_IN_IV_ME_DS,51631,56.06%,
3T,VW_DH_VW_VF_nzoth_yogg_cthun_3132996304822253_Mis_AM_ME,51626,56.04%,
3T,VW_DH_VW_VF_nzoth_yogg_cthun_3132806252527597_IN_AM_ME_DS,51625,56.04%,
3T,VW_DH_TV_VF_nzoth_yogg_cthun_3132951207665645_IN_AM_ME_DS,51613,56.01%,
3T,VW_DH_TV_VF_yshaarj_nzoth_yogg_3977513576759277_IN_AM_ME_DS,51608,55.99%,
3T,VW_DH_TV_VF_nzoth_yogg_cthun_3132859939610605_Mis_AM_DR,51607,55.99%,
3T,VW_DH_VW_VF_nzoth_yogg_cthun_3152458949124077_IN_AM_DR_DS,51607,55.99%,
3T,VW_DH_TV_VF_nzoth_yogg_cthun_3133363524526061_IN_AM_DR_DS,51604,55.98%,
3T,VW_DH_TV_VF_nzoth_yogg_cthun_3132867455803373_Mis_AM_ME,51600,55.97%,
3T,VW_DH_VW_VF_nzoth_yogg_cthun_3132927652454381_IN_AM_ME,51599,55.97%,
3T,VW_DH_VW_VF_nzoth_yogg_cthun_3132867455803373_Mis_AM_ME,51595,55.95%,
3T,VW_DH_VW_VF_nzoth_yogg_cthun_3132943691472877_IN_AM_ME_DS,51590,55.94%,
3T,VW_DH_VW_VF_nzoth_yogg_cthun_3132806319628269_IN_AM_ME_DS,51580,55.91%,
3T,VW_DH_TV_VF_nzoth_yogg_cthun_3132996304822253_Mis_AM_DR,51579,55.90%,
3T,VW_DH_TV_VF_nzoth_yogg_cthun_3132942684839917_IN_AM_DR_DS,51578,55.90%,
3T,VW_DH_TV_VF_nzoth_yogg_cthun_3132942684839917_IN_AM_ME_DS,51558,55.84%,
3T,VW_DH_TV_VF_nzoth_yogg_cthun_3150253483417581_IN_AM_ME,51552,55.82%,
3T,VW_DH_VW_VF_nzoth_yogg_cthun_3135004202557421_IN_AM_ME_DS,51551,55.82%,
3T,VW_DH_VW_VF_nzoth_yogg_cthun_3150259926392813_IN_IV_ME_DS,51551,55.82%,
3T,VW_DH_VW_VF_nzoth_yogg_cthun_3132806319628269_IN_AM_DR_DS,51551,55.82%,
3T,VW_DH_TV_VF_nzoth_yogg_cthun_3132813768720365_IN_AM_DR_DS,51548,55.81%,
3T,AR_SW_VF_yshaarj_yogg_cthun_1971250458385919_IN_AM_ME_DS,51545,55.80%,
3T,VW_DH_VW_VF_nzoth_yogg_cthun_3132798803435501_IN_AM_DR,51543,55.79%,
3T,VW_DH_VW_VF_nzoth_yogg_cthun_3132927585869805_IN_AM_ME,51541,55.79%,
3T,VW_DH_TV_VF_nzoth_yogg_cthun_3132944765214701_IN_AM_ME_DS,51538,55.78%,
3T,VW_DH_VW_VF_nzoth_yogg_cthun_3152458949124077_IN_AM_ME_DS,51536,55.77%,
3T,VW_DH_VW_VF_nzoth_yogg_cthun_3132806253043693_IN_AM_DR_DS,51527,55.74%,
3T,VW_DH_VW_VF_nzoth_yogg_cthun_3132951207665645_IN_AM_ME_DS,51526,55.74%,
3T,VW_DH_VW_VF_nzoth_yogg_cthun_3132927585353709_IN_AM_ME,51516,55.71%,
3T,VW_DH_TV_VF_nzoth_yogg_cthun_3150534803775469_IN_AM_ME_DS,51512,55.70%,
3T,VW_DH_VW_VF_nzoth_yogg_cthun_3150259992977389_IN_IV_DR_DS,51502,55.67%,
3T,VW_DH_TV_VF_yshaarj_nzoth_yogg_4049522998444013_IN_AM_DR_DS,51501,55.67%,
3T,VW_DH_TV_VF_yshaarj_nzoth_yogg_4049660437389293_IN_AM_ME_DS,51500,55.67%,
3T,VW_DH_VW_VF_nzoth_yogg_cthun_3132927585869805_IN_AM_DR,51490,55.63%,
3T,VW_DH_VW_VF_nzoth_yogg_cthun_3135004202041325_IN_AM_ME_DS,51487,55.63%,
3T,VW_DH_VW_VF_nzoth_yogg_cthun_3150534803775469_IN_AM_DR_DS,51461,55.55%,
3T,VW_DH_VW_VF_nzoth_yogg_cthun_3150313612959725_Mis_AM_ME,51461,55.55%,
3T,VW_DH_VW_VF_nzoth_yogg_cthun_3132806253043693_IN_AM_ME_DS,51460,55.54%,
3T,VW_DH_TV_VF_nzoth_yogg_cthun_3132858932977645_Mis_AM_ME,51436,55.47%,
3T,VW_DH_TV_VF_nzoth_yogg_cthun_3132813835821037_IN_AM_DR_DS,51420,55.42%,
3T,VW_DH_TV_VF_nzoth_yogg_cthun_3150244960591853_IN_AM_DR,51415,55.41%,
3T,VW_DH_VW_VF_nzoth_yogg_cthun_3150243819749357_IN_AM_ME,51414,55.41%,
3T,VW_DH_TV_VF_nzoth_yogg_cthun_3132813769236461_IN_AM_ME_DS,51406,55.38%,
3T,VW_DH_TV_VF_nzoth_yogg_cthun_3150244960591853_IN_AM_ME,51398,55.36%,
3T,VW_DH_TV_VF_nzoth_yogg_cthun_3132813835821037_IN_AM_ME_DS,51397,55.35%,
3T,VW_DH_VW_VF_nzoth_yogg_cthun_3150260999610349_IN_AM_DR_DS,51394,55.34%,
3T,VW_DH_TV_VF_nzoth_yogg_cthun_3150260999610349_IN_AM_ME_DS,51392,55.34%,
3T,VW_DH_TV_VF_yshaarj_nzoth_yogg_4049522998960109_IN_AM_DR_DS,51389,55.33%,
3T,VW_DH_TV_VF_nzoth_yogg_cthun_3132942617739245_IN_AM_ME_DS,51383,55.31%,
3T,VW_DH_VW_VF_nzoth_yogg_cthun_3132942617739245_IN_AM_DR_DS,51379,55.30%,
3T,VW_DH_VW_VF_nzoth_yogg_cthun_3132815916195821_IN_AM_ME_DS,51375,55.29%,
3T,VW_DH_TV_VF_nzoth_yogg_cthun_3132813769236461_IN_AM_DR_DS,51374,55.28%,
3T,VW_DH_TV_VF_nzoth_yogg_cthun_3132815916195821_IN_AM_DR_DS,51374,55.28%,
3T,VW_DH_VW_VF_nzoth_yogg_cthun_3132951207665645_IN_AM_DR_DS,51371,55.27%,
3T,VW_DH_VW_VF_nzoth_yogg_cthun_3132798736850925_IN_AM_DR,51370,55.27%,
3T,VW_DH_TV_VF_yshaarj_nzoth_yogg_4049525145919469_IN_AM_DR_DS,51369,55.27%,
3T,VW_DH_TV_VF_yshaarj_nzoth_yogg_4049523065544685_IN_AM_ME_DS,51368,55.27%,
3T,VW_DH_VW_VF_nzoth_yogg_cthun_3150244960591853_IN_AM_DR,51359,55.24%,
3T,VW_DH_TV_VF_yshaarj_nzoth_yogg_4049525145919469_IN_AM_ME_DS,51359,55.24%,
3T,VW_DH_TV_VF_yshaarj_nzoth_yogg_4049523065544685_IN_AM_DR_DS,51357,55.23%,
3T,VW_DH_VW_VF_nzoth_yogg_cthun_3150253483417581_IN_AM_DR,51355,55.23%,
3T,VW_DH_TV_VF_nzoth_yogg_cthun_3150313612959725_Mis_AM_ME,51327,55.14%,
3T,VW_DH_TV_VF_nzoth_yogg_cthun_3132944765214701_IN_AM_DR_DS,51327,55.14%,
3T,VW_DH_VW_VF_nzoth_yogg_cthun_3150244960591853_IN_AM_ME,51327,55.14%,
3T,VW_DH_VW_VF_nzoth_yogg_cthun_3150244893491181_IN_AM_DR,51321,55.12%,
3T,VW_DH_TV_VF_nzoth_yogg_cthun_3132813768720365_IN_AM_ME_DS,51319,55.12%,
3T,VW_DH_VW_VF_nzoth_yogg_cthun_3150260999610349_IN_AM_ME_DS,51319,55.12%,
3T,VW_DH_VW_VF_nzoth_yogg_cthun_3150253483417581_IN_AM_ME,51310,55.09%,
3T,VW_DH_TV_VF_nzoth_yogg_cthun_3132858866393069_Mis_AM_DR,51295,55.05%,
3T,VW_DH_TV_VF_nzoth_yogg_cthun_3132807326785517_IN_AM_ME_DS,51282,55.00%,
3T,VW_DH_TV_VF_nzoth_yogg_cthun_3132807326269421_IN_AM_ME_DS,51278,54.99%,
3T,VW_DH_VW_VF_nzoth_yogg_cthun_3132944765214701_IN_AM_DR_DS,51274,54.98%,
3T,VW_DH_VW_VF_nzoth_yogg_cthun_3132942684839917_IN_AM_DR_DS,51266,54.96%,
3T,VW_DH_TV_VF_nzoth_yogg_cthun_3132807326269421_IN_AM_DR_DS,51263,54.95%,
3T,VW_DH_VW_VF_nzoth_yogg_cthun_3150534803775469_IN_AM_ME_DS,51263,54.95%,
3T,VW_DH_TV_VF_nzoth_yogg_cthun_3132858865876973_Mis_AM_ME,51260,54.94%,
3T,VW_DH_VW_VF_yshaarj_nzoth_cthun_3696297371820013_Mis_IV_ME,51259,54.94%,
3T,VW_DH_TV_VF_yshaarj_nzoth_yogg_4049522998444013_IN_AM_ME_DS,51237,54.87%,
3T,VW_DH_TV_VF_nzoth_yogg_cthun_3132942618255341_IN_AM_DR_DS,51231,54.85%,
3T,VW_DH_TV_VF_nzoth_yogg_cthun_3150244894007277_IN_AM_DR,51229,54.85%,
3T,VW_DH_TV_VF_nzoth_yogg_cthun_3132942618255341_IN_AM_ME_DS,51229,54.84%,
3T,VW_DH_TV_VF_nzoth_yogg_cthun_3132858865876973_Mis_AM_DR,51219,54.82%,
3T,VW_DH_VW_VF_nzoth_yogg_cthun_3132876045737965_Mis_IV_DR_DS,51207,54.78%,
3T,VW_DH_VW_VF_nzoth_yogg_cthun_3132858932977645_Mis_AM_ME,51183,54.71%,
3T,VW_DH_TV_VF_nzoth_yogg_cthun_3150244893491181_IN_AM_ME,51153,54.62%,
3T,VW_DH_TV_VF_nzoth_yogg_cthun_3150259925876717_IN_AM_DR_DS,51150,54.61%,
3T,VW_DH_VW_VF_nzoth_yogg_cthun_3150244894007277_IN_AM_DR,51137,54.57%,
3T,VW_DH_VW_VF_yshaarj_nzoth_cthun_3696297371820013_Mis_IV_DR,51123,54.52%,
3T,VW_DH_TV_VF_nzoth_yogg_cthun_3150244894007277_IN_AM_ME,51115,54.50%,
3T,VW_DH_VW_VF_nzoth_yogg_cthun_3132942684839917_IN_AM_ME_DS,51109,54.48%,
3T,VW_DH_TV_VF_nzoth_yogg_cthun_3150259992977389_IN_AM_DR_DS,51096,54.44%,
3T,VW_DH_TV_VF_nzoth_yogg_cthun_3150268515803117_IN_AM_DR_DS,51096,54.44%,
3T,VW_DH_VW_VF_nzoth_yogg_cthun_3132944765214701_IN_AM_ME_DS,51087,54.42%,
3T,VW_DH_TV_VF_nzoth_yogg_cthun_3150259926392813_IN_AM_DR_DS,51086,54.41%,
3T,VW_DH_TV_VF_nzoth_yogg_cthun_3132876045737965_Mis_IV_DR_DS,51078,54.39%,
3T,VW_DH_VW_VF_nzoth_yogg_cthun_3132859939610605_Mis_AM_DR,51070,54.36%,
3T,VW_DH_TV_VF_nzoth_yogg_cthun_3132867455803373_Mis_AM_DR,51067,54.35%,
3T,VW_DH_VW_VF_nzoth_yogg_cthun_3132815916195821_IN_AM_DR_DS,51064,54.35%,
3T,VW_DH_VW_VF_nzoth_yogg_cthun_3132807393370093_IN_AM_ME_DS,51059,54.33%,
3T,VW_DH_VW_VF_nzoth_yogg_cthun_3132858865876973_Mis_AM_ME,51057,54.33%,
3T,VW_DH_VW_VF_nzoth_yogg_cthun_3132813835821037_IN_AM_ME_DS,51054,54.32%,
3T,VW_DH_VW_VF_nzoth_yogg_cthun_3132858865876973_Mis_AM_DR,51051,54.31%,
3T,VW_DH_TV_VF_nzoth_yogg_cthun_3132807393370093_IN_AM_ME_DS,51049,54.30%,
3T,VW_DH_VW_VF_nzoth_yogg_cthun_3132942618255341_IN_AM_DR_DS,51038,54.27%,
3T,VW_DH_VW_VF_nzoth_yogg_cthun_3132858866393069_Mis_AM_DR,51038,54.27%,
3T,VW_DH_VW_VF_nzoth_yogg_cthun_3132813768720365_IN_AM_DR_DS,51029,54.24%,
3T,VW_DH_TV_VF_nzoth_yogg_cthun_3150268515803117_IN_AM_ME_DS,51022,54.22%,
3T,VW_DH_TV_VF_nzoth_yogg_cthun_3150262073352173_IN_AM_DR_DS,50999,54.15%,
3T,VW_DH_TV_VF_yshaarj_nzoth_yogg_4049522998960109_IN_AM_ME_DS,50993,54.13%,
3T,VW_DH_TV_VF_nzoth_yogg_cthun_3132876045737965_Mis_AM_ME_DS,50987,54.11%,
3T,VW_DH_VW_VF_nzoth_yogg_cthun_3132807326269421_IN_AM_DR_DS,50985,54.11%,
3T,VW_DH_VW_VF_nzoth_yogg_cthun_3132807326785517_IN_AM_ME_DS,50978,54.09%,
3T,VW_DH_TV_VF_nzoth_yogg_cthun_3150259925876717_IN_AM_ME_DS,50974,54.08%,
3T,VW_DH_VW_VF_nzoth_yogg_cthun_3132813769236461_IN_AM_ME_DS,50972,54.07%,
3T,VW_DH_TV_VF_nzoth_yogg_cthun_3150259992977389_IN_AM_ME_DS,50965,54.05%,
3T,VW_DH_VW_VF_nzoth_yogg_cthun_3132813835821037_IN_AM_DR_DS,50956,54.02%,
3T,VW_DH_VW_VF_nzoth_yogg_cthun_3132996304822253_Mis_AM_DR,50946,53.99%,
3T,VW_DH_TV_VF_nzoth_yogg_cthun_3132807326785517_IN_AM_DR_DS,50942,53.98%,
3T,VW_DH_VW_VF_nzoth_yogg_cthun_3132942618255341_IN_AM_ME_DS,50936,53.96%,
3T,VW_DH_VW_VF_nzoth_yogg_cthun_3132942617739245_IN_AM_ME_DS,50928,53.94%,
3T,VW_DH_VW_VF_nzoth_yogg_cthun_3150313612959725_Mis_AM_DR,50920,53.91%,
3T,VW_DH_TV_VF_nzoth_yogg_cthun_3132807393370093_IN_AM_DR_DS,50918,53.90%,
3T,VW_DH_VW_VF_nzoth_yogg_cthun_3150244894007277_IN_AM_ME,50912,53.89%,
3T,VW_DH_VW_VF_nzoth_yogg_cthun_3150268515803117_IN_AM_DR_DS,50902,53.86%,
3T,VW_DH_VW_VF_yshaarj_nzoth_yogg_3977772348530669_Mis_IV_ME,50899,53.85%,
3T,VW_DH_VW_VF_nzoth_yogg_cthun_3132807393370093_IN_AM_DR_DS,50875,53.77%,
3T,VW_DH_TV_VF_nzoth_yogg_cthun_3150262073352173_IN_AM_ME_DS,50870,53.76%,
3T,VW_DH_VW_VF_nzoth_yogg_cthun_3132813768720365_IN_AM_ME_DS,50867,53.75%,
3T,VW_DH_TV_VF_nzoth_yogg_cthun_3150313612959725_Mis_AM_DR,50861,53.73%,
3T,VW_DH_VW_VF_nzoth_yogg_cthun_3132813769236461_IN_AM_DR_DS,50852,53.71%,
3T,VW_DH_VW_VF_nzoth_yogg_cthun_3150268515803117_IN_AM_ME_DS,50852,53.70%,
3T,VW_DH_VW_VF_yshaarj_nzoth_cthun_3696298445561837_Mis_IV_ME,50849,53.70%,
3T,VW_DH_VW_VF_nzoth_yogg_cthun_3150244893491181_IN_AM_ME,50846,53.69%,
3T,VW_DH_VW_VF_nzoth_yogg_cthun_3132807326785517_IN_AM_DR_DS,50837,53.66%,
3T,VW_DH_VW_VF_nzoth_yogg_cthun_3150259925876717_IN_AM_DR_DS,50816,53.60%,
3T,VW_DH_VW_VF_yshaarj_nzoth_yogg_3979696493879277_Mis_IV_ME,50809,53.58%,
3T,VW_DH_VW_VF_nzoth_yogg_cthun_3150259926392813_IN_AM_DR_DS,50787,53.51%,
3T,VW_DH_TV_VF_yshaarj_nzoth_yogg_3977567263842285_Mis_AM_DR,50780,53.49%,
3T,VW_DH_VW_VF_yshaarj_nzoth_yogg_3979696493879277_Mis_IV_DR,50758,53.42%,
3T,VW_DH_VW_VF_nzoth_yogg_cthun_3150259992977389_IN_AM_DR_DS,50732,53.34%,
3T,VW_DH_VW_VF_nzoth_yogg_cthun_3132876045737965_Mis_AM_ME_DS,50731,53.34%,
3T,VW_DH_VW_VF_nzoth_yogg_cthun_3132867455803373_Mis_AM_DR,50718,53.30%,
3T,VW_DH_VW_VF_nzoth_yogg_cthun_3132807326269421_IN_AM_ME_DS,50715,53.29%,
3T,VW_DH_VW_VF_yshaarj_nzoth_yogg_3977497470631917_Mis_IV_DR,50690,53.22%,
3T,VW_DH_TV_VF_nzoth_yogg_cthun_3132858932977645_Mis_AM_DR,50685,53.20%,
3T,VW_DH_VW_VF_yshaarj_nzoth_yogg_3977634909577197_Mis_IV_ME,50679,53.18%,
3T,VW_DH_VW_VF_nzoth_yogg_cthun_3150262073352173_IN_AM_DR_DS,50634,53.05%,
3T,VW_DH_VW_VF_nzoth_yogg_cthun_3150262073352173_IN_AM_ME_DS,50630,53.03%,
3T,VW_DH_VW_VF_yshaarj_nzoth_yogg_3977497470631917_Mis_IV_ME,50626,53.02%,
3T,VW_DH_VW_VF_nzoth_yogg_cthun_3150259992977389_IN_AM_ME_DS,50620,53.01%,
3T,VW_DH_VW_VF_yshaarj_nzoth_cthun_3696297371820013_Mis_AM_ME,50595,52.93%,
3T,VW_DH_VW_VF_nzoth_yogg_cthun_3150259926392813_IN_AM_ME_DS,50507,52.66%,
3T,VW_DH_VW_VF_nzoth_yogg_cthun_3150259925876717_IN_AM_ME_DS,50489,52.61%,
3T,VW_DH_VW_VF_yshaarj_nzoth_yogg_3977772348530669_Mis_IV_DR,50473,52.56%,
3T,VW_DH_VW_VF_yshaarj_nzoth_cthun_3696313477947373_Mis_IV_ME_DS,50442,52.47%,
3T,VW_DH_VW_VF_nzoth_yogg_cthun_3132858932977645_Mis_AM_DR,50427,52.42%,
3T,VW_DH_TV_VF_nzoth_yogg_cthun_3150259926392813_IN_AM_ME_DS,50400,52.34%,
3T,VW_DH_VW_VF_yshaarj_nzoth_yogg_3977788454658029_Mis_IV_ME_DS,50320,52.10%,
3T,VW_DH_VW_VF_yshaarj_nzoth_yogg_3977773422272493_Mis_IV_ME,50305,52.05%,
3T,VW_DH_VW_VF_yshaarj_nzoth_yogg_3979697567621101_Mis_IV_ME,50296,52.02%,
3T,VW_DH_VW_VF_yshaarj_nzoth_yogg_3977497537732589_Mis_IV_ME,50214,51.78%,
3T,VW_DH_VW_VF_yshaarj_nzoth_cthun_3696298445561837_Mis_IV_DR,50203,51.74%,
3T,VW_DH_VW_VF_yshaarj_nzoth_yogg_3977634909577197_Mis_IV_DR,50201,51.74%,
3T,VW_DH_VW_VF_yshaarj_nzoth_yogg_3979712600006637_Mis_IV_ME_DS,50196,51.72%,
3T,VW_DH_VW_VF_yshaarj_nzoth_yogg_3979696493879277_Mis_AM_ME,50191,51.71%,
3T,VW_DH_TV_VF_nzoth_yogg_cthun_3132876045737965_Mis_AM_DR_DS,50170,51.64%,
3T,VW_DH_VW_VF_yshaarj_nzoth_yogg_3977772348530669_Mis_AM_ME,50169,51.64%,
3T,VW_DH_VW_VF_yshaarj_nzoth_yogg_3977498544373741_Mis_IV_ME,50158,51.61%,
3T,VW_DH_VW_VF_yshaarj_nzoth_yogg_3977499618107373_Mis_IV_ME,50153,51.59%,
3T,VW_DH_VW_VF_nzoth_yogg_cthun_3132876045737965_Mis_AM_DR_DS,50145,51.57%,
3T,VW_DH_VW_VF_yshaarj_nzoth_cthun_3696313477947373_Mis_IV_DR_DS,50127,51.51%,
3T,VW_DH_VW_VF_yshaarj_nzoth_yogg_3977497471148013_Mis_IV_ME,50105,51.45%,
3T,VW_DH_VW_VF_yshaarj_nzoth_yogg_4049515482243053_Mis_IV_ME,50098,51.43%,
3T,VW_DH_VW_VF_yshaarj_nzoth_yogg_3977499618107373_Mis_IV_DR,50088,51.40%,
3T,VW_DH_VW_VF_yshaarj_nzoth_cthun_3696297371820013_Mis_AM_DR,50085,51.39%,
3T,VW_DH_VW_VF_yshaarj_nzoth_yogg_3977635983319021_Mis_IV_ME,50052,51.29%,
3T,VW_DH_VW_VF_yshaarj_nzoth_yogg_3977514650492909_Mis_IV_ME_DS,50045,51.27%,
3T,VW_DH_VW_VF_yshaarj_nzoth_yogg_3977498544373741_Mis_IV_DR,49961,51.01%,
3T,VW_DH_VW_VF_yshaarj_nzoth_cthun_3696298445561837_Mis_AM_ME,49926,50.91%,
3T,VW_DH_TV_VF_yshaarj_nzoth_cthun_3696297371820013_Mis_IV_DR,49902,50.83%,
3T,VW_DH_VW_VF_yshaarj_nzoth_cthun_3696313477947373_Mis_AM_ME_DS,49887,50.79%,
3T,VW_DH_VW_VF_yshaarj_nzoth_yogg_3977497471148013_Mis_IV_DR,49800,50.53%,
3T,VW_DH_VW_VF_yshaarj_nzoth_yogg_3977498611474413_Mis_IV_ME,49767,50.43%,
3T,VW_DH_VW_VF_yshaarj_nzoth_yogg_3977634909577197_Mis_AM_ME,49767,50.43%,
3T,VW_DH_VW_VF_yshaarj_nzoth_cthun_3696298445561837_Mis_AM_DR,49729,50.31%,
3T,VW_DH_VW_VF_yshaarj_nzoth_yogg_4049515482243053_Mis_IV_DR,49717,50.27%,
3T,VW_DH_VW_VF_yshaarj_nzoth_yogg_3977773422272493_Mis_AM_ME,49707,50.25%,
3T,VW_DH_VW_VF_yshaarj_nzoth_yogg_3977772348530669_Mis_AM_DR,49698,50.22%,
3T,VW_DH_VW_VF_yshaarj_nzoth_yogg_3977497537732589_Mis_IV_DR,49693,50.20%,
3T,VW_DH_VW_VF_yshaarj_nzoth_yogg_3979697567621101_Mis_IV_DR,49666,50.12%,
3T,VW_DH_VW_VF_yshaarj_nzoth_yogg_3977514650492909_Mis_IV_DR_DS,49662,50.11%,
3T,VW_DH_VW_VF_yshaarj_nzoth_yogg_3977651015704557_Mis_IV_ME_DS,49656,50.09%,
3T,VW_DH_VW_VF_yshaarj_nzoth_yogg_3979696493879277_Mis_AM_DR,49636,50.03%,
3T,VW_DH_TV_VF_yshaarj_nzoth_cthun_3696297371820013_Mis_IV_ME,49606,49.94%,
3T,VW_DH_VW_VF_yshaarj_nzoth_yogg_3977773422272493_Mis_IV_DR,49591,49.89%,
3T,VW_DH_TV_VF_yshaarj_nzoth_yogg_3977772348530669_Mis_IV_ME,49572,49.84%,
3T,VW_DH_VW_VF_yshaarj_nzoth_yogg_3977513576759277_Mis_IV_DR_DS,49563,49.81%,
3T,VW_DH_VW_VF_yshaarj_nzoth_yogg_3977513576759277_Mis_IV_ME_DS,49558,49.80%,
3T,VW_DH_TV_VF_nzoth_yogg_cthun_3132926511611885_Mis_IV_DR,49556,49.79%,
3T,VW_DH_VW_VF_yshaarj_nzoth_yogg_3977788454658029_Mis_IV_DR_DS,49556,49.79%,
3T,VW_DH_TV_VF_nzoth_yogg_cthun_3134996685840365_Mis_IV_ME,49506,49.64%,
3T,VW_DH_VW_VF_yshaarj_nzoth_yogg_3977515724234733_Mis_IV_ME_DS,49488,49.58%,
3T,VW_DH_VW_VF_yshaarj_nzoth_yogg_3979712600006637_Mis_IV_DR_DS,49470,49.53%,
3T,VW_DH_VW_VF_yshaarj_nzoth_yogg_3977634909577197_Mis_AM_DR,49462,49.50%,
3T,VW_DH_VW_VF_yshaarj_nzoth_yogg_3977635983319021_Mis_IV_DR,49437,49.43%,
3T,VW_DH_VW_VF_yshaarj_nzoth_yogg_3977498544889837_Mis_IV_ME,49436,49.43%,
3T,VW_DH_TV_VF_yshaarj_nzoth_yogg_3979696493879277_Mis_IV_DR,49436,49.42%,
3T,VW_DH_TV_VF_yshaarj_nzoth_yogg_4049515482243053_Mis_IV_ME,49431,49.41%,
3T,VW_DH_VW_VF_yshaarj_nzoth_yogg_3979697567621101_Mis_AM_ME,49430,49.41%,
3T,VW_DH_VW_VF_nzoth_yogg_cthun_3134996685840365_Mis_IV_ME,49425,49.39%,
3T,VW_DH_VW_VF_yshaarj_nzoth_yogg_3977513643859949_Mis_IV_ME_DS,49394,49.30%,
3T,VW_DH_VW_VF_yshaarj_nzoth_yogg_3977497470631917_Mis_AM_ME,49393,49.30%,
3T,VW_DH_VW_VF_yshaarj_nzoth_cthun_3696313477947373_Mis_AM_DR_DS,49390,49.29%,
3T,VW_DH_TV_VF_yshaarj_nzoth_cthun_3696298445561837_Mis_IV_ME,49389,49.28%,
3T,VW_DH_TV_VF_yshaarj_nzoth_yogg_4049515482243053_Mis_IV_DR,49386,49.28%,
3T,VW_DH_VW_VF_yshaarj_nzoth_yogg_3977497470631917_Mis_AM_DR,49358,49.19%,
3T,VW_DH_VW_VF_yshaarj_nzoth_yogg_3977497537732589_Mis_AM_ME,49332,49.11%,
3T,VW_DH_VW_VF_yshaarj_nzoth_yogg_3977497471148013_Mis_AM_ME,49294,49.00%,
3T,VW_DH_TV_VF_nzoth_yogg_cthun_3134996685840365_Mis_IV_DR,49287,48.98%,
3T,VW_DH_VW_VF_nzoth_yogg_cthun_3132926511611885_Mis_IV_ME,49276,48.94%,
3T,VW_DH_VW_VF_yshaarj_nzoth_yogg_3977651015704557_Mis_IV_DR_DS,49276,48.94%,
3T,VW_DH_TV_VF_yshaarj_nzoth_yogg_3977634909577197_Mis_IV_ME,49269,48.92%,
3T,VW_DH_TV_VF_nzoth_yogg_cthun_3132926511611885_Mis_IV_ME,49267,48.91%,
3T,VW_DH_VW_VF_yshaarj_nzoth_yogg_3977635983319021_Mis_AM_ME,49228,48.80%,
3T,VW_DH_TV_VF_yshaarj_nzoth_yogg_3979696493879277_Mis_IV_ME,49219,48.77%,
3T,VW_DH_VW_VF_nzoth_yogg_cthun_3134996685840365_Mis_IV_DR,49215,48.76%,
3T,VW_DH_VW_VF_nzoth_yogg_cthun_3133347418398701_Mis_IV_ME,49178,48.64%,
3T,VW_DH_VW_VF_yshaarj_nzoth_yogg_3979712600006637_Mis_AM_ME_DS,49172,48.63%,
3T,VW_DH_TV_VF_nzoth_yogg_cthun_3150243819749357_Mis_IV_DR,49163,48.60%,
3T,VW_DH_TV_VF_nzoth_yogg_cthun_3150518697648109_Mis_IV_DR,49157,48.58%,
3T,VW_DH_TV_VF_nzoth_yogg_cthun_3150518697648109_Mis_IV_ME,49153,48.57%,
3T,VW_DH_TV_VF_yshaarj_nzoth_cthun_3696298445561837_Mis_IV_DR,49129,48.50%,
3T,VW_DH_TV_VF_yshaarj_nzoth_yogg_3977497470631917_Mis_IV_DR,49109,48.44%,
3T,VW_DH_TV_VF_nzoth_yogg_cthun_3132935101538285_Mis_IV_ME,49107,48.43%,
3T,VW_DH_VW_VF_yshaarj_nzoth_yogg_3977788454658029_Mis_AM_ME_DS,49092,48.39%,
3T,VW_DH_TV_VF_yshaarj_nzoth_yogg_3977772348530669_Mis_IV_DR,49090,48.38%,
3T,VW_DH_VW_VF_nzoth_yogg_cthun_3132926578712557_Mis_IV_ME,49084,48.36%,
3T,VW_DH_VW_VF_yshaarj_nzoth_yogg_4049516555984877_Mis_IV_ME,49083,48.36%,
3T,VW_DH_VW_VF_yshaarj_nzoth_yogg_3977513577275373_Mis_IV_ME_DS,49076,48.34%,
3T,VW_DH_VW_VF_yshaarj_nzoth_yogg_3977499618107373_Mis_AM_ME,49067,48.31%,
3T,VW_DH_VW_VF_nzoth_yogg_cthun_3132926511611885_Mis_IV_DR,49066,48.31%,
3T,VW_DH_VW_VF_nzoth_yogg_cthun_3150518697648109_Mis_IV_ME,49056,48.28%,
3T,VW_DH_TV_VF_nzoth_yogg_cthun_3132797662593005_Mis_IV_ME,49050,48.26%,
3T,VW_DH_TV_VF_nzoth_yogg_cthun_3132791220142061_Mis_IV_DR,49044,48.24%,
3T,VW_DH_TV_VF_nzoth_yogg_cthun_3132928659087341_Mis_IV_ME,49031,48.20%,
3T,VW_DH_VW_VF_yshaarj_nzoth_yogg_3977514650492909_Mis_AM_ME_DS,49029,48.20%,
3T,VW_DH_TV_VF_yshaarj_nzoth_cthun_3696313477947373_Mis_IV_ME_DS,49029,48.20%,
3T,VW_DH_TV_VF_yshaarj_nzoth_yogg_3979696493879277_Mis_AM_ME,49010,48.14%,
3T,VW_DH_VW_VF_yshaarj_nzoth_yogg_3977513643859949_Mis_IV_DR_DS,49006,48.13%,
3T,VW_DH_VW_VF_yshaarj_nzoth_yogg_4049515482243053_Mis_AM_ME,49005,48.12%,
3T,VW_DH_TV_VF_nzoth_yogg_cthun_3150519771389933_Mis_IV_ME,48996,48.10%,
3T,VW_DH_TV_VF_yshaarj_nzoth_yogg_4049516555984877_Mis_IV_ME,48991,48.08%,
3T,VW_DH_VW_VF_yshaarj_nzoth_yogg_3977498544889837_Mis_IV_DR,48986,48.07%,
3T,VW_DH_VW_VF_yshaarj_nzoth_yogg_3977498611474413_Mis_IV_DR,48975,48.03%,
3T,VW_DH_TV_VF_nzoth_yogg_cthun_3134997759582189_Mis_IV_ME,48958,47.98%,
3T,VW_DH_TV_VF_nzoth_yogg_cthun_3132797662593005_Mis_IV_DR,48948,47.95%,
3T,VW_DH_VW_VF_yshaarj_nzoth_yogg_3979697567621101_Mis_AM_DR,48936,47.91%,
3T,VW_DH_TV_VF_nzoth_yogg_cthun_3133347418398701_Mis_IV_ME,48934,47.91%,
3T,VW_DH_TV_VF_nzoth_yogg_cthun_3132926512127981_Mis_IV_ME,48934,47.91%,
3T,VW_DH_TV_VF_nzoth_yogg_cthun_3132926578712557_Mis_IV_DR,48931,47.90%,
3T,VW_DH_VW_VF_nzoth_yogg_cthun_3150243819749357_Mis_IV_DR,48930,47.90%,
3T,VW_DH_TV_VF_nzoth_yogg_cthun_3132926578712557_Mis_IV_ME,48925,47.88%,
3T,VW_DH_VW_VF_yshaarj_nzoth_yogg_3977515724234733_Mis_IV_DR_DS,48921,47.87%,
3T,VW_DH_TV_VF_yshaarj_nzoth_yogg_3979697567621101_Mis_IV_ME,48896,47.79%,
3T,VW_DH_TV_VF_nzoth_yogg_cthun_3132935101538285_Mis_IV_DR,48892,47.78%,
3T,VW_DH_VW_VF_nzoth_yogg_cthun_3133348492140525_Mis_IV_ME,48881,47.75%,
3T,AR_EC_VF_nzoth_yogg_cthun_3132859797594093_IN_IV_ME,48878,47.74%,
3T,VW_DH_TV_VF_nzoth_yogg_cthun_3135005275774957_Mis_IV_ME_DS,48860,47.68%,
3T,VW_DH_VW_VF_yshaarj_nzoth_yogg_3977514650492909_Mis_AM_DR_DS,48854,47.67%,
3T,VW_DH_VW_VF_nzoth_yogg_cthun_3150518697648109_Mis_IV_DR,48852,47.66%,
3T,VW_DH_VW_VF_nzoth_yogg_cthun_3132935101538285_Mis_IV_ME,48848,47.65%,
3T,VW_DH_TV_VF_yshaarj_nzoth_yogg_3977497470631917_Mis_IV_ME,48846,47.64%,
3T,VW_DH_VW_VF_yshaarj_nzoth_yogg_4049516555984877_Mis_IV_DR,48842,47.63%,
3T,VW_DH_VW_VF_nzoth_yogg_cthun_3132791220142061_Mis_IV_DR,48838,47.62%,
3T,VW_DH_TV_VF_yshaarj_nzoth_cthun_3696297371820013_Mis_AM_DR,48837,47.62%,
3T,VW_DH_VW_VF_nzoth_yogg_cthun_3132797662593005_Mis_IV_DR,48828,47.59%,
3T,VW_DH_TV_VF_yshaarj_nzoth_cthun_3696297371820013_Mis_AM_ME,48828,47.59%,
3T,VW_DH_VW_VF_nzoth_yogg_cthun_3132928659087341_Mis_IV_ME,48822,47.57%,
3T,VW_DH_TV_VF_nzoth_yogg_cthun_3150243819749357_Mis_IV_ME,48818,47.56%,
3T,VW_DH_TV_VF_nzoth_yogg_cthun_3132797729693677_Mis_IV_ME,48816,47.55%,
3T,VW_DH_VW_VF_yshaarj_nzoth_yogg_4049531588370413_Mis_IV_ME_DS,48816,47.55%,
3T,VW_DH_VW_VF_yshaarj_nzoth_yogg_3977499618107373_Mis_AM_DR,48811,47.54%,
3T,VW_DH_TV_VF_yshaarj_nzoth_yogg_3977773422272493_Mis_IV_ME,48796,47.49%,
3T,VW_DH_TV_VF_yshaarj_nzoth_yogg_3977499618107373_Mis_IV_ME,48790,47.47%,
3T,VW_DH_TV_VF_yshaarj_nzoth_yogg_3977635983319021_Mis_IV_ME,48783,47.45%,
3T,VW_DH_TV_VF_nzoth_yogg_cthun_3132928659087341_Mis_IV_DR,48776,47.43%,
3T,VW_DH_VW_VF_nzoth_yogg_cthun_3133347418398701_Mis_IV_DR,48775,47.43%,
3T,VW_DH_VW_VF_nzoth_yogg_cthun_3150519771389933_Mis_IV_ME,48769,47.41%,
3T,VW_DH_TV_VF_nzoth_yogg_cthun_3132791220142061_Mis_IV_ME,48760,47.38%,
3T,VW_DH_VW_VF_yshaarj_nzoth_yogg_3977497537732589_Mis_AM_DR,48755,47.37%,
3T,VW_DH_VW_VF_yshaarj_nzoth_yogg_3979712600006637_Mis_AM_DR_DS,48755,47.37%,
3T,VW_DH_TV_VF_yshaarj_nzoth_yogg_3977634909577197_Mis_IV_DR,48745,47.34%,
3T,VW_DH_VW_VF_yshaarj_nzoth_yogg_3977773422272493_Mis_AM_DR,48743,47.33%,
3T,VW_DH_TV_VF_nzoth_yogg_cthun_3150252409675757_Mis_IV_ME,48742,47.33%,
3T,VW_DH_VW_VF_nzoth_yogg_cthun_3132799810068461_Mis_IV_ME,48742,47.33%,
3T,VW_DH_VW_VF_nzoth_yogg_cthun_3205372946210797_Mis_IV_ME_DS,48736,47.31%,
3T,VW_DH_TV_VF_nzoth_yogg_cthun_3132927585353709_Mis_IV_DR,48727,47.28%,
3T,VW_DH_VW_VF_yshaarj_nzoth_cthun_3768322899632109_Mis_IV_ME_DS,48716,47.25%,
3T,VW_DH_TV_VF_nzoth_yogg_cthun_3132927585353709_Mis_IV_ME,48706,47.22%,
3T,VW_DH_TV_VF_yshaarj_nzoth_yogg_3977772348530669_Mis_AM_ME,48704,47.21%,
3T,VW_DH_VW_VF_yshaarj_nzoth_yogg_4049515482243053_Mis_AM_DR,48702,47.21%,
3T,VW_DH_TV_VF_nzoth_yogg_cthun_3132797663109101_Mis_IV_ME,48684,47.15%,
3T,AR_EC_VF_nzoth_yogg_cthun_3132996162805741_IN_IV_ME,48680,47.14%,
3T,VW_DH_VW_VF_yshaarj_nzoth_yogg_3977651015704557_Mis_AM_ME_DS,48675,47.13%,
3T,VW_DH_TV_VF_nzoth_yogg_cthun_3132926512127981_Mis_IV_DR,48672,47.12%,
3T,VW_DH_VW_VF_yshaarj_nzoth_yogg_3977497471148013_Mis_AM_DR,48672,47.12%,
3T,VW_DH_VW_VF_nzoth_yogg_cthun_3134997759582189_Mis_IV_ME,48665,47.10%,
3T,VW_DH_VW_VF_nzoth_yogg_cthun_3132797662593005_Mis_IV_ME,48656,47.07%,
3T,VW_DH_VW_VF_nzoth_yogg_cthun_3132926512127981_Mis_IV_ME,48652,47.06%,
3T,VW_DH_TV_VF_nzoth_yogg_cthun_3150245967224813_Mis_IV_DR,48634,47.00%,
3T,VW_DH_TV_VF_nzoth_yogg_cthun_3132799810068461_Mis_IV_ME,48633,47.00%,
3T,VW_DH_VW_VF_nzoth_yogg_cthun_3150243819749357_Mis_IV_ME,48632,47.00%,
3T,VW_DH_TV_VF_nzoth_yogg_cthun_3205372946210797_Mis_IV_ME_DS,48629,46.99%,
3T,VW_DH_TV_VF_yshaarj_nzoth_yogg_3977497537732589_Mis_IV_DR,48621,46.96%,
3T,VW_DH_VW_VF_nzoth_yogg_cthun_3132791220142061_Mis_IV_ME,48619,46.96%,
3T,VW_DH_VW_VF_nzoth_yogg_cthun_3132797729693677_Mis_IV_ME,48611,46.93%,
3T,VW_DH_VW_VF_yshaarj_nzoth_yogg_3977513577275373_Mis_IV_DR_DS,48597,46.89%,
3T,AR_EC_VF_nzoth_yogg_cthun_3132859797594093_IN_IV_DR,48596,46.89%,
3T,VW_DH_TV_VF_nzoth_yogg_cthun_3150243886850029_Mis_IV_DR,48595,46.88%,
3T,VW_DH_TV_VF_nzoth_yogg_cthun_3132927652454381_Mis_IV_ME,48584,46.85%,
3T,VW_DH_TV_VF_yshaarj_nzoth_yogg_3977498544373741_Mis_IV_ME,48583,46.85%,
3T,VW_DH_VW_VF_nzoth_yogg_cthun_3150252409675757_Mis_IV_ME,48577,46.83%,
3T,VW_DH_VW_VF_nzoth_yogg_cthun_3150243886850029_Mis_IV_DR,48577,46.83%,
3T,VW_DH_VW_VF_yshaarj_nzoth_yogg_3977498611474413_Mis_AM_ME,48576,46.83%,
3T,VW_DH_VW_VF_nzoth_yogg_cthun_3150243886850029_Mis_IV_ME,48564,46.79%,
3T,VW_DH_VW_VF_nzoth_yogg_cthun_3132927585353709_Mis_IV_DR,48561,46.78%,
3T,VW_DH_VW_VF_nzoth_yogg_cthun_3150244893491181_Mis_IV_DR,48560,46.78%,
3T,VW_DH_TV_VF_yshaarj_nzoth_yogg_3977497471148013_Mis_IV_ME,48553,46.76%,
3T,VW_DH_TV_VF_yshaarj_nzoth_yogg_3977497537732589_Mis_IV_ME,48550,46.75%,
3T,VW_DH_TV_VF_yshaarj_nzoth_cthun_3696313477947373_Mis_IV_DR_DS,48541,46.72%,
3T,VW_DH_TV_VF_nzoth_yogg_cthun_3150252409675757_Mis_IV_DR,48541,46.72%,
3T,VW_DH_VW_VF_yshaarj_nzoth_yogg_3977498544889837_Mis_AM_ME,48538,46.71%,
3T,VW_DH_TV_VF_nzoth_yogg_cthun_3132791287242733_Mis_IV_ME,48531,46.69%,
3T,VW_DH_TV_VF_nzoth_yogg_cthun_3132798736334829_Mis_IV_ME,48522,46.66%,
3T,VW_DH_TV_VF_nzoth_yogg_cthun_3150245967224813_Mis_IV_ME,48515,46.64%,
3T,VW_DH_VW_VF_nzoth_yogg_cthun_3132935101538285_Mis_IV_DR,48509,46.62%,
3T,VW_DH_VW_VF_yshaarj_nzoth_yogg_4049531588370413_Mis_IV_DR_DS,48501,46.60%,
3T,VW_DH_VW_VF_nzoth_yogg_cthun_3135005275774957_Mis_IV_ME_DS,48501,46.60%,
3T,VW_DH_TV_VF_nzoth_yogg_cthun_3134996685840365_Mis_AM_ME,48499,46.59%,
3T,VW_DH_VW_VF_yshaarj_nzoth_yogg_3977498544373741_Mis_AM_DR,48496,46.58%,
3T,VW_DH_TV_VF_nzoth_yogg_cthun_3132798736334829_Mis_IV_DR,48485,46.55%,
3T,VW_DH_VW_VF_yshaarj_nzoth_cthun_3768322899632109_Mis_IV_DR_DS,48484,46.55%,
3T,VW_DH_TV_VF_nzoth_yogg_cthun_3133347418398701_Mis_IV_DR,48474,46.52%,
3T,AR_EC_VF_nzoth_yogg_cthun_3132858790961133_IN_IV_DR,48473,46.52%,
3T,VW_DH_TV_VF_nzoth_yogg_cthun_3135005275774957_Mis_IV_DR_DS,48473,46.52%,
3T,VW_DH_VW_VF_nzoth_yogg_cthun_3132936175280109_Mis_IV_ME,48471,46.51%,
3T,AR_EC_VF_nzoth_yogg_cthun_3132858790961133_IN_IV_ME,48468,46.50%,
3T,AR_EC_VF_nzoth_yogg_cthun_3132996162805741_IN_IV_DR,48464,46.49%,
3T,VW_DH_VW_VF_nzoth_yogg_cthun_3132928659087341_Mis_IV_DR,48463,46.48%,
3T,VW_DH_VW_VF_nzoth_yogg_cthun_3150243820265453_Mis_IV_ME,48462,46.48%,
3T,VW_DH_TV_VF_nzoth_yogg_cthun_3132799810068461_Mis_IV_DR,48455,46.46%,
3T,VW_DH_TV_VF_nzoth_yogg_cthun_3150243886850029_Mis_IV_ME,48454,46.46%,
3T,VW_DH_TV_VF_yshaarj_nzoth_yogg_3979697567621101_Mis_IV_DR,48448,46.44%,
3T,VW_DH_TV_VF_yshaarj_nzoth_cthun_3768322899632109_Mis_IV_DR_DS,48447,46.44%,
3T,VW_DH_TV_VF_yshaarj_nzoth_yogg_4049515482243053_Mis_AM_ME,48446,46.43%,
3T,VW_DH_VW_VF_nzoth_yogg_cthun_3132797663109101_Mis_IV_ME,48445,46.43%,
3T,VW_DH_TV_VF_nzoth_yogg_cthun_3132791220658157_Mis_IV_ME,48442,46.42%,
3T,AR_SP_VF_nzoth_yogg_cthun_3132859797594093_IN_IV_ME,48436,46.40%,
3T,AR_SW_VF_nzoth_yogg_cthun_3132859797594093_IN_IV_DR,48428,46.38%,
3T,VW_DH_TV_VF_nzoth_yogg_cthun_3134997759582189_Mis_IV_DR,48426,46.37%,
3T,VW_DH_VW_VF_nzoth_yogg_cthun_3132927585353709_Mis_IV_ME,48425,46.37%,
3T,VW_DH_TV_VF_yshaarj_nzoth_yogg_3977788454658029_Mis_IV_ME_DS,48418,46.35%,
3T,VW_DH_TV_VF_yshaarj_nzoth_yogg_3979696493879277_Mis_AM_DR,48409,46.32%,
3T,VW_DH_VW_VF_nzoth_yogg_cthun_3150245967224813_Mis_IV_ME,48400,46.30%,
3T,VW_DH_TV_VF_nzoth_yogg_cthun_3135004202041325_Mis_IV_ME_DS,48397,46.29%,
3T,VW_DH_TV_VF_nzoth_yogg_cthun_3150243820265453_Mis_IV_ME,48396,46.28%,
3T,AR_EC_VF_nzoth_yogg_cthun_3132859864178669_IN_IV_ME,48392,46.27%,
3T,VW_DH_VW_VF_yshaarj_nzoth_yogg_4049516555984877_Mis_AM_ME,48390,46.26%,
3T,VW_DH_VW_VF_nzoth_yogg_cthun_3133347418398701_Mis_AM_ME,48383,46.24%,
3T,VW_DH_VW_VF_yshaarj_nzoth_yogg_3977515724234733_Mis_AM_ME_DS,48380,46.23%,
3T,VW_DH_TV_VF_nzoth_yogg_cthun_3150244893491181_Mis_IV_DR,48379,46.23%,
3T,VW_DH_TV_VF_nzoth_yogg_cthun_3133348492140525_Mis_IV_ME,48372,46.21%,
3T,VW_DH_VW_VF_yshaarj_nzoth_yogg_3977635983319021_Mis_AM_DR,48370,46.20%,
3T,AR_EC_VF_nzoth_yogg_cthun_3132867313786861_IN_IV_ME,48368,46.20%,
3T,AR_SP_VF_nzoth_yogg_cthun_3132996162805741_IN_IV_ME,48367,46.20%,
3T,VW_DH_TV_VF_nzoth_yogg_cthun_3132936175280109_Mis_IV_ME,48367,46.19%,
3T,VW_DH_TV_VF_nzoth_yogg_cthun_3150518697648109_Mis_AM_ME,48364,46.19%,
3T,VW_DH_TV_VF_nzoth_yogg_cthun_3135004202041325_Mis_IV_DR_DS,48362,46.18%,
3T,VW_DH_TV_VF_yshaarj_nzoth_cthun_3696298445561837_Mis_AM_ME,48357,46.16%,
3T,VW_DH_TV_VF_yshaarj_nzoth_yogg_3977514650492909_Mis_IV_ME_DS,48355,46.16%,
3T,VW_DH_TV_VF_yshaarj_nzoth_yogg_3977773422272493_Mis_IV_DR,48355,46.16%,
3T,VW_DH_TV_VF_yshaarj_nzoth_yogg_3977634909577197_Mis_AM_ME,48353,46.15%,
3T,VW_DH_VW_VF_nzoth_yogg_cthun_3132926578712557_Mis_IV_DR,48349,46.14%,
3T,VW_DH_VW_VF_yshaarj_nzoth_yogg_3977498544373741_Mis_AM_ME,48345,46.13%,
3T,VW_DH_TV_VF_nzoth_yogg_cthun_3132806252527597_Mis_IV_ME_DS,48341,46.12%,
3T,VW_DH_VW_VF_nzoth_yogg_cthun_3134997759582189_Mis_IV_DR,48340,46.11%,
3T,VW_DH_VW_VF_yshaarj_nzoth_yogg_3977788454658029_Mis_AM_DR_DS,48340,46.11%,
3T,VW_DH_VW_VF_nzoth_yogg_cthun_3132791287242733_Mis_IV_ME,48334,46.10%,
3T,VW_DH_VW_VF_nzoth_yogg_cthun_3132935101538285_Mis_AM_ME,48333,46.09%,
3T,VW_DH_VW_VF_nzoth_yogg_cthun_3132791220658157_Mis_IV_ME,48332,46.09%,
3T,AR_SP_VF_nzoth_yogg_cthun_3132858790961133_IN_IV_ME,48332,46.09%,
3T,VW_DH_TV_VF_nzoth_yogg_cthun_3132806252527597_Mis_IV_DR_DS,48329,46.08%,
3T,VW_DH_VW_VF_yshaarj_nzoth_yogg_3977513643859949_Mis_AM_ME_DS,48328,46.08%,
3T,AR_EC_VF_nzoth_yogg_cthun_3132996229390317_IN_IV_DR,48326,46.07%,
3T,VW_DH_TV_VF_nzoth_yogg_cthun_3150243820265453_Mis_IV_DR,48326,46.07%,
3T,VW_DH_TV_VF_nzoth_yogg_cthun_3205372946210797_Mis_IV_DR_DS,48322,46.06%,
3T,AR_SW_VF_nzoth_yogg_cthun_3132859797594093_IN_IV_ME,48322,46.06%,
3T,VW_DH_TV_VF_yshaarj_nzoth_yogg_3979712600006637_Mis_IV_ME_DS,48322,46.06%,
3T,VW_DH_VW_VF_nzoth_yogg_cthun_3134996685840365_Mis_AM_ME,48322,46.06%,
3T,VW_DH_VW_VF_yshaarj_nzoth_yogg_3977513576759277_Mis_AM_ME_DS,48320,46.05%,
3T,VW_DH_VW_VF_yshaarj_nzoth_yogg_4049797876342765_Mis_IV_ME_DS,48304,46.01%,
3T,VW_DH_VW_VF_nzoth_yogg_cthun_3132927652454381_Mis_IV_ME,48303,46.00%,
3T,VW_DH_VW_VF_nzoth_yogg_cthun_3132806252527597_Mis_IV_DR_DS,48303,46.00%,
3T,VW_DH_TV_VF_yshaarj_nzoth_yogg_3977498611474413_Mis_IV_ME,48301,45.99%,
3T,VW_DH_TV_VF_nzoth_yogg_cthun_3150244893491181_Mis_IV_ME,48297,45.98%,
3T,VW_DH_VW_VF_nzoth_yogg_cthun_3135004202041325_Mis_IV_DR_DS,48294,45.97%,
3T,AR_EC_VF_nzoth_yogg_cthun_3132858723860461_IN_IV_ME,48291,45.97%,
3T,VW_DH_TV_VF_yshaarj_nzoth_yogg_3977499618107373_Mis_IV_DR,48273,45.91%,
3T,VW_DH_VW_VF_nzoth_yogg_cthun_3133363524526061_Mis_IV_ME_DS,48272,45.91%,
3T,VW_DH_VW_VF_nzoth_yogg_cthun_3135005275774957_Mis_IV_DR_DS,48267,45.89%,
3T,VW_DH_VW_VF_yshaarj_nzoth_yogg_3977498611474413_Mis_AM_DR,48264,45.88%,
3T,VW_DH_TV_VF_nzoth_yogg_cthun_3150518697648109_Mis_AM_DR,48264,45.88%,
3T,VW_DH_TV_VF_yshaarj_nzoth_yogg_3977635983319021_Mis_IV_DR,48264,45.88%,
3T,VW_DH_TV_VF_nzoth_yogg_cthun_3150244960591853_Mis_IV_ME,48261,45.87%,
3T,VW_DH_VW_VF_nzoth_yogg_cthun_3150519771389933_Mis_IV_DR,48259,45.87%,
3T,VW_DH_VW_VF_nzoth_yogg_cthun_3134996685840365_Mis_AM_DR,48256,45.86%,
3T,VW_DH_TV_VF_yshaarj_nzoth_yogg_4049516555984877_Mis_IV_DR,48252,45.85%,
3T,AR_EC_VF_nzoth_yogg_cthun_3132996229390317_IN_IV_ME,48246,45.83%,
3T,VW_DH_TV_VF_yshaarj_nzoth_yogg_4049515482243053_Mis_AM_DR,48245,45.82%,
3T,AR_EC_VF_nzoth_yogg_cthun_3132867313786861_IN_IV_DR,48242,45.82%,
3T,VW_DH_TV_VF_nzoth_yogg_cthun_3132943691472877_Mis_IV_ME_DS,48240,45.81%,
3T,VW_DH_TV_VF_nzoth_yogg_cthun_3150519771389933_Mis_IV_DR,48238,45.81%,
3T,VW_DH_TV_VF_nzoth_yogg_cthun_3132797729693677_Mis_IV_DR,48237,45.80%,
3T,VW_DH_TV_VF_nzoth_yogg_cthun_3132791220658157_Mis_IV_DR,48235,45.80%,
3T,VW_DH_VW_VF_yshaarj_nzoth_yogg_4049524072177645_Mis_IV_ME_DS,48235,45.79%,
3T,VW_DH_VW_VF_nzoth_yogg_cthun_3150252409675757_Mis_IV_DR,48232,45.79%,
3T,VW_DH_VW_VF_yshaarj_nzoth_yogg_4049660437389293_Mis_IV_ME_DS,48231,45.78%,
3T,VW_DH_TV_VF_yshaarj_nzoth_cthun_3768322899632109_Mis_IV_ME_DS,48228,45.77%,
3T,VW_DH_TV_VF_nzoth_yogg_cthun_3132927585869805_Mis_IV_ME,48223,45.76%,
3T,VW_DH_VW_VF_nzoth_yogg_cthun_3150518697648109_Mis_AM_ME,48223,45.76%,
3T,VW_DH_TV_VF_nzoth_yogg_cthun_3150253483417581_Mis_IV_ME,48221,45.75%,
3T,VW_DH_TV_VF_yshaarj_nzoth_yogg_3977513576759277_Mis_IV_DR_DS,48220,45.75%,
3T,AR_SP_VF_nzoth_yogg_cthun_3132859797594093_IN_IV_DR,48219,45.75%,
3T,VW_DH_TV_VF_nzoth_yogg_cthun_3132926511611885_Mis_AM_DR,48218,45.74%,
3T,VW_DH_VW_VF_nzoth_yogg_cthun_3132926512127981_Mis_IV_DR,48213,45.73%,
3T,VW_DH_TV_VF_nzoth_yogg_cthun_3135012791967725_Mis_IV_ME_DS,48213,45.73%,
3T,VW_DH_TV_VF_nzoth_yogg_cthun_3132798803435501_Mis_IV_ME,48210,45.72%,
3T,VW_DH_VW_VF_nzoth_yogg_cthun_3132798736334829_Mis_IV_DR,48209,45.72%,
3T,VW_DH_TV_VF_nzoth_yogg_cthun_3132935101538285_Mis_AM_ME,48204,45.70%,
3T,VW_DH_TV_VF_nzoth_yogg_cthun_3134996685840365_Mis_AM_DR,48197,45.68%,
3T,VW_DH_TV_VF_nzoth_yogg_cthun_3132814842453997_Mis_IV_ME_DS,48196,45.68%,
3T,VW_DH_VW_VF_yshaarj_nzoth_yogg_3977651015704557_Mis_AM_DR_DS,48195,45.68%,
3T,VW_DH_TV_VF_nzoth_yogg_cthun_3132943691472877_Mis_IV_DR_DS,48187,45.65%,
3T,VW_DH_TV_VF_yshaarj_nzoth_cthun_3696298445561837_Mis_AM_DR,48181,45.63%,
3T,VW_DH_VW_VF_nzoth_yogg_cthun_3205372946210797_Mis_IV_DR_DS,48181,45.63%,
3T,VW_DH_VW_VF_nzoth_yogg_cthun_3133348492140525_Mis_IV_DR,48175,45.62%,
3T,VW_DH_TV_VF_yshaarj_nzoth_yogg_3977772348530669_Mis_AM_DR,48172,45.61%,
3T,VW_DH_VW_VF_nzoth_yogg_cthun_3135012791967725_Mis_IV_ME_DS,48170,45.60%,
3T,VW_DH_TV_VF_yshaarj_nzoth_cthun_3696313477947373_Mis_AM_ME_DS,48170,45.60%,
3T,AR_EC_VF_yshaarj_nzoth_yogg_3977567121825773_IN_IV_ME,48169,45.60%,
3T,VW_DH_TV_VF_yshaarj_nzoth_yogg_4049531588370413_Mis_IV_ME_DS,48168,45.59%,
3T,VW_DH_VW_VF_nzoth_yogg_cthun_3132927585869805_Mis_IV_ME,48167,45.59%,
3T,VW_DH_TV_VF_yshaarj_nzoth_yogg_3977514650492909_Mis_IV_DR_DS,48162,45.58%,
3T,VW_DH_VW_VF_nzoth_yogg_cthun_3150245967224813_Mis_IV_DR,48161,45.57%,
3T,VW_DH_TV_VF_nzoth_yogg_cthun_3150534803775469_Mis_IV_ME_DS,48159,45.57%,
3T,VW_DH_VW_VF_nzoth_yogg_cthun_3132943691472877_Mis_IV_ME_DS,48154,45.55%,
3T,VW_DH_VW_VF_nzoth_yogg_cthun_3132797729693677_Mis_IV_DR,48151,45.54%,
3T,VW_DH_TV_VF_nzoth_yogg_cthun_3132942617739245_Mis_IV_DR_DS,48149,45.53%,
3T,VW_DH_VW_VF_nzoth_yogg_cthun_3150244893491181_Mis_IV_ME,48148,45.53%,
3T,VW_DH_TV_VF_yshaarj_nzoth_yogg_3977788454658029_Mis_IV_DR_DS,48146,45.53%,
3T,VW_DH_VW_VF_nzoth_yogg_cthun_3150253483417581_Mis_IV_ME,48144,45.52%,
3T,VW_DH_VW_VF_nzoth_yogg_cthun_3150244960591853_Mis_IV_ME,48141,45.51%,
3T,VW_DH_TV_VF_nzoth_yogg_cthun_3132791287242733_Mis_IV_DR,48129,45.48%,
3T,VW_DH_VW_VF_nzoth_yogg_cthun_3132926511611885_Mis_AM_DR,48129,45.47%,
3T,VW_DH_VW_VF_nzoth_yogg_cthun_3132798736334829_Mis_IV_ME,48123,45.46%,
3T,AR_EC_VF_nzoth_yogg_cthun_3150313470943213_IN_IV_DR,48118,45.44%,
3T,VW_DH_TV_VF_nzoth_yogg_cthun_3132928659087341_Mis_AM_ME,48115,45.43%,
3T,AR_EC_VF_nzoth_yogg_cthun_3150313470943213_IN_IV_ME,48111,45.42%,
3T,AR_EC_VF_nzoth_yogg_cthun_3132859058872301_IN_IV_DR,48106,45.41%,
3T,VW_DH_VW_VF_nzoth_yogg_cthun_3132797663109101_Mis_IV_DR,48103,45.40%,
3T,VW_DH_VW_VF_nzoth_yogg_cthun_3133347418398701_Mis_AM_DR,48099,45.38%,
3T,VW_DH_VW_VF_yshaarj_nzoth_yogg_4049797876342765_Mis_IV_DR_DS,48097,45.38%,
3T,AR_SW_VF_nzoth_yogg_cthun_3132996162805741_IN_IV_ME,48091,45.36%,
3T,VW_DH_TV_VF_nzoth_yogg_cthun_3132936175280109_Mis_IV_DR,48091,45.36%,
3T,AR_EC_VF_yshaarj_nzoth_yogg_3977567188410349_IN_IV_ME,48076,45.31%,
3T,VW_DH_VW_VF_nzoth_yogg_cthun_3132942617739245_Mis_IV_DR_DS,48073,45.30%,
3T,VW_DH_VW_VF_yshaarj_nzoth_yogg_3977513576759277_Mis_AM_DR_DS,48072,45.30%,
3T,VW_DH_TV_VF_nzoth_yogg_cthun_3150243819749357_Mis_AM_DR,48070,45.30%,
3T,VW_DH_VW_VF_nzoth_yogg_cthun_3132926578712557_Mis_AM_ME,48068,45.29%,
3T,VW_DH_VW_VF_nzoth_yogg_cthun_3132814842453997_Mis_IV_ME_DS,48063,45.27%,
3T,VW_DH_TV_VF_yshaarj_nzoth_yogg_3977651015704557_Mis_IV_ME_DS,48062,45.27%,
3T,VW_DH_TV_VF_nzoth_yogg_cthun_3132926578712557_Mis_AM_ME,48061,45.27%,
3T,VW_DH_TV_VF_nzoth_yogg_cthun_3132808400003053_Mis_IV_ME_DS,48058,45.26%,
3T,VW_DH_VW_VF_nzoth_yogg_cthun_3132806252527597_Mis_IV_ME_DS,48057,45.26%,
3T,VW_DH_TV_VF_yshaarj_nzoth_yogg_3977515724234733_Mis_IV_ME_DS,48052,45.24%,
3T,VW_DH_TV_VF_yshaarj_nzoth_yogg_3977498544373741_Mis_IV_DR,48052,45.24%,
3T,VW_DH_TV_VF_nzoth_yogg_cthun_3132927652454381_Mis_IV_DR,48048,45.23%,
3T,AR_EC_VF_nzoth_yogg_cthun_3132859797077997_IN_IV_ME,48041,45.21%,
3T,VW_DH_VW_VF_nzoth_yogg_cthun_3132799810068461_Mis_IV_DR,48036,45.19%,
3T,AR_SW_VF_nzoth_yogg_cthun_3132996162805741_IN_IV_DR,48036,45.19%,
3T,VW_DH_VW_VF_nzoth_yogg_cthun_3132936175280109_Mis_IV_DR,48034,45.19%,
3T,VW_DH_TV_VF_nzoth_yogg_cthun_3135004269141997_Mis_IV_ME_DS,48034,45.19%,
3T,AR_SW_VF_nzoth_yogg_cthun_3132867313786861_IN_IV_ME,48032,45.18%,
3T,AR_EC_VF_nzoth_yogg_cthun_3132867380371437_IN_IV_ME,48032,45.18%,
3T,VW_DH_TV_VF_nzoth_yogg_cthun_3132806319628269_Mis_IV_ME_DS,48031,45.18%,
3T,VW_DH_TV_VF_yshaarj_nzoth_yogg_3977497470631917_Mis_AM_ME,48031,45.18%,
3T,VW_DH_TV_VF_nzoth_yogg_cthun_3132798736850925_Mis_IV_ME,48028,45.17%,
3T,AR_EC_VF_nzoth_yogg_cthun_3150313537527789_IN_IV_DR,48027,45.17%,
3T,VW_DH_TV_VF_nzoth_yogg_cthun_3152458949124077_Mis_IV_DR_DS,48026,45.17%,
3T,VW_DH_TV_VF_yshaarj_nzoth_yogg_3977651015704557_Mis_IV_DR_DS,48024,45.16%,
3T,VW_DH_TV_VF_nzoth_yogg_cthun_3150244960591853_Mis_IV_DR,48023,45.16%,
3T,VW_DH_VW_VF_nzoth_yogg_cthun_3150534803775469_Mis_IV_ME_DS,48023,45.16%,
3T,AR_EC_VF_nzoth_yogg_cthun_3150313537527789_IN_IV_ME,48014,45.13%,
3T,VW_DH_TV_VF_nzoth_yogg_cthun_3152458949124077_Mis_IV_ME_DS,48010,45.12%,
3T,VW_DH_VW_VF_nzoth_yogg_cthun_3132791220658157_Mis_IV_DR,48010,45.12%,
3T,VW_DH_TV_VF_yshaarj_nzoth_yogg_3979712600006637_Mis_IV_DR_DS,48009,45.11%,
3T,VW_DH_TV_VF_nzoth_yogg_cthun_3150260999610349_Mis_IV_ME_DS,48007,45.11%,
3T,VW_DH_TV_VF_yshaarj_nzoth_yogg_3977499618107373_Mis_AM_ME,48002,45.09%,
3T,AR_EC_VF_nzoth_yogg_cthun_3132859864178669_IN_IV_DR,48001,45.09%,
3T,VW_DH_VW_VF_nzoth_yogg_cthun_3133363524526061_Mis_IV_DR_DS,47996,45.07%,
3T,AR_EC_VF_nzoth_yogg_cthun_3132867313270765_IN_IV_ME,47993,45.07%,
3T,VW_DH_TV_VF_nzoth_yogg_cthun_3135004202557421_Mis_IV_ME_DS,47993,45.06%,
3T,VW_DH_VW_VF_nzoth_yogg_cthun_3135006349516781_Mis_IV_ME_DS,47991,45.06%,
3T,AR_SP_VF_nzoth_yogg_cthun_3150313470943213_IN_IV_DR,47988,45.05%,
3T,VW_DH_VW_VF_nzoth_yogg_cthun_3132798803435501_Mis_IV_ME,47985,45.04%,
3T,VW_DH_VW_VF_nzoth_yogg_cthun_3135004202041325_Mis_IV_ME_DS,47984,45.04%,
3T,VW_DH_TV_VF_nzoth_yogg_cthun_3132951207665645_Mis_IV_ME_DS,47983,45.03%,
3T,VW_DH_TV_VF_nzoth_yogg_cthun_3135006349516781_Mis_IV_ME_DS,47983,45.03%,
3T,VW_DH_VW_VF_nzoth_yogg_cthun_3133348492140525_Mis_AM_ME,47981,45.03%,
3T,AR_EC_VF_nzoth_yogg_cthun_3132996162805741_IN_AM_ME,47977,45.01%,
3T,AR_SP_VF_nzoth_yogg_cthun_3132996229390317_IN_IV_DR,47975,45.01%,
3T,VW_DH_VW_VF_nzoth_yogg_cthun_3152458949124077_Mis_IV_ME_DS,47974,45.01%,
3T,VW_DH_TV_VF_nzoth_yogg_cthun_3133347418398701_Mis_AM_ME,47972,45.00%,
3T,AR_EC_VF_yshaarj_nzoth_yogg_3977567121825773_IN_IV_DR,47970,44.99%,
3T,VW_DH_TV_VF_yshaarj_nzoth_yogg_3977497471148013_Mis_IV_DR,47970,44.99%,
3T,AR_EC_VF_nzoth_yogg_cthun_3132859797594093_IN_AM_ME,47967,44.99%,
3T,VW_DH_TV_VF_nzoth_yogg_cthun_3150245967224813_Mis_AM_ME,47966,44.98%,
3T,VW_DH_VW_VF_nzoth_yogg_cthun_3150243820265453_Mis_IV_DR,47964,44.98%,
3T,VW_DH_VW_VF_yshaarj_nzoth_yogg_4049524072177645_Mis_IV_DR_DS,47964,44.98%,
3T,AR_EC_VF_nzoth_yogg_cthun_3132996162289645_IN_IV_ME,47963,44.97%,
3T,VW_DH_TV_VF_nzoth_yogg_cthun_3132926511611885_Mis_AM_ME,47962,44.97%,
3T,VW_DH_TV_VF_nzoth_yogg_cthun_3132797663109101_Mis_IV_DR,47960,44.96%,
3T,VW_DH_VW_VF_yshaarj_nzoth_cthun_3768322899632109_Mis_AM_ME_DS,47957,44.96%,
3T,AR_SP_VF_nzoth_yogg_cthun_3132858790961133_IN_IV_DR,47950,44.93%,
3T,AR_SP_VF_nzoth_yogg_cthun_3132859058872301_IN_IV_ME,47949,44.93%,
3T,VW_DH_VW_VF_yshaarj_nzoth_yogg_3977513577275373_Mis_AM_ME_DS,47947,44.92%,
3T,VW_DH_VW_VF_nzoth_yogg_cthun_3132942617739245_Mis_IV_ME_DS,47944,44.91%,
3T,VW_DH_VW_VF_yshaarj_nzoth_yogg_4049522998444013_Mis_IV_ME_DS,47943,44.91%,
3T,VW_DH_TV_VF_yshaarj_nzoth_yogg_3977498544889837_Mis_IV_ME,47941,44.91%,
3T,VW_DH_VW_VF_yshaarj_nzoth_yogg_4049522998444013_Mis_IV_DR_DS,47941,44.91%,
3T,AR_EC_VF_nzoth_yogg_cthun_3132858723860461_IN_IV_DR,47935,44.89%,
3T,AR_EC_VF_nzoth_yogg_cthun_3132859058872301_IN_IV_ME,47933,44.88%,
3T,AR_SP_VF_nzoth_yogg_cthun_3132859864178669_IN_IV_DR,47932,44.88%,
3T,VW_DH_TV_VF_nzoth_yogg_cthun_3132927585869805_Mis_IV_DR,47931,44.88%,
3T,AR_SW_VF_nzoth_yogg_cthun_3132859058872301_IN_IV_ME,47920,44.84%,
3T,VW_DH_VW_VF_yshaarj_nzoth_yogg_4049523065544685_Mis_IV_ME_DS,47917,44.83%,
3T,VW_DH_VW_VF_yshaarj_nzoth_yogg_4049531588370413_Mis_AM_ME_DS,47914,44.82%,
3T,VW_DH_VW_VF_nzoth_yogg_cthun_3132791287242733_Mis_IV_DR,47912,44.82%,
3T,AR_SW_VF_nzoth_yogg_cthun_3132858790961133_IN_IV_ME,47910,44.81%,
3T,AR_SP_VF_nzoth_yogg_cthun_3132859797077997_IN_IV_ME,47907,44.81%,
3T,VW_DH_VW_VF_nzoth_yogg_cthun_3132926511611885_Mis_AM_ME,47898,44.78%,
3T,VW_DH_TV_VF_nzoth_yogg_cthun_3150252409675757_Mis_AM_ME,47898,44.78%,
3T,AR_SP_VF_nzoth_yogg_cthun_3132996229390317_IN_IV_ME,47897,44.77%,
3T,VW_DH_TV_VF_nzoth_yogg_cthun_3133363524526061_Mis_IV_ME_DS,47896,44.77%,
3T,VW_DH_TV_VF_nzoth_yogg_cthun_3132926578712557_Mis_AM_DR,47896,44.77%,
3T,VW_DH_TV_VF_nzoth_yogg_cthun_3150243886850029_Mis_AM_ME,47888,44.75%,
3T,VW_DH_TV_VF_yshaarj_nzoth_yogg_3977634909577197_Mis_AM_DR,47887,44.75%,
3T,VW_DH_VW_VF_nzoth_yogg_cthun_3135004269141997_Mis_IV_ME_DS,47883,44.73%,
3T,AR_SP_VF_nzoth_yogg_cthun_3132996162805741_IN_IV_DR,47882,44.73%,
3T,VW_DH_VW_VF_nzoth_yogg_cthun_3132927652454381_Mis_IV_DR,47880,44.72%,
3T,VW_DH_TV_VF_nzoth_yogg_cthun_3150260999610349_Mis_IV_DR_DS,47879,44.72%,
3T,AR_SP_VF_nzoth_yogg_cthun_3132867380371437_IN_IV_ME,47878,44.72%,
3T,VW_DH_TV_VF_nzoth_yogg_cthun_3150259925876717_Mis_IV_DR_DS,47872,44.70%,
3T,AR_EC_VF_yshaarj_nzoth_yogg_3977567188410349_IN_IV_DR,47871,44.69%,
3T,VW_DH_VW_VF_nzoth_yogg_cthun_3132798736850925_Mis_IV_ME,47870,44.69%,
3T,VW_DH_TV_VF_yshaarj_nzoth_yogg_3977497537732589_Mis_AM_ME,47867,44.68%,
3T,VW_DH_VW_VF_nzoth_yogg_cthun_3132943691472877_Mis_IV_DR_DS,47866,44.68%,
3T,AR_SP_VF_nzoth_yogg_cthun_3132867313786861_IN_IV_ME,47864,44.67%,
3T,VW_DH_TV_VF_yshaarj_nzoth_yogg_4049531588370413_Mis_IV_DR_DS,47852,44.64%,
3T,AR_SW_VF_nzoth_yogg_cthun_3132859864178669_IN_IV_ME,47851,44.63%,
3T,VW_DH_VW_VF_nzoth_yogg_cthun_3152458949124077_Mis_IV_DR_DS,47851,44.63%,
3T,VW_DH_TV_VF_nzoth_yogg_cthun_3132806253043693_Mis_IV_ME_DS,47850,44.63%,
3T,AR_SP_VF_nzoth_yogg_cthun_3150313470943213_IN_IV_ME,47848,44.63%,
3T,AR_SW_VF_nzoth_yogg_cthun_3132996229390317_IN_IV_ME,47848,44.63%,
3T,VW_DH_TV_VF_yshaarj_nzoth_yogg_3977497471148013_Mis_AM_ME,47846,44.62%,
3T,VW_DH_TV_VF_yshaarj_nzoth_yogg_3977513576759277_Mis_IV_ME_DS,47841,44.61%,
3T,VW_DH_TV_VF_nzoth_yogg_cthun_3132928659087341_Mis_AM_DR,47834,44.58%,
3T,AR_SW_VF_nzoth_yogg_cthun_3132859864178669_IN_IV_DR,47833,44.58%,
3T,VW_DH_TV_VF_nzoth_yogg_cthun_3133348492140525_Mis_IV_DR,47830,44.57%,
3T,AR_SP_VF_nzoth_yogg_cthun_3132859864178669_IN_IV_ME,47829,44.57%,
3T,VW_DH_TV_VF_nzoth_yogg_cthun_3132942618255341_Mis_IV_ME_DS,47826,44.56%,
3T,VW_DH_VW_VF_nzoth_yogg_cthun_3150518697648109_Mis_AM_DR,47822,44.55%,
3T,VW_DH_TV_VF_nzoth_yogg_cthun_3150244894007277_Mis_IV_ME,47821,44.54%,
3T,VW_DH_VW_VF_nzoth_yogg_cthun_3150253483417581_Mis_IV_DR,47818,44.54%,
3T,AR_SP_VF_nzoth_yogg_cthun_3132858723860461_IN_IV_ME,47817,44.53%,
3T,AR_EC_VF_nzoth_yogg_cthun_3132859797594093_IN_AM_DR,47816,44.53%,
3T,VW_DH_TV_VF_nzoth_yogg_cthun_3135004269141997_Mis_IV_DR_DS,47815,44.53%,
3T,VW_DH_VW_VF_nzoth_yogg_cthun_3150260999610349_Mis_IV_ME_DS,47813,44.52%,
3T,VW_DH_VW_VF_yshaarj_nzoth_cthun_3768322899632109_Mis_AM_DR_DS,47808,44.50%,
3T,VW_DH_TV_VF_nzoth_yogg_cthun_3150243886850029_Mis_AM_DR,47807,44.50%,
3T,AR_SW_VF_nzoth_yogg_cthun_3132858723860461_IN_IV_ME,47805,44.50%,
3T,VW_DH_TV_VF_nzoth_yogg_cthun_3132799810068461_Mis_AM_ME,47805,44.50%,
3T,VW_DH_TV_VF_nzoth_yogg_cthun_3132791220142061_Mis_AM_ME,47805,44.50%,
3T,VW_DH_VW_VF_yshaarj_nzoth_yogg_4049516555984877_Mis_AM_DR,47804,44.49%,
3T,VW_DH_TV_VF_yshaarj_nzoth_yogg_3977497537732589_Mis_AM_DR,47801,44.48%,
3T,VW_DH_TV_VF_nzoth_yogg_cthun_3132942617739245_Mis_IV_ME_DS,47795,44.47%,
3T,VW_DH_VW_VF_nzoth_yogg_cthun_3150259925876717_Mis_IV_DR_DS,47791,44.45%,
3T,VW_DH_TV_VF_nzoth_yogg_cthun_3135006349516781_Mis_IV_DR_DS,47790,44.45%,
3T,VW_DH_TV_VF_yshaarj_nzoth_yogg_4049524072177645_Mis_IV_ME_DS,47789,44.45%,
3T,VW_DH_TV_VF_nzoth_yogg_cthun_3150534803775469_Mis_IV_DR_DS,47788,44.45%,
3T,VW_DH_TV_VF_yshaarj_nzoth_yogg_4049797876342765_Mis_IV_ME_DS,47785,44.44%,
3T,VW_DH_VW_VF_yshaarj_nzoth_yogg_4049522998960109_Mis_IV_ME_DS,47780,44.42%,
3T,VW_DH_TV_VF_nzoth_yogg_cthun_3132926512127981_Mis_AM_ME,47779,44.42%,
3T,VW_DH_VW_VF_yshaarj_nzoth_yogg_4049660437389293_Mis_IV_DR_DS,47778,44.42%,
3T,VW_DH_TV_VF_nzoth_yogg_cthun_3132797729693677_Mis_AM_ME,47778,44.41%,
3T,AR_EC_VF_nzoth_yogg_cthun_3132867380371437_IN_IV_DR,47777,44.41%,
3T,VW_DH_VW_VF_nzoth_yogg_cthun_3134997759582189_Mis_AM_ME,47775,44.41%,
3T,AR_SP_VF_yshaarj_nzoth_yogg_3977567121825773_IN_IV_ME,47774,44.40%,
3T,VW_DH_TV_VF_yshaarj_nzoth_yogg_3977497470631917_Mis_AM_DR,47773,44.40%,
3T,VW_DH_VW_VF_nzoth_yogg_cthun_3150244960591853_Mis_IV_DR,47766,44.38%,
3T,AR_EC_VF_nzoth_yogg_cthun_3132859864178669_IN_AM_ME,47765,44.38%,
3T,VW_DH_TV_VF_yshaarj_nzoth_yogg_3977773422272493_Mis_AM_ME,47762,44.37%,
3T,AR_EC_VF_nzoth_yogg_cthun_3132858790445037_IN_IV_ME,47757,44.35%,
3T,VW_DH_VW_VF_nzoth_yogg_cthun_3132926578712557_Mis_AM_DR,47757,44.35%,
3T,VW_DH_VW_VF_nzoth_yogg_cthun_3132808400003053_Mis_IV_ME_DS,47754,44.34%,
3T,VW_DH_VW_VF_nzoth_yogg_cthun_3132944765214701_Mis_IV_ME_DS,47753,44.34%,
3T,VW_DH_TV_VF_nzoth_yogg_cthun_3134997759582189_Mis_AM_ME,47751,44.33%,
3T,VW_DH_VW_VF_yshaarj_nzoth_yogg_3977498544889837_Mis_AM_DR,47750,44.33%,
3T,VW_DH_VW_VF_nzoth_yogg_cthun_3132813768720365_Mis_IV_DR_DS,47746,44.32%,
3T,VW_DH_VW_VF_nzoth_yogg_cthun_3132928659087341_Mis_AM_ME,47743,44.31%,
3T,AR_EC_VF_nzoth_yogg_cthun_3132859797077997_IN_IV_DR,47743,44.31%,
3T,VW_DH_TV_VF_nzoth_yogg_cthun_3132791220658157_Mis_AM_ME,47741,44.30%,
3T,VW_DH_VW_VF_yshaarj_nzoth_yogg_3977513643859949_Mis_AM_DR_DS,47741,44.30%,
3T,VW_DH_TV_VF_nzoth_yogg_cthun_3150243819749357_Mis_AM_ME,47739,44.30%,
3T,VW_DH_TV_VF_yshaarj_nzoth_yogg_4049797876342765_Mis_IV_DR_DS,47737,44.29%,
3T,AR_EC_VF_nzoth_yogg_cthun_3132858790961133_IN_AM_ME,47737,44.29%,
3T,VW_DH_TV_VF_nzoth_yogg_cthun_3132797662593005_Mis_AM_DR,47733,44.28%,
3T,VW_DH_TV_VF_yshaarj_nzoth_yogg_3977514650492909_Mis_AM_ME_DS,47732,44.28%,
3T,VW_DH_VW_VF_nzoth_yogg_cthun_3150534803775469_Mis_IV_DR_DS,47731,44.27%,
3T,AR_SP_VF_nzoth_yogg_cthun_3132996162289645_IN_IV_ME,47730,44.27%,
3T,VW_DH_TV_VF_nzoth_yogg_cthun_3132798803435501_Mis_IV_DR,47727,44.26%,
3T,VW_DH_TV_VF_nzoth_yogg_cthun_3150243820265453_Mis_AM_ME,47725,44.25%,
3T,VW_DH_VW_VF_nzoth_yogg_cthun_3150244894007277_Mis_IV_ME,47722,44.25%,
3T,VW_DH_TV_VF_nzoth_yogg_cthun_3135005275774957_Mis_AM_ME_DS,47722,44.24%,
3T,VW_DH_TV_VF_nzoth_yogg_cthun_3150252409675757_Mis_AM_DR,47722,44.24%,
3T,AR_SW_VF_nzoth_yogg_cthun_3132858790961133_IN_IV_DR,47721,44.24%,
3T,VW_DH_TV_VF_nzoth_yogg_cthun_3132791287242733_Mis_AM_ME,47719,44.24%,
3T,VW_DH_VW_VF_nzoth_yogg_cthun_3132935101538285_Mis_AM_DR,47714,44.22%,
3T,VW_DH_TV_VF_nzoth_yogg_cthun_3132813768720365_Mis_IV_ME_DS,47713,44.22%,
3T,VW_DH_VW_VF_nzoth_yogg_cthun_3150243819749357_Mis_AM_DR,47711,44.21%,
3T,VW_DH_VW_VF_nzoth_yogg_cthun_3150245967224813_Mis_AM_ME,47708,44.20%,
3T,VW_DH_VW_VF_nzoth_yogg_cthun_3132942684839917_Mis_IV_ME_DS,47696,44.17%,
3T,VW_DH_VW_VF_nzoth_yogg_cthun_3132791220142061_Mis_AM_ME,47696,44.17%,
3T,VW_DH_VW_VF_nzoth_yogg_cthun_3132813768720365_Mis_IV_ME_DS,47694,44.16%,
3T,VW_DH_TV_VF_nzoth_yogg_cthun_3132944765214701_Mis_IV_ME_DS,47694,44.16%,
3T,VW_DH_VW_VF_nzoth_yogg_cthun_3132797662593005_Mis_AM_DR,47693,44.16%,
3T,AR_EC_VF_nzoth_yogg_cthun_3132875903721453_IN_IV_ME_DS,47693,44.16%,
3T,VW_DH_TV_VF_nzoth_yogg_cthun_3135012791967725_Mis_IV_DR_DS,47690,44.15%,
3T,AR_EC_VF_nzoth_yogg_cthun_3132996162805741_IN_AM_DR,47689,44.15%,
3T,VW_DH_TV_VF_nzoth_yogg_cthun_3132791220142061_Mis_AM_DR,47687,44.14%,
3T,VW_DH_TV_VF_nzoth_yogg_cthun_3150519771389933_Mis_AM_ME,47681,44.12%,
3T,VW_DH_VW_VF_nzoth_yogg_cthun_3135005275774957_Mis_AM_ME_DS,47679,44.12%,
3T,VW_DH_TV_VF_nzoth_yogg_cthun_3132935101538285_Mis_AM_DR,47675,44.10%,
3T,AR_EC_VF_nzoth_yogg_cthun_3132867313786861_IN_AM_ME,47668,44.08%,
3T,VW_DH_VW_VF_nzoth_yogg_cthun_3132797662593005_Mis_AM_ME,47668,44.08%,
3T,AR_SP_VF_nzoth_yogg_cthun_3132859058872301_IN_IV_DR,47665,44.07%,
3T,VW_DH_TV_VF_nzoth_yogg_cthun_3132806253043693_Mis_IV_DR_DS,47658,44.05%,
3T,VW_DH_VW_VF_nzoth_yogg_cthun_3150260999610349_Mis_IV_DR_DS,47653,44.04%,
3T,VW_DH_VW_VF_nzoth_yogg_cthun_3150243886850029_Mis_AM_ME,47651,44.03%,
3T,VW_DH_VW_VF_yshaarj_nzoth_yogg_3977515724234733_Mis_AM_DR_DS,47650,44.03%,
3T,VW_DH_TV_VF_nzoth_yogg_cthun_3132942684839917_Mis_IV_DR_DS,47650,44.03%,
3T,VW_DH_TV_VF_nzoth_yogg_cthun_3132797663109101_Mis_AM_ME,47649,44.03%,
3T,VW_DH_VW_VF_nzoth_yogg_cthun_3132797729693677_Mis_AM_ME,47648,44.02%,
3T,AR_SW_VF_nzoth_yogg_cthun_3150313470943213_IN_IV_DR,47647,44.02%,
3T,VW_DH_TV_VF_nzoth_yogg_cthun_3205372946210797_Mis_AM_ME_DS,47645,44.01%,
3T,AR_SP_VF_nzoth_yogg_cthun_3132867313786861_IN_IV_DR,47635,43.98%,
3T,VW_DH_VW_VF_nzoth_yogg_cthun_3132806319628269_Mis_IV_ME_DS,47630,43.97%,
3T,VW_DH_TV_VF_yshaarj_nzoth_yogg_3977788454658029_Mis_AM_ME_DS,47628,43.96%,
3T,VW_DH_TV_VF_nzoth_yogg_cthun_3150259992977389_Mis_IV_ME_DS,47626,43.96%,
3T,VW_DH_TV_VF_nzoth_yogg_cthun_3132797662593005_Mis_AM_ME,47626,43.96%,
3T,AR_SW_VF_nzoth_yogg_cthun_3132996162289645_IN_IV_ME,47622,43.94%,
3T,AR_SW_VF_nzoth_yogg_cthun_3132996229390317_IN_IV_DR,47621,43.94%,
3T,VW_DH_VW_VF_nzoth_yogg_cthun_3132799810068461_Mis_AM_ME,47620,43.94%,
3T,VW_DH_VW_VF_nzoth_yogg_cthun_3150259925876717_Mis_IV_ME_DS,47620,43.94%,
3T,VW_DH_VW_VF_nzoth_yogg_cthun_3135012791967725_Mis_IV_DR_DS,47614,43.92%,
3T,VW_DH_VW_VF_nzoth_yogg_cthun_3132815916195821_Mis_IV_ME_DS,47614,43.92%,
3T,VW_DH_TV_VF_nzoth_yogg_cthun_3150243820265453_Mis_AM_DR,47613,43.92%,
3T,VW_DH_TV_VF_nzoth_yogg_cthun_3150268515803117_Mis_IV_ME_DS,47608,43.90%,
3T,VW_DH_VW_VF_nzoth_yogg_cthun_3132926512127981_Mis_AM_ME,47605,43.89%,
3T,VW_DH_TV_VF_nzoth_yogg_cthun_3132815916195821_Mis_IV_ME_DS,47603,43.89%,
3T,VW_DH_TV_VF_nzoth_yogg_cthun_3132813768720365_Mis_IV_DR_DS,47600,43.88%,
3T,VW_DH_VW_VF_nzoth_yogg_cthun_3132814842453997_Mis_IV_DR_DS,47598,43.87%,
3T,AR_SW_VF_nzoth_yogg_cthun_3150313470943213_IN_IV_ME,47597,43.87%,
3T,AR_EC_VF_nzoth_yogg_cthun_3132996162289645_IN_IV_DR,47593,43.85%,
3T,VW_DH_TV_VF_nzoth_yogg_cthun_3132942684839917_Mis_IV_ME_DS,47590,43.85%,
3T,VW_DH_VW_VF_nzoth_yogg_cthun_3135004202557421_Mis_IV_ME_DS,47590,43.85%,
3T,VW_DH_VW_VF_nzoth_yogg_cthun_3132807326269421_Mis_IV_DR_DS,47582,43.82%,
3T,VW_DH_TV_VF_nzoth_yogg_cthun_3132807326269421_Mis_IV_DR_DS,47577,43.81%,
3T,VW_DH_TV_VF_nzoth_yogg_cthun_3132808400003053_Mis_IV_DR_DS,47576,43.81%,
3T,VW_DH_TV_VF_nzoth_yogg_cthun_3132927652454381_Mis_AM_ME,47575,43.80%,
3T,VW_DH_VW_VF_yshaarj_nzoth_yogg_3977513577275373_Mis_AM_DR_DS,47574,43.80%,
3T,VW_DH_TV_VF_nzoth_yogg_cthun_3132927585353709_Mis_AM_DR,47572,43.79%,
3T,AR_SP_VF_yshaarj_nzoth_yogg_3977567188410349_IN_IV_ME,47568,43.78%,
3T,VW_DH_TV_VF_yshaarj_nzoth_yogg_4049524072177645_Mis_IV_DR_DS,47566,43.77%,
3T,VW_DH_TV_VF_nzoth_yogg_cthun_3150253483417581_Mis_IV_DR,47565,43.77%,
3T,VW_DH_VW_VF_nzoth_yogg_cthun_3132806253043693_Mis_IV_ME_DS,47565,43.77%,
3T,VW_DH_TV_VF_nzoth_yogg_cthun_3132807326269421_Mis_IV_ME_DS,47563,43.77%,
3T,VW_DH_TV_VF_yshaarj_nzoth_yogg_3979712600006637_Mis_AM_ME_DS,47561,43.76%,
3T,VW_DH_TV_VF_yshaarj_nzoth_yogg_3977513577275373_Mis_IV_ME_DS,47559,43.75%,
3T,AR_SW_VF_nzoth_yogg_cthun_3132859797594093_IN_AM_ME,47558,43.75%,
3T,VW_DH_TV_VF_nzoth_yogg_cthun_3135004202557421_Mis_IV_DR_DS,47556,43.74%,
3T,AR_SW_VF_nzoth_yogg_cthun_3132859797077997_IN_IV_ME,47556,43.74%,
3T,VW_DH_TV_VF_yshaarj_nzoth_yogg_3977513643859949_Mis_IV_ME_DS,47555,43.74%,
3T,AR_SP_VF_nzoth_yogg_cthun_3132859797077997_IN_IV_DR,47555,43.74%,
3T,VW_DH_TV_VF_nzoth_yogg_cthun_3132926512127981_Mis_AM_DR,47554,43.74%,
3T,VW_DH_TV_VF_nzoth_yogg_cthun_3132806319628269_Mis_IV_DR_DS,47553,43.73%,
3T,VW_DH_TV_VF_yshaarj_nzoth_cthun_3696313477947373_Mis_AM_DR_DS,47548,43.72%,
3T,VW_DH_VW_VF_nzoth_yogg_cthun_3132951207665645_Mis_IV_ME_DS,47547,43.72%,
3T,VW_DH_VW_VF_nzoth_yogg_cthun_3150519771389933_Mis_AM_ME,47547,43.71%,
3T,VW_DH_VW_VF_nzoth_yogg_cthun_3132791220142061_Mis_AM_DR,47543,43.70%,
3T,VW_DH_VW_VF_nzoth_yogg_cthun_3150243819749357_Mis_AM_ME,47541,43.70%,
3T,VW_DH_TV_VF_yshaarj_nzoth_yogg_3979697567621101_Mis_AM_ME,47534,43.68%,
3T,VW_DH_VW_VF_nzoth_yogg_cthun_3150259992977389_Mis_IV_ME_DS,47526,43.65%,
3T,VW_DH_VW_VF_nzoth_yogg_cthun_3132927585869805_Mis_IV_DR,47523,43.64%,
3T,VW_DH_VW_VF_yshaarj_nzoth_yogg_4049524072177645_Mis_AM_ME_DS,47523,43.64%,
3T,VW_DH_TV_VF_nzoth_yogg_cthun_3132951207665645_Mis_IV_DR_DS,47522,43.64%,
3T,AR_SW_VF_nzoth_yogg_cthun_3150313537527789_IN_IV_ME,47520,43.63%,
3T,VW_DH_TV_VF_yshaarj_nzoth_yogg_3977498611474413_Mis_IV_DR,47518,43.63%,
3T,VW_DH_TV_VF_yshaarj_nzoth_yogg_4049516555984877_Mis_AM_ME,47518,43.63%,
3T,VW_DH_VW_VF_nzoth_yogg_cthun_3132791220658157_Mis_AM_ME,47516,43.62%,
3T,VW_DH_VW_VF_nzoth_yogg_cthun_3132926512127981_Mis_AM_DR,47516,43.62%,
3T,AR_SW_VF_nzoth_yogg_cthun_3132867313786861_IN_IV_DR,47516,43.62%,
3T,AR_SP_VF_nzoth_yogg_cthun_3132858723860461_IN_IV_DR,47513,43.61%,
3T,AR_SP_VF_nzoth_yogg_cthun_3150313537527789_IN_IV_ME,47508,43.60%,
3T,AR_SP_VF_yshaarj_nzoth_yogg_3977567121825773_IN_IV_DR,47502,43.58%,
3T,VW_DH_TV_VF_nzoth_yogg_cthun_3135005275774957_Mis_AM_DR_DS,47499,43.57%,
3T,VW_DH_VW_VF_nzoth_yogg_cthun_3205372946210797_Mis_AM_ME_DS,47496,43.56%,
3T,VW_DH_VW_VF_nzoth_yogg_cthun_3132942618255341_Mis_IV_ME_DS,47494,43.56%,
3T,AR_SP_VF_yshaarj_nzoth_yogg_3977567188410349_IN_IV_DR,47486,43.53%,
3T,VW_DH_VW_VF_nzoth_yogg_cthun_3150252409675757_Mis_AM_ME,47485,43.53%,
3T,VW_DH_VW_VF_yshaarj_nzoth_yogg_4049531588370413_Mis_AM_DR_DS,47484,43.53%,
3T,VW_DH_VW_VF_nzoth_yogg_cthun_3132797663109101_Mis_AM_ME,47484,43.53%,
3T,VW_DH_TV_VF_yshaarj_nzoth_cthun_3768322899632109_Mis_AM_ME_DS,47482,43.52%,
3T,VW_DH_VW_VF_nzoth_yogg_cthun_3150243886850029_Mis_AM_DR,47481,43.52%,
3T,VW_DH_VW_VF_nzoth_yogg_cthun_3132807326269421_Mis_IV_ME_DS,47479,43.51%,
3T,VW_DH_TV_VF_nzoth_yogg_cthun_3133347418398701_Mis_AM_DR,47477,43.51%,
3T,VW_DH_VW_VF_yshaarj_nzoth_yogg_4049525145919469_Mis_IV_DR_DS,47475,43.50%,
3T,VW_DH_TV_VF_nzoth_yogg_cthun_3132936175280109_Mis_AM_ME,47473,43.49%,
3T,VW_DH_VW_VF_nzoth_yogg_cthun_3132806319628269_Mis_IV_DR_DS,47471,43.49%,
3T,VW_DH_VW_VF_nzoth_yogg_cthun_3150244894007277_Mis_IV_DR,47471,43.49%,
3T,VW_DH_VW_VF_nzoth_yogg_cthun_3134997759582189_Mis_AM_DR,47471,43.49%,
3T,VW_DH_VW_VF_nzoth_yogg_cthun_3132798803435501_Mis_IV_DR,47470,43.48%,
3T,VW_DH_TV_VF_nzoth_yogg_cthun_3150259925876717_Mis_IV_ME_DS,47465,43.47%,
3T,AR_EC_VF_nzoth_yogg_cthun_3150313470427117_IN_IV_ME,47465,43.47%,
3T,AR_EC_VF_nzoth_yogg_cthun_3132859797077997_IN_AM_ME,47461,43.46%,
3T,VW_DH_VW_VF_nzoth_yogg_cthun_3150262073352173_Mis_IV_ME_DS,47460,43.45%,
3T,AR_SP_VF_nzoth_yogg_cthun_3132867313270765_IN_IV_ME,47458,43.45%,
3T,VW_DH_TV_VF_nzoth_yogg_cthun_3133363524526061_Mis_IV_DR_DS,47457,43.44%,
3T,AR_EC_VF_nzoth_yogg_cthun_3132996229390317_IN_AM_DR,47452,43.43%,
3T,VW_DH_TV_VF_nzoth_yogg_cthun_3150245967224813_Mis_AM_DR,47450,43.42%,
3T,VW_DH_TV_VF_nzoth_yogg_cthun_3132813835821037_Mis_IV_ME_DS,47444,43.40%,
3T,VW_DH_TV_VF_nzoth_yogg_cthun_3132944765214701_Mis_IV_DR_DS,47442,43.40%,
3T,VW_DH_TV_VF_nzoth_yogg_cthun_3132798736850925_Mis_IV_DR,47440,43.39%,
3T,VW_DH_TV_VF_nzoth_yogg_cthun_3132814842453997_Mis_IV_DR_DS,47440,43.39%,
3T,VW_DH_TV_VF_nzoth_yogg_cthun_3132943691472877_Mis_AM_ME_DS,47440,43.39%,
3T,AR_SP_VF_nzoth_yogg_cthun_3132858790445037_IN_IV_ME,47437,43.38%,
3T,VW_DH_TV_VF_yshaarj_nzoth_yogg_4049660437389293_Mis_IV_DR_DS,47437,43.38%,
3T,VW_DH_TV_VF_nzoth_yogg_cthun_3150244894007277_Mis_IV_DR,47436,43.38%,
3T,VW_DH_VW_VF_nzoth_yogg_cthun_3150243820265453_Mis_AM_ME,47436,43.38%,
3T,AR_EC_VF_nzoth_yogg_cthun_3132858790445037_IN_IV_DR,47436,43.38%,
3T,VW_DH_VW_VF_nzoth_yogg_cthun_3132936175280109_Mis_AM_ME,47433,43.37%,
3T,AR_SP_VF_nzoth_yogg_cthun_3132996162289645_IN_IV_DR,47433,43.37%,
3T,VW_DH_VW_VF_nzoth_yogg_cthun_3132928659087341_Mis_AM_DR,47432,43.37%,
3T,VW_DH_VW_VF_nzoth_yogg_cthun_3132798736850925_Mis_IV_DR,47428,43.36%,
3T,VW_DH_TV_VF_nzoth_yogg_cthun_3132807393370093_Mis_IV_ME_DS,47424,43.34%,
3T,AR_SW_VF_yshaarj_nzoth_yogg_3977567121825773_IN_IV_ME,47422,43.34%,
3T,VW_DH_TV_VF_yshaarj_nzoth_yogg_4049522998444013_Mis_IV_DR_DS,47418,43.33%,
3T,VW_DH_VW_VF_yshaarj_nzoth_yogg_4049525145919469_Mis_IV_ME_DS,47418,43.33%,
3T,VW_DH_TV_VF_yshaarj_nzoth_yogg_4049522998444013_Mis_IV_ME_DS,47416,43.32%,
3T,VW_DH_VW_VF_nzoth_yogg_cthun_3132942684839917_Mis_IV_DR_DS,47413,43.31%,
3T,VW_DH_VW_VF_nzoth_yogg_cthun_3132791287242733_Mis_AM_ME,47412,43.31%,
3T,AR_EC_VF_nzoth_yogg_cthun_3132867380371437_IN_AM_ME,47410,43.30%,
3T,VW_DH_TV_VF_nzoth_yogg_cthun_3134997759582189_Mis_AM_DR,47410,43.30%,
3T,VW_DH_TV_VF_nzoth_yogg_cthun_3132791287242733_Mis_AM_DR,47409,43.30%,
3T,VW_DH_TV_VF_nzoth_yogg_cthun_3205372946210797_Mis_AM_DR_DS,47408,43.30%,
3T,VW_DH_TV_VF_yshaarj_nzoth_yogg_3979697567621101_Mis_AM_DR,47403,43.28%,
3T,AR_SW_VF_yshaarj_nzoth_yogg_3977567121825773_IN_IV_DR,47400,43.27%,
3T,VW_DH_VW_VF_nzoth_yogg_cthun_3132944765214701_Mis_IV_DR_DS,47399,43.27%,
3T,VW_DH_TV_VF_nzoth_yogg_cthun_3150259992977389_Mis_IV_DR_DS,47396,43.26%,
3T,AR_EC_VF_nzoth_yogg_cthun_3132875970306029_IN_IV_ME_DS,47389,43.24%,
3T,AR_SP_VF_nzoth_yogg_cthun_3150313537527789_IN_IV_DR,47389,43.24%,
3T,AR_EC_VF_yshaarj_nzoth_yogg_3977567121309677_IN_IV_ME,47379,43.21%,
3T,AR_EC_VF_nzoth_yogg_cthun_3132996229390317_IN_AM_ME,47377,43.20%,
3T,VW_DH_VW_VF_nzoth_yogg_cthun_3133348492140525_Mis_AM_DR,47377,43.20%,
3T,VW_DH_TV_VF_yshaarj_nzoth_yogg_4049660437389293_Mis_IV_ME_DS,47376,43.20%,
3T,AR_SW_VF_nzoth_yogg_cthun_3132859058872301_IN_IV_DR,47374,43.19%,
3T,VW_DH_VW_VF_yshaarj_nzoth_yogg_4049797876342765_Mis_AM_ME_DS,47374,43.19%,
3T,AR_SW_VF_nzoth_yogg_cthun_3132858790445037_IN_IV_ME,47372,43.19%,
3T,AR_SW_VF_nzoth_yogg_cthun_3132875903721453_IN_IV_ME_DS,47371,43.18%,
3T,VW_DH_VW_VF_nzoth_yogg_cthun_3150519771389933_Mis_AM_DR,47365,43.17%,
3T,AR_SW_VF_yshaarj_nzoth_yogg_3977567188410349_IN_IV_ME,47360,43.15%,
3T,VW_DH_TV_VF_yshaarj_nzoth_yogg_3977515724234733_Mis_IV_DR_DS,47357,43.14%,
3T,AR_SP_VF_nzoth_yogg_cthun_3132867380371437_IN_IV_DR,47356,43.14%,
3T,VW_DH_VW_VF_nzoth_yogg_cthun_3135004269141997_Mis_IV_DR_DS,47355,43.14%,
3T,VW_DH_VW_VF_nzoth_yogg_cthun_3205372946210797_Mis_AM_DR_DS,47354,43.13%,
3T,AR_SP_VF_nzoth_yogg_cthun_3132875903721453_IN_IV_ME_DS,47352,43.13%,
3T,VW_DH_TV_VF_nzoth_yogg_cthun_3132927585353709_Mis_AM_ME,47349,43.12%,
3T,VW_DH_VW_VF_nzoth_yogg_cthun_3132943691472877_Mis_AM_ME_DS,47349,43.12%,
3T,VW_DH_VW_VF_nzoth_yogg_cthun_3132951207665645_Mis_IV_DR_DS,47343,43.10%,
3T,AR_SP_VF_nzoth_yogg_cthun_3132996162805741_IN_AM_ME,47339,43.09%,
3T,VW_DH_TV_VF_yshaarj_nzoth_yogg_3977499618107373_Mis_AM_DR,47337,43.08%,
3T,VW_DH_VW_VF_nzoth_yogg_cthun_3132927585353709_Mis_AM_DR,47332,43.07%,
3T,AR_EC_VF_nzoth_yogg_cthun_3150313470943213_IN_AM_ME,47329,43.06%,
3T,VW_DH_TV_VF_nzoth_yogg_cthun_3150262073352173_Mis_IV_ME_DS,47328,43.05%,
3T,AR_EC_VF_nzoth_yogg_cthun_3132859058872301_IN_AM_DR,47323,43.04%,
3T,VW_DH_TV_VF_nzoth_yogg_cthun_3150259926392813_Mis_IV_ME_DS,47322,43.04%,
3T,VW_DH_VW_VF_nzoth_yogg_cthun_3132799810068461_Mis_AM_DR,47321,43.03%,
3T,VW_DH_VW_VF_nzoth_yogg_cthun_3132807393370093_Mis_IV_ME_DS,47319,43.03%,
3T,VW_DH_VW_VF_nzoth_yogg_cthun_3133363524526061_Mis_AM_ME_DS,47318,43.02%,
3T,AR_SW_VF_nzoth_yogg_cthun_3132858723860461_IN_IV_DR,47314,43.01%,
3T,VW_DH_VW_VF_nzoth_yogg_cthun_3135005275774957_Mis_AM_DR_DS,47312,43.01%,
3T,VW_DH_TV_VF_nzoth_yogg_cthun_3132942618255341_Mis_IV_DR_DS,47310,43.00%,
3T,VW_DH_TV_VF_nzoth_yogg_cthun_3132813769236461_Mis_IV_ME_DS,47308,42.99%,
3T,AR_SW_VF_nzoth_yogg_cthun_3132867313786861_IN_AM_ME,47307,42.99%,
3T,VW_DH_TV_VF_nzoth_yogg_cthun_3150519771389933_Mis_AM_DR,47300,42.97%,
3T,VW_DH_VW_VF_nzoth_yogg_cthun_3132807326785517_Mis_IV_ME_DS,47297,42.96%,
3T,VW_DH_TV_VF_nzoth_yogg_cthun_3150534803775469_Mis_AM_ME_DS,47293,42.95%,
3T,AR_EC_VF_nzoth_yogg_cthun_3150313470427117_IN_IV_DR,47291,42.94%,
3T,VW_DH_TV_VF_nzoth_yogg_cthun_3132799810068461_Mis_AM_DR,47290,42.94%,
3T,AR_EC_VF_yshaarj_nzoth_yogg_3977567121309677_IN_IV_DR,47286,42.93%,
3T,AR_SP_VF_yshaarj_nzoth_yogg_3977567121309677_IN_IV_ME,47283,42.92%,
3T,AR_SP_VF_nzoth_yogg_cthun_3132875903721453_IN_IV_DR_DS,47280,42.91%,
3T,VW_DH_TV_VF_nzoth_yogg_cthun_3133348492140525_Mis_AM_ME,47276,42.90%,
3T,VW_DH_TV_VF_nzoth_yogg_cthun_3132797729693677_Mis_AM_DR,47273,42.89%,
3T,VW_DH_VW_VF_nzoth_yogg_cthun_3135006349516781_Mis_IV_DR_DS,47272,42.89%,
3T,AR_EC_VF_nzoth_yogg_cthun_3132859058872301_IN_AM_ME,47271,42.88%,
3T,AR_SW_VF_nzoth_yogg_cthun_3132867380371437_IN_IV_ME,47267,42.87%,
3T,VW_DH_VW_VF_yshaarj_nzoth_yogg_4049524072177645_Mis_AM_DR_DS,47266,42.87%,
3T,VW_DH_TV_VF_nzoth_yogg_cthun_3150259926392813_Mis_IV_DR_DS,47265,42.86%,
3T,AR_SW_VF_nzoth_yogg_cthun_3132859797077997_IN_IV_DR,47260,42.85%,
3T,AR_EC_VF_nzoth_yogg_cthun_3132867313786861_IN_AM_DR,47260,42.85%,
3T,VW_DH_TV_VF_yshaarj_nzoth_yogg_3977635983319021_Mis_AM_ME,47258,42.84%,
3T,VW_DH_TV_VF_yshaarj_nzoth_yogg_4049531588370413_Mis_AM_ME_DS,47258,42.84%,
3T,AR_EC_VF_nzoth_yogg_cthun_3132859864178669_IN_AM_DR,47253,42.83%,
3T,VW_DH_VW_VF_nzoth_yogg_cthun_3150252409675757_Mis_AM_DR,47250,42.82%,
3T,VW_DH_VW_VF_yshaarj_nzoth_yogg_4049523065544685_Mis_IV_DR_DS,47243,42.80%,
3T,VW_DH_TV_VF_nzoth_yogg_cthun_3150244960591853_Mis_AM_ME,47242,42.79%,
3T,VW_DH_TV_VF_yshaarj_nzoth_cthun_3768322899632109_Mis_AM_DR_DS,47238,42.78%,
3T,VW_DH_TV_VF_yshaarj_nzoth_yogg_3977497471148013_Mis_AM_DR,47238,42.78%,
3T,AR_EC_VF_yshaarj_nzoth_yogg_3977567121825773_IN_AM_ME,47237,42.78%,
3T,VW_DH_TV_VF_yshaarj_nzoth_yogg_3977513577275373_Mis_IV_DR_DS,47233,42.77%,
3T,AR_EC_VF_nzoth_yogg_cthun_3132858723860461_IN_AM_ME,47231,42.76%,
3T,VW_DH_TV_VF_yshaarj_nzoth_yogg_4049523065544685_Mis_IV_ME_DS,47230,42.76%,
3T,VW_DH_TV_VF_yshaarj_nzoth_yogg_3977513643859949_Mis_IV_DR_DS,47228,42.75%,
3T,VW_DH_VW_VF_nzoth_yogg_cthun_3132808400003053_Mis_AM_ME_DS,47227,42.75%,
3T,VW_DH_TV_VF_nzoth_yogg_cthun_3132807326785517_Mis_IV_ME_DS,47226,42.74%,
3T,VW_DH_VW_VF_nzoth_yogg_cthun_3150268515803117_Mis_IV_ME_DS,47221,42.73%,
3T,AR_EC_VF_nzoth_yogg_cthun_3132875970306029_IN_IV_DR_DS,47221,42.73%,
3T,VW_DH_TV_VF_nzoth_yogg_cthun_3150253483417581_Mis_AM_ME,47218,42.72%,
3T,VW_DH_TV_VF_nzoth_yogg_cthun_3150268515803117_Mis_IV_DR_DS,47214,42.71%,
3T,VW_DH_TV_VF_yshaarj_nzoth_yogg_3977498544889837_Mis_IV_DR,47212,42.70%,
3T,AR_SW_VF_nzoth_yogg_cthun_3132867380371437_IN_IV_DR,47211,42.70%,
3T,VW_DH_VW_VF_nzoth_yogg_cthun_3150243820265453_Mis_AM_DR,47209,42.69%,
3T,AR_SP_VF_nzoth_yogg_cthun_3132875970306029_IN_IV_ME_DS,47208,42.69%,
3T,VW_DH_TV_VF_nzoth_yogg_cthun_3152458949124077_Mis_AM_DR_DS,47207,42.69%,
3T,VW_DH_TV_VF_nzoth_yogg_cthun_3132927585869805_Mis_AM_ME,47206,42.69%,
3T,AR_SW_VF_nzoth_yogg_cthun_3132859797594093_IN_AM_DR,47205,42.68%,
3T,VW_DH_VW_VF_nzoth_yogg_cthun_3135004202557421_Mis_IV_DR_DS,47201,42.67%,
3T,AR_SW_VF_nzoth_yogg_cthun_3150313537527789_IN_IV_DR,47199,42.66%,
3T,AR_EC_VF_nzoth_yogg_cthun_3132875903721453_IN_IV_DR_DS,47198,42.66%,
3T,VW_DH_TV_VF_nzoth_yogg_cthun_3132797663109101_Mis_AM_DR,47197,42.66%,
3T,VW_DH_VW_VF_yshaarj_nzoth_yogg_4049522998960109_Mis_IV_DR_DS,47195,42.65%,
3T,VW_DH_TV_VF_yshaarj_nzoth_yogg_3977498544373741_Mis_AM_ME,47190,42.64%,
3T,VW_DH_VW_VF_nzoth_yogg_cthun_3150244960591853_Mis_AM_ME,47188,42.63%,
3T,VW_DH_TV_VF_nzoth_yogg_cthun_3132943691472877_Mis_AM_DR_DS,47181,42.61%,
3T,VW_DH_TV_VF_yshaarj_nzoth_yogg_3977514650492909_Mis_AM_DR_DS,47181,42.61%,
3T,AR_SW_VF_nzoth_yogg_cthun_3132867313270765_IN_IV_ME,47173,42.59%,
3T,AR_SP_VF_nzoth_yogg_cthun_3132858790961133_IN_AM_ME,47170,42.58%,
3T,VW_DH_VW_VF_yshaarj_nzoth_yogg_4049797876342765_Mis_AM_DR_DS,47170,42.58%,
3T,VW_DH_TV_VF_yshaarj_nzoth_yogg_3977788454658029_Mis_AM_DR_DS,47169,42.57%,
3T,VW_DH_VW_VF_nzoth_yogg_cthun_3132813835821037_Mis_IV_ME_DS,47165,42.56%,
3T,VW_DH_VW_VF_nzoth_yogg_cthun_3132808400003053_Mis_IV_DR_DS,47161,42.55%,
3T,AR_SP_VF_nzoth_yogg_cthun_3132859797594093_IN_AM_ME,47159,42.54%,
3T,VW_DH_VW_VF_nzoth_yogg_cthun_3150260999610349_Mis_AM_ME_DS,47156,42.53%,
3T,AR_EC_VF_nzoth_yogg_cthun_3132996162289645_IN_AM_ME,47156,42.53%,
3T,AR_SW_VF_nzoth_yogg_cthun_3132996162289645_IN_IV_DR,47153,42.52%,
3T,VW_DH_TV_VF_nzoth_yogg_cthun_3132808400003053_Mis_AM_ME_DS,47151,42.52%,
3T,VW_DH_TV_VF_nzoth_yogg_cthun_3132936175280109_Mis_AM_DR,47151,42.52%,
3T,VW_DH_VW_VF_nzoth_yogg_cthun_3132813769236461_Mis_IV_ME_DS,47148,42.51%,
3T,AR_EC_VF_yshaarj_nzoth_yogg_4014400761356269_IN_IV_DR,47146,42.51%,
3T,VW_DH_TV_VF_nzoth_yogg_cthun_3135004269141997_Mis_AM_ME_DS,47146,42.50%,
3T,VW_DH_TV_VF_nzoth_yogg_cthun_3132798736334829_Mis_AM_DR,47143,42.50%,
3T,VW_DH_TV_VF_nzoth_yogg_cthun_3132806252527597_Mis_AM_DR_DS,47143,42.50%,
3T,VW_DH_VW_VF_nzoth_yogg_cthun_3132806253043693_Mis_IV_DR_DS,47142,42.49%,
3T,VW_DH_VW_VF_nzoth_yogg_cthun_3132927652454381_Mis_AM_ME,47138,42.48%,
3T,AR_EC_VF_nzoth_yogg_cthun_3150313537527789_IN_AM_ME,47137,42.48%,
3T,AR_EC_VF_nzoth_yogg_cthun_3132858790961133_IN_AM_DR,47136,42.47%,
3T,VW_DH_TV_VF_nzoth_yogg_cthun_3150260999610349_Mis_AM_ME_DS,47135,42.47%,
3T,VW_DH_VW_VF_nzoth_yogg_cthun_3135012791967725_Mis_AM_ME_DS,47134,42.47%,
3T,VW_DH_TV_VF_nzoth_yogg_cthun_3132798736334829_Mis_AM_ME,47134,42.47%,
3T,AR_EC_VF_nzoth_yogg_cthun_3150313537527789_IN_AM_DR,47130,42.46%,
3T,AR_SP_VF_nzoth_yogg_cthun_3132996229390317_IN_AM_ME,47120,42.43%,
3T,AR_EC_VF_yshaarj_nzoth_yogg_3977567121825773_IN_AM_DR,47118,42.42%,
3T,VW_DH_TV_VF_nzoth_yogg_cthun_3132806252527597_Mis_AM_ME_DS,47116,42.41%,
3T,VW_DH_TV_VF_nzoth_yogg_cthun_3135006349516781_Mis_AM_ME_DS,47115,42.41%,
3T,AR_SP_VF_nzoth_yogg_cthun_3150313470427117_IN_IV_ME,47112,42.40%,
3T,VW_DH_TV_VF_nzoth_yogg_cthun_3132791220658157_Mis_AM_DR,47110,42.40%,
3T,VW_DH_VW_VF_nzoth_yogg_cthun_3132797729693677_Mis_AM_DR,47110,42.40%,
3T,VW_DH_VW_VF_nzoth_yogg_cthun_3135006349516781_Mis_AM_ME_DS,47108,42.39%,
3T,AR_SW_VF_nzoth_yogg_cthun_3132996162805741_IN_AM_DR,47105,42.38%,
3T,VW_DH_VW_VF_nzoth_yogg_cthun_3150268515803117_Mis_IV_DR_DS,47100,42.37%,
3T,VW_DH_TV_VF_nzoth_yogg_cthun_3132807393370093_Mis_IV_DR_DS,47094,42.35%,
3T,VW_DH_TV_VF_nzoth_yogg_cthun_3135012791967725_Mis_AM_ME_DS,47085,42.32%,
3T,VW_DH_TV_VF_yshaarj_nzoth_yogg_4049516555984877_Mis_AM_DR,47082,42.31%,
3T,VW_DH_VW_VF_yshaarj_nzoth_yogg_4049660437389293_Mis_AM_ME_DS,47074,42.29%,
3T,VW_DH_VW_VF_nzoth_yogg_cthun_3132942618255341_Mis_IV_DR_DS,47073,42.28%,
3T,AR_EC_VF_nzoth_yogg_cthun_3132875903205357_IN_IV_ME_DS,47069,42.27%,
3T,VW_DH_TV_VF_nzoth_yogg_cthun_3150534803775469_Mis_AM_DR_DS,47065,42.26%,
3T,VW_DH_VW_VF_nzoth_yogg_cthun_3150253483417581_Mis_AM_ME,47062,42.25%,
3T,VW_DH_TV_VF_nzoth_yogg_cthun_3150262073352173_Mis_IV_DR_DS,47056,42.23%,
3T,VW_DH_TV_VF_nzoth_yogg_cthun_3132815916195821_Mis_IV_DR_DS,47045,42.20%,
3T,VW_DH_VW_VF_nzoth_yogg_cthun_3132798803435501_Mis_AM_ME,47041,42.19%,
3T,VW_DH_TV_VF_yshaarj_nzoth_yogg_3977651015704557_Mis_AM_ME_DS,47041,42.19%,
3T,VW_DH_TV_VF_yshaarj_nzoth_yogg_3977773422272493_Mis_AM_DR,47039,42.18%,
3T,AR_SW_VF_nzoth_yogg_cthun_3132858790961133_IN_AM_DR,47038,42.18%,
3T,VW_DH_TV_VF_yshaarj_nzoth_yogg_3977498611474413_Mis_AM_ME,47034,42.16%,
3T,AR_SW_VF_nzoth_yogg_cthun_3132867313270765_IN_IV_DR,47030,42.15%,
3T,VW_DH_TV_VF_nzoth_yogg_cthun_3132814842453997_Mis_AM_ME_DS,47029,42.15%,
3T,VW_DH_TV_VF_nzoth_yogg_cthun_3132798803435501_Mis_AM_ME,47026,42.14%,
3T,VW_DH_VW_VF_nzoth_yogg_cthun_3133363524526061_Mis_AM_DR_DS,47022,42.13%,
3T,VW_DH_VW_VF_nzoth_yogg_cthun_3132791287242733_Mis_AM_DR,47019,42.12%,
3T,VW_DH_TV_VF_nzoth_yogg_cthun_3132813835821037_Mis_IV_DR_DS,47017,42.11%,
3T,VW_DH_TV_VF_yshaarj_nzoth_yogg_3977515724234733_Mis_AM_ME_DS,47013,42.10%,
3T,AR_SW_VF_nzoth_yogg_cthun_3132996162805741_IN_AM_ME,47012,42.10%,
3T,AR_SP_VF_nzoth_yogg_cthun_3132867313786861_IN_AM_ME,47010,42.09%,
3T,VW_DH_TV_VF_nzoth_yogg_cthun_3135004269141997_Mis_AM_DR_DS,47010,42.09%,
3T,AR_EC_VF_nzoth_yogg_cthun_3132867313270765_IN_AM_ME,47009,42.09%,
3T,VW_DH_VW_VF_nzoth_yogg_cthun_3132798736334829_Mis_AM_ME,47008,42.09%,
3T,AR_EC_VF_nzoth_yogg_cthun_3132867313270765_IN_IV_DR,47003,42.07%,
3T,VW_DH_TV_VF_nzoth_yogg_cthun_3132927652454381_Mis_AM_DR,47001,42.07%,
3T,VW_DH_TV_VF_yshaarj_nzoth_yogg_4049525145919469_Mis_IV_ME_DS,46999,42.06%,
3T,AR_SW_VF_nzoth_yogg_cthun_3132858790961133_IN_AM_ME,46999,42.06%,
3T,VW_DH_VW_VF_nzoth_yogg_cthun_3132927585353709_Mis_AM_ME,46998,42.06%,
3T,VW_DH_VW_VF_nzoth_yogg_cthun_3150259992977389_Mis_IV_DR_DS,46997,42.05%,
3T,VW_DH_VW_VF_nzoth_yogg_cthun_3150244893491181_Mis_AM_DR,46990,42.03%,
3T,AR_SP_VF_nzoth_yogg_cthun_3132996162805741_IN_AM_DR,46989,42.03%,
3T,VW_DH_TV_VF_nzoth_yogg_cthun_3132951207665645_Mis_AM_ME_DS,46987,42.02%,
3T,VW_DH_TV_VF_nzoth_yogg_cthun_3135004202041325_Mis_AM_ME_DS,46986,42.02%,
3T,VW_DH_TV_VF_nzoth_yogg_cthun_3135004202041325_Mis_AM_DR_DS,46984,42.02%,
3T,VW_DH_VW_VF_nzoth_yogg_cthun_3152458949124077_Mis_AM_ME_DS,46978,42.00%,
3T,VW_DH_TV_VF_yshaarj_nzoth_yogg_3979712600006637_Mis_AM_DR_DS,46978,42.00%,
3T,AR_SP_VF_nzoth_yogg_cthun_3132858790445037_IN_IV_DR,46977,41.99%,
3T,VW_DH_VW_VF_nzoth_yogg_cthun_3150534803775469_Mis_AM_ME_DS,46977,41.99%,
3T,VW_DH_TV_VF_nzoth_yogg_cthun_3150244893491181_Mis_AM_DR,46977,41.99%,
3T,VW_DH_VW_VF_nzoth_yogg_cthun_3132815916195821_Mis_IV_DR_DS,46976,41.99%,
3T,VW_DH_VW_VF_nzoth_yogg_cthun_3150245967224813_Mis_AM_DR,46975,41.99%,
3T,VW_DH_VW_VF_nzoth_yogg_cthun_3132813835821037_Mis_IV_DR_DS,46971,41.97%,
3T,VW_DH_TV_VF_nzoth_yogg_cthun_3132927585869805_Mis_AM_DR,46970,41.97%,
3T,VW_DH_VW_VF_yshaarj_nzoth_yogg_4049660437389293_Mis_AM_DR_DS,46960,41.94%,
3T,AR_SP_VF_nzoth_yogg_cthun_3132867313270765_IN_IV_DR,46960,41.94%,
3T,VW_DH_TV_VF_yshaarj_nzoth_yogg_4049531588370413_Mis_AM_DR_DS,46960,41.94%,
3T,AR_SW_VF_nzoth_yogg_cthun_3132875903721453_IN_IV_DR_DS,46954,41.92%,
3T,AR_EC_VF_yshaarj_nzoth_yogg_3977567188410349_IN_AM_ME,46954,41.92%,
3T,VW_DH_TV_VF_nzoth_yogg_cthun_3150253483417581_Mis_AM_DR,46951,41.92%,
3T,AR_EC_VF_nzoth_yogg_cthun_3132858790445037_IN_AM_ME,46949,41.91%,
3T,VW_DH_TV_VF_nzoth_yogg_cthun_3132942684839917_Mis_AM_ME_DS,46947,41.90%,
3T,AR_EC_VF_yshaarj_nzoth_yogg_4014400827940845_IN_IV_DR,46947,41.90%,
3T,VW_DH_VW_VF_nzoth_yogg_cthun_3132798736334829_Mis_AM_DR,46942,41.89%,
3T,AR_SW_VF_nzoth_yogg_cthun_3132875970306029_IN_IV_ME_DS,46938,41.88%,
3T,VW_DH_VW_VF_nzoth_yogg_cthun_3132814842453997_Mis_AM_ME_DS,46937,41.87%,
3T,VW_DH_TV_VF_yshaarj_nzoth_yogg_4049524072177645_Mis_AM_ME_DS,46936,41.87%,
3T,VW_DH_TV_VF_yshaarj_nzoth_yogg_3977635983319021_Mis_AM_DR,46936,41.87%,
3T,VW_DH_TV_VF_nzoth_yogg_cthun_3150244893491181_Mis_AM_ME,46935,41.87%,
3T,VW_DH_VW_VF_nzoth_yogg_cthun_3132798736850925_Mis_AM_ME,46935,41.87%,
3T,VW_DH_TV_VF_nzoth_yogg_cthun_3150260999610349_Mis_AM_DR_DS,46923,41.83%,
3T,VW_DH_VW_VF_nzoth_yogg_cthun_3132797663109101_Mis_AM_DR,46922,41.83%,
3T,AR_EC_VF_nzoth_yogg_cthun_3132859797077997_IN_AM_DR,46920,41.82%,
3T,VW_DH_VW_VF_nzoth_yogg_cthun_3135012791967725_Mis_AM_DR_DS,46919,41.82%,
3T,AR_EC_VF_nzoth_yogg_cthun_3150313470943213_IN_AM_DR,46916,41.81%,
3T,VW_DH_TV_VF_nzoth_yogg_cthun_3150244894007277_Mis_AM_ME,46915,41.81%,
3T,VW_DH_TV_VF_nzoth_yogg_cthun_3152458949124077_Mis_AM_ME_DS,46913,41.80%,
3T,VW_DH_TV_VF_nzoth_yogg_cthun_3132942617739245_Mis_AM_DR_DS,46912,41.80%,
3T,AR_SW_VF_yshaarj_nzoth_yogg_3977567121309677_IN_IV_ME,46906,41.78%,
3T,AR_SP_VF_nzoth_yogg_cthun_3132859864178669_IN_AM_ME,46906,41.78%,
3T,AR_SP_VF_nzoth_yogg_cthun_3132859797594093_IN_AM_DR,46903,41.77%,
3T,VW_DH_VW_VF_nzoth_yogg_cthun_3135004269141997_Mis_AM_ME_DS,46902,41.77%,
3T,VW_DH_VW_VF_nzoth_yogg_cthun_3132936175280109_Mis_AM_DR,46900,41.76%,
3T,VW_DH_VW_VF_nzoth_yogg_cthun_3150259926392813_Mis_IV_DR_DS,46893,41.74%,
3T,VW_DH_VW_VF_nzoth_yogg_cthun_3132927652454381_Mis_AM_DR,46892,41.74%,
3T,VW_DH_VW_VF_nzoth_yogg_cthun_3150259926392813_Mis_IV_ME_DS,46887,41.72%,
3T,VW_DH_TV_VF_yshaarj_nzoth_yogg_4049523065544685_Mis_IV_DR_DS,46887,41.72%,
3T,VW_DH_VW_VF_nzoth_yogg_cthun_3132806319628269_Mis_AM_ME_DS,46878,41.69%,
3T,VW_DH_VW_VF_nzoth_yogg_cthun_3132791220658157_Mis_AM_DR,46872,41.68%,
3T,VW_DH_TV_VF_nzoth_yogg_cthun_3132806253043693_Mis_AM_ME_DS,46869,41.67%,
3T,VW_DH_VW_VF_nzoth_yogg_cthun_3135004202041325_Mis_AM_DR_DS,46869,41.67%,
3T,VW_DH_VW_VF_nzoth_yogg_cthun_3150262073352173_Mis_IV_DR_DS,46868,41.66%,
3T,VW_DH_TV_VF_nzoth_yogg_cthun_3132807326785517_Mis_IV_DR_DS,46860,41.64%,
3T,VW_DH_VW_VF_nzoth_yogg_cthun_3132806252527597_Mis_AM_DR_DS,46859,41.64%,
3T,AR_SW_VF_yshaarj_nzoth_yogg_3977567188410349_IN_IV_DR,46858,41.63%,
3T,VW_DH_VW_VF_nzoth_yogg_cthun_3132942617739245_Mis_AM_DR_DS,46855,41.63%,
3T,VW_DH_TV_VF_nzoth_yogg_cthun_3132798736850925_Mis_AM_ME,46852,41.61%,
3T,VW_DH_VW_VF_nzoth_yogg_cthun_3152458949124077_Mis_AM_DR_DS,46845,41.60%,
3T,AR_SP_VF_nzoth_yogg_cthun_3150313470427117_IN_IV_DR,46843,41.59%,
3T,VW_DH_VW_VF_nzoth_yogg_cthun_3132806252527597_Mis_AM_ME_DS,46837,41.57%,
3T,VW_DH_TV_VF_yshaarj_nzoth_yogg_3977498544889837_Mis_AM_ME,46830,41.55%,
3T,VW_DH_TV_VF_nzoth_yogg_cthun_3133348492140525_Mis_AM_DR,46828,41.54%,
3T,AR_SW_VF_nzoth_yogg_cthun_3132859058872301_IN_AM_DR,46824,41.53%,
3T,AR_SP_VF_nzoth_yogg_cthun_3132859058872301_IN_AM_ME,46821,41.52%,
3T,VW_DH_TV_VF_nzoth_yogg_cthun_3133363524526061_Mis_AM_ME_DS,46821,41.52%,
3T,VW_DH_TV_VF_nzoth_yogg_cthun_3132806319628269_Mis_AM_ME_DS,46817,41.51%,
3T,VW_DH_TV_VF_yshaarj_nzoth_yogg_4049797876342765_Mis_AM_ME_DS,46813,41.50%,
3T,VW_DH_TV_VF_nzoth_yogg_cthun_3150244960591853_Mis_AM_DR,46812,41.49%,
3T,AR_SP_VF_nzoth_yogg_cthun_3132867313786861_IN_AM_DR,46812,41.49%,
3T,AR_SW_VF_yshaarj_nzoth_yogg_3977567121825773_IN_AM_ME,46811,41.49%,
3T,AR_SW_VF_nzoth_yogg_cthun_3132858723860461_IN_AM_ME,46811,41.49%,
3T,AR_SW_VF_nzoth_yogg_cthun_3132996229390317_IN_AM_DR,46808,41.48%,
3T,VW_DH_TV_VF_nzoth_yogg_cthun_3135004202557421_Mis_AM_ME_DS,46808,41.48%,
3T,VW_DH_VW_VF_nzoth_yogg_cthun_3150244960591853_Mis_AM_DR,46798,41.45%,
3T,VW_DH_VW_VF_nzoth_yogg_cthun_3150244894007277_Mis_AM_ME,46796,41.45%,
3T,VW_DH_TV_VF_nzoth_yogg_cthun_3132944765214701_Mis_AM_ME_DS,46796,41.45%,
3T,AR_SW_VF_nzoth_yogg_cthun_3132859864178669_IN_AM_ME,46794,41.44%,
3T,AR_EC_VF_yshaarj_nzoth_yogg_4014400761356269_IN_IV_ME,46793,41.44%,
3T,VW_DH_TV_VF_yshaarj_nzoth_yogg_3977498544373741_Mis_AM_DR,46793,41.44%,
3T,VW_DH_TV_VF_nzoth_yogg_cthun_3132813769236461_Mis_IV_DR_DS,46791,41.43%,
3T,VW_DH_VW_VF_nzoth_yogg_cthun_3150253483417581_Mis_AM_DR,46789,41.43%,
3T,AR_EC_VF_nzoth_yogg_cthun_3132858723860461_IN_AM_DR,46789,41.42%,
3T,VW_DH_VW_VF_nzoth_yogg_cthun_3132927585869805_Mis_AM_ME,46787,41.42%,
3T,AR_EC_VF_yshaarj_nzoth_yogg_3977567121309677_IN_AM_ME,46786,41.42%,
3T,AR_SP_VF_yshaarj_nzoth_yogg_3977567121309677_IN_IV_DR,46786,41.42%,
3T,VW_DH_TV_VF_nzoth_yogg_cthun_3132806319628269_Mis_AM_DR_DS,46785,41.41%,
3T,AR_SW_VF_nzoth_yogg_cthun_3132859864178669_IN_AM_DR,46783,41.41%,
3T,AR_SW_VF_nzoth_yogg_cthun_3132858723860461_IN_AM_DR,46781,41.40%,
3T,VW_DH_TV_VF_yshaarj_nzoth_yogg_3977513643859949_Mis_AM_ME_DS,46781,41.40%,
3T,AR_EC_VF_nzoth_yogg_cthun_3132875903721453_IN_AM_ME_DS,46778,41.39%,
3T,VW_DH_TV_VF_yshaarj_nzoth_yogg_4049522998960109_Mis_IV_ME_DS,46772,41.37%,
3T,VW_DH_VW_VF_nzoth_yogg_cthun_3132943691472877_Mis_AM_DR_DS,46772,41.37%,
3T,VW_DH_TV_VF_yshaarj_nzoth_yogg_3977651015704557_Mis_AM_DR_DS,46770,41.37%,
3T,VW_DH_VW_VF_nzoth_yogg_cthun_3150260999610349_Mis_AM_DR_DS,46768,41.36%,
3T,VW_DH_VW_VF_nzoth_yogg_cthun_3150534803775469_Mis_AM_DR_DS,46767,41.36%,
3T,AR_SW_VF_nzoth_yogg_cthun_3132996229390317_IN_AM_ME,46765,41.35%,
3T,AR_EC_VF_nzoth_yogg_cthun_3132867380371437_IN_AM_DR,46762,41.34%,
3T,AR_SW_VF_nzoth_yogg_cthun_3132867313786861_IN_AM_DR,46760,41.34%,
3T,VW_DH_VW_VF_nzoth_yogg_cthun_3132814842453997_Mis_AM_DR_DS,46758,41.33%,
3T,VW_DH_VW_VF_nzoth_yogg_cthun_3135004202557421_Mis_AM_ME_DS,46743,41.29%,
3T,VW_DH_VW_VF_nzoth_yogg_cthun_3132813769236461_Mis_IV_DR_DS,46736,41.27%,
3T,AR_SP_VF_nzoth_yogg_cthun_3132859864178669_IN_AM_DR,46734,41.26%,
3T,VW_DH_VW_VF_nzoth_yogg_cthun_3132944765214701_Mis_AM_ME_DS,46732,41.25%,
3T,AR_SW_VF_nzoth_yogg_cthun_3150313470427117_IN_IV_ME,46731,41.25%,
3T,AR_SW_VF_nzoth_yogg_cthun_3150313470943213_IN_AM_ME,46717,41.21%,
3T,VW_DH_TV_VF_nzoth_yogg_cthun_3132942617739245_Mis_AM_ME_DS,46713,41.20%,
3T,AR_SP_VF_nzoth_yogg_cthun_3150313470943213_IN_AM_ME,46708,41.18%,
3T,AR_EC_VF_nzoth_yogg_cthun_3132875903721453_IN_AM_DR_DS,46708,41.18%,
3T,VW_DH_TV_VF_yshaarj_nzoth_yogg_3977513576759277_Mis_AM_DR_DS,46708,41.18%,
3T,AR_SP_VF_nzoth_yogg_cthun_3132875970306029_IN_IV_DR_DS,46708,41.18%,
3T,VW_DH_TV_VF_nzoth_yogg_cthun_3132806253043693_Mis_AM_DR_DS,46707,41.18%,
3T,AR_SW_VF_nzoth_yogg_cthun_3132858790445037_IN_IV_DR,46706,41.18%,
3T,AR_SW_VF_nzoth_yogg_cthun_3132859797077997_IN_AM_ME,46706,41.18%,
3T,VW_DH_TV_VF_nzoth_yogg_cthun_3150244894007277_Mis_AM_DR,46704,41.17%,
3T,AR_SW_VF_nzoth_yogg_cthun_3132859058872301_IN_AM_ME,46702,41.16%,
3T,AR_SP_VF_nzoth_yogg_cthun_3132875903205357_IN_IV_ME_DS,46692,41.13%,
3T,AR_SW_VF_nzoth_yogg_cthun_3150313470427117_IN_IV_DR,46691,41.13%,
3T,VW_DH_TV_VF_nzoth_yogg_cthun_3135012791967725_Mis_AM_DR_DS,46691,41.13%,
3T,AR_SW_VF_nzoth_yogg_cthun_3150313470943213_IN_AM_DR,46681,41.10%,
3T,AR_SP_VF_yshaarj_nzoth_yogg_3977567121825773_IN_AM_ME,46679,41.09%,
3T,VW_DH_VW_VF_nzoth_yogg_cthun_3132806253043693_Mis_AM_ME_DS,46668,41.06%,
3T,AR_SP_VF_nzoth_yogg_cthun_3132858723860461_IN_AM_ME,46665,41.05%,
3T,VW_DH_TV_VF_nzoth_yogg_cthun_3132808400003053_Mis_AM_DR_DS,46663,41.04%,
3T,VW_DH_VW_VF_nzoth_yogg_cthun_3132807393370093_Mis_IV_DR_DS,46660,41.03%,
3T,AR_SP_VF_nzoth_yogg_cthun_3132858790961133_IN_AM_DR,46656,41.02%,
3T,VW_DH_TV_VF_yshaarj_nzoth_yogg_4049522998960109_Mis_IV_DR_DS,46652,41.01%,
3T,VW_DH_TV_VF_yshaarj_nzoth_yogg_4049525145919469_Mis_IV_DR_DS,46652,41.01%,
3T,VW_DH_VW_VF_nzoth_yogg_cthun_3132807326785517_Mis_IV_DR_DS,46642,40.98%,
3T,AR_SW_VF_nzoth_yogg_cthun_3132867380371437_IN_AM_ME,46637,40.96%,
3T,VW_DH_TV_VF_nzoth_yogg_cthun_3132814842453997_Mis_AM_DR_DS,46636,40.96%,
3T,VW_DH_TV_VF_nzoth_yogg_cthun_3132942684839917_Mis_AM_DR_DS,46631,40.95%,
3T,AR_EC_VF_nzoth_yogg_cthun_3150313470427117_IN_AM_ME,46625,40.93%,
3T,VW_DH_TV_VF_yshaarj_nzoth_yogg_3977498611474413_Mis_AM_DR,46618,40.91%,
3T,VW_DH_TV_VF_yshaarj_nzoth_yogg_4049660437389293_Mis_AM_DR_DS,46609,40.88%,
3T,VW_DH_TV_VF_yshaarj_nzoth_yogg_4049797876342765_Mis_AM_DR_DS,46609,40.88%,
3T,VW_DH_VW_VF_nzoth_yogg_cthun_3132942684839917_Mis_AM_ME_DS,46609,40.88%,
3T,VW_DH_TV_VF_nzoth_yogg_cthun_3150259992977389_Mis_AM_ME_DS,46598,40.85%,
3T,VW_DH_TV_VF_nzoth_yogg_cthun_3132813768720365_Mis_AM_DR_DS,46597,40.84%,
3T,VW_DH_TV_VF_nzoth_yogg_cthun_3150262073352173_Mis_AM_ME_DS,46591,40.83%,
3T,VW_DH_VW_VF_yshaarj_nzoth_yogg_4049525145919469_Mis_AM_ME_DS,46591,40.83%,
3T,VW_DH_TV_VF_nzoth_yogg_cthun_3132798736850925_Mis_AM_DR,46591,40.83%,
3T,AR_SW_VF_nzoth_yogg_cthun_3132875970306029_IN_IV_DR_DS,46574,40.77%,
3T,VW_DH_TV_VF_yshaarj_nzoth_yogg_3977498544889837_Mis_AM_DR,46570,40.76%,
3T,VW_DH_TV_VF_yshaarj_nzoth_yogg_3977513643859949_Mis_AM_DR_DS,46569,40.76%,
3T,VW_DH_VW_VF_nzoth_yogg_cthun_3135004202041325_Mis_AM_ME_DS,46567,40.75%,
3T,VW_DH_TV_VF_nzoth_yogg_cthun_3132942618255341_Mis_AM_ME_DS,46565,40.75%,
3T,VW_DH_TV_VF_yshaarj_nzoth_yogg_4049524072177645_Mis_AM_DR_DS,46564,40.75%,
3T,AR_SP_VF_nzoth_yogg_cthun_3132859797077997_IN_AM_DR,46564,40.74%,
3T,AR_SW_VF_nzoth_yogg_cthun_3132996162289645_IN_AM_ME,46554,40.72%,
3T,VW_DH_TV_VF_nzoth_yogg_cthun_3132798803435501_Mis_AM_DR,46554,40.71%,
3T,VW_DH_VW_VF_nzoth_yogg_cthun_3132951207665645_Mis_AM_ME_DS,46545,40.69%,
3T,VW_DH_TV_VF_nzoth_yogg_cthun_3150259992977389_Mis_AM_DR_DS,46545,40.69%,
3T,VW_DH_VW_VF_nzoth_yogg_cthun_3132927585869805_Mis_AM_DR,46545,40.69%,
3T,AR_SP_VF_nzoth_yogg_cthun_3132859058872301_IN_AM_DR,46544,40.69%,
3T,VW_DH_VW_VF_nzoth_yogg_cthun_3135004269141997_Mis_AM_DR_DS,46543,40.68%,
3T,AR_EC_VF_nzoth_yogg_cthun_3132996162289645_IN_AM_DR,46543,40.68%,
3T,VW_DH_VW_VF_nzoth_yogg_cthun_3150244893491181_Mis_AM_ME,46536,40.66%,
3T,VW_DH_VW_VF_yshaarj_nzoth_yogg_4049522998444013_Mis_AM_DR_DS,46533,40.65%,
3T,VW_DH_VW_VF_nzoth_yogg_cthun_3132951207665645_Mis_AM_DR_DS,46524,40.62%,
3T,VW_DH_TV_VF_nzoth_yogg_cthun_3135006349516781_Mis_AM_DR_DS,46523,40.62%,
3T,VW_DH_VW_VF_yshaarj_nzoth_yogg_4049523065544685_Mis_AM_DR_DS,46523,40.62%,
3T,AR_EC_VF_yshaarj_nzoth_yogg_3977567188410349_IN_AM_DR,46523,40.62%,
3T,VW_DH_VW_VF_yshaarj_nzoth_yogg_4049522998444013_Mis_AM_ME_DS,46521,40.62%,
3T,AR_EC_VF_yshaarj_nzoth_yogg_4014400760840173_IN_IV_ME,46517,40.60%,
3T,VW_DH_VW_VF_nzoth_yogg_cthun_3132815916195821_Mis_AM_ME_DS,46514,40.59%,
3T,AR_SW_VF_yshaarj_nzoth_yogg_3977567121825773_IN_AM_DR,46513,40.59%,
3T,AR_SP_VF_nzoth_yogg_cthun_3132996229390317_IN_AM_DR,46512,40.59%,
3T,VW_DH_VW_VF_nzoth_yogg_cthun_3132806319628269_Mis_AM_DR_DS,46509,40.58%,
3T,VW_DH_TV_VF_yshaarj_nzoth_yogg_4049660437389293_Mis_AM_ME_DS,46507,40.57%,
3T,AR_SP_VF_nzoth_yogg_cthun_3132859797077997_IN_AM_ME,46504,40.56%,
3T,VW_DH_VW_VF_nzoth_yogg_cthun_3132942617739245_Mis_AM_ME_DS,46495,40.54%,
3T,AR_SW_VF_yshaarj_nzoth_yogg_4014400761356269_IN_IV_DR,46491,40.52%,
3T,VW_DH_TV_VF_nzoth_yogg_cthun_3132813835821037_Mis_AM_ME_DS,46487,40.51%,
3T,AR_SW_VF_nzoth_yogg_cthun_3132875903721453_IN_AM_ME_DS,46480,40.49%,
3T,VW_DH_TV_VF_nzoth_yogg_cthun_3150259925876717_Mis_AM_DR_DS,46479,40.49%,
3T,VW_DH_VW_VF_nzoth_yogg_cthun_3150259925876717_Mis_AM_DR_DS,46479,40.49%,
3T,VW_DH_TV_VF_nzoth_yogg_cthun_3132813768720365_Mis_AM_ME_DS,46476,40.48%,
3T,AR_EC_VF_nzoth_yogg_cthun_3132875970306029_IN_AM_ME_DS,46474,40.47%,
3T,VW_DH_TV_VF_nzoth_yogg_cthun_3132807393370093_Mis_AM_ME_DS,46473,40.47%,
3T,VW_DH_TV_VF_nzoth_yogg_cthun_3132951207665645_Mis_AM_DR_DS,46470,40.46%,
3T,VW_DH_VW_VF_nzoth_yogg_cthun_3150268515803117_Mis_AM_ME_DS,46469,40.46%,
3T,VW_DH_VW_VF_nzoth_yogg_cthun_3132942618255341_Mis_AM_ME_DS,46466,40.45%,
3T,VW_DH_TV_VF_nzoth_yogg_cthun_3132815916195821_Mis_AM_ME_DS,46463,40.44%,
3T,VW_DH_VW_VF_nzoth_yogg_cthun_3135006349516781_Mis_AM_DR_DS,46455,40.41%,
3T,AR_SP_VF_nzoth_yogg_cthun_3150313537527789_IN_AM_ME,46451,40.40%,
3T,VW_DH_TV_VF_nzoth_yogg_cthun_3150268515803117_Mis_AM_ME_DS,46449,40.40%,
3T,AR_SW_VF_nzoth_yogg_cthun_3150313537527789_IN_AM_ME,46443,40.38%,
3T,VW_DH_VW_VF_nzoth_yogg_cthun_3150259992977389_Mis_AM_ME_DS,46441,40.37%,
3T,AR_EC_VF_nzoth_yogg_cthun_3132858790445037_IN_AM_DR,46439,40.37%,
3T,AR_SW_VF_nzoth_yogg_cthun_3132875903205357_IN_IV_ME_DS,46439,40.37%,
3T,VW_DH_TV_VF_yshaarj_nzoth_yogg_3977513577275373_Mis_AM_ME_DS,46434,40.35%,
3T,AR_EC_VF_yshaarj_nzoth_yogg_4014400760840173_IN_IV_DR,46420,40.31%,
3T,AR_SW_VF_nzoth_yogg_cthun_3132867380371437_IN_AM_DR,46412,40.29%,
3T,VW_DH_VW_VF_nzoth_yogg_cthun_3150244894007277_Mis_AM_DR,46411,40.28%,
3T,AR_EC_VF_nzoth_yogg_cthun_3132867313270765_IN_AM_DR,46410,40.28%,
3T,AR_SP_VF_nzoth_yogg_cthun_3132858723860461_IN_AM_DR,46407,40.27%,
3T,AR_SP_VF_nzoth_yogg_cthun_3132996162289645_IN_AM_ME,46398,40.24%,
3T,VW_DH_TV_VF_nzoth_yogg_cthun_3132944765214701_Mis_AM_DR_DS,46396,40.24%,
3T,VW_DH_VW_VF_yshaarj_nzoth_yogg_4049523065544685_Mis_AM_ME_DS,46395,40.23%,
3T,AR_SW_VF_nzoth_yogg_cthun_3132996162289645_IN_AM_DR,46392,40.23%,
3T,AR_SP_VF_yshaarj_nzoth_yogg_4014400761356269_IN_IV_DR,46391,40.22%,
3T,VW_DH_VW_VF_nzoth_yogg_cthun_3132798803435501_Mis_AM_DR,46381,40.19%,
3T,AR_EC_VF_yshaarj_nzoth_yogg_4014400827940845_IN_IV_ME,46380,40.19%,
3T,VW_DH_TV_VF_nzoth_yogg_cthun_3133363524526061_Mis_AM_DR_DS,46377,40.18%,
3T,AR_SP_VF_yshaarj_nzoth_yogg_3977567188410349_IN_AM_ME,46375,40.17%,
3T,VW_DH_VW_VF_nzoth_yogg_cthun_3132942684839917_Mis_AM_DR_DS,46374,40.17%,
3T,VW_DH_TV_VF_nzoth_yogg_cthun_3132942618255341_Mis_AM_DR_DS,46368,40.15%,
3T,AR_SP_VF_nzoth_yogg_cthun_3132867380371437_IN_AM_ME,46362,40.13%,
3T,VW_DH_VW_VF_nzoth_yogg_cthun_3132813768720365_Mis_AM_DR_DS,46355,40.11%,
3T,VW_DH_VW_VF_nzoth_yogg_cthun_3132813835821037_Mis_AM_ME_DS,46345,40.08%,
3T,AR_SP_VF_yshaarj_nzoth_yogg_3977567121825773_IN_AM_DR,46338,40.06%,
3T,VW_DH_TV_VF_nzoth_yogg_cthun_3135004202557421_Mis_AM_DR_DS,46337,40.06%,
3T,VW_DH_VW_VF_nzoth_yogg_cthun_3132806253043693_Mis_AM_DR_DS,46331,40.04%,
3T,AR_SW_VF_nzoth_yogg_cthun_3132858790445037_IN_AM_ME,46330,40.04%,
3T,AR_EC_VF_nzoth_yogg_cthun_3132875903205357_IN_IV_DR_DS,46329,40.04%,
3T,VW_DH_TV_VF_nzoth_yogg_cthun_3132807326269421_Mis_AM_DR_DS,46316,40.00%,
3T,AR_SW_VF_nzoth_yogg_cthun_3132859797077997_IN_AM_DR,46311,39.98%,
3T,AR_SW_VF_yshaarj_nzoth_yogg_3977567121309677_IN_IV_DR,46309,39.97%,
3T,VW_DH_TV_VF_nzoth_yogg_cthun_3150259926392813_Mis_AM_ME_DS,46305,39.96%,
3T,VW_DH_TV_VF_yshaarj_nzoth_yogg_3977513576759277_Mis_AM_ME_DS,46303,39.96%,
3T,AR_SW_VF_yshaarj_nzoth_yogg_3977567188410349_IN_AM_ME,46303,39.96%,
3T,VW_DH_VW_VF_nzoth_yogg_cthun_3135004202557421_Mis_AM_DR_DS,46301,39.95%,
3T,AR_SW_VF_yshaarj_nzoth_yogg_3977567188410349_IN_AM_DR,46300,39.95%,
3T,AR_SW_VF_yshaarj_nzoth_yogg_4014400761356269_IN_IV_ME,46297,39.94%,
3T,VW_DH_VW_VF_nzoth_yogg_cthun_3132808400003053_Mis_AM_DR_DS,46296,39.93%,
3T,AR_EC_VF_yshaarj_nzoth_yogg_4014400761356269_IN_AM_DR,46295,39.93%,
3T,VW_DH_TV_VF_yshaarj_nzoth_yogg_3977515724234733_Mis_AM_DR_DS,46293,39.93%,
3T,VW_DH_VW_VF_nzoth_yogg_cthun_3132807326269421_Mis_AM_DR_DS,46293,39.93%,
3T,VW_DH_VW_VF_nzoth_yogg_cthun_3150259925876717_Mis_AM_ME_DS,46289,39.91%,
3T,VW_DH_VW_VF_nzoth_yogg_cthun_3150262073352173_Mis_AM_ME_DS,46285,39.90%,
3T,AR_SP_VF_nzoth_yogg_cthun_3150313537527789_IN_AM_DR,46285,39.90%,
3T,VW_DH_TV_VF_nzoth_yogg_cthun_3132813769236461_Mis_AM_ME_DS,46283,39.90%,
3T,AR_SP_VF_yshaarj_nzoth_yogg_4014400761356269_IN_IV_ME,46277,39.88%,
3T,AR_EC_VF_yshaarj_nzoth_yogg_4014400761356269_IN_AM_ME,46277,39.88%,
3T,AR_SP_VF_nzoth_yogg_cthun_3150313470943213_IN_AM_DR,46277,39.88%,
3T,AR_EC_VF_nzoth_yogg_cthun_3132996162805741_Mis_IV_ME,46268,39.85%,
3T,VW_DH_VW_VF_nzoth_yogg_cthun_3150259992977389_Mis_AM_DR_DS,46264,39.84%,
3T,VW_DH_VW_VF_yshaarj_nzoth_yogg_4049525145919469_Mis_AM_DR_DS,46255,39.81%,
3T,AR_EC_VF_nzoth_yogg_cthun_3132875970306029_IN_AM_DR_DS,46251,39.80%,
3T,AR_EC_VF_nzoth_yogg_cthun_3132996162805741_Mis_IV_DR,46249,39.79%,
3T,VW_DH_VW_VF_yshaarj_nzoth_yogg_4049522998960109_Mis_AM_DR_DS,46240,39.77%,
3T,AR_SP_VF_nzoth_yogg_cthun_3132858790445037_IN_AM_ME,46238,39.76%,
3T,VW_DH_TV_VF_nzoth_yogg_cthun_3132807326785517_Mis_AM_ME_DS,46228,39.73%,
3T,VW_DH_TV_VF_nzoth_yogg_cthun_3150259925876717_Mis_AM_ME_DS,46224,39.72%,
3T,VW_DH_VW_VF_nzoth_yogg_cthun_3132798736850925_Mis_AM_DR,46222,39.71%,
3T,VW_DH_TV_VF_nzoth_yogg_cthun_3132807326269421_Mis_AM_ME_DS,46221,39.71%,
3T,VW_DH_VW_VF_yshaarj_nzoth_yogg_4049522998960109_Mis_AM_ME_DS,46220,39.71%,
3T,VW_DH_TV_VF_nzoth_yogg_cthun_3150259926392813_Mis_AM_DR_DS,46209,39.67%,
3T,VW_DH_TV_VF_nzoth_yogg_cthun_3150268515803117_Mis_AM_DR_DS,46207,39.67%,
3T,AR_SP_VF_nzoth_yogg_cthun_3132875903205357_IN_IV_DR_DS,46205,39.66%,
3T,AR_SW_VF_nzoth_yogg_cthun_3150313537527789_IN_AM_DR,46204,39.66%,
3T,VW_DH_VW_VF_nzoth_yogg_cthun_3132813768720365_Mis_AM_ME_DS,46202,39.65%,
3T,AR_SP_VF_nzoth_yogg_cthun_3132996162289645_IN_AM_DR,46199,39.64%,
3T,AR_SP_VF_nzoth_yogg_cthun_3132867380371437_IN_AM_DR,46199,39.64%,
3T,AR_SP_VF_yshaarj_nzoth_yogg_4014400827940845_IN_IV_DR,46196,39.63%,
3T,VW_DH_TV_VF_nzoth_yogg_cthun_3132813835821037_Mis_AM_DR_DS,46187,39.61%,
3T,AR_EC_VF_yshaarj_nzoth_yogg_3977567121309677_IN_AM_DR,46186,39.60%,
3T,AR_SP_VF_nzoth_yogg_cthun_3132858790445037_IN_AM_DR,46185,39.60%,
3T,AR_SP_VF_nzoth_yogg_cthun_3132867313270765_IN_AM_ME,46178,39.58%,
3T,VW_DH_TV_VF_yshaarj_nzoth_yogg_3977513577275373_Mis_AM_DR_DS,46174,39.57%,
3T,VW_DH_VW_VF_nzoth_yogg_cthun_3150268515803117_Mis_AM_DR_DS,46169,39.55%,
3T,AR_EC_VF_nzoth_yogg_cthun_3150313470427117_IN_AM_DR,46168,39.55%,
3T,VW_DH_VW_VF_nzoth_yogg_cthun_3132807393370093_Mis_AM_ME_DS,46160,39.52%,
3T,AR_SP_VF_yshaarj_nzoth_yogg_3977567188410349_IN_AM_DR,46153,39.50%,
3T,VW_DH_TV_VF_nzoth_yogg_cthun_3150262073352173_Mis_AM_DR_DS,46152,39.50%,
3T,AR_SW_VF_nzoth_yogg_cthun_3132867313270765_IN_AM_ME,46144,39.47%,
3T,VW_DH_TV_VF_yshaarj_nzoth_yogg_4049522998444013_Mis_AM_ME_DS,46132,39.44%,
3T,VW_DH_VW_VF_nzoth_yogg_cthun_3132813769236461_Mis_AM_ME_DS,46121,39.41%,
3T,VW_DH_TV_VF_yshaarj_nzoth_yogg_4049525145919469_Mis_AM_ME_DS,46115,39.39%,
3T,VW_DH_VW_VF_nzoth_yogg_cthun_3132944765214701_Mis_AM_DR_DS,46107,39.36%,
3T,VW_DH_VW_VF_nzoth_yogg_cthun_3132813835821037_Mis_AM_DR_DS,46106,39.36%,
3T,AR_SP_VF_nzoth_yogg_cthun_3132875903721453_IN_AM_ME_DS,46095,39.33%,
3T,AR_EC_VF_nzoth_yogg_cthun_3132996229390317_Mis_IV_ME,46092,39.32%,
3T,VW_DH_VW_VF_nzoth_yogg_cthun_3132807326269421_Mis_AM_ME_DS,46090,39.31%,
3T,AR_SP_VF_yshaarj_nzoth_yogg_4014400827940845_IN_IV_ME,46088,39.31%,
3T,AR_EC_VF_nzoth_yogg_cthun_3132859797594093_Mis_IV_ME,46087,39.30%,
3T,VW_DH_VW_VF_nzoth_yogg_cthun_3132942618255341_Mis_AM_DR_DS,46086,39.30%,
3T,VW_DH_TV_VF_yshaarj_nzoth_yogg_4049523065544685_Mis_AM_ME_DS,46077,39.27%,
3T,AR_EC_VF_nzoth_yogg_cthun_3132996229390317_Mis_IV_DR,46050,39.19%,
3T,VW_DH_VW_VF_nzoth_yogg_cthun_3150259926392813_Mis_AM_ME_DS,46049,39.19%,
3T,VW_DH_VW_VF_nzoth_yogg_cthun_3132815916195821_Mis_AM_DR_DS,46043,39.17%,
3T,VW_DH_VW_VF_nzoth_yogg_cthun_3150259926392813_Mis_AM_DR_DS,46039,39.16%,
3T,AR_SP_VF_nzoth_yogg_cthun_3132996162805741_Mis_IV_ME,46034,39.14%,
3T,VW_DH_VW_VF_nzoth_yogg_cthun_3132807326785517_Mis_AM_ME_DS,46018,39.09%,
3T,AR_EC_VF_yshaarj_nzoth_yogg_4014400827940845_IN_AM_ME,46015,39.09%,
3T,AR_SW_VF_nzoth_yogg_cthun_3132875903205357_IN_IV_DR_DS,46007,39.06%,
3T,VW_DH_TV_VF_nzoth_yogg_cthun_3132807393370093_Mis_AM_DR_DS,46006,39.06%,
3T,AR_SP_VF_yshaarj_nzoth_yogg_3977567121309677_IN_AM_ME,45980,38.98%,
3T,AR_EC_VF_yshaarj_nzoth_yogg_4014400827940845_IN_AM_DR,45975,38.97%,
3T,VW_DH_TV_VF_yshaarj_nzoth_yogg_4049522998444013_Mis_AM_DR_DS,45973,38.96%,
3T,AR_EC_VF_nzoth_yogg_cthun_3132875903205357_IN_AM_ME_DS,45968,38.94%,
3T,AR_SW_VF_nzoth_yogg_cthun_3132875903721453_IN_AM_DR_DS,45964,38.93%,
3T,AR_EC_VF_nzoth_yogg_cthun_3150313470943213_Mis_IV_ME,45960,38.92%,
3T,AR_EC_VF_nzoth_yogg_cthun_3132859797594093_Mis_IV_DR,45948,38.88%,
3T,AR_SP_VF_nzoth_yogg_cthun_3150313470427117_IN_AM_ME,45941,38.86%,
3T,AR_SW_VF_yshaarj_nzoth_yogg_3977567121309677_IN_AM_ME,45941,38.86%,
3T,AR_EC_VF_nzoth_yogg_cthun_3132858790961133_Mis_IV_ME,45923,38.81%,
3T,AR_SW_VF_nzoth_yogg_cthun_3132996162805741_Mis_IV_ME,45921,38.80%,
3T,AR_EC_VF_nzoth_yogg_cthun_3150313537527789_Mis_IV_ME,45919,38.79%,
3T,VW_DH_VW_VF_nzoth_yogg_cthun_3150262073352173_Mis_AM_DR_DS,45893,38.72%,
3T,VW_DH_TV_VF_nzoth_yogg_cthun_3132815916195821_Mis_AM_DR_DS,45890,38.71%,
3T,AR_EC_VF_nzoth_yogg_cthun_3132875903205357_IN_AM_DR_DS,45884,38.69%,
3T,VW_DH_TV_VF_nzoth_yogg_cthun_3132807326785517_Mis_AM_DR_DS,45883,38.69%,
3T,AR_SP_VF_yshaarj_nzoth_yogg_4014400760840173_IN_IV_ME,45881,38.68%,
3T,AR_SP_VF_nzoth_yogg_cthun_3132875970306029_IN_AM_ME_DS,45868,38.64%,
3T,AR_SW_VF_nzoth_yogg_cthun_3132858790445037_IN_AM_DR,45857,38.61%,
3T,AR_SP_VF_yshaarj_nzoth_yogg_4014400760840173_IN_IV_DR,45855,38.60%,
3T,AR_SW_VF_nzoth_yogg_cthun_3132875970306029_IN_AM_ME_DS,45846,38.57%,
3T,AR_EC_VF_nzoth_yogg_cthun_3132858790961133_Mis_IV_DR,45844,38.57%,
3T,AR_SW_VF_yshaarj_nzoth_yogg_4014400761356269_IN_AM_ME,45843,38.57%,
3T,AR_EC_VF_nzoth_yogg_cthun_3150313537527789_Mis_IV_DR,45841,38.56%,
3T,VW_DH_TV_VF_nzoth_yogg_cthun_3132813769236461_Mis_AM_DR_DS,45840,38.56%,
3T,AR_SW_VF_yshaarj_nzoth_yogg_4014400827940845_IN_IV_DR,45833,38.53%,
3T,AR_SP_VF_nzoth_yogg_cthun_3132875903721453_IN_AM_DR_DS,45827,38.52%,
3T,AR_EC_VF_nzoth_yogg_cthun_3169151264088045_IN_IV_DR,45806,38.45%,
3T,AR_SW_VF_nzoth_yogg_cthun_3132875970306029_IN_AM_DR_DS,45793,38.41%,
3T,AR_SW_VF_nzoth_yogg_cthun_3132859797594093_Mis_IV_ME,45781,38.38%,
3T,AR_SP_VF_nzoth_yogg_cthun_3132867313270765_IN_AM_DR,45780,38.37%,
3T,AR_SW_VF_nzoth_yogg_cthun_3132867313270765_IN_AM_DR,45780,38.37%,
3T,VW_DH_VW_VF_nzoth_yogg_cthun_3132807393370093_Mis_AM_DR_DS,45779,38.37%,
3T,AR_EC_VF_nzoth_yogg_cthun_3132859864178669_Mis_IV_ME,45769,38.34%,
3T,AR_SP_VF_nzoth_yogg_cthun_3150313470943213_Mis_IV_ME,45767,38.33%,
3T,AR_EC_VF_nzoth_yogg_cthun_3150313470943213_Mis_IV_DR,45766,38.33%,
3T,AR_EC_VF_nzoth_yogg_cthun_3132867313786861_Mis_IV_ME,45759,38.31%,
3T,AR_SW_VF_nzoth_yogg_cthun_3150313470427117_IN_AM_ME,45746,38.27%,
3T,AR_EC_VF_yshaarj_nzoth_yogg_4014409351290861_IN_IV_DR_DS,45743,38.26%,
3T,AR_SW_VF_yshaarj_nzoth_yogg_4014400761356269_IN_AM_DR,45732,38.23%,
3T,VW_DH_TV_VF_yshaarj_nzoth_yogg_4049525145919469_Mis_AM_DR_DS,45724,38.21%,
3T,AR_SW_VF_nzoth_yogg_cthun_3132996162805741_Mis_IV_DR,45719,38.19%,
3T,VW_DH_TV_VF_yshaarj_nzoth_yogg_4049522998960109_Mis_AM_ME_DS,45715,38.18%,
3T,AR_EC_VF_nzoth_yogg_cthun_3132859058872301_Mis_IV_ME,45710,38.16%,
3T,AR_SP_VF_nzoth_yogg_cthun_3132875903205357_IN_AM_ME_DS,45693,38.11%,
3T,VW_DH_VW_VF_nzoth_yogg_cthun_3132813769236461_Mis_AM_DR_DS,45693,38.11%,
3T,AR_EC_VF_yshaarj_nzoth_yogg_4013576127635437_IN_IV_DR,45691,38.11%,
3T,AR_SP_VF_nzoth_yogg_cthun_3132859797594093_Mis_IV_ME,45687,38.10%,
3T,AR_SW_VF_yshaarj_nzoth_yogg_4014400827940845_IN_IV_ME,45681,38.08%,
3T,AR_SP_VF_nzoth_yogg_cthun_3132875970306029_IN_AM_DR_DS,45671,38.04%,
3T,VW_DH_TV_VF_yshaarj_nzoth_yogg_4049523065544685_Mis_AM_DR_DS,45670,38.04%,
3T,AR_EC_VF_nzoth_yogg_cthun_3132996162289645_Mis_IV_ME,45654,37.99%,
3T,AR_SP_VF_nzoth_yogg_cthun_3150313470427117_IN_AM_DR,45652,37.99%,
3T,AR_EC_VF_yshaarj_nzoth_yogg_4013576194220013_IN_IV_DR,45649,37.98%,
3T,AR_SW_VF_nzoth_yogg_cthun_3150313470427117_IN_AM_DR,45647,37.97%,
3T,VW_DH_VW_VF_nzoth_yogg_cthun_3132807326785517_Mis_AM_DR_DS,45646,37.97%,
3T,AR_EC_VF_nzoth_yogg_cthun_3132859864178669_Mis_IV_DR,45645,37.97%,
3T,AR_EC_VF_nzoth_yogg_cthun_3132996162805741_Mis_AM_ME,45639,37.95%,
3T,AR_SW_VF_yshaarj_nzoth_yogg_4014400760840173_IN_IV_ME,45639,37.95%,
3T,AR_SW_VF_nzoth_yogg_cthun_3132859797594093_Mis_IV_DR,45638,37.95%,
3T,AR_EC_VF_nzoth_yogg_cthun_3132859058872301_Mis_IV_DR,45633,37.93%,
3T,AR_EC_VF_yshaarj_yogg_cthun_1972332857253869_IN_IV_DR,45631,37.93%,
3T,AR_SW_VF_yshaarj_nzoth_yogg_4014400760840173_IN_IV_DR,45628,37.92%,
3T,AR_SW_VF_nzoth_yogg_cthun_3132858790961133_Mis_IV_ME,45628,37.91%,
3T,AR_SP_VF_nzoth_yogg_cthun_3132858790961133_Mis_IV_ME,45621,37.89%,
3T,AR_EC_VF_yshaarj_yogg_cthun_1972332790669293_IN_IV_DR,45612,37.87%,
3T,AR_EC_VF_nzoth_yogg_cthun_3132867313786861_Mis_IV_DR,45604,37.84%,
3T,VW_DH_TV_VF_yshaarj_nzoth_yogg_4049522998960109_Mis_AM_DR_DS,45593,37.81%,
3T,AR_SW_VF_nzoth_yogg_cthun_3150313470943213_Mis_IV_ME,45591,37.81%,
3T,AR_SP_VF_nzoth_yogg_cthun_3132996229390317_Mis_IV_ME,45590,37.80%,
3T,AR_SP_VF_nzoth_yogg_cthun_3150313537527789_Mis_IV_DR,45590,37.80%,
3T,AR_EC_VF_yshaarj_nzoth_yogg_4014400760840173_IN_AM_ME,45585,37.78%,
3T,AR_SW_VF_nzoth_yogg_cthun_3132858790961133_Mis_IV_DR,45579,37.77%,
3T,AR_SP_VF_nzoth_yogg_cthun_3132996162805741_Mis_IV_DR,45572,37.75%,
3T,AR_SW_VF_yshaarj_nzoth_yogg_3977567121309677_IN_AM_DR,45572,37.75%,
3T,AR_SP_VF_yshaarj_nzoth_yogg_4014400761356269_IN_AM_ME,45558,37.71%,
3T,AR_EC_VF_yshaarj_nzoth_yogg_4013576127635437_IN_IV_ME,45551,37.68%,
3T,AR_EC_VF_nzoth_yogg_cthun_3169151197503469_IN_IV_DR,45547,37.67%,
3T,AR_SP_VF_yshaarj_nzoth_yogg_3977567121309677_IN_AM_DR,45529,37.62%,
3T,AR_SW_VF_nzoth_yogg_cthun_3150313537527789_Mis_IV_ME,45527,37.61%,
3T,AR_EC_VF_nzoth_yogg_cthun_3132858723860461_Mis_IV_ME,45524,37.60%,
3T,AR_EC_VF_yshaarj_nzoth_yogg_4014409417875437_IN_IV_ME_DS,45521,37.59%,
3T,AR_SW_VF_nzoth_yogg_cthun_3132996229390317_Mis_IV_ME,45514,37.57%,
3T,AR_EC_VF_yshaarj_nzoth_yogg_4014409351290861_IN_IV_ME_DS,45491,37.50%,
3T,AR_SW_VF_nzoth_yogg_cthun_3169151197503469_IN_IV_DR,45482,37.47%,
3T,AR_EC_VF_nzoth_yogg_cthun_3132996229390317_Mis_AM_ME,45478,37.46%,
3T,AR_SW_VF_nzoth_yogg_cthun_3169151264088045_IN_IV_DR,45475,37.45%,
3T,AR_EC_VF_nzoth_yogg_cthun_3132859797077997_Mis_IV_ME,45474,37.45%,
3T,AR_SW_VF_nzoth_yogg_cthun_3150313470943213_Mis_IV_DR,45457,37.40%,
3T,AR_EC_VF_yshaarj_yogg_cthun_1972332790669293_IN_IV_ME,45448,37.37%,
3T,AR_SW_VF_nzoth_yogg_cthun_3150313537527789_Mis_IV_DR,45447,37.37%,
3T,AR_SP_VF_nzoth_yogg_cthun_3132996229390317_Mis_IV_DR,45442,37.35%,
3T,AR_EC_VF_yshaarj_nzoth_yogg_4013851005542381_IN_IV_DR,45438,37.34%,
3T,AR_SW_VF_nzoth_yogg_cthun_3132858723860461_Mis_IV_ME,45429,37.31%,
3T,AR_EC_VF_nzoth_yogg_cthun_3132858790445037_Mis_IV_ME,45422,37.29%,
3T,AR_SP_VF_nzoth_yogg_cthun_3150313537527789_Mis_IV_ME,45419,37.28%,
3T,AR_EC_VF_nzoth_yogg_cthun_3132867380371437_Mis_IV_ME,45414,37.27%,
3T,AR_SW_VF_yshaarj_yogg_cthun_1972332790669293_IN_IV_DR,45408,37.25%,
3T,AR_SW_VF_nzoth_yogg_cthun_3132875903205357_IN_AM_ME_DS,45407,37.25%,
3T,AR_EC_VF_yshaarj_nzoth_yogg_4013438755266541_IN_IV_DR,45403,37.24%,
3T,AR_EC_VF_nzoth_yogg_cthun_3150313470427117_Mis_IV_ME,45400,37.23%,
3T,AR_EC_VF_yshaarj_nzoth_yogg_4013438688681965_IN_IV_DR,45395,37.21%,
3T,AR_SP_VF_nzoth_yogg_cthun_3132859797594093_Mis_IV_DR,45388,37.19%,
3T,AR_SP_VF_nzoth_yogg_cthun_3132859864178669_Mis_IV_ME,45386,37.18%,
3T,AR_SP_VF_nzoth_yogg_cthun_3150313470943213_Mis_IV_DR,45384,37.18%,
3T,AR_EC_VF_nzoth_yogg_cthun_3150313470943213_Mis_AM_ME,45384,37.18%,
3T,AR_SP_VF_yshaarj_nzoth_yogg_4014400827940845_IN_AM_DR,45380,37.17%,
3T,AR_EC_VF_yshaarj_nzoth_yogg_3977567121825773_Mis_IV_ME,45379,37.16%,
3T,AR_EC_VF_yshaarj_nzoth_yogg_4014409417875437_IN_IV_DR_DS,45367,37.13%,
3T,AR_SP_VF_nzoth_yogg_cthun_3132996162289645_Mis_IV_ME,45363,37.11%,
3T,AR_EC_VF_yshaarj_nzoth_yogg_4014400760840173_IN_AM_DR,45347,37.07%,
3T,AR_SP_VF_nzoth_yogg_cthun_3169151197503469_IN_IV_DR,45342,37.05%,
3T,AR_EC_VF_nzoth_yogg_cthun_3169151196987373_IN_IV_ME,45316,36.97%,
3T,AR_SP_VF_yshaarj_nzoth_yogg_4014409351290861_IN_IV_ME_DS,45312,36.96%,
3T,AR_EC_VF_nzoth_yogg_cthun_3132859797077997_Mis_IV_DR,45311,36.96%,
3T,AR_EC_VF_nzoth_yogg_cthun_3132858790961133_Mis_AM_ME,45311,36.96%,
3T,AR_EC_VF_nzoth_yogg_cthun_3169151197503469_IN_IV_ME,45311,36.96%,
3T,AR_SP_VF_nzoth_yogg_cthun_3132858790961133_Mis_IV_DR,45309,36.95%,
3T,AR_SW_VF_nzoth_yogg_cthun_3132859864178669_Mis_IV_ME,45304,36.94%,
3T,AR_EC_VF_nzoth_yogg_cthun_3132996162289645_Mis_IV_DR,45303,36.93%,
3T,AR_SP_VF_nzoth_yogg_cthun_3132858723860461_Mis_IV_ME,45302,36.93%,
3T,AR_EC_VF_nzoth_yogg_cthun_3169151196987373_IN_IV_DR,45301,36.93%,
3T,AR_EC_VF_yshaarj_nzoth_yogg_3977567121825773_Mis_IV_DR,45300,36.92%,
3T,AR_SP_VF_nzoth_yogg_cthun_3169151264088045_IN_IV_DR,45299,36.92%,
3T,AR_EC_VF_nzoth_yogg_cthun_3132859797594093_Mis_AM_ME,45296,36.91%,
3T,AR_EC_VF_yshaarj_nzoth_yogg_3977567188410349_Mis_IV_ME,45287,36.89%,
3T,AR_SW_VF_nzoth_yogg_cthun_3132859058872301_Mis_IV_ME,45286,36.88%,
3T,AR_SP_VF_yshaarj_nzoth_yogg_4013576194220013_IN_IV_DR,45286,36.88%,
3T,AR_SP_VF_nzoth_yogg_cthun_3132875903205357_IN_AM_DR_DS,45284,36.88%,
3T,AR_SW_VF_nzoth_yogg_cthun_3132996229390317_Mis_IV_DR,45282,36.87%,
3T,AR_SP_VF_yshaarj_nzoth_yogg_4014400761356269_IN_AM_DR,45273,36.84%,
3T,AR_EC_VF_nzoth_yogg_cthun_3132996229390317_Mis_AM_DR,45273,36.84%,
3T,AR_SP_VF_nzoth_yogg_cthun_3132867313786861_Mis_IV_ME,45264,36.82%,
3T,AR_SP_VF_nzoth_yogg_cthun_3132859058872301_Mis_IV_ME,45263,36.81%,
3T,AR_SW_VF_nzoth_yogg_cthun_3132867313786861_Mis_IV_ME,45254,36.79%,
3T,AR_EC_VF_yshaarj_nzoth_yogg_4013302323470317_IN_IV_DR,45249,36.77%,
3T,AR_SP_VF_yshaarj_nzoth_yogg_4013576127635437_IN_IV_DR,45246,36.76%,
3T,AR_EC_VF_nzoth_yogg_cthun_3169159854022637_IN_IV_DR_DS,45246,36.76%,
3T,AR_EC_VF_nzoth_yogg_cthun_3150313470427117_Mis_IV_DR,45245,36.76%,
3T,AR_EC_VF_nzoth_yogg_cthun_3132858723860461_Mis_IV_DR,45244,36.76%,
3T,AR_EC_VF_nzoth_yogg_cthun_3132875903721453_Mis_IV_ME_DS,45235,36.73%,
3T,AR_SW_VF_nzoth_yogg_cthun_3132875903205357_IN_AM_DR_DS,45233,36.72%,
3T,AR_EC_VF_nzoth_yogg_cthun_3150313537527789_Mis_AM_ME,45226,36.70%,
3T,AR_EC_VF_yshaarj_yogg_cthun_1972332857253869_IN_IV_ME,45226,36.70%,
3T,AR_SW_VF_nzoth_yogg_cthun_3132996162805741_Mis_AM_ME,45216,36.67%,
3T,AR_EC_VF_yshaarj_nzoth_yogg_4013301316837357_IN_IV_DR,45204,36.63%,
3T,AR_EC_VF_yshaarj_nzoth_yogg_4013851005542381_IN_IV_ME,45200,36.62%,
3T,AR_EC_VF_yshaarj_nzoth_yogg_4013576194220013_IN_IV_ME,45196,36.61%,
3T,AR_SW_VF_nzoth_yogg_cthun_3132867313786861_Mis_IV_DR,45187,36.58%,
3T,AR_SP_VF_nzoth_yogg_cthun_3132867313786861_Mis_IV_DR,45183,36.57%,
3T,AR_SP_VF_yshaarj_nzoth_yogg_4014400827940845_IN_AM_ME,45176,36.55%,
3T,AR_SP_VF_nzoth_yogg_cthun_3169151197503469_IN_IV_ME,45162,36.51%,
3T,AR_EC_VF_nzoth_yogg_cthun_3132867380371437_Mis_IV_DR,45160,36.50%,
3T,AR_SW_VF_nzoth_yogg_cthun_3132859058872301_Mis_IV_DR,45153,36.48%,
3T,AR_SW_VF_nzoth_yogg_cthun_3169151197503469_IN_IV_ME,45151,36.47%,
3T,AR_EC_VF_nzoth_yogg_cthun_3169151264088045_IN_IV_ME,45147,36.46%,
3T,AR_EC_VF_yshaarj_yogg_cthun_1972332790153197_IN_IV_DR,45144,36.45%,
3T,AR_SW_VF_yshaarj_nzoth_yogg_4014400827940845_IN_AM_ME,45143,36.45%,
3T,AR_SP_VF_nzoth_yogg_cthun_3169151196987373_IN_IV_DR,45140,36.44%,
3T,AR_SP_VF_nzoth_yogg_cthun_3132859058872301_Mis_IV_DR,45131,36.41%,
3T,AR_EC_VF_yshaarj_nzoth_yogg_4013851072126957_IN_IV_DR,45130,36.41%,
3T,AR_SW_VF_yshaarj_nzoth_yogg_4014400827940845_IN_AM_DR,45127,36.40%,
3T,AR_EC_VF_nzoth_yogg_cthun_3169151197503469_IN_AM_ME,45122,36.39%,
3T,AR_SP_VF_yshaarj_yogg_cthun_1972332790669293_IN_IV_DR,45122,36.39%,
3T,AR_SW_VF_nzoth_yogg_cthun_3169151197503469_IN_AM_DR,45120,36.38%,
3T,AR_EC_VF_nzoth_yogg_cthun_3169159787438061_IN_IV_DR_DS,45116,36.37%,
3T,AR_SP_VF_nzoth_yogg_cthun_3132867380371437_Mis_IV_ME,45113,36.36%,
3T,AR_SW_VF_nzoth_yogg_cthun_3132859864178669_Mis_IV_DR,45112,36.36%,
3T,AR_SW_VF_nzoth_yogg_cthun_3132996162289645_Mis_IV_DR,45107,36.34%,
3T,AR_SW_VF_nzoth_yogg_cthun_3132867380371437_Mis_IV_ME,45094,36.30%,
3T,AR_EC_VF_yshaarj_nzoth_yogg_4013576127119341_IN_IV_ME,45086,36.28%,
3T,AR_SW_VF_nzoth_yogg_cthun_3132996162289645_Mis_IV_ME,45084,36.27%,
3T,AR_SP_VF_yshaarj_nzoth_yogg_4014409351290861_IN_IV_DR_DS,45081,36.26%,
3T,AR_SW_VF_yshaarj_nzoth_yogg_4013576194220013_IN_IV_DR,45069,36.22%,
3T,AR_EC_VF_nzoth_yogg_cthun_3132996162805741_Mis_AM_DR,45067,36.22%,
3T,AR_EC_VF_nzoth_yogg_cthun_3169151197503469_IN_AM_DR,45066,36.22%,
3T,AR_EC_VF_nzoth_yogg_cthun_3169151264088045_IN_AM_DR,45058,36.19%,
3T,AR_EC_VF_yshaarj_nzoth_yogg_4013438755266541_IN_IV_ME,45052,36.17%,
3T,AR_EC_VF_nzoth_yogg_cthun_3132859058872301_Mis_AM_ME,45050,36.17%,
3T,AR_SP_VF_nzoth_yogg_cthun_3132859864178669_Mis_IV_DR,45050,36.17%,
3T,AR_SW_VF_yshaarj_yogg_cthun_1972332790669293_IN_IV_ME,45047,36.16%,
3T,AR_SW_VF_yshaarj_nzoth_yogg_4014409351290861_IN_IV_ME_DS,45034,36.12%,
3T,AR_EC_VF_yshaarj_nzoth_yogg_4013576127635437_IN_AM_DR,45031,36.11%,
3T,AR_SP_VF_yshaarj_nzoth_yogg_4014409417875437_IN_IV_DR_DS,45030,36.11%,
3T,AR_SW_VF_yshaarj_nzoth_yogg_4013576127635437_IN_IV_DR,45030,36.11%,
3T,AR_SP_VF_yshaarj_nzoth_yogg_4014400760840173_IN_AM_DR,45028,36.10%,
3T,AR_EC_VF_yshaarj_nzoth_yogg_4013438688681965_IN_IV_ME,45026,36.10%,
3T,AR_SW_VF_yshaarj_yogg_cthun_1972332857253869_IN_IV_DR,45021,36.08%,
3T,AR_EC_VF_nzoth_yogg_cthun_3169151264088045_IN_AM_ME,45019,36.08%,
3T,AR_EC_VF_nzoth_yogg_cthun_3150313537527789_Mis_AM_DR,45019,36.07%,
3T,AR_EC_VF_nzoth_yogg_cthun_3132859864178669_Mis_AM_ME,45013,36.06%,
3T,AR_SW_VF_nzoth_yogg_cthun_3132858723860461_Mis_IV_DR,45012,36.05%,
3T,AR_SW_VF_nzoth_yogg_cthun_3132859797077997_Mis_IV_ME,45009,36.04%,
3T,AR_SW_VF_nzoth_yogg_cthun_3132996162805741_Mis_AM_DR,45008,36.04%,
3T,AR_SP_VF_yshaarj_yogg_cthun_1972332857253869_IN_IV_DR,44999,36.02%,
3T,AR_EC_VF_yshaarj_nzoth_yogg_4013851005026285_IN_IV_DR,44999,36.02%,
3T,AR_EC_VF_yshaarj_nzoth_yogg_4013851005542381_IN_AM_DR,44994,36.00%,
3T,AR_SW_VF_yshaarj_nzoth_yogg_4013576127635437_IN_IV_ME,44993,36.00%,
3T,AR_EC_VF_yshaarj_nzoth_yogg_4013576127119341_IN_IV_DR,44986,35.97%,
3T,AR_EC_VF_yshaarj_nzoth_yogg_4013301584748525_IN_IV_DR,44984,35.97%,
3T,AR_EC_VF_nzoth_yogg_cthun_3132867313270765_Mis_IV_ME,44982,35.96%,
3T,AR_SP_VF_nzoth_yogg_cthun_3150313470427117_Mis_IV_ME,44974,35.94%,
3T,AR_EC_VF_nzoth_yogg_cthun_3132858790445037_Mis_IV_DR,44973,35.93%,
3T,AR_EC_VF_yshaarj_nzoth_yogg_4013576127635437_IN_AM_ME,44972,35.93%,
3T,AR_EC_VF_yshaarj_nzoth_yogg_4014409350774765_IN_IV_ME_DS,44968,35.92%,
3T,AR_EC_VF_yshaarj_yogg_cthun_1972332857253869_IN_AM_DR,44963,35.91%,
3T,AR_EC_VF_nzoth_yogg_cthun_3132859797594093_Mis_AM_DR,44961,35.90%,
3T,AR_SP_VF_yshaarj_nzoth_yogg_4013851005542381_IN_IV_DR,44958,35.89%,
3T,AR_EC_VF_yshaarj_nzoth_yogg_4014400761356269_Mis_IV_DR,44957,35.89%,
3T,AR_SP_VF_nzoth_yogg_cthun_3169151264088045_IN_IV_ME,44957,35.89%,
3T,AR_EC_VF_yshaarj_nzoth_yogg_4013301249736685_IN_IV_DR,44956,35.88%,
3T,AR_EC_VF_yshaarj_nzoth_yogg_4013302390054893_IN_IV_DR,44955,35.88%,
3T,AR_EC_VF_yshaarj_nzoth_yogg_4014409351290861_IN_AM_ME_DS,44952,35.87%,
3T,AR_SW_VF_yshaarj_nzoth_yogg_4014409351290861_IN_IV_DR_DS,44952,35.87%,
3T,AR_SW_VF_nzoth_yogg_cthun_3132875903721453_Mis_IV_ME_DS,44943,35.85%,
3T,AR_SW_VF_nzoth_yogg_cthun_3132859797077997_Mis_IV_DR,44937,35.83%,
3T,AR_EC_VF_nzoth_yogg_cthun_3132867313270765_Mis_IV_DR,44936,35.83%,
3T,AR_EC_VF_yshaarj_nzoth_yogg_4013576194220013_IN_AM_DR,44932,35.81%,
3T,AR_SP_VF_yshaarj_nzoth_yogg_4013576127635437_IN_IV_ME,44924,35.79%,
3T,AR_EC_VF_yshaarj_nzoth_yogg_3977567188410349_Mis_IV_DR,44921,35.78%,
3T,AR_EC_VF_yshaarj_nzoth_yogg_4014409350774765_IN_IV_DR_DS,44919,35.77%,
3T,AR_SP_VF_yshaarj_nzoth_yogg_4013301316837357_IN_IV_DR,44912,35.75%,
3T,AR_SW_VF_nzoth_yogg_cthun_3150313470943213_Mis_AM_ME,44912,35.75%,
3T,AR_SW_VF_yshaarj_nzoth_yogg_4013851005542381_IN_IV_DR,44908,35.74%,
3T,AR_EC_VF_yshaarj_nzoth_yogg_4013438688165869_IN_IV_DR,44903,35.73%,
3T,AR_SP_VF_yshaarj_nzoth_yogg_4014409417875437_IN_IV_ME_DS,44892,35.69%,
3T,AR_SW_VF_yshaarj_nzoth_yogg_3977567121825773_Mis_IV_ME,44891,35.69%,
3T,AR_SW_VF_yshaarj_nzoth_yogg_4014400760840173_IN_AM_DR,44882,35.66%,
3T,AR_SW_VF_nzoth_yogg_cthun_3132858790961133_Mis_AM_ME,44880,35.66%,
3T,AR_EC_VF_nzoth_yogg_cthun_3169159787438061_IN_IV_ME_DS,44878,35.65%,
3T,AR_SP_VF_yshaarj_nzoth_yogg_4013576194220013_IN_IV_ME,44872,35.63%,
3T,AR_EC_VF_yshaarj_nzoth_yogg_4013301316837357_IN_IV_ME,44871,35.63%,
3T,AR_SP_VF_yshaarj_nzoth_yogg_4013438688681965_IN_IV_DR,44870,35.62%,
3T,AR_EC_VF_yshaarj_nzoth_yogg_4013851072126957_IN_IV_ME,44867,35.61%,
3T,AR_EC_VF_yshaarj_nzoth_yogg_4014400761356269_Mis_IV_ME,44866,35.61%,
3T,AR_SP_VF_nzoth_yogg_cthun_3132867380371437_Mis_IV_DR,44855,35.58%,
3T,AR_EC_VF_nzoth_yogg_cthun_3150313470943213_Mis_AM_DR,44854,35.58%,
3T,AR_SP_VF_nzoth_yogg_cthun_3132996162289645_Mis_IV_DR,44849,35.56%,
3T,AR_EC_VF_nzoth_yogg_cthun_3132875903721453_Mis_IV_DR_DS,44848,35.56%,
3T,AR_SW_VF_yshaarj_nzoth_yogg_4013576127635437_IN_AM_DR,44834,35.52%,
3T,AR_EC_VF_nzoth_yogg_cthun_3132858790961133_Mis_AM_DR,44833,35.51%,
3T,AR_EC_VF_nzoth_yogg_cthun_3132867313786861_Mis_AM_ME,44831,35.51%,
3T,AR_EC_VF_nzoth_yogg_cthun_3132875970306029_Mis_IV_ME_DS,44831,35.51%,
3T,AR_SP_VF_nzoth_yogg_cthun_3169159787438061_IN_IV_DR_DS,44828,35.50%,
3T,AR_EC_VF_yshaarj_nzoth_yogg_4013851005542381_IN_AM_ME,44827,35.49%,
3T,AR_SP_VF_nzoth_yogg_cthun_3132996162805741_Mis_AM_ME,44826,35.49%,
3T,AR_SW_VF_nzoth_yogg_cthun_3132867380371437_Mis_IV_DR,44818,35.47%,
3T,AR_SP_VF_yshaarj_yogg_cthun_1972332790669293_IN_IV_ME,44818,35.47%,
3T,AR_SP_VF_nzoth_yogg_cthun_3169151197503469_IN_AM_DR,44813,35.45%,
3T,AR_SP_VF_nzoth_yogg_cthun_3132858723860461_Mis_IV_DR,44812,35.45%,
3T,AR_SW_VF_nzoth_yogg_cthun_3150313470427117_Mis_IV_ME,44810,35.44%,
3T,AR_EC_VF_nzoth_yogg_cthun_3132875970306029_Mis_IV_DR_DS,44810,35.44%,
3T,AR_SW_VF_yshaarj_nzoth_yogg_3977567121825773_Mis_IV_DR,44807,35.43%,
3T,AR_SW_VF_nzoth_yogg_cthun_3132858790445037_Mis_IV_DR,44804,35.42%,
3T,AR_EC_VF_yshaarj_nzoth_yogg_3977567121309677_Mis_IV_ME,44803,35.42%,
3T,AR_SP_VF_nzoth_yogg_cthun_3132859797077997_Mis_IV_DR,44803,35.42%,
3T,AR_SW_VF_nzoth_yogg_cthun_3150313470427117_Mis_IV_DR,44803,35.42%,
3T,AR_EC_VF_nzoth_yogg_cthun_3169151196987373_IN_AM_DR,44796,35.40%,
3T,AR_SP_VF_yshaarj_nzoth_yogg_3977567121825773_Mis_IV_DR,44795,35.40%,
3T,AR_SP_VF_nzoth_yogg_cthun_3132859797077997_Mis_IV_ME,44785,35.37%,
3T,AR_SW_VF_nzoth_yogg_cthun_3132858790445037_Mis_IV_ME,44784,35.37%,
3T,AR_EC_VF_yshaarj_nzoth_yogg_4014400827940845_Mis_IV_DR,44784,35.36%,
3T,AR_SP_VF_yshaarj_nzoth_yogg_4013576127119341_IN_IV_DR,44779,35.35%,
3T,AR_EC_VF_yshaarj_yogg_cthun_2043251357245421_IN_IV_DR,44779,35.35%,
3T,AR_EC_VF_nzoth_yogg_cthun_3169159786921965_IN_IV_DR_DS,44779,35.35%,
3T,AR_EC_VF_yshaarj_nzoth_yogg_4013301584748525_IN_IV_ME,44778,35.35%,
3T,AR_SW_VF_nzoth_yogg_cthun_3169159787438061_IN_IV_DR_DS,44772,35.33%,
3T,AR_SP_VF_nzoth_yogg_cthun_3150313470427117_Mis_IV_DR,44770,35.32%,
3T,AR_EC_VF_yshaarj_yogg_cthun_1972332790153197_IN_IV_ME,44766,35.31%,
3T,AR_SP_VF_nzoth_yogg_cthun_3132858790445037_Mis_IV_DR,44751,35.26%,
3T,AR_EC_VF_yshaarj_nzoth_yogg_4014409351290861_IN_AM_DR_DS,44750,35.26%,
3T,AR_SW_VF_nzoth_yogg_cthun_3169151196987373_IN_IV_DR,44748,35.25%,
3T,AR_SW_VF_yshaarj_nzoth_yogg_4013438688681965_IN_IV_DR,44744,35.24%,
3T,AR_EC_VF_yshaarj_nzoth_yogg_4014409417875437_IN_AM_DR_DS,44743,35.24%,
3T,AR_SW_VF_yshaarj_nzoth_yogg_4013851072126957_IN_IV_DR,44743,35.24%,
3T,AR_SW_VF_yshaarj_nzoth_yogg_4013576127119341_IN_IV_DR,44739,35.23%,
3T,AR_SP_VF_yshaarj_nzoth_yogg_4014400760840173_IN_AM_ME,44730,35.20%,
3T,AR_EC_VF_yshaarj_nzoth_yogg_4013302322954221_IN_IV_DR,44729,35.20%,
3T,AR_SW_VF_nzoth_yogg_cthun_3132859797594093_Mis_AM_DR,44728,35.19%,
3T,AR_SW_VF_nzoth_yogg_cthun_3132858790961133_Mis_AM_DR,44725,35.19%,
3T,AR_EC_VF_yshaarj_nzoth_yogg_4013584717570029_IN_IV_DR_DS,44724,35.18%,
3T,AR_SW_VF_yshaarj_nzoth_yogg_4014400760840173_IN_AM_ME,44724,35.18%,
3T,AR_SW_VF_yshaarj_nzoth_yogg_4013576194220013_IN_IV_ME,44720,35.17%,
3T,AR_SP_VF_yshaarj_nzoth_yogg_4013851072126957_IN_IV_DR,44716,35.16%,
3T,AR_SP_VF_yshaarj_nzoth_yogg_3977567121825773_Mis_IV_ME,44713,35.15%,
3T,AR_EC_VF_yshaarj_yogg_cthun_1972332790669293_IN_AM_DR,44713,35.15%,
3T,AR_EC_VF_nzoth_yogg_cthun_3132859797077997_Mis_AM_ME,44710,35.14%,
3T,AR_SW_VF_yshaarj_nzoth_yogg_4013302323470317_IN_IV_DR,44704,35.12%,
3T,AR_SP_VF_yshaarj_nzoth_yogg_4013438755266541_IN_IV_DR,44702,35.12%,
3T,AR_EC_VF_nzoth_yogg_cthun_3132859058872301_Mis_AM_DR,44701,35.11%,
3T,AR_EC_VF_yshaarj_nzoth_yogg_4013851072126957_IN_AM_ME,44699,35.11%,
3T,AR_SW_VF_nzoth_yogg_cthun_3169151197503469_IN_AM_ME,44696,35.10%,
3T,AR_SW_VF_nzoth_yogg_cthun_3169151264088045_IN_AM_DR,44695,35.10%,
3T,AR_SP_VF_nzoth_yogg_cthun_3132875903721453_Mis_IV_ME_DS,44692,35.09%,
3T,AR_SW_VF_nzoth_yogg_cthun_3132996229390317_Mis_AM_ME,44689,35.08%,
3T,AR_SW_VF_yshaarj_nzoth_yogg_4013851005542381_IN_IV_ME,44689,35.08%,
3T,AR_SP_VF_yshaarj_nzoth_yogg_3977567188410349_Mis_IV_ME,44688,35.07%,
3T,AR_SP_VF_nzoth_yogg_cthun_3169159854022637_IN_IV_DR_DS,44679,35.05%,
3T,AR_SW_VF_nzoth_yogg_cthun_3169151264088045_IN_IV_ME,44678,35.04%,
3T,AR_SP_VF_yshaarj_yogg_cthun_1972332790153197_IN_IV_DR,44678,35.04%,
3T,AR_EC_VF_nzoth_yogg_cthun_3169159854022637_IN_IV_ME_DS,44678,35.04%,
3T,AR_SP_VF_yshaarj_nzoth_yogg_3977567188410349_Mis_IV_DR,44677,35.04%,
3T,AR_SW_VF_yshaarj_nzoth_yogg_4013576194220013_IN_AM_DR,44666,35.01%,
3T,AR_SP_VF_nzoth_yogg_cthun_3132859797594093_Mis_AM_ME,44662,35.00%,
3T,AR_SP_VF_nzoth_yogg_cthun_3132858790445037_Mis_IV_ME,44652,34.97%,
3T,AR_EC_VF_yshaarj_nzoth_yogg_4013438755266541_IN_AM_DR,44645,34.94%,
3T,AR_EC_VF_yshaarj_nzoth_yogg_4013438688681965_IN_AM_DR,44639,34.93%,
3T,AR_SW_VF_nzoth_yogg_cthun_3169159854022637_IN_IV_DR_DS,44637,34.92%,
3T,AR_SW_VF_nzoth_yogg_cthun_3132996229390317_Mis_AM_DR,44636,34.92%,
3T,AR_EC_VF_yshaarj_nzoth_yogg_4013576194220013_Mis_IV_DR,44636,34.92%,
3T,AR_EC_VF_nzoth_yogg_cthun_3169151196987373_IN_AM_ME,44633,34.91%,
3T,AR_SP_VF_yshaarj_yogg_cthun_1972332857253869_IN_IV_ME,44632,34.90%,
3T,AR_EC_VF_yshaarj_nzoth_yogg_4014400827940845_Mis_IV_ME,44629,34.90%,
3T,AR_SP_VF_nzoth_yogg_cthun_3169151196987373_IN_IV_ME,44628,34.89%,
3T,AR_EC_VF_nzoth_yogg_cthun_3169159854022637_IN_AM_DR_DS,44620,34.87%,
3T,AR_EC_VF_nzoth_yogg_cthun_3169159787438061_IN_AM_DR_DS,44620,34.87%,
3T,AR_EC_VF_nzoth_yogg_cthun_3132858723860461_Mis_AM_ME,44619,34.87%,
3T,AR_EC_VF_nzoth_yogg_cthun_3169151197503469_Mis_IV_DR,44619,34.87%,
3T,AR_SW_VF_nzoth_yogg_cthun_3132875903721453_Mis_IV_DR_DS,44619,34.87%,
3T,AR_EC_VF_nzoth_yogg_cthun_3169151264088045_Mis_IV_DR,44617,34.86%,
3T,AR_SP_VF_yshaarj_nzoth_yogg_4013851072126957_IN_IV_ME,44615,34.85%,
3T,AR_SP_VF_nzoth_yogg_cthun_3150313470943213_Mis_AM_ME,44610,34.84%,
3T,AR_EC_VF_nzoth_yogg_cthun_3132996162289645_Mis_AM_ME,44608,34.83%,
3T,AR_EC_VF_nzoth_yogg_cthun_3132867380371437_Mis_AM_ME,44608,34.83%,
3T,AR_EC_VF_yshaarj_nzoth_yogg_4013301249736685_IN_IV_ME,44605,34.82%,
3T,AR_SW_VF_yshaarj_nzoth_yogg_4013301316837357_IN_IV_DR,44605,34.82%,
3T,AR_SP_VF_yshaarj_nzoth_yogg_4013851005026285_IN_IV_DR,44602,34.82%,
3T,AR_EC_VF_yshaarj_yogg_cthun_1972332790669293_IN_AM_ME,44600,34.81%,
3T,AR_SP_VF_yshaarj_nzoth_yogg_4014409350774765_IN_IV_ME_DS,44591,34.78%,
3T,AR_SP_VF_nzoth_yogg_cthun_3132996229390317_Mis_AM_DR,44589,34.78%,
3T,AR_SW_VF_nzoth_yogg_cthun_3132859797594093_Mis_AM_ME,44589,34.77%,
3T,AR_EC_VF_yshaarj_nzoth_yogg_4013576194220013_IN_AM_ME,44587,34.77%,
3T,AR_EC_VF_yshaarj_nzoth_yogg_4013438688681965_IN_AM_ME,44586,34.77%,
3T,AR_EC_VF_yshaarj_nzoth_yogg_4013301316837357_IN_AM_ME,44584,34.76%,
3T,AR_SP_VF_nzoth_yogg_cthun_3132996162805741_Mis_AM_DR,44582,34.75%,
3T,AR_EC_VF_yshaarj_nzoth_yogg_4013318496182253_IN_IV_DR_DS,44577,34.74%,
3T,AR_EC_VF_nzoth_yogg_cthun_3132867313786861_Mis_AM_DR,44576,34.74%,
3T,AR_SP_VF_nzoth_yogg_cthun_3169151264088045_IN_AM_DR,44576,34.74%,
3T,AR_SW_VF_yshaarj_nzoth_yogg_4013438755266541_IN_IV_DR,44572,34.72%,
3T,AR_SP_VF_yshaarj_nzoth_yogg_4013851005542381_IN_IV_ME,44570,34.72%,
3T,AR_EC_VF_yshaarj_nzoth_yogg_3977567121309677_Mis_IV_DR,44568,34.71%,
3T,AR_EC_VF_yshaarj_nzoth_yogg_4013438688165869_IN_IV_ME,44566,34.71%,
3T,AR_SW_VF_nzoth_yogg_cthun_3132867313786861_Mis_AM_ME,44566,34.71%,
3T,AR_EC_VF_nzoth_yogg_cthun_3132859864178669_Mis_AM_DR,44565,34.70%,
3T,AR_SP_VF_nzoth_yogg_cthun_3169159787438061_IN_IV_ME_DS,44563,34.70%,
3T,AR_EC_VF_yshaarj_yogg_cthun_2043251290660845_IN_IV_DR,44561,34.69%,
3T,AR_SP_VF_nzoth_yogg_cthun_3132996229390317_Mis_AM_ME,44560,34.69%,
3T,AR_SW_VF_yshaarj_nzoth_yogg_4013576127635437_IN_AM_ME,44556,34.68%,
3T,AR_SP_VF_yshaarj_nzoth_yogg_4013576127119341_IN_IV_ME,44556,34.67%,
3T,AR_EC_VF_nzoth_yogg_cthun_3169151197503469_Mis_IV_ME,44555,34.67%,
3T,AR_SW_VF_yshaarj_yogg_cthun_1972332790153197_IN_IV_DR,44553,34.67%,
3T,AR_SW_VF_nzoth_yogg_cthun_3169159787438061_IN_IV_ME_DS,44551,34.66%,
3T,AR_EC_VF_yshaarj_nzoth_yogg_4013576127119341_IN_AM_ME,44545,34.64%,
3T,AR_EC_VF_yshaarj_nzoth_yogg_4013576127119341_IN_AM_DR,44543,34.64%,
3T,AR_SW_VF_yshaarj_nzoth_yogg_4014409417875437_IN_IV_DR_DS,44541,34.63%,
3T,AR_EC_VF_yshaarj_nzoth_yogg_3977567121825773_Mis_AM_ME,44540,34.63%,
3T,AR_SP_VF_nzoth_yogg_cthun_3150313537527789_Mis_AM_ME,44539,34.62%,
3T,AR_EC_VF_yshaarj_nzoth_yogg_4013438755266541_IN_AM_ME,44536,34.61%,
3T,AR_EC_VF_yshaarj_nzoth_yogg_4013584784154605_IN_IV_DR_DS,44532,34.60%,
3T,AR_EC_VF_yshaarj_nzoth_yogg_4013438688681965_Mis_IV_DR,44526,34.59%,
3T,AR_EC_VF_nzoth_yogg_cthun_3169159854022637_IN_AM_ME_DS,44525,34.58%,
3T,AR_EC_VF_yshaarj_nzoth_yogg_4013301316321261_IN_IV_ME,44519,34.56%,
3T,AR_EC_VF_yshaarj_nzoth_yogg_4013301316321261_IN_IV_DR,44518,34.56%,
3T,AR_SW_VF_nzoth_yogg_cthun_3150313470943213_Mis_AM_DR,44515,34.55%,
3T,AR_SW_VF_yshaarj_nzoth_yogg_3977567188410349_Mis_IV_ME,44514,34.55%,
3T,AR_SP_VF_yshaarj_nzoth_yogg_4013438688165869_IN_IV_DR,44510,34.54%,
3T,AR_EC_VF_nzoth_yogg_cthun_3150313470427117_Mis_AM_ME,44510,34.54%,
3T,AR_SW_VF_yshaarj_nzoth_yogg_4014409417875437_IN_IV_ME_DS,44508,34.53%,
3T,AR_EC_VF_nzoth_yogg_cthun_3169159786921965_IN_IV_ME_DS,44507,34.53%,
3T,AR_SW_VF_yshaarj_nzoth_yogg_4013576127119341_IN_IV_ME,44507,34.53%,
3T,AR_EC_VF_yshaarj_yogg_cthun_1973432368881645_IN_IV_DR,44506,34.52%,
3T,AR_SP_VF_yshaarj_nzoth_yogg_4013301316837357_IN_IV_ME,44492,34.48%,
3T,AR_SP_VF_yshaarj_nzoth_yogg_4013301584748525_IN_IV_ME,44492,34.48%,
3T,AR_SP_VF_nzoth_yogg_cthun_3132875903721453_Mis_IV_DR_DS,44487,34.47%,
3T,AR_SP_VF_nzoth_yogg_cthun_3132867313270765_Mis_IV_ME,44487,34.47%,
3T,AR_SW_VF_nzoth_yogg_cthun_3169159787438061_IN_AM_DR_DS,44486,34.47%,
3T,AR_SW_VF_yshaarj_nzoth_yogg_4014400761356269_Mis_IV_ME,44484,34.46%,
3T,AR_SP_VF_yshaarj_nzoth_yogg_4013438755266541_IN_IV_ME,44483,34.46%,
3T,AR_EC_VF_yshaarj_nzoth_yogg_4013576127635437_Mis_IV_DR,44480,34.45%,
3T,AR_EC_VF_nzoth_yogg_cthun_3169159787438061_IN_AM_ME_DS,44478,34.44%,
3T,AR_SW_VF_nzoth_yogg_cthun_3132867313270765_Mis_IV_ME,44476,34.43%,
3T,AR_SW_VF_nzoth_yogg_cthun_3169151196987373_IN_IV_ME,44472,34.42%,
3T,AR_SW_VF_nzoth_yogg_cthun_3132859864178669_Mis_AM_ME,44472,34.42%,
3T,AR_SW_VF_yshaarj_nzoth_yogg_4013438688681965_IN_IV_ME,44468,34.41%,
3T,AR_EC_VF_yshaarj_nzoth_yogg_4013302390054893_IN_IV_ME,44462,34.39%,
3T,AR_SP_VF_yshaarj_nzoth_yogg_4014400827940845_Mis_IV_ME,44461,34.39%,
3T,AR_EC_VF_yshaarj_yogg_cthun_1973432302297069_IN_IV_DR,44453,34.36%,
3T,AR_SP_VF_yshaarj_nzoth_yogg_4013438688681965_IN_IV_ME,44448,34.35%,
3T,AR_EC_VF_yshaarj_nzoth_yogg_4013302323470317_IN_IV_ME,44445,34.34%,
3T,AR_EC_VF_nzoth_yogg_cthun_3132858723860461_Mis_AM_DR,44444,34.34%,
3T,AR_EC_VF_yshaarj_nzoth_yogg_4014409417875437_IN_AM_ME_DS,44444,34.34%,
3T,AR_SP_VF_nzoth_yogg_cthun_3132858790961133_Mis_AM_DR,44442,34.33%,
3T,AR_SW_VF_nzoth_yogg_cthun_3169151197503469_Mis_IV_ME,44440,34.32%,
3T,AR_EC_VF_yshaarj_nzoth_yogg_4013851072126957_IN_AM_DR,44440,34.32%,
3T,AR_SW_VF_yshaarj_nzoth_yogg_4014409351290861_IN_AM_DR_DS,44438,34.32%,
3T,AR_SW_VF_yshaarj_nzoth_yogg_4014400761356269_Mis_IV_DR,44437,34.32%,
3T,AR_SP_VF_yshaarj_nzoth_yogg_4014409350774765_IN_IV_DR_DS,44433,34.30%,
3T,AR_EC_VF_nzoth_yogg_cthun_3169151264088045_Mis_IV_ME,44428,34.29%,
3T,AR_EC_VF_yshaarj_nzoth_yogg_4013851005026285_IN_IV_ME,44427,34.29%,
3T,AR_EC_VF_nzoth_yogg_cthun_3132875903721453_Mis_AM_ME_DS,44424,34.28%,
3T,AR_EC_VF_yshaarj_nzoth_yogg_4013301584748525_IN_AM_DR,44424,34.28%,
3T,AR_SW_VF_nzoth_yogg_cthun_3132875970306029_Mis_IV_ME_DS,44418,34.26%,
3T,AR_SP_VF_yshaarj_nzoth_yogg_4013301584748525_IN_IV_DR,44410,34.23%,
3T,AR_EC_VF_nzoth_yogg_cthun_3169151196987373_Mis_IV_ME,44410,34.23%,
3T,AR_EC_VF_yshaarj_nzoth_yogg_4013584717570029_IN_IV_ME_DS,44409,34.23%,
3T,AR_SW_VF_yshaarj_nzoth_yogg_3977567188410349_Mis_IV_DR,44401,34.21%,
3T,AR_SP_VF_nzoth_yogg_cthun_3169159786921965_IN_IV_DR_DS,44400,34.20%,
3T,AR_EC_VF_yshaarj_nzoth_yogg_4013318429597677_IN_IV_DR_DS,44396,34.19%,
3T,AR_EC_VF_yshaarj_nzoth_yogg_4013301316837357_IN_AM_DR,44391,34.18%,
3T,AR_SP_VF_yshaarj_nzoth_yogg_4013302390054893_IN_IV_DR,44391,34.18%,
3T,AR_SP_VF_nzoth_yogg_cthun_3169159854022637_IN_IV_ME_DS,44389,34.17%,
3T,AR_EC_VF_yshaarj_nzoth_yogg_4013438755266541_Mis_IV_DR,44389,34.17%,
3T,AR_EC_VF_nzoth_yogg_cthun_3132875903205357_Mis_IV_ME_DS,44384,34.16%,
3T,AR_SW_VF_yshaarj_nzoth_yogg_4014409350774765_IN_IV_ME_DS,44378,34.14%,
3T,AR_SW_VF_yshaarj_nzoth_yogg_4013438755266541_IN_IV_ME,44371,34.12%,
3T,AR_EC_VF_yshaarj_nzoth_yogg_3977567188410349_Mis_AM_ME,44371,34.12%,
3T,AR_EC_VF_yshaarj_nzoth_yogg_4013576127635437_Mis_IV_ME,44369,34.11%,
3T,AR_SP_VF_yshaarj_nzoth_yogg_4014400761356269_Mis_IV_ME,44363,34.09%,
3T,AR_SW_VF_yshaarj_nzoth_yogg_4014409350774765_IN_IV_DR_DS,44363,34.09%,
3T,AR_SW_VF_nzoth_yogg_cthun_3132867313786861_Mis_AM_DR,44360,34.08%,
3T,AR_SP_VF_nzoth_yogg_cthun_3169151197503469_IN_AM_ME,44359,34.08%,
3T,AR_EC_VF_nzoth_yogg_cthun_3132996162289645_Mis_AM_DR,44357,34.07%,
3T,AR_EC_VF_nzoth_yogg_cthun_3132858790445037_Mis_AM_ME,44355,34.07%,
3T,AR_SP_VF_nzoth_yogg_cthun_3132859797594093_Mis_AM_DR,44355,34.07%,
3T,AR_EC_VF_yshaarj_yogg_cthun_1972332857253869_IN_AM_ME,44352,34.06%,
3T,AR_EC_VF_yshaarj_nzoth_yogg_4013302322954221_IN_IV_ME,44352,34.06%,
3T,AR_SP_VF_yshaarj_nzoth_yogg_4013584717570029_IN_IV_DR_DS,44347,34.04%,
3T,AR_SP_VF_nzoth_yogg_cthun_3132867313270765_Mis_IV_DR,44347,34.04%,
3T,AR_EC_VF_yshaarj_nzoth_yogg_4013302323470317_IN_AM_DR,44345,34.04%,
3T,AR_SP_VF_nzoth_yogg_cthun_3132875970306029_Mis_IV_ME_DS,44340,34.02%,
3T,AR_EC_VF_yshaarj_yogg_cthun_1971370717994989_IN_IV_DR,44333,34.00%,
3T,AR_SP_VF_yshaarj_yogg_cthun_1972332790153197_IN_IV_ME,44329,33.99%,
3T,AR_SW_VF_nzoth_yogg_cthun_3169151264088045_IN_AM_ME,44321,33.97%,
3T,AR_SW_VF_nzoth_yogg_cthun_3150313537527789_Mis_AM_DR,44319,33.96%,
3T,AR_SP_VF_nzoth_yogg_cthun_3132859058872301_Mis_AM_ME,44319,33.96%,
3T,AR_SP_VF_yshaarj_nzoth_yogg_4014409351290861_IN_AM_DR_DS,44318,33.96%,
3T,AR_SW_VF_yshaarj_nzoth_yogg_4013851072126957_IN_IV_ME,44316,33.95%,
3T,AR_SW_VF_nzoth_yogg_cthun_3132859058872301_Mis_AM_ME,44310,33.93%,
3T,AR_SW_VF_nzoth_yogg_cthun_3132858723860461_Mis_AM_ME,44309,33.93%,
3T,AR_SW_VF_yshaarj_nzoth_yogg_4013851005026285_IN_IV_DR,44306,33.92%,
3T,AR_SP_VF_yshaarj_nzoth_yogg_4013302323470317_IN_IV_DR,44299,33.90%,
3T,AR_SP_VF_nzoth_yogg_cthun_3132859864178669_Mis_AM_ME,44295,33.89%,
3T,AR_SW_VF_nzoth_yogg_cthun_3132859864178669_Mis_AM_DR,44293,33.88%,
3T,AR_SP_VF_nzoth_yogg_cthun_3150313470943213_Mis_AM_DR,44291,33.87%,
3T,AR_SP_VF_yshaarj_nzoth_yogg_4014400761356269_Mis_IV_DR,44289,33.87%,
3T,AR_SW_VF_nzoth_yogg_cthun_3150313537527789_Mis_AM_ME,44287,33.86%,
3T,AR_EC_VF_yshaarj_nzoth_yogg_3977567121825773_Mis_AM_DR,44287,33.86%,
3T,AR_SW_VF_yshaarj_yogg_cthun_1972332857253869_IN_IV_ME,44286,33.86%,
3T,AR_EC_VF_nzoth_yogg_cthun_3132875903205357_Mis_IV_DR_DS,44285,33.86%,
3T,AR_SW_VF_yshaarj_nzoth_yogg_4014409351290861_IN_AM_ME_DS,44282,33.85%,
3T,AR_EC_VF_yshaarj_nzoth_yogg_4013851072126957_Mis_IV_DR,44281,33.85%,
3T,AR_SW_VF_nzoth_yogg_cthun_3132867313270765_Mis_IV_DR,44280,33.84%,
3T,AR_EC_VF_nzoth_yogg_cthun_3132867380371437_Mis_AM_DR,44270,33.81%,
3T,AR_SP_VF_yshaarj_yogg_cthun_2043251290660845_IN_IV_DR,44267,33.80%,
3T,AR_SP_VF_nzoth_yogg_cthun_3150313537527789_Mis_AM_DR,44259,33.78%,
3T,AR_SW_VF_nzoth_yogg_cthun_3132875970306029_Mis_IV_DR_DS,44258,33.77%,
3T,AR_SW_VF_yshaarj_nzoth_yogg_4013576127119341_IN_AM_DR,44256,33.77%,
3T,AR_SW_VF_yshaarj_nzoth_yogg_4013438688681965_IN_AM_DR,44254,33.76%,
3T,AR_SW_VF_nzoth_yogg_cthun_3169151197503469_Mis_IV_DR,44248,33.75%,
3T,AR_SP_VF_nzoth_yogg_cthun_3169151197503469_Mis_IV_ME,44245,33.74%,
3T,AR_SP_VF_yshaarj_nzoth_yogg_4014409351290861_IN_AM_ME_DS,44243,33.73%,
3T,AR_SW_VF_yshaarj_nzoth_yogg_4013576194220013_IN_AM_ME,44243,33.73%,
3T,AR_EC_VF_yshaarj_nzoth_yogg_4013302390054893_IN_AM_DR,44243,33.73%,
3T,AR_SW_VF_yshaarj_yogg_cthun_1972332790669293_IN_AM_ME,44242,33.73%,
3T,AR_EC_VF_yshaarj_nzoth_yogg_4013302323470317_IN_AM_ME,44242,33.73%,
3T,AR_EC_VF_yshaarj_nzoth_yogg_4013851005026285_IN_AM_ME,44239,33.72%,
3T,AR_SW_VF_yshaarj_nzoth_yogg_4013301584748525_IN_IV_DR,44237,33.71%,
3T,AR_SW_VF_yshaarj_yogg_cthun_1972332790669293_IN_AM_DR,44235,33.71%,
3T,AR_SP_VF_yshaarj_nzoth_yogg_4014400827940845_Mis_IV_DR,44234,33.70%,
3T,AR_EC_VF_nzoth_yogg_cthun_3169151196987373_Mis_IV_DR,44232,33.70%,
3T,AR_SP_VF_nzoth_yogg_cthun_3132858790961133_Mis_AM_ME,44230,33.69%,
3T,AR_SP_VF_yshaarj_yogg_cthun_1973432302297069_IN_IV_DR,44224,33.67%,
3T,AR_EC_VF_yshaarj_nzoth_yogg_4014400760840173_Mis_IV_DR,44220,33.66%,
3T,AR_SW_VF_yshaarj_nzoth_yogg_3977567121309677_Mis_IV_ME,44220,33.66%,
3T,AR_EC_VF_nzoth_yogg_cthun_3150313470427117_Mis_AM_DR,44218,33.65%,
3T,AR_EC_VF_yshaarj_yogg_cthun_1972332790153197_IN_AM_DR,44216,33.65%,
3T,AR_EC_VF_yshaarj_nzoth_yogg_4014400761356269_Mis_AM_DR,44215,33.64%,
3T,AR_EC_VF_yshaarj_nzoth_yogg_4013447345201133_IN_IV_DR_DS,44214,33.64%,
3T,AR_EC_VF_nzoth_yogg_cthun_3132867313270765_Mis_AM_ME,44213,33.64%,
3T,AR_SW_VF_yshaarj_nzoth_yogg_4013302323470317_IN_IV_ME,44212,33.64%,
3T,AR_EC_VF_nzoth_yogg_cthun_3169159786921965_IN_AM_DR_DS,44209,33.63%,
3T,AR_SW_VF_yshaarj_nzoth_yogg_4013301316837357_IN_IV_ME,44208,33.62%,
3T,AR_SW_VF_nzoth_yogg_cthun_3169159854022637_IN_IV_ME_DS,44208,33.62%,
3T,AR_EC_VF_yshaarj_nzoth_yogg_4013851005026285_IN_AM_DR,44207,33.62%,
3T,AR_SW_VF_nzoth_yogg_cthun_3132996162289645_Mis_AM_ME,44206,33.62%,
3T,AR_EC_VF_yshaarj_nzoth_yogg_4013584717053933_IN_IV_DR_DS,44205,33.61%,
3T,AR_SP_VF_yshaarj_nzoth_yogg_4013318429597677_IN_IV_DR_DS,44202,33.61%,
3T,AR_EC_VF_nzoth_yogg_cthun_3132859797077997_Mis_AM_DR,44197,33.59%,
3T,AR_EC_VF_yshaarj_nzoth_yogg_4014409350774765_IN_AM_DR_DS,44195,33.58%,
3T,AR_SW_VF_yshaarj_yogg_cthun_2043251290660845_IN_IV_DR,44194,33.58%,
3T,AR_SP_VF_yshaarj_nzoth_yogg_4013302323470317_IN_IV_ME,44194,33.58%,
3T,AR_SW_VF_yshaarj_nzoth_yogg_4013851005542381_IN_AM_DR,44191,33.57%,
3T,AR_SP_VF_nzoth_yogg_cthun_3132996162289645_Mis_AM_ME,44188,33.56%,
3T,AR_SP_VF_yshaarj_nzoth_yogg_4013438688165869_IN_IV_ME,44187,33.56%,
3T,AR_EC_VF_yshaarj_nzoth_yogg_4013301584748525_IN_AM_ME,44180,33.54%,
3T,AR_SW_VF_nzoth_yogg_cthun_3169151264088045_Mis_IV_DR,44180,33.54%,
3T,AR_SW_VF_nzoth_yogg_cthun_3132867380371437_Mis_AM_ME,44176,33.53%,
3T,AR_SW_VF_yshaarj_yogg_cthun_2043251357245421_IN_IV_DR,44176,33.53%,
3T,AR_EC_VF_yshaarj_nzoth_yogg_4013318429597677_IN_IV_ME_DS,44166,33.50%,
3T,AR_SW_VF_nzoth_yogg_cthun_3169159854022637_IN_AM_DR_DS,44166,33.50%,
3T,AR_SW_VF_nzoth_yogg_cthun_3169151196987373_IN_AM_DR,44164,33.49%,
3T,AR_EC_VF_yshaarj_nzoth_yogg_4013584784154605_IN_IV_ME_DS,44160,33.48%,
3T,AR_SP_VF_nzoth_yogg_cthun_3169151264088045_IN_AM_ME,44160,33.48%,
3T,AR_SW_VF_nzoth_yogg_cthun_3169159786921965_IN_IV_DR_DS,44155,33.46%,
3T,AR_SP_VF_nzoth_yogg_cthun_3169151196987373_IN_AM_ME,44151,33.45%,
3T,AR_SP_VF_yshaarj_nzoth_yogg_4013438688681965_IN_AM_DR,44149,33.45%,
3T,AR_SP_VF_nzoth_yogg_cthun_3169151197503469_Mis_IV_DR,44145,33.43%,
3T,AR_SP_VF_yshaarj_nzoth_yogg_3977567121309677_Mis_IV_ME,44142,33.42%,
3T,AR_SP_VF_nzoth_yogg_cthun_3169151264088045_Mis_IV_DR,44141,33.42%,
3T,AR_SP_VF_nzoth_yogg_cthun_3132859058872301_Mis_AM_DR,44135,33.40%,
3T,AR_SW_VF_yshaarj_nzoth_yogg_4013301249736685_IN_IV_DR,44135,33.40%,
3T,AR_SW_VF_nzoth_yogg_cthun_3132859058872301_Mis_AM_DR,44135,33.40%,
3T,AR_EC_VF_nzoth_yogg_cthun_3169151197503469_Mis_AM_DR,44134,33.40%,
3T,AR_EC_VF_yshaarj_nzoth_yogg_4013438688681965_Mis_IV_ME,44129,33.38%,
3T,AR_EC_VF_yshaarj_nzoth_yogg_4013302390054893_IN_AM_ME,44126,33.38%,
3T,AR_SP_VF_nzoth_yogg_cthun_3132858723860461_Mis_AM_ME,44124,33.37%,
3T,AR_SP_VF_yshaarj_nzoth_yogg_4013576194220013_IN_AM_DR,44124,33.37%,
3T,AR_EC_VF_yshaarj_nzoth_yogg_4013309906771949_IN_IV_DR_DS,44122,33.36%,
3T,AR_SP_VF_nzoth_yogg_cthun_3132875970306029_Mis_IV_DR_DS,44118,33.35%,
3T,AR_SP_VF_yshaarj_nzoth_yogg_4013576127635437_Mis_IV_ME,44117,33.35%,
3T,AR_EC_VF_yshaarj_nzoth_yogg_4013576194220013_Mis_IV_ME,44111,33.33%,
3T,AR_SP_VF_yshaarj_nzoth_yogg_4013301316321261_IN_IV_DR,44110,33.33%,
3T,AR_SW_VF_yshaarj_yogg_cthun_1972332857253869_IN_AM_DR,44109,33.32%,
3T,AR_SW_VF_yshaarj_yogg_cthun_1972332790153197_IN_IV_ME,44107,33.32%,
3T,AR_EC_VF_yshaarj_yogg_cthun_1971370784579565_IN_IV_DR,44103,33.31%,
3T,AR_SW_VF_nzoth_yogg_cthun_3132859797077997_Mis_AM_ME,44100,33.30%,
3T,AR_EC_VF_yshaarj_yogg_cthun_2043251290660845_IN_AM_DR,44100,33.30%,
3T,AR_EC_VF_yshaarj_nzoth_yogg_4014400827940845_Mis_AM_DR,44099,33.30%,
3T,AR_EC_VF_yshaarj_nzoth_yogg_4014400761356269_Mis_AM_ME,44099,33.30%,
3T,AR_SW_VF_nzoth_yogg_cthun_3169151196987373_IN_AM_ME,44097,33.29%,
3T,AR_EC_VF_yshaarj_yogg_cthun_2043251290144749_IN_IV_DR,44095,33.28%,
3T,AR_SP_VF_yshaarj_yogg_cthun_1973432368881645_IN_IV_DR,44093,33.28%,
3T,AR_EC_VF_yshaarj_nzoth_yogg_4014400760840173_Mis_IV_ME,44092,33.27%,
3T,AR_EC_VF_nzoth_yogg_cthun_3169159854022637_Mis_IV_DR_DS,44090,33.27%,
3T,AR_SW_VF_nzoth_yogg_cthun_3169159787438061_IN_AM_ME_DS,44088,33.26%,
3T,AR_SP_VF_yshaarj_nzoth_yogg_4013576127635437_IN_AM_DR,44086,33.25%,
3T,AR_SP_VF_yshaarj_nzoth_yogg_4013576127635437_IN_AM_ME,44085,33.25%,
3T,AR_SP_VF_yshaarj_nzoth_yogg_4013301249736685_IN_IV_ME,44083,33.24%,
3T,AR_EC_VF_yshaarj_yogg_cthun_1973432301780973_IN_IV_DR,44081,33.24%,
3T,AR_EC_VF_yshaarj_nzoth_yogg_4013301249736685_IN_AM_DR,44080,33.24%,
3T,AR_SW_VF_yshaarj_nzoth_yogg_4013302390054893_IN_IV_DR,44075,33.22%,
3T,AR_SP_VF_nzoth_yogg_cthun_3169151196987373_IN_AM_DR,44075,33.22%,
3T,AR_EC_VF_yshaarj_nzoth_yogg_4014409350774765_IN_AM_ME_DS,44067,33.20%,
3T,AR_SW_VF_yshaarj_nzoth_yogg_4013302390054893_IN_AM_DR,44067,33.20%,
3T,AR_EC_VF_yshaarj_nzoth_yogg_4013447278616557_IN_IV_DR_DS,44063,33.19%,
3T,AR_SW_VF_yshaarj_nzoth_yogg_3977567121825773_Mis_AM_ME,44061,33.18%,
3T,AR_SP_VF_nzoth_yogg_cthun_3169159786921965_IN_IV_ME_DS,44060,33.18%,
3T,AR_SP_VF_nzoth_yogg_cthun_3132867313786861_Mis_AM_DR,44059,33.17%,
3T,AR_SW_VF_yshaarj_nzoth_yogg_4013301316321261_IN_IV_ME,44059,33.17%,
3T,AR_SP_VF_yshaarj_yogg_cthun_1972332790669293_IN_AM_ME,44055,33.16%,
3T,AR_SW_VF_yshaarj_nzoth_yogg_4013302390054893_IN_IV_ME,44054,33.16%,
3T,AR_EC_VF_nzoth_yogg_cthun_3169159787438061_Mis_IV_DR_DS,44054,33.16%,
3T,AR_SP_VF_nzoth_yogg_cthun_3132859864178669_Mis_AM_DR,44054,33.16%,
3T,AR_EC_VF_yshaarj_yogg_cthun_1971233346150381_IN_IV_DR,44052,33.15%,
3T,AR_SW_VF_yshaarj_nzoth_yogg_4013438688681965_IN_AM_ME,44052,33.15%,
3T,AR_SW_VF_nzoth_yogg_cthun_3132858790445037_Mis_AM_ME,44051,33.15%,
3T,AR_SP_VF_yshaarj_nzoth_yogg_4014409417875437_IN_AM_DR_DS,44049,33.14%,
3T,AR_SP_VF_yshaarj_nzoth_yogg_4013851005026285_IN_IV_ME,44049,33.14%,
3T,AR_SW_VF_yshaarj_nzoth_yogg_4013851005542381_IN_AM_ME,44049,33.14%,
3T,AR_SP_VF_nzoth_yogg_cthun_3132867313786861_Mis_AM_ME,44046,33.13%,
3T,AR_SW_VF_yshaarj_nzoth_yogg_4014409417875437_IN_AM_DR_DS,44043,33.12%,
3T,AR_EC_VF_yshaarj_nzoth_yogg_4013318429081581_IN_IV_DR_DS,44043,33.12%,
3T,AR_EC_VF_yshaarj_nzoth_yogg_4013438688165869_IN_AM_DR,44041,33.12%,
3T,AR_SW_VF_yshaarj_nzoth_yogg_4013302323470317_IN_AM_DR,44041,33.12%,
3T,AR_SW_VF_yshaarj_nzoth_yogg_4013438688165869_IN_IV_ME,44035,33.10%,
3T,AR_SP_VF_yshaarj_nzoth_yogg_4013301249736685_IN_IV_DR,44034,33.10%,
3T,AR_SW_VF_yshaarj_nzoth_yogg_4013318429597677_IN_IV_DR_DS,44032,33.09%,
3T,AR_SW_VF_yshaarj_nzoth_yogg_4013302322954221_IN_IV_DR,44031,33.09%,
3T,AR_EC_VF_yshaarj_nzoth_yogg_4013438755266541_Mis_IV_ME,44027,33.08%,
3T,AR_SP_VF_nzoth_yogg_cthun_3169159787438061_IN_AM_DR_DS,44026,33.07%,
3T,AR_SW_VF_nzoth_yogg_cthun_3132875903721453_Mis_AM_ME_DS,44025,33.07%,
3T,AR_SP_VF_nzoth_yogg_cthun_3132875903205357_Mis_IV_ME_DS,44024,33.07%,
3T,AR_EC_VF_yshaarj_nzoth_yogg_4013301584748525_Mis_IV_DR,44024,33.07%,
3T,AR_EC_VF_yshaarj_yogg_cthun_1973432302297069_IN_IV_ME,44023,33.06%,
3T,AR_SW_VF_nzoth_yogg_cthun_3169151264088045_Mis_IV_ME,44023,33.06%,
3T,AR_SW_VF_yshaarj_nzoth_yogg_4013301316837357_IN_AM_DR,44022,33.06%,
3T,AR_EC_VF_nzoth_yogg_cthun_3169151264088045_Mis_AM_ME,44021,33.06%,
3T,AR_EC_VF_yshaarj_yogg_cthun_2043251357245421_IN_AM_DR,44018,33.05%,
3T,AR_SP_VF_yshaarj_nzoth_yogg_4013302390054893_IN_IV_ME,44018,33.05%,
3T,AR_SW_VF_yshaarj_nzoth_yogg_4013438688165869_IN_IV_DR,44016,33.04%,
3T,AR_EC_VF_nzoth_yogg_cthun_3169159786921965_IN_AM_ME_DS,44014,33.04%,
3T,AR_EC_VF_yshaarj_yogg_cthun_2043251290660845_IN_IV_ME,44009,33.02%,
3T,AR_EC_VF_yshaarj_yogg_cthun_1971233614061549_IN_IV_DR,44005,33.01%,
3T,AR_EC_VF_yshaarj_nzoth_yogg_4013302323470317_Mis_IV_DR,44003,33.01%,
3T,AR_SP_VF_yshaarj_nzoth_yogg_4013302322954221_IN_IV_DR,44001,33.00%,
3T,AR_SP_VF_yshaarj_nzoth_yogg_4013851005542381_IN_AM_DR,43999,32.99%,
3T,AR_SW_VF_nzoth_yogg_cthun_3169159786921965_IN_IV_ME_DS,43997,32.99%,
3T,AR_SP_VF_yshaarj_nzoth_yogg_4013301316321261_IN_IV_ME,43996,32.98%,
3T,AR_SP_VF_yshaarj_nzoth_yogg_4013851072126957_IN_AM_DR,43995,32.98%,
3T,AR_EC_VF_yshaarj_nzoth_yogg_3977567188410349_Mis_AM_DR,43994,32.98%,
3T,AR_SW_VF_yshaarj_nzoth_yogg_4013576194220013_Mis_IV_DR,43994,32.98%,
3T,AR_EC_VF_yshaarj_nzoth_yogg_4014400827940845_Mis_AM_ME,43990,32.96%,
3T,AR_SP_VF_yshaarj_nzoth_yogg_4013438688681965_IN_AM_ME,43987,32.96%,
3T,AR_EC_VF_yshaarj_nzoth_yogg_4013851005542381_Mis_IV_DR,43982,32.94%,
3T,AR_SW_VF_yshaarj_nzoth_yogg_4014400827940845_Mis_IV_ME,43982,32.94%,
3T,AR_SW_VF_yshaarj_nzoth_yogg_4013576127635437_Mis_IV_DR,43980,32.94%,
3T,AR_SP_VF_yshaarj_nzoth_yogg_3977567121825773_Mis_AM_ME,43978,32.93%,
3T,AR_SP_VF_yshaarj_nzoth_yogg_3977567121309677_Mis_IV_DR,43977,32.92%,
3T,AR_SW_VF_nzoth_yogg_cthun_3132858723860461_Mis_AM_DR,43977,32.92%,
3T,AR_EC_VF_yshaarj_nzoth_yogg_4013302322954221_IN_AM_DR,43974,32.92%,
3T,AR_EC_VF_yshaarj_yogg_cthun_1971234352783341_IN_IV_DR,43973,32.91%,
3T,AR_EC_VF_yshaarj_nzoth_yogg_4013576127119341_Mis_IV_DR,43972,32.91%,
3T,AR_EC_VF_yshaarj_nzoth_yogg_4013318496182253_IN_IV_ME_DS,43969,32.90%,
3T,AR_SW_VF_nzoth_yogg_cthun_3132875903205357_Mis_IV_ME_DS,43966,32.89%,
3T,AR_EC_VF_yshaarj_yogg_cthun_1973432302297069_IN_AM_DR,43965,32.89%,
3T,AR_EC_VF_yshaarj_nzoth_yogg_4013310174683117_IN_IV_DR_DS,43965,32.89%,
3T,AR_EC_VF_yshaarj_nzoth_yogg_4013584717570029_IN_AM_DR_DS,43963,32.88%,
3T,AR_SW_VF_yshaarj_yogg_cthun_1973432302297069_IN_IV_DR,43963,32.88%,
3T,AR_SW_VF_yshaarj_nzoth_yogg_4013851005026285_IN_IV_ME,43961,32.88%,
3T,AR_EC_VF_nzoth_yogg_cthun_3169159787438061_Mis_IV_ME_DS,43960,32.88%,
3T,AR_SP_VF_yshaarj_yogg_cthun_1972332790669293_IN_AM_DR,43957,32.87%,
3T,AR_EC_VF_nzoth_yogg_cthun_3169151264088045_Mis_AM_DR,43956,32.86%,
3T,AR_EC_VF_yshaarj_nzoth_yogg_4013851072126957_Mis_IV_ME,43956,32.86%,
3T,AR_SW_VF_yshaarj_nzoth_yogg_4013301249736685_IN_IV_ME,43953,32.85%,
3T,AR_SW_VF_yshaarj_nzoth_yogg_4013576127119341_IN_AM_ME,43948,32.84%,
3T,AR_SW_VF_nzoth_yogg_cthun_3132867313270765_Mis_AM_ME,43945,32.83%,
3T,AR_EC_VF_yshaarj_nzoth_yogg_4013438688165869_IN_AM_ME,43942,32.82%,
3T,AR_EC_VF_yshaarj_nzoth_yogg_4013318429597677_IN_AM_DR_DS,43941,32.82%,
3T,AR_EC_VF_yshaarj_nzoth_yogg_4013301316321261_IN_AM_DR,43939,32.81%,
3T,AR_EC_VF_yshaarj_yogg_cthun_2043251357245421_IN_IV_ME,43938,32.81%,
3T,AR_SP_VF_yshaarj_yogg_cthun_2043251357245421_IN_IV_DR,43936,32.80%,
3T,AR_EC_VF_yshaarj_yogg_cthun_1972332790669293_Mis_IV_ME,43934,32.80%,
3T,AR_SW_VF_nzoth_yogg_cthun_3132859797077997_Mis_AM_DR,43930,32.78%,
3T,AR_EC_VF_yshaarj_nzoth_yogg_4013310979989485_IN_IV_DR_DS,43930,32.78%,
3T,AR_EC_VF_yshaarj_nzoth_yogg_4013576127635437_Mis_AM_DR,43924,32.76%,
3T,AR_EC_VF_nzoth_yogg_cthun_3132858790445037_Mis_AM_DR,43921,32.76%,
3T,AR_SP_VF_yshaarj_nzoth_yogg_4013584784154605_IN_IV_DR_DS,43918,32.75%,
3T,AR_SW_VF_yshaarj_nzoth_yogg_4013584717570029_IN_IV_DR_DS,43917,32.74%,
3T,AR_SP_VF_nzoth_yogg_cthun_3169151264088045_Mis_IV_ME,43916,32.74%,
3T,AR_SP_VF_yshaarj_nzoth_yogg_4013438755266541_Mis_IV_DR,43913,32.73%,
3T,AR_EC_VF_nzoth_yogg_cthun_3132875970306029_Mis_AM_ME_DS,43912,32.73%,
3T,AR_EC_VF_yshaarj_nzoth_yogg_4013576127635437_Mis_AM_ME,43910,32.72%,
3T,AR_SW_VF_yshaarj_nzoth_yogg_4013584717570029_IN_IV_ME_DS,43910,32.72%,
3T,AR_EC_VF_yshaarj_nzoth_yogg_4013318496182253_IN_AM_DR_DS,43909,32.72%,
3T,AR_SP_VF_yshaarj_yogg_cthun_1972332857253869_IN_AM_DR,43906,32.71%,
3T,AR_SP_VF_nzoth_yogg_cthun_3132859797077997_Mis_AM_ME,43898,32.69%,
3T,AR_EC_VF_yshaarj_yogg_cthun_1972332790153197_IN_AM_ME,43897,32.68%,
3T,AR_SP_VF_nzoth_yogg_cthun_3169159854022637_IN_AM_DR_DS,43893,32.67%,
3T,AR_SW_VF_nzoth_yogg_cthun_3169159854022637_IN_AM_ME_DS,43890,32.66%,
3T,AR_EC_VF_yshaarj_nzoth_yogg_3977567121309677_Mis_AM_ME,43888,32.66%,
3T,AR_SP_VF_yshaarj_nzoth_yogg_4014409417875437_IN_AM_ME_DS,43887,32.65%,
3T,AR_EC_VF_yshaarj_nzoth_yogg_4013318429081581_IN_IV_ME_DS,43885,32.65%,
3T,AR_EC_VF_yshaarj_nzoth_yogg_4013301316837357_Mis_IV_DR,43885,32.65%,
3T,AR_EC_VF_yshaarj_nzoth_yogg_3977567121309677_Mis_AM_DR,43883,32.64%,
3T,AR_SP_VF_yshaarj_nzoth_yogg_4013318429597677_IN_IV_ME_DS,43883,32.64%,
3T,AR_SP_VF_nzoth_yogg_cthun_3132875903721453_Mis_AM_ME_DS,43880,32.63%,
3T,AR_SW_VF_nzoth_yogg_cthun_3132996162289645_Mis_AM_DR,43877,32.62%,
3T,AR_SW_VF_yshaarj_nzoth_yogg_4013438755266541_IN_AM_DR,43876,32.62%,
3T,AR_EC_VF_yshaarj_yogg_cthun_1972332790669293_Mis_IV_DR,43876,32.62%,
3T,AR_EC_VF_yshaarj_yogg_cthun_1971370717478893_IN_IV_DR,43874,32.61%,
3T,AR_SW_VF_yshaarj_nzoth_yogg_4013301316321261_IN_IV_DR,43870,32.60%,
3T,AR_SW_VF_yshaarj_nzoth_yogg_4014400827940845_Mis_IV_DR,43866,32.59%,
3T,AR_SW_VF_yshaarj_yogg_cthun_1971370717994989_IN_IV_DR,43866,32.59%,
3T,AR_SW_VF_yshaarj_nzoth_yogg_3977567121309677_Mis_IV_DR,43864,32.59%,
3T,AR_SW_VF_nzoth_yogg_cthun_3132867380371437_Mis_AM_DR,43864,32.58%,
3T,AR_SP_VF_yshaarj_nzoth_yogg_4013851005026285_IN_AM_DR,43859,32.57%,
3T,AR_EC_VF_nzoth_yogg_cthun_3132875903721453_Mis_AM_DR_DS,43856,32.56%,
3T,AR_SP_VF_nzoth_yogg_cthun_3132859797077997_Mis_AM_DR,43856,32.56%,
3T,AR_SW_VF_yshaarj_nzoth_yogg_4014400761356269_Mis_AM_DR,43854,32.55%,
3T,AR_EC_VF_yshaarj_nzoth_yogg_4013310913404909_IN_IV_DR_DS,43853,32.55%,
3T,AR_SP_VF_yshaarj_nzoth_yogg_4013438755266541_IN_AM_DR,43852,32.55%,
3T,AR_EC_VF_yshaarj_nzoth_yogg_4013576194220013_Mis_AM_DR,43852,32.55%,
3T,AR_SW_VF_yshaarj_nzoth_yogg_4013301584748525_IN_IV_ME,43851,32.55%,
3T,AR_EC_VF_yshaarj_nzoth_yogg_4013301316837357_Mis_IV_ME,43851,32.54%,
3T,AR_SP_VF_nzoth_yogg_cthun_3132867380371437_Mis_AM_ME,43849,32.54%,
3T,AR_SP_VF_nzoth_yogg_cthun_3169151196987373_Mis_IV_DR,43848,32.54%,
3T,AR_EC_VF_yshaarj_nzoth_yogg_4013447278616557_IN_IV_ME_DS,43845,32.53%,
3T,AR_SW_VF_yshaarj_nzoth_yogg_4013576127635437_Mis_IV_ME,43844,32.52%,
3T,AR_SW_VF_yshaarj_nzoth_yogg_3977567121825773_Mis_AM_DR,43844,32.52%,
3T,AR_SP_VF_yshaarj_nzoth_yogg_4013576127635437_Mis_IV_DR,43841,32.51%,
3T,AR_EC_VF_yshaarj_nzoth_yogg_4013301584748525_Mis_IV_ME,43836,32.50%,
3T,AR_EC_VF_yshaarj_nzoth_yogg_4013438755266541_Mis_AM_DR,43835,32.50%,
3T,AR_EC_VF_yshaarj_nzoth_yogg_4013584784154605_IN_AM_DR_DS,43834,32.49%,
3T,AR_SP_VF_yshaarj_nzoth_yogg_4013318496182253_IN_IV_DR_DS,43831,32.48%,
3T,AR_SW_VF_yshaarj_nzoth_yogg_4013584784154605_IN_IV_DR_DS,43826,32.47%,
3T,AR_SP_VF_yshaarj_nzoth_yogg_4013576194220013_IN_AM_ME,43821,32.45%,
3T,AR_EC_VF_yshaarj_yogg_cthun_1971370717994989_IN_AM_DR,43819,32.45%,
3T,AR_SW_VF_yshaarj_yogg_cthun_2043251290144749_IN_IV_DR,43818,32.44%,
3T,AR_SP_VF_yshaarj_nzoth_yogg_4013309906771949_IN_IV_DR_DS,43812,32.43%,
3T,AR_EC_VF_yshaarj_nzoth_yogg_4013301249736685_IN_AM_ME,43811,32.42%,
3T,AR_SP_VF_yshaarj_nzoth_yogg_4013438688681965_Mis_IV_DR,43804,32.40%,
3T,AR_EC_VF_yshaarj_nzoth_yogg_4013302323470317_Mis_IV_ME,43800,32.39%,
3T,AR_EC_VF_yshaarj_nzoth_yogg_4013851005542381_Mis_IV_ME,43793,32.37%,
3T,AR_SP_VF_yshaarj_nzoth_yogg_4013851072126957_IN_AM_ME,43790,32.36%,
3T,AR_EC_VF_yshaarj_nzoth_yogg_4013584717570029_IN_AM_ME_DS,43790,32.36%,
3T,AR_EC_VF_yshaarj_nzoth_yogg_4013438688681965_Mis_AM_ME,43789,32.36%,
3T,AR_SW_VF_yshaarj_nzoth_yogg_4013851072126957_IN_AM_DR,43788,32.36%,
3T,AR_EC_VF_yshaarj_nzoth_yogg_4013447345201133_IN_IV_ME_DS,43787,32.35%,
3T,AR_SP_VF_yshaarj_nzoth_yogg_4013447278616557_IN_IV_DR_DS,43787,32.35%,
3T,AR_SP_VF_nzoth_yogg_cthun_3132858723860461_Mis_AM_DR,43785,32.35%,
3T,AR_EC_VF_yshaarj_yogg_cthun_1971234419367917_IN_IV_DR,43783,32.34%,
3T,AR_SP_VF_yshaarj_yogg_cthun_1973432301780973_IN_IV_DR,43780,32.33%,
3T,AR_SP_VF_nzoth_yogg_cthun_3132858790445037_Mis_AM_ME,43777,32.32%,
3T,AR_EC_VF_yshaarj_nzoth_yogg_4013302322954221_IN_AM_ME,43776,32.32%,
3T,AR_SW_VF_yshaarj_nzoth_yogg_4013438688681965_Mis_IV_DR,43773,32.31%,
3T,AR_SW_VF_nzoth_yogg_cthun_3169159854022637_Mis_IV_DR_DS,43773,32.31%,
3T,AR_EC_VF_yshaarj_nzoth_yogg_4013438688165869_Mis_IV_DR,43772,32.31%,
3T,AR_EC_VF_yshaarj_yogg_cthun_1988688092717037_IN_IV_DR,43772,32.31%,
3T,AR_SP_VF_yshaarj_nzoth_yogg_4013301584748525_IN_AM_DR,43767,32.29%,
3T,AR_EC_VF_yshaarj_nzoth_yogg_4013309839671277_IN_IV_DR_DS,43764,32.28%,
3T,AR_EC_VF_nzoth_yogg_cthun_3169151197503469_Mis_AM_ME,43762,32.28%,
3T,AR_EC_VF_yshaarj_yogg_cthun_2043251290144749_IN_AM_DR,43761,32.27%,
3T,AR_SW_VF_yshaarj_nzoth_yogg_4013438755266541_IN_AM_ME,43758,32.26%,
3T,AR_SP_VF_nzoth_yogg_cthun_3132996162289645_Mis_AM_DR,43758,32.26%,
3T,AR_SP_VF_yshaarj_yogg_cthun_1972332857253869_IN_AM_ME,43757,32.26%,
3T,AR_SW_VF_nzoth_yogg_cthun_3169151197503469_Mis_AM_ME,43757,32.26%,
3T,AR_SP_VF_yshaarj_nzoth_yogg_4013584717570029_IN_IV_ME_DS,43750,32.24%,
3T,AR_SP_VF_yshaarj_nzoth_yogg_4013851005542381_IN_AM_ME,43750,32.24%,
3T,AR_EC_VF_yshaarj_nzoth_yogg_4014409351290861_Mis_IV_DR_DS,43748,32.23%,
3T,AR_EC_VF_nzoth_yogg_cthun_3169159854022637_Mis_IV_ME_DS,43746,32.23%,
3T,AR_SW_VF_yshaarj_nzoth_yogg_4013438688165869_IN_AM_DR,43746,32.23%,
3T,AR_SP_VF_yshaarj_nzoth_yogg_4013576194220013_Mis_IV_ME,43746,32.23%,
3T,AR_SP_VF_nzoth_yogg_cthun_3132867380371437_Mis_AM_DR,43745,32.22%,
3T,AR_EC_VF_yshaarj_nzoth_yogg_4014409351290861_Mis_IV_ME_DS,43743,32.22%,
3T,AR_EC_VF_yshaarj_nzoth_yogg_4013302390054893_Mis_IV_ME,43742,32.22%,
3T,AR_SW_VF_nzoth_yogg_cthun_3169159787438061_Mis_IV_DR_DS,43741,32.21%,
3T,AR_EC_VF_yshaarj_nzoth_yogg_4013851005026285_Mis_IV_DR,43738,32.20%,
3T,AR_EC_VF_yshaarj_nzoth_yogg_4013447278100461_IN_IV_DR_DS,43736,32.20%,
3T,AR_SP_VF_nzoth_yogg_cthun_3169159787438061_IN_AM_ME_DS,43735,32.19%,
3T,AR_SP_VF_yshaarj_nzoth_yogg_4013576127119341_IN_AM_DR,43735,32.19%,
3T,AR_EC_VF_yshaarj_nzoth_yogg_4013576127119341_Mis_IV_ME,43734,32.19%,
3T,AR_SW_VF_yshaarj_nzoth_yogg_4013576194220013_Mis_IV_ME,43734,32.19%,
3T,AR_SP_VF_yshaarj_yogg_cthun_1971370717994989_IN_IV_DR,43732,32.19%,
3T,AR_EC_VF_yshaarj_yogg_cthun_1973432368881645_IN_IV_ME,43727,32.17%,
3T,AR_EC_VF_yshaarj_yogg_cthun_1973432368881645_IN_AM_DR,43726,32.17%,
3T,AR_SW_VF_yshaarj_nzoth_yogg_4014409417875437_IN_AM_ME_DS,43726,32.17%,
3T,AR_EC_VF_yshaarj_nzoth_yogg_4013584717053933_IN_IV_ME_DS,43722,32.15%,
3T,AR_EC_VF_nzoth_yogg_cthun_3169159786921965_Mis_IV_ME_DS,43721,32.15%,
3T,AR_SW_VF_yshaarj_nzoth_yogg_3977567188410349_Mis_AM_ME,43720,32.15%,
3T,AR_SP_VF_yshaarj_nzoth_yogg_4013301316837357_Mis_IV_DR,43715,32.13%,
3T,AR_SW_VF_nzoth_yogg_cthun_3169151196987373_Mis_IV_ME,43713,32.13%,
3T,AR_EC_VF_nzoth_yogg_cthun_3169159786921965_Mis_IV_DR_DS,43712,32.12%,
3T,AR_SW_VF_nzoth_yogg_cthun_3169151197503469_Mis_AM_DR,43709,32.12%,
3T,AR_SP_VF_yshaarj_nzoth_yogg_4013318429081581_IN_IV_DR_DS,43705,32.10%,
3T,AR_SW_VF_nzoth_yogg_cthun_3132875903721453_Mis_AM_DR_DS,43705,32.10%,
3T,AR_EC_VF_yshaarj_nzoth_yogg_4013309906771949_IN_AM_DR_DS,43700,32.09%,
3T,AR_SW_VF_yshaarj_nzoth_yogg_4013447278616557_IN_IV_DR_DS,43697,32.08%,
3T,AR_SW_VF_yshaarj_yogg_cthun_2043251290660845_IN_AM_DR,43695,32.07%,
3T,AR_EC_VF_nzoth_yogg_cthun_3132875970306029_Mis_AM_DR_DS,43694,32.07%,
3T,AR_SW_VF_nzoth_yogg_cthun_3169159786921965_IN_AM_DR_DS,43692,32.06%,
3T,AR_SP_VF_yshaarj_nzoth_yogg_4014409350774765_IN_AM_DR_DS,43687,32.05%,
3T,AR_EC_VF_yshaarj_yogg_cthun_2043251290660845_IN_AM_ME,43684,32.04%,
3T,AR_SW_VF_nzoth_yogg_cthun_3169151196987373_Mis_IV_DR,43683,32.04%,
3T,AR_EC_VF_yshaarj_yogg_cthun_1971370717994989_IN_IV_ME,43683,32.04%,
3T,AR_SW_VF_nzoth_yogg_cthun_3132875903205357_Mis_IV_DR_DS,43682,32.03%,
3T,AR_SP_VF_nzoth_yogg_cthun_3150313470427117_Mis_AM_ME,43681,32.03%,
3T,AR_SP_VF_yshaarj_nzoth_yogg_4013584717053933_IN_IV_DR_DS,43679,32.02%,
3T,AR_SW_VF_yshaarj_yogg_cthun_1973432302297069_IN_AM_DR,43679,32.02%,
3T,AR_EC_VF_yshaarj_nzoth_yogg_4013576194220013_Mis_AM_ME,43678,32.02%,
3T,AR_SP_VF_yshaarj_nzoth_yogg_4013438755266541_Mis_IV_ME,43677,32.02%,
3T,AR_SW_VF_yshaarj_nzoth_yogg_4013438688681965_Mis_IV_ME,43676,32.02%,
3T,AR_SP_VF_nzoth_yogg_cthun_3169159854022637_Mis_IV_DR_DS,43675,32.01%,
3T,AR_SW_VF_yshaarj_nzoth_yogg_4013301584748525_IN_AM_DR,43674,32.01%,
3T,AR_SW_VF_yshaarj_yogg_cthun_1972332857253869_IN_AM_ME,43674,32.01%,
3T,AR_SP_VF_yshaarj_nzoth_yogg_4013301316837357_IN_AM_DR,43673,32.01%,
3T,AR_SW_VF_yshaarj_nzoth_yogg_4013302322954221_IN_IV_ME,43671,32.00%,
3T,AR_EC_VF_yshaarj_nzoth_yogg_4013447278616557_IN_AM_ME_DS,43669,31.99%,
3T,AR_EC_VF_nzoth_yogg_cthun_3132867313270765_Mis_AM_DR,43667,31.99%,
3T,AR_EC_VF_yshaarj_nzoth_yogg_4013310912888813_IN_IV_DR_DS,43666,31.99%,
3T,AR_EC_VF_yshaarj_nzoth_yogg_4013310174683117_IN_IV_ME_DS,43663,31.98%,
3T,AR_SP_VF_yshaarj_nzoth_yogg_4013576194220013_Mis_IV_DR,43663,31.98%,
3T,AR_SP_VF_yshaarj_nzoth_yogg_4013310174683117_IN_IV_DR_DS,43663,31.98%,
3T,AR_SW_VF_nzoth_yogg_cthun_3169159787438061_Mis_IV_ME_DS,43660,31.97%,
3T,AR_EC_VF_yshaarj_yogg_cthun_1971233345634285_IN_IV_DR,43659,31.96%,
3T,AR_EC_VF_yshaarj_nzoth_yogg_4013302390054893_Mis_IV_DR,43656,31.95%,
3T,AR_SW_VF_yshaarj_yogg_cthun_1973432368881645_IN_IV_DR,43656,31.95%,
3T,AR_EC_VF_yshaarj_nzoth_yogg_4013438688165869_Mis_IV_ME,43653,31.95%,
3T,AR_SP_VF_yshaarj_nzoth_yogg_4013302390054893_IN_AM_DR,43648,31.93%,
3T,AR_EC_VF_yshaarj_yogg_cthun_1973432368881645_Mis_IV_DR,43648,31.93%,
3T,AR_SP_VF_yshaarj_nzoth_yogg_4013302322954221_IN_IV_ME,43647,31.93%,
3T,AR_SP_VF_yshaarj_nzoth_yogg_4013584784154605_IN_IV_ME_DS,43647,31.93%,
3T,AR_EC_VF_yshaarj_yogg_cthun_2043251290660845_Mis_IV_DR,43647,31.93%,
3T,AR_EC_VF_yshaarj_nzoth_yogg_4013851005542381_Mis_AM_DR,43644,31.92%,
3T,AR_SW_VF_nzoth_yogg_cthun_3150313470427117_Mis_AM_DR,43643,31.91%,
3T,AR_SW_VF_yshaarj_nzoth_yogg_4013310174683117_IN_IV_DR_DS,43641,31.91%,
3T,AR_SW_VF_yshaarj_nzoth_yogg_4013851072126957_IN_AM_ME,43641,31.91%,
3T,AR_EC_VF_yshaarj_yogg_cthun_2043251357245421_Mis_IV_DR,43636,31.89%,
3T,AR_EC_VF_yshaarj_nzoth_yogg_4013301316321261_IN_AM_ME,43636,31.89%,
3T,AR_SP_VF_yshaarj_nzoth_yogg_3977567121825773_Mis_AM_DR,43632,31.88%,
3T,AR_SW_VF_nzoth_yogg_cthun_3150313470427117_Mis_AM_ME,43629,31.87%,
3T,AR_SW_VF_yshaarj_nzoth_yogg_4013301316837357_IN_AM_ME,43628,31.87%,
3T,AR_SP_VF_nzoth_yogg_cthun_3169159786921965_IN_AM_DR_DS,43627,31.87%,
3T,AR_SW_VF_yshaarj_nzoth_yogg_4013584717570029_IN_AM_DR_DS,43626,31.86%,
3T,AR_SP_VF_nzoth_yogg_cthun_3169159787438061_Mis_IV_DR_DS,43624,31.86%,
3T,AR_SP_VF_yshaarj_nzoth_yogg_3977567188410349_Mis_AM_ME,43621,31.85%,
3T,AR_SP_VF_yshaarj_nzoth_yogg_4013576127119341_IN_AM_ME,43621,31.85%,
3T,AR_SP_VF_yshaarj_nzoth_yogg_4013301316837357_IN_AM_ME,43621,31.85%,
3T,AR_EC_VF_yshaarj_nzoth_yogg_4013447278616557_IN_AM_DR_DS,43618,31.84%,
3T,AR_SW_VF_yshaarj_yogg_cthun_1972332790153197_IN_AM_DR,43617,31.84%,
3T,AR_EC_VF_yshaarj_nzoth_yogg_4013301249736685_Mis_IV_DR,43617,31.84%,
3T,AR_EC_VF_yshaarj_nzoth_yogg_4013438688681965_Mis_AM_DR,43616,31.83%,
3T,AR_EC_VF_yshaarj_yogg_cthun_1988688026132461_IN_IV_DR,43614,31.83%,
3T,AR_SP_VF_nzoth_yogg_cthun_3132875903205357_Mis_IV_DR_DS,43609,31.81%,
3T,AR_EC_VF_yshaarj_nzoth_yogg_4013309906771949_IN_IV_ME_DS,43608,31.81%,
3T,AR_EC_VF_yshaarj_nzoth_yogg_4013309906255853_IN_IV_DR_DS,43607,31.81%,
3T,AR_SP_VF_nzoth_yogg_cthun_3150313470427117_Mis_AM_DR,43606,31.80%,
3T,AR_EC_VF_yshaarj_nzoth_yogg_4013301316321261_Mis_IV_DR,43602,31.79%,
3T,AR_EC_VF_yshaarj_nzoth_yogg_4014400760840173_Mis_AM_ME,43601,31.79%,
3T,AR_SP_VF_yshaarj_yogg_cthun_2043251290144749_IN_IV_DR,43601,31.79%,
3T,AR_EC_VF_yshaarj_nzoth_yogg_4013318429597677_IN_AM_ME_DS,43600,31.79%,
3T,AR_EC_VF_yshaarj_yogg_cthun_1971233279049709_IN_IV_DR,43599,31.78%,
3T,AR_SW_VF_yshaarj_nzoth_yogg_4014400761356269_Mis_AM_ME,43594,31.77%,
3T,AR_SP_VF_yshaarj_nzoth_yogg_4013438688681965_Mis_IV_ME,43594,31.77%,
3T,AR_SW_VF_yshaarj_nzoth_yogg_4013584784154605_IN_IV_ME_DS,43588,31.75%,
3T,AR_SP_VF_nzoth_yogg_cthun_3169159854022637_IN_AM_ME_DS,43585,31.74%,
3T,AR_EC_VF_yshaarj_nzoth_yogg_4013318496182253_IN_AM_ME_DS,43577,31.72%,
3T,AR_SP_VF_yshaarj_yogg_cthun_2043251290660845_IN_IV_ME,43576,31.71%,
3T,AR_EC_VF_yshaarj_yogg_cthun_1973432302297069_Mis_IV_DR,43574,31.71%,
3T,AR_EC_VF_yshaarj_nzoth_yogg_4013438755266541_Mis_AM_ME,43572,31.70%,
3T,AR_EC_VF_yshaarj_nzoth_yogg_4013309839671277_IN_IV_ME_DS,43564,31.68%,
3T,AR_SP_VF_nzoth_yogg_cthun_3132867313270765_Mis_AM_ME,43559,31.66%,
3T,AR_SP_VF_yshaarj_nzoth_yogg_4014400760840173_Mis_IV_DR,43559,31.66%,
3T,AR_SW_VF_nzoth_yogg_cthun_3132858790445037_Mis_AM_DR,43558,31.66%,
3T,AR_SW_VF_yshaarj_nzoth_yogg_4014409350774765_IN_AM_DR_DS,43553,31.65%,
3T,AR_EC_VF_nzoth_yogg_cthun_3132875903205357_Mis_AM_ME_DS,43551,31.64%,
3T,AR_EC_VF_yshaarj_yogg_cthun_1972332857253869_Mis_IV_DR,43551,31.64%,
3T,AR_EC_VF_yshaarj_yogg_cthun_1971370717994989_Mis_IV_DR,43550,31.63%,
3T,AR_SP_VF_yshaarj_nzoth_yogg_4013302323470317_IN_AM_DR,43548,31.63%,
3T,AR_SP_VF_nzoth_yogg_cthun_3169159787438061_Mis_IV_ME_DS,43548,31.63%,
3T,AR_SW_VF_yshaarj_nzoth_yogg_4013851005026285_IN_AM_DR,43546,31.62%,
3T,AR_SW_VF_yshaarj_yogg_cthun_1971370784579565_IN_IV_DR,43546,31.62%,
3T,AR_EC_VF_yshaarj_yogg_cthun_1988688092717037_IN_AM_DR,43540,31.60%,
3T,AR_EC_VF_yshaarj_yogg_cthun_1971250525495277_IN_IV_DR_DS,43539,31.60%,
3T,AR_EC_VF_yshaarj_nzoth_yogg_4013310174683117_IN_AM_DR_DS,43539,31.60%,
3T,AR_EC_VF_yshaarj_yogg_cthun_1971233279049709_IN_IV_ME,43538,31.60%,
3T,AR_EC_VF_yshaarj_yogg_cthun_2043259947180013_IN_IV_DR_DS,43537,31.59%,
3T,AR_SP_VF_nzoth_yogg_cthun_3132858790445037_Mis_AM_DR,43534,31.59%,
3T,AR_SW_VF_yshaarj_nzoth_yogg_4013302323470317_IN_AM_ME,43531,31.58%,
3T,AR_EC_VF_nzoth_yogg_cthun_3169151196987373_Mis_AM_ME,43527,31.56%,
3T,AR_SP_VF_yshaarj_nzoth_yogg_4013438755266541_IN_AM_ME,43526,31.56%,
3T,AR_SW_VF_yshaarj_nzoth_yogg_4013851005542381_Mis_IV_DR,43521,31.55%,
3T,AR_EC_VF_yshaarj_yogg_cthun_2043251290144749_IN_IV_ME,43520,31.55%,
3T,AR_EC_VF_nzoth_yogg_cthun_3169159787438061_Mis_AM_ME_DS,43516,31.53%,
3T,AR_SW_VF_yshaarj_nzoth_yogg_4014400827940845_Mis_AM_DR,43515,31.53%,
3T,AR_SW_VF_yshaarj_yogg_cthun_1971234352783341_IN_IV_DR,43511,31.52%,
3T,AR_EC_VF_yshaarj_nzoth_yogg_4013302323470317_Mis_AM_DR,43510,31.51%,
3T,AR_EC_VF_yshaarj_nzoth_yogg_4014400760840173_Mis_AM_DR,43509,31.51%,
3T,AR_SW_VF_yshaarj_nzoth_yogg_4014400760840173_Mis_IV_ME,43507,31.50%,
3T,AR_EC_VF_yshaarj_yogg_cthun_2043259880595437_IN_IV_DR_DS,43506,31.50%,
3T,AR_SP_VF_yshaarj_yogg_cthun_1972332790153197_IN_AM_ME,43506,31.50%,
3T,AR_SW_VF_yshaarj_yogg_cthun_1973432302297069_IN_IV_ME,43505,31.50%,
3T,AR_EC_VF_yshaarj_nzoth_yogg_4014409417875437_Mis_IV_DR_DS,43504,31.50%,
3T,AR_SW_VF_yshaarj_yogg_cthun_1971233346150381_IN_IV_DR,43503,31.49%,
3T,AR_SP_VF_yshaarj_nzoth_yogg_4014400760840173_Mis_IV_ME,43493,31.46%,
3T,AR_SP_VF_yshaarj_nzoth_yogg_4013447278616557_IN_IV_ME_DS,43491,31.46%,
3T,AR_EC_VF_yshaarj_yogg_cthun_1971233346150381_IN_AM_DR,43490,31.45%,
3T,AR_SP_VF_yshaarj_nzoth_yogg_4013447345201133_IN_IV_DR_DS,43489,31.45%,
3T,AR_SW_VF_nzoth_yogg_cthun_3132867313270765_Mis_AM_DR,43488,31.45%,
3T,AR_SW_VF_yshaarj_nzoth_yogg_4014400760840173_Mis_IV_DR,43487,31.44%,
3T,AR_SW_VF_yshaarj_nzoth_yogg_3977567188410349_Mis_AM_DR,43487,31.44%,
3T,AR_SW_VF_yshaarj_nzoth_yogg_4013851005026285_IN_AM_ME,43486,31.44%,
3T,AR_EC_VF_yshaarj_yogg_cthun_1971370784579565_IN_AM_DR,43485,31.44%,
3T,AR_EC_VF_yshaarj_nzoth_yogg_4013447345201133_IN_AM_DR_DS,43483,31.43%,
3T,AR_SP_VF_yshaarj_nzoth_yogg_4013310913404909_IN_IV_DR_DS,43483,31.43%,
3T,AR_SW_VF_yshaarj_yogg_cthun_2043251290660845_IN_IV_ME,43479,31.42%,
3T,AR_EC_VF_yshaarj_yogg_cthun_1972332857253869_Mis_IV_ME,43478,31.42%,
3T,AR_SW_VF_yshaarj_nzoth_yogg_4013301584748525_IN_AM_ME,43478,31.42%,
3T,AR_SW_VF_yshaarj_nzoth_yogg_4013318429597677_IN_IV_ME_DS,43478,31.42%,
3T,AR_EC_VF_yshaarj_nzoth_yogg_4013310913404909_IN_IV_ME_DS,43476,31.41%,
3T,AR_SW_VF_yshaarj_yogg_cthun_1972332790669293_Mis_IV_DR,43473,31.40%,
3T,AR_EC_VF_yshaarj_nzoth_yogg_4013309906771949_IN_AM_ME_DS,43472,31.40%,
3T,AR_SW_VF_yshaarj_nzoth_yogg_4013302323470317_Mis_IV_DR,43472,31.40%,
3T,AR_SW_VF_yshaarj_nzoth_yogg_4013584717053933_IN_IV_DR_DS,43472,31.40%,
3T,AR_SP_VF_yshaarj_nzoth_yogg_4013851005542381_Mis_IV_ME,43471,31.39%,
3T,AR_SP_VF_yshaarj_nzoth_yogg_4013301584748525_IN_AM_ME,43467,31.38%,
3T,AR_EC_VF_yshaarj_nzoth_yogg_4014409417875437_Mis_IV_ME_DS,43466,31.38%,
3T,AR_SP_VF_yshaarj_yogg_cthun_1971370784579565_IN_IV_DR,43464,31.38%,
3T,AR_EC_VF_nzoth_yogg_cthun_3169159854022637_Mis_AM_ME_DS,43464,31.37%,
3T,AR_SW_VF_yshaarj_nzoth_yogg_4013576127119341_Mis_IV_ME,43462,31.37%,
3T,AR_SW_VF_yshaarj_yogg_cthun_1973432301780973_IN_IV_DR,43462,31.37%,
3T,AR_SP_VF_nzoth_yogg_cthun_3169151196987373_Mis_IV_ME,43461,31.37%,
3T,AR_SP_VF_yshaarj_nzoth_yogg_4014400761356269_Mis_AM_ME,43460,31.36%,
3T,AR_SW_VF_yshaarj_yogg_cthun_2043251357245421_IN_AM_DR,43458,31.36%,
3T,AR_EC_VF_yshaarj_nzoth_yogg_4013584784154605_IN_AM_ME_DS,43458,31.36%,
3T,AR_SP_VF_yshaarj_nzoth_yogg_4013301249736685_IN_AM_DR,43458,31.36%,
3T,AR_SP_VF_yshaarj_nzoth_yogg_4013851005542381_Mis_IV_DR,43458,31.36%,
3T,AR_SP_VF_yshaarj_nzoth_yogg_4014400761356269_Mis_AM_DR,43455,31.35%,
3T,AR_SW_VF_yshaarj_nzoth_yogg_4013318496182253_IN_IV_DR_DS,43454,31.34%,
3T,AR_EC_VF_yshaarj_nzoth_yogg_4013851005026285_Mis_IV_ME,43453,31.34%,
3T,AR_SW_VF_yshaarj_yogg_cthun_1972332790153197_IN_AM_ME,43453,31.34%,
3T,AR_SP_VF_yshaarj_nzoth_yogg_4013576127119341_Mis_IV_DR,43453,31.34%,
3T,AR_EC_VF_yshaarj_nzoth_yogg_4013301316837357_Mis_AM_DR,43451,31.34%,
3T,AR_SP_VF_yshaarj_nzoth_yogg_4013447345201133_IN_IV_ME_DS,43448,31.33%,
3T,AR_SW_VF_yshaarj_nzoth_yogg_4013447345201133_IN_IV_DR_DS,43447,31.32%,
3T,AR_EC_VF_yshaarj_yogg_cthun_1971250458910701_IN_IV_DR_DS,43446,31.32%,
3T,AR_SW_VF_yshaarj_nzoth_yogg_4013301249736685_IN_AM_DR,43445,31.32%,
3T,AR_EC_VF_yshaarj_yogg_cthun_1971234352783341_IN_AM_DR,43443,31.31%,
3T,AR_SW_VF_nzoth_yogg_cthun_3169159786921965_IN_AM_ME_DS,43443,31.31%,
3T,AR_SP_VF_yshaarj_nzoth_yogg_4013318496182253_IN_IV_ME_DS,43441,31.31%,
3T,AR_SP_VF_yshaarj_nzoth_yogg_4013438688165869_Mis_IV_DR,43441,31.31%,
3T,AR_SP_VF_yshaarj_nzoth_yogg_4013584717570029_IN_AM_DR_DS,43438,31.30%,
3T,AR_SW_VF_nzoth_yogg_cthun_3169159854022637_Mis_IV_ME_DS,43438,31.30%,
3T,AR_SW_VF_yshaarj_nzoth_yogg_4013438755266541_Mis_IV_ME,43435,31.29%,
3T,AR_SP_VF_yshaarj_nzoth_yogg_4013302390054893_IN_AM_ME,43435,31.29%,
3T,AR_SW_VF_yshaarj_nzoth_yogg_4013301316837357_Mis_IV_ME,43432,31.28%,
3T,AR_SW_VF_yshaarj_nzoth_yogg_4014409350774765_IN_AM_ME_DS,43432,31.28%,
3T,AR_SP_VF_yshaarj_nzoth_yogg_3977567188410349_Mis_AM_DR,43431,31.27%,
3T,AR_SW_VF_yshaarj_nzoth_yogg_4013318429597677_IN_AM_DR_DS,43430,31.27%,
3T,AR_SP_VF_yshaarj_yogg_cthun_1971234352783341_IN_IV_DR,43429,31.27%,
3T,AR_EC_VF_yshaarj_nzoth_yogg_4013310913404909_IN_AM_DR_DS,43429,31.27%,
3T,AR_EC_VF_yshaarj_nzoth_yogg_4013447278100461_IN_IV_ME_DS,43425,31.26%,
3T,AR_EC_VF_yshaarj_yogg_cthun_1971370784579565_IN_IV_ME,43423,31.25%,
3T,AR_SW_VF_nzoth_yogg_cthun_3169151264088045_Mis_AM_ME,43422,31.25%,
3T,AR_SW_VF_yshaarj_nzoth_yogg_4013851005542381_Mis_IV_ME,43420,31.24%,
3T,AR_SW_VF_yshaarj_yogg_cthun_2043251357245421_IN_IV_ME,43419,31.24%,
3T,AR_EC_VF_yshaarj_nzoth_yogg_4013310979989485_IN_IV_ME_DS,43416,31.23%,
3T,AR_SW_VF_yshaarj_nzoth_yogg_4013438755266541_Mis_IV_DR,43414,31.22%,
3T,AR_SW_VF_yshaarj_nzoth_yogg_4014400827940845_Mis_AM_ME,43411,31.21%,
3T,AR_EC_VF_yshaarj_nzoth_yogg_4013310979989485_IN_AM_DR_DS,43410,31.21%,
3T,AR_EC_VF_yshaarj_yogg_cthun_2043251357245421_IN_AM_ME,43409,31.21%,
3T,AR_SP_VF_yshaarj_nzoth_yogg_4013851005026285_IN_AM_ME,43409,31.21%,
3T,AR_EC_VF_yshaarj_yogg_cthun_1971233346150381_IN_IV_ME,43409,31.21%,
3T,AR_EC_VF_nzoth_yogg_cthun_3169151196987373_Mis_AM_DR,43407,31.20%,
3T,AR_SW_VF_nzoth_yogg_cthun_3132875970306029_Mis_AM_DR_DS,43407,31.20%,
3T,AR_SW_VF_yshaarj_yogg_cthun_1988688026132461_IN_IV_DR,43407,31.20%,
3T,AR_EC_VF_yshaarj_yogg_cthun_1973432302297069_IN_AM_ME,43406,31.20%,
3T,AR_SP_VF_yshaarj_nzoth_yogg_4013584717053933_IN_IV_ME_DS,43400,31.18%,
3T,AR_EC_VF_yshaarj_yogg_cthun_1971233614061549_IN_AM_DR,43395,31.17%,
3T,AR_EC_VF_yshaarj_nzoth_yogg_4013851072126957_Mis_AM_DR,43394,31.16%,
3T,AR_EC_VF_yshaarj_yogg_cthun_1971370717994989_IN_AM_ME,43393,31.16%,
3T,AR_SP_VF_yshaarj_nzoth_yogg_4013301316837357_Mis_IV_ME,43389,31.15%,
3T,AR_EC_VF_yshaarj_yogg_cthun_1971370784579565_Mis_IV_DR,43389,31.15%,
3T,AR_SW_VF_yshaarj_nzoth_yogg_4013309906771949_IN_IV_DR_DS,43386,31.14%,
3T,AR_SP_VF_yshaarj_yogg_cthun_1973432302297069_IN_AM_DR,43381,31.12%,
3T,AR_SP_VF_yshaarj_nzoth_yogg_4014400827940845_Mis_AM_DR,43378,31.11%,
3T,AR_SP_VF_nzoth_yogg_cthun_3169159786921965_IN_AM_ME_DS,43375,31.11%,
3T,AR_SW_VF_yshaarj_nzoth_yogg_4013584784154605_IN_AM_DR_DS,43374,31.10%,
3T,AR_SW_VF_yshaarj_nzoth_yogg_4013576127119341_Mis_IV_DR,43374,31.10%,
3T,AR_EC_VF_yshaarj_yogg_cthun_1973432301780973_IN_AM_DR,43372,31.10%,
3T,AR_SW_VF_yshaarj_nzoth_yogg_4013851072126957_Mis_IV_DR,43371,31.09%,
3T,AR_SP_VF_nzoth_yogg_cthun_3169151197503469_Mis_AM_ME,43369,31.09%,
3T,AR_SW_VF_yshaarj_yogg_cthun_1971233614061549_IN_IV_DR,43366,31.08%,
3T,AR_SP_VF_yshaarj_yogg_cthun_1988688092717037_IN_IV_DR,43363,31.07%,
3T,AR_SW_VF_yshaarj_nzoth_yogg_4013318496182253_IN_IV_ME_DS,43359,31.06%,
3T,AR_SP_VF_yshaarj_nzoth_yogg_4014409350774765_IN_AM_ME_DS,43358,31.06%,
3T,AR_EC_VF_yshaarj_yogg_cthun_1971234352267245_IN_IV_DR,43357,31.05%,
3T,AR_SP_VF_yshaarj_yogg_cthun_1973432368881645_IN_AM_DR,43354,31.04%,
3T,AR_EC_VF_yshaarj_nzoth_yogg_4013301584748525_Mis_AM_ME,43350,31.03%,
3T,AR_SP_VF_yshaarj_nzoth_yogg_4013301584748525_Mis_IV_DR,43349,31.03%,
3T,AR_SP_VF_yshaarj_nzoth_yogg_4013851072126957_Mis_IV_DR,43348,31.02%,
3T,AR_SW_VF_nzoth_yogg_cthun_3132875970306029_Mis_AM_ME_DS,43346,31.02%,
3T,AR_SP_VF_nzoth_yogg_cthun_3132875970306029_Mis_AM_ME_DS,43345,31.01%,
3T,AR_EC_VF_yshaarj_yogg_cthun_1972332790153197_Mis_IV_DR,43340,31.00%,
3T,AR_SW_VF_yshaarj_nzoth_yogg_4013302322954221_IN_AM_DR,43340,31.00%,
3T,AR_SP_VF_nzoth_yogg_cthun_3169151264088045_Mis_AM_DR,43333,30.98%,
3T,AR_SW_VF_yshaarj_yogg_cthun_1971370717478893_IN_IV_DR,43332,30.98%,
3T,AR_SW_VF_yshaarj_nzoth_yogg_4013301316837357_Mis_IV_DR,43332,30.98%,
3T,AR_EC_VF_yshaarj_yogg_cthun_1971234352783341_IN_IV_ME,43327,30.96%,
3T,AR_SW_VF_yshaarj_nzoth_yogg_4013302390054893_IN_AM_ME,43325,30.95%,
3T,AR_SW_VF_nzoth_yogg_cthun_3169159787438061_Mis_AM_ME_DS,43323,30.95%,
3T,AR_EC_VF_yshaarj_nzoth_yogg_4013301249736685_Mis_IV_ME,43319,30.94%,
3T,AR_EC_VF_yshaarj_yogg_cthun_1971233614061549_IN_IV_ME,43316,30.93%,
3T,AR_SP_VF_yshaarj_yogg_cthun_1973432302297069_IN_IV_ME,43316,30.93%,
3T,AR_SP_VF_yshaarj_nzoth_yogg_4013301249736685_IN_AM_ME,43315,30.92%,
3T,AR_SW_VF_yshaarj_nzoth_yogg_4013318496182253_IN_AM_DR_DS,43315,30.92%,
3T,AR_SP_VF_yshaarj_nzoth_yogg_4013310979989485_IN_IV_DR_DS,43314,30.92%,
3T,AR_EC_VF_yshaarj_nzoth_yogg_4013318429081581_IN_AM_DR_DS,43314,30.92%,
3T,AR_SP_VF_yshaarj_yogg_cthun_1972332790669293_Mis_IV_ME,43313,30.92%,
3T,AR_SP_VF_yshaarj_nzoth_yogg_3977567121309677_Mis_AM_ME,43310,30.91%,
3T,AR_SP_VF_nzoth_yogg_cthun_3169151197503469_Mis_AM_DR,43309,30.91%,
3T,AR_EC_VF_yshaarj_nzoth_yogg_4013301584748525_Mis_AM_DR,43307,30.90%,
3T,AR_EC_VF_nzoth_yogg_cthun_3169159854022637_Mis_AM_DR_DS,43305,30.90%,
3T,AR_EC_VF_yshaarj_yogg_cthun_2043251290660845_Mis_IV_ME,43305,30.90%,
3T,AR_SW_VF_yshaarj_nzoth_yogg_4013318429081581_IN_IV_DR_DS,43299,30.87%,
3T,AR_SW_VF_nzoth_yogg_cthun_3169159786921965_Mis_IV_DR_DS,43297,30.87%,
3T,AR_EC_VF_yshaarj_yogg_cthun_1973432368881645_IN_AM_ME,43292,30.86%,
3T,AR_SP_VF_yshaarj_yogg_cthun_1971234419367917_IN_IV_DR,43291,30.85%,
3T,AR_EC_VF_yshaarj_nzoth_yogg_4013584784154605_Mis_IV_DR_DS,43290,30.85%,
3T,AR_SP_VF_yshaarj_nzoth_yogg_4013309839671277_IN_IV_DR_DS,43290,30.85%,
3T,AR_SP_VF_nzoth_yogg_cthun_3169159854022637_Mis_IV_ME_DS,43289,30.85%,
3T,AR_SW_VF_yshaarj_nzoth_yogg_4013438688165869_IN_AM_ME,43289,30.85%,
3T,AR_SW_VF_yshaarj_nzoth_yogg_4013310979989485_IN_IV_DR_DS,43288,30.84%,
3T,AR_EC_VF_yshaarj_yogg_cthun_1973432301780973_IN_IV_ME,43286,30.84%,
3T,AR_SW_VF_yshaarj_yogg_cthun_1971234419367917_IN_IV_DR,43286,30.84%,
3T,AR_SP_VF_yshaarj_yogg_cthun_1988688026132461_IN_IV_DR,43285,30.84%,
3T,AR_SW_VF_yshaarj_yogg_cthun_1972332857253869_Mis_IV_DR,43285,30.84%,
3T,AR_EC_VF_yshaarj_nzoth_yogg_4013584717053933_IN_AM_DR_DS,43284,30.83%,
3T,AR_EC_VF_yshaarj_yogg_cthun_1988688092717037_Mis_IV_DR,43279,30.82%,
3T,AR_EC_VF_yshaarj_nzoth_yogg_4013447345201133_IN_AM_ME_DS,43278,30.81%,
3T,AR_SW_VF_yshaarj_nzoth_yogg_4013576127635437_Mis_AM_DR,43278,30.81%,
3T,AR_EC_VF_yshaarj_nzoth_yogg_4013584717570029_Mis_IV_ME_DS,43274,30.80%,
3T,AR_SW_VF_yshaarj_nzoth_yogg_4013301249736685_IN_AM_ME,43272,30.79%,
3T,AR_EC_VF_yshaarj_yogg_cthun_1988688026132461_Mis_IV_DR,43271,30.79%,
3T,AR_EC_VF_yshaarj_nzoth_yogg_4013584717570029_Mis_IV_DR_DS,43265,30.77%,
3T,AR_SW_VF_yshaarj_nzoth_yogg_4013301584748525_Mis_IV_DR,43263,30.77%,
3T,AR_SW_VF_yshaarj_nzoth_yogg_4013584717053933_IN_IV_ME_DS,43261,30.76%,
3T,AR_EC_VF_yshaarj_nzoth_yogg_4013584717053933_IN_AM_ME_DS,43260,30.76%,
3T,AR_SW_VF_yshaarj_yogg_cthun_1971233279049709_IN_IV_DR,43257,30.75%,
3T,AR_SP_VF_yshaarj_nzoth_yogg_4013302323470317_IN_AM_ME,43253,30.74%,
3T,AR_SP_VF_yshaarj_nzoth_yogg_4014409351290861_Mis_IV_ME_DS,43252,30.73%,
3T,AR_SW_VF_yshaarj_nzoth_yogg_4013447278616557_IN_IV_ME_DS,43249,30.72%,
3T,AR_SW_VF_nzoth_yogg_cthun_3169151264088045_Mis_AM_DR,43244,30.71%,
3T,AR_EC_VF_yshaarj_nzoth_yogg_4013851005542381_Mis_AM_ME,43241,30.70%,
3T,AR_SW_VF_yshaarj_nzoth_yogg_4013438755266541_Mis_AM_DR,43241,30.70%,
3T,AR_SP_VF_nzoth_yogg_cthun_3169151264088045_Mis_AM_ME,43237,30.69%,
3T,AR_EC_VF_yshaarj_nzoth_yogg_4013301316321261_Mis_IV_ME,43237,30.69%,
3T,AR_SP_VF_yshaarj_nzoth_yogg_4013309906771949_IN_IV_ME_DS,43236,30.69%,
3T,AR_SP_VF_yshaarj_nzoth_yogg_4013447278100461_IN_IV_DR_DS,43235,30.68%,
3T,AR_SP_VF_yshaarj_nzoth_yogg_4013302390054893_Mis_IV_ME,43235,30.68%,
3T,AR_SP_VF_yshaarj_nzoth_yogg_4013301584748525_Mis_IV_ME,43234,30.68%,
3T,AR_EC_VF_yshaarj_nzoth_yogg_4013576127119341_Mis_AM_DR,43233,30.68%,
3T,AR_SP_VF_yshaarj_yogg_cthun_1973432368881645_IN_IV_ME,43233,30.68%,
3T,AR_SP_VF_nzoth_yogg_cthun_3132875903721453_Mis_AM_DR_DS,43231,30.67%,
3T,AR_SP_VF_yshaarj_yogg_cthun_2043251357245421_IN_IV_ME,43231,30.67%,
3T,AR_SP_VF_yshaarj_yogg_cthun_1971233346150381_IN_IV_DR,43229,30.66%,
3T,AR_SP_VF_yshaarj_nzoth_yogg_4014400827940845_Mis_AM_ME,43226,30.66%,
3T,AR_SW_VF_yshaarj_nzoth_yogg_4013576194220013_Mis_AM_DR,43223,30.65%,
3T,AR_EC_VF_yshaarj_nzoth_yogg_4013584784154605_Mis_IV_ME_DS,43221,30.64%,
3T,AR_EC_VF_yshaarj_yogg_cthun_1971370717478893_IN_IV_ME,43220,30.64%,
3T,AR_SP_VF_yshaarj_yogg_cthun_1972332790153197_IN_AM_DR,43218,30.63%,
3T,AR_SP_VF_yshaarj_yogg_cthun_2043251290660845_IN_AM_DR,43218,30.63%,
3T,AR_SP_VF_yshaarj_nzoth_yogg_4013438688165869_IN_AM_DR,43217,30.63%,
3T,AR_EC_VF_yshaarj_nzoth_yogg_4013318429081581_IN_AM_ME_DS,43217,30.63%,
3T,AR_SW_VF_yshaarj_nzoth_yogg_4013584717570029_IN_AM_ME_DS,43216,30.63%,
3T,AR_EC_VF_yshaarj_nzoth_yogg_4013851072126957_Mis_AM_ME,43216,30.62%,
3T,AR_SW_VF_yshaarj_yogg_cthun_2043251290144749_IN_IV_ME,43215,30.62%,
3T,AR_EC_VF_yshaarj_nzoth_yogg_4014409350774765_Mis_IV_ME_DS,43209,30.61%,
3T,AR_SP_VF_yshaarj_yogg_cthun_1971233614061549_IN_IV_DR,43203,30.59%,
3T,AR_EC_VF_yshaarj_nzoth_yogg_4013301316837357_Mis_AM_ME,43196,30.56%,
3T,AR_SP_VF_yshaarj_nzoth_yogg_4013576127119341_Mis_IV_ME,43194,30.56%,
3T,AR_SW_VF_yshaarj_yogg_cthun_1988688092717037_IN_IV_DR,43189,30.54%,
3T,AR_SP_VF_yshaarj_yogg_cthun_1972332790669293_Mis_IV_DR,43184,30.53%,
3T,AR_EC_VF_yshaarj_nzoth_yogg_4013438688165869_Mis_AM_ME,43184,30.53%,
3T,AR_SP_VF_yshaarj_nzoth_yogg_4013438688165869_IN_AM_ME,43181,30.52%,
3T,AR_EC_VF_yshaarj_yogg_cthun_1971233345634285_IN_IV_ME,43171,30.49%,
3T,AR_SP_VF_yshaarj_nzoth_yogg_4013584784154605_IN_AM_DR_DS,43168,30.48%,
3T,AR_SP_VF_nzoth_yogg_cthun_3132875970306029_Mis_AM_DR_DS,43168,30.48%,
3T,AR_EC_VF_yshaarj_nzoth_yogg_4013851005026285_Mis_AM_DR,43168,30.48%,
3T,AR_SP_VF_yshaarj_nzoth_yogg_4013302323470317_Mis_IV_DR,43166,30.47%,
3T,AR_EC_VF_yshaarj_nzoth_yogg_4013447345201133_Mis_IV_DR_DS,43166,30.47%,
3T,AR_SP_VF_yshaarj_nzoth_yogg_4013309906255853_IN_IV_DR_DS,43161,30.46%,
3T,AR_SP_VF_yshaarj_nzoth_yogg_4013851072126957_Mis_IV_ME,43160,30.46%,
3T,AR_SW_VF_yshaarj_yogg_cthun_1971234352267245_IN_IV_DR,43159,30.45%,
3T,AR_EC_VF_nzoth_yogg_cthun_3169159787438061_Mis_AM_DR_DS,43159,30.45%,
3T,AR_EC_VF_yshaarj_nzoth_yogg_4013447278100461_IN_AM_DR_DS,43158,30.45%,
3T,AR_EC_VF_yshaarj_yogg_cthun_1988688026132461_IN_IV_ME,43158,30.45%,
3T,AR_SW_VF_yshaarj_nzoth_yogg_4013301584748525_Mis_IV_ME,43157,30.45%,
3T,AR_SP_VF_yshaarj_nzoth_yogg_4013302323470317_Mis_IV_ME,43153,30.44%,
3T,AR_SP_VF_yshaarj_yogg_cthun_1971370784579565_Mis_IV_DR,43153,30.44%,
3T,AR_EC_VF_yshaarj_yogg_cthun_2043251357245421_Mis_IV_ME,43150,30.43%,
3T,AR_EC_VF_yshaarj_yogg_cthun_2043251290144749_Mis_IV_DR,43145,30.41%,
3T,AR_SP_VF_yshaarj_nzoth_yogg_4014409351290861_Mis_IV_DR_DS,43144,30.41%,
3T,AR_SW_VF_yshaarj_nzoth_yogg_4014409351290861_Mis_IV_ME_DS,43144,30.41%,
3T,AR_SP_VF_yshaarj_yogg_cthun_1972332857253869_Mis_IV_DR,43139,30.39%,
3T,AR_SW_VF_yshaarj_yogg_cthun_2043251290660845_Mis_IV_DR,43139,30.39%,
3T,AR_EC_VF_yshaarj_nzoth_yogg_4013576127119341_Mis_AM_ME,43137,30.39%,
3T,AR_EC_VF_yshaarj_yogg_cthun_1972332790669293_Mis_AM_DR,43136,30.38%,
3T,AR_SW_VF_nzoth_yogg_cthun_3169151196987373_Mis_AM_DR,43134,30.38%,
3T,AR_SP_VF_yshaarj_yogg_cthun_1971370717994989_IN_IV_ME,43133,30.37%,
3T,AR_EC_VF_yshaarj_yogg_cthun_1971370717478893_IN_AM_DR,43132,30.37%,
3T,AR_SP_VF_yshaarj_nzoth_yogg_4013302390054893_Mis_IV_DR,43126,30.35%,
3T,AR_EC_VF_yshaarj_nzoth_yogg_4013447278616557_Mis_IV_DR_DS,43122,30.34%,
3T,AR_SP_VF_yshaarj_nzoth_yogg_4013301316321261_IN_AM_ME,43121,30.34%,
3T,AR_SP_VF_yshaarj_nzoth_yogg_4013438755266541_Mis_AM_DR,43120,30.34%,
3T,AR_EC_VF_yshaarj_yogg_cthun_1988688025616365_IN_IV_DR,43120,30.33%,
3T,AR_EC_VF_yshaarj_nzoth_yogg_4013309906255853_IN_IV_ME_DS,43119,30.33%,
3T,AR_SP_VF_yshaarj_yogg_cthun_2043251290144749_IN_IV_ME,43117,30.32%,
3T,AR_SP_VF_yshaarj_yogg_cthun_1971233279049709_IN_IV_DR,43115,30.32%,
3T,AR_SP_VF_yshaarj_nzoth_yogg_4013301316321261_IN_AM_DR,43114,30.32%,
3T,AR_SW_VF_yshaarj_nzoth_yogg_4013310913404909_IN_IV_DR_DS,43114,30.32%,
3T,AR_EC_VF_yshaarj_yogg_cthun_1971370784579565_Mis_IV_ME,43108,30.30%,
3T,AR_SW_VF_yshaarj_nzoth_yogg_4013302323470317_Mis_IV_ME,43104,30.29%,
3T,AR_SP_VF_yshaarj_yogg_cthun_2043251357245421_IN_AM_DR,43104,30.29%,
3T,AR_SP_VF_nzoth_yogg_cthun_3132867313270765_Mis_AM_DR,43103,30.28%,
3T,AR_SW_VF_yshaarj_nzoth_yogg_3977567121309677_Mis_AM_ME,43101,30.28%,
3T,AR_SP_VF_yshaarj_nzoth_yogg_4013301249736685_Mis_IV_DR,43100,30.27%,
3T,AR_SP_VF_yshaarj_nzoth_yogg_4013447278100461_IN_IV_ME_DS,43098,30.27%,
3T,AR_SW_VF_yshaarj_nzoth_yogg_4013576127635437_Mis_AM_ME,43096,30.26%,
3T,AR_SW_VF_yshaarj_yogg_cthun_1973432368881645_IN_AM_DR,43093,30.25%,
3T,AR_SP_VF_yshaarj_yogg_cthun_2043251357245421_Mis_IV_DR,43092,30.25%,
3T,AR_SW_VF_yshaarj_nzoth_yogg_4013301316321261_IN_AM_DR,43090,30.25%,
3T,AR_SP_VF_yshaarj_nzoth_yogg_4013318429597677_IN_AM_DR_DS,43089,30.24%,
3T,AR_SW_VF_yshaarj_nzoth_yogg_3977567121309677_Mis_AM_DR,43087,30.24%,
3T,AR_SP_VF_yshaarj_nzoth_yogg_3977567121309677_Mis_AM_DR,43086,30.23%,
3T,AR_EC_VF_yshaarj_nzoth_yogg_4013302322954221_Mis_IV_DR,43085,30.23%,
3T,AR_EC_VF_yshaarj_nzoth_yogg_4013438688165869_Mis_AM_DR,43083,30.22%,
3T,AR_EC_VF_yshaarj_nzoth_yogg_4013318429597677_Mis_IV_DR_DS,43082,30.22%,
3T,AR_EC_VF_yshaarj_yogg_cthun_1971233346150381_IN_AM_ME,43080,30.22%,
3T,AR_EC_VF_yshaarj_yogg_cthun_1988688092717037_IN_IV_ME,43080,30.21%,
3T,AR_SW_VF_yshaarj_nzoth_yogg_4013309906771949_IN_IV_ME_DS,43080,30.21%,
3T,AR_SW_VF_yshaarj_yogg_cthun_1971370717994989_IN_AM_DR,43079,30.21%,
3T,AR_SW_VF_yshaarj_nzoth_yogg_4014409351290861_Mis_IV_DR_DS,43075,30.20%,
3T,AR_SP_VF_yshaarj_yogg_cthun_1971370717478893_IN_IV_DR,43070,30.18%,
3T,AR_SW_VF_yshaarj_yogg_cthun_2043251290144749_IN_AM_DR,43069,30.18%,
3T,AR_EC_VF_yshaarj_nzoth_yogg_4013318496182253_Mis_IV_DR_DS,43067,30.17%,
3T,AR_SW_VF_yshaarj_yogg_cthun_1973432368881645_IN_IV_ME,43060,30.15%,
3T,AR_SP_VF_yshaarj_nzoth_yogg_4013584717570029_Mis_IV_DR_DS,43059,30.15%,
3T,AR_EC_VF_yshaarj_yogg_cthun_2043259880595437_IN_AM_DR_DS,43058,30.15%,
3T,AR_SP_VF_yshaarj_nzoth_yogg_4014409417875437_Mis_IV_DR_DS,43056,30.14%,
3T,AR_SP_VF_yshaarj_nzoth_yogg_4013310174683117_IN_IV_ME_DS,43055,30.14%,
3T,AR_EC_VF_yshaarj_yogg_cthun_1972332790669293_Mis_AM_ME,43053,30.13%,
3T,AR_SW_VF_yshaarj_yogg_cthun_1971250458910701_IN_IV_DR_DS,43052,30.13%,
3T,AR_SP_VF_nzoth_yogg_cthun_3169159786921965_Mis_IV_DR_DS,43050,30.12%,
3T,AR_SW_VF_yshaarj_nzoth_yogg_4013851072126957_Mis_IV_ME,43049,30.12%,
3T,AR_EC_VF_yshaarj_nzoth_yogg_4013318496182253_Mis_IV_ME_DS,43048,30.12%,
3T,AR_EC_VF_nzoth_yogg_cthun_3132875903205357_Mis_AM_DR_DS,43046,30.11%,
3T,AR_SP_VF_yshaarj_nzoth_yogg_4013318496182253_IN_AM_DR_DS,43043,30.10%,
3T,AR_SW_VF_yshaarj_nzoth_yogg_4013302390054893_Mis_IV_DR,43043,30.10%,
3T,AR_EC_VF_yshaarj_yogg_cthun_1972332790153197_Mis_IV_ME,43042,30.10%,
3T,AR_SP_VF_yshaarj_nzoth_yogg_4013309839671277_IN_IV_ME_DS,43042,30.10%,
3T,AR_SW_VF_yshaarj_nzoth_yogg_4013576194220013_Mis_AM_ME,43040,30.09%,
3T,AR_SW_VF_yshaarj_yogg_cthun_2043259880595437_IN_IV_DR_DS,43038,30.09%,
3T,AR_SW_VF_nzoth_yogg_cthun_3169159786921965_Mis_IV_ME_DS,43037,30.08%,
3T,AR_EC_VF_yshaarj_yogg_cthun_1971233346150381_Mis_IV_DR,43036,30.08%,
3T,AR_EC_VF_yshaarj_yogg_cthun_1971233614061549_IN_AM_ME,43035,30.08%,
3T,AR_SP_VF_yshaarj_yogg_cthun_2043259947180013_IN_IV_DR_DS,43034,30.08%,
3T,AR_EC_VF_yshaarj_yogg_cthun_1971233279049709_IN_AM_DR,43032,30.07%,
3T,AR_EC_VF_yshaarj_yogg_cthun_1971233345634285_IN_AM_DR,43032,30.07%,
3T,AR_SW_VF_yshaarj_yogg_cthun_2043251290660845_IN_AM_ME,43029,30.06%,
3T,AR_SP_VF_yshaarj_nzoth_yogg_4013310913404909_IN_IV_ME_DS,43028,30.06%,
3T,AR_SW_VF_yshaarj_nzoth_yogg_4013438688681965_Mis_AM_DR,43027,30.06%,
3T,AR_SW_VF_yshaarj_nzoth_yogg_4013584717570029_Mis_IV_DR_DS,43027,30.06%,
3T,AR_EC_VF_yshaarj_nzoth_yogg_4013310912888813_IN_IV_ME_DS,43024,30.04%,
3T,AR_EC_VF_yshaarj_yogg_cthun_1973432302297069_Mis_IV_ME,43020,30.03%,
3T,AR_SP_VF_yshaarj_nzoth_yogg_4013576127635437_Mis_AM_DR,43020,30.03%,
3T,AR_EC_VF_yshaarj_yogg_cthun_2043259880595437_IN_IV_ME_DS,43020,30.03%,
3T,AR_SP_VF_yshaarj_yogg_cthun_2043251290660845_Mis_IV_DR,43019,30.03%,
3T,AR_SW_VF_yshaarj_yogg_cthun_1973432302297069_Mis_IV_DR,43017,30.02%,
3T,AR_EC_VF_yshaarj_yogg_cthun_1971370784579565_IN_AM_ME,43017,30.02%,
3T,AR_SP_VF_yshaarj_yogg_cthun_1973432301780973_IN_IV_ME,43011,30.00%,
3T,AR_EC_VF_yshaarj_nzoth_yogg_4013302322954221_Mis_IV_ME,43011,30.00%,
3T,AR_SP_VF_nzoth_yogg_cthun_3169159786921965_Mis_IV_ME_DS,43009,30.00%,
3T,AR_SP_VF_yshaarj_nzoth_yogg_4013584784154605_IN_AM_ME_DS,43005,29.99%,
3T,AR_SP_VF_yshaarj_nzoth_yogg_4013438688681965_Mis_AM_DR,43004,29.98%,
3T,AR_SP_VF_yshaarj_yogg_cthun_2043259880595437_IN_IV_DR_DS,43000,29.97%,
3T,AR_EC_VF_yshaarj_nzoth_yogg_4013318429597677_Mis_IV_ME_DS,42995,29.96%,
3T,AR_EC_VF_yshaarj_nzoth_yogg_4014409350774765_Mis_IV_DR_DS,42991,29.94%,
3T,AR_SW_VF_yshaarj_yogg_cthun_1971233279049709_IN_IV_ME,42990,29.94%,
3T,AR_SW_VF_yshaarj_nzoth_yogg_4013447345201133_IN_AM_DR_DS,42990,29.94%,
3T,AR_EC_VF_yshaarj_nzoth_yogg_4013302390054893_Mis_AM_DR,42985,29.93%,
3T,AR_SW_VF_yshaarj_nzoth_yogg_4013447278100461_IN_IV_DR_DS,42985,29.93%,
3T,AR_EC_VF_yshaarj_yogg_cthun_2043259880079341_IN_IV_DR_DS,42980,29.91%,
3T,AR_SW_VF_yshaarj_yogg_cthun_1971370717994989_IN_IV_ME,42980,29.91%,
3T,AR_SW_VF_yshaarj_yogg_cthun_1971233346150381_IN_IV_ME,42977,29.90%,
3T,AR_SW_VF_yshaarj_nzoth_yogg_4013301249736685_Mis_IV_DR,42976,29.90%,
3T,AR_SW_VF_yshaarj_nzoth_yogg_4013438688165869_Mis_IV_DR,42976,29.90%,
3T,AR_SP_VF_yshaarj_nzoth_yogg_4013318429597677_IN_AM_ME_DS,42975,29.90%,
3T,AR_SP_VF_yshaarj_nzoth_yogg_4013318429081581_IN_IV_ME_DS,42973,29.89%,
3T,AR_EC_VF_yshaarj_yogg_cthun_1988688025616365_IN_IV_ME,42973,29.89%,
3T,AR_EC_VF_yshaarj_nzoth_yogg_4013310174683117_IN_AM_ME_DS,42972,29.89%,
3T,AR_SW_VF_nzoth_yogg_cthun_3132875903205357_Mis_AM_ME_DS,42970,29.88%,
3T,AR_EC_VF_yshaarj_nzoth_yogg_4013447345201133_Mis_IV_ME_DS,42967,29.87%,
3T,AR_SP_VF_yshaarj_nzoth_yogg_4013438688165869_Mis_IV_ME,42967,29.87%,
3T,AR_EC_VF_yshaarj_nzoth_yogg_4013447278616557_Mis_IV_ME_DS,42966,29.87%,
3T,AR_SW_VF_yshaarj_yogg_cthun_1973432301780973_IN_IV_ME,42962,29.86%,
3T,AR_SW_VF_yshaarj_nzoth_yogg_4013302390054893_Mis_IV_ME,42962,29.86%,
3T,AR_EC_VF_yshaarj_yogg_cthun_1988688026132461_IN_AM_DR,42962,29.86%,
3T,AR_EC_VF_yshaarj_nzoth_yogg_4013302390054893_Mis_AM_ME,42955,29.84%,
3T,AR_SP_VF_yshaarj_yogg_cthun_1973432302297069_Mis_IV_DR,42955,29.84%,
3T,AR_SW_VF_nzoth_yogg_cthun_3169159787438061_Mis_AM_DR_DS,42954,29.83%,
3T,AR_SP_VF_yshaarj_nzoth_yogg_4014409417875437_Mis_IV_ME_DS,42953,29.83%,
3T,AR_EC_VF_yshaarj_yogg_cthun_1973432301780973_IN_AM_ME,42950,29.82%,
3T,AR_SP_VF_yshaarj_nzoth_yogg_4013302322954221_IN_AM_DR,42950,29.82%,
3T,AR_EC_VF_yshaarj_yogg_cthun_2043251290660845_Mis_AM_DR,42944,29.80%,
3T,AR_SW_VF_yshaarj_nzoth_yogg_4013318429081581_IN_IV_ME_DS,42943,29.80%,
3T,AR_SW_VF_yshaarj_nzoth_yogg_4013309839671277_IN_IV_DR_DS,42941,29.80%,
3T,AR_SP_VF_yshaarj_nzoth_yogg_4013447345201133_IN_AM_DR_DS,42941,29.79%,
3T,AR_EC_VF_yshaarj_yogg_cthun_1971234419367917_IN_AM_DR,42940,29.79%,
3T,AR_SP_VF_yshaarj_nzoth_yogg_4013851005026285_Mis_IV_DR,42937,29.78%,
3T,AR_SP_VF_yshaarj_yogg_cthun_1972332857253869_Mis_IV_ME,42937,29.78%,
3T,AR_SP_VF_yshaarj_yogg_cthun_1971233345634285_IN_IV_DR,42935,29.78%,
3T,AR_SP_VF_nzoth_yogg_cthun_3132875903205357_Mis_AM_ME_DS,42931,29.76%,
3T,AR_SW_VF_yshaarj_nzoth_yogg_4014400760840173_Mis_AM_ME,42931,29.76%,
3T,AR_SW_VF_yshaarj_nzoth_yogg_4013318429597677_IN_AM_ME_DS,42931,29.76%,
3T,AR_SP_VF_yshaarj_nzoth_yogg_4013310912888813_IN_IV_DR_DS,42930,29.76%,
3T,AR_EC_VF_yshaarj_nzoth_yogg_4013310913404909_IN_AM_ME_DS,42929,29.76%,
3T,AR_SW_VF_yshaarj_yogg_cthun_2043251357245421_Mis_IV_DR,42927,29.75%,
3T,AR_SW_VF_yshaarj_nzoth_yogg_4013438688681965_Mis_AM_ME,42927,29.75%,
3T,AR_EC_VF_yshaarj_yogg_cthun_1971234419367917_Mis_IV_DR,42927,29.75%,
3T,AR_SW_VF_yshaarj_nzoth_yogg_4013447278616557_IN_AM_DR_DS,42926,29.75%,
3T,AR_SP_VF_yshaarj_nzoth_yogg_4013447278616557_IN_AM_DR_DS,42921,29.73%,
3T,AR_SP_VF_yshaarj_nzoth_yogg_4013302322954221_IN_AM_ME,42915,29.72%,
3T,AR_EC_VF_yshaarj_yogg_cthun_1971370784579565_Mis_AM_DR,42912,29.71%,
3T,AR_EC_VF_yshaarj_yogg_cthun_1971370717994989_Mis_IV_ME,42908,29.69%,
3T,AR_SW_VF_yshaarj_nzoth_yogg_4013310979989485_IN_IV_ME_DS,42908,29.69%,
3T,AR_SP_VF_yshaarj_nzoth_yogg_4013584717570029_IN_AM_ME_DS,42908,29.69%,
3T,AR_EC_VF_yshaarj_yogg_cthun_2043251357245421_Mis_AM_DR,42901,29.67%,
3T,AR_EC_VF_yshaarj_yogg_cthun_1972332857253869_Mis_AM_DR,42900,29.67%,
3T,AR_EC_VF_yshaarj_yogg_cthun_1971250458394605_IN_IV_DR_DS,42898,29.67%,
3T,AR_SW_VF_yshaarj_yogg_cthun_1971233345634285_IN_IV_DR,42898,29.66%,
3T,AR_EC_VF_yshaarj_nzoth_yogg_4013309906255853_IN_AM_DR_DS,42898,29.66%,
3T,AR_EC_VF_yshaarj_yogg_cthun_2043251290144749_IN_AM_ME,42897,29.66%,
3T,AR_SW_VF_yshaarj_nzoth_yogg_4013447345201133_IN_IV_ME_DS,42896,29.66%,
3T,AR_EC_VF_yshaarj_yogg_cthun_1971234352267245_IN_IV_ME,42894,29.65%,
3T,AR_SP_VF_yshaarj_nzoth_yogg_4013576127635437_Mis_AM_ME,42894,29.65%,
3T,AR_SW_VF_yshaarj_yogg_cthun_1971250525495277_IN_IV_DR_DS,42893,29.65%,
3T,AR_SW_VF_yshaarj_yogg_cthun_1971234352783341_IN_AM_DR,42893,29.65%,
3T,AR_EC_VF_yshaarj_nzoth_yogg_4014409351290861_Mis_AM_ME_DS,42892,29.65%,
3T,AR_SP_VF_yshaarj_nzoth_yogg_4013851005026285_Mis_IV_ME,42892,29.65%,
3T,AR_SW_VF_yshaarj_nzoth_yogg_4013584717053933_IN_AM_DR_DS,42889,29.64%,
3T,AR_SW_VF_yshaarj_yogg_cthun_1972332790669293_Mis_IV_ME,42889,29.64%,
3T,AR_SW_VF_yshaarj_yogg_cthun_1971233614061549_IN_AM_DR,42887,29.63%,
3T,AR_SP_VF_yshaarj_nzoth_yogg_4013851005542381_Mis_AM_DR,42887,29.63%,
3T,AR_SW_VF_nzoth_yogg_cthun_3169151196987373_Mis_AM_ME,42885,29.63%,
3T,AR_SW_VF_yshaarj_nzoth_yogg_4013302322954221_IN_AM_ME,42885,29.62%,
3T,AR_EC_VF_yshaarj_nzoth_yogg_4013310912888813_IN_AM_DR_DS,42882,29.62%,
3T,AR_EC_VF_yshaarj_yogg_cthun_1971234419367917_IN_IV_ME,42880,29.61%,
3T,AR_SW_VF_yshaarj_nzoth_yogg_4013438755266541_Mis_AM_ME,42879,29.61%,
3T,AR_SP_VF_yshaarj_nzoth_yogg_4013318496182253_IN_AM_ME_DS,42876,29.60%,
3T,AR_SP_VF_yshaarj_nzoth_yogg_4013576194220013_Mis_AM_DR,42874,29.59%,
3T,AR_EC_VF_yshaarj_nzoth_yogg_4013302323470317_Mis_AM_ME,42872,29.59%,
3T,AR_SP_VF_yshaarj_nzoth_yogg_4013310979989485_IN_IV_ME_DS,42872,29.58%,
3T,AR_SW_VF_yshaarj_yogg_cthun_1972332857253869_Mis_IV_ME,42869,29.58%,
3T,AR_EC_VF_yshaarj_yogg_cthun_1973432301780973_Mis_IV_DR,42868,29.57%,
3T,AR_SP_VF_yshaarj_yogg_cthun_1971234352267245_IN_IV_DR,42866,29.57%,
3T,AR_SW_VF_yshaarj_nzoth_yogg_4014409417875437_Mis_IV_ME_DS,42865,29.56%,
3T,AR_EC_VF_yshaarj_nzoth_yogg_4013310979989485_IN_AM_ME_DS,42864,29.56%,
3T,AR_EC_VF_yshaarj_yogg_cthun_1971370717994989_Mis_AM_DR,42863,29.56%,
3T,AR_EC_VF_yshaarj_nzoth_yogg_4013318429597677_Mis_AM_DR_DS,42863,29.56%,
3T,AR_EC_VF_yshaarj_yogg_cthun_1973432302297069_Mis_AM_DR,42861,29.55%,
3T,AR_SP_VF_yshaarj_nzoth_yogg_4013310174683117_IN_AM_DR_DS,42861,29.55%,
3T,AR_EC_VF_yshaarj_nzoth_yogg_4013309906771949_Mis_IV_DR_DS,42856,29.54%,
3T,AR_SW_VF_yshaarj_nzoth_yogg_4013310913404909_IN_IV_ME_DS,42852,29.52%,
3T,AR_SP_VF_yshaarj_nzoth_yogg_4013576194220013_Mis_AM_ME,42849,29.52%,
3T,AR_SW_VF_yshaarj_nzoth_yogg_4013310174683117_IN_IV_ME_DS,42848,29.51%,
3T,AR_EC_VF_yshaarj_nzoth_yogg_4013301249736685_Mis_AM_ME,42848,29.51%,
3T,AR_EC_VF_yshaarj_nzoth_yogg_4013310174683117_Mis_IV_DR_DS,42847,29.51%,
3T,AR_SW_VF_yshaarj_nzoth_yogg_4013851005026285_Mis_IV_DR,42847,29.51%,
3T,AR_SP_VF_yshaarj_yogg_cthun_1988688092717037_Mis_IV_DR,42847,29.51%,
3T,AR_EC_VF_yshaarj_yogg_cthun_1971234352783341_Mis_IV_DR,42844,29.50%,
3T,AR_SP_VF_yshaarj_yogg_cthun_1971233279049709_IN_IV_ME,42844,29.50%,
3T,AR_SP_VF_yshaarj_yogg_cthun_1971233346150381_IN_IV_ME,42844,29.50%,
3T,AR_SW_VF_yshaarj_nzoth_yogg_4013301249736685_Mis_IV_ME,42844,29.50%,
3T,AR_SW_VF_yshaarj_yogg_cthun_1971233614061549_IN_IV_ME,42842,29.49%,
3T,AR_SP_VF_yshaarj_nzoth_yogg_4013851005542381_Mis_AM_ME,42839,29.49%,
3T,AR_SW_VF_yshaarj_nzoth_yogg_4013301316321261_IN_AM_ME,42837,29.48%,
3T,AR_SW_VF_yshaarj_nzoth_yogg_4013584717570029_Mis_IV_ME_DS,42837,29.48%,
3T,AR_SP_VF_yshaarj_nzoth_yogg_4013584717570029_Mis_IV_ME_DS,42837,29.48%,
3T,AR_SW_VF_yshaarj_yogg_cthun_1972332790153197_Mis_IV_DR,42836,29.48%,
3T,AR_SW_VF_yshaarj_yogg_cthun_1973432302297069_IN_AM_ME,42836,29.48%,
3T,AR_SP_VF_yshaarj_nzoth_yogg_4013301249736685_Mis_IV_ME,42835,29.47%,
3T,AR_EC_VF_yshaarj_yogg_cthun_1973432368881645_Mis_AM_DR,42833,29.47%,
3T,AR_EC_VF_nzoth_yogg_cthun_3169159786921965_Mis_AM_ME_DS,42832,29.47%,
3T,AR_SW_VF_yshaarj_nzoth_yogg_4013851005542381_Mis_AM_DR,42832,29.47%,
3T,AR_EC_VF_yshaarj_nzoth_yogg_4013309839671277_IN_AM_DR_DS,42831,29.46%,
3T,AR_SW_VF_yshaarj_nzoth_yogg_4013310912888813_IN_IV_ME_DS,42831,29.46%,
3T,AR_EC_VF_yshaarj_yogg_cthun_1971233614061549_Mis_IV_ME,42830,29.46%,
3T,AR_EC_VF_yshaarj_nzoth_yogg_4013447278100461_IN_AM_ME_DS,42830,29.46%,
3T,AR_SW_VF_yshaarj_nzoth_yogg_4013438688165869_Mis_IV_ME,42828,29.45%,
3T,AR_EC_VF_yshaarj_yogg_cthun_2043259947180013_IN_AM_DR_DS,42827,29.45%,
3T,AR_SP_VF_yshaarj_yogg_cthun_2043251357245421_IN_AM_ME,42827,29.45%,
3T,AR_SW_VF_yshaarj_yogg_cthun_1971370784579565_Mis_IV_DR,42825,29.44%,
3T,AR_SP_VF_yshaarj_yogg_cthun_1971370784579565_IN_AM_DR,42823,29.44%,
3T,AR_EC_VF_yshaarj_yogg_cthun_1973432368881645_Mis_IV_ME,42821,29.43%,
3T,AR_EC_VF_yshaarj_yogg_cthun_1971250458910701_IN_IV_ME_DS,42820,29.43%,
3T,AR_EC_VF_yshaarj_nzoth_yogg_4013584717053933_Mis_IV_DR_DS,42815,29.41%,
3T,AR_SW_VF_yshaarj_yogg_cthun_1971370784579565_IN_IV_ME,42814,29.41%,
3T,AR_SP_VF_nzoth_yogg_cthun_3169151196987373_Mis_AM_ME,42813,29.41%,
3T,AR_SW_VF_yshaarj_yogg_cthun_1971233346150381_IN_AM_DR,42813,29.41%,
3T,AR_SW_VF_yshaarj_nzoth_yogg_4013576127119341_Mis_AM_ME,42803,29.38%,
3T,AR_SP_VF_yshaarj_yogg_cthun_1971233614061549_IN_IV_ME,42803,29.38%,
3T,AR_EC_VF_yshaarj_yogg_cthun_1988688026132461_IN_AM_ME,42801,29.37%,
3T,AR_EC_VF_yshaarj_nzoth_yogg_4013309839671277_IN_AM_ME_DS,42801,29.37%,
3T,AR_SW_VF_yshaarj_nzoth_yogg_4013309906255853_IN_IV_DR_DS,42799,29.37%,
3T,AR_SP_VF_yshaarj_nzoth_yogg_4013447345201133_Mis_IV_DR_DS,42797,29.36%,
3T,AR_EC_VF_yshaarj_yogg_cthun_1971250458910701_IN_AM_DR_DS,42796,29.36%,
3T,AR_SW_VF_yshaarj_nzoth_yogg_4013310913404909_IN_AM_DR_DS,42796,29.35%,
3T,AR_SP_VF_yshaarj_yogg_cthun_1973432302297069_IN_AM_ME,42795,29.35%,
3T,AR_SW_VF_yshaarj_yogg_cthun_1971370784579565_IN_AM_DR,42793,29.35%,
3T,AR_SW_VF_yshaarj_nzoth_yogg_4014409417875437_Mis_IV_DR_DS,42792,29.34%,
3T,AR_SP_VF_yshaarj_nzoth_yogg_4013584784154605_Mis_IV_DR_DS,42789,29.33%,
3T,AR_SP_VF_yshaarj_nzoth_yogg_4014400760840173_Mis_AM_ME,42789,29.33%,
3T,AR_EC_VF_yshaarj_yogg_cthun_2043251290144749_Mis_IV_ME,42788,29.33%,
3T,AR_SW_VF_nzoth_yogg_cthun_3132875903205357_Mis_AM_DR_DS,42783,29.32%,
3T,AR_EC_VF_yshaarj_nzoth_yogg_4013318429081581_Mis_IV_DR_DS,42783,29.32%,
3T,AR_SP_VF_yshaarj_yogg_cthun_1971370717994989_IN_AM_DR,42782,29.31%,
3T,AR_SW_VF_yshaarj_yogg_cthun_2043251357245421_IN_AM_ME,42782,29.31%,
3T,AR_EC_VF_yshaarj_yogg_cthun_1971234352267245_IN_AM_DR,42782,29.31%,
3T,AR_SW_VF_yshaarj_nzoth_yogg_4013447278616557_Mis_IV_DR_DS,42781,29.31%,
3T,AR_SP_VF_yshaarj_yogg_cthun_2043251290660845_IN_AM_ME,42781,29.31%,
3T,AR_EC_VF_yshaarj_nzoth_yogg_4014409417875437_Mis_AM_ME_DS,42781,29.31%,
3T,AR_SP_VF_yshaarj_yogg_cthun_1972332790153197_Mis_IV_DR,42780,29.31%,
3T,AR_SP_VF_yshaarj_yogg_cthun_2043251290660845_Mis_IV_ME,42779,29.30%,
3T,AR_SP_VF_yshaarj_yogg_cthun_2043251290144749_IN_AM_DR,42778,29.30%,
3T,AR_SW_VF_nzoth_yogg_cthun_3169159854022637_Mis_AM_DR_DS,42778,29.30%,
3T,AR_EC_VF_yshaarj_yogg_cthun_1971233614061549_Mis_IV_DR,42778,29.30%,
3T,AR_EC_VF_yshaarj_nzoth_yogg_4013301249736685_Mis_AM_DR,42777,29.30%,
3T,AR_SW_VF_yshaarj_yogg_cthun_1973432368881645_Mis_IV_DR,42776,29.30%,
3T,AR_SW_VF_yshaarj_nzoth_yogg_4013318496182253_IN_AM_ME_DS,42776,29.30%,
3T,AR_EC_VF_yshaarj_nzoth_yogg_4013309906771949_Mis_IV_ME_DS,42776,29.29%,
3T,AR_SW_VF_yshaarj_nzoth_yogg_4014400760840173_Mis_AM_DR,42774,29.29%,
3T,AR_EC_VF_yshaarj_yogg_cthun_1971370717478893_Mis_IV_DR,42774,29.29%,
3T,AR_EC_VF_yshaarj_yogg_cthun_1971233346150381_Mis_IV_ME,42767,29.27%,
3T,AR_EC_VF_yshaarj_nzoth_yogg_4014409351290861_Mis_AM_DR_DS,42767,29.27%,
3T,AR_SP_VF_yshaarj_nzoth_yogg_4013584717053933_IN_AM_ME_DS,42765,29.26%,
3T,AR_EC_VF_yshaarj_nzoth_yogg_4013318496182253_Mis_AM_DR_DS,42760,29.25%,
3T,AR_EC_VF_yshaarj_nzoth_yogg_4013302322954221_Mis_AM_DR,42759,29.25%,
3T,AR_SW_VF_yshaarj_nzoth_yogg_4013584784154605_IN_AM_ME_DS,42755,29.23%,
3T,AR_EC_VF_yshaarj_yogg_cthun_1988688026132461_Mis_AM_DR,42754,29.23%,
3T,AR_EC_VF_yshaarj_yogg_cthun_1988688092717037_Mis_AM_DR,42753,29.22%,
3T,AR_SP_VF_yshaarj_nzoth_yogg_4013310979989485_IN_AM_DR_DS,42747,29.21%,
3T,AR_SP_VF_yshaarj_nzoth_yogg_4013438688681965_Mis_AM_ME,42746,29.21%,
3T,AR_EC_VF_yshaarj_yogg_cthun_2043259947180013_IN_IV_ME_DS,42745,29.20%,
3T,AR_SW_VF_yshaarj_nzoth_yogg_4013301316837357_Mis_AM_DR,42744,29.20%,
3T,AR_SP_VF_yshaarj_yogg_cthun_1988688026132461_IN_IV_ME,42741,29.19%,
3T,AR_SW_VF_yshaarj_nzoth_yogg_4013310912888813_IN_IV_DR_DS,42739,29.18%,
3T,AR_SP_VF_yshaarj_yogg_cthun_1971250458910701_IN_IV_DR_DS,42738,29.18%,
3T,AR_SW_VF_yshaarj_yogg_cthun_2043251290144749_IN_AM_ME,42737,29.18%,
3T,AR_SP_VF_nzoth_yogg_cthun_3169159787438061_Mis_AM_ME_DS,42735,29.17%,
3T,AR_SW_VF_yshaarj_nzoth_yogg_4013318429081581_IN_AM_DR_DS,42732,29.16%,
3T,AR_SW_VF_yshaarj_nzoth_yogg_4013576127119341_Mis_AM_DR,42730,29.16%,
3T,AR_SW_VF_yshaarj_yogg_cthun_2043251290660845_Mis_IV_ME,42728,29.15%,
3T,AR_SP_VF_yshaarj_nzoth_yogg_4013301316321261_Mis_IV_DR,42728,29.15%,
3T,AR_SP_VF_yshaarj_nzoth_yogg_4013309906255853_IN_IV_ME_DS,42726,29.14%,
3T,AR_EC_VF_yshaarj_nzoth_yogg_4013302322954221_Mis_AM_ME,42725,29.14%,
3T,AR_SP_VF_yshaarj_nzoth_yogg_4014400760840173_Mis_AM_DR,42723,29.13%,
3T,AR_SP_VF_yshaarj_nzoth_yogg_4014409350774765_Mis_IV_ME_DS,42720,29.13%,
3T,AR_SW_VF_yshaarj_nzoth_yogg_4013851072126957_Mis_AM_DR,42716,29.11%,
3T,AR_SP_VF_yshaarj_yogg_cthun_1971233346150381_IN_AM_DR,42714,29.11%,
3T,AR_SP_VF_yshaarj_yogg_cthun_1971234352783341_IN_AM_DR,42713,29.10%,
3T,AR_SP_VF_yshaarj_yogg_cthun_1971233614061549_IN_AM_DR,42712,29.10%,
3T,AR_EC_VF_nzoth_yogg_cthun_3169159786921965_Mis_AM_DR_DS,42711,29.10%,
3T,AR_SP_VF_yshaarj_nzoth_yogg_4013851072126957_Mis_AM_DR,42711,29.10%,
3T,AR_SW_VF_yshaarj_nzoth_yogg_4013301584748525_Mis_AM_DR,42707,29.09%,
3T,AR_SP_VF_yshaarj_nzoth_yogg_4013309906771949_IN_AM_DR_DS,42706,29.08%,
3T,AR_EC_VF_yshaarj_nzoth_yogg_4013301316321261_Mis_AM_DR,42704,29.08%,
3T,AR_SW_VF_yshaarj_nzoth_yogg_4013301316321261_Mis_IV_DR,42704,29.08%,
3T,AR_SP_VF_nzoth_yogg_cthun_3169159854022637_Mis_AM_DR_DS,42703,29.07%,
3T,AR_EC_VF_yshaarj_yogg_cthun_1971233345634285_Mis_IV_DR,42702,29.07%,
3T,AR_SW_VF_yshaarj_nzoth_yogg_4013309906771949_IN_AM_DR_DS,42700,29.07%,
3T,AR_SP_VF_yshaarj_yogg_cthun_1973432368881645_IN_AM_ME,42697,29.06%,
3T,AR_SP_VF_yshaarj_yogg_cthun_1973432301780973_IN_AM_DR,42697,29.06%,
3T,AR_SW_VF_yshaarj_nzoth_yogg_4013318429597677_Mis_IV_ME_DS,42696,29.05%,
3T,AR_SW_VF_yshaarj_nzoth_yogg_4013310174683117_IN_AM_DR_DS,42696,29.05%,
3T,AR_EC_VF_yshaarj_nzoth_yogg_4013584717053933_Mis_IV_ME_DS,42695,29.05%,
3T,AR_SP_VF_yshaarj_nzoth_yogg_4013318429597677_Mis_IV_DR_DS,42694,29.05%,
3T,AR_SP_VF_nzoth_yogg_cthun_3169159787438061_Mis_AM_DR_DS,42694,29.05%,
3T,AR_EC_VF_yshaarj_nzoth_yogg_4013310174683117_Mis_IV_ME_DS,42693,29.05%,
3T,AR_EC_VF_yshaarj_yogg_cthun_1971250458394605_IN_IV_ME_DS,42692,29.04%,
3T,AR_EC_VF_yshaarj_yogg_cthun_1971250525495277_IN_IV_ME_DS,42691,29.04%,
3T,AR_SW_VF_yshaarj_yogg_cthun_1972332790669293_Mis_AM_DR,42690,29.03%,
3T,AR_EC_VF_yshaarj_yogg_cthun_1972332857253869_Mis_AM_ME,42687,29.03%,
3T,AR_EC_VF_yshaarj_nzoth_yogg_4013851005026285_Mis_AM_ME,42687,29.03%,
3T,AR_SW_VF_yshaarj_yogg_cthun_1971370717478893_IN_IV_ME,42685,29.02%,
3T,AR_SP_VF_yshaarj_nzoth_yogg_4013447278616557_Mis_IV_DR_DS,42684,29.02%,
3T,AR_EC_VF_yshaarj_yogg_cthun_1971250525495277_IN_AM_DR_DS,42683,29.01%,
3T,AR_SW_VF_yshaarj_yogg_cthun_1971370717994989_Mis_IV_DR,42680,29.01%,
3T,AR_SW_VF_yshaarj_nzoth_yogg_4013851005026285_Mis_IV_ME,42680,29.01%,
3T,AR_SW_VF_yshaarj_nzoth_yogg_4013309839671277_IN_IV_ME_DS,42679,29.00%,
3T,AR_SW_VF_yshaarj_nzoth_yogg_4013447345201133_Mis_IV_DR_DS,42678,29.00%,
3T,AR_SW_VF_yshaarj_nzoth_yogg_4013447278100461_IN_IV_ME_DS,42677,29.00%,
3T,AR_SP_VF_yshaarj_yogg_cthun_1971370784579565_IN_IV_ME,42675,28.99%,
3T,AR_EC_VF_yshaarj_nzoth_yogg_4013310912888813_IN_AM_ME_DS,42672,28.98%,
3T,AR_EC_VF_yshaarj_nzoth_yogg_4014409417875437_Mis_AM_DR_DS,42672,28.98%,
3T,AR_SP_VF_nzoth_yogg_cthun_3169151196987373_Mis_AM_DR,42667,28.97%,
3T,AR_SW_VF_yshaarj_nzoth_yogg_4013851005542381_Mis_AM_ME,42667,28.97%,
3T,AR_SP_VF_yshaarj_yogg_cthun_1971370717994989_Mis_IV_DR,42664,28.96%,
3T,AR_SW_VF_yshaarj_yogg_cthun_1988688026132461_IN_AM_DR,42661,28.95%,
3T,AR_SW_VF_yshaarj_yogg_cthun_1973432301780973_IN_AM_DR,42657,28.94%,
3T,AR_SW_VF_yshaarj_nzoth_yogg_4013584784154605_Mis_IV_DR_DS,42653,28.92%,
3T,AR_EC_VF_yshaarj_yogg_cthun_1988688025616365_Mis_IV_DR,42652,28.92%,
3T,AR_SP_VF_yshaarj_nzoth_yogg_4013310912888813_IN_IV_ME_DS,42650,28.91%,
3T,AR_SW_VF_yshaarj_nzoth_yogg_4013310979989485_IN_AM_DR_DS,42648,28.91%,
3T,AR_SP_VF_yshaarj_nzoth_yogg_4013447278616557_Mis_IV_ME_DS,42647,28.91%,
3T,AR_SP_VF_nzoth_yogg_cthun_3169159854022637_Mis_AM_ME_DS,42644,28.90%,
3T,AR_SW_VF_yshaarj_nzoth_yogg_4013851072126957_Mis_AM_ME,42643,28.89%,
3T,AR_SP_VF_yshaarj_nzoth_yogg_4013438755266541_Mis_AM_ME,42643,28.89%,
3T,AR_SW_VF_yshaarj_yogg_cthun_1971233345634285_IN_IV_ME,42641,28.89%,
3T,AR_SP_VF_yshaarj_nzoth_yogg_4013302322954221_Mis_IV_DR,42639,28.88%,
3T,AR_SW_VF_yshaarj_nzoth_yogg_4013309906771949_IN_AM_ME_DS,42638,28.88%,
3T,AR_SW_VF_yshaarj_nzoth_yogg_4013447278616557_IN_AM_ME_DS,42638,28.88%,
3T,AR_EC_VF_yshaarj_yogg_cthun_1988688092717037_IN_AM_ME,42635,28.87%,
3T,AR_EC_VF_yshaarj_nzoth_yogg_4013310913404909_Mis_IV_DR_DS,42629,28.85%,
3T,AR_EC_VF_yshaarj_yogg_cthun_2043259880079341_IN_IV_ME_DS,42628,28.85%,
3T,AR_SW_VF_yshaarj_nzoth_yogg_4013309906255853_IN_IV_ME_DS,42627,28.84%,
3T,AR_SP_VF_yshaarj_yogg_cthun_1973432368881645_Mis_IV_DR,42625,28.84%,
3T,AR_EC_VF_yshaarj_yogg_cthun_1971234352783341_IN_AM_ME,42624,28.83%,
3T,AR_EC_VF_yshaarj_nzoth_yogg_4013447278100461_Mis_IV_ME_DS,42623,28.83%,
3T,AR_SW_VF_yshaarj_yogg_cthun_2043251357245421_Mis_IV_ME,42623,28.83%,
3T,AR_SP_VF_yshaarj_nzoth_yogg_4013318429081581_IN_AM_DR_DS,42621,28.83%,
3T,AR_SP_VF_yshaarj_nzoth_yogg_4013447278616557_IN_AM_ME_DS,42621,28.83%,
3T,AR_SP_VF_yshaarj_nzoth_yogg_4013584784154605_Mis_IV_ME_DS,42616,28.81%,
3T,AR_EC_VF_yshaarj_yogg_cthun_1988688092717037_Mis_IV_ME,42614,28.81%,
3T,AR_SW_VF_yshaarj_nzoth_yogg_4013447345201133_IN_AM_ME_DS,42614,28.81%,
3T,AR_SP_VF_yshaarj_yogg_cthun_1988688025616365_IN_IV_DR,42614,28.80%,
3T,AR_SW_VF_nzoth_yogg_cthun_3169159854022637_Mis_AM_ME_DS,42613,28.80%,
3T,AR_SP_VF_nzoth_yogg_cthun_3132875903205357_Mis_AM_DR_DS,42613,28.80%,
3T,AR_EC_VF_yshaarj_nzoth_yogg_4013584717570029_Mis_AM_DR_DS,42612,28.80%,
3T,AR_SP_VF_yshaarj_nzoth_yogg_4013447345201133_Mis_IV_ME_DS,42611,28.80%,
3T,AR_SW_VF_yshaarj_yogg_cthun_1972332790153197_Mis_IV_ME,42607,28.78%,
3T,AR_SW_VF_yshaarj_nzoth_yogg_4013301316837357_Mis_AM_ME,42607,28.78%,
3T,AR_SW_VF_yshaarj_nzoth_yogg_4013318429597677_Mis_IV_DR_DS,42606,28.78%,
3T,AR_EC_VF_yshaarj_yogg_cthun_1971233279049709_Mis_IV_DR,42601,28.77%,
3T,AR_EC_VF_yshaarj_yogg_cthun_2043251290660845_Mis_AM_ME,42601,28.77%,
3T,AR_SW_VF_yshaarj_yogg_cthun_2043259947180013_IN_IV_DR_DS,42601,28.77%,
3T,AR_SW_VF_yshaarj_yogg_cthun_1988688025616365_IN_IV_DR,42599,28.76%,
3T,AR_SW_VF_yshaarj_nzoth_yogg_4013584784154605_Mis_IV_ME_DS,42598,28.76%,
3T,AR_SW_VF_yshaarj_nzoth_yogg_4013302323470317_Mis_AM_DR,42597,28.75%,
3T,AR_SW_VF_yshaarj_nzoth_yogg_4013302322954221_Mis_IV_ME,42594,28.75%,
3T,AR_EC_VF_yshaarj_yogg_cthun_1988688026132461_Mis_IV_ME,42592,28.74%,
3T,AR_SP_VF_yshaarj_nzoth_yogg_4013301584748525_Mis_AM_DR,42592,28.74%,
3T,AR_SP_VF_yshaarj_yogg_cthun_1988688026132461_IN_AM_DR,42592,28.74%,
3T,AR_EC_VF_yshaarj_nzoth_yogg_4013447345201133_Mis_AM_DR_DS,42589,28.73%,
3T,AR_EC_VF_yshaarj_yogg_cthun_1988688025616365_IN_AM_DR,42589,28.73%,
3T,AR_SW_VF_yshaarj_nzoth_yogg_4014409350774765_Mis_IV_DR_DS,42586,28.72%,
3T,AR_SW_VF_yshaarj_nzoth_yogg_4013584717053933_IN_AM_ME_DS,42584,28.72%,
3T,AR_SW_VF_yshaarj_yogg_cthun_1971370717994989_IN_AM_ME,42584,28.71%,
3T,AR_SW_VF_yshaarj_yogg_cthun_1971250458910701_IN_AM_DR_DS,42583,28.71%,
3T,AR_SW_VF_yshaarj_yogg_cthun_1988688092717037_Mis_IV_DR,42582,28.71%,
3T,AR_SP_VF_yshaarj_nzoth_yogg_4013318429597677_Mis_IV_ME_DS,42582,28.71%,
3T,AR_SW_VF_yshaarj_nzoth_yogg_4013447278616557_Mis_IV_ME_DS,42581,28.71%,
3T,AR_EC_VF_yshaarj_nzoth_yogg_4013447278100461_Mis_IV_DR_DS,42578,28.70%,
3T,AR_SW_VF_yshaarj_nzoth_yogg_4013302322954221_Mis_IV_DR,42577,28.69%,
3T,AR_EC_VF_yshaarj_nzoth_yogg_4013318429081581_Mis_IV_ME_DS,42577,28.69%,
3T,AR_EC_VF_yshaarj_yogg_cthun_1971250458910701_Mis_IV_DR_DS,42576,28.69%,
3T,AR_SW_VF_yshaarj_nzoth_yogg_4013301584748525_Mis_AM_ME,42576,28.69%,
3T,AR_SP_VF_yshaarj_nzoth_yogg_4013301316321261_Mis_IV_ME,42575,28.69%,
3T,AR_SW_VF_yshaarj_nzoth_yogg_4013309839671277_IN_AM_DR_DS,42574,28.68%,
3T,AR_EC_VF_yshaarj_yogg_cthun_1971233346150381_Mis_AM_DR,42568,28.67%,
3T,AR_SW_VF_yshaarj_yogg_cthun_2043251290144749_Mis_IV_DR,42568,28.67%,
3T,AR_SP_VF_yshaarj_nzoth_yogg_4013318429081581_IN_AM_ME_DS,42567,28.66%,
3T,AR_EC_VF_yshaarj_yogg_cthun_1971234352783341_Mis_IV_ME,42567,28.66%,
3T,AR_SW_VF_yshaarj_yogg_cthun_1973432368881645_IN_AM_ME,42566,28.66%,
3T,AR_EC_VF_yshaarj_yogg_cthun_1971233279049709_IN_AM_ME,42562,28.65%,
3T,AR_SW_VF_yshaarj_yogg_cthun_1971370784579565_IN_AM_ME,42562,28.65%,
3T,AR_SW_VF_yshaarj_nzoth_yogg_4013318496182253_Mis_IV_ME_DS,42558,28.64%,
3T,AR_SW_VF_yshaarj_yogg_cthun_1971234352783341_IN_IV_ME,42554,28.62%,
3T,AR_EC_VF_yshaarj_nzoth_yogg_4013447278616557_Mis_AM_ME_DS,42552,28.62%,
3T,AR_SP_VF_yshaarj_yogg_cthun_1971250525495277_IN_IV_DR_DS,42551,28.62%,
3T,AR_SW_VF_yshaarj_yogg_cthun_1971233346150381_Mis_IV_DR,42550,28.61%,
3T,AR_EC_VF_yshaarj_nzoth_yogg_4013301316321261_Mis_AM_ME,42549,28.61%,
3T,AR_EC_VF_yshaarj_yogg_cthun_1971234419367917_IN_AM_ME,42547,28.60%,
3T,AR_SP_VF_yshaarj_yogg_cthun_1971233345634285_IN_IV_ME,42544,28.59%,
3T,AR_EC_VF_yshaarj_yogg_cthun_1971234352267245_Mis_IV_DR,42543,28.59%,
3T,AR_SP_VF_yshaarj_yogg_cthun_1971370717478893_IN_IV_ME,42543,28.59%,
3T,AR_SW_VF_yshaarj_nzoth_yogg_4013310913404909_Mis_IV_DR_DS,42542,28.59%,
3T,AR_EC_VF_yshaarj_nzoth_yogg_4013318429597677_Mis_AM_ME_DS,42538,28.58%,
3T,AR_SP_VF_yshaarj_nzoth_yogg_4014409350774765_Mis_IV_DR_DS,42535,28.57%,
3T,AR_EC_VF_yshaarj_nzoth_yogg_4013584717570029_Mis_AM_ME_DS,42533,28.56%,
3T,AR_SP_VF_yshaarj_nzoth_yogg_4013584717053933_IN_AM_DR_DS,42530,28.55%,
3T,AR_EC_VF_yshaarj_nzoth_yogg_4013447345201133_Mis_AM_ME_DS,42530,28.55%,
3T,AR_SP_VF_yshaarj_yogg_cthun_2043251357245421_Mis_IV_ME,42529,28.55%,
3T,AR_SW_VF_yshaarj_yogg_cthun_2043259880595437_IN_AM_DR_DS,42528,28.55%,
3T,AR_SW_VF_yshaarj_yogg_cthun_1972332857253869_Mis_AM_DR,42526,28.54%,
3T,AR_SP_VF_yshaarj_nzoth_yogg_4013310913404909_IN_AM_DR_DS,42524,28.53%,
3T,AR_SW_VF_yshaarj_yogg_cthun_1972332790669293_Mis_AM_ME,42524,28.53%,
3T,AR_EC_VF_yshaarj_nzoth_yogg_4013318496182253_Mis_AM_ME_DS,42523,28.53%,
3T,AR_SW_VF_yshaarj_yogg_cthun_1971370717478893_IN_AM_DR,42519,28.52%,
3T,AR_EC_VF_yshaarj_yogg_cthun_1973432301780973_Mis_IV_ME,42519,28.52%,
3T,AR_EC_VF_yshaarj_yogg_cthun_1971250458910701_IN_AM_ME_DS,42518,28.52%,
3T,AR_SW_VF_yshaarj_yogg_cthun_1988688092717037_IN_IV_ME,42518,28.51%,
3T,AR_SP_VF_yshaarj_nzoth_yogg_4013447278100461_IN_AM_DR_DS,42516,28.51%,
3T,AR_SW_VF_yshaarj_yogg_cthun_1971250458394605_IN_IV_DR_DS,42513,28.50%,
3T,AR_SW_VF_yshaarj_nzoth_yogg_4014409350774765_Mis_IV_ME_DS,42513,28.50%,
3T,AR_SP_VF_yshaarj_yogg_cthun_1972332790669293_Mis_AM_DR,42512,28.50%,
3T,AR_SP_VF_yshaarj_yogg_cthun_1971233614061549_Mis_IV_DR,42512,28.50%,
3T,AR_SP_VF_yshaarj_nzoth_yogg_4013318496182253_Mis_IV_DR_DS,42508,28.49%,
3T,AR_SP_VF_yshaarj_nzoth_yogg_4013309906771949_Mis_IV_DR_DS,42505,28.47%,
3T,AR_EC_VF_yshaarj_yogg_cthun_1972332790153197_Mis_AM_DR,42503,28.47%,
3T,AR_SW_VF_yshaarj_nzoth_yogg_4013301316321261_Mis_IV_ME,42503,28.47%,
3T,AR_EC_VF_yshaarj_yogg_cthun_1971370717478893_Mis_IV_ME,42499,28.46%,
3T,AR_SP_VF_yshaarj_yogg_cthun_1973432302297069_Mis_IV_ME,42497,28.45%,
3T,AR_SP_VF_yshaarj_nzoth_yogg_4013447345201133_IN_AM_ME_DS,42494,28.44%,
3T,AR_SW_VF_yshaarj_nzoth_yogg_4013302390054893_Mis_AM_DR,42492,28.44%,
3T,AR_EC_VF_yshaarj_nzoth_yogg_4013310913404909_Mis_IV_ME_DS,42487,28.42%,
3T,AR_SW_VF_yshaarj_nzoth_yogg_4013318496182253_Mis_IV_DR_DS,42487,28.42%,
3T,AR_SP_VF_yshaarj_yogg_cthun_1971370717994989_IN_AM_ME,42486,28.42%,
3T,AR_SW_VF_yshaarj_yogg_cthun_1971233614061549_Mis_IV_DR,42486,28.42%,
3T,AR_SW_VF_yshaarj_nzoth_yogg_4013302323470317_Mis_AM_ME,42484,28.41%,
3T,AR_SP_VF_yshaarj_yogg_cthun_1971233346150381_Mis_IV_DR,42484,28.41%,
3T,AR_SW_VF_nzoth_yogg_cthun_3169159786921965_Mis_AM_DR_DS,42481,28.40%,
3T,AR_SW_VF_yshaarj_yogg_cthun_1988688026132461_Mis_IV_DR,42481,28.40%,
3T,AR_SP_VF_yshaarj_nzoth_yogg_4013310174683117_Mis_IV_DR_DS,42480,28.40%,
3T,AR_EC_VF_yshaarj_nzoth_yogg_4013584784154605_Mis_AM_ME_DS,42480,28.40%,
3T,AR_EC_VF_yshaarj_yogg_cthun_1971370717478893_IN_AM_ME,42479,28.40%,
3T,AR_SP_VF_yshaarj_yogg_cthun_1971234352783341_IN_IV_ME,42479,28.40%,
3T,AR_SP_VF_yshaarj_yogg_cthun_1988688092717037_IN_AM_DR,42479,28.40%,
3T,AR_EC_VF_yshaarj_yogg_cthun_1971233614061549_Mis_AM_DR,42476,28.39%,
3T,AR_EC_VF_yshaarj_yogg_cthun_1973432302297069_Mis_AM_ME,42474,28.38%,
3T,AR_SW_VF_yshaarj_yogg_cthun_2043251357245421_Mis_AM_DR,42468,28.37%,
3T,AR_SW_VF_yshaarj_nzoth_yogg_4013318429081581_IN_AM_ME_DS,42465,28.35%,
3T,AR_EC_VF_yshaarj_yogg_cthun_1971234419367917_Mis_IV_ME,42464,28.35%,
3T,AR_SP_VF_yshaarj_nzoth_yogg_4013584717053933_Mis_IV_DR_DS,42463,28.35%,
3T,AR_SW_VF_yshaarj_nzoth_yogg_4013309906255853_IN_AM_DR_DS,42462,28.35%,
3T,AR_SP_VF_yshaarj_yogg_cthun_1972332790153197_Mis_IV_ME,42461,28.34%,
3T,AR_SP_VF_yshaarj_yogg_cthun_1971234352783341_IN_AM_ME,42460,28.34%,
3T,AR_SP_VF_yshaarj_yogg_cthun_2043251290144749_Mis_IV_DR,42458,28.33%,
3T,AR_SW_VF_yshaarj_yogg_cthun_1971233614061549_IN_AM_ME,42457,28.33%,
3T,AR_EC_VF_yshaarj_nzoth_yogg_4013310979989485_Mis_IV_DR_DS,42455,28.33%,
3T,AR_EC_VF_yshaarj_yogg_cthun_1971370717994989_Mis_AM_ME,42454,28.32%,
3T,AR_SW_VF_yshaarj_nzoth_yogg_4014409351290861_Mis_AM_ME_DS,42454,28.32%,
3T,AR_SP_VF_yshaarj_nzoth_yogg_4013301316837357_Mis_AM_DR,42451,28.31%,
3T,AR_SP_VF_yshaarj_nzoth_yogg_4013310913404909_IN_AM_ME_DS,42450,28.31%,
3T,AR_SW_VF_yshaarj_nzoth_yogg_4014409351290861_Mis_AM_DR_DS,42449,28.31%,
3T,AR_EC_VF_yshaarj_nzoth_yogg_4013309906255853_IN_AM_ME_DS,42449,28.31%,
3T,AR_SP_VF_yshaarj_nzoth_yogg_4013309906255853_IN_AM_DR_DS,42441,28.28%,
3T,AR_SW_VF_yshaarj_yogg_cthun_1973432302297069_Mis_IV_ME,42441,28.28%,
3T,AR_SP_VF_yshaarj_yogg_cthun_1971370717994989_Mis_IV_ME,42440,28.28%,
3T,AR_SW_VF_yshaarj_yogg_cthun_1988688092717037_IN_AM_DR,42436,28.27%,
3T,AR_SW_VF_yshaarj_nzoth_yogg_4013309906771949_Mis_IV_DR_DS,42434,28.26%,
3T,AR_SW_VF_yshaarj_nzoth_yogg_4013851005026285_Mis_AM_DR,42434,28.26%,
3T,AR_SP_VF_yshaarj_nzoth_yogg_4013318496182253_Mis_IV_ME_DS,42431,28.25%,
3T,AR_SP_VF_yshaarj_yogg_cthun_1971370784579565_Mis_IV_ME,42430,28.25%,
3T,AR_SP_VF_yshaarj_nzoth_yogg_4013576127119341_Mis_AM_DR,42422,28.23%,
3T,AR_SW_VF_yshaarj_yogg_cthun_2043259880595437_IN_IV_ME_DS,42421,28.22%,
3T,AR_EC_VF_yshaarj_yogg_cthun_2043259880595437_Mis_IV_DR_DS,42415,28.20%,
3T,AR_SW_VF_yshaarj_yogg_cthun_1971234352783341_Mis_IV_DR,42414,28.20%,
3T,AR_EC_VF_yshaarj_yogg_cthun_1971234352267245_IN_AM_ME,42411,28.19%,
3T,AR_EC_VF_yshaarj_nzoth_yogg_4013309906255853_Mis_IV_DR_DS,42409,28.19%,
3T,AR_EC_VF_yshaarj_yogg_cthun_1971370784579565_Mis_AM_ME,42407,28.18%,
3T,AR_SP_VF_yshaarj_yogg_cthun_1973432301780973_Mis_IV_DR,42406,28.18%,
3T,AR_SW_VF_yshaarj_yogg_cthun_1973432301780973_Mis_IV_DR,42404,28.17%,
3T,AR_EC_VF_yshaarj_nzoth_yogg_4013447278616557_Mis_AM_DR_DS,42403,28.17%,
3T,AR_SW_VF_yshaarj_yogg_cthun_1971234419367917_IN_AM_DR,42401,28.16%,
3T,AR_EC_VF_yshaarj_yogg_cthun_2043259947180013_Mis_IV_DR_DS,42399,28.16%,
3T,AR_SP_VF_yshaarj_nzoth_yogg_4013301316837357_Mis_AM_ME,42398,28.15%,
3T,AR_EC_VF_yshaarj_yogg_cthun_2043251357245421_Mis_AM_ME,42397,28.15%,
3T,AR_SW_VF_yshaarj_yogg_cthun_1971233346150381_IN_AM_ME,42394,28.14%,
3T,AR_EC_VF_yshaarj_yogg_cthun_1971233279049709_Mis_IV_ME,42392,28.13%,
3T,AR_SP_VF_yshaarj_yogg_cthun_2043259880079341_IN_IV_DR_DS,42390,28.13%,
3T,AR_SW_VF_yshaarj_nzoth_yogg_4014409417875437_Mis_AM_ME_DS,42389,28.13%,
3T,AR_SP_VF_yshaarj_yogg_cthun_2043259947180013_IN_IV_ME_DS,42388,28.12%,
3T,AR_SW_VF_yshaarj_nzoth_yogg_4013447345201133_Mis_IV_ME_DS,42386,28.12%,
3T,AR_SP_VF_yshaarj_yogg_cthun_1988688092717037_IN_IV_ME,42386,28.12%,
3T,AR_SP_VF_yshaarj_yogg_cthun_1971234419367917_IN_AM_DR,42385,28.11%,
3T,AR_SW_VF_yshaarj_yogg_cthun_1988688026132461_IN_IV_ME,42382,28.11%,
3T,AR_SW_VF_yshaarj_yogg_cthun_2043259880079341_IN_IV_DR_DS,42381,28.10%,
3T,AR_SW_VF_yshaarj_yogg_cthun_1971370717478893_Mis_IV_DR,42380,28.10%,
3T,AR_SP_VF_yshaarj_nzoth_yogg_4013310174683117_Mis_IV_ME_DS,42378,28.09%,
3T,AR_EC_VF_yshaarj_yogg_cthun_1971233345634285_IN_AM_ME,42377,28.09%,
3T,AR_SP_VF_yshaarj_nzoth_yogg_4013851072126957_Mis_AM_ME,42376,28.09%,
3T,AR_SW_VF_yshaarj_yogg_cthun_1971234419367917_IN_IV_ME,42373,28.08%,
3T,AR_SP_VF_yshaarj_nzoth_yogg_4013301584748525_Mis_AM_ME,42373,28.08%,
3T,AR_SW_VF_yshaarj_yogg_cthun_1971250458910701_IN_IV_ME_DS,42368,28.06%,
3T,AR_SW_VF_yshaarj_nzoth_yogg_4013447278100461_IN_AM_DR_DS,42368,28.06%,
3T,AR_SW_VF_yshaarj_yogg_cthun_1973432301780973_IN_AM_ME,42365,28.05%,
3T,AR_SW_VF_yshaarj_nzoth_yogg_4013310174683117_Mis_IV_DR_DS,42363,28.05%,
3T,AR_SW_VF_yshaarj_yogg_cthun_2043251290660845_Mis_AM_DR,42363,28.05%,
3T,AR_EC_VF_yshaarj_nzoth_yogg_4013584784154605_Mis_AM_DR_DS,42363,28.05%,
3T,AR_SW_VF_yshaarj_nzoth_yogg_4013584717053933_Mis_IV_ME_DS,42362,28.04%,
3T,AR_SW_VF_yshaarj_nzoth_yogg_4013438688165869_Mis_AM_DR,42360,28.04%,
3T,AR_SP_VF_yshaarj_nzoth_yogg_4013302323470317_Mis_AM_DR,42357,28.03%,
3T,AR_SP_VF_yshaarj_yogg_cthun_2043259880595437_IN_AM_DR_DS,42357,28.03%,
3T,AR_SW_VF_yshaarj_yogg_cthun_1971234352267245_IN_AM_DR,42357,28.03%,
3T,AR_SW_VF_yshaarj_yogg_cthun_1971233279049709_IN_AM_DR,42356,28.03%,
3T,AR_SW_VF_yshaarj_yogg_cthun_2043259947180013_IN_AM_DR_DS,42355,28.02%,
3T,AR_SP_VF_yshaarj_nzoth_yogg_4013576127119341_Mis_AM_ME,42352,28.01%,
3T,AR_SP_VF_yshaarj_nzoth_yogg_4013584717053933_Mis_IV_ME_DS,42352,28.01%,
3T,AR_SW_VF_yshaarj_nzoth_yogg_4013310913404909_IN_AM_ME_DS,42349,28.01%,
3T,AR_EC_VF_yshaarj_nzoth_yogg_4013310174683117_Mis_AM_DR_DS,42349,28.01%,
3T,AR_SW_VF_yshaarj_nzoth_yogg_4013438688165869_Mis_AM_ME,42343,27.99%,
3T,AR_SP_VF_yshaarj_yogg_cthun_1988688026132461_Mis_IV_DR,42341,27.98%,
3T,AR_SP_VF_yshaarj_yogg_cthun_1973432368881645_Mis_IV_ME,42339,27.97%,
3T,AR_SW_VF_yshaarj_yogg_cthun_1971234352783341_IN_AM_ME,42334,27.96%,
3T,AR_SP_VF_yshaarj_nzoth_yogg_4013310913404909_Mis_IV_DR_DS,42333,27.96%,
3T,AR_EC_VF_yshaarj_yogg_cthun_1972332790153197_Mis_AM_ME,42332,27.95%,
3T,AR_EC_VF_yshaarj_yogg_cthun_1988688092717037_Mis_AM_ME,42331,27.95%,
3T,AR_SP_VF_yshaarj_yogg_cthun_1972332857253869_Mis_AM_DR,42331,27.95%,
3T,AR_SW_VF_yshaarj_yogg_cthun_1971234352267245_IN_IV_ME,42331,27.95%,
3T,AR_SP_VF_yshaarj_yogg_cthun_1971370784579565_IN_AM_ME,42326,27.94%,
3T,AR_SW_VF_yshaarj_yogg_cthun_1971370717994989_Mis_IV_ME,42326,27.94%,
3T,AR_SP_VF_yshaarj_nzoth_yogg_4013309839671277_IN_AM_DR_DS,42324,27.93%,
3T,AR_SP_VF_yshaarj_nzoth_yogg_4013310174683117_IN_AM_ME_DS,42319,27.91%,
3T,AR_EC_VF_yshaarj_nzoth_yogg_4013309839671277_Mis_IV_DR_DS,42318,27.91%,
3T,AR_SW_VF_nzoth_yogg_cthun_3169159786921965_Mis_AM_ME_DS,42317,27.91%,
3T,AR_SP_VF_yshaarj_yogg_cthun_1971233346150381_IN_AM_ME,42314,27.90%,
3T,AR_EC_VF_yshaarj_nzoth_yogg_4013310979989485_Mis_IV_ME_DS,42313,27.90%,
3T,AR_SW_VF_yshaarj_nzoth_yogg_4013301249736685_Mis_AM_DR,42311,27.89%,
3T,AR_SP_VF_yshaarj_yogg_cthun_1971250458910701_IN_IV_ME_DS,42302,27.86%,
3T,AR_SW_VF_yshaarj_nzoth_yogg_4013310912888813_IN_AM_DR_DS,42300,27.86%,
3T,AR_SP_VF_yshaarj_yogg_cthun_1971234419367917_IN_IV_ME,42299,27.85%,
3T,AR_SW_VF_yshaarj_yogg_cthun_2043251290144749_Mis_IV_ME,42298,27.85%,
3T,AR_SP_VF_yshaarj_nzoth_yogg_4013309906771949_IN_AM_ME_DS,42296,27.84%,
3T,AR_SW_VF_yshaarj_yogg_cthun_1973432302297069_Mis_AM_DR,42294,27.84%,
3T,AR_SW_VF_yshaarj_nzoth_yogg_4013301249736685_Mis_AM_ME,42293,27.84%,
3T,AR_SP_VF_yshaarj_yogg_cthun_1973432301780973_IN_AM_ME,42291,27.83%,
3T,AR_SP_VF_yshaarj_yogg_cthun_1988688025616365_IN_IV_ME,42290,27.83%,
3T,AR_SP_VF_yshaarj_nzoth_yogg_4013302390054893_Mis_AM_DR,42285,27.81%,
3T,AR_SW_VF_yshaarj_yogg_cthun_1973432368881645_Mis_IV_ME,42281,27.80%,
3T,AR_SP_VF_yshaarj_yogg_cthun_2043259880595437_IN_IV_ME_DS,42280,27.79%,
3T,AR_EC_VF_yshaarj_yogg_cthun_1971234419367917_Mis_AM_DR,42276,27.79%,
3T,AR_EC_VF_yshaarj_nzoth_yogg_4014409350774765_Mis_AM_ME_DS,42273,27.78%,
3T,AR_EC_VF_yshaarj_yogg_cthun_1973432368881645_Mis_AM_ME,42272,27.77%,
3T,AR_SP_VF_yshaarj_yogg_cthun_1971250525495277_IN_IV_ME_DS,42264,27.75%,
3T,AR_SP_VF_yshaarj_nzoth_yogg_4013302322954221_Mis_IV_ME,42262,27.74%,
3T,AR_EC_VF_yshaarj_nzoth_yogg_4013309839671277_Mis_IV_ME_DS,42262,27.74%,
3T,AR_SW_VF_yshaarj_yogg_cthun_1971233279049709_Mis_IV_DR,42262,27.74%,
3T,AR_SW_VF_yshaarj_nzoth_yogg_4013584717053933_Mis_IV_DR_DS,42261,27.74%,
3T,AR_SP_VF_yshaarj_nzoth_yogg_4014409351290861_Mis_AM_DR_DS,42259,27.73%,
3T,AR_EC_VF_yshaarj_yogg_cthun_1971250458394605_IN_AM_DR_DS,42257,27.73%,
3T,AR_SP_VF_yshaarj_yogg_cthun_2043251290144749_IN_AM_ME,42256,27.72%,
3T,AR_SW_VF_yshaarj_nzoth_yogg_4013309839671277_IN_AM_ME_DS,42254,27.72%,
3T,AR_SP_VF_yshaarj_yogg_cthun_1971234352267245_IN_IV_ME,42253,27.71%,
3T,AR_SW_VF_yshaarj_nzoth_yogg_4013302390054893_Mis_AM_ME,42252,27.71%,
3T,AR_EC_VF_yshaarj_yogg_cthun_1971250525495277_IN_AM_ME_DS,42249,27.70%,
3T,AR_SP_VF_yshaarj_yogg_cthun_1971370717478893_IN_AM_DR,42248,27.70%,
3T,AR_EC_VF_yshaarj_yogg_cthun_1988688025616365_IN_AM_ME,42247,27.70%,
3T,AR_SW_VF_yshaarj_nzoth_yogg_4013318496182253_Mis_AM_DR_DS,42244,27.69%,
3T,AR_SP_VF_yshaarj_yogg_cthun_1971250458394605_IN_IV_DR_DS,42239,27.67%,
3T,AR_SP_VF_yshaarj_yogg_cthun_2043251290660845_Mis_AM_DR,42239,27.67%,
3T,AR_EC_VF_yshaarj_yogg_cthun_2043259880595437_IN_AM_ME_DS,42239,27.67%,
3T,AR_EC_VF_yshaarj_yogg_cthun_1971250525495277_Mis_IV_DR_DS,42235,27.66%,
3T,AR_SW_VF_yshaarj_yogg_cthun_1971250525495277_IN_AM_DR_DS,42233,27.65%,
3T,AR_SP_VF_yshaarj_yogg_cthun_2043259880079341_IN_IV_ME_DS,42232,27.65%,
3T,AR_EC_VF_yshaarj_nzoth_yogg_4013318429081581_Mis_AM_DR_DS,42231,27.65%,
3T,AR_SW_VF_yshaarj_yogg_cthun_1971370784579565_Mis_AM_DR,42226,27.63%,
3T,AR_SP_VF_yshaarj_nzoth_yogg_4013310979989485_Mis_IV_DR_DS,42226,27.63%,
3T,AR_EC_VF_yshaarj_yogg_cthun_1973432301780973_Mis_AM_DR,42217,27.61%,
3T,AR_SW_VF_yshaarj_nzoth_yogg_4013309906771949_Mis_IV_ME_DS,42214,27.60%,
3T,AR_SP_VF_yshaarj_yogg_cthun_1988688025616365_Mis_IV_DR,42213,27.59%,
3T,AR_EC_VF_yshaarj_yogg_cthun_1971250458910701_Mis_IV_ME_DS,42209,27.58%,
3T,AR_SP_VF_yshaarj_yogg_cthun_1988688092717037_Mis_IV_ME,42206,27.57%,
3T,AR_SP_VF_yshaarj_nzoth_yogg_4013438688165869_Mis_AM_DR,42204,27.57%,
3T,AR_SW_VF_yshaarj_nzoth_yogg_4014409417875437_Mis_AM_DR_DS,42199,27.55%,
3T,AR_SP_VF_yshaarj_nzoth_yogg_4013310979989485_IN_AM_ME_DS,42199,27.55%,
3T,AR_SP_VF_yshaarj_yogg_cthun_1971233345634285_IN_AM_DR,42198,27.55%,
3T,AR_SW_VF_yshaarj_yogg_cthun_2043259947180013_Mis_IV_DR_DS,42196,27.54%,
3T,AR_SW_VF_yshaarj_yogg_cthun_1971233614061549_Mis_IV_ME,42194,27.54%,
3T,AR_EC_VF_yshaarj_yogg_cthun_1971234352783341_Mis_AM_DR,42191,27.53%,
3T,AR_SP_VF_yshaarj_nzoth_yogg_4013851005026285_Mis_AM_DR,42190,27.52%,
3T,AR_SW_VF_yshaarj_yogg_cthun_1971233345634285_IN_AM_DR,42189,27.52%,
3T,AR_EC_VF_yshaarj_yogg_cthun_1971233614061549_Mis_AM_ME,42188,27.52%,
3T,AR_EC_VF_yshaarj_nzoth_yogg_4013309906255853_Mis_IV_ME_DS,42186,27.51%,
3T,AR_SP_VF_yshaarj_yogg_cthun_2043259947180013_IN_AM_DR_DS,42186,27.51%,
3T,AR_EC_VF_yshaarj_nzoth_yogg_4013584717053933_Mis_AM_ME_DS,42185,27.51%,
3T,AR_SW_VF_yshaarj_nzoth_yogg_4013310174683117_IN_AM_ME_DS,42185,27.51%,
3T,AR_SW_VF_yshaarj_yogg_cthun_1971234419367917_IN_AM_ME,42184,27.51%,
3T,AR_SP_VF_yshaarj_nzoth_yogg_4013301249736685_Mis_AM_DR,42184,27.50%,
3T,AR_SW_VF_yshaarj_nzoth_yogg_4013584717570029_Mis_AM_DR_DS,42180,27.49%,
3T,AR_SW_VF_yshaarj_nzoth_yogg_4013310174683117_Mis_IV_ME_DS,42177,27.48%,
3T,AR_SP_VF_yshaarj_nzoth_yogg_4014409417875437_Mis_AM_DR_DS,42175,27.48%,
3T,AR_EC_VF_yshaarj_yogg_cthun_1971233346150381_Mis_AM_ME,42175,27.48%,
3T,AR_SP_VF_nzoth_yogg_cthun_3169159786921965_Mis_AM_DR_DS,42173,27.47%,
3T,AR_SP_VF_yshaarj_yogg_cthun_1971234352783341_Mis_IV_DR,42173,27.47%,
3T,AR_SW_VF_yshaarj_yogg_cthun_2043259947180013_IN_IV_ME_DS,42172,27.47%,
3T,AR_SP_VF_yshaarj_yogg_cthun_2043251290144749_Mis_IV_ME,42171,27.47%,
3T,AR_SW_VF_yshaarj_nzoth_yogg_4013584717570029_Mis_AM_ME_DS,42165,27.45%,
3T,AR_SW_VF_yshaarj_yogg_cthun_1971370784579565_Mis_IV_ME,42163,27.44%,
3T,AR_SW_VF_yshaarj_nzoth_yogg_4013447278100461_Mis_IV_DR_DS,42156,27.42%,
3T,AR_SW_VF_yshaarj_yogg_cthun_1973432368881645_Mis_AM_DR,42150,27.40%,
3T,AR_SW_VF_yshaarj_nzoth_yogg_4013318429597677_Mis_AM_DR_DS,42149,27.40%,
3T,AR_SW_VF_yshaarj_yogg_cthun_1971370717478893_IN_AM_ME,42149,27.40%,
3T,AR_SW_VF_yshaarj_yogg_cthun_1971250458394605_IN_IV_ME_DS,42147,27.40%,
3T,AR_SP_VF_yshaarj_nzoth_yogg_4013310912888813_IN_AM_DR_DS,42145,27.39%,
3T,AR_SP_VF_yshaarj_yogg_cthun_1971250458910701_IN_AM_DR_DS,42143,27.38%,
3T,AR_EC_VF_yshaarj_yogg_cthun_2043251290144749_Mis_AM_DR,42143,27.38%,
3T,AR_SP_VF_yshaarj_yogg_cthun_1971233346150381_Mis_IV_ME,42143,27.38%,
3T,AR_SP_VF_yshaarj_yogg_cthun_1971370717478893_Mis_IV_DR,42141,27.38%,
3T,AR_SP_VF_yshaarj_nzoth_yogg_4013447278100461_Mis_IV_DR_DS,42139,27.37%,
3T,AR_SW_VF_yshaarj_yogg_cthun_1971370717994989_Mis_AM_DR,42138,27.37%,
3T,AR_SW_VF_yshaarj_yogg_cthun_1971233279049709_IN_AM_ME,42137,27.36%,
3T,AR_EC_VF_yshaarj_nzoth_yogg_4013310174683117_Mis_AM_ME_DS,42134,27.35%,
3T,AR_EC_VF_yshaarj_yogg_cthun_2043259947180013_IN_AM_ME_DS,42132,27.35%,
3T,AR_SW_VF_yshaarj_yogg_cthun_1971234419367917_Mis_IV_DR,42132,27.35%,
3T,AR_SP_VF_yshaarj_nzoth_yogg_4013302323470317_Mis_AM_ME,42131,27.34%,
3T,AR_SW_VF_yshaarj_yogg_cthun_1988688026132461_Mis_IV_ME,42129,27.34%,
3T,AR_SP_VF_yshaarj_nzoth_yogg_4013318429081581_Mis_IV_DR_DS,42124,27.32%,
3T,AR_SW_VF_yshaarj_nzoth_yogg_4013301316321261_Mis_AM_DR,42119,27.31%,
3T,AR_EC_VF_yshaarj_nzoth_yogg_4014409350774765_Mis_AM_DR_DS,42115,27.30%,
3T,AR_EC_VF_yshaarj_nzoth_yogg_4013309906771949_Mis_AM_DR_DS,42109,27.28%,
3T,AR_SW_VF_yshaarj_nzoth_yogg_4013447345201133_Mis_AM_DR_DS,42109,27.28%,
3T,AR_SW_VF_yshaarj_nzoth_yogg_4013318429081581_Mis_IV_DR_DS,42106,27.27%,
3T,AR_EC_VF_yshaarj_yogg_cthun_1988688026132461_Mis_AM_ME,42102,27.26%,
3T,AR_SP_VF_yshaarj_yogg_cthun_1972332790669293_Mis_AM_ME,42097,27.24%,
3T,AR_SP_VF_yshaarj_yogg_cthun_1973432368881645_Mis_AM_DR,42095,27.24%,
3T,AR_SW_VF_yshaarj_nzoth_yogg_4013302322954221_Mis_AM_DR,42091,27.23%,
3T,AR_EC_VF_yshaarj_yogg_cthun_1971370717478893_Mis_AM_DR,42091,27.22%,
3T,AR_EC_VF_yshaarj_yogg_cthun_1971233345634285_Mis_IV_ME,42090,27.22%,
3T,AR_EC_VF_yshaarj_nzoth_yogg_4013310912888813_Mis_IV_DR_DS,42089,27.22%,
3T,AR_SP_VF_yshaarj_nzoth_yogg_4013309906771949_Mis_IV_ME_DS,42085,27.21%,
3T,AR_SP_VF_yshaarj_yogg_cthun_1971370717994989_Mis_AM_DR,42073,27.17%,
3T,AR_SP_VF_nzoth_yogg_cthun_3169159786921965_Mis_AM_ME_DS,42071,27.16%,
3T,AR_SW_VF_yshaarj_yogg_cthun_1971250525495277_IN_IV_ME_DS,42070,27.16%,
3T,AR_SP_VF_yshaarj_nzoth_yogg_4013438688165869_Mis_AM_ME,42068,27.16%,
3T,AR_EC_VF_yshaarj_nzoth_yogg_4013584717053933_Mis_AM_DR_DS,42067,27.15%,
3T,AR_EC_VF_yshaarj_yogg_cthun_1988688025616365_Mis_AM_DR,42061,27.14%,
3T,AR_SW_VF_yshaarj_yogg_cthun_1971370717478893_Mis_IV_ME,42061,27.13%,
3T,AR_SP_VF_yshaarj_nzoth_yogg_4013301249736685_Mis_AM_ME,42061,27.13%,
3T,AR_SP_VF_yshaarj_yogg_cthun_1971250458394605_IN_IV_ME_DS,42060,27.13%,
3T,AR_SW_VF_yshaarj_yogg_cthun_2043259880595437_IN_AM_ME_DS,42060,27.13%,
3T,AR_SW_VF_yshaarj_nzoth_yogg_4013318429597677_Mis_AM_ME_DS,42058,27.13%,
3T,AR_SP_VF_yshaarj_yogg_cthun_1971233614061549_IN_AM_ME,42055,27.12%,
3T,AR_SP_VF_yshaarj_yogg_cthun_1988688026132461_Mis_IV_ME,42054,27.11%,
3T,AR_SP_VF_yshaarj_yogg_cthun_1971233279049709_IN_AM_DR,42049,27.10%,
3T,AR_EC_VF_yshaarj_yogg_cthun_1971250525495277_Mis_IV_ME_DS,42049,27.10%,
3T,AR_EC_VF_yshaarj_yogg_cthun_2043259880079341_Mis_IV_DR_DS,42043,27.08%,
3T,AR_EC_VF_yshaarj_yogg_cthun_1973432301780973_Mis_AM_ME,42040,27.07%,
3T,AR_SW_VF_yshaarj_yogg_cthun_2043259880595437_Mis_IV_DR_DS,42034,27.05%,
3T,AR_SW_VF_yshaarj_yogg_cthun_1972332790153197_Mis_AM_DR,42033,27.05%,
3T,AR_SW_VF_yshaarj_yogg_cthun_1988688092717037_Mis_AM_DR,42032,27.05%,
3T,AR_SP_VF_yshaarj_nzoth_yogg_4014409417875437_Mis_AM_ME_DS,42029,27.04%,
3T,AR_EC_VF_yshaarj_nzoth_yogg_4013310912888813_Mis_IV_ME_DS,42029,27.04%,
3T,AR_SP_VF_yshaarj_nzoth_yogg_4013309839671277_Mis_IV_ME_DS,42028,27.03%,
3T,AR_EC_VF_yshaarj_nzoth_yogg_4013309906771949_Mis_AM_ME_DS,42028,27.03%,
3T,AR_EC_VF_yshaarj_nzoth_yogg_4013310979989485_Mis_AM_ME_DS,42027,27.03%,
3T,AR_SW_VF_yshaarj_yogg_cthun_2043251290660845_Mis_AM_ME,42027,27.03%,
3T,AR_SW_VF_yshaarj_yogg_cthun_1988688025616365_IN_IV_ME,42023,27.02%,
3T,AR_SW_VF_yshaarj_yogg_cthun_1971233345634285_Mis_IV_DR,42020,27.01%,
3T,AR_SP_VF_yshaarj_nzoth_yogg_4013309906255853_Mis_IV_DR_DS,42020,27.01%,
3T,AR_SW_VF_yshaarj_yogg_cthun_2043251357245421_Mis_AM_ME,42019,27.01%,
3T,AR_SP_VF_yshaarj_yogg_cthun_2043251357245421_Mis_AM_DR,42017,27.00%,
3T,AR_SW_VF_yshaarj_yogg_cthun_1971250458910701_Mis_IV_DR_DS,42013,26.99%,
3T,AR_SW_VF_yshaarj_yogg_cthun_1988688025616365_Mis_IV_DR,42012,26.99%,
3T,AR_SW_VF_yshaarj_yogg_cthun_1971233346150381_Mis_IV_ME,42011,26.98%,
3T,AR_SP_VF_yshaarj_yogg_cthun_1971250525495277_IN_AM_DR_DS,42009,26.98%,
3T,AR_SP_VF_yshaarj_yogg_cthun_1971233614061549_Mis_IV_ME,42007,26.97%,
3T,AR_SP_VF_yshaarj_yogg_cthun_1988688025616365_IN_AM_DR,42005,26.97%,
3T,AR_EC_VF_yshaarj_yogg_cthun_2043259880079341_IN_AM_DR_DS,42005,26.97%,
3T,AR_SW_VF_yshaarj_yogg_cthun_2043251290144749_Mis_AM_DR,42003,26.96%,
3T,AR_EC_VF_yshaarj_nzoth_yogg_4013310913404909_Mis_AM_ME_DS,42002,26.96%,
3T,AR_SW_VF_yshaarj_nzoth_yogg_4013310979989485_IN_AM_ME_DS,42000,26.95%,
3T,AR_SW_VF_yshaarj_yogg_cthun_1971233614061549_Mis_AM_DR,41998,26.94%,
3T,AR_SP_VF_yshaarj_nzoth_yogg_4014409351290861_Mis_AM_ME_DS,41997,26.94%,
3T,AR_SP_VF_yshaarj_yogg_cthun_1971234352267245_IN_AM_DR,41996,26.94%,
3T,AR_SW_VF_yshaarj_yogg_cthun_1971370717994989_Mis_AM_ME,41992,26.93%,
3T,AR_SW_VF_yshaarj_nzoth_yogg_4013447278100461_Mis_IV_ME_DS,41990,26.92%,
3T,AR_SP_VF_yshaarj_nzoth_yogg_4013301316321261_Mis_AM_DR,41987,26.91%,
3T,AR_SP_VF_yshaarj_yogg_cthun_1971370784579565_Mis_AM_DR,41986,26.91%,
3T,AR_EC_VF_yshaarj_yogg_cthun_1988688025616365_Mis_IV_ME,41983,26.90%,
3T,AR_SW_VF_yshaarj_nzoth_yogg_4013584784154605_Mis_AM_ME_DS,41980,26.89%,
3T,AR_SW_VF_yshaarj_nzoth_yogg_4013310979989485_Mis_IV_DR_DS,41978,26.88%,
3T,AR_SP_VF_yshaarj_nzoth_yogg_4013447278100461_IN_AM_ME_DS,41973,26.87%,
3T,AR_EC_VF_yshaarj_yogg_cthun_1971370717478893_Mis_AM_ME,41970,26.86%,
3T,AR_SP_VF_yshaarj_nzoth_yogg_4013302322954221_Mis_AM_DR,41969,26.86%,
3T,AR_SW_VF_yshaarj_yogg_cthun_1988688026132461_Mis_AM_DR,41967,26.85%,
3T,AR_SW_VF_yshaarj_yogg_cthun_1971234352783341_Mis_IV_ME,41967,26.85%,
3T,AR_SP_VF_yshaarj_yogg_cthun_1988688026132461_IN_AM_ME,41965,26.84%,
3T,AR_EC_VF_yshaarj_yogg_cthun_2043259880079341_IN_AM_ME_DS,41963,26.84%,
3T,AR_SW_VF_yshaarj_yogg_cthun_1988688092717037_Mis_IV_ME,41953,26.81%,
3T,AR_SW_VF_yshaarj_yogg_cthun_2043259880079341_IN_AM_DR_DS,41948,26.79%,
3T,AR_SP_VF_yshaarj_nzoth_yogg_4013584784154605_Mis_AM_DR_DS,41946,26.79%,
3T,AR_SP_VF_yshaarj_yogg_cthun_1971234419367917_Mis_IV_DR,41945,26.78%,
3T,AR_EC_VF_yshaarj_yogg_cthun_1971250525495277_Mis_AM_DR_DS,41945,26.78%,
3T,AR_EC_VF_yshaarj_nzoth_yogg_4013447278100461_Mis_AM_DR_DS,41944,26.78%,
3T,AR_SP_VF_yshaarj_yogg_cthun_1988688092717037_IN_AM_ME,41943,26.78%,
3T,AR_EC_VF_yshaarj_yogg_cthun_2043259880595437_Mis_IV_ME_DS,41942,26.77%,
3T,AR_SW_VF_yshaarj_yogg_cthun_1971250458910701_IN_AM_ME_DS,41936,26.76%,
3T,AR_SW_VF_yshaarj_yogg_cthun_1971250458394605_IN_AM_DR_DS,41933,26.75%,
3T,AR_SW_VF_yshaarj_nzoth_yogg_4013851005026285_Mis_AM_ME,41931,26.74%,
3T,AR_SP_VF_yshaarj_yogg_cthun_1971233279049709_Mis_IV_DR,41930,26.74%,
3T,AR_SP_VF_yshaarj_yogg_cthun_1973432301780973_Mis_IV_ME,41929,26.74%,
3T,AR_SW_VF_yshaarj_nzoth_yogg_4013584784154605_Mis_AM_DR_DS,41929,26.73%,
3T,AR_SP_VF_yshaarj_nzoth_yogg_4013302390054893_Mis_AM_ME,41924,26.72%,
3T,AR_SP_VF_yshaarj_yogg_cthun_1971370717478893_IN_AM_ME,41918,26.70%,
3T,AR_SP_VF_yshaarj_nzoth_yogg_4013447278100461_Mis_IV_ME_DS,41917,26.70%,
3T,AR_SP_VF_yshaarj_yogg_cthun_1973432302297069_Mis_AM_DR,41908,26.67%,
3T,AR_SW_VF_yshaarj_nzoth_yogg_4013302322954221_Mis_AM_ME,41907,26.67%,
3T,AR_SW_VF_yshaarj_yogg_cthun_1972332857253869_Mis_AM_ME,41907,26.67%,
3T,AR_SP_VF_yshaarj_nzoth_yogg_4013309839671277_IN_AM_ME_DS,41906,26.67%,
3T,AR_SP_VF_yshaarj_yogg_cthun_1971234419367917_Mis_IV_ME,41903,26.66%,
3T,AR_SP_VF_yshaarj_nzoth_yogg_4013584784154605_Mis_AM_ME_DS,41902,26.65%,
3T,AR_EC_VF_yshaarj_yogg_cthun_2043251290144749_Mis_AM_ME,41902,26.65%,
3T,AR_SP_VF_yshaarj_nzoth_yogg_4013447345201133_Mis_AM_DR_DS,41898,26.64%,
3T,AR_SW_VF_yshaarj_nzoth_yogg_4013447278616557_Mis_AM_DR_DS,41897,26.64%,
3T,AR_SP_VF_yshaarj_yogg_cthun_1972332857253869_Mis_AM_ME,41894,26.63%,
3T,AR_SP_VF_yshaarj_yogg_cthun_1971250458910701_IN_AM_ME_DS,41892,26.62%,
3T,AR_EC_VF_yshaarj_nzoth_yogg_4013310979989485_Mis_AM_DR_DS,41888,26.61%,
3T,AR_SP_VF_yshaarj_yogg_cthun_1971233279049709_Mis_IV_ME,41886,26.61%,
3T,AR_EC_VF_yshaarj_yogg_cthun_1971250458394605_IN_AM_ME_DS,41883,26.60%,
3T,AR_SP_VF_yshaarj_yogg_cthun_1971234352267245_Mis_IV_DR,41877,26.58%,
3T,AR_SP_VF_yshaarj_nzoth_yogg_4013309839671277_Mis_IV_DR_DS,41875,26.57%,
3T,AR_EC_VF_yshaarj_yogg_cthun_1971233279049709_Mis_AM_DR,41871,26.56%,
3T,AR_SW_VF_yshaarj_yogg_cthun_1973432301780973_Mis_IV_ME,41869,26.55%,
3T,AR_SP_VF_yshaarj_yogg_cthun_2043259880595437_Mis_IV_DR_DS,41869,26.55%,
3T,AR_EC_VF_yshaarj_yogg_cthun_1971233345634285_Mis_AM_DR,41865,26.54%,
3T,AR_EC_VF_yshaarj_yogg_cthun_1971250458394605_Mis_IV_DR_DS,41865,26.54%,
3T,AR_SP_VF_yshaarj_nzoth_yogg_4013851005026285_Mis_AM_ME,41863,26.54%,
3T,AR_EC_VF_yshaarj_yogg_cthun_2043259947180013_Mis_IV_ME_DS,41859,26.52%,
3T,AR_SP_VF_yshaarj_yogg_cthun_1971233279049709_IN_AM_ME,41858,26.52%,
3T,AR_SW_VF_yshaarj_yogg_cthun_1971234352267245_Mis_IV_DR,41857,26.52%,
3T,AR_SP_VF_yshaarj_nzoth_yogg_4013301316321261_Mis_AM_ME,41854,26.51%,
3T,AR_SP_VF_yshaarj_yogg_cthun_2043259947180013_Mis_IV_DR_DS,41850,26.50%,
3T,AR_SW_VF_yshaarj_nzoth_yogg_4013309906255853_Mis_IV_ME_DS,41845,26.48%,
3T,AR_SW_VF_yshaarj_nzoth_yogg_4013447278100461_IN_AM_ME_DS,41844,26.48%,
3T,AR_SP_VF_yshaarj_nzoth_yogg_4013318429597677_Mis_AM_DR_DS,41839,26.46%,
3T,AR_SW_VF_yshaarj_yogg_cthun_2043259880079341_IN_IV_ME_DS,41838,26.46%,
3T,AR_SP_VF_yshaarj_nzoth_yogg_4013318496182253_Mis_AM_DR_DS,41835,26.45%,
3T,AR_SP_VF_yshaarj_yogg_cthun_2043259880595437_IN_AM_ME_DS,41834,26.45%,
3T,AR_SW_VF_yshaarj_yogg_cthun_1971233345634285_IN_AM_ME,41832,26.44%,
3T,AR_EC_VF_yshaarj_nzoth_yogg_4013310913404909_Mis_AM_DR_DS,41831,26.44%,
3T,AR_SW_VF_yshaarj_nzoth_yogg_4013447345201133_Mis_AM_ME_DS,41831,26.44%,
3T,AR_SW_VF_yshaarj_yogg_cthun_1971370784579565_Mis_AM_ME,41827,26.43%,
3T,AR_SW_VF_yshaarj_nzoth_yogg_4013301316321261_Mis_AM_ME,41827,26.43%,
3T,AR_SP_VF_yshaarj_yogg_cthun_1971233345634285_Mis_IV_DR,41819,26.40%,
3T,AR_EC_VF_yshaarj_yogg_cthun_1971234352783341_Mis_AM_ME,41816,26.39%,
3T,AR_SW_VF_yshaarj_yogg_cthun_1973432368881645_Mis_AM_ME,41816,26.39%,
3T,AR_SP_VF_yshaarj_nzoth_yogg_4013310913404909_Mis_IV_ME_DS,41815,26.39%,
3T,AR_SP_VF_yshaarj_nzoth_yogg_4013584717570029_Mis_AM_DR_DS,41813,26.39%,
3T,AR_SP_VF_yshaarj_yogg_cthun_1972332790153197_Mis_AM_ME,41813,26.38%,
3T,AR_SW_VF_yshaarj_nzoth_yogg_4013309906255853_IN_AM_ME_DS,41812,26.38%,
3T,AR_SW_VF_yshaarj_nzoth_yogg_4013447278616557_Mis_AM_ME_DS,41812,26.38%,
3T,AR_SP_VF_yshaarj_yogg_cthun_1988688092717037_Mis_AM_DR,41811,26.38%,
3T,AR_SW_VF_yshaarj_yogg_cthun_1971234352783341_Mis_AM_DR,41806,26.36%,
3T,AR_SP_VF_yshaarj_nzoth_yogg_4013584717570029_Mis_AM_ME_DS,41805,26.36%,
3T,AR_SP_VF_yshaarj_yogg_cthun_1971233345634285_IN_AM_ME,41804,26.36%,
3T,AR_SP_VF_yshaarj_yogg_cthun_1972332790153197_Mis_AM_DR,41802,26.35%,
3T,AR_SP_VF_yshaarj_nzoth_yogg_4013447278616557_Mis_AM_DR_DS,41801,26.35%,
3T,AR_SP_VF_yshaarj_nzoth_yogg_4013310979989485_Mis_IV_ME_DS,41798,26.34%,
3T,AR_SW_VF_yshaarj_nzoth_yogg_4013309839671277_Mis_IV_ME_DS,41796,26.33%,
3T,AR_EC_VF_yshaarj_yogg_cthun_1971233279049709_Mis_AM_ME,41794,26.33%,
3T,AR_SW_VF_yshaarj_yogg_cthun_1973432302297069_Mis_AM_ME,41791,26.32%,
3T,AR_SW_VF_yshaarj_yogg_cthun_1988688092717037_IN_AM_ME,41786,26.30%,
3T,AR_SW_VF_yshaarj_yogg_cthun_1988688026132461_IN_AM_ME,41785,26.30%,
3T,AR_SP_VF_yshaarj_nzoth_yogg_4013309906255853_IN_AM_ME_DS,41774,26.27%,
3T,AR_SW_VF_yshaarj_yogg_cthun_2043259947180013_IN_AM_ME_DS,41769,26.25%,
3T,AR_EC_VF_yshaarj_yogg_cthun_1971250458910701_Mis_AM_ME_DS,41764,26.24%,
3T,AR_SW_VF_yshaarj_nzoth_yogg_4013310912888813_IN_AM_ME_DS,41758,26.22%,
3T,AR_SW_VF_yshaarj_yogg_cthun_1971234419367917_Mis_AM_DR,41758,26.22%,
3T,AR_SW_VF_yshaarj_nzoth_yogg_4013318429081581_Mis_IV_ME_DS,41757,26.21%,
3T,AR_EC_VF_yshaarj_nzoth_yogg_4013447278100461_Mis_AM_ME_DS,41752,26.20%,
3T,AR_SW_VF_yshaarj_nzoth_yogg_4013309906255853_Mis_IV_DR_DS,41752,26.20%,
3T,AR_EC_VF_yshaarj_nzoth_yogg_4013309839671277_Mis_AM_ME_DS,41751,26.20%,
3T,AR_SP_VF_yshaarj_nzoth_yogg_4013318429081581_Mis_IV_ME_DS,41751,26.20%,
3T,AR_SW_VF_yshaarj_nzoth_yogg_4014409350774765_Mis_AM_ME_DS,41745,26.18%,
3T,AR_SW_VF_yshaarj_yogg_cthun_1971233346150381_Mis_AM_DR,41735,26.15%,
3T,AR_SP_VF_yshaarj_yogg_cthun_1971370717478893_Mis_IV_ME,41732,26.14%,
3T,AR_SW_VF_yshaarj_nzoth_yogg_4013309839671277_Mis_IV_DR_DS,41731,26.14%,
3T,AR_SP_VF_yshaarj_nzoth_yogg_4013447278616557_Mis_AM_ME_DS,41723,26.11%,
3T,AR_SW_VF_yshaarj_nzoth_yogg_4013318496182253_Mis_AM_ME_DS,41721,26.11%,
3T,AR_SW_VF_yshaarj_yogg_cthun_2043251290144749_Mis_AM_ME,41721,26.11%,
3T,AR_SP_VF_yshaarj_yogg_cthun_1988688026132461_Mis_AM_DR,41718,26.10%,
3T,AR_SP_VF_yshaarj_yogg_cthun_1971234352783341_Mis_IV_ME,41718,26.10%,
3T,AR_SP_VF_yshaarj_nzoth_yogg_4013309906255853_Mis_IV_ME_DS,41717,26.09%,
3T,AR_SW_VF_yshaarj_yogg_cthun_1971234419367917_Mis_IV_ME,41717,26.09%,
3T,AR_SW_VF_yshaarj_yogg_cthun_1971250525495277_Mis_IV_DR_DS,41715,26.09%,
3T,AR_EC_VF_yshaarj_yogg_cthun_1971234352267245_Mis_IV_ME,41715,26.09%,
3T,AR_SW_VF_yshaarj_nzoth_yogg_4013310913404909_Mis_IV_ME_DS,41712,26.08%,
3T,AR_SP_VF_yshaarj_yogg_cthun_1971250525495277_Mis_IV_DR_DS,41709,26.07%,
3T,AR_SP_VF_yshaarj_nzoth_yogg_4013310912888813_IN_AM_ME_DS,41697,26.03%,
3T,AR_SP_VF_yshaarj_yogg_cthun_1971234419367917_IN_AM_ME,41696,26.03%,
3T,AR_SP_VF_yshaarj_yogg_cthun_1971250458910701_Mis_IV_DR_DS,41696,26.03%,
3T,AR_SP_VF_yshaarj_yogg_cthun_1988688025616365_Mis_IV_ME,41694,26.02%,
3T,AR_EC_VF_yshaarj_yogg_cthun_1971250458910701_Mis_AM_DR_DS,41690,26.01%,
3T,AR_SP_VF_yshaarj_yogg_cthun_1971370784579565_Mis_AM_ME,41689,26.01%,
3T,AR_EC_VF_yshaarj_nzoth_yogg_4013318429081581_Mis_AM_ME_DS,41685,26.00%,
3T,AR_SP_VF_yshaarj_yogg_cthun_2043251357245421_Mis_AM_ME,41684,25.99%,
3T,AR_SP_VF_yshaarj_yogg_cthun_1971250525495277_IN_AM_ME_DS,41683,25.99%,
3T,AR_SP_VF_yshaarj_nzoth_yogg_4013302322954221_Mis_AM_ME,41680,25.98%,
3T,AR_SP_VF_yshaarj_yogg_cthun_1971233346150381_Mis_AM_DR,41677,25.97%,
3T,AR_SW_VF_yshaarj_yogg_cthun_2043259880079341_Mis_IV_DR_DS,41673,25.96%,
3T,AR_SW_VF_yshaarj_nzoth_yogg_4013310912888813_Mis_IV_DR_DS,41669,25.95%,
3T,AR_SW_VF_yshaarj_nzoth_yogg_4013584717053933_Mis_AM_DR_DS,41668,25.95%,
3T,AR_SP_VF_yshaarj_nzoth_yogg_4013318429597677_Mis_AM_ME_DS,41665,25.94%,
3T,AR_SW_VF_yshaarj_yogg_cthun_1971234352267245_IN_AM_ME,41661,25.93%,
3T,AR_SP_VF_yshaarj_yogg_cthun_2043251290660845_Mis_AM_ME,41660,25.92%,
3T,AR_SW_VF_yshaarj_yogg_cthun_1971370717478893_Mis_AM_DR,41656,25.91%,
3T,AR_EC_VF_yshaarj_yogg_cthun_1971234352267245_Mis_AM_DR,41650,25.89%,
3T,AR_SW_VF_yshaarj_yogg_cthun_1971250458910701_Mis_IV_ME_DS,41647,25.88%,
3T,AR_SP_VF_yshaarj_yogg_cthun_1973432301780973_Mis_AM_DR,41644,25.87%,
3T,AR_SW_VF_yshaarj_yogg_cthun_2043259880595437_Mis_IV_ME_DS,41637,25.85%,
3T,AR_SP_VF_yshaarj_yogg_cthun_2043259947180013_IN_AM_ME_DS,41631,25.83%,
3T,AR_EC_VF_yshaarj_yogg_cthun_1971234419367917_Mis_AM_ME,41630,25.83%,
3T,AR_SP_VF_yshaarj_yogg_cthun_1971370717994989_Mis_AM_ME,41630,25.83%,
3T,AR_EC_VF_yshaarj_yogg_cthun_1988688025616365_Mis_AM_ME,41623,25.81%,
3T,AR_SW_VF_yshaarj_yogg_cthun_2043259947180013_Mis_IV_ME_DS,41620,25.80%,
3T,AR_SW_VF_yshaarj_yogg_cthun_1972332790153197_Mis_AM_ME,41618,25.79%,
3T,AR_SW_VF_yshaarj_yogg_cthun_1973432301780973_Mis_AM_DR,41616,25.79%,
3T,AR_SP_VF_yshaarj_yogg_cthun_1973432368881645_Mis_AM_ME,41612,25.78%,
3T,AR_SP_VF_yshaarj_yogg_cthun_1971234352267245_Mis_IV_ME,41610,25.77%,
3T,AR_SW_VF_yshaarj_nzoth_yogg_4013310979989485_Mis_IV_ME_DS,41607,25.76%,
3T,AR_SW_VF_yshaarj_yogg_cthun_1971233279049709_Mis_AM_DR,41603,25.75%,
3T,AR_SW_VF_yshaarj_nzoth_yogg_4013309906771949_Mis_AM_ME_DS,41602,25.75%,
3T,AR_SP_VF_yshaarj_nzoth_yogg_4013310174683117_Mis_AM_DR_DS,41602,25.75%,
3T,AR_SP_VF_yshaarj_yogg_cthun_1971250458394605_IN_AM_DR_DS,41596,25.73%,
3T,AR_SP_VF_yshaarj_yogg_cthun_2043259880079341_IN_AM_DR_DS,41596,25.73%,
3T,AR_EC_VF_yshaarj_nzoth_yogg_4013309906255853_Mis_AM_ME_DS,41595,25.73%,
3T,AR_SW_VF_yshaarj_nzoth_yogg_4013309906771949_Mis_AM_DR_DS,41595,25.72%,
3T,AR_SP_VF_yshaarj_nzoth_yogg_4013447345201133_Mis_AM_ME_DS,41594,25.72%,
3T,AR_SP_VF_yshaarj_yogg_cthun_1971370717478893_Mis_AM_DR,41590,25.71%,
3T,AR_SW_VF_yshaarj_nzoth_yogg_4014409350774765_Mis_AM_DR_DS,41588,25.71%,
3T,AR_SP_VF_yshaarj_nzoth_yogg_4013309906771949_Mis_AM_DR_DS,41587,25.70%,
3T,AR_EC_VF_yshaarj_nzoth_yogg_4013310912888813_Mis_AM_ME_DS,41586,25.70%,
3T,AR_SW_VF_yshaarj_yogg_cthun_1971233345634285_Mis_IV_ME,41580,25.68%,
3T,AR_SW_VF_yshaarj_yogg_cthun_1971233279049709_Mis_IV_ME,41575,25.66%,
3T,AR_EC_VF_yshaarj_yogg_cthun_2043259880079341_Mis_IV_ME_DS,41570,25.65%,
3T,AR_SW_VF_yshaarj_yogg_cthun_1988688025616365_IN_AM_DR,41568,25.64%,
3T,AR_SP_VF_yshaarj_yogg_cthun_1971234352267245_IN_AM_ME,41568,25.64%,
3T,AR_EC_VF_yshaarj_yogg_cthun_1971233345634285_Mis_AM_ME,41560,25.62%,
3T,AR_SP_VF_yshaarj_nzoth_yogg_4013310174683117_Mis_AM_ME_DS,41558,25.61%,
3T,AR_EC_VF_yshaarj_yogg_cthun_2043259880595437_Mis_AM_DR_DS,41556,25.61%,
3T,AR_SP_VF_yshaarj_yogg_cthun_2043251290144749_Mis_AM_DR,41551,25.59%,
3T,AR_SP_VF_yshaarj_yogg_cthun_1971233345634285_Mis_IV_ME,41550,25.59%,
3T,AR_SW_VF_yshaarj_yogg_cthun_1971233346150381_Mis_AM_ME,41543,25.57%,
3T,AR_SW_VF_yshaarj_nzoth_yogg_4013310174683117_Mis_AM_DR_DS,41527,25.52%,
3T,AR_EC_VF_yshaarj_yogg_cthun_2043259947180013_Mis_AM_DR_DS,41526,25.52%,
3T,AR_SP_VF_yshaarj_nzoth_yogg_4013310912888813_Mis_IV_DR_DS,41524,25.51%,
3T,AR_SW_VF_yshaarj_yogg_cthun_1988688025616365_IN_AM_ME,41522,25.50%,
3T,AR_SW_VF_yshaarj_yogg_cthun_1988688026132461_Mis_AM_ME,41514,25.48%,
3T,AR_SP_VF_yshaarj_yogg_cthun_1973432302297069_Mis_AM_ME,41512,25.47%,
3T,AR_SW_VF_yshaarj_yogg_cthun_1973432301780973_Mis_AM_ME,41505,25.45%,
3T,AR_SW_VF_yshaarj_nzoth_yogg_4013310913404909_Mis_AM_DR_DS,41501,25.44%,
3T,AR_SW_VF_yshaarj_yogg_cthun_1971250525495277_IN_AM_ME_DS,41492,25.41%,
3T,AR_SP_VF_yshaarj_yogg_cthun_2043259880595437_Mis_IV_ME_DS,41476,25.37%,
3T,AR_EC_VF_yshaarj_nzoth_yogg_4013309906255853_Mis_AM_DR_DS,41464,25.33%,
3T,AR_SW_VF_yshaarj_nzoth_yogg_4013310174683117_Mis_AM_ME_DS,41455,25.30%,
3T,AR_SP_VF_yshaarj_yogg_cthun_2043251290144749_Mis_AM_ME,41454,25.30%,
3T,AR_SW_VF_yshaarj_nzoth_yogg_4013310912888813_Mis_IV_ME_DS,41453,25.30%,
3T,AR_SW_VF_yshaarj_yogg_cthun_1971233345634285_Mis_AM_DR,41442,25.26%,
3T,AR_SP_VF_yshaarj_nzoth_yogg_4013310913404909_Mis_AM_DR_DS,41437,25.25%,
3T,AR_SP_VF_yshaarj_yogg_cthun_1971233614061549_Mis_AM_DR,41431,25.23%,
3T,AR_SP_VF_yshaarj_nzoth_yogg_4013318496182253_Mis_AM_ME_DS,41430,25.23%,
3T,AR_SW_VF_yshaarj_yogg_cthun_1971233614061549_Mis_AM_ME,41427,25.22%,
3T,AR_EC_VF_yshaarj_yogg_cthun_1971234352267245_Mis_AM_ME,41426,25.21%,
3T,AR_SP_VF_yshaarj_yogg_cthun_1971233279049709_Mis_AM_DR,41425,25.21%,
3T,AR_SW_VF_yshaarj_yogg_cthun_1971250525495277_Mis_IV_ME_DS,41423,25.21%,
3T,AR_SW_VF_yshaarj_nzoth_yogg_4013318429081581_Mis_AM_DR_DS,41423,25.21%,
3T,AR_SW_VF_yshaarj_nzoth_yogg_4013447278100461_Mis_AM_ME_DS,41422,25.20%,
3T,AR_SP_VF_yshaarj_yogg_cthun_1971234352783341_Mis_AM_DR,41420,25.20%,
3T,AR_SP_VF_yshaarj_nzoth_yogg_4014409350774765_Mis_AM_ME_DS,41418,25.19%,
3T,AR_SP_VF_yshaarj_yogg_cthun_1988688025616365_IN_AM_ME,41418,25.19%,
3T,AR_EC_VF_yshaarj_nzoth_yogg_4013309839671277_Mis_AM_DR_DS,41400,25.13%,
3T,AR_EC_VF_yshaarj_yogg_cthun_2043259947180013_Mis_AM_ME_DS,41397,25.13%,
3T,AR_SP_VF_yshaarj_yogg_cthun_1988688092717037_Mis_AM_ME,41397,25.13%,
3T,AR_SW_VF_yshaarj_yogg_cthun_1971234352267245_Mis_AM_DR,41395,25.12%,
3T,AR_SP_VF_yshaarj_yogg_cthun_1971233346150381_Mis_AM_ME,41395,25.12%,
3T,AR_SW_VF_yshaarj_yogg_cthun_1971234352267245_Mis_IV_ME,41395,25.12%,
3T,AR_SW_VF_yshaarj_nzoth_yogg_4013584717053933_Mis_AM_ME_DS,41395,25.12%,
3T,AR_SW_VF_yshaarj_nzoth_yogg_4013318429081581_Mis_AM_ME_DS,41393,25.12%,
3T,AR_EC_VF_yshaarj_nzoth_yogg_4013310912888813_Mis_AM_DR_DS,41382,25.08%,
3T,AR_SW_VF_yshaarj_yogg_cthun_2043259880595437_Mis_AM_DR_DS,41382,25.08%,
3T,AR_SP_VF_yshaarj_nzoth_yogg_4013310912888813_Mis_IV_ME_DS,41379,25.07%,
3T,AR_SW_VF_yshaarj_yogg_cthun_1971250458394605_Mis_IV_DR_DS,41370,25.04%,
3T,AR_SW_VF_yshaarj_yogg_cthun_1988688092717037_Mis_AM_ME,41369,25.04%,
3T,AR_SP_VF_yshaarj_yogg_cthun_1971234419367917_Mis_AM_DR,41359,25.01%,
3T,AR_SW_VF_yshaarj_nzoth_yogg_4013310913404909_Mis_AM_ME_DS,41359,25.01%,
3T,AR_EC_VF_yshaarj_yogg_cthun_1971250458394605_Mis_IV_ME_DS,41356,25.00%,
3T,AR_SW_VF_yshaarj_nzoth_yogg_4013310979989485_Mis_AM_DR_DS,41355,25.00%,
3T,AR_SP_VF_yshaarj_nzoth_yogg_4013309906771949_Mis_AM_ME_DS,41354,25.00%,
3T,AR_SW_VF_yshaarj_nzoth_yogg_4013447278100461_Mis_AM_DR_DS,41351,24.99%,
3T,AR_SW_VF_yshaarj_yogg_cthun_1971234352783341_Mis_AM_ME,41348,24.98%,
3T,AR_SP_VF_yshaarj_yogg_cthun_2043259947180013_Mis_IV_ME_DS,41346,24.97%,
3T,AR_SW_VF_yshaarj_yogg_cthun_1971250458394605_IN_AM_ME_DS,41345,24.97%,
3T,AR_SP_VF_yshaarj_nzoth_yogg_4013584717053933_Mis_AM_ME_DS,41337,24.94%,
3T,AR_SP_VF_yshaarj_nzoth_yogg_4013584717053933_Mis_AM_DR_DS,41331,24.93%,
3T,AR_SP_VF_yshaarj_yogg_cthun_1971250458910701_Mis_IV_ME_DS,41318,24.89%,
3T,AR_SW_VF_yshaarj_yogg_cthun_1971370717478893_Mis_AM_ME,41318,24.89%,
3T,AR_SP_VF_yshaarj_yogg_cthun_1971233614061549_Mis_AM_ME,41310,24.87%,
3T,AR_EC_VF_yshaarj_yogg_cthun_2043259880595437_Mis_AM_ME_DS,41306,24.85%,
3T,AR_SP_VF_yshaarj_nzoth_yogg_4013310979989485_Mis_AM_DR_DS,41303,24.84%,
3T,AR_EC_VF_yshaarj_yogg_cthun_1971250458394605_Mis_AM_DR_DS,41293,24.81%,
3T,AR_SW_VF_yshaarj_yogg_cthun_2043259947180013_Mis_AM_DR_DS,41275,24.76%,
3T,AR_SP_VF_yshaarj_nzoth_yogg_4014409350774765_Mis_AM_DR_DS,41275,24.76%,
3T,AR_SW_VF_yshaarj_yogg_cthun_1988688025616365_Mis_IV_ME,41271,24.75%,
3T,AR_EC_VF_yshaarj_yogg_cthun_1971250525495277_Mis_AM_ME_DS,41260,24.71%,
3T,AR_SW_VF_yshaarj_yogg_cthun_2043259880079341_IN_AM_ME_DS,41254,24.70%,
3T,AR_SP_VF_yshaarj_yogg_cthun_1973432301780973_Mis_AM_ME,41241,24.65%,
3T,AR_SP_VF_yshaarj_yogg_cthun_2043259880079341_IN_AM_ME_DS,41238,24.65%,
3T,AR_SP_VF_yshaarj_nzoth_yogg_4013447278100461_Mis_AM_DR_DS,41219,24.59%,
3T,AR_SP_VF_yshaarj_yogg_cthun_2043259880079341_Mis_IV_DR_DS,41216,24.58%,
3T,AR_SW_VF_yshaarj_yogg_cthun_1971233279049709_Mis_AM_ME,41205,24.55%,
3T,AR_SW_VF_yshaarj_yogg_cthun_1971250458910701_Mis_AM_DR_DS,41203,24.54%,
3T,AR_SW_VF_yshaarj_yogg_cthun_1971250525495277_Mis_AM_DR_DS,41203,24.54%,
3T,AR_SP_VF_yshaarj_yogg_cthun_1988688026132461_Mis_AM_ME,41198,24.52%,
3T,AR_SP_VF_yshaarj_yogg_cthun_1971250458394605_IN_AM_ME_DS,41195,24.52%,
3T,AR_SP_VF_yshaarj_yogg_cthun_1988688025616365_Mis_AM_DR,41170,24.44%,
3T,AR_SW_VF_yshaarj_yogg_cthun_1988688025616365_Mis_AM_DR,41163,24.42%,
3T,AR_SW_VF_yshaarj_yogg_cthun_1971250458910701_Mis_AM_ME_DS,41161,24.41%,
3T,AR_SP_VF_yshaarj_yogg_cthun_1971250458394605_Mis_IV_DR_DS,41160,24.41%,
3T,AR_SP_VF_yshaarj_yogg_cthun_1971250525495277_Mis_IV_ME_DS,41159,24.41%,
3T,AR_SP_VF_yshaarj_nzoth_yogg_4013447278100461_Mis_AM_ME_DS,41151,24.38%,
3T,AR_SP_VF_yshaarj_nzoth_yogg_4013318429081581_Mis_AM_DR_DS,41144,24.36%,
3T,AR_SP_VF_yshaarj_yogg_cthun_2043259880079341_Mis_IV_ME_DS,41132,24.33%,
3T,AR_SP_VF_yshaarj_yogg_cthun_1971250458910701_Mis_AM_DR_DS,41124,24.30%,
3T,AR_SP_VF_yshaarj_nzoth_yogg_4013310913404909_Mis_AM_ME_DS,41122,24.30%,
3T,AR_SW_VF_yshaarj_yogg_cthun_1971250458394605_Mis_IV_ME_DS,41103,24.24%,
3T,AR_SP_VF_yshaarj_nzoth_yogg_4013310979989485_Mis_AM_ME_DS,41084,24.18%,
3T,AR_SW_VF_yshaarj_yogg_cthun_2043259880079341_Mis_IV_ME_DS,41081,24.17%,
3T,AR_SP_VF_yshaarj_yogg_cthun_2043259880595437_Mis_AM_DR_DS,41070,24.14%,
3T,AR_SP_VF_yshaarj_yogg_cthun_1971250525495277_Mis_AM_DR_DS,41060,24.11%,
3T,AR_SP_VF_yshaarj_yogg_cthun_1971234352783341_Mis_AM_ME,41056,24.10%,
3T,AR_SW_VF_yshaarj_yogg_cthun_1971234352267245_Mis_AM_ME,41049,24.08%,
3T,AR_SP_VF_yshaarj_yogg_cthun_1971370717478893_Mis_AM_ME,41047,24.07%,
3T,AR_SP_VF_yshaarj_yogg_cthun_1971233345634285_Mis_AM_DR,41035,24.03%,
3T,AR_SP_VF_yshaarj_nzoth_yogg_4013318429081581_Mis_AM_ME_DS,41031,24.02%,
3T,AR_SW_VF_yshaarj_nzoth_yogg_4013310912888813_Mis_AM_DR_DS,41027,24.01%,
3T,AR_SW_VF_yshaarj_yogg_cthun_2043259880595437_Mis_AM_ME_DS,41027,24.01%,
3T,AR_SW_VF_yshaarj_yogg_cthun_2043259947180013_Mis_AM_ME_DS,41026,24.01%,
3T,AR_SW_VF_yshaarj_nzoth_yogg_4013309839671277_Mis_AM_ME_DS,41021,23.99%,
3T,AR_SP_VF_yshaarj_yogg_cthun_1971234419367917_Mis_AM_ME,41018,23.98%,
3T,AR_SW_VF_yshaarj_yogg_cthun_1971234419367917_Mis_AM_ME,41014,23.97%,
3T,AR_SW_VF_yshaarj_nzoth_yogg_4013310979989485_Mis_AM_ME_DS,41009,23.96%,
3T,AR_SP_VF_yshaarj_yogg_cthun_1971233279049709_Mis_AM_ME,41007,23.95%,
3T,AR_SW_VF_yshaarj_yogg_cthun_1971233345634285_Mis_AM_ME,40993,23.90%,
3T,AR_EC_VF_yshaarj_yogg_cthun_2043259880079341_Mis_AM_DR_DS,40979,23.86%,
3T,AR_SP_VF_yshaarj_yogg_cthun_1971234352267245_Mis_AM_DR,40978,23.86%,
3T,AR_SW_VF_yshaarj_nzoth_yogg_4013309906255853_Mis_AM_DR_DS,40970,23.84%,
3T,AR_SW_VF_yshaarj_yogg_cthun_1971250458394605_Mis_AM_DR_DS,40961,23.81%,
3T,AR_SW_VF_yshaarj_nzoth_yogg_4013309839671277_Mis_AM_DR_DS,40960,23.81%,
3T,AR_EC_VF_yshaarj_yogg_cthun_1971250458394605_Mis_AM_ME_DS,40955,23.79%,
3T,AR_SW_VF_yshaarj_nzoth_yogg_4013309906255853_Mis_AM_ME_DS,40948,23.77%,
3T,AR_SP_VF_yshaarj_nzoth_yogg_4013309906255853_Mis_AM_DR_DS,40926,23.70%,
3T,AR_SP_VF_yshaarj_nzoth_yogg_4013309839671277_Mis_AM_ME_DS,40923,23.69%,
3T,AR_SP_VF_yshaarj_yogg_cthun_2043259947180013_Mis_AM_DR_DS,40884,23.58%,
3T,AR_SP_VF_yshaarj_yogg_cthun_1971250458910701_Mis_AM_ME_DS,40847,23.46%,
3T,AR_SP_VF_yshaarj_yogg_cthun_1988688025616365_Mis_AM_ME,40820,23.38%,
3T,AR_SP_VF_yshaarj_nzoth_yogg_4013309839671277_Mis_AM_DR_DS,40807,23.34%,
3T,AR_SP_VF_yshaarj_nzoth_yogg_4013309906255853_Mis_AM_ME_DS,40790,23.29%,
3T,AR_SW_VF_yshaarj_yogg_cthun_1988688025616365_Mis_AM_ME,40781,23.26%,
3T,AR_SW_VF_yshaarj_nzoth_yogg_4013310912888813_Mis_AM_ME_DS,40762,23.21%,
3T,AR_SP_VF_yshaarj_yogg_cthun_1971250458394605_Mis_IV_ME_DS,40747,23.16%,
3T,AR_SP_VF_yshaarj_yogg_cthun_1971233345634285_Mis_AM_ME,40733,23.12%,
3T,AR_SW_VF_yshaarj_yogg_cthun_1971250525495277_Mis_AM_ME_DS,40726,23.10%,
3T,AR_SP_VF_yshaarj_nzoth_yogg_4013310912888813_Mis_AM_ME_DS,40719,23.08%,
3T,AR_SW_VF_yshaarj_yogg_cthun_2043259880079341_Mis_AM_DR_DS,40634,22.82%,
3T,AR_EC_VF_yshaarj_yogg_cthun_2043259880079341_Mis_AM_ME_DS,40618,22.77%,
3T,AR_SP_VF_yshaarj_nzoth_yogg_4013310912888813_Mis_AM_DR_DS,40595,22.70%,
3T,AR_SP_VF_yshaarj_yogg_cthun_2043259947180013_Mis_AM_ME_DS,40590,22.69%,
3T,AR_SP_VF_yshaarj_yogg_cthun_2043259880595437_Mis_AM_ME_DS,40579,22.65%,
3T,AR_SP_VF_yshaarj_yogg_cthun_2043259880079341_Mis_AM_DR_DS,40550,22.57%,
3T,AR_SP_VF_yshaarj_yogg_cthun_1971250525495277_Mis_AM_ME_DS,40501,22.42%,
3T,AR_SP_VF_yshaarj_yogg_cthun_1971250458394605_Mis_AM_DR_DS,40475,22.34%,
3T,AR_SW_VF_yshaarj_yogg_cthun_2043259880079341_Mis_AM_ME_DS,40360,21.99%,
3T,AR_SP_VF_yshaarj_yogg_cthun_1971234352267245_Mis_AM_ME,40358,21.99%,
3T,AR_SW_VF_yshaarj_yogg_cthun_1971250458394605_Mis_AM_ME_DS,40287,21.77%,
3T,AR_SP_VF_yshaarj_yogg_cthun_1971250458394605_Mis_AM_ME_DS,40217,21.56%,
3T,AR_SP_VF_yshaarj_yogg_cthun_2043259880079341_Mis_AM_ME_DS,40043,21.04%,
3T,Base,33084,0.00%,
